ISO-10303-21;
HEADER;
FILE_DESCRIPTION(('FreeCAD Model'),'2;1');
FILE_NAME('Open CASCADE Shape Model','2026-09-30T05:22:29',('FreeCAD'),(
    'FreeCAD'),'Open CASCADE STEP processor 7.8','FreeCAD','Unknown');
FILE_SCHEMA(('AUTOMOTIVE_DESIGN { 1 0 10303 214 1 1 1 1 }'));
ENDSEC;
DATA;
#1 = APPLICATION_PROTOCOL_DEFINITION('international standard',
  'automotive_design',2000,#2);
#2 = APPLICATION_CONTEXT(
  'core data for automotive mechanical design processes');
#3 = SHAPE_DEFINITION_REPRESENTATION(#4,#10);
#4 = PRODUCT_DEFINITION_SHAPE('','',#5);
#5 = PRODUCT_DEFINITION('design','',#6,#9);
#6 = PRODUCT_DEFINITION_FORMATION('','',#7);
#7 = PRODUCT('Open CASCADE STEP translator 7.8 2',
  'Open CASCADE STEP translator 7.8 2','',(#8));
#8 = PRODUCT_CONTEXT('',#2,'mechanical');
#9 = PRODUCT_DEFINITION_CONTEXT('part definition',#2,'design');
#10 = SHAPE_REPRESENTATION('',(#11,#15,#1496,#2174),#2852);
#11 = AXIS2_PLACEMENT_3D('',#12,#13,#14);
#12 = CARTESIAN_POINT('',(0.,0.,0.));
#13 = DIRECTION('',(0.,0.,1.));
#14 = DIRECTION('',(1.,0.,-0.));
#15 = MANIFOLD_SOLID_BREP('',#16);
#16 = CLOSED_SHELL('',(#17,#57,#120,#151,#232,#377,#410,#441,#458,#475,
    #492,#509,#526,#543,#574,#605,#629,#653,#677,#701,#725,#749,#773,
    #797,#836,#867,#921,#952,#983,#1014,#1047,#1080,#1113,#1166,#1215,
    #1246,#1278,#1302,#1326,#1344,#1368,#1378,#1423,#1436,#1470,#1484));
#17 = ADVANCED_FACE('',(#18),#52,.F.);
#18 = FACE_BOUND('',#19,.T.);
#19 = EDGE_LOOP('',(#20,#30,#38,#46));
#20 = ORIENTED_EDGE('',*,*,#21,.T.);
#21 = EDGE_CURVE('',#22,#24,#26,.T.);
#22 = VERTEX_POINT('',#23);
#23 = CARTESIAN_POINT('',(7.892304845413,-10.33012701892,46.2));
#24 = VERTEX_POINT('',#25);
#25 = CARTESIAN_POINT('',(12.892304845413,-1.669872981078,46.2));
#26 = LINE('',#27,#28);
#27 = CARTESIAN_POINT('',(7.892304845413,-10.33012701892,46.2));
#28 = VECTOR('',#29,1.);
#29 = DIRECTION('',(0.5,0.866025403784,0.));
#30 = ORIENTED_EDGE('',*,*,#31,.T.);
#31 = EDGE_CURVE('',#24,#32,#34,.T.);
#32 = VERTEX_POINT('',#33);
#33 = CARTESIAN_POINT('',(11.918026266156,-1.107372981078,52.));
#34 = LINE('',#35,#36);
#35 = CARTESIAN_POINT('',(12.892304845413,-1.669872981078,46.2));
#36 = VECTOR('',#37,1.);
#37 = DIRECTION('',(-0.164905615492,9.520830149521E-02,0.981703375417));
#38 = ORIENTED_EDGE('',*,*,#39,.F.);
#39 = EDGE_CURVE('',#40,#32,#42,.T.);
#40 = VERTEX_POINT('',#41);
#41 = CARTESIAN_POINT('',(6.918026266156,-9.767627018922,52.));
#42 = LINE('',#43,#44);
#43 = CARTESIAN_POINT('',(6.918026266156,-9.767627018922,52.));
#44 = VECTOR('',#45,1.);
#45 = DIRECTION('',(0.5,0.866025403784,0.));
#46 = ORIENTED_EDGE('',*,*,#47,.F.);
#47 = EDGE_CURVE('',#22,#40,#48,.T.);
#48 = LINE('',#49,#50);
#49 = CARTESIAN_POINT('',(7.892304845413,-10.33012701892,46.2));
#50 = VECTOR('',#51,1.);
#51 = DIRECTION('',(-0.164905615492,9.520830149521E-02,0.981703375417));
#52 = PLANE('',#53);
#53 = AXIS2_PLACEMENT_3D('',#54,#55,#56);
#54 = CARTESIAN_POINT('',(7.892304845413,-10.33012701892,46.2));
#55 = DIRECTION('',(-0.850180062092,0.490851687709,-0.19041660299));
#56 = DIRECTION('',(0.164905615492,-9.520830149521E-02,-0.981703375417)
  );
#57 = ADVANCED_FACE('',(#58),#115,.T.);
#58 = FACE_BOUND('',#59,.F.);
#59 = EDGE_LOOP('',(#60,#70,#76,#77,#85,#93,#101,#109));
#60 = ORIENTED_EDGE('',*,*,#61,.F.);
#61 = EDGE_CURVE('',#62,#64,#66,.T.);
#62 = VERTEX_POINT('',#63);
#63 = CARTESIAN_POINT('',(7.892304845413,-10.33012701892,44.));
#64 = VERTEX_POINT('',#65);
#65 = CARTESIAN_POINT('',(9.968961188121,-6.733252723492,44.));
#66 = LINE('',#67,#68);
#67 = CARTESIAN_POINT('',(7.892304845413,-10.33012701892,44.));
#68 = VECTOR('',#69,1.);
#69 = DIRECTION('',(0.5,0.866025403784,0.));
#70 = ORIENTED_EDGE('',*,*,#71,.T.);
#71 = EDGE_CURVE('',#62,#22,#72,.T.);
#72 = LINE('',#73,#74);
#73 = CARTESIAN_POINT('',(7.892304845413,-10.33012701892,44.));
#74 = VECTOR('',#75,1.);
#75 = DIRECTION('',(0.,0.,1.));
#76 = ORIENTED_EDGE('',*,*,#21,.T.);
#77 = ORIENTED_EDGE('',*,*,#78,.F.);
#78 = EDGE_CURVE('',#79,#24,#81,.T.);
#79 = VERTEX_POINT('',#80);
#80 = CARTESIAN_POINT('',(12.892304845413,-1.669872981078,44.));
#81 = LINE('',#82,#83);
#82 = CARTESIAN_POINT('',(12.892304845413,-1.669872981078,45.2));
#83 = VECTOR('',#84,1.);
#84 = DIRECTION('',(0.,0.,1.));
#85 = ORIENTED_EDGE('',*,*,#86,.F.);
#86 = EDGE_CURVE('',#87,#79,#89,.T.);
#87 = VERTEX_POINT('',#88);
#88 = CARTESIAN_POINT('',(12.26869322028,-2.75,44.));
#89 = LINE('',#90,#91);
#90 = CARTESIAN_POINT('',(7.892304845413,-10.33012701892,44.));
#91 = VECTOR('',#92,1.);
#92 = DIRECTION('',(0.5,0.866025403784,0.));
#93 = ORIENTED_EDGE('',*,*,#94,.T.);
#94 = EDGE_CURVE('',#87,#95,#97,.T.);
#95 = VERTEX_POINT('',#96);
#96 = CARTESIAN_POINT('',(12.26869322028,-2.75,45.3));
#97 = LINE('',#98,#99);
#98 = CARTESIAN_POINT('',(12.26869322028,-2.75,44.55));
#99 = VECTOR('',#100,1.);
#100 = DIRECTION('',(0.,-0.,1.));
#101 = ORIENTED_EDGE('',*,*,#102,.F.);
#102 = EDGE_CURVE('',#103,#95,#105,.T.);
#103 = VERTEX_POINT('',#104);
#104 = CARTESIAN_POINT('',(9.968961188121,-6.733252723492,45.3));
#105 = LINE('',#106,#107);
#106 = CARTESIAN_POINT('',(11.075317547305,-4.816987298108,45.3));
#107 = VECTOR('',#108,1.);
#108 = DIRECTION('',(0.5,0.866025403784,-0.));
#109 = ORIENTED_EDGE('',*,*,#110,.F.);
#110 = EDGE_CURVE('',#64,#103,#111,.T.);
#111 = LINE('',#112,#113);
#112 = CARTESIAN_POINT('',(9.968961188121,-6.733252723492,44.));
#113 = VECTOR('',#114,1.);
#114 = DIRECTION('',(-0.,-0.,1.));
#115 = PLANE('',#116);
#116 = AXIS2_PLACEMENT_3D('',#117,#118,#119);
#117 = CARTESIAN_POINT('',(10.392304845413,-6.,45.1));
#118 = DIRECTION('',(0.866025403784,-0.5,0.));
#119 = DIRECTION('',(0.,0.,1.));
#120 = ADVANCED_FACE('',(#121),#146,.F.);
#121 = FACE_BOUND('',#122,.T.);
#122 = EDGE_LOOP('',(#123,#124,#132,#140));
#123 = ORIENTED_EDGE('',*,*,#39,.T.);
#124 = ORIENTED_EDGE('',*,*,#125,.T.);
#125 = EDGE_CURVE('',#32,#126,#128,.T.);
#126 = VERTEX_POINT('',#127);
#127 = CARTESIAN_POINT('',(11.918026266156,-1.107372981078,53.3));
#128 = LINE('',#129,#130);
#129 = CARTESIAN_POINT('',(11.918026266156,-1.107372981078,52.));
#130 = VECTOR('',#131,1.);
#131 = DIRECTION('',(0.,0.,1.));
#132 = ORIENTED_EDGE('',*,*,#133,.F.);
#133 = EDGE_CURVE('',#134,#126,#136,.T.);
#134 = VERTEX_POINT('',#135);
#135 = CARTESIAN_POINT('',(6.918026266156,-9.767627018922,53.3));
#136 = LINE('',#137,#138);
#137 = CARTESIAN_POINT('',(6.918026266156,-9.767627018922,53.3));
#138 = VECTOR('',#139,1.);
#139 = DIRECTION('',(0.5,0.866025403784,0.));
#140 = ORIENTED_EDGE('',*,*,#141,.F.);
#141 = EDGE_CURVE('',#40,#134,#142,.T.);
#142 = LINE('',#143,#144);
#143 = CARTESIAN_POINT('',(6.918026266156,-9.767627018922,52.));
#144 = VECTOR('',#145,1.);
#145 = DIRECTION('',(0.,0.,1.));
#146 = PLANE('',#147);
#147 = AXIS2_PLACEMENT_3D('',#148,#149,#150);
#148 = CARTESIAN_POINT('',(6.918026266156,-9.767627018922,52.));
#149 = DIRECTION('',(-0.866025403784,0.5,0.));
#150 = DIRECTION('',(0.,0.,-1.));
#151 = ADVANCED_FACE('',(#152),#227,.T.);
#152 = FACE_BOUND('',#153,.F.);
#153 = EDGE_LOOP('',(#154,#162,#170,#178,#186,#194,#202,#210,#218,#224,
    #225,#226));
#154 = ORIENTED_EDGE('',*,*,#155,.T.);
#155 = EDGE_CURVE('',#62,#156,#158,.T.);
#156 = VERTEX_POINT('',#157);
#157 = CARTESIAN_POINT('',(7.263753438392,-9.967232694879,44.));
#158 = LINE('',#159,#160);
#159 = CARTESIAN_POINT('',(7.892304845413,-10.33012701892,44.));
#160 = VECTOR('',#161,1.);
#161 = DIRECTION('',(-0.866025403784,0.5,0.));
#162 = ORIENTED_EDGE('',*,*,#163,.T.);
#163 = EDGE_CURVE('',#156,#164,#166,.T.);
#164 = VERTEX_POINT('',#165);
#165 = CARTESIAN_POINT('',(7.263753438392,-9.967232694879,45.3));
#166 = LINE('',#167,#168);
#167 = CARTESIAN_POINT('',(7.263753438392,-9.967232694879,
    46.551812471053));
#168 = VECTOR('',#169,1.);
#169 = DIRECTION('',(-0.,-0.,1.));
#170 = ORIENTED_EDGE('',*,*,#171,.F.);
#171 = EDGE_CURVE('',#172,#164,#174,.T.);
#172 = VERTEX_POINT('',#173);
#173 = CARTESIAN_POINT('',(7.545894683899,-10.13012701892,45.3));
#174 = LINE('',#175,#176);
#175 = CARTESIAN_POINT('',(7.892304845413,-10.33012701892,45.3));
#176 = VECTOR('',#177,1.);
#177 = DIRECTION('',(-0.866025403784,0.5,0.));
#178 = ORIENTED_EDGE('',*,*,#179,.F.);
#179 = EDGE_CURVE('',#180,#172,#182,.T.);
#180 = VERTEX_POINT('',#181);
#181 = CARTESIAN_POINT('',(7.545894683899,-10.13012701892,46.2));
#182 = LINE('',#183,#184);
#183 = CARTESIAN_POINT('',(7.545894683899,-10.13012701892,46.2));
#184 = VECTOR('',#185,1.);
#185 = DIRECTION('',(-0.,0.,-1.));
#186 = ORIENTED_EDGE('',*,*,#187,.F.);
#187 = EDGE_CURVE('',#188,#180,#190,.T.);
#188 = VERTEX_POINT('',#189);
#189 = CARTESIAN_POINT('',(6.571616104642,-9.567627018922,52.));
#190 = LINE('',#191,#192);
#191 = CARTESIAN_POINT('',(6.571616104642,-9.567627018922,52.));
#192 = VECTOR('',#193,1.);
#193 = DIRECTION('',(0.164905615492,-9.520830149521E-02,-0.981703375417)
  );
#194 = ORIENTED_EDGE('',*,*,#195,.F.);
#195 = EDGE_CURVE('',#196,#188,#198,.T.);
#196 = VERTEX_POINT('',#197);
#197 = CARTESIAN_POINT('',(6.571616104642,-9.567627018922,53.3));
#198 = LINE('',#199,#200);
#199 = CARTESIAN_POINT('',(6.571616104642,-9.567627018922,53.3));
#200 = VECTOR('',#201,1.);
#201 = DIRECTION('',(-0.,0.,-1.));
#202 = ORIENTED_EDGE('',*,*,#203,.F.);
#203 = EDGE_CURVE('',#204,#196,#206,.T.);
#204 = VERTEX_POINT('',#205);
#205 = CARTESIAN_POINT('',(6.766471820493,-9.680127018922,55.3));
#206 = LINE('',#207,#208);
#207 = CARTESIAN_POINT('',(6.766471820493,-9.680127018922,55.3));
#208 = VECTOR('',#209,1.);
#209 = DIRECTION('',(-9.681711348709E-02,5.589738653393E-02,
    -0.993731316159));
#210 = ORIENTED_EDGE('',*,*,#211,.F.);
#211 = EDGE_CURVE('',#212,#204,#214,.T.);
#212 = VERTEX_POINT('',#213);
#213 = CARTESIAN_POINT('',(7.112881982007,-9.880127018922,55.3));
#214 = LINE('',#215,#216);
#215 = CARTESIAN_POINT('',(7.112881982007,-9.880127018922,55.3));
#216 = VECTOR('',#217,1.);
#217 = DIRECTION('',(-0.866025403784,0.5,0.));
#218 = ORIENTED_EDGE('',*,*,#219,.F.);
#219 = EDGE_CURVE('',#134,#212,#220,.T.);
#220 = LINE('',#221,#222);
#221 = CARTESIAN_POINT('',(6.918026266156,-9.767627018922,53.3));
#222 = VECTOR('',#223,1.);
#223 = DIRECTION('',(9.681711348709E-02,-5.589738653393E-02,
    0.993731316159));
#224 = ORIENTED_EDGE('',*,*,#141,.F.);
#225 = ORIENTED_EDGE('',*,*,#47,.F.);
#226 = ORIENTED_EDGE('',*,*,#71,.F.);
#227 = PLANE('',#228);
#228 = AXIS2_PLACEMENT_3D('',#229,#230,#231);
#229 = CARTESIAN_POINT('',(5.727241335952,-9.080127018922,
    49.103624942106));
#230 = DIRECTION('',(-0.5,-0.866025403784,-0.));
#231 = DIRECTION('',(0.,0.,1.));
#232 = ADVANCED_FACE('',(#233),#372,.T.);
#233 = FACE_BOUND('',#234,.F.);
#234 = EDGE_LOOP('',(#235,#243,#244,#245,#246,#254,#262,#270,#278,#286,
    #294,#302,#310,#318,#326,#334,#342,#350,#358,#366));
#235 = ORIENTED_EDGE('',*,*,#236,.F.);
#236 = EDGE_CURVE('',#79,#237,#239,.T.);
#237 = VERTEX_POINT('',#238);
#238 = CARTESIAN_POINT('',(8.562177826491,0.830127018922,44.));
#239 = LINE('',#240,#241);
#240 = CARTESIAN_POINT('',(12.892304845413,-1.669872981078,44.));
#241 = VECTOR('',#242,1.);
#242 = DIRECTION('',(-0.866025403784,0.5,0.));
#243 = ORIENTED_EDGE('',*,*,#78,.T.);
#244 = ORIENTED_EDGE('',*,*,#31,.T.);
#245 = ORIENTED_EDGE('',*,*,#125,.T.);
#246 = ORIENTED_EDGE('',*,*,#247,.T.);
#247 = EDGE_CURVE('',#126,#248,#250,.T.);
#248 = VERTEX_POINT('',#249);
#249 = CARTESIAN_POINT('',(12.112881982007,-1.219872981078,55.3));
#250 = LINE('',#251,#252);
#251 = CARTESIAN_POINT('',(11.918026266156,-1.107372981078,53.3));
#252 = VECTOR('',#253,1.);
#253 = DIRECTION('',(9.681711348709E-02,-5.589738653393E-02,
    0.993731316159));
#254 = ORIENTED_EDGE('',*,*,#255,.T.);
#255 = EDGE_CURVE('',#248,#256,#258,.T.);
#256 = VERTEX_POINT('',#257);
#257 = CARTESIAN_POINT('',(11.766471820493,-1.019872981078,55.3));
#258 = LINE('',#259,#260);
#259 = CARTESIAN_POINT('',(12.112881982007,-1.219872981078,55.3));
#260 = VECTOR('',#261,1.);
#261 = DIRECTION('',(-0.866025403784,0.5,0.));
#262 = ORIENTED_EDGE('',*,*,#263,.T.);
#263 = EDGE_CURVE('',#256,#264,#266,.T.);
#264 = VERTEX_POINT('',#265);
#265 = CARTESIAN_POINT('',(11.571616104642,-0.907372981078,53.3));
#266 = LINE('',#267,#268);
#267 = CARTESIAN_POINT('',(11.766471820493,-1.019872981078,55.3));
#268 = VECTOR('',#269,1.);
#269 = DIRECTION('',(-9.681711348709E-02,5.589738653393E-02,
    -0.993731316159));
#270 = ORIENTED_EDGE('',*,*,#271,.T.);
#271 = EDGE_CURVE('',#264,#272,#274,.T.);
#272 = VERTEX_POINT('',#273);
#273 = CARTESIAN_POINT('',(11.571616104642,-0.907372981078,52.));
#274 = LINE('',#275,#276);
#275 = CARTESIAN_POINT('',(11.571616104642,-0.907372981078,53.3));
#276 = VECTOR('',#277,1.);
#277 = DIRECTION('',(-0.,0.,-1.));
#278 = ORIENTED_EDGE('',*,*,#279,.T.);
#279 = EDGE_CURVE('',#272,#280,#282,.T.);
#280 = VERTEX_POINT('',#281);
#281 = CARTESIAN_POINT('',(12.545894683899,-1.469872981078,46.2));
#282 = LINE('',#283,#284);
#283 = CARTESIAN_POINT('',(11.571616104642,-0.907372981078,52.));
#284 = VECTOR('',#285,1.);
#285 = DIRECTION('',(0.164905615492,-9.520830149521E-02,-0.981703375417)
  );
#286 = ORIENTED_EDGE('',*,*,#287,.T.);
#287 = EDGE_CURVE('',#280,#288,#290,.T.);
#288 = VERTEX_POINT('',#289);
#289 = CARTESIAN_POINT('',(12.545894683899,-1.469872981078,45.3));
#290 = LINE('',#291,#292);
#291 = CARTESIAN_POINT('',(12.545894683899,-1.469872981078,46.2));
#292 = VECTOR('',#293,1.);
#293 = DIRECTION('',(-0.,0.,-1.));
#294 = ORIENTED_EDGE('',*,*,#295,.T.);
#295 = EDGE_CURVE('',#288,#296,#298,.T.);
#296 = VERTEX_POINT('',#297);
#297 = CARTESIAN_POINT('',(8.908587988005,0.630127018922,45.3));
#298 = LINE('',#299,#300);
#299 = CARTESIAN_POINT('',(12.892304845413,-1.669872981078,45.3));
#300 = VECTOR('',#301,1.);
#301 = DIRECTION('',(-0.866025403784,0.5,0.));
#302 = ORIENTED_EDGE('',*,*,#303,.F.);
#303 = EDGE_CURVE('',#304,#296,#306,.T.);
#304 = VERTEX_POINT('',#305);
#305 = CARTESIAN_POINT('',(8.908587988005,0.630127018922,46.2));
#306 = LINE('',#307,#308);
#307 = CARTESIAN_POINT('',(8.908587988005,0.630127018922,46.2));
#308 = VECTOR('',#309,1.);
#309 = DIRECTION('',(-0.,0.,-1.));
#310 = ORIENTED_EDGE('',*,*,#311,.F.);
#311 = EDGE_CURVE('',#312,#304,#314,.T.);
#312 = VERTEX_POINT('',#313);
#313 = CARTESIAN_POINT('',(9.882866567262,6.762701892219E-02,52.));
#314 = LINE('',#315,#316);
#315 = CARTESIAN_POINT('',(9.882866567262,6.76270189222E-02,52.));
#316 = VECTOR('',#317,1.);
#317 = DIRECTION('',(-0.164905615492,9.520830149521E-02,-0.981703375417)
  );
#318 = ORIENTED_EDGE('',*,*,#319,.F.);
#319 = EDGE_CURVE('',#320,#312,#322,.T.);
#320 = VERTEX_POINT('',#321);
#321 = CARTESIAN_POINT('',(9.882866567262,6.762701892219E-02,53.3));
#322 = LINE('',#323,#324);
#323 = CARTESIAN_POINT('',(9.882866567262,6.76270189222E-02,53.3));
#324 = VECTOR('',#325,1.);
#325 = DIRECTION('',(-0.,0.,-1.));
#326 = ORIENTED_EDGE('',*,*,#327,.F.);
#327 = EDGE_CURVE('',#328,#320,#330,.T.);
#328 = VERTEX_POINT('',#329);
#329 = CARTESIAN_POINT('',(9.688010851411,0.180127018922,55.3));
#330 = LINE('',#331,#332);
#331 = CARTESIAN_POINT('',(9.688010851411,0.180127018922,55.3));
#332 = VECTOR('',#333,1.);
#333 = DIRECTION('',(9.681711348709E-02,-5.589738653393E-02,
    -0.993731316159));
#334 = ORIENTED_EDGE('',*,*,#335,.F.);
#335 = EDGE_CURVE('',#336,#328,#338,.T.);
#336 = VERTEX_POINT('',#337);
#337 = CARTESIAN_POINT('',(9.341600689897,0.380127018922,55.3));
#338 = LINE('',#339,#340);
#339 = CARTESIAN_POINT('',(9.341600689897,0.380127018922,55.3));
#340 = VECTOR('',#341,1.);
#341 = DIRECTION('',(0.866025403784,-0.5,0.));
#342 = ORIENTED_EDGE('',*,*,#343,.F.);
#343 = EDGE_CURVE('',#344,#336,#346,.T.);
#344 = VERTEX_POINT('',#345);
#345 = CARTESIAN_POINT('',(9.536456405749,0.267627018922,53.3));
#346 = LINE('',#347,#348);
#347 = CARTESIAN_POINT('',(9.536456405749,0.267627018922,53.3));
#348 = VECTOR('',#349,1.);
#349 = DIRECTION('',(-9.681711348709E-02,5.589738653393E-02,
    0.993731316159));
#350 = ORIENTED_EDGE('',*,*,#351,.F.);
#351 = EDGE_CURVE('',#352,#344,#354,.T.);
#352 = VERTEX_POINT('',#353);
#353 = CARTESIAN_POINT('',(9.536456405749,0.267627018922,52.));
#354 = LINE('',#355,#356);
#355 = CARTESIAN_POINT('',(9.536456405749,0.267627018922,52.));
#356 = VECTOR('',#357,1.);
#357 = DIRECTION('',(0.,0.,1.));
#358 = ORIENTED_EDGE('',*,*,#359,.F.);
#359 = EDGE_CURVE('',#360,#352,#362,.T.);
#360 = VERTEX_POINT('',#361);
#361 = CARTESIAN_POINT('',(8.562177826491,0.830127018922,46.2));
#362 = LINE('',#363,#364);
#363 = CARTESIAN_POINT('',(8.562177826491,0.830127018922,46.2));
#364 = VECTOR('',#365,1.);
#365 = DIRECTION('',(0.164905615492,-9.520830149521E-02,0.981703375417)
  );
#366 = ORIENTED_EDGE('',*,*,#367,.F.);
#367 = EDGE_CURVE('',#237,#360,#368,.T.);
#368 = LINE('',#369,#370);
#369 = CARTESIAN_POINT('',(8.562177826491,0.830127018922,45.2));
#370 = VECTOR('',#371,1.);
#371 = DIRECTION('',(0.,0.,1.));
#372 = PLANE('',#373);
#373 = AXIS2_PLACEMENT_3D('',#374,#375,#376);
#374 = CARTESIAN_POINT('',(10.727241335952,-0.419872981078,
    49.103624942106));
#375 = DIRECTION('',(0.5,0.866025403784,0.));
#376 = DIRECTION('',(0.,0.,-1.));
#377 = ADVANCED_FACE('',(#378),#405,.T.);
#378 = FACE_BOUND('',#379,.F.);
#379 = EDGE_LOOP('',(#380,#381,#390,#398));
#380 = ORIENTED_EDGE('',*,*,#110,.T.);
#381 = ORIENTED_EDGE('',*,*,#382,.F.);
#382 = EDGE_CURVE('',#383,#103,#385,.T.);
#383 = VERTEX_POINT('',#384);
#384 = CARTESIAN_POINT('',(10.227241335952,-6.75,45.3));
#385 = CIRCLE('',#386,2.);
#386 = AXIS2_PLACEMENT_3D('',#387,#388,#389);
#387 = CARTESIAN_POINT('',(10.227241335952,-4.75,45.3));
#388 = DIRECTION('',(0.,-0.,-1.));
#389 = DIRECTION('',(-1.,0.,-0.));
#390 = ORIENTED_EDGE('',*,*,#391,.F.);
#391 = EDGE_CURVE('',#392,#383,#394,.T.);
#392 = VERTEX_POINT('',#393);
#393 = CARTESIAN_POINT('',(10.227241335952,-6.75,44.));
#394 = LINE('',#395,#396);
#395 = CARTESIAN_POINT('',(10.227241335952,-6.75,44.));
#396 = VECTOR('',#397,1.);
#397 = DIRECTION('',(0.,0.,1.));
#398 = ORIENTED_EDGE('',*,*,#399,.T.);
#399 = EDGE_CURVE('',#392,#64,#400,.T.);
#400 = CIRCLE('',#401,2.);
#401 = AXIS2_PLACEMENT_3D('',#402,#403,#404);
#402 = CARTESIAN_POINT('',(10.227241335952,-4.75,44.));
#403 = DIRECTION('',(0.,-0.,-1.));
#404 = DIRECTION('',(-1.,0.,-0.));
#405 = CYLINDRICAL_SURFACE('',#406,2.);
#406 = AXIS2_PLACEMENT_3D('',#407,#408,#409);
#407 = CARTESIAN_POINT('',(10.227241335952,-4.75,44.));
#408 = DIRECTION('',(-0.,-0.,1.));
#409 = DIRECTION('',(-1.,0.,-0.));
#410 = ADVANCED_FACE('',(#411),#436,.F.);
#411 = FACE_BOUND('',#412,.T.);
#412 = EDGE_LOOP('',(#413,#421,#422,#430));
#413 = ORIENTED_EDGE('',*,*,#414,.F.);
#414 = EDGE_CURVE('',#87,#415,#417,.T.);
#415 = VERTEX_POINT('',#416);
#416 = CARTESIAN_POINT('',(12.827241335952,-2.75,44.));
#417 = LINE('',#418,#419);
#418 = CARTESIAN_POINT('',(10.227241335952,-2.75,44.));
#419 = VECTOR('',#420,1.);
#420 = DIRECTION('',(1.,1.224646799147E-16,-0.));
#421 = ORIENTED_EDGE('',*,*,#94,.T.);
#422 = ORIENTED_EDGE('',*,*,#423,.T.);
#423 = EDGE_CURVE('',#95,#424,#426,.T.);
#424 = VERTEX_POINT('',#425);
#425 = CARTESIAN_POINT('',(12.827241335952,-2.75,45.3));
#426 = LINE('',#427,#428);
#427 = CARTESIAN_POINT('',(10.227241335952,-2.75,45.3));
#428 = VECTOR('',#429,1.);
#429 = DIRECTION('',(1.,1.224646799147E-16,-0.));
#430 = ORIENTED_EDGE('',*,*,#431,.F.);
#431 = EDGE_CURVE('',#415,#424,#432,.T.);
#432 = LINE('',#433,#434);
#433 = CARTESIAN_POINT('',(12.827241335952,-2.75,44.));
#434 = VECTOR('',#435,1.);
#435 = DIRECTION('',(-0.,-0.,1.));
#436 = PLANE('',#437);
#437 = AXIS2_PLACEMENT_3D('',#438,#439,#440);
#438 = CARTESIAN_POINT('',(10.227241335952,-2.75,44.));
#439 = DIRECTION('',(1.224646799147E-16,-1.,0.));
#440 = DIRECTION('',(-0.,0.,-1.));
#441 = ADVANCED_FACE('',(#442),#453,.F.);
#442 = FACE_BOUND('',#443,.T.);
#443 = EDGE_LOOP('',(#444,#445,#446,#452));
#444 = ORIENTED_EDGE('',*,*,#133,.T.);
#445 = ORIENTED_EDGE('',*,*,#247,.T.);
#446 = ORIENTED_EDGE('',*,*,#447,.F.);
#447 = EDGE_CURVE('',#212,#248,#448,.T.);
#448 = LINE('',#449,#450);
#449 = CARTESIAN_POINT('',(7.112881982007,-9.880127018922,55.3));
#450 = VECTOR('',#451,1.);
#451 = DIRECTION('',(0.5,0.866025403784,0.));
#452 = ORIENTED_EDGE('',*,*,#219,.F.);
#453 = PLANE('',#454);
#454 = AXIS2_PLACEMENT_3D('',#455,#456,#457);
#455 = CARTESIAN_POINT('',(6.918026266156,-9.767627018922,53.3));
#456 = DIRECTION('',(-0.86059656433,0.496865658079,0.111794773068));
#457 = DIRECTION('',(-9.681711348709E-02,5.589738653393E-02,
    -0.993731316159));
#458 = ADVANCED_FACE('',(#459),#470,.F.);
#459 = FACE_BOUND('',#460,.T.);
#460 = EDGE_LOOP('',(#461,#462,#463,#469));
#461 = ORIENTED_EDGE('',*,*,#447,.T.);
#462 = ORIENTED_EDGE('',*,*,#255,.T.);
#463 = ORIENTED_EDGE('',*,*,#464,.F.);
#464 = EDGE_CURVE('',#204,#256,#465,.T.);
#465 = LINE('',#466,#467);
#466 = CARTESIAN_POINT('',(6.766471820493,-9.680127018922,55.3));
#467 = VECTOR('',#468,1.);
#468 = DIRECTION('',(0.5,0.866025403784,0.));
#469 = ORIENTED_EDGE('',*,*,#211,.F.);
#470 = PLANE('',#471);
#471 = AXIS2_PLACEMENT_3D('',#472,#473,#474);
#472 = CARTESIAN_POINT('',(7.112881982007,-9.880127018922,55.3));
#473 = DIRECTION('',(-0.,0.,-1.));
#474 = DIRECTION('',(0.866025403784,-0.5,0.));
#475 = ADVANCED_FACE('',(#476),#487,.F.);
#476 = FACE_BOUND('',#477,.T.);
#477 = EDGE_LOOP('',(#478,#479,#480,#486));
#478 = ORIENTED_EDGE('',*,*,#464,.T.);
#479 = ORIENTED_EDGE('',*,*,#263,.T.);
#480 = ORIENTED_EDGE('',*,*,#481,.F.);
#481 = EDGE_CURVE('',#196,#264,#482,.T.);
#482 = LINE('',#483,#484);
#483 = CARTESIAN_POINT('',(6.571616104642,-9.567627018922,53.3));
#484 = VECTOR('',#485,1.);
#485 = DIRECTION('',(0.5,0.866025403784,0.));
#486 = ORIENTED_EDGE('',*,*,#203,.F.);
#487 = PLANE('',#488);
#488 = AXIS2_PLACEMENT_3D('',#489,#490,#491);
#489 = CARTESIAN_POINT('',(6.766471820493,-9.680127018922,55.3));
#490 = DIRECTION('',(0.86059656433,-0.496865658079,-0.111794773068));
#491 = DIRECTION('',(9.681711348709E-02,-5.589738653393E-02,
    0.993731316159));
#492 = ADVANCED_FACE('',(#493),#504,.F.);
#493 = FACE_BOUND('',#494,.T.);
#494 = EDGE_LOOP('',(#495,#496,#497,#503));
#495 = ORIENTED_EDGE('',*,*,#481,.T.);
#496 = ORIENTED_EDGE('',*,*,#271,.T.);
#497 = ORIENTED_EDGE('',*,*,#498,.F.);
#498 = EDGE_CURVE('',#188,#272,#499,.T.);
#499 = LINE('',#500,#501);
#500 = CARTESIAN_POINT('',(6.571616104642,-9.567627018922,52.));
#501 = VECTOR('',#502,1.);
#502 = DIRECTION('',(0.5,0.866025403784,0.));
#503 = ORIENTED_EDGE('',*,*,#195,.F.);
#504 = PLANE('',#505);
#505 = AXIS2_PLACEMENT_3D('',#506,#507,#508);
#506 = CARTESIAN_POINT('',(6.571616104642,-9.567627018922,53.3));
#507 = DIRECTION('',(0.866025403784,-0.5,0.));
#508 = DIRECTION('',(0.,0.,1.));
#509 = ADVANCED_FACE('',(#510),#521,.F.);
#510 = FACE_BOUND('',#511,.T.);
#511 = EDGE_LOOP('',(#512,#513,#514,#520));
#512 = ORIENTED_EDGE('',*,*,#498,.T.);
#513 = ORIENTED_EDGE('',*,*,#279,.T.);
#514 = ORIENTED_EDGE('',*,*,#515,.F.);
#515 = EDGE_CURVE('',#180,#280,#516,.T.);
#516 = LINE('',#517,#518);
#517 = CARTESIAN_POINT('',(7.545894683899,-10.13012701892,46.2));
#518 = VECTOR('',#519,1.);
#519 = DIRECTION('',(0.5,0.866025403784,0.));
#520 = ORIENTED_EDGE('',*,*,#187,.F.);
#521 = PLANE('',#522);
#522 = AXIS2_PLACEMENT_3D('',#523,#524,#525);
#523 = CARTESIAN_POINT('',(6.571616104642,-9.567627018922,52.));
#524 = DIRECTION('',(0.850180062092,-0.490851687709,0.19041660299));
#525 = DIRECTION('',(-0.164905615492,9.520830149521E-02,0.981703375417)
  );
#526 = ADVANCED_FACE('',(#527),#538,.F.);
#527 = FACE_BOUND('',#528,.T.);
#528 = EDGE_LOOP('',(#529,#530,#531,#532));
#529 = ORIENTED_EDGE('',*,*,#179,.F.);
#530 = ORIENTED_EDGE('',*,*,#515,.T.);
#531 = ORIENTED_EDGE('',*,*,#287,.T.);
#532 = ORIENTED_EDGE('',*,*,#533,.T.);
#533 = EDGE_CURVE('',#288,#172,#534,.T.);
#534 = LINE('',#535,#536);
#535 = CARTESIAN_POINT('',(7.545894683899,-10.13012701892,45.3));
#536 = VECTOR('',#537,1.);
#537 = DIRECTION('',(-0.5,-0.866025403784,0.));
#538 = PLANE('',#539);
#539 = AXIS2_PLACEMENT_3D('',#540,#541,#542);
#540 = CARTESIAN_POINT('',(7.545894683899,-10.13012701892,46.2));
#541 = DIRECTION('',(0.866025403784,-0.5,0.));
#542 = DIRECTION('',(0.,0.,1.));
#543 = ADVANCED_FACE('',(#544),#569,.F.);
#544 = FACE_BOUND('',#545,.T.);
#545 = EDGE_LOOP('',(#546,#554,#555,#563));
#546 = ORIENTED_EDGE('',*,*,#547,.F.);
#547 = EDGE_CURVE('',#156,#548,#550,.T.);
#548 = VERTEX_POINT('',#549);
#549 = CARTESIAN_POINT('',(4.227241335952,-15.28112887414,44.));
#550 = LINE('',#551,#552);
#551 = CARTESIAN_POINT('',(7.963727620201,-8.742277876714,44.));
#552 = VECTOR('',#553,1.);
#553 = DIRECTION('',(-0.496138938357,-0.868243142124,0.));
#554 = ORIENTED_EDGE('',*,*,#163,.T.);
#555 = ORIENTED_EDGE('',*,*,#556,.T.);
#556 = EDGE_CURVE('',#164,#557,#559,.T.);
#557 = VERTEX_POINT('',#558);
#558 = CARTESIAN_POINT('',(4.227241335952,-15.28112887414,45.3));
#559 = LINE('',#560,#561);
#560 = CARTESIAN_POINT('',(7.963727620201,-8.742277876714,45.3));
#561 = VECTOR('',#562,1.);
#562 = DIRECTION('',(-0.496138938357,-0.868243142124,0.));
#563 = ORIENTED_EDGE('',*,*,#564,.T.);
#564 = EDGE_CURVE('',#557,#548,#565,.T.);
#565 = LINE('',#566,#567);
#566 = CARTESIAN_POINT('',(4.227241335952,-15.28112887414,44.));
#567 = VECTOR('',#568,1.);
#568 = DIRECTION('',(-0.,0.,-1.));
#569 = PLANE('',#570);
#570 = AXIS2_PLACEMENT_3D('',#571,#572,#573);
#571 = CARTESIAN_POINT('',(7.963727620201,-8.742277876714,44.));
#572 = DIRECTION('',(-0.868243142124,0.496138938357,-0.));
#573 = DIRECTION('',(0.,0.,-1.));
#574 = ADVANCED_FACE('',(#575),#600,.T.);
#575 = FACE_BOUND('',#576,.F.);
#576 = EDGE_LOOP('',(#577,#587,#593,#594));
#577 = ORIENTED_EDGE('',*,*,#578,.F.);
#578 = EDGE_CURVE('',#579,#581,#583,.T.);
#579 = VERTEX_POINT('',#580);
#580 = CARTESIAN_POINT('',(3.908587988005,-8.030127018922,46.2));
#581 = VERTEX_POINT('',#582);
#582 = CARTESIAN_POINT('',(3.908587988005,-8.030127018922,45.3));
#583 = LINE('',#584,#585);
#584 = CARTESIAN_POINT('',(3.908587988005,-8.030127018922,46.2));
#585 = VECTOR('',#586,1.);
#586 = DIRECTION('',(-0.,0.,-1.));
#587 = ORIENTED_EDGE('',*,*,#588,.T.);
#588 = EDGE_CURVE('',#579,#304,#589,.T.);
#589 = LINE('',#590,#591);
#590 = CARTESIAN_POINT('',(3.908587988005,-8.030127018922,46.2));
#591 = VECTOR('',#592,1.);
#592 = DIRECTION('',(0.5,0.866025403784,0.));
#593 = ORIENTED_EDGE('',*,*,#303,.T.);
#594 = ORIENTED_EDGE('',*,*,#595,.T.);
#595 = EDGE_CURVE('',#296,#581,#596,.T.);
#596 = LINE('',#597,#598);
#597 = CARTESIAN_POINT('',(3.908587988005,-8.030127018922,45.3));
#598 = VECTOR('',#599,1.);
#599 = DIRECTION('',(-0.5,-0.866025403784,0.));
#600 = PLANE('',#601);
#601 = AXIS2_PLACEMENT_3D('',#602,#603,#604);
#602 = CARTESIAN_POINT('',(3.908587988005,-8.030127018922,46.2));
#603 = DIRECTION('',(0.866025403784,-0.5,0.));
#604 = DIRECTION('',(0.,0.,1.));
#605 = ADVANCED_FACE('',(#606),#624,.T.);
#606 = FACE_BOUND('',#607,.F.);
#607 = EDGE_LOOP('',(#608,#616,#617,#618));
#608 = ORIENTED_EDGE('',*,*,#609,.T.);
#609 = EDGE_CURVE('',#610,#312,#612,.T.);
#610 = VERTEX_POINT('',#611);
#611 = CARTESIAN_POINT('',(4.882866567262,-8.592627018922,52.));
#612 = LINE('',#613,#614);
#613 = CARTESIAN_POINT('',(4.882866567262,-8.592627018922,52.));
#614 = VECTOR('',#615,1.);
#615 = DIRECTION('',(0.5,0.866025403784,0.));
#616 = ORIENTED_EDGE('',*,*,#311,.T.);
#617 = ORIENTED_EDGE('',*,*,#588,.F.);
#618 = ORIENTED_EDGE('',*,*,#619,.F.);
#619 = EDGE_CURVE('',#610,#579,#620,.T.);
#620 = LINE('',#621,#622);
#621 = CARTESIAN_POINT('',(4.882866567262,-8.592627018922,52.));
#622 = VECTOR('',#623,1.);
#623 = DIRECTION('',(-0.164905615492,9.520830149521E-02,-0.981703375417)
  );
#624 = PLANE('',#625);
#625 = AXIS2_PLACEMENT_3D('',#626,#627,#628);
#626 = CARTESIAN_POINT('',(4.882866567262,-8.592627018922,52.));
#627 = DIRECTION('',(0.850180062092,-0.490851687709,-0.19041660299));
#628 = DIRECTION('',(0.164905615492,-9.520830149521E-02,0.981703375417)
  );
#629 = ADVANCED_FACE('',(#630),#648,.T.);
#630 = FACE_BOUND('',#631,.F.);
#631 = EDGE_LOOP('',(#632,#640,#641,#642));
#632 = ORIENTED_EDGE('',*,*,#633,.T.);
#633 = EDGE_CURVE('',#634,#320,#636,.T.);
#634 = VERTEX_POINT('',#635);
#635 = CARTESIAN_POINT('',(4.882866567262,-8.592627018922,53.3));
#636 = LINE('',#637,#638);
#637 = CARTESIAN_POINT('',(4.882866567262,-8.592627018922,53.3));
#638 = VECTOR('',#639,1.);
#639 = DIRECTION('',(0.5,0.866025403784,0.));
#640 = ORIENTED_EDGE('',*,*,#319,.T.);
#641 = ORIENTED_EDGE('',*,*,#609,.F.);
#642 = ORIENTED_EDGE('',*,*,#643,.F.);
#643 = EDGE_CURVE('',#634,#610,#644,.T.);
#644 = LINE('',#645,#646);
#645 = CARTESIAN_POINT('',(4.882866567262,-8.592627018922,53.3));
#646 = VECTOR('',#647,1.);
#647 = DIRECTION('',(-0.,0.,-1.));
#648 = PLANE('',#649);
#649 = AXIS2_PLACEMENT_3D('',#650,#651,#652);
#650 = CARTESIAN_POINT('',(4.882866567262,-8.592627018922,53.3));
#651 = DIRECTION('',(0.866025403784,-0.5,0.));
#652 = DIRECTION('',(0.,0.,1.));
#653 = ADVANCED_FACE('',(#654),#672,.T.);
#654 = FACE_BOUND('',#655,.F.);
#655 = EDGE_LOOP('',(#656,#664,#665,#666));
#656 = ORIENTED_EDGE('',*,*,#657,.T.);
#657 = EDGE_CURVE('',#658,#328,#660,.T.);
#658 = VERTEX_POINT('',#659);
#659 = CARTESIAN_POINT('',(4.688010851411,-8.480127018922,55.3));
#660 = LINE('',#661,#662);
#661 = CARTESIAN_POINT('',(4.688010851411,-8.480127018922,55.3));
#662 = VECTOR('',#663,1.);
#663 = DIRECTION('',(0.5,0.866025403784,0.));
#664 = ORIENTED_EDGE('',*,*,#327,.T.);
#665 = ORIENTED_EDGE('',*,*,#633,.F.);
#666 = ORIENTED_EDGE('',*,*,#667,.F.);
#667 = EDGE_CURVE('',#658,#634,#668,.T.);
#668 = LINE('',#669,#670);
#669 = CARTESIAN_POINT('',(4.688010851411,-8.480127018922,55.3));
#670 = VECTOR('',#671,1.);
#671 = DIRECTION('',(9.681711348709E-02,-5.589738653393E-02,
    -0.993731316159));
#672 = PLANE('',#673);
#673 = AXIS2_PLACEMENT_3D('',#674,#675,#676);
#674 = CARTESIAN_POINT('',(4.688010851411,-8.480127018922,55.3));
#675 = DIRECTION('',(0.86059656433,-0.496865658079,0.111794773068));
#676 = DIRECTION('',(-9.681711348709E-02,5.589738653393E-02,
    0.993731316159));
#677 = ADVANCED_FACE('',(#678),#696,.T.);
#678 = FACE_BOUND('',#679,.F.);
#679 = EDGE_LOOP('',(#680,#688,#689,#690));
#680 = ORIENTED_EDGE('',*,*,#681,.T.);
#681 = EDGE_CURVE('',#682,#336,#684,.T.);
#682 = VERTEX_POINT('',#683);
#683 = CARTESIAN_POINT('',(4.341600689897,-8.280127018922,55.3));
#684 = LINE('',#685,#686);
#685 = CARTESIAN_POINT('',(4.341600689897,-8.280127018922,55.3));
#686 = VECTOR('',#687,1.);
#687 = DIRECTION('',(0.5,0.866025403784,0.));
#688 = ORIENTED_EDGE('',*,*,#335,.T.);
#689 = ORIENTED_EDGE('',*,*,#657,.F.);
#690 = ORIENTED_EDGE('',*,*,#691,.F.);
#691 = EDGE_CURVE('',#682,#658,#692,.T.);
#692 = LINE('',#693,#694);
#693 = CARTESIAN_POINT('',(4.341600689897,-8.280127018922,55.3));
#694 = VECTOR('',#695,1.);
#695 = DIRECTION('',(0.866025403784,-0.5,0.));
#696 = PLANE('',#697);
#697 = AXIS2_PLACEMENT_3D('',#698,#699,#700);
#698 = CARTESIAN_POINT('',(4.341600689897,-8.280127018922,55.3));
#699 = DIRECTION('',(0.,0.,1.));
#700 = DIRECTION('',(-0.866025403784,0.5,0.));
#701 = ADVANCED_FACE('',(#702),#720,.T.);
#702 = FACE_BOUND('',#703,.F.);
#703 = EDGE_LOOP('',(#704,#712,#713,#714));
#704 = ORIENTED_EDGE('',*,*,#705,.T.);
#705 = EDGE_CURVE('',#706,#344,#708,.T.);
#706 = VERTEX_POINT('',#707);
#707 = CARTESIAN_POINT('',(4.536456405749,-8.392627018922,53.3));
#708 = LINE('',#709,#710);
#709 = CARTESIAN_POINT('',(4.536456405749,-8.392627018922,53.3));
#710 = VECTOR('',#711,1.);
#711 = DIRECTION('',(0.5,0.866025403784,0.));
#712 = ORIENTED_EDGE('',*,*,#343,.T.);
#713 = ORIENTED_EDGE('',*,*,#681,.F.);
#714 = ORIENTED_EDGE('',*,*,#715,.F.);
#715 = EDGE_CURVE('',#706,#682,#716,.T.);
#716 = LINE('',#717,#718);
#717 = CARTESIAN_POINT('',(4.536456405749,-8.392627018922,53.3));
#718 = VECTOR('',#719,1.);
#719 = DIRECTION('',(-9.681711348709E-02,5.589738653393E-02,
    0.993731316159));
#720 = PLANE('',#721);
#721 = AXIS2_PLACEMENT_3D('',#722,#723,#724);
#722 = CARTESIAN_POINT('',(4.536456405749,-8.392627018922,53.3));
#723 = DIRECTION('',(-0.86059656433,0.496865658079,-0.111794773068));
#724 = DIRECTION('',(9.681711348709E-02,-5.589738653393E-02,
    -0.993731316159));
#725 = ADVANCED_FACE('',(#726),#744,.T.);
#726 = FACE_BOUND('',#727,.F.);
#727 = EDGE_LOOP('',(#728,#736,#737,#738));
#728 = ORIENTED_EDGE('',*,*,#729,.T.);
#729 = EDGE_CURVE('',#730,#352,#732,.T.);
#730 = VERTEX_POINT('',#731);
#731 = CARTESIAN_POINT('',(4.536456405749,-8.392627018922,52.));
#732 = LINE('',#733,#734);
#733 = CARTESIAN_POINT('',(4.536456405749,-8.392627018922,52.));
#734 = VECTOR('',#735,1.);
#735 = DIRECTION('',(0.5,0.866025403784,0.));
#736 = ORIENTED_EDGE('',*,*,#351,.T.);
#737 = ORIENTED_EDGE('',*,*,#705,.F.);
#738 = ORIENTED_EDGE('',*,*,#739,.F.);
#739 = EDGE_CURVE('',#730,#706,#740,.T.);
#740 = LINE('',#741,#742);
#741 = CARTESIAN_POINT('',(4.536456405749,-8.392627018922,52.));
#742 = VECTOR('',#743,1.);
#743 = DIRECTION('',(0.,0.,1.));
#744 = PLANE('',#745);
#745 = AXIS2_PLACEMENT_3D('',#746,#747,#748);
#746 = CARTESIAN_POINT('',(4.536456405749,-8.392627018922,52.));
#747 = DIRECTION('',(-0.866025403784,0.5,0.));
#748 = DIRECTION('',(0.,0.,-1.));
#749 = ADVANCED_FACE('',(#750),#768,.T.);
#750 = FACE_BOUND('',#751,.F.);
#751 = EDGE_LOOP('',(#752,#760,#761,#762));
#752 = ORIENTED_EDGE('',*,*,#753,.T.);
#753 = EDGE_CURVE('',#754,#360,#756,.T.);
#754 = VERTEX_POINT('',#755);
#755 = CARTESIAN_POINT('',(3.562177826491,-7.830127018922,46.2));
#756 = LINE('',#757,#758);
#757 = CARTESIAN_POINT('',(3.562177826491,-7.830127018922,46.2));
#758 = VECTOR('',#759,1.);
#759 = DIRECTION('',(0.5,0.866025403784,0.));
#760 = ORIENTED_EDGE('',*,*,#359,.T.);
#761 = ORIENTED_EDGE('',*,*,#729,.F.);
#762 = ORIENTED_EDGE('',*,*,#763,.F.);
#763 = EDGE_CURVE('',#754,#730,#764,.T.);
#764 = LINE('',#765,#766);
#765 = CARTESIAN_POINT('',(3.562177826491,-7.830127018922,46.2));
#766 = VECTOR('',#767,1.);
#767 = DIRECTION('',(0.164905615492,-9.520830149521E-02,0.981703375417)
  );
#768 = PLANE('',#769);
#769 = AXIS2_PLACEMENT_3D('',#770,#771,#772);
#770 = CARTESIAN_POINT('',(3.562177826491,-7.830127018922,46.2));
#771 = DIRECTION('',(-0.850180062092,0.490851687709,0.19041660299));
#772 = DIRECTION('',(-0.164905615492,9.520830149521E-02,-0.981703375417)
  );
#773 = ADVANCED_FACE('',(#774),#792,.T.);
#774 = FACE_BOUND('',#775,.F.);
#775 = EDGE_LOOP('',(#776,#784,#790,#791));
#776 = ORIENTED_EDGE('',*,*,#777,.F.);
#777 = EDGE_CURVE('',#778,#754,#780,.T.);
#778 = VERTEX_POINT('',#779);
#779 = CARTESIAN_POINT('',(3.562177826491,-7.830127018922,44.));
#780 = LINE('',#781,#782);
#781 = CARTESIAN_POINT('',(3.562177826491,-7.830127018922,44.));
#782 = VECTOR('',#783,1.);
#783 = DIRECTION('',(0.,0.,1.));
#784 = ORIENTED_EDGE('',*,*,#785,.T.);
#785 = EDGE_CURVE('',#778,#237,#786,.T.);
#786 = LINE('',#787,#788);
#787 = CARTESIAN_POINT('',(3.562177826491,-7.830127018922,44.));
#788 = VECTOR('',#789,1.);
#789 = DIRECTION('',(0.5,0.866025403784,0.));
#790 = ORIENTED_EDGE('',*,*,#367,.T.);
#791 = ORIENTED_EDGE('',*,*,#753,.F.);
#792 = PLANE('',#793);
#793 = AXIS2_PLACEMENT_3D('',#794,#795,#796);
#794 = CARTESIAN_POINT('',(6.062177826491,-3.5,45.1));
#795 = DIRECTION('',(-0.866025403784,0.5,0.));
#796 = DIRECTION('',(0.,0.,-1.));
#797 = ADVANCED_FACE('',(#798),#831,.T.);
#798 = FACE_BOUND('',#799,.F.);
#799 = EDGE_LOOP('',(#800,#808,#809,#810,#811,#812,#813,#814,#815,#816,
    #817,#825));
#800 = ORIENTED_EDGE('',*,*,#801,.T.);
#801 = EDGE_CURVE('',#802,#778,#804,.T.);
#802 = VERTEX_POINT('',#803);
#803 = CARTESIAN_POINT('',(3.799617482997,-7.967212868522,44.));
#804 = LINE('',#805,#806);
#805 = CARTESIAN_POINT('',(7.892304845413,-10.33012701892,44.));
#806 = VECTOR('',#807,1.);
#807 = DIRECTION('',(-0.866025403784,0.5,0.));
#808 = ORIENTED_EDGE('',*,*,#777,.T.);
#809 = ORIENTED_EDGE('',*,*,#763,.T.);
#810 = ORIENTED_EDGE('',*,*,#739,.T.);
#811 = ORIENTED_EDGE('',*,*,#715,.T.);
#812 = ORIENTED_EDGE('',*,*,#691,.T.);
#813 = ORIENTED_EDGE('',*,*,#667,.T.);
#814 = ORIENTED_EDGE('',*,*,#643,.T.);
#815 = ORIENTED_EDGE('',*,*,#619,.T.);
#816 = ORIENTED_EDGE('',*,*,#578,.T.);
#817 = ORIENTED_EDGE('',*,*,#818,.F.);
#818 = EDGE_CURVE('',#819,#581,#821,.T.);
#819 = VERTEX_POINT('',#820);
#820 = CARTESIAN_POINT('',(3.799617482997,-7.967212868522,45.3));
#821 = LINE('',#822,#823);
#822 = CARTESIAN_POINT('',(6.492777207596,-9.52210936049,45.3));
#823 = VECTOR('',#824,1.);
#824 = DIRECTION('',(0.866025403784,-0.5,-0.));
#825 = ORIENTED_EDGE('',*,*,#826,.F.);
#826 = EDGE_CURVE('',#802,#819,#827,.T.);
#827 = LINE('',#828,#829);
#828 = CARTESIAN_POINT('',(3.799617482997,-7.967212868522,
    46.551812471053));
#829 = VECTOR('',#830,1.);
#830 = DIRECTION('',(-0.,-0.,1.));
#831 = PLANE('',#832);
#832 = AXIS2_PLACEMENT_3D('',#833,#834,#835);
#833 = CARTESIAN_POINT('',(5.727241335952,-9.080127018922,
    49.103624942106));
#834 = DIRECTION('',(-0.5,-0.866025403784,-0.));
#835 = DIRECTION('',(0.,0.,1.));
#836 = ADVANCED_FACE('',(#837),#862,.T.);
#837 = FACE_BOUND('',#838,.F.);
#838 = EDGE_LOOP('',(#839,#847,#848,#856));
#839 = ORIENTED_EDGE('',*,*,#840,.F.);
#840 = EDGE_CURVE('',#392,#841,#843,.T.);
#841 = VERTEX_POINT('',#842);
#842 = CARTESIAN_POINT('',(12.827241335952,-6.75,44.));
#843 = LINE('',#844,#845);
#844 = CARTESIAN_POINT('',(10.227241335952,-6.75,44.));
#845 = VECTOR('',#846,1.);
#846 = DIRECTION('',(1.,1.224646799147E-16,-0.));
#847 = ORIENTED_EDGE('',*,*,#391,.T.);
#848 = ORIENTED_EDGE('',*,*,#849,.T.);
#849 = EDGE_CURVE('',#383,#850,#852,.T.);
#850 = VERTEX_POINT('',#851);
#851 = CARTESIAN_POINT('',(12.827241335952,-6.75,45.3));
#852 = LINE('',#853,#854);
#853 = CARTESIAN_POINT('',(10.227241335952,-6.75,45.3));
#854 = VECTOR('',#855,1.);
#855 = DIRECTION('',(1.,1.224646799147E-16,-0.));
#856 = ORIENTED_EDGE('',*,*,#857,.F.);
#857 = EDGE_CURVE('',#841,#850,#858,.T.);
#858 = LINE('',#859,#860);
#859 = CARTESIAN_POINT('',(12.827241335952,-6.75,44.));
#860 = VECTOR('',#861,1.);
#861 = DIRECTION('',(-0.,-0.,1.));
#862 = PLANE('',#863);
#863 = AXIS2_PLACEMENT_3D('',#864,#865,#866);
#864 = CARTESIAN_POINT('',(10.227241335952,-6.75,44.));
#865 = DIRECTION('',(1.224646799147E-16,-1.,0.));
#866 = DIRECTION('',(-0.,0.,-1.));
#867 = ADVANCED_FACE('',(#868),#916,.T.);
#868 = FACE_BOUND('',#869,.F.);
#869 = EDGE_LOOP('',(#870,#880,#888,#894,#895,#901,#902,#910));
#870 = ORIENTED_EDGE('',*,*,#871,.F.);
#871 = EDGE_CURVE('',#872,#874,#876,.T.);
#872 = VERTEX_POINT('',#873);
#873 = CARTESIAN_POINT('',(12.827241335952,-7.25,51.));
#874 = VERTEX_POINT('',#875);
#875 = CARTESIAN_POINT('',(12.827241335952,-2.25,51.));
#876 = LINE('',#877,#878);
#877 = CARTESIAN_POINT('',(12.827241335952,-7.25,51.));
#878 = VECTOR('',#879,1.);
#879 = DIRECTION('',(0.,1.,-0.));
#880 = ORIENTED_EDGE('',*,*,#881,.F.);
#881 = EDGE_CURVE('',#882,#872,#884,.T.);
#882 = VERTEX_POINT('',#883);
#883 = CARTESIAN_POINT('',(12.827241335952,-7.25,44.));
#884 = LINE('',#885,#886);
#885 = CARTESIAN_POINT('',(12.827241335952,-7.25,44.));
#886 = VECTOR('',#887,1.);
#887 = DIRECTION('',(-0.,-0.,1.));
#888 = ORIENTED_EDGE('',*,*,#889,.T.);
#889 = EDGE_CURVE('',#882,#841,#890,.T.);
#890 = LINE('',#891,#892);
#891 = CARTESIAN_POINT('',(12.827241335952,-7.25,44.));
#892 = VECTOR('',#893,1.);
#893 = DIRECTION('',(0.,1.,-0.));
#894 = ORIENTED_EDGE('',*,*,#857,.T.);
#895 = ORIENTED_EDGE('',*,*,#896,.T.);
#896 = EDGE_CURVE('',#850,#424,#897,.T.);
#897 = LINE('',#898,#899);
#898 = CARTESIAN_POINT('',(12.827241335952,-5.,45.3));
#899 = VECTOR('',#900,1.);
#900 = DIRECTION('',(0.,1.,-0.));
#901 = ORIENTED_EDGE('',*,*,#431,.F.);
#902 = ORIENTED_EDGE('',*,*,#903,.T.);
#903 = EDGE_CURVE('',#415,#904,#906,.T.);
#904 = VERTEX_POINT('',#905);
#905 = CARTESIAN_POINT('',(12.827241335952,-2.25,44.));
#906 = LINE('',#907,#908);
#907 = CARTESIAN_POINT('',(12.827241335952,-7.25,44.));
#908 = VECTOR('',#909,1.);
#909 = DIRECTION('',(0.,1.,-0.));
#910 = ORIENTED_EDGE('',*,*,#911,.T.);
#911 = EDGE_CURVE('',#904,#874,#912,.T.);
#912 = LINE('',#913,#914);
#913 = CARTESIAN_POINT('',(12.827241335952,-2.25,44.));
#914 = VECTOR('',#915,1.);
#915 = DIRECTION('',(-0.,-0.,1.));
#916 = PLANE('',#917);
#917 = AXIS2_PLACEMENT_3D('',#918,#919,#920);
#918 = CARTESIAN_POINT('',(12.827241335952,-7.25,44.));
#919 = DIRECTION('',(-1.,0.,-0.));
#920 = DIRECTION('',(0.,0.,-1.));
#921 = ADVANCED_FACE('',(#922),#947,.F.);
#922 = FACE_BOUND('',#923,.T.);
#923 = EDGE_LOOP('',(#924,#932,#933,#941));
#924 = ORIENTED_EDGE('',*,*,#925,.F.);
#925 = EDGE_CURVE('',#548,#926,#928,.T.);
#926 = VERTEX_POINT('',#927);
#927 = CARTESIAN_POINT('',(4.227241335952,-19.5139320225,44.));
#928 = LINE('',#929,#930);
#929 = CARTESIAN_POINT('',(4.227241335952,-14.75,44.));
#930 = VECTOR('',#931,1.);
#931 = DIRECTION('',(-1.110223024625E-16,-1.,0.));
#932 = ORIENTED_EDGE('',*,*,#564,.F.);
#933 = ORIENTED_EDGE('',*,*,#934,.T.);
#934 = EDGE_CURVE('',#557,#935,#937,.T.);
#935 = VERTEX_POINT('',#936);
#936 = CARTESIAN_POINT('',(4.227241335952,-19.5139320225,45.3));
#937 = LINE('',#938,#939);
#938 = CARTESIAN_POINT('',(4.227241335952,-14.75,45.3));
#939 = VECTOR('',#940,1.);
#940 = DIRECTION('',(-1.110223024625E-16,-1.,0.));
#941 = ORIENTED_EDGE('',*,*,#942,.F.);
#942 = EDGE_CURVE('',#926,#935,#943,.T.);
#943 = LINE('',#944,#945);
#944 = CARTESIAN_POINT('',(4.227241335952,-19.5139320225,44.));
#945 = VECTOR('',#946,1.);
#946 = DIRECTION('',(-0.,-0.,1.));
#947 = PLANE('',#948);
#948 = AXIS2_PLACEMENT_3D('',#949,#950,#951);
#949 = CARTESIAN_POINT('',(4.227241335952,-14.75,44.));
#950 = DIRECTION('',(-1.,1.110223024625E-16,-0.));
#951 = DIRECTION('',(0.,0.,-1.));
#952 = ADVANCED_FACE('',(#953),#978,.T.);
#953 = FACE_BOUND('',#954,.F.);
#954 = EDGE_LOOP('',(#955,#963,#964,#972));
#955 = ORIENTED_EDGE('',*,*,#956,.F.);
#956 = EDGE_CURVE('',#802,#957,#959,.T.);
#957 = VERTEX_POINT('',#958);
#958 = CARTESIAN_POINT('',(0.490755051703,-13.75772212328,44.));
#959 = LINE('',#960,#961);
#960 = CARTESIAN_POINT('',(4.490755051703,-6.757722123286,44.));
#961 = VECTOR('',#962,1.);
#962 = DIRECTION('',(-0.496138938357,-0.868243142124,0.));
#963 = ORIENTED_EDGE('',*,*,#826,.T.);
#964 = ORIENTED_EDGE('',*,*,#965,.T.);
#965 = EDGE_CURVE('',#819,#966,#968,.T.);
#966 = VERTEX_POINT('',#967);
#967 = CARTESIAN_POINT('',(0.490755051703,-13.75772212328,45.3));
#968 = LINE('',#969,#970);
#969 = CARTESIAN_POINT('',(4.490755051703,-6.757722123286,45.3));
#970 = VECTOR('',#971,1.);
#971 = DIRECTION('',(-0.496138938357,-0.868243142124,0.));
#972 = ORIENTED_EDGE('',*,*,#973,.F.);
#973 = EDGE_CURVE('',#957,#966,#974,.T.);
#974 = LINE('',#975,#976);
#975 = CARTESIAN_POINT('',(0.490755051703,-13.75772212328,44.));
#976 = VECTOR('',#977,1.);
#977 = DIRECTION('',(0.,0.,1.));
#978 = PLANE('',#979);
#979 = AXIS2_PLACEMENT_3D('',#980,#981,#982);
#980 = CARTESIAN_POINT('',(4.490755051703,-6.757722123286,44.));
#981 = DIRECTION('',(-0.868243142124,0.496138938357,-0.));
#982 = DIRECTION('',(0.,0.,-1.));
#983 = ADVANCED_FACE('',(#984),#1009,.T.);
#984 = FACE_BOUND('',#985,.F.);
#985 = EDGE_LOOP('',(#986,#994,#1002,#1008));
#986 = ORIENTED_EDGE('',*,*,#987,.F.);
#987 = EDGE_CURVE('',#988,#874,#990,.T.);
#988 = VERTEX_POINT('',#989);
#989 = CARTESIAN_POINT('',(13.227241335952,-2.25,51.));
#990 = LINE('',#991,#992);
#991 = CARTESIAN_POINT('',(14.227241335952,-2.25,51.));
#992 = VECTOR('',#993,1.);
#993 = DIRECTION('',(-1.,0.,-0.));
#994 = ORIENTED_EDGE('',*,*,#995,.F.);
#995 = EDGE_CURVE('',#996,#988,#998,.T.);
#996 = VERTEX_POINT('',#997);
#997 = CARTESIAN_POINT('',(13.227241335952,-7.25,51.));
#998 = LINE('',#999,#1000);
#999 = CARTESIAN_POINT('',(13.227241335952,-10.75,51.));
#1000 = VECTOR('',#1001,1.);
#1001 = DIRECTION('',(-0.,1.,-0.));
#1002 = ORIENTED_EDGE('',*,*,#1003,.T.);
#1003 = EDGE_CURVE('',#996,#872,#1004,.T.);
#1004 = LINE('',#1005,#1006);
#1005 = CARTESIAN_POINT('',(14.227241335952,-7.25,51.));
#1006 = VECTOR('',#1007,1.);
#1007 = DIRECTION('',(-1.,0.,-0.));
#1008 = ORIENTED_EDGE('',*,*,#871,.T.);
#1009 = PLANE('',#1010);
#1010 = AXIS2_PLACEMENT_3D('',#1011,#1012,#1013);
#1011 = CARTESIAN_POINT('',(14.227241335952,-7.25,51.));
#1012 = DIRECTION('',(-0.,-0.,1.));
#1013 = DIRECTION('',(1.,-0.,0.));
#1014 = ADVANCED_FACE('',(#1015),#1042,.T.);
#1015 = FACE_BOUND('',#1016,.F.);
#1016 = EDGE_LOOP('',(#1017,#1018,#1026,#1034,#1041));
#1017 = ORIENTED_EDGE('',*,*,#911,.F.);
#1018 = ORIENTED_EDGE('',*,*,#1019,.F.);
#1019 = EDGE_CURVE('',#1020,#904,#1022,.T.);
#1020 = VERTEX_POINT('',#1021);
#1021 = CARTESIAN_POINT('',(14.227241335952,-2.25,44.));
#1022 = LINE('',#1023,#1024);
#1023 = CARTESIAN_POINT('',(14.227241335952,-2.25,44.));
#1024 = VECTOR('',#1025,1.);
#1025 = DIRECTION('',(-1.,0.,-0.));
#1026 = ORIENTED_EDGE('',*,*,#1027,.T.);
#1027 = EDGE_CURVE('',#1020,#1028,#1030,.T.);
#1028 = VERTEX_POINT('',#1029);
#1029 = CARTESIAN_POINT('',(14.227241335952,-2.25,48.7639320225));
#1030 = LINE('',#1031,#1032);
#1031 = CARTESIAN_POINT('',(14.227241335952,-2.25,44.));
#1032 = VECTOR('',#1033,1.);
#1033 = DIRECTION('',(-0.,-0.,1.));
#1034 = ORIENTED_EDGE('',*,*,#1035,.F.);
#1035 = EDGE_CURVE('',#988,#1028,#1036,.T.);
#1036 = CIRCLE('',#1037,3.);
#1037 = AXIS2_PLACEMENT_3D('',#1038,#1039,#1040);
#1038 = CARTESIAN_POINT('',(16.227241335952,-2.25,51.));
#1039 = DIRECTION('',(0.,-1.,-0.));
#1040 = DIRECTION('',(-0.,-0.,1.));
#1041 = ORIENTED_EDGE('',*,*,#987,.T.);
#1042 = PLANE('',#1043);
#1043 = AXIS2_PLACEMENT_3D('',#1044,#1045,#1046);
#1044 = CARTESIAN_POINT('',(14.227241335952,-2.25,44.));
#1045 = DIRECTION('',(0.,1.,-0.));
#1046 = DIRECTION('',(0.,0.,-1.));
#1047 = ADVANCED_FACE('',(#1048),#1075,.F.);
#1048 = FACE_BOUND('',#1049,.T.);
#1049 = EDGE_LOOP('',(#1050,#1051,#1059,#1067,#1074));
#1050 = ORIENTED_EDGE('',*,*,#881,.F.);
#1051 = ORIENTED_EDGE('',*,*,#1052,.F.);
#1052 = EDGE_CURVE('',#1053,#882,#1055,.T.);
#1053 = VERTEX_POINT('',#1054);
#1054 = CARTESIAN_POINT('',(14.227241335952,-7.25,44.));
#1055 = LINE('',#1056,#1057);
#1056 = CARTESIAN_POINT('',(14.227241335952,-7.25,44.));
#1057 = VECTOR('',#1058,1.);
#1058 = DIRECTION('',(-1.,0.,-0.));
#1059 = ORIENTED_EDGE('',*,*,#1060,.T.);
#1060 = EDGE_CURVE('',#1053,#1061,#1063,.T.);
#1061 = VERTEX_POINT('',#1062);
#1062 = CARTESIAN_POINT('',(14.227241335952,-7.25,48.7639320225));
#1063 = LINE('',#1064,#1065);
#1064 = CARTESIAN_POINT('',(14.227241335952,-7.25,44.));
#1065 = VECTOR('',#1066,1.);
#1066 = DIRECTION('',(-0.,-0.,1.));
#1067 = ORIENTED_EDGE('',*,*,#1068,.F.);
#1068 = EDGE_CURVE('',#996,#1061,#1069,.T.);
#1069 = CIRCLE('',#1070,3.);
#1070 = AXIS2_PLACEMENT_3D('',#1071,#1072,#1073);
#1071 = CARTESIAN_POINT('',(16.227241335952,-7.25,51.));
#1072 = DIRECTION('',(0.,-1.,-0.));
#1073 = DIRECTION('',(-0.,-0.,1.));
#1074 = ORIENTED_EDGE('',*,*,#1003,.T.);
#1075 = PLANE('',#1076);
#1076 = AXIS2_PLACEMENT_3D('',#1077,#1078,#1079);
#1077 = CARTESIAN_POINT('',(14.227241335952,-7.25,44.));
#1078 = DIRECTION('',(0.,1.,-0.));
#1079 = DIRECTION('',(0.,0.,-1.));
#1080 = ADVANCED_FACE('',(#1081),#1108,.T.);
#1081 = FACE_BOUND('',#1082,.F.);
#1082 = EDGE_LOOP('',(#1083,#1092,#1100,#1107));
#1083 = ORIENTED_EDGE('',*,*,#1084,.F.);
#1084 = EDGE_CURVE('',#1085,#966,#1087,.T.);
#1085 = VERTEX_POINT('',#1086);
#1086 = CARTESIAN_POINT('',(0.227241335952,-14.75,45.3));
#1087 = CIRCLE('',#1088,2.);
#1088 = AXIS2_PLACEMENT_3D('',#1089,#1090,#1091);
#1089 = CARTESIAN_POINT('',(2.227241335952,-14.75,45.3));
#1090 = DIRECTION('',(0.,-0.,-1.));
#1091 = DIRECTION('',(-1.,0.,-0.));
#1092 = ORIENTED_EDGE('',*,*,#1093,.F.);
#1093 = EDGE_CURVE('',#1094,#1085,#1096,.T.);
#1094 = VERTEX_POINT('',#1095);
#1095 = CARTESIAN_POINT('',(0.227241335952,-14.75,44.));
#1096 = LINE('',#1097,#1098);
#1097 = CARTESIAN_POINT('',(0.227241335952,-14.75,44.));
#1098 = VECTOR('',#1099,1.);
#1099 = DIRECTION('',(-0.,-0.,1.));
#1100 = ORIENTED_EDGE('',*,*,#1101,.T.);
#1101 = EDGE_CURVE('',#1094,#957,#1102,.T.);
#1102 = CIRCLE('',#1103,2.);
#1103 = AXIS2_PLACEMENT_3D('',#1104,#1105,#1106);
#1104 = CARTESIAN_POINT('',(2.227241335952,-14.75,44.));
#1105 = DIRECTION('',(0.,-0.,-1.));
#1106 = DIRECTION('',(-1.,0.,-0.));
#1107 = ORIENTED_EDGE('',*,*,#973,.T.);
#1108 = CYLINDRICAL_SURFACE('',#1109,2.);
#1109 = AXIS2_PLACEMENT_3D('',#1110,#1111,#1112);
#1110 = CARTESIAN_POINT('',(2.227241335952,-14.75,44.));
#1111 = DIRECTION('',(-0.,-0.,1.));
#1112 = DIRECTION('',(-1.,0.,-0.));
#1113 = ADVANCED_FACE('',(#1114,#1150),#1161,.T.);
#1114 = FACE_BOUND('',#1115,.F.);
#1115 = EDGE_LOOP('',(#1116,#1127,#1135,#1144));
#1116 = ORIENTED_EDGE('',*,*,#1117,.F.);
#1117 = EDGE_CURVE('',#1118,#1120,#1122,.T.);
#1118 = VERTEX_POINT('',#1119);
#1119 = CARTESIAN_POINT('',(16.227241335952,1.25,54.));
#1120 = VERTEX_POINT('',#1121);
#1121 = CARTESIAN_POINT('',(16.227241335952,1.25,48.));
#1122 = CIRCLE('',#1123,3.);
#1123 = AXIS2_PLACEMENT_3D('',#1124,#1125,#1126);
#1124 = CARTESIAN_POINT('',(16.227241335952,1.25,51.));
#1125 = DIRECTION('',(0.,-1.,-0.));
#1126 = DIRECTION('',(-0.,-0.,1.));
#1127 = ORIENTED_EDGE('',*,*,#1128,.F.);
#1128 = EDGE_CURVE('',#1129,#1118,#1131,.T.);
#1129 = VERTEX_POINT('',#1130);
#1130 = CARTESIAN_POINT('',(16.227241335952,-10.75,54.));
#1131 = LINE('',#1132,#1133);
#1132 = CARTESIAN_POINT('',(16.227241335952,-10.75,54.));
#1133 = VECTOR('',#1134,1.);
#1134 = DIRECTION('',(-0.,1.,-0.));
#1135 = ORIENTED_EDGE('',*,*,#1136,.T.);
#1136 = EDGE_CURVE('',#1129,#1137,#1139,.T.);
#1137 = VERTEX_POINT('',#1138);
#1138 = CARTESIAN_POINT('',(16.227241335952,-10.75,48.));
#1139 = CIRCLE('',#1140,3.);
#1140 = AXIS2_PLACEMENT_3D('',#1141,#1142,#1143);
#1141 = CARTESIAN_POINT('',(16.227241335952,-10.75,51.));
#1142 = DIRECTION('',(0.,-1.,-0.));
#1143 = DIRECTION('',(-0.,-0.,1.));
#1144 = ORIENTED_EDGE('',*,*,#1145,.T.);
#1145 = EDGE_CURVE('',#1137,#1120,#1146,.T.);
#1146 = LINE('',#1147,#1148);
#1147 = CARTESIAN_POINT('',(16.227241335952,-10.75,48.));
#1148 = VECTOR('',#1149,1.);
#1149 = DIRECTION('',(-0.,1.,-0.));
#1150 = FACE_BOUND('',#1151,.F.);
#1151 = EDGE_LOOP('',(#1152,#1153,#1154,#1155));
#1152 = ORIENTED_EDGE('',*,*,#1068,.F.);
#1153 = ORIENTED_EDGE('',*,*,#995,.T.);
#1154 = ORIENTED_EDGE('',*,*,#1035,.T.);
#1155 = ORIENTED_EDGE('',*,*,#1156,.F.);
#1156 = EDGE_CURVE('',#1061,#1028,#1157,.T.);
#1157 = LINE('',#1158,#1159);
#1158 = CARTESIAN_POINT('',(14.227241335952,-10.75,48.7639320225));
#1159 = VECTOR('',#1160,1.);
#1160 = DIRECTION('',(-0.,1.,-0.));
#1161 = CYLINDRICAL_SURFACE('',#1162,3.);
#1162 = AXIS2_PLACEMENT_3D('',#1163,#1164,#1165);
#1163 = CARTESIAN_POINT('',(16.227241335952,-10.75,51.));
#1164 = DIRECTION('',(-0.,1.,-0.));
#1165 = DIRECTION('',(-0.,-0.,1.));
#1166 = ADVANCED_FACE('',(#1167),#1210,.F.);
#1167 = FACE_BOUND('',#1168,.T.);
#1168 = EDGE_LOOP('',(#1169,#1170,#1171,#1172,#1180,#1188,#1196,#1204));
#1169 = ORIENTED_EDGE('',*,*,#1027,.T.);
#1170 = ORIENTED_EDGE('',*,*,#1156,.F.);
#1171 = ORIENTED_EDGE('',*,*,#1060,.F.);
#1172 = ORIENTED_EDGE('',*,*,#1173,.T.);
#1173 = EDGE_CURVE('',#1053,#1174,#1176,.T.);
#1174 = VERTEX_POINT('',#1175);
#1175 = CARTESIAN_POINT('',(14.227241335952,-6.62349939952,44.));
#1176 = LINE('',#1177,#1178);
#1177 = CARTESIAN_POINT('',(14.227241335952,-7.25,44.));
#1178 = VECTOR('',#1179,1.);
#1179 = DIRECTION('',(0.,1.,-0.));
#1180 = ORIENTED_EDGE('',*,*,#1181,.T.);
#1181 = EDGE_CURVE('',#1174,#1182,#1184,.T.);
#1182 = VERTEX_POINT('',#1183);
#1183 = CARTESIAN_POINT('',(14.227241335952,-6.62349939952,45.3));
#1184 = LINE('',#1185,#1186);
#1185 = CARTESIAN_POINT('',(14.227241335952,-6.62349939952,44.));
#1186 = VECTOR('',#1187,1.);
#1187 = DIRECTION('',(-0.,-0.,1.));
#1188 = ORIENTED_EDGE('',*,*,#1189,.T.);
#1189 = EDGE_CURVE('',#1182,#1190,#1192,.T.);
#1190 = VERTEX_POINT('',#1191);
#1191 = CARTESIAN_POINT('',(14.227241335952,-2.87650060048,45.3));
#1192 = LINE('',#1193,#1194);
#1193 = CARTESIAN_POINT('',(14.227241335952,-6.,45.3));
#1194 = VECTOR('',#1195,1.);
#1195 = DIRECTION('',(0.,1.,-0.));
#1196 = ORIENTED_EDGE('',*,*,#1197,.F.);
#1197 = EDGE_CURVE('',#1198,#1190,#1200,.T.);
#1198 = VERTEX_POINT('',#1199);
#1199 = CARTESIAN_POINT('',(14.227241335952,-2.87650060048,44.));
#1200 = LINE('',#1201,#1202);
#1201 = CARTESIAN_POINT('',(14.227241335952,-2.87650060048,44.));
#1202 = VECTOR('',#1203,1.);
#1203 = DIRECTION('',(-0.,-0.,1.));
#1204 = ORIENTED_EDGE('',*,*,#1205,.T.);
#1205 = EDGE_CURVE('',#1198,#1020,#1206,.T.);
#1206 = LINE('',#1207,#1208);
#1207 = CARTESIAN_POINT('',(14.227241335952,-7.25,44.));
#1208 = VECTOR('',#1209,1.);
#1209 = DIRECTION('',(0.,1.,-0.));
#1210 = PLANE('',#1211);
#1211 = AXIS2_PLACEMENT_3D('',#1212,#1213,#1214);
#1212 = CARTESIAN_POINT('',(14.227241335952,-7.25,44.));
#1213 = DIRECTION('',(-1.,0.,-0.));
#1214 = DIRECTION('',(0.,0.,-1.));
#1215 = ADVANCED_FACE('',(#1216),#1241,.T.);
#1216 = FACE_BOUND('',#1217,.F.);
#1217 = EDGE_LOOP('',(#1218,#1226,#1227,#1235));
#1218 = ORIENTED_EDGE('',*,*,#1219,.F.);
#1219 = EDGE_CURVE('',#1094,#1220,#1222,.T.);
#1220 = VERTEX_POINT('',#1221);
#1221 = CARTESIAN_POINT('',(0.227241335952,-19.5139320225,44.));
#1222 = LINE('',#1223,#1224);
#1223 = CARTESIAN_POINT('',(0.227241335952,-14.75,44.));
#1224 = VECTOR('',#1225,1.);
#1225 = DIRECTION('',(-1.110223024625E-16,-1.,0.));
#1226 = ORIENTED_EDGE('',*,*,#1093,.T.);
#1227 = ORIENTED_EDGE('',*,*,#1228,.T.);
#1228 = EDGE_CURVE('',#1085,#1229,#1231,.T.);
#1229 = VERTEX_POINT('',#1230);
#1230 = CARTESIAN_POINT('',(0.227241335952,-19.5139320225,45.3));
#1231 = LINE('',#1232,#1233);
#1232 = CARTESIAN_POINT('',(0.227241335952,-14.75,45.3));
#1233 = VECTOR('',#1234,1.);
#1234 = DIRECTION('',(-1.110223024625E-16,-1.,0.));
#1235 = ORIENTED_EDGE('',*,*,#1236,.F.);
#1236 = EDGE_CURVE('',#1220,#1229,#1237,.T.);
#1237 = LINE('',#1238,#1239);
#1238 = CARTESIAN_POINT('',(0.227241335952,-19.5139320225,44.));
#1239 = VECTOR('',#1240,1.);
#1240 = DIRECTION('',(-0.,-0.,1.));
#1241 = PLANE('',#1242);
#1242 = AXIS2_PLACEMENT_3D('',#1243,#1244,#1245);
#1243 = CARTESIAN_POINT('',(0.227241335952,-14.75,44.));
#1244 = DIRECTION('',(-1.,1.110223024625E-16,-0.));
#1245 = DIRECTION('',(0.,0.,-1.));
#1246 = ADVANCED_FACE('',(#1247),#1273,.T.);
#1247 = FACE_BOUND('',#1248,.F.);
#1248 = EDGE_LOOP('',(#1249,#1257,#1258,#1266));
#1249 = ORIENTED_EDGE('',*,*,#1250,.F.);
#1250 = EDGE_CURVE('',#1118,#1251,#1253,.T.);
#1251 = VERTEX_POINT('',#1252);
#1252 = CARTESIAN_POINT('',(16.227241335952,1.25,53.5));
#1253 = LINE('',#1254,#1255);
#1254 = CARTESIAN_POINT('',(16.227241335952,1.25,49.));
#1255 = VECTOR('',#1256,1.);
#1256 = DIRECTION('',(-0.,-0.,-1.));
#1257 = ORIENTED_EDGE('',*,*,#1117,.T.);
#1258 = ORIENTED_EDGE('',*,*,#1259,.F.);
#1259 = EDGE_CURVE('',#1260,#1120,#1262,.T.);
#1260 = VERTEX_POINT('',#1261);
#1261 = CARTESIAN_POINT('',(16.227241335952,1.25,48.5));
#1262 = LINE('',#1263,#1264);
#1263 = CARTESIAN_POINT('',(16.227241335952,1.25,49.));
#1264 = VECTOR('',#1265,1.);
#1265 = DIRECTION('',(-0.,-0.,-1.));
#1266 = ORIENTED_EDGE('',*,*,#1267,.F.);
#1267 = EDGE_CURVE('',#1251,#1260,#1268,.T.);
#1268 = CIRCLE('',#1269,2.5);
#1269 = AXIS2_PLACEMENT_3D('',#1270,#1271,#1272);
#1270 = CARTESIAN_POINT('',(16.227241335952,1.25,51.));
#1271 = DIRECTION('',(0.,-1.,-0.));
#1272 = DIRECTION('',(-0.,-0.,1.));
#1273 = PLANE('',#1274);
#1274 = AXIS2_PLACEMENT_3D('',#1275,#1276,#1277);
#1275 = CARTESIAN_POINT('',(16.227241335952,1.25,51.));
#1276 = DIRECTION('',(-0.,1.,-0.));
#1277 = DIRECTION('',(0.,0.,-1.));
#1278 = ADVANCED_FACE('',(#1279),#1297,.F.);
#1279 = FACE_BOUND('',#1280,.T.);
#1280 = EDGE_LOOP('',(#1281,#1282,#1290,#1296));
#1281 = ORIENTED_EDGE('',*,*,#1128,.F.);
#1282 = ORIENTED_EDGE('',*,*,#1283,.T.);
#1283 = EDGE_CURVE('',#1129,#1284,#1286,.T.);
#1284 = VERTEX_POINT('',#1285);
#1285 = CARTESIAN_POINT('',(16.227241335952,-10.75,53.5));
#1286 = LINE('',#1287,#1288);
#1287 = CARTESIAN_POINT('',(16.227241335952,-10.75,49.));
#1288 = VECTOR('',#1289,1.);
#1289 = DIRECTION('',(-0.,-0.,-1.));
#1290 = ORIENTED_EDGE('',*,*,#1291,.T.);
#1291 = EDGE_CURVE('',#1284,#1251,#1292,.T.);
#1292 = LINE('',#1293,#1294);
#1293 = CARTESIAN_POINT('',(16.227241335952,-10.85,53.5));
#1294 = VECTOR('',#1295,1.);
#1295 = DIRECTION('',(-0.,1.,-0.));
#1296 = ORIENTED_EDGE('',*,*,#1250,.F.);
#1297 = PLANE('',#1298);
#1298 = AXIS2_PLACEMENT_3D('',#1299,#1300,#1301);
#1299 = CARTESIAN_POINT('',(16.227241335952,-10.85,47.));
#1300 = DIRECTION('',(-1.,0.,-0.));
#1301 = DIRECTION('',(0.,0.,-1.));
#1302 = ADVANCED_FACE('',(#1303),#1321,.F.);
#1303 = FACE_BOUND('',#1304,.T.);
#1304 = EDGE_LOOP('',(#1305,#1313,#1314,#1315));
#1305 = ORIENTED_EDGE('',*,*,#1306,.T.);
#1306 = EDGE_CURVE('',#1307,#1137,#1309,.T.);
#1307 = VERTEX_POINT('',#1308);
#1308 = CARTESIAN_POINT('',(16.227241335952,-10.75,48.5));
#1309 = LINE('',#1310,#1311);
#1310 = CARTESIAN_POINT('',(16.227241335952,-10.75,49.));
#1311 = VECTOR('',#1312,1.);
#1312 = DIRECTION('',(-0.,-0.,-1.));
#1313 = ORIENTED_EDGE('',*,*,#1145,.T.);
#1314 = ORIENTED_EDGE('',*,*,#1259,.F.);
#1315 = ORIENTED_EDGE('',*,*,#1316,.F.);
#1316 = EDGE_CURVE('',#1307,#1260,#1317,.T.);
#1317 = LINE('',#1318,#1319);
#1318 = CARTESIAN_POINT('',(16.227241335952,-10.85,48.5));
#1319 = VECTOR('',#1320,1.);
#1320 = DIRECTION('',(-0.,1.,-0.));
#1321 = PLANE('',#1322);
#1322 = AXIS2_PLACEMENT_3D('',#1323,#1324,#1325);
#1323 = CARTESIAN_POINT('',(16.227241335952,-10.85,47.));
#1324 = DIRECTION('',(-1.,0.,-0.));
#1325 = DIRECTION('',(0.,0.,-1.));
#1326 = ADVANCED_FACE('',(#1327),#1339,.F.);
#1327 = FACE_BOUND('',#1328,.T.);
#1328 = EDGE_LOOP('',(#1329,#1330,#1331,#1332));
#1329 = ORIENTED_EDGE('',*,*,#1283,.F.);
#1330 = ORIENTED_EDGE('',*,*,#1136,.T.);
#1331 = ORIENTED_EDGE('',*,*,#1306,.F.);
#1332 = ORIENTED_EDGE('',*,*,#1333,.F.);
#1333 = EDGE_CURVE('',#1284,#1307,#1334,.T.);
#1334 = CIRCLE('',#1335,2.5);
#1335 = AXIS2_PLACEMENT_3D('',#1336,#1337,#1338);
#1336 = CARTESIAN_POINT('',(16.227241335952,-10.75,51.));
#1337 = DIRECTION('',(0.,-1.,-0.));
#1338 = DIRECTION('',(-0.,-0.,1.));
#1339 = PLANE('',#1340);
#1340 = AXIS2_PLACEMENT_3D('',#1341,#1342,#1343);
#1341 = CARTESIAN_POINT('',(16.227241335952,-10.75,51.));
#1342 = DIRECTION('',(-0.,1.,-0.));
#1343 = DIRECTION('',(0.,0.,-1.));
#1344 = ADVANCED_FACE('',(#1345),#1363,.T.);
#1345 = FACE_BOUND('',#1346,.F.);
#1346 = EDGE_LOOP('',(#1347,#1354,#1355,#1362));
#1347 = ORIENTED_EDGE('',*,*,#1348,.F.);
#1348 = EDGE_CURVE('',#1190,#1182,#1349,.T.);
#1349 = CIRCLE('',#1350,2.);
#1350 = AXIS2_PLACEMENT_3D('',#1351,#1352,#1353);
#1351 = CARTESIAN_POINT('',(13.527241335952,-4.75,45.3));
#1352 = DIRECTION('',(0.,-0.,-1.));
#1353 = DIRECTION('',(-1.,0.,-0.));
#1354 = ORIENTED_EDGE('',*,*,#1197,.F.);
#1355 = ORIENTED_EDGE('',*,*,#1356,.T.);
#1356 = EDGE_CURVE('',#1198,#1174,#1357,.T.);
#1357 = CIRCLE('',#1358,2.);
#1358 = AXIS2_PLACEMENT_3D('',#1359,#1360,#1361);
#1359 = CARTESIAN_POINT('',(13.527241335952,-4.75,44.));
#1360 = DIRECTION('',(0.,-0.,-1.));
#1361 = DIRECTION('',(-1.,0.,-0.));
#1362 = ORIENTED_EDGE('',*,*,#1181,.T.);
#1363 = CYLINDRICAL_SURFACE('',#1364,2.);
#1364 = AXIS2_PLACEMENT_3D('',#1365,#1366,#1367);
#1365 = CARTESIAN_POINT('',(13.527241335952,-4.75,44.));
#1366 = DIRECTION('',(-0.,-0.,1.));
#1367 = DIRECTION('',(-1.,0.,-0.));
#1368 = ADVANCED_FACE('',(#1369),#1373,.T.);
#1369 = FACE_BOUND('',#1370,.F.);
#1370 = EDGE_LOOP('',(#1371,#1372));
#1371 = ORIENTED_EDGE('',*,*,#1189,.T.);
#1372 = ORIENTED_EDGE('',*,*,#1348,.T.);
#1373 = PLANE('',#1374);
#1374 = AXIS2_PLACEMENT_3D('',#1375,#1376,#1377);
#1375 = CARTESIAN_POINT('',(13.527241335952,-4.75,45.3));
#1376 = DIRECTION('',(-0.,-0.,1.));
#1377 = DIRECTION('',(1.,-0.,0.));
#1378 = ADVANCED_FACE('',(#1379),#1418,.T.);
#1379 = FACE_BOUND('',#1380,.F.);
#1380 = EDGE_LOOP('',(#1381,#1382,#1383,#1384,#1385,#1386,#1395,#1402,
    #1403,#1404,#1405,#1406,#1407,#1408,#1409,#1410,#1411,#1412,#1413,
    #1414,#1415,#1416,#1417));
#1381 = ORIENTED_EDGE('',*,*,#785,.F.);
#1382 = ORIENTED_EDGE('',*,*,#801,.F.);
#1383 = ORIENTED_EDGE('',*,*,#956,.T.);
#1384 = ORIENTED_EDGE('',*,*,#1101,.F.);
#1385 = ORIENTED_EDGE('',*,*,#1219,.T.);
#1386 = ORIENTED_EDGE('',*,*,#1387,.F.);
#1387 = EDGE_CURVE('',#1388,#1220,#1390,.T.);
#1388 = VERTEX_POINT('',#1389);
#1389 = CARTESIAN_POINT('',(-0.772758664048,-21.75,44.));
#1390 = CIRCLE('',#1391,3.);
#1391 = AXIS2_PLACEMENT_3D('',#1392,#1393,#1394);
#1392 = CARTESIAN_POINT('',(2.227241335952,-21.75,44.));
#1393 = DIRECTION('',(0.,-0.,-1.));
#1394 = DIRECTION('',(-1.,0.,-0.));
#1395 = ORIENTED_EDGE('',*,*,#1396,.F.);
#1396 = EDGE_CURVE('',#926,#1388,#1397,.T.);
#1397 = CIRCLE('',#1398,3.);
#1398 = AXIS2_PLACEMENT_3D('',#1399,#1400,#1401);
#1399 = CARTESIAN_POINT('',(2.227241335952,-21.75,44.));
#1400 = DIRECTION('',(0.,-0.,-1.));
#1401 = DIRECTION('',(-1.,0.,-0.));
#1402 = ORIENTED_EDGE('',*,*,#925,.F.);
#1403 = ORIENTED_EDGE('',*,*,#547,.F.);
#1404 = ORIENTED_EDGE('',*,*,#155,.F.);
#1405 = ORIENTED_EDGE('',*,*,#61,.T.);
#1406 = ORIENTED_EDGE('',*,*,#399,.F.);
#1407 = ORIENTED_EDGE('',*,*,#840,.T.);
#1408 = ORIENTED_EDGE('',*,*,#889,.F.);
#1409 = ORIENTED_EDGE('',*,*,#1052,.F.);
#1410 = ORIENTED_EDGE('',*,*,#1173,.T.);
#1411 = ORIENTED_EDGE('',*,*,#1356,.F.);
#1412 = ORIENTED_EDGE('',*,*,#1205,.T.);
#1413 = ORIENTED_EDGE('',*,*,#1019,.T.);
#1414 = ORIENTED_EDGE('',*,*,#903,.F.);
#1415 = ORIENTED_EDGE('',*,*,#414,.F.);
#1416 = ORIENTED_EDGE('',*,*,#86,.T.);
#1417 = ORIENTED_EDGE('',*,*,#236,.T.);
#1418 = PLANE('',#1419);
#1419 = AXIS2_PLACEMENT_3D('',#1420,#1421,#1422);
#1420 = CARTESIAN_POINT('',(6.338395154452,-10.9343532328,44.));
#1421 = DIRECTION('',(-0.,-0.,-1.));
#1422 = DIRECTION('',(-1.,0.,0.));
#1423 = ADVANCED_FACE('',(#1424),#1431,.T.);
#1424 = FACE_BOUND('',#1425,.F.);
#1425 = EDGE_LOOP('',(#1426,#1427,#1428,#1429,#1430));
#1426 = ORIENTED_EDGE('',*,*,#382,.T.);
#1427 = ORIENTED_EDGE('',*,*,#102,.T.);
#1428 = ORIENTED_EDGE('',*,*,#423,.T.);
#1429 = ORIENTED_EDGE('',*,*,#896,.F.);
#1430 = ORIENTED_EDGE('',*,*,#849,.F.);
#1431 = PLANE('',#1432);
#1432 = AXIS2_PLACEMENT_3D('',#1433,#1434,#1435);
#1433 = CARTESIAN_POINT('',(11.820282410239,-5.129531595781,45.3));
#1434 = DIRECTION('',(-0.,-0.,1.));
#1435 = DIRECTION('',(1.,-0.,0.));
#1436 = ADVANCED_FACE('',(#1437),#1465,.T.);
#1437 = FACE_BOUND('',#1438,.F.);
#1438 = EDGE_LOOP('',(#1439,#1440,#1441,#1442,#1443,#1444,#1453,#1460,
    #1461,#1462,#1463,#1464));
#1439 = ORIENTED_EDGE('',*,*,#295,.F.);
#1440 = ORIENTED_EDGE('',*,*,#533,.T.);
#1441 = ORIENTED_EDGE('',*,*,#171,.T.);
#1442 = ORIENTED_EDGE('',*,*,#556,.T.);
#1443 = ORIENTED_EDGE('',*,*,#934,.T.);
#1444 = ORIENTED_EDGE('',*,*,#1445,.T.);
#1445 = EDGE_CURVE('',#935,#1446,#1448,.T.);
#1446 = VERTEX_POINT('',#1447);
#1447 = CARTESIAN_POINT('',(-0.772758664048,-21.75,45.3));
#1448 = CIRCLE('',#1449,3.);
#1449 = AXIS2_PLACEMENT_3D('',#1450,#1451,#1452);
#1450 = CARTESIAN_POINT('',(2.227241335952,-21.75,45.3));
#1451 = DIRECTION('',(0.,-0.,-1.));
#1452 = DIRECTION('',(-1.,0.,-0.));
#1453 = ORIENTED_EDGE('',*,*,#1454,.T.);
#1454 = EDGE_CURVE('',#1446,#1229,#1455,.T.);
#1455 = CIRCLE('',#1456,3.);
#1456 = AXIS2_PLACEMENT_3D('',#1457,#1458,#1459);
#1457 = CARTESIAN_POINT('',(2.227241335952,-21.75,45.3));
#1458 = DIRECTION('',(0.,-0.,-1.));
#1459 = DIRECTION('',(-1.,0.,-0.));
#1460 = ORIENTED_EDGE('',*,*,#1228,.F.);
#1461 = ORIENTED_EDGE('',*,*,#1084,.T.);
#1462 = ORIENTED_EDGE('',*,*,#965,.F.);
#1463 = ORIENTED_EDGE('',*,*,#818,.T.);
#1464 = ORIENTED_EDGE('',*,*,#595,.F.);
#1465 = PLANE('',#1466);
#1466 = AXIS2_PLACEMENT_3D('',#1467,#1468,#1469);
#1467 = CARTESIAN_POINT('',(5.078917170752,-11.87835238551,45.3));
#1468 = DIRECTION('',(-0.,-0.,1.));
#1469 = DIRECTION('',(1.,-0.,0.));
#1470 = ADVANCED_FACE('',(#1471),#1479,.T.);
#1471 = FACE_BOUND('',#1472,.F.);
#1472 = EDGE_LOOP('',(#1473,#1474,#1475,#1476,#1477,#1478));
#1473 = ORIENTED_EDGE('',*,*,#1387,.T.);
#1474 = ORIENTED_EDGE('',*,*,#1236,.T.);
#1475 = ORIENTED_EDGE('',*,*,#1454,.F.);
#1476 = ORIENTED_EDGE('',*,*,#1445,.F.);
#1477 = ORIENTED_EDGE('',*,*,#942,.F.);
#1478 = ORIENTED_EDGE('',*,*,#1396,.T.);
#1479 = CYLINDRICAL_SURFACE('',#1480,3.);
#1480 = AXIS2_PLACEMENT_3D('',#1481,#1482,#1483);
#1481 = CARTESIAN_POINT('',(2.227241335952,-21.75,44.));
#1482 = DIRECTION('',(-0.,-0.,1.));
#1483 = DIRECTION('',(-1.,0.,-0.));
#1484 = ADVANCED_FACE('',(#1485),#1491,.F.);
#1485 = FACE_BOUND('',#1486,.T.);
#1486 = EDGE_LOOP('',(#1487,#1488,#1489,#1490));
#1487 = ORIENTED_EDGE('',*,*,#1316,.T.);
#1488 = ORIENTED_EDGE('',*,*,#1267,.F.);
#1489 = ORIENTED_EDGE('',*,*,#1291,.F.);
#1490 = ORIENTED_EDGE('',*,*,#1333,.T.);
#1491 = CYLINDRICAL_SURFACE('',#1492,2.5);
#1492 = AXIS2_PLACEMENT_3D('',#1493,#1494,#1495);
#1493 = CARTESIAN_POINT('',(16.227241335952,-10.85,51.));
#1494 = DIRECTION('',(-0.,1.,-0.));
#1495 = DIRECTION('',(-0.,-0.,1.));
#1496 = MANIFOLD_SOLID_BREP('',#1497);
#1497 = CLOSED_SHELL('',(#1498,#1538,#1569,#1609,#1640,#1671,#1702,#1733
    ,#1764,#1795,#1826,#1857,#1888,#1919,#1950,#1981,#2012,#2034,#2065,
    #2096,#2129,#2162));
#1498 = ADVANCED_FACE('',(#1499),#1533,.F.);
#1499 = FACE_BOUND('',#1500,.T.);
#1500 = EDGE_LOOP('',(#1501,#1511,#1519,#1527));
#1501 = ORIENTED_EDGE('',*,*,#1502,.T.);
#1502 = EDGE_CURVE('',#1503,#1505,#1507,.T.);
#1503 = VERTEX_POINT('',#1504);
#1504 = CARTESIAN_POINT('',(-3.562177826491,-7.830127018922,46.2));
#1505 = VERTEX_POINT('',#1506);
#1506 = CARTESIAN_POINT('',(-8.562177826491,0.830127018922,46.2));
#1507 = LINE('',#1508,#1509);
#1508 = CARTESIAN_POINT('',(-3.562177826491,-7.830127018922,46.2));
#1509 = VECTOR('',#1510,1.);
#1510 = DIRECTION('',(-0.5,0.866025403784,0.));
#1511 = ORIENTED_EDGE('',*,*,#1512,.T.);
#1512 = EDGE_CURVE('',#1505,#1513,#1515,.T.);
#1513 = VERTEX_POINT('',#1514);
#1514 = CARTESIAN_POINT('',(-9.536456405749,0.267627018922,52.));
#1515 = LINE('',#1516,#1517);
#1516 = CARTESIAN_POINT('',(-8.562177826491,0.830127018922,46.2));
#1517 = VECTOR('',#1518,1.);
#1518 = DIRECTION('',(-0.164905615492,-9.520830149521E-02,0.981703375417
    ));
#1519 = ORIENTED_EDGE('',*,*,#1520,.F.);
#1520 = EDGE_CURVE('',#1521,#1513,#1523,.T.);
#1521 = VERTEX_POINT('',#1522);
#1522 = CARTESIAN_POINT('',(-4.536456405749,-8.392627018922,52.));
#1523 = LINE('',#1524,#1525);
#1524 = CARTESIAN_POINT('',(-4.536456405749,-8.392627018922,52.));
#1525 = VECTOR('',#1526,1.);
#1526 = DIRECTION('',(-0.5,0.866025403784,0.));
#1527 = ORIENTED_EDGE('',*,*,#1528,.F.);
#1528 = EDGE_CURVE('',#1503,#1521,#1529,.T.);
#1529 = LINE('',#1530,#1531);
#1530 = CARTESIAN_POINT('',(-3.562177826491,-7.830127018922,46.2));
#1531 = VECTOR('',#1532,1.);
#1532 = DIRECTION('',(-0.164905615492,-9.520830149521E-02,0.981703375417
    ));
#1533 = PLANE('',#1534);
#1534 = AXIS2_PLACEMENT_3D('',#1535,#1536,#1537);
#1535 = CARTESIAN_POINT('',(-3.562177826491,-7.830127018922,46.2));
#1536 = DIRECTION('',(-0.850180062092,-0.490851687709,-0.19041660299));
#1537 = DIRECTION('',(0.164905615492,9.520830149521E-02,-0.981703375417)
  );
#1538 = ADVANCED_FACE('',(#1539),#1564,.F.);
#1539 = FACE_BOUND('',#1540,.T.);
#1540 = EDGE_LOOP('',(#1541,#1542,#1550,#1558));
#1541 = ORIENTED_EDGE('',*,*,#1520,.T.);
#1542 = ORIENTED_EDGE('',*,*,#1543,.T.);
#1543 = EDGE_CURVE('',#1513,#1544,#1546,.T.);
#1544 = VERTEX_POINT('',#1545);
#1545 = CARTESIAN_POINT('',(-9.536456405749,0.267627018922,53.3));
#1546 = LINE('',#1547,#1548);
#1547 = CARTESIAN_POINT('',(-9.536456405749,0.267627018922,52.));
#1548 = VECTOR('',#1549,1.);
#1549 = DIRECTION('',(0.,0.,1.));
#1550 = ORIENTED_EDGE('',*,*,#1551,.F.);
#1551 = EDGE_CURVE('',#1552,#1544,#1554,.T.);
#1552 = VERTEX_POINT('',#1553);
#1553 = CARTESIAN_POINT('',(-4.536456405749,-8.392627018922,53.3));
#1554 = LINE('',#1555,#1556);
#1555 = CARTESIAN_POINT('',(-4.536456405749,-8.392627018922,53.3));
#1556 = VECTOR('',#1557,1.);
#1557 = DIRECTION('',(-0.5,0.866025403784,0.));
#1558 = ORIENTED_EDGE('',*,*,#1559,.F.);
#1559 = EDGE_CURVE('',#1521,#1552,#1560,.T.);
#1560 = LINE('',#1561,#1562);
#1561 = CARTESIAN_POINT('',(-4.536456405749,-8.392627018922,52.));
#1562 = VECTOR('',#1563,1.);
#1563 = DIRECTION('',(0.,0.,1.));
#1564 = PLANE('',#1565);
#1565 = AXIS2_PLACEMENT_3D('',#1566,#1567,#1568);
#1566 = CARTESIAN_POINT('',(-4.536456405749,-8.392627018922,52.));
#1567 = DIRECTION('',(-0.866025403784,-0.5,-0.));
#1568 = DIRECTION('',(0.,0.,-1.));
#1569 = ADVANCED_FACE('',(#1570),#1604,.T.);
#1570 = FACE_BOUND('',#1571,.F.);
#1571 = EDGE_LOOP('',(#1572,#1582,#1590,#1598));
#1572 = ORIENTED_EDGE('',*,*,#1573,.F.);
#1573 = EDGE_CURVE('',#1574,#1576,#1578,.T.);
#1574 = VERTEX_POINT('',#1575);
#1575 = CARTESIAN_POINT('',(-8.908587988005,0.630127018922,45.3));
#1576 = VERTEX_POINT('',#1577);
#1577 = CARTESIAN_POINT('',(-12.54589468389,-1.469872981078,45.3));
#1578 = LINE('',#1579,#1580);
#1579 = CARTESIAN_POINT('',(-8.562177826491,0.830127018922,45.3));
#1580 = VECTOR('',#1581,1.);
#1581 = DIRECTION('',(-0.866025403784,-0.5,-0.));
#1582 = ORIENTED_EDGE('',*,*,#1583,.T.);
#1583 = EDGE_CURVE('',#1574,#1584,#1586,.T.);
#1584 = VERTEX_POINT('',#1585);
#1585 = CARTESIAN_POINT('',(-3.908587988005,-8.030127018922,45.3));
#1586 = LINE('',#1587,#1588);
#1587 = CARTESIAN_POINT('',(-3.908587988005,-8.030127018922,45.3));
#1588 = VECTOR('',#1589,1.);
#1589 = DIRECTION('',(0.5,-0.866025403784,0.));
#1590 = ORIENTED_EDGE('',*,*,#1591,.T.);
#1591 = EDGE_CURVE('',#1584,#1592,#1594,.T.);
#1592 = VERTEX_POINT('',#1593);
#1593 = CARTESIAN_POINT('',(-7.545894683899,-10.13012701892,45.3));
#1594 = LINE('',#1595,#1596);
#1595 = CARTESIAN_POINT('',(-3.562177826491,-7.830127018922,45.3));
#1596 = VECTOR('',#1597,1.);
#1597 = DIRECTION('',(-0.866025403784,-0.5,-0.));
#1598 = ORIENTED_EDGE('',*,*,#1599,.F.);
#1599 = EDGE_CURVE('',#1576,#1592,#1600,.T.);
#1600 = LINE('',#1601,#1602);
#1601 = CARTESIAN_POINT('',(-7.545894683899,-10.13012701892,45.3));
#1602 = VECTOR('',#1603,1.);
#1603 = DIRECTION('',(0.5,-0.866025403784,0.));
#1604 = PLANE('',#1605);
#1605 = AXIS2_PLACEMENT_3D('',#1606,#1607,#1608);
#1606 = CARTESIAN_POINT('',(-3.562177826491,-7.830127018922,45.3));
#1607 = DIRECTION('',(0.,0.,1.));
#1608 = DIRECTION('',(0.866025403784,0.5,0.));
#1609 = ADVANCED_FACE('',(#1610),#1635,.T.);
#1610 = FACE_BOUND('',#1611,.F.);
#1611 = EDGE_LOOP('',(#1612,#1620,#1628,#1634));
#1612 = ORIENTED_EDGE('',*,*,#1613,.F.);
#1613 = EDGE_CURVE('',#1614,#1592,#1616,.T.);
#1614 = VERTEX_POINT('',#1615);
#1615 = CARTESIAN_POINT('',(-7.545894683899,-10.13012701892,46.2));
#1616 = LINE('',#1617,#1618);
#1617 = CARTESIAN_POINT('',(-7.545894683899,-10.13012701892,46.2));
#1618 = VECTOR('',#1619,1.);
#1619 = DIRECTION('',(-0.,0.,-1.));
#1620 = ORIENTED_EDGE('',*,*,#1621,.T.);
#1621 = EDGE_CURVE('',#1614,#1622,#1624,.T.);
#1622 = VERTEX_POINT('',#1623);
#1623 = CARTESIAN_POINT('',(-12.54589468389,-1.469872981078,46.2));
#1624 = LINE('',#1625,#1626);
#1625 = CARTESIAN_POINT('',(-7.545894683899,-10.13012701892,46.2));
#1626 = VECTOR('',#1627,1.);
#1627 = DIRECTION('',(-0.5,0.866025403784,0.));
#1628 = ORIENTED_EDGE('',*,*,#1629,.T.);
#1629 = EDGE_CURVE('',#1622,#1576,#1630,.T.);
#1630 = LINE('',#1631,#1632);
#1631 = CARTESIAN_POINT('',(-12.54589468389,-1.469872981078,46.2));
#1632 = VECTOR('',#1633,1.);
#1633 = DIRECTION('',(-0.,0.,-1.));
#1634 = ORIENTED_EDGE('',*,*,#1599,.T.);
#1635 = PLANE('',#1636);
#1636 = AXIS2_PLACEMENT_3D('',#1637,#1638,#1639);
#1637 = CARTESIAN_POINT('',(-7.545894683899,-10.13012701892,46.2));
#1638 = DIRECTION('',(0.866025403784,0.5,0.));
#1639 = DIRECTION('',(0.,0.,1.));
#1640 = ADVANCED_FACE('',(#1641),#1666,.F.);
#1641 = FACE_BOUND('',#1642,.T.);
#1642 = EDGE_LOOP('',(#1643,#1651,#1659,#1665));
#1643 = ORIENTED_EDGE('',*,*,#1644,.F.);
#1644 = EDGE_CURVE('',#1645,#1584,#1647,.T.);
#1645 = VERTEX_POINT('',#1646);
#1646 = CARTESIAN_POINT('',(-3.908587988005,-8.030127018922,46.2));
#1647 = LINE('',#1648,#1649);
#1648 = CARTESIAN_POINT('',(-3.908587988005,-8.030127018922,46.2));
#1649 = VECTOR('',#1650,1.);
#1650 = DIRECTION('',(-0.,0.,-1.));
#1651 = ORIENTED_EDGE('',*,*,#1652,.T.);
#1652 = EDGE_CURVE('',#1645,#1653,#1655,.T.);
#1653 = VERTEX_POINT('',#1654);
#1654 = CARTESIAN_POINT('',(-8.908587988005,0.630127018922,46.2));
#1655 = LINE('',#1656,#1657);
#1656 = CARTESIAN_POINT('',(-3.908587988005,-8.030127018922,46.2));
#1657 = VECTOR('',#1658,1.);
#1658 = DIRECTION('',(-0.5,0.866025403784,0.));
#1659 = ORIENTED_EDGE('',*,*,#1660,.T.);
#1660 = EDGE_CURVE('',#1653,#1574,#1661,.T.);
#1661 = LINE('',#1662,#1663);
#1662 = CARTESIAN_POINT('',(-8.908587988005,0.630127018922,46.2));
#1663 = VECTOR('',#1664,1.);
#1664 = DIRECTION('',(-0.,0.,-1.));
#1665 = ORIENTED_EDGE('',*,*,#1583,.T.);
#1666 = PLANE('',#1667);
#1667 = AXIS2_PLACEMENT_3D('',#1668,#1669,#1670);
#1668 = CARTESIAN_POINT('',(-3.908587988005,-8.030127018922,46.2));
#1669 = DIRECTION('',(0.866025403784,0.5,0.));
#1670 = DIRECTION('',(0.,0.,1.));
#1671 = ADVANCED_FACE('',(#1672),#1697,.T.);
#1672 = FACE_BOUND('',#1673,.F.);
#1673 = EDGE_LOOP('',(#1674,#1684,#1690,#1691));
#1674 = ORIENTED_EDGE('',*,*,#1675,.T.);
#1675 = EDGE_CURVE('',#1676,#1678,#1680,.T.);
#1676 = VERTEX_POINT('',#1677);
#1677 = CARTESIAN_POINT('',(-6.571616104642,-9.567627018922,52.));
#1678 = VERTEX_POINT('',#1679);
#1679 = CARTESIAN_POINT('',(-11.57161610464,-0.907372981078,52.));
#1680 = LINE('',#1681,#1682);
#1681 = CARTESIAN_POINT('',(-6.571616104642,-9.567627018922,52.));
#1682 = VECTOR('',#1683,1.);
#1683 = DIRECTION('',(-0.5,0.866025403784,0.));
#1684 = ORIENTED_EDGE('',*,*,#1685,.T.);
#1685 = EDGE_CURVE('',#1678,#1622,#1686,.T.);
#1686 = LINE('',#1687,#1688);
#1687 = CARTESIAN_POINT('',(-11.57161610464,-0.907372981078,52.));
#1688 = VECTOR('',#1689,1.);
#1689 = DIRECTION('',(-0.164905615492,-9.520830149521E-02,
    -0.981703375417));
#1690 = ORIENTED_EDGE('',*,*,#1621,.F.);
#1691 = ORIENTED_EDGE('',*,*,#1692,.F.);
#1692 = EDGE_CURVE('',#1676,#1614,#1693,.T.);
#1693 = LINE('',#1694,#1695);
#1694 = CARTESIAN_POINT('',(-6.571616104642,-9.567627018922,52.));
#1695 = VECTOR('',#1696,1.);
#1696 = DIRECTION('',(-0.164905615492,-9.520830149521E-02,
    -0.981703375417));
#1697 = PLANE('',#1698);
#1698 = AXIS2_PLACEMENT_3D('',#1699,#1700,#1701);
#1699 = CARTESIAN_POINT('',(-6.571616104642,-9.567627018922,52.));
#1700 = DIRECTION('',(0.850180062092,0.490851687709,-0.19041660299));
#1701 = DIRECTION('',(0.164905615492,9.520830149521E-02,0.981703375417)
  );
#1702 = ADVANCED_FACE('',(#1703),#1728,.T.);
#1703 = FACE_BOUND('',#1704,.F.);
#1704 = EDGE_LOOP('',(#1705,#1715,#1721,#1722));
#1705 = ORIENTED_EDGE('',*,*,#1706,.T.);
#1706 = EDGE_CURVE('',#1707,#1709,#1711,.T.);
#1707 = VERTEX_POINT('',#1708);
#1708 = CARTESIAN_POINT('',(-6.571616104642,-9.567627018922,53.3));
#1709 = VERTEX_POINT('',#1710);
#1710 = CARTESIAN_POINT('',(-11.57161610464,-0.907372981078,53.3));
#1711 = LINE('',#1712,#1713);
#1712 = CARTESIAN_POINT('',(-6.571616104642,-9.567627018922,53.3));
#1713 = VECTOR('',#1714,1.);
#1714 = DIRECTION('',(-0.5,0.866025403784,0.));
#1715 = ORIENTED_EDGE('',*,*,#1716,.T.);
#1716 = EDGE_CURVE('',#1709,#1678,#1717,.T.);
#1717 = LINE('',#1718,#1719);
#1718 = CARTESIAN_POINT('',(-11.57161610464,-0.907372981078,53.3));
#1719 = VECTOR('',#1720,1.);
#1720 = DIRECTION('',(-0.,0.,-1.));
#1721 = ORIENTED_EDGE('',*,*,#1675,.F.);
#1722 = ORIENTED_EDGE('',*,*,#1723,.F.);
#1723 = EDGE_CURVE('',#1707,#1676,#1724,.T.);
#1724 = LINE('',#1725,#1726);
#1725 = CARTESIAN_POINT('',(-6.571616104642,-9.567627018922,53.3));
#1726 = VECTOR('',#1727,1.);
#1727 = DIRECTION('',(-0.,0.,-1.));
#1728 = PLANE('',#1729);
#1729 = AXIS2_PLACEMENT_3D('',#1730,#1731,#1732);
#1730 = CARTESIAN_POINT('',(-6.571616104642,-9.567627018922,53.3));
#1731 = DIRECTION('',(0.866025403784,0.5,0.));
#1732 = DIRECTION('',(0.,0.,1.));
#1733 = ADVANCED_FACE('',(#1734),#1759,.T.);
#1734 = FACE_BOUND('',#1735,.F.);
#1735 = EDGE_LOOP('',(#1736,#1746,#1752,#1753));
#1736 = ORIENTED_EDGE('',*,*,#1737,.T.);
#1737 = EDGE_CURVE('',#1738,#1740,#1742,.T.);
#1738 = VERTEX_POINT('',#1739);
#1739 = CARTESIAN_POINT('',(-6.766471820493,-9.680127018922,55.3));
#1740 = VERTEX_POINT('',#1741);
#1741 = CARTESIAN_POINT('',(-11.76647182049,-1.019872981078,55.3));
#1742 = LINE('',#1743,#1744);
#1743 = CARTESIAN_POINT('',(-6.766471820493,-9.680127018922,55.3));
#1744 = VECTOR('',#1745,1.);
#1745 = DIRECTION('',(-0.5,0.866025403784,0.));
#1746 = ORIENTED_EDGE('',*,*,#1747,.T.);
#1747 = EDGE_CURVE('',#1740,#1709,#1748,.T.);
#1748 = LINE('',#1749,#1750);
#1749 = CARTESIAN_POINT('',(-11.76647182049,-1.019872981078,55.3));
#1750 = VECTOR('',#1751,1.);
#1751 = DIRECTION('',(9.681711348709E-02,5.589738653393E-02,
    -0.993731316159));
#1752 = ORIENTED_EDGE('',*,*,#1706,.F.);
#1753 = ORIENTED_EDGE('',*,*,#1754,.F.);
#1754 = EDGE_CURVE('',#1738,#1707,#1755,.T.);
#1755 = LINE('',#1756,#1757);
#1756 = CARTESIAN_POINT('',(-6.766471820493,-9.680127018922,55.3));
#1757 = VECTOR('',#1758,1.);
#1758 = DIRECTION('',(9.681711348709E-02,5.589738653393E-02,
    -0.993731316159));
#1759 = PLANE('',#1760);
#1760 = AXIS2_PLACEMENT_3D('',#1761,#1762,#1763);
#1761 = CARTESIAN_POINT('',(-6.766471820493,-9.680127018922,55.3));
#1762 = DIRECTION('',(0.86059656433,0.496865658079,0.111794773068));
#1763 = DIRECTION('',(-9.681711348709E-02,-5.589738653393E-02,
    0.993731316159));
#1764 = ADVANCED_FACE('',(#1765),#1790,.T.);
#1765 = FACE_BOUND('',#1766,.F.);
#1766 = EDGE_LOOP('',(#1767,#1777,#1783,#1784));
#1767 = ORIENTED_EDGE('',*,*,#1768,.T.);
#1768 = EDGE_CURVE('',#1769,#1771,#1773,.T.);
#1769 = VERTEX_POINT('',#1770);
#1770 = CARTESIAN_POINT('',(-7.112881982007,-9.880127018922,55.3));
#1771 = VERTEX_POINT('',#1772);
#1772 = CARTESIAN_POINT('',(-12.112881982,-1.219872981078,55.3));
#1773 = LINE('',#1774,#1775);
#1774 = CARTESIAN_POINT('',(-7.112881982007,-9.880127018922,55.3));
#1775 = VECTOR('',#1776,1.);
#1776 = DIRECTION('',(-0.5,0.866025403784,0.));
#1777 = ORIENTED_EDGE('',*,*,#1778,.T.);
#1778 = EDGE_CURVE('',#1771,#1740,#1779,.T.);
#1779 = LINE('',#1780,#1781);
#1780 = CARTESIAN_POINT('',(-12.112881982,-1.219872981078,55.3));
#1781 = VECTOR('',#1782,1.);
#1782 = DIRECTION('',(0.866025403784,0.5,0.));
#1783 = ORIENTED_EDGE('',*,*,#1737,.F.);
#1784 = ORIENTED_EDGE('',*,*,#1785,.F.);
#1785 = EDGE_CURVE('',#1769,#1738,#1786,.T.);
#1786 = LINE('',#1787,#1788);
#1787 = CARTESIAN_POINT('',(-7.112881982007,-9.880127018922,55.3));
#1788 = VECTOR('',#1789,1.);
#1789 = DIRECTION('',(0.866025403784,0.5,0.));
#1790 = PLANE('',#1791);
#1791 = AXIS2_PLACEMENT_3D('',#1792,#1793,#1794);
#1792 = CARTESIAN_POINT('',(-7.112881982007,-9.880127018922,55.3));
#1793 = DIRECTION('',(0.,0.,1.));
#1794 = DIRECTION('',(-0.866025403784,-0.5,0.));
#1795 = ADVANCED_FACE('',(#1796),#1821,.T.);
#1796 = FACE_BOUND('',#1797,.F.);
#1797 = EDGE_LOOP('',(#1798,#1808,#1814,#1815));
#1798 = ORIENTED_EDGE('',*,*,#1799,.T.);
#1799 = EDGE_CURVE('',#1800,#1802,#1804,.T.);
#1800 = VERTEX_POINT('',#1801);
#1801 = CARTESIAN_POINT('',(-6.918026266156,-9.767627018922,53.3));
#1802 = VERTEX_POINT('',#1803);
#1803 = CARTESIAN_POINT('',(-11.91802626615,-1.107372981078,53.3));
#1804 = LINE('',#1805,#1806);
#1805 = CARTESIAN_POINT('',(-6.918026266156,-9.767627018922,53.3));
#1806 = VECTOR('',#1807,1.);
#1807 = DIRECTION('',(-0.5,0.866025403784,0.));
#1808 = ORIENTED_EDGE('',*,*,#1809,.T.);
#1809 = EDGE_CURVE('',#1802,#1771,#1810,.T.);
#1810 = LINE('',#1811,#1812);
#1811 = CARTESIAN_POINT('',(-11.91802626615,-1.107372981078,53.3));
#1812 = VECTOR('',#1813,1.);
#1813 = DIRECTION('',(-9.681711348709E-02,-5.589738653393E-02,
    0.993731316159));
#1814 = ORIENTED_EDGE('',*,*,#1768,.F.);
#1815 = ORIENTED_EDGE('',*,*,#1816,.F.);
#1816 = EDGE_CURVE('',#1800,#1769,#1817,.T.);
#1817 = LINE('',#1818,#1819);
#1818 = CARTESIAN_POINT('',(-6.918026266156,-9.767627018922,53.3));
#1819 = VECTOR('',#1820,1.);
#1820 = DIRECTION('',(-9.681711348709E-02,-5.589738653393E-02,
    0.993731316159));
#1821 = PLANE('',#1822);
#1822 = AXIS2_PLACEMENT_3D('',#1823,#1824,#1825);
#1823 = CARTESIAN_POINT('',(-6.918026266156,-9.767627018922,53.3));
#1824 = DIRECTION('',(-0.86059656433,-0.496865658079,-0.111794773068));
#1825 = DIRECTION('',(9.681711348709E-02,5.589738653393E-02,
    -0.993731316159));
#1826 = ADVANCED_FACE('',(#1827),#1852,.T.);
#1827 = FACE_BOUND('',#1828,.F.);
#1828 = EDGE_LOOP('',(#1829,#1839,#1845,#1846));
#1829 = ORIENTED_EDGE('',*,*,#1830,.T.);
#1830 = EDGE_CURVE('',#1831,#1833,#1835,.T.);
#1831 = VERTEX_POINT('',#1832);
#1832 = CARTESIAN_POINT('',(-6.918026266156,-9.767627018922,52.));
#1833 = VERTEX_POINT('',#1834);
#1834 = CARTESIAN_POINT('',(-11.91802626615,-1.107372981078,52.));
#1835 = LINE('',#1836,#1837);
#1836 = CARTESIAN_POINT('',(-6.918026266156,-9.767627018922,52.));
#1837 = VECTOR('',#1838,1.);
#1838 = DIRECTION('',(-0.5,0.866025403784,0.));
#1839 = ORIENTED_EDGE('',*,*,#1840,.T.);
#1840 = EDGE_CURVE('',#1833,#1802,#1841,.T.);
#1841 = LINE('',#1842,#1843);
#1842 = CARTESIAN_POINT('',(-11.91802626615,-1.107372981078,52.));
#1843 = VECTOR('',#1844,1.);
#1844 = DIRECTION('',(0.,0.,1.));
#1845 = ORIENTED_EDGE('',*,*,#1799,.F.);
#1846 = ORIENTED_EDGE('',*,*,#1847,.F.);
#1847 = EDGE_CURVE('',#1831,#1800,#1848,.T.);
#1848 = LINE('',#1849,#1850);
#1849 = CARTESIAN_POINT('',(-6.918026266156,-9.767627018922,52.));
#1850 = VECTOR('',#1851,1.);
#1851 = DIRECTION('',(0.,0.,1.));
#1852 = PLANE('',#1853);
#1853 = AXIS2_PLACEMENT_3D('',#1854,#1855,#1856);
#1854 = CARTESIAN_POINT('',(-6.918026266156,-9.767627018922,52.));
#1855 = DIRECTION('',(-0.866025403784,-0.5,-0.));
#1856 = DIRECTION('',(0.,0.,-1.));
#1857 = ADVANCED_FACE('',(#1858),#1883,.T.);
#1858 = FACE_BOUND('',#1859,.F.);
#1859 = EDGE_LOOP('',(#1860,#1870,#1876,#1877));
#1860 = ORIENTED_EDGE('',*,*,#1861,.T.);
#1861 = EDGE_CURVE('',#1862,#1864,#1866,.T.);
#1862 = VERTEX_POINT('',#1863);
#1863 = CARTESIAN_POINT('',(-7.892304845413,-10.33012701892,46.2));
#1864 = VERTEX_POINT('',#1865);
#1865 = CARTESIAN_POINT('',(-12.89230484541,-1.669872981078,46.2));
#1866 = LINE('',#1867,#1868);
#1867 = CARTESIAN_POINT('',(-7.892304845413,-10.33012701892,46.2));
#1868 = VECTOR('',#1869,1.);
#1869 = DIRECTION('',(-0.5,0.866025403784,0.));
#1870 = ORIENTED_EDGE('',*,*,#1871,.T.);
#1871 = EDGE_CURVE('',#1864,#1833,#1872,.T.);
#1872 = LINE('',#1873,#1874);
#1873 = CARTESIAN_POINT('',(-12.89230484541,-1.669872981078,46.2));
#1874 = VECTOR('',#1875,1.);
#1875 = DIRECTION('',(0.164905615492,9.520830149521E-02,0.981703375417)
  );
#1876 = ORIENTED_EDGE('',*,*,#1830,.F.);
#1877 = ORIENTED_EDGE('',*,*,#1878,.F.);
#1878 = EDGE_CURVE('',#1862,#1831,#1879,.T.);
#1879 = LINE('',#1880,#1881);
#1880 = CARTESIAN_POINT('',(-7.892304845413,-10.33012701892,46.2));
#1881 = VECTOR('',#1882,1.);
#1882 = DIRECTION('',(0.164905615492,9.520830149521E-02,0.981703375417)
  );
#1883 = PLANE('',#1884);
#1884 = AXIS2_PLACEMENT_3D('',#1885,#1886,#1887);
#1885 = CARTESIAN_POINT('',(-7.892304845413,-10.33012701892,46.2));
#1886 = DIRECTION('',(-0.850180062092,-0.490851687709,0.19041660299));
#1887 = DIRECTION('',(-0.164905615492,-9.520830149521E-02,
    -0.981703375417));
#1888 = ADVANCED_FACE('',(#1889),#1914,.F.);
#1889 = FACE_BOUND('',#1890,.T.);
#1890 = EDGE_LOOP('',(#1891,#1901,#1907,#1908));
#1891 = ORIENTED_EDGE('',*,*,#1892,.T.);
#1892 = EDGE_CURVE('',#1893,#1895,#1897,.T.);
#1893 = VERTEX_POINT('',#1894);
#1894 = CARTESIAN_POINT('',(-4.882866567262,-8.592627018922,52.));
#1895 = VERTEX_POINT('',#1896);
#1896 = CARTESIAN_POINT('',(-9.882866567262,6.762701892219E-02,52.));
#1897 = LINE('',#1898,#1899);
#1898 = CARTESIAN_POINT('',(-4.882866567262,-8.592627018922,52.));
#1899 = VECTOR('',#1900,1.);
#1900 = DIRECTION('',(-0.5,0.866025403784,0.));
#1901 = ORIENTED_EDGE('',*,*,#1902,.T.);
#1902 = EDGE_CURVE('',#1895,#1653,#1903,.T.);
#1903 = LINE('',#1904,#1905);
#1904 = CARTESIAN_POINT('',(-9.882866567262,6.76270189222E-02,52.));
#1905 = VECTOR('',#1906,1.);
#1906 = DIRECTION('',(0.164905615492,9.520830149521E-02,-0.981703375417)
  );
#1907 = ORIENTED_EDGE('',*,*,#1652,.F.);
#1908 = ORIENTED_EDGE('',*,*,#1909,.F.);
#1909 = EDGE_CURVE('',#1893,#1645,#1910,.T.);
#1910 = LINE('',#1911,#1912);
#1911 = CARTESIAN_POINT('',(-4.882866567262,-8.592627018922,52.));
#1912 = VECTOR('',#1913,1.);
#1913 = DIRECTION('',(0.164905615492,9.520830149521E-02,-0.981703375417)
  );
#1914 = PLANE('',#1915);
#1915 = AXIS2_PLACEMENT_3D('',#1916,#1917,#1918);
#1916 = CARTESIAN_POINT('',(-4.882866567262,-8.592627018922,52.));
#1917 = DIRECTION('',(0.850180062092,0.490851687709,0.19041660299));
#1918 = DIRECTION('',(-0.164905615492,-9.520830149521E-02,0.981703375417
    ));
#1919 = ADVANCED_FACE('',(#1920),#1945,.F.);
#1920 = FACE_BOUND('',#1921,.T.);
#1921 = EDGE_LOOP('',(#1922,#1932,#1938,#1939));
#1922 = ORIENTED_EDGE('',*,*,#1923,.T.);
#1923 = EDGE_CURVE('',#1924,#1926,#1928,.T.);
#1924 = VERTEX_POINT('',#1925);
#1925 = CARTESIAN_POINT('',(-4.882866567262,-8.592627018922,53.3));
#1926 = VERTEX_POINT('',#1927);
#1927 = CARTESIAN_POINT('',(-9.882866567262,6.762701892219E-02,53.3));
#1928 = LINE('',#1929,#1930);
#1929 = CARTESIAN_POINT('',(-4.882866567262,-8.592627018922,53.3));
#1930 = VECTOR('',#1931,1.);
#1931 = DIRECTION('',(-0.5,0.866025403784,0.));
#1932 = ORIENTED_EDGE('',*,*,#1933,.T.);
#1933 = EDGE_CURVE('',#1926,#1895,#1934,.T.);
#1934 = LINE('',#1935,#1936);
#1935 = CARTESIAN_POINT('',(-9.882866567262,6.76270189222E-02,53.3));
#1936 = VECTOR('',#1937,1.);
#1937 = DIRECTION('',(-0.,0.,-1.));
#1938 = ORIENTED_EDGE('',*,*,#1892,.F.);
#1939 = ORIENTED_EDGE('',*,*,#1940,.F.);
#1940 = EDGE_CURVE('',#1924,#1893,#1941,.T.);
#1941 = LINE('',#1942,#1943);
#1942 = CARTESIAN_POINT('',(-4.882866567262,-8.592627018922,53.3));
#1943 = VECTOR('',#1944,1.);
#1944 = DIRECTION('',(-0.,0.,-1.));
#1945 = PLANE('',#1946);
#1946 = AXIS2_PLACEMENT_3D('',#1947,#1948,#1949);
#1947 = CARTESIAN_POINT('',(-4.882866567262,-8.592627018922,53.3));
#1948 = DIRECTION('',(0.866025403784,0.5,0.));
#1949 = DIRECTION('',(0.,0.,1.));
#1950 = ADVANCED_FACE('',(#1951),#1976,.F.);
#1951 = FACE_BOUND('',#1952,.T.);
#1952 = EDGE_LOOP('',(#1953,#1963,#1969,#1970));
#1953 = ORIENTED_EDGE('',*,*,#1954,.T.);
#1954 = EDGE_CURVE('',#1955,#1957,#1959,.T.);
#1955 = VERTEX_POINT('',#1956);
#1956 = CARTESIAN_POINT('',(-4.688010851411,-8.480127018922,55.3));
#1957 = VERTEX_POINT('',#1958);
#1958 = CARTESIAN_POINT('',(-9.688010851411,0.180127018922,55.3));
#1959 = LINE('',#1960,#1961);
#1960 = CARTESIAN_POINT('',(-4.688010851411,-8.480127018922,55.3));
#1961 = VECTOR('',#1962,1.);
#1962 = DIRECTION('',(-0.5,0.866025403784,0.));
#1963 = ORIENTED_EDGE('',*,*,#1964,.T.);
#1964 = EDGE_CURVE('',#1957,#1926,#1965,.T.);
#1965 = LINE('',#1966,#1967);
#1966 = CARTESIAN_POINT('',(-9.688010851411,0.180127018922,55.3));
#1967 = VECTOR('',#1968,1.);
#1968 = DIRECTION('',(-9.681711348709E-02,-5.589738653393E-02,
    -0.993731316159));
#1969 = ORIENTED_EDGE('',*,*,#1923,.F.);
#1970 = ORIENTED_EDGE('',*,*,#1971,.F.);
#1971 = EDGE_CURVE('',#1955,#1924,#1972,.T.);
#1972 = LINE('',#1973,#1974);
#1973 = CARTESIAN_POINT('',(-4.688010851411,-8.480127018922,55.3));
#1974 = VECTOR('',#1975,1.);
#1975 = DIRECTION('',(-9.681711348709E-02,-5.589738653393E-02,
    -0.993731316159));
#1976 = PLANE('',#1977);
#1977 = AXIS2_PLACEMENT_3D('',#1978,#1979,#1980);
#1978 = CARTESIAN_POINT('',(-4.688010851411,-8.480127018922,55.3));
#1979 = DIRECTION('',(0.86059656433,0.496865658079,-0.111794773068));
#1980 = DIRECTION('',(9.681711348709E-02,5.589738653393E-02,
    0.993731316159));
#1981 = ADVANCED_FACE('',(#1982),#2007,.F.);
#1982 = FACE_BOUND('',#1983,.T.);
#1983 = EDGE_LOOP('',(#1984,#1994,#2000,#2001));
#1984 = ORIENTED_EDGE('',*,*,#1985,.T.);
#1985 = EDGE_CURVE('',#1986,#1988,#1990,.T.);
#1986 = VERTEX_POINT('',#1987);
#1987 = CARTESIAN_POINT('',(-4.341600689897,-8.280127018922,55.3));
#1988 = VERTEX_POINT('',#1989);
#1989 = CARTESIAN_POINT('',(-9.341600689897,0.380127018922,55.3));
#1990 = LINE('',#1991,#1992);
#1991 = CARTESIAN_POINT('',(-4.341600689897,-8.280127018922,55.3));
#1992 = VECTOR('',#1993,1.);
#1993 = DIRECTION('',(-0.5,0.866025403784,0.));
#1994 = ORIENTED_EDGE('',*,*,#1995,.T.);
#1995 = EDGE_CURVE('',#1988,#1957,#1996,.T.);
#1996 = LINE('',#1997,#1998);
#1997 = CARTESIAN_POINT('',(-9.341600689897,0.380127018922,55.3));
#1998 = VECTOR('',#1999,1.);
#1999 = DIRECTION('',(-0.866025403784,-0.5,-0.));
#2000 = ORIENTED_EDGE('',*,*,#1954,.F.);
#2001 = ORIENTED_EDGE('',*,*,#2002,.F.);
#2002 = EDGE_CURVE('',#1986,#1955,#2003,.T.);
#2003 = LINE('',#2004,#2005);
#2004 = CARTESIAN_POINT('',(-4.341600689897,-8.280127018922,55.3));
#2005 = VECTOR('',#2006,1.);
#2006 = DIRECTION('',(-0.866025403784,-0.5,-0.));
#2007 = PLANE('',#2008);
#2008 = AXIS2_PLACEMENT_3D('',#2009,#2010,#2011);
#2009 = CARTESIAN_POINT('',(-4.341600689897,-8.280127018922,55.3));
#2010 = DIRECTION('',(-0.,0.,-1.));
#2011 = DIRECTION('',(0.866025403784,0.5,0.));
#2012 = ADVANCED_FACE('',(#2013),#2029,.F.);
#2013 = FACE_BOUND('',#2014,.T.);
#2014 = EDGE_LOOP('',(#2015,#2016,#2022,#2023));
#2015 = ORIENTED_EDGE('',*,*,#1551,.T.);
#2016 = ORIENTED_EDGE('',*,*,#2017,.T.);
#2017 = EDGE_CURVE('',#1544,#1988,#2018,.T.);
#2018 = LINE('',#2019,#2020);
#2019 = CARTESIAN_POINT('',(-9.536456405749,0.267627018922,53.3));
#2020 = VECTOR('',#2021,1.);
#2021 = DIRECTION('',(9.681711348709E-02,5.589738653393E-02,
    0.993731316159));
#2022 = ORIENTED_EDGE('',*,*,#1985,.F.);
#2023 = ORIENTED_EDGE('',*,*,#2024,.F.);
#2024 = EDGE_CURVE('',#1552,#1986,#2025,.T.);
#2025 = LINE('',#2026,#2027);
#2026 = CARTESIAN_POINT('',(-4.536456405749,-8.392627018922,53.3));
#2027 = VECTOR('',#2028,1.);
#2028 = DIRECTION('',(9.681711348709E-02,5.589738653393E-02,
    0.993731316159));
#2029 = PLANE('',#2030);
#2030 = AXIS2_PLACEMENT_3D('',#2031,#2032,#2033);
#2031 = CARTESIAN_POINT('',(-4.536456405749,-8.392627018922,53.3));
#2032 = DIRECTION('',(-0.86059656433,-0.496865658079,0.111794773068));
#2033 = DIRECTION('',(-9.681711348709E-02,-5.589738653393E-02,
    -0.993731316159));
#2034 = ADVANCED_FACE('',(#2035),#2060,.T.);
#2035 = FACE_BOUND('',#2036,.F.);
#2036 = EDGE_LOOP('',(#2037,#2045,#2046,#2054));
#2037 = ORIENTED_EDGE('',*,*,#2038,.T.);
#2038 = EDGE_CURVE('',#2039,#1503,#2041,.T.);
#2039 = VERTEX_POINT('',#2040);
#2040 = CARTESIAN_POINT('',(-3.562177826491,-7.830127018922,44.));
#2041 = LINE('',#2042,#2043);
#2042 = CARTESIAN_POINT('',(-3.562177826491,-7.830127018922,44.));
#2043 = VECTOR('',#2044,1.);
#2044 = DIRECTION('',(0.,0.,1.));
#2045 = ORIENTED_EDGE('',*,*,#1502,.T.);
#2046 = ORIENTED_EDGE('',*,*,#2047,.F.);
#2047 = EDGE_CURVE('',#2048,#1505,#2050,.T.);
#2048 = VERTEX_POINT('',#2049);
#2049 = CARTESIAN_POINT('',(-8.562177826491,0.830127018922,44.));
#2050 = LINE('',#2051,#2052);
#2051 = CARTESIAN_POINT('',(-8.562177826491,0.830127018922,45.2));
#2052 = VECTOR('',#2053,1.);
#2053 = DIRECTION('',(0.,0.,1.));
#2054 = ORIENTED_EDGE('',*,*,#2055,.F.);
#2055 = EDGE_CURVE('',#2039,#2048,#2056,.T.);
#2056 = LINE('',#2057,#2058);
#2057 = CARTESIAN_POINT('',(-3.562177826491,-7.830127018922,44.));
#2058 = VECTOR('',#2059,1.);
#2059 = DIRECTION('',(-0.5,0.866025403784,0.));
#2060 = PLANE('',#2061);
#2061 = AXIS2_PLACEMENT_3D('',#2062,#2063,#2064);
#2062 = CARTESIAN_POINT('',(-6.062177826491,-3.5,45.1));
#2063 = DIRECTION('',(0.866025403784,0.5,0.));
#2064 = DIRECTION('',(0.,0.,1.));
#2065 = ADVANCED_FACE('',(#2066),#2091,.F.);
#2066 = FACE_BOUND('',#2067,.T.);
#2067 = EDGE_LOOP('',(#2068,#2069,#2077,#2085));
#2068 = ORIENTED_EDGE('',*,*,#2055,.F.);
#2069 = ORIENTED_EDGE('',*,*,#2070,.T.);
#2070 = EDGE_CURVE('',#2039,#2071,#2073,.T.);
#2071 = VERTEX_POINT('',#2072);
#2072 = CARTESIAN_POINT('',(-7.892304845413,-10.33012701892,44.));
#2073 = LINE('',#2074,#2075);
#2074 = CARTESIAN_POINT('',(-3.562177826491,-7.830127018922,44.));
#2075 = VECTOR('',#2076,1.);
#2076 = DIRECTION('',(-0.866025403784,-0.5,-0.));
#2077 = ORIENTED_EDGE('',*,*,#2078,.T.);
#2078 = EDGE_CURVE('',#2071,#2079,#2081,.T.);
#2079 = VERTEX_POINT('',#2080);
#2080 = CARTESIAN_POINT('',(-12.89230484541,-1.669872981078,44.));
#2081 = LINE('',#2082,#2083);
#2082 = CARTESIAN_POINT('',(-7.892304845413,-10.33012701892,44.));
#2083 = VECTOR('',#2084,1.);
#2084 = DIRECTION('',(-0.5,0.866025403784,0.));
#2085 = ORIENTED_EDGE('',*,*,#2086,.F.);
#2086 = EDGE_CURVE('',#2048,#2079,#2087,.T.);
#2087 = LINE('',#2088,#2089);
#2088 = CARTESIAN_POINT('',(-8.562177826491,0.830127018922,44.));
#2089 = VECTOR('',#2090,1.);
#2090 = DIRECTION('',(-0.866025403784,-0.5,-0.));
#2091 = PLANE('',#2092);
#2092 = AXIS2_PLACEMENT_3D('',#2093,#2094,#2095);
#2093 = CARTESIAN_POINT('',(-3.562177826491,-7.830127018922,44.));
#2094 = DIRECTION('',(0.,0.,1.));
#2095 = DIRECTION('',(0.866025403784,0.5,0.));
#2096 = ADVANCED_FACE('',(#2097),#2124,.T.);
#2097 = FACE_BOUND('',#2098,.F.);
#2098 = EDGE_LOOP('',(#2099,#2105,#2106,#2107,#2108,#2109,#2110,#2111,
    #2112,#2113,#2114,#2115,#2116,#2117,#2118,#2119,#2120,#2121,#2122,
    #2123));
#2099 = ORIENTED_EDGE('',*,*,#2100,.T.);
#2100 = EDGE_CURVE('',#2071,#1862,#2101,.T.);
#2101 = LINE('',#2102,#2103);
#2102 = CARTESIAN_POINT('',(-7.892304845413,-10.33012701892,44.));
#2103 = VECTOR('',#2104,1.);
#2104 = DIRECTION('',(0.,0.,1.));
#2105 = ORIENTED_EDGE('',*,*,#1878,.T.);
#2106 = ORIENTED_EDGE('',*,*,#1847,.T.);
#2107 = ORIENTED_EDGE('',*,*,#1816,.T.);
#2108 = ORIENTED_EDGE('',*,*,#1785,.T.);
#2109 = ORIENTED_EDGE('',*,*,#1754,.T.);
#2110 = ORIENTED_EDGE('',*,*,#1723,.T.);
#2111 = ORIENTED_EDGE('',*,*,#1692,.T.);
#2112 = ORIENTED_EDGE('',*,*,#1613,.T.);
#2113 = ORIENTED_EDGE('',*,*,#1591,.F.);
#2114 = ORIENTED_EDGE('',*,*,#1644,.F.);
#2115 = ORIENTED_EDGE('',*,*,#1909,.F.);
#2116 = ORIENTED_EDGE('',*,*,#1940,.F.);
#2117 = ORIENTED_EDGE('',*,*,#1971,.F.);
#2118 = ORIENTED_EDGE('',*,*,#2002,.F.);
#2119 = ORIENTED_EDGE('',*,*,#2024,.F.);
#2120 = ORIENTED_EDGE('',*,*,#1559,.F.);
#2121 = ORIENTED_EDGE('',*,*,#1528,.F.);
#2122 = ORIENTED_EDGE('',*,*,#2038,.F.);
#2123 = ORIENTED_EDGE('',*,*,#2070,.T.);
#2124 = PLANE('',#2125);
#2125 = AXIS2_PLACEMENT_3D('',#2126,#2127,#2128);
#2126 = CARTESIAN_POINT('',(-5.727241335952,-9.080127018922,
    49.103624942106));
#2127 = DIRECTION('',(0.5,-0.866025403784,0.));
#2128 = DIRECTION('',(0.,0.,1.));
#2129 = ADVANCED_FACE('',(#2130),#2157,.T.);
#2130 = FACE_BOUND('',#2131,.F.);
#2131 = EDGE_LOOP('',(#2132,#2133,#2134,#2135,#2136,#2137,#2138,#2139,
    #2140,#2141,#2142,#2143,#2144,#2145,#2146,#2147,#2148,#2149,#2150,
    #2151));
#2132 = ORIENTED_EDGE('',*,*,#2086,.F.);
#2133 = ORIENTED_EDGE('',*,*,#2047,.T.);
#2134 = ORIENTED_EDGE('',*,*,#1512,.T.);
#2135 = ORIENTED_EDGE('',*,*,#1543,.T.);
#2136 = ORIENTED_EDGE('',*,*,#2017,.T.);
#2137 = ORIENTED_EDGE('',*,*,#1995,.T.);
#2138 = ORIENTED_EDGE('',*,*,#1964,.T.);
#2139 = ORIENTED_EDGE('',*,*,#1933,.T.);
#2140 = ORIENTED_EDGE('',*,*,#1902,.T.);
#2141 = ORIENTED_EDGE('',*,*,#1660,.T.);
#2142 = ORIENTED_EDGE('',*,*,#1573,.T.);
#2143 = ORIENTED_EDGE('',*,*,#1629,.F.);
#2144 = ORIENTED_EDGE('',*,*,#1685,.F.);
#2145 = ORIENTED_EDGE('',*,*,#1716,.F.);
#2146 = ORIENTED_EDGE('',*,*,#1747,.F.);
#2147 = ORIENTED_EDGE('',*,*,#1778,.F.);
#2148 = ORIENTED_EDGE('',*,*,#1809,.F.);
#2149 = ORIENTED_EDGE('',*,*,#1840,.F.);
#2150 = ORIENTED_EDGE('',*,*,#1871,.F.);
#2151 = ORIENTED_EDGE('',*,*,#2152,.F.);
#2152 = EDGE_CURVE('',#2079,#1864,#2153,.T.);
#2153 = LINE('',#2154,#2155);
#2154 = CARTESIAN_POINT('',(-12.89230484541,-1.669872981078,45.2));
#2155 = VECTOR('',#2156,1.);
#2156 = DIRECTION('',(0.,0.,1.));
#2157 = PLANE('',#2158);
#2158 = AXIS2_PLACEMENT_3D('',#2159,#2160,#2161);
#2159 = CARTESIAN_POINT('',(-10.72724133595,-0.419872981078,
    49.103624942106));
#2160 = DIRECTION('',(-0.5,0.866025403784,0.));
#2161 = DIRECTION('',(0.,0.,-1.));
#2162 = ADVANCED_FACE('',(#2163),#2169,.T.);
#2163 = FACE_BOUND('',#2164,.F.);
#2164 = EDGE_LOOP('',(#2165,#2166,#2167,#2168));
#2165 = ORIENTED_EDGE('',*,*,#2100,.F.);
#2166 = ORIENTED_EDGE('',*,*,#2078,.T.);
#2167 = ORIENTED_EDGE('',*,*,#2152,.T.);
#2168 = ORIENTED_EDGE('',*,*,#1861,.F.);
#2169 = PLANE('',#2170);
#2170 = AXIS2_PLACEMENT_3D('',#2171,#2172,#2173);
#2171 = CARTESIAN_POINT('',(-10.39230484541,-6.,45.1));
#2172 = DIRECTION('',(-0.866025403784,-0.5,-0.));
#2173 = DIRECTION('',(0.,0.,-1.));
#2174 = MANIFOLD_SOLID_BREP('',#2175);
#2175 = CLOSED_SHELL('',(#2176,#2216,#2247,#2287,#2318,#2349,#2380,#2411
    ,#2442,#2473,#2504,#2535,#2566,#2597,#2628,#2659,#2690,#2712,#2743,
    #2774,#2807,#2840));
#2176 = ADVANCED_FACE('',(#2177),#2211,.F.);
#2177 = FACE_BOUND('',#2178,.F.);
#2178 = EDGE_LOOP('',(#2179,#2189,#2197,#2205));
#2179 = ORIENTED_EDGE('',*,*,#2180,.T.);
#2180 = EDGE_CURVE('',#2181,#2183,#2185,.T.);
#2181 = VERTEX_POINT('',#2182);
#2182 = CARTESIAN_POINT('',(-2.5,6.1,42.7));
#2183 = VERTEX_POINT('',#2184);
#2184 = CARTESIAN_POINT('',(-2.5,16.1,42.7));
#2185 = LINE('',#2186,#2187);
#2186 = CARTESIAN_POINT('',(-2.5,6.1,42.7));
#2187 = VECTOR('',#2188,1.);
#2188 = DIRECTION('',(0.,1.,0.));
#2189 = ORIENTED_EDGE('',*,*,#2190,.T.);
#2190 = EDGE_CURVE('',#2183,#2191,#2193,.T.);
#2191 = VERTEX_POINT('',#2192);
#2192 = CARTESIAN_POINT('',(-1.375,16.1,52.));
#2193 = LINE('',#2194,#2195);
#2194 = CARTESIAN_POINT('',(-2.5,16.1,42.7));
#2195 = VECTOR('',#2196,1.);
#2196 = DIRECTION('',(0.120092266304,0.,0.992762734783));
#2197 = ORIENTED_EDGE('',*,*,#2198,.F.);
#2198 = EDGE_CURVE('',#2199,#2191,#2201,.T.);
#2199 = VERTEX_POINT('',#2200);
#2200 = CARTESIAN_POINT('',(-1.375,6.1,52.));
#2201 = LINE('',#2202,#2203);
#2202 = CARTESIAN_POINT('',(-1.375,6.1,52.));
#2203 = VECTOR('',#2204,1.);
#2204 = DIRECTION('',(0.,1.,0.));
#2205 = ORIENTED_EDGE('',*,*,#2206,.F.);
#2206 = EDGE_CURVE('',#2181,#2199,#2207,.T.);
#2207 = LINE('',#2208,#2209);
#2208 = CARTESIAN_POINT('',(-2.5,6.1,42.7));
#2209 = VECTOR('',#2210,1.);
#2210 = DIRECTION('',(0.120092266304,0.,0.992762734783));
#2211 = PLANE('',#2212);
#2212 = AXIS2_PLACEMENT_3D('',#2213,#2214,#2215);
#2213 = CARTESIAN_POINT('',(-2.5,6.1,42.7));
#2214 = DIRECTION('',(0.992762734783,0.,-0.120092266304));
#2215 = DIRECTION('',(0.120092266304,0.,0.992762734783));
#2216 = ADVANCED_FACE('',(#2217),#2242,.F.);
#2217 = FACE_BOUND('',#2218,.F.);
#2218 = EDGE_LOOP('',(#2219,#2220,#2228,#2236));
#2219 = ORIENTED_EDGE('',*,*,#2198,.T.);
#2220 = ORIENTED_EDGE('',*,*,#2221,.T.);
#2221 = EDGE_CURVE('',#2191,#2222,#2224,.T.);
#2222 = VERTEX_POINT('',#2223);
#2223 = CARTESIAN_POINT('',(-1.375,16.1,53.3));
#2224 = LINE('',#2225,#2226);
#2225 = CARTESIAN_POINT('',(-1.375,16.1,52.));
#2226 = VECTOR('',#2227,1.);
#2227 = DIRECTION('',(0.,0.,1.));
#2228 = ORIENTED_EDGE('',*,*,#2229,.F.);
#2229 = EDGE_CURVE('',#2230,#2222,#2232,.T.);
#2230 = VERTEX_POINT('',#2231);
#2231 = CARTESIAN_POINT('',(-1.375,6.1,53.3));
#2232 = LINE('',#2233,#2234);
#2233 = CARTESIAN_POINT('',(-1.375,6.1,53.3));
#2234 = VECTOR('',#2235,1.);
#2235 = DIRECTION('',(0.,1.,0.));
#2236 = ORIENTED_EDGE('',*,*,#2237,.F.);
#2237 = EDGE_CURVE('',#2199,#2230,#2238,.T.);
#2238 = LINE('',#2239,#2240);
#2239 = CARTESIAN_POINT('',(-1.375,6.1,52.));
#2240 = VECTOR('',#2241,1.);
#2241 = DIRECTION('',(0.,0.,1.));
#2242 = PLANE('',#2243);
#2243 = AXIS2_PLACEMENT_3D('',#2244,#2245,#2246);
#2244 = CARTESIAN_POINT('',(-1.375,6.1,52.));
#2245 = DIRECTION('',(1.,0.,0.));
#2246 = DIRECTION('',(0.,0.,1.));
#2247 = ADVANCED_FACE('',(#2248),#2282,.T.);
#2248 = FACE_BOUND('',#2249,.T.);
#2249 = EDGE_LOOP('',(#2250,#2260,#2268,#2276));
#2250 = ORIENTED_EDGE('',*,*,#2251,.F.);
#2251 = EDGE_CURVE('',#2252,#2254,#2256,.T.);
#2252 = VERTEX_POINT('',#2253);
#2253 = CARTESIAN_POINT('',(-2.1,16.1,41.8));
#2254 = VERTEX_POINT('',#2255);
#2255 = CARTESIAN_POINT('',(2.1,16.1,41.8));
#2256 = LINE('',#2257,#2258);
#2257 = CARTESIAN_POINT('',(-2.5,16.1,41.8));
#2258 = VECTOR('',#2259,1.);
#2259 = DIRECTION('',(1.,0.,0.));
#2260 = ORIENTED_EDGE('',*,*,#2261,.T.);
#2261 = EDGE_CURVE('',#2252,#2262,#2264,.T.);
#2262 = VERTEX_POINT('',#2263);
#2263 = CARTESIAN_POINT('',(-2.1,6.1,41.8));
#2264 = LINE('',#2265,#2266);
#2265 = CARTESIAN_POINT('',(-2.1,6.1,41.8));
#2266 = VECTOR('',#2267,1.);
#2267 = DIRECTION('',(0.,-1.,0.));
#2268 = ORIENTED_EDGE('',*,*,#2269,.T.);
#2269 = EDGE_CURVE('',#2262,#2270,#2272,.T.);
#2270 = VERTEX_POINT('',#2271);
#2271 = CARTESIAN_POINT('',(2.1,6.1,41.8));
#2272 = LINE('',#2273,#2274);
#2273 = CARTESIAN_POINT('',(-2.5,6.1,41.8));
#2274 = VECTOR('',#2275,1.);
#2275 = DIRECTION('',(1.,0.,0.));
#2276 = ORIENTED_EDGE('',*,*,#2277,.F.);
#2277 = EDGE_CURVE('',#2254,#2270,#2278,.T.);
#2278 = LINE('',#2279,#2280);
#2279 = CARTESIAN_POINT('',(2.1,6.1,41.8));
#2280 = VECTOR('',#2281,1.);
#2281 = DIRECTION('',(0.,-1.,0.));
#2282 = PLANE('',#2283);
#2283 = AXIS2_PLACEMENT_3D('',#2284,#2285,#2286);
#2284 = CARTESIAN_POINT('',(-2.5,6.1,41.8));
#2285 = DIRECTION('',(0.,0.,1.));
#2286 = DIRECTION('',(1.,0.,0.));
#2287 = ADVANCED_FACE('',(#2288),#2313,.T.);
#2288 = FACE_BOUND('',#2289,.T.);
#2289 = EDGE_LOOP('',(#2290,#2298,#2306,#2312));
#2290 = ORIENTED_EDGE('',*,*,#2291,.F.);
#2291 = EDGE_CURVE('',#2292,#2270,#2294,.T.);
#2292 = VERTEX_POINT('',#2293);
#2293 = CARTESIAN_POINT('',(2.1,6.1,42.7));
#2294 = LINE('',#2295,#2296);
#2295 = CARTESIAN_POINT('',(2.1,6.1,42.7));
#2296 = VECTOR('',#2297,1.);
#2297 = DIRECTION('',(0.,0.,-1.));
#2298 = ORIENTED_EDGE('',*,*,#2299,.T.);
#2299 = EDGE_CURVE('',#2292,#2300,#2302,.T.);
#2300 = VERTEX_POINT('',#2301);
#2301 = CARTESIAN_POINT('',(2.1,16.1,42.7));
#2302 = LINE('',#2303,#2304);
#2303 = CARTESIAN_POINT('',(2.1,6.1,42.7));
#2304 = VECTOR('',#2305,1.);
#2305 = DIRECTION('',(0.,1.,0.));
#2306 = ORIENTED_EDGE('',*,*,#2307,.T.);
#2307 = EDGE_CURVE('',#2300,#2254,#2308,.T.);
#2308 = LINE('',#2309,#2310);
#2309 = CARTESIAN_POINT('',(2.1,16.1,42.7));
#2310 = VECTOR('',#2311,1.);
#2311 = DIRECTION('',(0.,0.,-1.));
#2312 = ORIENTED_EDGE('',*,*,#2277,.T.);
#2313 = PLANE('',#2314);
#2314 = AXIS2_PLACEMENT_3D('',#2315,#2316,#2317);
#2315 = CARTESIAN_POINT('',(2.1,6.1,42.7));
#2316 = DIRECTION('',(-1.,0.,0.));
#2317 = DIRECTION('',(0.,0.,-1.));
#2318 = ADVANCED_FACE('',(#2319),#2344,.F.);
#2319 = FACE_BOUND('',#2320,.F.);
#2320 = EDGE_LOOP('',(#2321,#2329,#2337,#2343));
#2321 = ORIENTED_EDGE('',*,*,#2322,.F.);
#2322 = EDGE_CURVE('',#2323,#2262,#2325,.T.);
#2323 = VERTEX_POINT('',#2324);
#2324 = CARTESIAN_POINT('',(-2.1,6.1,42.7));
#2325 = LINE('',#2326,#2327);
#2326 = CARTESIAN_POINT('',(-2.1,6.1,42.7));
#2327 = VECTOR('',#2328,1.);
#2328 = DIRECTION('',(0.,0.,-1.));
#2329 = ORIENTED_EDGE('',*,*,#2330,.T.);
#2330 = EDGE_CURVE('',#2323,#2331,#2333,.T.);
#2331 = VERTEX_POINT('',#2332);
#2332 = CARTESIAN_POINT('',(-2.1,16.1,42.7));
#2333 = LINE('',#2334,#2335);
#2334 = CARTESIAN_POINT('',(-2.1,6.1,42.7));
#2335 = VECTOR('',#2336,1.);
#2336 = DIRECTION('',(0.,1.,0.));
#2337 = ORIENTED_EDGE('',*,*,#2338,.T.);
#2338 = EDGE_CURVE('',#2331,#2252,#2339,.T.);
#2339 = LINE('',#2340,#2341);
#2340 = CARTESIAN_POINT('',(-2.1,16.1,42.7));
#2341 = VECTOR('',#2342,1.);
#2342 = DIRECTION('',(0.,0.,-1.));
#2343 = ORIENTED_EDGE('',*,*,#2261,.T.);
#2344 = PLANE('',#2345);
#2345 = AXIS2_PLACEMENT_3D('',#2346,#2347,#2348);
#2346 = CARTESIAN_POINT('',(-2.1,6.1,42.7));
#2347 = DIRECTION('',(-1.,0.,0.));
#2348 = DIRECTION('',(0.,0.,-1.));
#2349 = ADVANCED_FACE('',(#2350),#2375,.T.);
#2350 = FACE_BOUND('',#2351,.T.);
#2351 = EDGE_LOOP('',(#2352,#2362,#2368,#2369));
#2352 = ORIENTED_EDGE('',*,*,#2353,.T.);
#2353 = EDGE_CURVE('',#2354,#2356,#2358,.T.);
#2354 = VERTEX_POINT('',#2355);
#2355 = CARTESIAN_POINT('',(0.975,6.1,52.));
#2356 = VERTEX_POINT('',#2357);
#2357 = CARTESIAN_POINT('',(0.975,16.1,52.));
#2358 = LINE('',#2359,#2360);
#2359 = CARTESIAN_POINT('',(0.975,6.1,52.));
#2360 = VECTOR('',#2361,1.);
#2361 = DIRECTION('',(0.,1.,0.));
#2362 = ORIENTED_EDGE('',*,*,#2363,.T.);
#2363 = EDGE_CURVE('',#2356,#2300,#2364,.T.);
#2364 = LINE('',#2365,#2366);
#2365 = CARTESIAN_POINT('',(0.975,16.1,52.));
#2366 = VECTOR('',#2367,1.);
#2367 = DIRECTION('',(0.120092266304,0.,-0.992762734783));
#2368 = ORIENTED_EDGE('',*,*,#2299,.F.);
#2369 = ORIENTED_EDGE('',*,*,#2370,.F.);
#2370 = EDGE_CURVE('',#2354,#2292,#2371,.T.);
#2371 = LINE('',#2372,#2373);
#2372 = CARTESIAN_POINT('',(0.975,6.1,52.));
#2373 = VECTOR('',#2374,1.);
#2374 = DIRECTION('',(0.120092266304,0.,-0.992762734783));
#2375 = PLANE('',#2376);
#2376 = AXIS2_PLACEMENT_3D('',#2377,#2378,#2379);
#2377 = CARTESIAN_POINT('',(0.975,6.1,52.));
#2378 = DIRECTION('',(-0.992762734783,0.,-0.120092266304));
#2379 = DIRECTION('',(0.120092266304,0.,-0.992762734783));
#2380 = ADVANCED_FACE('',(#2381),#2406,.T.);
#2381 = FACE_BOUND('',#2382,.T.);
#2382 = EDGE_LOOP('',(#2383,#2393,#2399,#2400));
#2383 = ORIENTED_EDGE('',*,*,#2384,.T.);
#2384 = EDGE_CURVE('',#2385,#2387,#2389,.T.);
#2385 = VERTEX_POINT('',#2386);
#2386 = CARTESIAN_POINT('',(0.975,6.1,53.3));
#2387 = VERTEX_POINT('',#2388);
#2388 = CARTESIAN_POINT('',(0.975,16.1,53.3));
#2389 = LINE('',#2390,#2391);
#2390 = CARTESIAN_POINT('',(0.975,6.1,53.3));
#2391 = VECTOR('',#2392,1.);
#2392 = DIRECTION('',(0.,1.,0.));
#2393 = ORIENTED_EDGE('',*,*,#2394,.T.);
#2394 = EDGE_CURVE('',#2387,#2356,#2395,.T.);
#2395 = LINE('',#2396,#2397);
#2396 = CARTESIAN_POINT('',(0.975,16.1,53.3));
#2397 = VECTOR('',#2398,1.);
#2398 = DIRECTION('',(0.,0.,-1.));
#2399 = ORIENTED_EDGE('',*,*,#2353,.F.);
#2400 = ORIENTED_EDGE('',*,*,#2401,.F.);
#2401 = EDGE_CURVE('',#2385,#2354,#2402,.T.);
#2402 = LINE('',#2403,#2404);
#2403 = CARTESIAN_POINT('',(0.975,6.1,53.3));
#2404 = VECTOR('',#2405,1.);
#2405 = DIRECTION('',(0.,0.,-1.));
#2406 = PLANE('',#2407);
#2407 = AXIS2_PLACEMENT_3D('',#2408,#2409,#2410);
#2408 = CARTESIAN_POINT('',(0.975,6.1,53.3));
#2409 = DIRECTION('',(-1.,0.,0.));
#2410 = DIRECTION('',(0.,0.,-1.));
#2411 = ADVANCED_FACE('',(#2412),#2437,.T.);
#2412 = FACE_BOUND('',#2413,.T.);
#2413 = EDGE_LOOP('',(#2414,#2424,#2430,#2431));
#2414 = ORIENTED_EDGE('',*,*,#2415,.T.);
#2415 = EDGE_CURVE('',#2416,#2418,#2420,.T.);
#2416 = VERTEX_POINT('',#2417);
#2417 = CARTESIAN_POINT('',(1.2,6.1,55.3));
#2418 = VERTEX_POINT('',#2419);
#2419 = CARTESIAN_POINT('',(1.2,16.1,55.3));
#2420 = LINE('',#2421,#2422);
#2421 = CARTESIAN_POINT('',(1.2,6.1,55.3));
#2422 = VECTOR('',#2423,1.);
#2423 = DIRECTION('',(0.,1.,0.));
#2424 = ORIENTED_EDGE('',*,*,#2425,.T.);
#2425 = EDGE_CURVE('',#2418,#2387,#2426,.T.);
#2426 = LINE('',#2427,#2428);
#2427 = CARTESIAN_POINT('',(1.2,16.1,55.3));
#2428 = VECTOR('',#2429,1.);
#2429 = DIRECTION('',(-0.111794773068,0.,-0.993731316159));
#2430 = ORIENTED_EDGE('',*,*,#2384,.F.);
#2431 = ORIENTED_EDGE('',*,*,#2432,.F.);
#2432 = EDGE_CURVE('',#2416,#2385,#2433,.T.);
#2433 = LINE('',#2434,#2435);
#2434 = CARTESIAN_POINT('',(1.2,6.1,55.3));
#2435 = VECTOR('',#2436,1.);
#2436 = DIRECTION('',(-0.111794773068,0.,-0.993731316159));
#2437 = PLANE('',#2438);
#2438 = AXIS2_PLACEMENT_3D('',#2439,#2440,#2441);
#2439 = CARTESIAN_POINT('',(1.2,6.1,55.3));
#2440 = DIRECTION('',(-0.993731316159,0.,0.111794773068));
#2441 = DIRECTION('',(-0.111794773068,0.,-0.993731316159));
#2442 = ADVANCED_FACE('',(#2443),#2468,.T.);
#2443 = FACE_BOUND('',#2444,.T.);
#2444 = EDGE_LOOP('',(#2445,#2455,#2461,#2462));
#2445 = ORIENTED_EDGE('',*,*,#2446,.T.);
#2446 = EDGE_CURVE('',#2447,#2449,#2451,.T.);
#2447 = VERTEX_POINT('',#2448);
#2448 = CARTESIAN_POINT('',(1.6,6.1,55.3));
#2449 = VERTEX_POINT('',#2450);
#2450 = CARTESIAN_POINT('',(1.6,16.1,55.3));
#2451 = LINE('',#2452,#2453);
#2452 = CARTESIAN_POINT('',(1.6,6.1,55.3));
#2453 = VECTOR('',#2454,1.);
#2454 = DIRECTION('',(0.,1.,0.));
#2455 = ORIENTED_EDGE('',*,*,#2456,.T.);
#2456 = EDGE_CURVE('',#2449,#2418,#2457,.T.);
#2457 = LINE('',#2458,#2459);
#2458 = CARTESIAN_POINT('',(1.6,16.1,55.3));
#2459 = VECTOR('',#2460,1.);
#2460 = DIRECTION('',(-1.,0.,0.));
#2461 = ORIENTED_EDGE('',*,*,#2415,.F.);
#2462 = ORIENTED_EDGE('',*,*,#2463,.F.);
#2463 = EDGE_CURVE('',#2447,#2416,#2464,.T.);
#2464 = LINE('',#2465,#2466);
#2465 = CARTESIAN_POINT('',(1.6,6.1,55.3));
#2466 = VECTOR('',#2467,1.);
#2467 = DIRECTION('',(-1.,0.,0.));
#2468 = PLANE('',#2469);
#2469 = AXIS2_PLACEMENT_3D('',#2470,#2471,#2472);
#2470 = CARTESIAN_POINT('',(1.6,6.1,55.3));
#2471 = DIRECTION('',(0.,0.,1.));
#2472 = DIRECTION('',(-1.,0.,0.));
#2473 = ADVANCED_FACE('',(#2474),#2499,.T.);
#2474 = FACE_BOUND('',#2475,.T.);
#2475 = EDGE_LOOP('',(#2476,#2486,#2492,#2493));
#2476 = ORIENTED_EDGE('',*,*,#2477,.T.);
#2477 = EDGE_CURVE('',#2478,#2480,#2482,.T.);
#2478 = VERTEX_POINT('',#2479);
#2479 = CARTESIAN_POINT('',(1.375,6.1,53.3));
#2480 = VERTEX_POINT('',#2481);
#2481 = CARTESIAN_POINT('',(1.375,16.1,53.3));
#2482 = LINE('',#2483,#2484);
#2483 = CARTESIAN_POINT('',(1.375,6.1,53.3));
#2484 = VECTOR('',#2485,1.);
#2485 = DIRECTION('',(0.,1.,0.));
#2486 = ORIENTED_EDGE('',*,*,#2487,.T.);
#2487 = EDGE_CURVE('',#2480,#2449,#2488,.T.);
#2488 = LINE('',#2489,#2490);
#2489 = CARTESIAN_POINT('',(1.375,16.1,53.3));
#2490 = VECTOR('',#2491,1.);
#2491 = DIRECTION('',(0.111794773068,0.,0.993731316159));
#2492 = ORIENTED_EDGE('',*,*,#2446,.F.);
#2493 = ORIENTED_EDGE('',*,*,#2494,.F.);
#2494 = EDGE_CURVE('',#2478,#2447,#2495,.T.);
#2495 = LINE('',#2496,#2497);
#2496 = CARTESIAN_POINT('',(1.375,6.1,53.3));
#2497 = VECTOR('',#2498,1.);
#2498 = DIRECTION('',(0.111794773068,0.,0.993731316159));
#2499 = PLANE('',#2500);
#2500 = AXIS2_PLACEMENT_3D('',#2501,#2502,#2503);
#2501 = CARTESIAN_POINT('',(1.375,6.1,53.3));
#2502 = DIRECTION('',(0.993731316159,0.,-0.111794773068));
#2503 = DIRECTION('',(0.111794773068,0.,0.993731316159));
#2504 = ADVANCED_FACE('',(#2505),#2530,.T.);
#2505 = FACE_BOUND('',#2506,.T.);
#2506 = EDGE_LOOP('',(#2507,#2517,#2523,#2524));
#2507 = ORIENTED_EDGE('',*,*,#2508,.T.);
#2508 = EDGE_CURVE('',#2509,#2511,#2513,.T.);
#2509 = VERTEX_POINT('',#2510);
#2510 = CARTESIAN_POINT('',(1.375,6.1,52.));
#2511 = VERTEX_POINT('',#2512);
#2512 = CARTESIAN_POINT('',(1.375,16.1,52.));
#2513 = LINE('',#2514,#2515);
#2514 = CARTESIAN_POINT('',(1.375,6.1,52.));
#2515 = VECTOR('',#2516,1.);
#2516 = DIRECTION('',(0.,1.,0.));
#2517 = ORIENTED_EDGE('',*,*,#2518,.T.);
#2518 = EDGE_CURVE('',#2511,#2480,#2519,.T.);
#2519 = LINE('',#2520,#2521);
#2520 = CARTESIAN_POINT('',(1.375,16.1,52.));
#2521 = VECTOR('',#2522,1.);
#2522 = DIRECTION('',(0.,0.,1.));
#2523 = ORIENTED_EDGE('',*,*,#2477,.F.);
#2524 = ORIENTED_EDGE('',*,*,#2525,.F.);
#2525 = EDGE_CURVE('',#2509,#2478,#2526,.T.);
#2526 = LINE('',#2527,#2528);
#2527 = CARTESIAN_POINT('',(1.375,6.1,52.));
#2528 = VECTOR('',#2529,1.);
#2529 = DIRECTION('',(0.,0.,1.));
#2530 = PLANE('',#2531);
#2531 = AXIS2_PLACEMENT_3D('',#2532,#2533,#2534);
#2532 = CARTESIAN_POINT('',(1.375,6.1,52.));
#2533 = DIRECTION('',(1.,0.,0.));
#2534 = DIRECTION('',(0.,0.,1.));
#2535 = ADVANCED_FACE('',(#2536),#2561,.T.);
#2536 = FACE_BOUND('',#2537,.T.);
#2537 = EDGE_LOOP('',(#2538,#2548,#2554,#2555));
#2538 = ORIENTED_EDGE('',*,*,#2539,.T.);
#2539 = EDGE_CURVE('',#2540,#2542,#2544,.T.);
#2540 = VERTEX_POINT('',#2541);
#2541 = CARTESIAN_POINT('',(2.5,6.1,42.7));
#2542 = VERTEX_POINT('',#2543);
#2543 = CARTESIAN_POINT('',(2.5,16.1,42.7));
#2544 = LINE('',#2545,#2546);
#2545 = CARTESIAN_POINT('',(2.5,6.1,42.7));
#2546 = VECTOR('',#2547,1.);
#2547 = DIRECTION('',(0.,1.,0.));
#2548 = ORIENTED_EDGE('',*,*,#2549,.T.);
#2549 = EDGE_CURVE('',#2542,#2511,#2550,.T.);
#2550 = LINE('',#2551,#2552);
#2551 = CARTESIAN_POINT('',(2.5,16.1,42.7));
#2552 = VECTOR('',#2553,1.);
#2553 = DIRECTION('',(-0.120092266304,0.,0.992762734783));
#2554 = ORIENTED_EDGE('',*,*,#2508,.F.);
#2555 = ORIENTED_EDGE('',*,*,#2556,.F.);
#2556 = EDGE_CURVE('',#2540,#2509,#2557,.T.);
#2557 = LINE('',#2558,#2559);
#2558 = CARTESIAN_POINT('',(2.5,6.1,42.7));
#2559 = VECTOR('',#2560,1.);
#2560 = DIRECTION('',(-0.120092266304,0.,0.992762734783));
#2561 = PLANE('',#2562);
#2562 = AXIS2_PLACEMENT_3D('',#2563,#2564,#2565);
#2563 = CARTESIAN_POINT('',(2.5,6.1,42.7));
#2564 = DIRECTION('',(0.992762734783,0.,0.120092266304));
#2565 = DIRECTION('',(-0.120092266304,0.,0.992762734783));
#2566 = ADVANCED_FACE('',(#2567),#2592,.F.);
#2567 = FACE_BOUND('',#2568,.F.);
#2568 = EDGE_LOOP('',(#2569,#2579,#2585,#2586));
#2569 = ORIENTED_EDGE('',*,*,#2570,.T.);
#2570 = EDGE_CURVE('',#2571,#2573,#2575,.T.);
#2571 = VERTEX_POINT('',#2572);
#2572 = CARTESIAN_POINT('',(-0.975,6.1,52.));
#2573 = VERTEX_POINT('',#2574);
#2574 = CARTESIAN_POINT('',(-0.975,16.1,52.));
#2575 = LINE('',#2576,#2577);
#2576 = CARTESIAN_POINT('',(-0.975,6.1,52.));
#2577 = VECTOR('',#2578,1.);
#2578 = DIRECTION('',(0.,1.,0.));
#2579 = ORIENTED_EDGE('',*,*,#2580,.T.);
#2580 = EDGE_CURVE('',#2573,#2331,#2581,.T.);
#2581 = LINE('',#2582,#2583);
#2582 = CARTESIAN_POINT('',(-0.975,16.1,52.));
#2583 = VECTOR('',#2584,1.);
#2584 = DIRECTION('',(-0.120092266304,0.,-0.992762734783));
#2585 = ORIENTED_EDGE('',*,*,#2330,.F.);
#2586 = ORIENTED_EDGE('',*,*,#2587,.F.);
#2587 = EDGE_CURVE('',#2571,#2323,#2588,.T.);
#2588 = LINE('',#2589,#2590);
#2589 = CARTESIAN_POINT('',(-0.975,6.1,52.));
#2590 = VECTOR('',#2591,1.);
#2591 = DIRECTION('',(-0.120092266304,0.,-0.992762734783));
#2592 = PLANE('',#2593);
#2593 = AXIS2_PLACEMENT_3D('',#2594,#2595,#2596);
#2594 = CARTESIAN_POINT('',(-0.975,6.1,52.));
#2595 = DIRECTION('',(-0.992762734783,0.,0.120092266304));
#2596 = DIRECTION('',(-0.120092266304,0.,-0.992762734783));
#2597 = ADVANCED_FACE('',(#2598),#2623,.F.);
#2598 = FACE_BOUND('',#2599,.F.);
#2599 = EDGE_LOOP('',(#2600,#2610,#2616,#2617));
#2600 = ORIENTED_EDGE('',*,*,#2601,.T.);
#2601 = EDGE_CURVE('',#2602,#2604,#2606,.T.);
#2602 = VERTEX_POINT('',#2603);
#2603 = CARTESIAN_POINT('',(-0.975,6.1,53.3));
#2604 = VERTEX_POINT('',#2605);
#2605 = CARTESIAN_POINT('',(-0.975,16.1,53.3));
#2606 = LINE('',#2607,#2608);
#2607 = CARTESIAN_POINT('',(-0.975,6.1,53.3));
#2608 = VECTOR('',#2609,1.);
#2609 = DIRECTION('',(0.,1.,0.));
#2610 = ORIENTED_EDGE('',*,*,#2611,.T.);
#2611 = EDGE_CURVE('',#2604,#2573,#2612,.T.);
#2612 = LINE('',#2613,#2614);
#2613 = CARTESIAN_POINT('',(-0.975,16.1,53.3));
#2614 = VECTOR('',#2615,1.);
#2615 = DIRECTION('',(0.,0.,-1.));
#2616 = ORIENTED_EDGE('',*,*,#2570,.F.);
#2617 = ORIENTED_EDGE('',*,*,#2618,.F.);
#2618 = EDGE_CURVE('',#2602,#2571,#2619,.T.);
#2619 = LINE('',#2620,#2621);
#2620 = CARTESIAN_POINT('',(-0.975,6.1,53.3));
#2621 = VECTOR('',#2622,1.);
#2622 = DIRECTION('',(0.,0.,-1.));
#2623 = PLANE('',#2624);
#2624 = AXIS2_PLACEMENT_3D('',#2625,#2626,#2627);
#2625 = CARTESIAN_POINT('',(-0.975,6.1,53.3));
#2626 = DIRECTION('',(-1.,0.,0.));
#2627 = DIRECTION('',(0.,0.,-1.));
#2628 = ADVANCED_FACE('',(#2629),#2654,.F.);
#2629 = FACE_BOUND('',#2630,.F.);
#2630 = EDGE_LOOP('',(#2631,#2641,#2647,#2648));
#2631 = ORIENTED_EDGE('',*,*,#2632,.T.);
#2632 = EDGE_CURVE('',#2633,#2635,#2637,.T.);
#2633 = VERTEX_POINT('',#2634);
#2634 = CARTESIAN_POINT('',(-1.2,6.1,55.3));
#2635 = VERTEX_POINT('',#2636);
#2636 = CARTESIAN_POINT('',(-1.2,16.1,55.3));
#2637 = LINE('',#2638,#2639);
#2638 = CARTESIAN_POINT('',(-1.2,6.1,55.3));
#2639 = VECTOR('',#2640,1.);
#2640 = DIRECTION('',(0.,1.,0.));
#2641 = ORIENTED_EDGE('',*,*,#2642,.T.);
#2642 = EDGE_CURVE('',#2635,#2604,#2643,.T.);
#2643 = LINE('',#2644,#2645);
#2644 = CARTESIAN_POINT('',(-1.2,16.1,55.3));
#2645 = VECTOR('',#2646,1.);
#2646 = DIRECTION('',(0.111794773068,0.,-0.993731316159));
#2647 = ORIENTED_EDGE('',*,*,#2601,.F.);
#2648 = ORIENTED_EDGE('',*,*,#2649,.F.);
#2649 = EDGE_CURVE('',#2633,#2602,#2650,.T.);
#2650 = LINE('',#2651,#2652);
#2651 = CARTESIAN_POINT('',(-1.2,6.1,55.3));
#2652 = VECTOR('',#2653,1.);
#2653 = DIRECTION('',(0.111794773068,0.,-0.993731316159));
#2654 = PLANE('',#2655);
#2655 = AXIS2_PLACEMENT_3D('',#2656,#2657,#2658);
#2656 = CARTESIAN_POINT('',(-1.2,6.1,55.3));
#2657 = DIRECTION('',(-0.993731316159,0.,-0.111794773068));
#2658 = DIRECTION('',(0.111794773068,0.,-0.993731316159));
#2659 = ADVANCED_FACE('',(#2660),#2685,.F.);
#2660 = FACE_BOUND('',#2661,.F.);
#2661 = EDGE_LOOP('',(#2662,#2672,#2678,#2679));
#2662 = ORIENTED_EDGE('',*,*,#2663,.T.);
#2663 = EDGE_CURVE('',#2664,#2666,#2668,.T.);
#2664 = VERTEX_POINT('',#2665);
#2665 = CARTESIAN_POINT('',(-1.6,6.1,55.3));
#2666 = VERTEX_POINT('',#2667);
#2667 = CARTESIAN_POINT('',(-1.6,16.1,55.3));
#2668 = LINE('',#2669,#2670);
#2669 = CARTESIAN_POINT('',(-1.6,6.1,55.3));
#2670 = VECTOR('',#2671,1.);
#2671 = DIRECTION('',(0.,1.,0.));
#2672 = ORIENTED_EDGE('',*,*,#2673,.T.);
#2673 = EDGE_CURVE('',#2666,#2635,#2674,.T.);
#2674 = LINE('',#2675,#2676);
#2675 = CARTESIAN_POINT('',(-1.6,16.1,55.3));
#2676 = VECTOR('',#2677,1.);
#2677 = DIRECTION('',(1.,0.,0.));
#2678 = ORIENTED_EDGE('',*,*,#2632,.F.);
#2679 = ORIENTED_EDGE('',*,*,#2680,.F.);
#2680 = EDGE_CURVE('',#2664,#2633,#2681,.T.);
#2681 = LINE('',#2682,#2683);
#2682 = CARTESIAN_POINT('',(-1.6,6.1,55.3));
#2683 = VECTOR('',#2684,1.);
#2684 = DIRECTION('',(1.,0.,0.));
#2685 = PLANE('',#2686);
#2686 = AXIS2_PLACEMENT_3D('',#2687,#2688,#2689);
#2687 = CARTESIAN_POINT('',(-1.6,6.1,55.3));
#2688 = DIRECTION('',(0.,0.,-1.));
#2689 = DIRECTION('',(1.,0.,0.));
#2690 = ADVANCED_FACE('',(#2691),#2707,.F.);
#2691 = FACE_BOUND('',#2692,.F.);
#2692 = EDGE_LOOP('',(#2693,#2694,#2700,#2701));
#2693 = ORIENTED_EDGE('',*,*,#2229,.T.);
#2694 = ORIENTED_EDGE('',*,*,#2695,.T.);
#2695 = EDGE_CURVE('',#2222,#2666,#2696,.T.);
#2696 = LINE('',#2697,#2698);
#2697 = CARTESIAN_POINT('',(-1.375,16.1,53.3));
#2698 = VECTOR('',#2699,1.);
#2699 = DIRECTION('',(-0.111794773068,0.,0.993731316159));
#2700 = ORIENTED_EDGE('',*,*,#2663,.F.);
#2701 = ORIENTED_EDGE('',*,*,#2702,.F.);
#2702 = EDGE_CURVE('',#2230,#2664,#2703,.T.);
#2703 = LINE('',#2704,#2705);
#2704 = CARTESIAN_POINT('',(-1.375,6.1,53.3));
#2705 = VECTOR('',#2706,1.);
#2706 = DIRECTION('',(-0.111794773068,0.,0.993731316159));
#2707 = PLANE('',#2708);
#2708 = AXIS2_PLACEMENT_3D('',#2709,#2710,#2711);
#2709 = CARTESIAN_POINT('',(-1.375,6.1,53.3));
#2710 = DIRECTION('',(0.993731316159,0.,0.111794773068));
#2711 = DIRECTION('',(-0.111794773068,0.,0.993731316159));
#2712 = ADVANCED_FACE('',(#2713),#2738,.T.);
#2713 = FACE_BOUND('',#2714,.T.);
#2714 = EDGE_LOOP('',(#2715,#2723,#2724,#2732));
#2715 = ORIENTED_EDGE('',*,*,#2716,.T.);
#2716 = EDGE_CURVE('',#2717,#2181,#2719,.T.);
#2717 = VERTEX_POINT('',#2718);
#2718 = CARTESIAN_POINT('',(-2.5,6.1,40.5));
#2719 = LINE('',#2720,#2721);
#2720 = CARTESIAN_POINT('',(-2.5,6.1,40.5));
#2721 = VECTOR('',#2722,1.);
#2722 = DIRECTION('',(0.,0.,1.));
#2723 = ORIENTED_EDGE('',*,*,#2180,.T.);
#2724 = ORIENTED_EDGE('',*,*,#2725,.F.);
#2725 = EDGE_CURVE('',#2726,#2183,#2728,.T.);
#2726 = VERTEX_POINT('',#2727);
#2727 = CARTESIAN_POINT('',(-2.5,16.1,40.5));
#2728 = LINE('',#2729,#2730);
#2729 = CARTESIAN_POINT('',(-2.5,16.1,41.7));
#2730 = VECTOR('',#2731,1.);
#2731 = DIRECTION('',(0.,0.,1.));
#2732 = ORIENTED_EDGE('',*,*,#2733,.F.);
#2733 = EDGE_CURVE('',#2717,#2726,#2734,.T.);
#2734 = LINE('',#2735,#2736);
#2735 = CARTESIAN_POINT('',(-2.5,6.1,40.5));
#2736 = VECTOR('',#2737,1.);
#2737 = DIRECTION('',(0.,1.,0.));
#2738 = PLANE('',#2739);
#2739 = AXIS2_PLACEMENT_3D('',#2740,#2741,#2742);
#2740 = CARTESIAN_POINT('',(-2.5,11.1,41.6));
#2741 = DIRECTION('',(-1.,-0.,-0.));
#2742 = DIRECTION('',(0.,0.,-1.));
#2743 = ADVANCED_FACE('',(#2744),#2769,.F.);
#2744 = FACE_BOUND('',#2745,.F.);
#2745 = EDGE_LOOP('',(#2746,#2747,#2755,#2763));
#2746 = ORIENTED_EDGE('',*,*,#2733,.F.);
#2747 = ORIENTED_EDGE('',*,*,#2748,.T.);
#2748 = EDGE_CURVE('',#2717,#2749,#2751,.T.);
#2749 = VERTEX_POINT('',#2750);
#2750 = CARTESIAN_POINT('',(2.5,6.1,40.5));
#2751 = LINE('',#2752,#2753);
#2752 = CARTESIAN_POINT('',(-2.5,6.1,40.5));
#2753 = VECTOR('',#2754,1.);
#2754 = DIRECTION('',(1.,0.,0.));
#2755 = ORIENTED_EDGE('',*,*,#2756,.T.);
#2756 = EDGE_CURVE('',#2749,#2757,#2759,.T.);
#2757 = VERTEX_POINT('',#2758);
#2758 = CARTESIAN_POINT('',(2.5,16.1,40.5));
#2759 = LINE('',#2760,#2761);
#2760 = CARTESIAN_POINT('',(2.5,6.1,40.5));
#2761 = VECTOR('',#2762,1.);
#2762 = DIRECTION('',(0.,1.,0.));
#2763 = ORIENTED_EDGE('',*,*,#2764,.F.);
#2764 = EDGE_CURVE('',#2726,#2757,#2765,.T.);
#2765 = LINE('',#2766,#2767);
#2766 = CARTESIAN_POINT('',(-2.5,16.1,40.5));
#2767 = VECTOR('',#2768,1.);
#2768 = DIRECTION('',(1.,0.,0.));
#2769 = PLANE('',#2770);
#2770 = AXIS2_PLACEMENT_3D('',#2771,#2772,#2773);
#2771 = CARTESIAN_POINT('',(-2.5,6.1,40.5));
#2772 = DIRECTION('',(0.,0.,1.));
#2773 = DIRECTION('',(1.,0.,0.));
#2774 = ADVANCED_FACE('',(#2775),#2802,.T.);
#2775 = FACE_BOUND('',#2776,.T.);
#2776 = EDGE_LOOP('',(#2777,#2783,#2784,#2785,#2786,#2787,#2788,#2789,
    #2790,#2791,#2792,#2793,#2794,#2795,#2796,#2797,#2798,#2799,#2800,
    #2801));
#2777 = ORIENTED_EDGE('',*,*,#2778,.T.);
#2778 = EDGE_CURVE('',#2749,#2540,#2779,.T.);
#2779 = LINE('',#2780,#2781);
#2780 = CARTESIAN_POINT('',(2.5,6.1,40.5));
#2781 = VECTOR('',#2782,1.);
#2782 = DIRECTION('',(0.,0.,1.));
#2783 = ORIENTED_EDGE('',*,*,#2556,.T.);
#2784 = ORIENTED_EDGE('',*,*,#2525,.T.);
#2785 = ORIENTED_EDGE('',*,*,#2494,.T.);
#2786 = ORIENTED_EDGE('',*,*,#2463,.T.);
#2787 = ORIENTED_EDGE('',*,*,#2432,.T.);
#2788 = ORIENTED_EDGE('',*,*,#2401,.T.);
#2789 = ORIENTED_EDGE('',*,*,#2370,.T.);
#2790 = ORIENTED_EDGE('',*,*,#2291,.T.);
#2791 = ORIENTED_EDGE('',*,*,#2269,.F.);
#2792 = ORIENTED_EDGE('',*,*,#2322,.F.);
#2793 = ORIENTED_EDGE('',*,*,#2587,.F.);
#2794 = ORIENTED_EDGE('',*,*,#2618,.F.);
#2795 = ORIENTED_EDGE('',*,*,#2649,.F.);
#2796 = ORIENTED_EDGE('',*,*,#2680,.F.);
#2797 = ORIENTED_EDGE('',*,*,#2702,.F.);
#2798 = ORIENTED_EDGE('',*,*,#2237,.F.);
#2799 = ORIENTED_EDGE('',*,*,#2206,.F.);
#2800 = ORIENTED_EDGE('',*,*,#2716,.F.);
#2801 = ORIENTED_EDGE('',*,*,#2748,.T.);
#2802 = PLANE('',#2803);
#2803 = AXIS2_PLACEMENT_3D('',#2804,#2805,#2806);
#2804 = CARTESIAN_POINT('',(-1.858067903564E-16,6.1,47.317585043677));
#2805 = DIRECTION('',(-0.,-1.,-0.));
#2806 = DIRECTION('',(0.,0.,-1.));
#2807 = ADVANCED_FACE('',(#2808),#2835,.T.);
#2808 = FACE_BOUND('',#2809,.T.);
#2809 = EDGE_LOOP('',(#2810,#2811,#2812,#2813,#2814,#2815,#2816,#2817,
    #2818,#2819,#2820,#2821,#2822,#2823,#2824,#2825,#2826,#2827,#2828,
    #2829));
#2810 = ORIENTED_EDGE('',*,*,#2764,.F.);
#2811 = ORIENTED_EDGE('',*,*,#2725,.T.);
#2812 = ORIENTED_EDGE('',*,*,#2190,.T.);
#2813 = ORIENTED_EDGE('',*,*,#2221,.T.);
#2814 = ORIENTED_EDGE('',*,*,#2695,.T.);
#2815 = ORIENTED_EDGE('',*,*,#2673,.T.);
#2816 = ORIENTED_EDGE('',*,*,#2642,.T.);
#2817 = ORIENTED_EDGE('',*,*,#2611,.T.);
#2818 = ORIENTED_EDGE('',*,*,#2580,.T.);
#2819 = ORIENTED_EDGE('',*,*,#2338,.T.);
#2820 = ORIENTED_EDGE('',*,*,#2251,.T.);
#2821 = ORIENTED_EDGE('',*,*,#2307,.F.);
#2822 = ORIENTED_EDGE('',*,*,#2363,.F.);
#2823 = ORIENTED_EDGE('',*,*,#2394,.F.);
#2824 = ORIENTED_EDGE('',*,*,#2425,.F.);
#2825 = ORIENTED_EDGE('',*,*,#2456,.F.);
#2826 = ORIENTED_EDGE('',*,*,#2487,.F.);
#2827 = ORIENTED_EDGE('',*,*,#2518,.F.);
#2828 = ORIENTED_EDGE('',*,*,#2549,.F.);
#2829 = ORIENTED_EDGE('',*,*,#2830,.F.);
#2830 = EDGE_CURVE('',#2757,#2542,#2831,.T.);
#2831 = LINE('',#2832,#2833);
#2832 = CARTESIAN_POINT('',(2.5,16.1,41.7));
#2833 = VECTOR('',#2834,1.);
#2834 = DIRECTION('',(0.,0.,1.));
#2835 = PLANE('',#2836);
#2836 = AXIS2_PLACEMENT_3D('',#2837,#2838,#2839);
#2837 = CARTESIAN_POINT('',(2.654382719378E-17,16.1,47.317585043677));
#2838 = DIRECTION('',(0.,1.,0.));
#2839 = DIRECTION('',(0.,0.,1.));
#2840 = ADVANCED_FACE('',(#2841),#2847,.T.);
#2841 = FACE_BOUND('',#2842,.T.);
#2842 = EDGE_LOOP('',(#2843,#2844,#2845,#2846));
#2843 = ORIENTED_EDGE('',*,*,#2778,.F.);
#2844 = ORIENTED_EDGE('',*,*,#2756,.T.);
#2845 = ORIENTED_EDGE('',*,*,#2830,.T.);
#2846 = ORIENTED_EDGE('',*,*,#2539,.F.);
#2847 = PLANE('',#2848);
#2848 = AXIS2_PLACEMENT_3D('',#2849,#2850,#2851);
#2849 = CARTESIAN_POINT('',(2.5,11.1,41.6));
#2850 = DIRECTION('',(1.,0.,0.));
#2851 = DIRECTION('',(0.,0.,1.));
#2852 = ( GEOMETRIC_REPRESENTATION_CONTEXT(3) 
GLOBAL_UNCERTAINTY_ASSIGNED_CONTEXT((#2856)) 
GLOBAL_UNIT_ASSIGNED_CONTEXT((#2853,#2854,#2855)) REPRESENTATION_CONTEXT
('Context #1','3D Context with UNIT and UNCERTAINTY') );
#2853 = ( LENGTH_UNIT() NAMED_UNIT(*) SI_UNIT(.MILLI.,.METRE.) );
#2854 = ( NAMED_UNIT(*) PLANE_ANGLE_UNIT() SI_UNIT($,.RADIAN.) );
#2855 = ( NAMED_UNIT(*) SI_UNIT($,.STERADIAN.) SOLID_ANGLE_UNIT() );
#2856 = UNCERTAINTY_MEASURE_WITH_UNIT(LENGTH_MEASURE(1.E-07),#2853,
  'distance_accuracy_value','confusion accuracy');
#2857 = PRODUCT_RELATED_PRODUCT_CATEGORY('part',$,(#7));
ENDSEC;
END-ISO-10303-21;
