ISO-10303-21;
HEADER;
FILE_DESCRIPTION(('FreeCAD Model'),'2;1');
FILE_NAME('Open CASCADE Shape Model','2026-09-30T03:19:42',('FreeCAD'),(
    'FreeCAD'),'Open CASCADE STEP processor 7.8','FreeCAD','Unknown');
FILE_SCHEMA(('AUTOMOTIVE_DESIGN { 1 0 10303 214 1 1 1 1 }'));
ENDSEC;
DATA;
#1 = APPLICATION_PROTOCOL_DEFINITION('international standard',
  'automotive_design',2000,#2);
#2 = APPLICATION_CONTEXT(
  'core data for automotive mechanical design processes');
#3 = SHAPE_DEFINITION_REPRESENTATION(#4,#10);
#4 = PRODUCT_DEFINITION_SHAPE('','',#5);
#5 = PRODUCT_DEFINITION('design','',#6,#9);
#6 = PRODUCT_DEFINITION_FORMATION('','',#7);
#7 = PRODUCT('Open CASCADE STEP translator 7.8 1',
  'Open CASCADE STEP translator 7.8 1','',(#8));
#8 = PRODUCT_CONTEXT('',#2,'mechanical');
#9 = PRODUCT_DEFINITION_CONTEXT('part definition',#2,'design');
#10 = SHAPE_REPRESENTATION('',(#11,#15,#594,#744,#894,#1044,#1194,#1344,
    #1494,#1644,#1794,#1944,#2094,#2244,#2394,#2544,#2694,#2844,#2994,
    #3144,#3294,#3444,#3594,#3744,#3894,#4044,#4194,#4344,#4494,#4644,
    #4794,#4944,#5094,#5244,#5394,#5544,#5694,#5844,#5994,#6144,#6294,
    #6444,#6594,#6744,#6894,#7044,#7194,#7344,#7494,#7644,#7794,#7944,
    #8094,#8244,#8394,#8544,#8694,#8844,#8994,#9144,#9294,#9444,#9594,
    #9744,#9894,#10044,#10194,#10344,#10494,#10644,#10794,#10944,#11094,
    #11244,#11394,#11544,#11694,#11844,#11994,#12144,#12294,#12444,
    #12594,#12744,#12894,#13044,#13194,#13344,#13494,#13644,#13794,
    #13944,#14094,#14244,#14394,#14544,#14694,#14844,#14994,#15144,
    #15294,#15444,#15594,#15744,#15894,#16044,#16194,#16344,#16494,
    #16644,#16794,#16944),#17094);
#11 = AXIS2_PLACEMENT_3D('',#12,#13,#14);
#12 = CARTESIAN_POINT('',(0.,0.,0.));
#13 = DIRECTION('',(0.,0.,1.));
#14 = DIRECTION('',(1.,0.,-0.));
#15 = MANIFOLD_SOLID_BREP('',#16);
#16 = CLOSED_SHELL('',(#17,#57,#88,#233,#257,#395,#407,#424,#441,#458,
    #475,#492,#509,#526,#543,#560,#577));
#17 = ADVANCED_FACE('',(#18),#52,.F.);
#18 = FACE_BOUND('',#19,.F.);
#19 = EDGE_LOOP('',(#20,#30,#38,#46));
#20 = ORIENTED_EDGE('',*,*,#21,.F.);
#21 = EDGE_CURVE('',#22,#24,#26,.T.);
#22 = VERTEX_POINT('',#23);
#23 = CARTESIAN_POINT('',(0.,0.,0.));
#24 = VERTEX_POINT('',#25);
#25 = CARTESIAN_POINT('',(0.,0.,1.6));
#26 = LINE('',#27,#28);
#27 = CARTESIAN_POINT('',(0.,0.,0.));
#28 = VECTOR('',#29,1.);
#29 = DIRECTION('',(0.,0.,1.));
#30 = ORIENTED_EDGE('',*,*,#31,.T.);
#31 = EDGE_CURVE('',#22,#32,#34,.T.);
#32 = VERTEX_POINT('',#33);
#33 = CARTESIAN_POINT('',(0.,35.,0.));
#34 = LINE('',#35,#36);
#35 = CARTESIAN_POINT('',(0.,0.,0.));
#36 = VECTOR('',#37,1.);
#37 = DIRECTION('',(0.,1.,0.));
#38 = ORIENTED_EDGE('',*,*,#39,.T.);
#39 = EDGE_CURVE('',#32,#40,#42,.T.);
#40 = VERTEX_POINT('',#41);
#41 = CARTESIAN_POINT('',(0.,35.,1.6));
#42 = LINE('',#43,#44);
#43 = CARTESIAN_POINT('',(0.,35.,0.));
#44 = VECTOR('',#45,1.);
#45 = DIRECTION('',(0.,0.,1.));
#46 = ORIENTED_EDGE('',*,*,#47,.F.);
#47 = EDGE_CURVE('',#24,#40,#48,.T.);
#48 = LINE('',#49,#50);
#49 = CARTESIAN_POINT('',(0.,0.,1.6));
#50 = VECTOR('',#51,1.);
#51 = DIRECTION('',(0.,1.,0.));
#52 = PLANE('',#53);
#53 = AXIS2_PLACEMENT_3D('',#54,#55,#56);
#54 = CARTESIAN_POINT('',(0.,0.,0.));
#55 = DIRECTION('',(1.,0.,0.));
#56 = DIRECTION('',(0.,0.,1.));
#57 = ADVANCED_FACE('',(#58),#83,.F.);
#58 = FACE_BOUND('',#59,.F.);
#59 = EDGE_LOOP('',(#60,#68,#69,#77));
#60 = ORIENTED_EDGE('',*,*,#61,.F.);
#61 = EDGE_CURVE('',#22,#62,#64,.T.);
#62 = VERTEX_POINT('',#63);
#63 = CARTESIAN_POINT('',(45.,0.,0.));
#64 = LINE('',#65,#66);
#65 = CARTESIAN_POINT('',(0.,0.,0.));
#66 = VECTOR('',#67,1.);
#67 = DIRECTION('',(1.,0.,0.));
#68 = ORIENTED_EDGE('',*,*,#21,.T.);
#69 = ORIENTED_EDGE('',*,*,#70,.T.);
#70 = EDGE_CURVE('',#24,#71,#73,.T.);
#71 = VERTEX_POINT('',#72);
#72 = CARTESIAN_POINT('',(45.,0.,1.6));
#73 = LINE('',#74,#75);
#74 = CARTESIAN_POINT('',(0.,0.,1.6));
#75 = VECTOR('',#76,1.);
#76 = DIRECTION('',(1.,0.,0.));
#77 = ORIENTED_EDGE('',*,*,#78,.F.);
#78 = EDGE_CURVE('',#62,#71,#79,.T.);
#79 = LINE('',#80,#81);
#80 = CARTESIAN_POINT('',(45.,0.,0.));
#81 = VECTOR('',#82,1.);
#82 = DIRECTION('',(0.,0.,1.));
#83 = PLANE('',#84);
#84 = AXIS2_PLACEMENT_3D('',#85,#86,#87);
#85 = CARTESIAN_POINT('',(0.,0.,0.));
#86 = DIRECTION('',(0.,1.,0.));
#87 = DIRECTION('',(0.,0.,1.));
#88 = ADVANCED_FACE('',(#89,#107,#118,#129,#140,#151,#162,#173,#184,#195
    ,#206,#217),#228,.T.);
#89 = FACE_BOUND('',#90,.T.);
#90 = EDGE_LOOP('',(#91,#92,#93,#101));
#91 = ORIENTED_EDGE('',*,*,#47,.F.);
#92 = ORIENTED_EDGE('',*,*,#70,.T.);
#93 = ORIENTED_EDGE('',*,*,#94,.T.);
#94 = EDGE_CURVE('',#71,#95,#97,.T.);
#95 = VERTEX_POINT('',#96);
#96 = CARTESIAN_POINT('',(45.,35.,1.6));
#97 = LINE('',#98,#99);
#98 = CARTESIAN_POINT('',(45.,0.,1.6));
#99 = VECTOR('',#100,1.);
#100 = DIRECTION('',(0.,1.,0.));
#101 = ORIENTED_EDGE('',*,*,#102,.F.);
#102 = EDGE_CURVE('',#40,#95,#103,.T.);
#103 = LINE('',#104,#105);
#104 = CARTESIAN_POINT('',(0.,35.,1.6));
#105 = VECTOR('',#106,1.);
#106 = DIRECTION('',(1.,0.,0.));
#107 = FACE_BOUND('',#108,.T.);
#108 = EDGE_LOOP('',(#109));
#109 = ORIENTED_EDGE('',*,*,#110,.F.);
#110 = EDGE_CURVE('',#111,#111,#113,.T.);
#111 = VERTEX_POINT('',#112);
#112 = CARTESIAN_POINT('',(3.5,7.92,1.6));
#113 = CIRCLE('',#114,0.5);
#114 = AXIS2_PLACEMENT_3D('',#115,#116,#117);
#115 = CARTESIAN_POINT('',(3.,7.92,1.6));
#116 = DIRECTION('',(0.,0.,1.));
#117 = DIRECTION('',(1.,0.,0.));
#118 = FACE_BOUND('',#119,.T.);
#119 = EDGE_LOOP('',(#120));
#120 = ORIENTED_EDGE('',*,*,#121,.F.);
#121 = EDGE_CURVE('',#122,#122,#124,.T.);
#122 = VERTEX_POINT('',#123);
#123 = CARTESIAN_POINT('',(3.5,10.46,1.6));
#124 = CIRCLE('',#125,0.5);
#125 = AXIS2_PLACEMENT_3D('',#126,#127,#128);
#126 = CARTESIAN_POINT('',(3.,10.46,1.6));
#127 = DIRECTION('',(0.,0.,1.));
#128 = DIRECTION('',(1.,0.,0.));
#129 = FACE_BOUND('',#130,.T.);
#130 = EDGE_LOOP('',(#131));
#131 = ORIENTED_EDGE('',*,*,#132,.F.);
#132 = EDGE_CURVE('',#133,#133,#135,.T.);
#133 = VERTEX_POINT('',#134);
#134 = CARTESIAN_POINT('',(3.5,13.,1.6));
#135 = CIRCLE('',#136,0.5);
#136 = AXIS2_PLACEMENT_3D('',#137,#138,#139);
#137 = CARTESIAN_POINT('',(3.,13.,1.6));
#138 = DIRECTION('',(0.,0.,1.));
#139 = DIRECTION('',(1.,0.,0.));
#140 = FACE_BOUND('',#141,.T.);
#141 = EDGE_LOOP('',(#142));
#142 = ORIENTED_EDGE('',*,*,#143,.F.);
#143 = EDGE_CURVE('',#144,#144,#146,.T.);
#144 = VERTEX_POINT('',#145);
#145 = CARTESIAN_POINT('',(3.5,23.38,1.6));
#146 = CIRCLE('',#147,0.5);
#147 = AXIS2_PLACEMENT_3D('',#148,#149,#150);
#148 = CARTESIAN_POINT('',(3.,23.38,1.6));
#149 = DIRECTION('',(0.,0.,1.));
#150 = DIRECTION('',(1.,0.,0.));
#151 = FACE_BOUND('',#152,.T.);
#152 = EDGE_LOOP('',(#153));
#153 = ORIENTED_EDGE('',*,*,#154,.F.);
#154 = EDGE_CURVE('',#155,#155,#157,.T.);
#155 = VERTEX_POINT('',#156);
#156 = CARTESIAN_POINT('',(3.5,25.92,1.6));
#157 = CIRCLE('',#158,0.5);
#158 = AXIS2_PLACEMENT_3D('',#159,#160,#161);
#159 = CARTESIAN_POINT('',(3.,25.92,1.6));
#160 = DIRECTION('',(0.,0.,1.));
#161 = DIRECTION('',(1.,0.,0.));
#162 = FACE_BOUND('',#163,.T.);
#163 = EDGE_LOOP('',(#164));
#164 = ORIENTED_EDGE('',*,*,#165,.F.);
#165 = EDGE_CURVE('',#166,#166,#168,.T.);
#166 = VERTEX_POINT('',#167);
#167 = CARTESIAN_POINT('',(3.5,28.46,1.6));
#168 = CIRCLE('',#169,0.5);
#169 = AXIS2_PLACEMENT_3D('',#170,#171,#172);
#170 = CARTESIAN_POINT('',(3.,28.46,1.6));
#171 = DIRECTION('',(0.,0.,1.));
#172 = DIRECTION('',(1.,0.,0.));
#173 = FACE_BOUND('',#174,.T.);
#174 = EDGE_LOOP('',(#175));
#175 = ORIENTED_EDGE('',*,*,#176,.F.);
#176 = EDGE_CURVE('',#177,#177,#179,.T.);
#177 = VERTEX_POINT('',#178);
#178 = CARTESIAN_POINT('',(3.5,31.,1.6));
#179 = CIRCLE('',#180,0.5);
#180 = AXIS2_PLACEMENT_3D('',#181,#182,#183);
#181 = CARTESIAN_POINT('',(3.,31.,1.6));
#182 = DIRECTION('',(0.,0.,1.));
#183 = DIRECTION('',(1.,0.,0.));
#184 = FACE_BOUND('',#185,.T.);
#185 = EDGE_LOOP('',(#186));
#186 = ORIENTED_EDGE('',*,*,#187,.F.);
#187 = EDGE_CURVE('',#188,#188,#190,.T.);
#188 = VERTEX_POINT('',#189);
#189 = CARTESIAN_POINT('',(35.55,27.5,1.6));
#190 = CIRCLE('',#191,0.55);
#191 = AXIS2_PLACEMENT_3D('',#192,#193,#194);
#192 = CARTESIAN_POINT('',(35.,27.5,1.6));
#193 = DIRECTION('',(0.,0.,1.));
#194 = DIRECTION('',(1.,0.,0.));
#195 = FACE_BOUND('',#196,.T.);
#196 = EDGE_LOOP('',(#197));
#197 = ORIENTED_EDGE('',*,*,#198,.F.);
#198 = EDGE_CURVE('',#199,#199,#201,.T.);
#199 = VERTEX_POINT('',#200);
#200 = CARTESIAN_POINT('',(42.05,27.5,1.6));
#201 = CIRCLE('',#202,0.55);
#202 = AXIS2_PLACEMENT_3D('',#203,#204,#205);
#203 = CARTESIAN_POINT('',(41.5,27.5,1.6));
#204 = DIRECTION('',(0.,0.,1.));
#205 = DIRECTION('',(1.,0.,0.));
#206 = FACE_BOUND('',#207,.T.);
#207 = EDGE_LOOP('',(#208));
#208 = ORIENTED_EDGE('',*,*,#209,.F.);
#209 = EDGE_CURVE('',#210,#210,#212,.T.);
#210 = VERTEX_POINT('',#211);
#211 = CARTESIAN_POINT('',(35.55,32.,1.6));
#212 = CIRCLE('',#213,0.55);
#213 = AXIS2_PLACEMENT_3D('',#214,#215,#216);
#214 = CARTESIAN_POINT('',(35.,32.,1.6));
#215 = DIRECTION('',(0.,0.,1.));
#216 = DIRECTION('',(1.,0.,0.));
#217 = FACE_BOUND('',#218,.T.);
#218 = EDGE_LOOP('',(#219));
#219 = ORIENTED_EDGE('',*,*,#220,.F.);
#220 = EDGE_CURVE('',#221,#221,#223,.T.);
#221 = VERTEX_POINT('',#222);
#222 = CARTESIAN_POINT('',(42.05,32.,1.6));
#223 = CIRCLE('',#224,0.55);
#224 = AXIS2_PLACEMENT_3D('',#225,#226,#227);
#225 = CARTESIAN_POINT('',(41.5,32.,1.6));
#226 = DIRECTION('',(0.,0.,1.));
#227 = DIRECTION('',(1.,0.,0.));
#228 = PLANE('',#229);
#229 = AXIS2_PLACEMENT_3D('',#230,#231,#232);
#230 = CARTESIAN_POINT('',(0.,0.,1.6));
#231 = DIRECTION('',(0.,0.,1.));
#232 = DIRECTION('',(1.,0.,0.));
#233 = ADVANCED_FACE('',(#234),#252,.T.);
#234 = FACE_BOUND('',#235,.T.);
#235 = EDGE_LOOP('',(#236,#244,#245,#246));
#236 = ORIENTED_EDGE('',*,*,#237,.F.);
#237 = EDGE_CURVE('',#32,#238,#240,.T.);
#238 = VERTEX_POINT('',#239);
#239 = CARTESIAN_POINT('',(45.,35.,0.));
#240 = LINE('',#241,#242);
#241 = CARTESIAN_POINT('',(0.,35.,0.));
#242 = VECTOR('',#243,1.);
#243 = DIRECTION('',(1.,0.,0.));
#244 = ORIENTED_EDGE('',*,*,#39,.T.);
#245 = ORIENTED_EDGE('',*,*,#102,.T.);
#246 = ORIENTED_EDGE('',*,*,#247,.F.);
#247 = EDGE_CURVE('',#238,#95,#248,.T.);
#248 = LINE('',#249,#250);
#249 = CARTESIAN_POINT('',(45.,35.,0.));
#250 = VECTOR('',#251,1.);
#251 = DIRECTION('',(0.,0.,1.));
#252 = PLANE('',#253);
#253 = AXIS2_PLACEMENT_3D('',#254,#255,#256);
#254 = CARTESIAN_POINT('',(0.,35.,0.));
#255 = DIRECTION('',(0.,1.,0.));
#256 = DIRECTION('',(0.,0.,1.));
#257 = ADVANCED_FACE('',(#258,#269,#280,#291,#302,#313,#324,#335,#346,
    #357,#368,#379),#390,.F.);
#258 = FACE_BOUND('',#259,.F.);
#259 = EDGE_LOOP('',(#260,#261,#262,#268));
#260 = ORIENTED_EDGE('',*,*,#31,.F.);
#261 = ORIENTED_EDGE('',*,*,#61,.T.);
#262 = ORIENTED_EDGE('',*,*,#263,.T.);
#263 = EDGE_CURVE('',#62,#238,#264,.T.);
#264 = LINE('',#265,#266);
#265 = CARTESIAN_POINT('',(45.,0.,0.));
#266 = VECTOR('',#267,1.);
#267 = DIRECTION('',(0.,1.,0.));
#268 = ORIENTED_EDGE('',*,*,#237,.F.);
#269 = FACE_BOUND('',#270,.F.);
#270 = EDGE_LOOP('',(#271));
#271 = ORIENTED_EDGE('',*,*,#272,.F.);
#272 = EDGE_CURVE('',#273,#273,#275,.T.);
#273 = VERTEX_POINT('',#274);
#274 = CARTESIAN_POINT('',(3.5,7.92,0.));
#275 = CIRCLE('',#276,0.5);
#276 = AXIS2_PLACEMENT_3D('',#277,#278,#279);
#277 = CARTESIAN_POINT('',(3.,7.92,0.));
#278 = DIRECTION('',(0.,0.,1.));
#279 = DIRECTION('',(1.,0.,0.));
#280 = FACE_BOUND('',#281,.F.);
#281 = EDGE_LOOP('',(#282));
#282 = ORIENTED_EDGE('',*,*,#283,.F.);
#283 = EDGE_CURVE('',#284,#284,#286,.T.);
#284 = VERTEX_POINT('',#285);
#285 = CARTESIAN_POINT('',(3.5,10.46,0.));
#286 = CIRCLE('',#287,0.5);
#287 = AXIS2_PLACEMENT_3D('',#288,#289,#290);
#288 = CARTESIAN_POINT('',(3.,10.46,0.));
#289 = DIRECTION('',(0.,0.,1.));
#290 = DIRECTION('',(1.,0.,0.));
#291 = FACE_BOUND('',#292,.F.);
#292 = EDGE_LOOP('',(#293));
#293 = ORIENTED_EDGE('',*,*,#294,.F.);
#294 = EDGE_CURVE('',#295,#295,#297,.T.);
#295 = VERTEX_POINT('',#296);
#296 = CARTESIAN_POINT('',(3.5,13.,0.));
#297 = CIRCLE('',#298,0.5);
#298 = AXIS2_PLACEMENT_3D('',#299,#300,#301);
#299 = CARTESIAN_POINT('',(3.,13.,0.));
#300 = DIRECTION('',(0.,0.,1.));
#301 = DIRECTION('',(1.,0.,0.));
#302 = FACE_BOUND('',#303,.F.);
#303 = EDGE_LOOP('',(#304));
#304 = ORIENTED_EDGE('',*,*,#305,.F.);
#305 = EDGE_CURVE('',#306,#306,#308,.T.);
#306 = VERTEX_POINT('',#307);
#307 = CARTESIAN_POINT('',(3.5,23.38,0.));
#308 = CIRCLE('',#309,0.5);
#309 = AXIS2_PLACEMENT_3D('',#310,#311,#312);
#310 = CARTESIAN_POINT('',(3.,23.38,0.));
#311 = DIRECTION('',(0.,0.,1.));
#312 = DIRECTION('',(1.,0.,0.));
#313 = FACE_BOUND('',#314,.F.);
#314 = EDGE_LOOP('',(#315));
#315 = ORIENTED_EDGE('',*,*,#316,.F.);
#316 = EDGE_CURVE('',#317,#317,#319,.T.);
#317 = VERTEX_POINT('',#318);
#318 = CARTESIAN_POINT('',(3.5,25.92,0.));
#319 = CIRCLE('',#320,0.5);
#320 = AXIS2_PLACEMENT_3D('',#321,#322,#323);
#321 = CARTESIAN_POINT('',(3.,25.92,0.));
#322 = DIRECTION('',(0.,0.,1.));
#323 = DIRECTION('',(1.,0.,0.));
#324 = FACE_BOUND('',#325,.F.);
#325 = EDGE_LOOP('',(#326));
#326 = ORIENTED_EDGE('',*,*,#327,.F.);
#327 = EDGE_CURVE('',#328,#328,#330,.T.);
#328 = VERTEX_POINT('',#329);
#329 = CARTESIAN_POINT('',(3.5,28.46,0.));
#330 = CIRCLE('',#331,0.5);
#331 = AXIS2_PLACEMENT_3D('',#332,#333,#334);
#332 = CARTESIAN_POINT('',(3.,28.46,0.));
#333 = DIRECTION('',(0.,0.,1.));
#334 = DIRECTION('',(1.,0.,0.));
#335 = FACE_BOUND('',#336,.F.);
#336 = EDGE_LOOP('',(#337));
#337 = ORIENTED_EDGE('',*,*,#338,.F.);
#338 = EDGE_CURVE('',#339,#339,#341,.T.);
#339 = VERTEX_POINT('',#340);
#340 = CARTESIAN_POINT('',(3.5,31.,0.));
#341 = CIRCLE('',#342,0.5);
#342 = AXIS2_PLACEMENT_3D('',#343,#344,#345);
#343 = CARTESIAN_POINT('',(3.,31.,0.));
#344 = DIRECTION('',(0.,0.,1.));
#345 = DIRECTION('',(1.,0.,0.));
#346 = FACE_BOUND('',#347,.F.);
#347 = EDGE_LOOP('',(#348));
#348 = ORIENTED_EDGE('',*,*,#349,.F.);
#349 = EDGE_CURVE('',#350,#350,#352,.T.);
#350 = VERTEX_POINT('',#351);
#351 = CARTESIAN_POINT('',(35.55,27.5,0.));
#352 = CIRCLE('',#353,0.55);
#353 = AXIS2_PLACEMENT_3D('',#354,#355,#356);
#354 = CARTESIAN_POINT('',(35.,27.5,0.));
#355 = DIRECTION('',(0.,0.,1.));
#356 = DIRECTION('',(1.,0.,0.));
#357 = FACE_BOUND('',#358,.F.);
#358 = EDGE_LOOP('',(#359));
#359 = ORIENTED_EDGE('',*,*,#360,.F.);
#360 = EDGE_CURVE('',#361,#361,#363,.T.);
#361 = VERTEX_POINT('',#362);
#362 = CARTESIAN_POINT('',(42.05,27.5,0.));
#363 = CIRCLE('',#364,0.55);
#364 = AXIS2_PLACEMENT_3D('',#365,#366,#367);
#365 = CARTESIAN_POINT('',(41.5,27.5,0.));
#366 = DIRECTION('',(0.,0.,1.));
#367 = DIRECTION('',(1.,0.,0.));
#368 = FACE_BOUND('',#369,.F.);
#369 = EDGE_LOOP('',(#370));
#370 = ORIENTED_EDGE('',*,*,#371,.F.);
#371 = EDGE_CURVE('',#372,#372,#374,.T.);
#372 = VERTEX_POINT('',#373);
#373 = CARTESIAN_POINT('',(35.55,32.,0.));
#374 = CIRCLE('',#375,0.55);
#375 = AXIS2_PLACEMENT_3D('',#376,#377,#378);
#376 = CARTESIAN_POINT('',(35.,32.,0.));
#377 = DIRECTION('',(0.,0.,1.));
#378 = DIRECTION('',(1.,0.,0.));
#379 = FACE_BOUND('',#380,.F.);
#380 = EDGE_LOOP('',(#381));
#381 = ORIENTED_EDGE('',*,*,#382,.F.);
#382 = EDGE_CURVE('',#383,#383,#385,.T.);
#383 = VERTEX_POINT('',#384);
#384 = CARTESIAN_POINT('',(42.05,32.,0.));
#385 = CIRCLE('',#386,0.55);
#386 = AXIS2_PLACEMENT_3D('',#387,#388,#389);
#387 = CARTESIAN_POINT('',(41.5,32.,0.));
#388 = DIRECTION('',(0.,0.,1.));
#389 = DIRECTION('',(1.,0.,0.));
#390 = PLANE('',#391);
#391 = AXIS2_PLACEMENT_3D('',#392,#393,#394);
#392 = CARTESIAN_POINT('',(0.,0.,0.));
#393 = DIRECTION('',(0.,0.,1.));
#394 = DIRECTION('',(1.,0.,0.));
#395 = ADVANCED_FACE('',(#396),#402,.T.);
#396 = FACE_BOUND('',#397,.T.);
#397 = EDGE_LOOP('',(#398,#399,#400,#401));
#398 = ORIENTED_EDGE('',*,*,#78,.F.);
#399 = ORIENTED_EDGE('',*,*,#263,.T.);
#400 = ORIENTED_EDGE('',*,*,#247,.T.);
#401 = ORIENTED_EDGE('',*,*,#94,.F.);
#402 = PLANE('',#403);
#403 = AXIS2_PLACEMENT_3D('',#404,#405,#406);
#404 = CARTESIAN_POINT('',(45.,0.,0.));
#405 = DIRECTION('',(1.,0.,0.));
#406 = DIRECTION('',(0.,0.,1.));
#407 = ADVANCED_FACE('',(#408),#419,.F.);
#408 = FACE_BOUND('',#409,.F.);
#409 = EDGE_LOOP('',(#410,#411,#417,#418));
#410 = ORIENTED_EDGE('',*,*,#110,.F.);
#411 = ORIENTED_EDGE('',*,*,#412,.F.);
#412 = EDGE_CURVE('',#273,#111,#413,.T.);
#413 = LINE('',#414,#415);
#414 = CARTESIAN_POINT('',(3.5,7.92,0.));
#415 = VECTOR('',#416,1.);
#416 = DIRECTION('',(0.,0.,1.));
#417 = ORIENTED_EDGE('',*,*,#272,.T.);
#418 = ORIENTED_EDGE('',*,*,#412,.T.);
#419 = CYLINDRICAL_SURFACE('',#420,0.5);
#420 = AXIS2_PLACEMENT_3D('',#421,#422,#423);
#421 = CARTESIAN_POINT('',(3.,7.92,0.));
#422 = DIRECTION('',(0.,0.,1.));
#423 = DIRECTION('',(1.,0.,0.));
#424 = ADVANCED_FACE('',(#425),#436,.F.);
#425 = FACE_BOUND('',#426,.F.);
#426 = EDGE_LOOP('',(#427,#428,#434,#435));
#427 = ORIENTED_EDGE('',*,*,#121,.F.);
#428 = ORIENTED_EDGE('',*,*,#429,.F.);
#429 = EDGE_CURVE('',#284,#122,#430,.T.);
#430 = LINE('',#431,#432);
#431 = CARTESIAN_POINT('',(3.5,10.46,0.));
#432 = VECTOR('',#433,1.);
#433 = DIRECTION('',(0.,0.,1.));
#434 = ORIENTED_EDGE('',*,*,#283,.T.);
#435 = ORIENTED_EDGE('',*,*,#429,.T.);
#436 = CYLINDRICAL_SURFACE('',#437,0.5);
#437 = AXIS2_PLACEMENT_3D('',#438,#439,#440);
#438 = CARTESIAN_POINT('',(3.,10.46,0.));
#439 = DIRECTION('',(0.,0.,1.));
#440 = DIRECTION('',(1.,0.,0.));
#441 = ADVANCED_FACE('',(#442),#453,.F.);
#442 = FACE_BOUND('',#443,.F.);
#443 = EDGE_LOOP('',(#444,#445,#451,#452));
#444 = ORIENTED_EDGE('',*,*,#132,.F.);
#445 = ORIENTED_EDGE('',*,*,#446,.F.);
#446 = EDGE_CURVE('',#295,#133,#447,.T.);
#447 = LINE('',#448,#449);
#448 = CARTESIAN_POINT('',(3.5,13.,0.));
#449 = VECTOR('',#450,1.);
#450 = DIRECTION('',(0.,0.,1.));
#451 = ORIENTED_EDGE('',*,*,#294,.T.);
#452 = ORIENTED_EDGE('',*,*,#446,.T.);
#453 = CYLINDRICAL_SURFACE('',#454,0.5);
#454 = AXIS2_PLACEMENT_3D('',#455,#456,#457);
#455 = CARTESIAN_POINT('',(3.,13.,0.));
#456 = DIRECTION('',(0.,0.,1.));
#457 = DIRECTION('',(1.,0.,0.));
#458 = ADVANCED_FACE('',(#459),#470,.F.);
#459 = FACE_BOUND('',#460,.F.);
#460 = EDGE_LOOP('',(#461,#462,#468,#469));
#461 = ORIENTED_EDGE('',*,*,#143,.F.);
#462 = ORIENTED_EDGE('',*,*,#463,.F.);
#463 = EDGE_CURVE('',#306,#144,#464,.T.);
#464 = LINE('',#465,#466);
#465 = CARTESIAN_POINT('',(3.5,23.38,0.));
#466 = VECTOR('',#467,1.);
#467 = DIRECTION('',(0.,0.,1.));
#468 = ORIENTED_EDGE('',*,*,#305,.T.);
#469 = ORIENTED_EDGE('',*,*,#463,.T.);
#470 = CYLINDRICAL_SURFACE('',#471,0.5);
#471 = AXIS2_PLACEMENT_3D('',#472,#473,#474);
#472 = CARTESIAN_POINT('',(3.,23.38,0.));
#473 = DIRECTION('',(0.,0.,1.));
#474 = DIRECTION('',(1.,0.,0.));
#475 = ADVANCED_FACE('',(#476),#487,.F.);
#476 = FACE_BOUND('',#477,.F.);
#477 = EDGE_LOOP('',(#478,#479,#485,#486));
#478 = ORIENTED_EDGE('',*,*,#154,.F.);
#479 = ORIENTED_EDGE('',*,*,#480,.F.);
#480 = EDGE_CURVE('',#317,#155,#481,.T.);
#481 = LINE('',#482,#483);
#482 = CARTESIAN_POINT('',(3.5,25.92,0.));
#483 = VECTOR('',#484,1.);
#484 = DIRECTION('',(0.,0.,1.));
#485 = ORIENTED_EDGE('',*,*,#316,.T.);
#486 = ORIENTED_EDGE('',*,*,#480,.T.);
#487 = CYLINDRICAL_SURFACE('',#488,0.5);
#488 = AXIS2_PLACEMENT_3D('',#489,#490,#491);
#489 = CARTESIAN_POINT('',(3.,25.92,0.));
#490 = DIRECTION('',(0.,0.,1.));
#491 = DIRECTION('',(1.,0.,0.));
#492 = ADVANCED_FACE('',(#493),#504,.F.);
#493 = FACE_BOUND('',#494,.F.);
#494 = EDGE_LOOP('',(#495,#496,#502,#503));
#495 = ORIENTED_EDGE('',*,*,#165,.F.);
#496 = ORIENTED_EDGE('',*,*,#497,.F.);
#497 = EDGE_CURVE('',#328,#166,#498,.T.);
#498 = LINE('',#499,#500);
#499 = CARTESIAN_POINT('',(3.5,28.46,0.));
#500 = VECTOR('',#501,1.);
#501 = DIRECTION('',(0.,0.,1.));
#502 = ORIENTED_EDGE('',*,*,#327,.T.);
#503 = ORIENTED_EDGE('',*,*,#497,.T.);
#504 = CYLINDRICAL_SURFACE('',#505,0.5);
#505 = AXIS2_PLACEMENT_3D('',#506,#507,#508);
#506 = CARTESIAN_POINT('',(3.,28.46,0.));
#507 = DIRECTION('',(0.,0.,1.));
#508 = DIRECTION('',(1.,0.,0.));
#509 = ADVANCED_FACE('',(#510),#521,.F.);
#510 = FACE_BOUND('',#511,.F.);
#511 = EDGE_LOOP('',(#512,#513,#519,#520));
#512 = ORIENTED_EDGE('',*,*,#176,.F.);
#513 = ORIENTED_EDGE('',*,*,#514,.F.);
#514 = EDGE_CURVE('',#339,#177,#515,.T.);
#515 = LINE('',#516,#517);
#516 = CARTESIAN_POINT('',(3.5,31.,0.));
#517 = VECTOR('',#518,1.);
#518 = DIRECTION('',(0.,0.,1.));
#519 = ORIENTED_EDGE('',*,*,#338,.T.);
#520 = ORIENTED_EDGE('',*,*,#514,.T.);
#521 = CYLINDRICAL_SURFACE('',#522,0.5);
#522 = AXIS2_PLACEMENT_3D('',#523,#524,#525);
#523 = CARTESIAN_POINT('',(3.,31.,0.));
#524 = DIRECTION('',(0.,0.,1.));
#525 = DIRECTION('',(1.,0.,0.));
#526 = ADVANCED_FACE('',(#527),#538,.F.);
#527 = FACE_BOUND('',#528,.F.);
#528 = EDGE_LOOP('',(#529,#530,#536,#537));
#529 = ORIENTED_EDGE('',*,*,#187,.F.);
#530 = ORIENTED_EDGE('',*,*,#531,.F.);
#531 = EDGE_CURVE('',#350,#188,#532,.T.);
#532 = LINE('',#533,#534);
#533 = CARTESIAN_POINT('',(35.55,27.5,0.));
#534 = VECTOR('',#535,1.);
#535 = DIRECTION('',(0.,0.,1.));
#536 = ORIENTED_EDGE('',*,*,#349,.T.);
#537 = ORIENTED_EDGE('',*,*,#531,.T.);
#538 = CYLINDRICAL_SURFACE('',#539,0.55);
#539 = AXIS2_PLACEMENT_3D('',#540,#541,#542);
#540 = CARTESIAN_POINT('',(35.,27.5,0.));
#541 = DIRECTION('',(0.,0.,1.));
#542 = DIRECTION('',(1.,0.,0.));
#543 = ADVANCED_FACE('',(#544),#555,.F.);
#544 = FACE_BOUND('',#545,.F.);
#545 = EDGE_LOOP('',(#546,#547,#553,#554));
#546 = ORIENTED_EDGE('',*,*,#198,.F.);
#547 = ORIENTED_EDGE('',*,*,#548,.F.);
#548 = EDGE_CURVE('',#361,#199,#549,.T.);
#549 = LINE('',#550,#551);
#550 = CARTESIAN_POINT('',(42.05,27.5,0.));
#551 = VECTOR('',#552,1.);
#552 = DIRECTION('',(0.,0.,1.));
#553 = ORIENTED_EDGE('',*,*,#360,.T.);
#554 = ORIENTED_EDGE('',*,*,#548,.T.);
#555 = CYLINDRICAL_SURFACE('',#556,0.55);
#556 = AXIS2_PLACEMENT_3D('',#557,#558,#559);
#557 = CARTESIAN_POINT('',(41.5,27.5,0.));
#558 = DIRECTION('',(0.,0.,1.));
#559 = DIRECTION('',(1.,0.,0.));
#560 = ADVANCED_FACE('',(#561),#572,.F.);
#561 = FACE_BOUND('',#562,.F.);
#562 = EDGE_LOOP('',(#563,#564,#570,#571));
#563 = ORIENTED_EDGE('',*,*,#209,.F.);
#564 = ORIENTED_EDGE('',*,*,#565,.F.);
#565 = EDGE_CURVE('',#372,#210,#566,.T.);
#566 = LINE('',#567,#568);
#567 = CARTESIAN_POINT('',(35.55,32.,0.));
#568 = VECTOR('',#569,1.);
#569 = DIRECTION('',(0.,0.,1.));
#570 = ORIENTED_EDGE('',*,*,#371,.T.);
#571 = ORIENTED_EDGE('',*,*,#565,.T.);
#572 = CYLINDRICAL_SURFACE('',#573,0.55);
#573 = AXIS2_PLACEMENT_3D('',#574,#575,#576);
#574 = CARTESIAN_POINT('',(35.,32.,0.));
#575 = DIRECTION('',(0.,0.,1.));
#576 = DIRECTION('',(1.,0.,0.));
#577 = ADVANCED_FACE('',(#578),#589,.F.);
#578 = FACE_BOUND('',#579,.F.);
#579 = EDGE_LOOP('',(#580,#581,#587,#588));
#580 = ORIENTED_EDGE('',*,*,#220,.F.);
#581 = ORIENTED_EDGE('',*,*,#582,.F.);
#582 = EDGE_CURVE('',#383,#221,#583,.T.);
#583 = LINE('',#584,#585);
#584 = CARTESIAN_POINT('',(42.05,32.,0.));
#585 = VECTOR('',#586,1.);
#586 = DIRECTION('',(0.,0.,1.));
#587 = ORIENTED_EDGE('',*,*,#382,.T.);
#588 = ORIENTED_EDGE('',*,*,#582,.T.);
#589 = CYLINDRICAL_SURFACE('',#590,0.55);
#590 = AXIS2_PLACEMENT_3D('',#591,#592,#593);
#591 = CARTESIAN_POINT('',(41.5,32.,0.));
#592 = DIRECTION('',(0.,0.,1.));
#593 = DIRECTION('',(1.,0.,0.));
#594 = MANIFOLD_SOLID_BREP('',#595);
#595 = CLOSED_SHELL('',(#596,#636,#676,#698,#720,#732));
#596 = ADVANCED_FACE('',(#597),#631,.F.);
#597 = FACE_BOUND('',#598,.F.);
#598 = EDGE_LOOP('',(#599,#609,#617,#625));
#599 = ORIENTED_EDGE('',*,*,#600,.F.);
#600 = EDGE_CURVE('',#601,#603,#605,.T.);
#601 = VERTEX_POINT('',#602);
#602 = CARTESIAN_POINT('',(38.5,13.5,1.6));
#603 = VERTEX_POINT('',#604);
#604 = CARTESIAN_POINT('',(38.5,13.5,1.635));
#605 = LINE('',#606,#607);
#606 = CARTESIAN_POINT('',(38.5,13.5,1.6));
#607 = VECTOR('',#608,1.);
#608 = DIRECTION('',(0.,0.,1.));
#609 = ORIENTED_EDGE('',*,*,#610,.T.);
#610 = EDGE_CURVE('',#601,#611,#613,.T.);
#611 = VERTEX_POINT('',#612);
#612 = CARTESIAN_POINT('',(38.5,14.5,1.6));
#613 = LINE('',#614,#615);
#614 = CARTESIAN_POINT('',(38.5,13.5,1.6));
#615 = VECTOR('',#616,1.);
#616 = DIRECTION('',(0.,1.,0.));
#617 = ORIENTED_EDGE('',*,*,#618,.T.);
#618 = EDGE_CURVE('',#611,#619,#621,.T.);
#619 = VERTEX_POINT('',#620);
#620 = CARTESIAN_POINT('',(38.5,14.5,1.635));
#621 = LINE('',#622,#623);
#622 = CARTESIAN_POINT('',(38.5,14.5,1.6));
#623 = VECTOR('',#624,1.);
#624 = DIRECTION('',(0.,0.,1.));
#625 = ORIENTED_EDGE('',*,*,#626,.F.);
#626 = EDGE_CURVE('',#603,#619,#627,.T.);
#627 = LINE('',#628,#629);
#628 = CARTESIAN_POINT('',(38.5,13.5,1.635));
#629 = VECTOR('',#630,1.);
#630 = DIRECTION('',(0.,1.,0.));
#631 = PLANE('',#632);
#632 = AXIS2_PLACEMENT_3D('',#633,#634,#635);
#633 = CARTESIAN_POINT('',(38.5,13.5,1.6));
#634 = DIRECTION('',(1.,0.,0.));
#635 = DIRECTION('',(0.,0.,1.));
#636 = ADVANCED_FACE('',(#637),#671,.T.);
#637 = FACE_BOUND('',#638,.T.);
#638 = EDGE_LOOP('',(#639,#649,#657,#665));
#639 = ORIENTED_EDGE('',*,*,#640,.F.);
#640 = EDGE_CURVE('',#641,#643,#645,.T.);
#641 = VERTEX_POINT('',#642);
#642 = CARTESIAN_POINT('',(39.5,13.5,1.6));
#643 = VERTEX_POINT('',#644);
#644 = CARTESIAN_POINT('',(39.5,13.5,1.635));
#645 = LINE('',#646,#647);
#646 = CARTESIAN_POINT('',(39.5,13.5,1.6));
#647 = VECTOR('',#648,1.);
#648 = DIRECTION('',(0.,0.,1.));
#649 = ORIENTED_EDGE('',*,*,#650,.T.);
#650 = EDGE_CURVE('',#641,#651,#653,.T.);
#651 = VERTEX_POINT('',#652);
#652 = CARTESIAN_POINT('',(39.5,14.5,1.6));
#653 = LINE('',#654,#655);
#654 = CARTESIAN_POINT('',(39.5,13.5,1.6));
#655 = VECTOR('',#656,1.);
#656 = DIRECTION('',(0.,1.,0.));
#657 = ORIENTED_EDGE('',*,*,#658,.T.);
#658 = EDGE_CURVE('',#651,#659,#661,.T.);
#659 = VERTEX_POINT('',#660);
#660 = CARTESIAN_POINT('',(39.5,14.5,1.635));
#661 = LINE('',#662,#663);
#662 = CARTESIAN_POINT('',(39.5,14.5,1.6));
#663 = VECTOR('',#664,1.);
#664 = DIRECTION('',(0.,0.,1.));
#665 = ORIENTED_EDGE('',*,*,#666,.F.);
#666 = EDGE_CURVE('',#643,#659,#667,.T.);
#667 = LINE('',#668,#669);
#668 = CARTESIAN_POINT('',(39.5,13.5,1.635));
#669 = VECTOR('',#670,1.);
#670 = DIRECTION('',(0.,1.,0.));
#671 = PLANE('',#672);
#672 = AXIS2_PLACEMENT_3D('',#673,#674,#675);
#673 = CARTESIAN_POINT('',(39.5,13.5,1.6));
#674 = DIRECTION('',(1.,0.,0.));
#675 = DIRECTION('',(0.,0.,1.));
#676 = ADVANCED_FACE('',(#677),#693,.F.);
#677 = FACE_BOUND('',#678,.F.);
#678 = EDGE_LOOP('',(#679,#685,#686,#692));
#679 = ORIENTED_EDGE('',*,*,#680,.F.);
#680 = EDGE_CURVE('',#601,#641,#681,.T.);
#681 = LINE('',#682,#683);
#682 = CARTESIAN_POINT('',(38.5,13.5,1.6));
#683 = VECTOR('',#684,1.);
#684 = DIRECTION('',(1.,0.,0.));
#685 = ORIENTED_EDGE('',*,*,#600,.T.);
#686 = ORIENTED_EDGE('',*,*,#687,.T.);
#687 = EDGE_CURVE('',#603,#643,#688,.T.);
#688 = LINE('',#689,#690);
#689 = CARTESIAN_POINT('',(38.5,13.5,1.635));
#690 = VECTOR('',#691,1.);
#691 = DIRECTION('',(1.,0.,0.));
#692 = ORIENTED_EDGE('',*,*,#640,.F.);
#693 = PLANE('',#694);
#694 = AXIS2_PLACEMENT_3D('',#695,#696,#697);
#695 = CARTESIAN_POINT('',(38.5,13.5,1.6));
#696 = DIRECTION('',(0.,1.,0.));
#697 = DIRECTION('',(0.,0.,1.));
#698 = ADVANCED_FACE('',(#699),#715,.T.);
#699 = FACE_BOUND('',#700,.T.);
#700 = EDGE_LOOP('',(#701,#707,#708,#714));
#701 = ORIENTED_EDGE('',*,*,#702,.F.);
#702 = EDGE_CURVE('',#611,#651,#703,.T.);
#703 = LINE('',#704,#705);
#704 = CARTESIAN_POINT('',(38.5,14.5,1.6));
#705 = VECTOR('',#706,1.);
#706 = DIRECTION('',(1.,0.,0.));
#707 = ORIENTED_EDGE('',*,*,#618,.T.);
#708 = ORIENTED_EDGE('',*,*,#709,.T.);
#709 = EDGE_CURVE('',#619,#659,#710,.T.);
#710 = LINE('',#711,#712);
#711 = CARTESIAN_POINT('',(38.5,14.5,1.635));
#712 = VECTOR('',#713,1.);
#713 = DIRECTION('',(1.,0.,0.));
#714 = ORIENTED_EDGE('',*,*,#658,.F.);
#715 = PLANE('',#716);
#716 = AXIS2_PLACEMENT_3D('',#717,#718,#719);
#717 = CARTESIAN_POINT('',(38.5,14.5,1.6));
#718 = DIRECTION('',(0.,1.,0.));
#719 = DIRECTION('',(0.,0.,1.));
#720 = ADVANCED_FACE('',(#721),#727,.F.);
#721 = FACE_BOUND('',#722,.F.);
#722 = EDGE_LOOP('',(#723,#724,#725,#726));
#723 = ORIENTED_EDGE('',*,*,#610,.F.);
#724 = ORIENTED_EDGE('',*,*,#680,.T.);
#725 = ORIENTED_EDGE('',*,*,#650,.T.);
#726 = ORIENTED_EDGE('',*,*,#702,.F.);
#727 = PLANE('',#728);
#728 = AXIS2_PLACEMENT_3D('',#729,#730,#731);
#729 = CARTESIAN_POINT('',(38.5,13.5,1.6));
#730 = DIRECTION('',(0.,0.,1.));
#731 = DIRECTION('',(1.,0.,0.));
#732 = ADVANCED_FACE('',(#733),#739,.T.);
#733 = FACE_BOUND('',#734,.T.);
#734 = EDGE_LOOP('',(#735,#736,#737,#738));
#735 = ORIENTED_EDGE('',*,*,#626,.F.);
#736 = ORIENTED_EDGE('',*,*,#687,.T.);
#737 = ORIENTED_EDGE('',*,*,#666,.T.);
#738 = ORIENTED_EDGE('',*,*,#709,.F.);
#739 = PLANE('',#740);
#740 = AXIS2_PLACEMENT_3D('',#741,#742,#743);
#741 = CARTESIAN_POINT('',(38.5,13.5,1.635));
#742 = DIRECTION('',(0.,0.,1.));
#743 = DIRECTION('',(1.,0.,0.));
#744 = MANIFOLD_SOLID_BREP('',#745);
#745 = CLOSED_SHELL('',(#746,#786,#826,#848,#870,#882));
#746 = ADVANCED_FACE('',(#747),#781,.F.);
#747 = FACE_BOUND('',#748,.F.);
#748 = EDGE_LOOP('',(#749,#759,#767,#775));
#749 = ORIENTED_EDGE('',*,*,#750,.F.);
#750 = EDGE_CURVE('',#751,#753,#755,.T.);
#751 = VERTEX_POINT('',#752);
#752 = CARTESIAN_POINT('',(27.8,13.95,1.6));
#753 = VERTEX_POINT('',#754);
#754 = CARTESIAN_POINT('',(27.8,13.95,2.7));
#755 = LINE('',#756,#757);
#756 = CARTESIAN_POINT('',(27.8,13.95,1.6));
#757 = VECTOR('',#758,1.);
#758 = DIRECTION('',(0.,0.,1.));
#759 = ORIENTED_EDGE('',*,*,#760,.T.);
#760 = EDGE_CURVE('',#751,#761,#763,.T.);
#761 = VERTEX_POINT('',#762);
#762 = CARTESIAN_POINT('',(27.8,16.05,1.6));
#763 = LINE('',#764,#765);
#764 = CARTESIAN_POINT('',(27.8,13.95,1.6));
#765 = VECTOR('',#766,1.);
#766 = DIRECTION('',(0.,1.,0.));
#767 = ORIENTED_EDGE('',*,*,#768,.T.);
#768 = EDGE_CURVE('',#761,#769,#771,.T.);
#769 = VERTEX_POINT('',#770);
#770 = CARTESIAN_POINT('',(27.8,16.05,2.7));
#771 = LINE('',#772,#773);
#772 = CARTESIAN_POINT('',(27.8,16.05,1.6));
#773 = VECTOR('',#774,1.);
#774 = DIRECTION('',(0.,0.,1.));
#775 = ORIENTED_EDGE('',*,*,#776,.F.);
#776 = EDGE_CURVE('',#753,#769,#777,.T.);
#777 = LINE('',#778,#779);
#778 = CARTESIAN_POINT('',(27.8,13.95,2.7));
#779 = VECTOR('',#780,1.);
#780 = DIRECTION('',(0.,1.,0.));
#781 = PLANE('',#782);
#782 = AXIS2_PLACEMENT_3D('',#783,#784,#785);
#783 = CARTESIAN_POINT('',(27.8,13.95,1.6));
#784 = DIRECTION('',(1.,0.,0.));
#785 = DIRECTION('',(0.,0.,1.));
#786 = ADVANCED_FACE('',(#787),#821,.T.);
#787 = FACE_BOUND('',#788,.T.);
#788 = EDGE_LOOP('',(#789,#799,#807,#815));
#789 = ORIENTED_EDGE('',*,*,#790,.F.);
#790 = EDGE_CURVE('',#791,#793,#795,.T.);
#791 = VERTEX_POINT('',#792);
#792 = CARTESIAN_POINT('',(30.2,13.95,1.6));
#793 = VERTEX_POINT('',#794);
#794 = CARTESIAN_POINT('',(30.2,13.95,2.7));
#795 = LINE('',#796,#797);
#796 = CARTESIAN_POINT('',(30.2,13.95,1.6));
#797 = VECTOR('',#798,1.);
#798 = DIRECTION('',(0.,0.,1.));
#799 = ORIENTED_EDGE('',*,*,#800,.T.);
#800 = EDGE_CURVE('',#791,#801,#803,.T.);
#801 = VERTEX_POINT('',#802);
#802 = CARTESIAN_POINT('',(30.2,16.05,1.6));
#803 = LINE('',#804,#805);
#804 = CARTESIAN_POINT('',(30.2,13.95,1.6));
#805 = VECTOR('',#806,1.);
#806 = DIRECTION('',(0.,1.,0.));
#807 = ORIENTED_EDGE('',*,*,#808,.T.);
#808 = EDGE_CURVE('',#801,#809,#811,.T.);
#809 = VERTEX_POINT('',#810);
#810 = CARTESIAN_POINT('',(30.2,16.05,2.7));
#811 = LINE('',#812,#813);
#812 = CARTESIAN_POINT('',(30.2,16.05,1.6));
#813 = VECTOR('',#814,1.);
#814 = DIRECTION('',(0.,0.,1.));
#815 = ORIENTED_EDGE('',*,*,#816,.F.);
#816 = EDGE_CURVE('',#793,#809,#817,.T.);
#817 = LINE('',#818,#819);
#818 = CARTESIAN_POINT('',(30.2,13.95,2.7));
#819 = VECTOR('',#820,1.);
#820 = DIRECTION('',(0.,1.,0.));
#821 = PLANE('',#822);
#822 = AXIS2_PLACEMENT_3D('',#823,#824,#825);
#823 = CARTESIAN_POINT('',(30.2,13.95,1.6));
#824 = DIRECTION('',(1.,0.,0.));
#825 = DIRECTION('',(0.,0.,1.));
#826 = ADVANCED_FACE('',(#827),#843,.F.);
#827 = FACE_BOUND('',#828,.F.);
#828 = EDGE_LOOP('',(#829,#835,#836,#842));
#829 = ORIENTED_EDGE('',*,*,#830,.F.);
#830 = EDGE_CURVE('',#751,#791,#831,.T.);
#831 = LINE('',#832,#833);
#832 = CARTESIAN_POINT('',(27.8,13.95,1.6));
#833 = VECTOR('',#834,1.);
#834 = DIRECTION('',(1.,0.,0.));
#835 = ORIENTED_EDGE('',*,*,#750,.T.);
#836 = ORIENTED_EDGE('',*,*,#837,.T.);
#837 = EDGE_CURVE('',#753,#793,#838,.T.);
#838 = LINE('',#839,#840);
#839 = CARTESIAN_POINT('',(27.8,13.95,2.7));
#840 = VECTOR('',#841,1.);
#841 = DIRECTION('',(1.,0.,0.));
#842 = ORIENTED_EDGE('',*,*,#790,.F.);
#843 = PLANE('',#844);
#844 = AXIS2_PLACEMENT_3D('',#845,#846,#847);
#845 = CARTESIAN_POINT('',(27.8,13.95,1.6));
#846 = DIRECTION('',(0.,1.,0.));
#847 = DIRECTION('',(0.,0.,1.));
#848 = ADVANCED_FACE('',(#849),#865,.T.);
#849 = FACE_BOUND('',#850,.T.);
#850 = EDGE_LOOP('',(#851,#857,#858,#864));
#851 = ORIENTED_EDGE('',*,*,#852,.F.);
#852 = EDGE_CURVE('',#761,#801,#853,.T.);
#853 = LINE('',#854,#855);
#854 = CARTESIAN_POINT('',(27.8,16.05,1.6));
#855 = VECTOR('',#856,1.);
#856 = DIRECTION('',(1.,0.,0.));
#857 = ORIENTED_EDGE('',*,*,#768,.T.);
#858 = ORIENTED_EDGE('',*,*,#859,.T.);
#859 = EDGE_CURVE('',#769,#809,#860,.T.);
#860 = LINE('',#861,#862);
#861 = CARTESIAN_POINT('',(27.8,16.05,2.7));
#862 = VECTOR('',#863,1.);
#863 = DIRECTION('',(1.,0.,0.));
#864 = ORIENTED_EDGE('',*,*,#808,.F.);
#865 = PLANE('',#866);
#866 = AXIS2_PLACEMENT_3D('',#867,#868,#869);
#867 = CARTESIAN_POINT('',(27.8,16.05,1.6));
#868 = DIRECTION('',(0.,1.,0.));
#869 = DIRECTION('',(0.,0.,1.));
#870 = ADVANCED_FACE('',(#871),#877,.F.);
#871 = FACE_BOUND('',#872,.F.);
#872 = EDGE_LOOP('',(#873,#874,#875,#876));
#873 = ORIENTED_EDGE('',*,*,#760,.F.);
#874 = ORIENTED_EDGE('',*,*,#830,.T.);
#875 = ORIENTED_EDGE('',*,*,#800,.T.);
#876 = ORIENTED_EDGE('',*,*,#852,.F.);
#877 = PLANE('',#878);
#878 = AXIS2_PLACEMENT_3D('',#879,#880,#881);
#879 = CARTESIAN_POINT('',(27.8,13.95,1.6));
#880 = DIRECTION('',(0.,0.,1.));
#881 = DIRECTION('',(1.,0.,0.));
#882 = ADVANCED_FACE('',(#883),#889,.T.);
#883 = FACE_BOUND('',#884,.T.);
#884 = EDGE_LOOP('',(#885,#886,#887,#888));
#885 = ORIENTED_EDGE('',*,*,#776,.F.);
#886 = ORIENTED_EDGE('',*,*,#837,.T.);
#887 = ORIENTED_EDGE('',*,*,#816,.T.);
#888 = ORIENTED_EDGE('',*,*,#859,.F.);
#889 = PLANE('',#890);
#890 = AXIS2_PLACEMENT_3D('',#891,#892,#893);
#891 = CARTESIAN_POINT('',(27.8,13.95,2.7));
#892 = DIRECTION('',(0.,0.,1.));
#893 = DIRECTION('',(1.,0.,0.));
#894 = MANIFOLD_SOLID_BREP('',#895);
#895 = CLOSED_SHELL('',(#896,#936,#976,#998,#1020,#1032));
#896 = ADVANCED_FACE('',(#897),#931,.F.);
#897 = FACE_BOUND('',#898,.F.);
#898 = EDGE_LOOP('',(#899,#909,#917,#925));
#899 = ORIENTED_EDGE('',*,*,#900,.F.);
#900 = EDGE_CURVE('',#901,#903,#905,.T.);
#901 = VERTEX_POINT('',#902);
#902 = CARTESIAN_POINT('',(26.975,15.575,1.6));
#903 = VERTEX_POINT('',#904);
#904 = CARTESIAN_POINT('',(26.975,15.575,1.635));
#905 = LINE('',#906,#907);
#906 = CARTESIAN_POINT('',(26.975,15.575,1.6));
#907 = VECTOR('',#908,1.);
#908 = DIRECTION('',(0.,0.,1.));
#909 = ORIENTED_EDGE('',*,*,#910,.T.);
#910 = EDGE_CURVE('',#901,#911,#913,.T.);
#911 = VERTEX_POINT('',#912);
#912 = CARTESIAN_POINT('',(26.975,15.925,1.6));
#913 = LINE('',#914,#915);
#914 = CARTESIAN_POINT('',(26.975,15.575,1.6));
#915 = VECTOR('',#916,1.);
#916 = DIRECTION('',(0.,1.,0.));
#917 = ORIENTED_EDGE('',*,*,#918,.T.);
#918 = EDGE_CURVE('',#911,#919,#921,.T.);
#919 = VERTEX_POINT('',#920);
#920 = CARTESIAN_POINT('',(26.975,15.925,1.635));
#921 = LINE('',#922,#923);
#922 = CARTESIAN_POINT('',(26.975,15.925,1.6));
#923 = VECTOR('',#924,1.);
#924 = DIRECTION('',(0.,0.,1.));
#925 = ORIENTED_EDGE('',*,*,#926,.F.);
#926 = EDGE_CURVE('',#903,#919,#927,.T.);
#927 = LINE('',#928,#929);
#928 = CARTESIAN_POINT('',(26.975,15.575,1.635));
#929 = VECTOR('',#930,1.);
#930 = DIRECTION('',(0.,1.,0.));
#931 = PLANE('',#932);
#932 = AXIS2_PLACEMENT_3D('',#933,#934,#935);
#933 = CARTESIAN_POINT('',(26.975,15.575,1.6));
#934 = DIRECTION('',(1.,0.,0.));
#935 = DIRECTION('',(0.,0.,1.));
#936 = ADVANCED_FACE('',(#937),#971,.T.);
#937 = FACE_BOUND('',#938,.T.);
#938 = EDGE_LOOP('',(#939,#949,#957,#965));
#939 = ORIENTED_EDGE('',*,*,#940,.F.);
#940 = EDGE_CURVE('',#941,#943,#945,.T.);
#941 = VERTEX_POINT('',#942);
#942 = CARTESIAN_POINT('',(28.225,15.575,1.6));
#943 = VERTEX_POINT('',#944);
#944 = CARTESIAN_POINT('',(28.225,15.575,1.635));
#945 = LINE('',#946,#947);
#946 = CARTESIAN_POINT('',(28.225,15.575,1.6));
#947 = VECTOR('',#948,1.);
#948 = DIRECTION('',(0.,0.,1.));
#949 = ORIENTED_EDGE('',*,*,#950,.T.);
#950 = EDGE_CURVE('',#941,#951,#953,.T.);
#951 = VERTEX_POINT('',#952);
#952 = CARTESIAN_POINT('',(28.225,15.925,1.6));
#953 = LINE('',#954,#955);
#954 = CARTESIAN_POINT('',(28.225,15.575,1.6));
#955 = VECTOR('',#956,1.);
#956 = DIRECTION('',(0.,1.,0.));
#957 = ORIENTED_EDGE('',*,*,#958,.T.);
#958 = EDGE_CURVE('',#951,#959,#961,.T.);
#959 = VERTEX_POINT('',#960);
#960 = CARTESIAN_POINT('',(28.225,15.925,1.635));
#961 = LINE('',#962,#963);
#962 = CARTESIAN_POINT('',(28.225,15.925,1.6));
#963 = VECTOR('',#964,1.);
#964 = DIRECTION('',(0.,0.,1.));
#965 = ORIENTED_EDGE('',*,*,#966,.F.);
#966 = EDGE_CURVE('',#943,#959,#967,.T.);
#967 = LINE('',#968,#969);
#968 = CARTESIAN_POINT('',(28.225,15.575,1.635));
#969 = VECTOR('',#970,1.);
#970 = DIRECTION('',(0.,1.,0.));
#971 = PLANE('',#972);
#972 = AXIS2_PLACEMENT_3D('',#973,#974,#975);
#973 = CARTESIAN_POINT('',(28.225,15.575,1.6));
#974 = DIRECTION('',(1.,0.,0.));
#975 = DIRECTION('',(0.,0.,1.));
#976 = ADVANCED_FACE('',(#977),#993,.F.);
#977 = FACE_BOUND('',#978,.F.);
#978 = EDGE_LOOP('',(#979,#985,#986,#992));
#979 = ORIENTED_EDGE('',*,*,#980,.F.);
#980 = EDGE_CURVE('',#901,#941,#981,.T.);
#981 = LINE('',#982,#983);
#982 = CARTESIAN_POINT('',(26.975,15.575,1.6));
#983 = VECTOR('',#984,1.);
#984 = DIRECTION('',(1.,0.,0.));
#985 = ORIENTED_EDGE('',*,*,#900,.T.);
#986 = ORIENTED_EDGE('',*,*,#987,.T.);
#987 = EDGE_CURVE('',#903,#943,#988,.T.);
#988 = LINE('',#989,#990);
#989 = CARTESIAN_POINT('',(26.975,15.575,1.635));
#990 = VECTOR('',#991,1.);
#991 = DIRECTION('',(1.,0.,0.));
#992 = ORIENTED_EDGE('',*,*,#940,.F.);
#993 = PLANE('',#994);
#994 = AXIS2_PLACEMENT_3D('',#995,#996,#997);
#995 = CARTESIAN_POINT('',(26.975,15.575,1.6));
#996 = DIRECTION('',(0.,1.,0.));
#997 = DIRECTION('',(0.,0.,1.));
#998 = ADVANCED_FACE('',(#999),#1015,.T.);
#999 = FACE_BOUND('',#1000,.T.);
#1000 = EDGE_LOOP('',(#1001,#1007,#1008,#1014));
#1001 = ORIENTED_EDGE('',*,*,#1002,.F.);
#1002 = EDGE_CURVE('',#911,#951,#1003,.T.);
#1003 = LINE('',#1004,#1005);
#1004 = CARTESIAN_POINT('',(26.975,15.925,1.6));
#1005 = VECTOR('',#1006,1.);
#1006 = DIRECTION('',(1.,0.,0.));
#1007 = ORIENTED_EDGE('',*,*,#918,.T.);
#1008 = ORIENTED_EDGE('',*,*,#1009,.T.);
#1009 = EDGE_CURVE('',#919,#959,#1010,.T.);
#1010 = LINE('',#1011,#1012);
#1011 = CARTESIAN_POINT('',(26.975,15.925,1.635));
#1012 = VECTOR('',#1013,1.);
#1013 = DIRECTION('',(1.,0.,0.));
#1014 = ORIENTED_EDGE('',*,*,#958,.F.);
#1015 = PLANE('',#1016);
#1016 = AXIS2_PLACEMENT_3D('',#1017,#1018,#1019);
#1017 = CARTESIAN_POINT('',(26.975,15.925,1.6));
#1018 = DIRECTION('',(0.,1.,0.));
#1019 = DIRECTION('',(0.,0.,1.));
#1020 = ADVANCED_FACE('',(#1021),#1027,.F.);
#1021 = FACE_BOUND('',#1022,.F.);
#1022 = EDGE_LOOP('',(#1023,#1024,#1025,#1026));
#1023 = ORIENTED_EDGE('',*,*,#910,.F.);
#1024 = ORIENTED_EDGE('',*,*,#980,.T.);
#1025 = ORIENTED_EDGE('',*,*,#950,.T.);
#1026 = ORIENTED_EDGE('',*,*,#1002,.F.);
#1027 = PLANE('',#1028);
#1028 = AXIS2_PLACEMENT_3D('',#1029,#1030,#1031);
#1029 = CARTESIAN_POINT('',(26.975,15.575,1.6));
#1030 = DIRECTION('',(0.,0.,1.));
#1031 = DIRECTION('',(1.,0.,0.));
#1032 = ADVANCED_FACE('',(#1033),#1039,.T.);
#1033 = FACE_BOUND('',#1034,.T.);
#1034 = EDGE_LOOP('',(#1035,#1036,#1037,#1038));
#1035 = ORIENTED_EDGE('',*,*,#926,.F.);
#1036 = ORIENTED_EDGE('',*,*,#987,.T.);
#1037 = ORIENTED_EDGE('',*,*,#966,.T.);
#1038 = ORIENTED_EDGE('',*,*,#1009,.F.);
#1039 = PLANE('',#1040);
#1040 = AXIS2_PLACEMENT_3D('',#1041,#1042,#1043);
#1041 = CARTESIAN_POINT('',(26.975,15.575,1.635));
#1042 = DIRECTION('',(0.,0.,1.));
#1043 = DIRECTION('',(1.,0.,0.));
#1044 = MANIFOLD_SOLID_BREP('',#1045);
#1045 = CLOSED_SHELL('',(#1046,#1086,#1126,#1148,#1170,#1182));
#1046 = ADVANCED_FACE('',(#1047),#1081,.F.);
#1047 = FACE_BOUND('',#1048,.F.);
#1048 = EDGE_LOOP('',(#1049,#1059,#1067,#1075));
#1049 = ORIENTED_EDGE('',*,*,#1050,.F.);
#1050 = EDGE_CURVE('',#1051,#1053,#1055,.T.);
#1051 = VERTEX_POINT('',#1052);
#1052 = CARTESIAN_POINT('',(26.975,15.075,1.6));
#1053 = VERTEX_POINT('',#1054);
#1054 = CARTESIAN_POINT('',(26.975,15.075,1.635));
#1055 = LINE('',#1056,#1057);
#1056 = CARTESIAN_POINT('',(26.975,15.075,1.6));
#1057 = VECTOR('',#1058,1.);
#1058 = DIRECTION('',(0.,0.,1.));
#1059 = ORIENTED_EDGE('',*,*,#1060,.T.);
#1060 = EDGE_CURVE('',#1051,#1061,#1063,.T.);
#1061 = VERTEX_POINT('',#1062);
#1062 = CARTESIAN_POINT('',(26.975,15.425,1.6));
#1063 = LINE('',#1064,#1065);
#1064 = CARTESIAN_POINT('',(26.975,15.075,1.6));
#1065 = VECTOR('',#1066,1.);
#1066 = DIRECTION('',(0.,1.,0.));
#1067 = ORIENTED_EDGE('',*,*,#1068,.T.);
#1068 = EDGE_CURVE('',#1061,#1069,#1071,.T.);
#1069 = VERTEX_POINT('',#1070);
#1070 = CARTESIAN_POINT('',(26.975,15.425,1.635));
#1071 = LINE('',#1072,#1073);
#1072 = CARTESIAN_POINT('',(26.975,15.425,1.6));
#1073 = VECTOR('',#1074,1.);
#1074 = DIRECTION('',(0.,0.,1.));
#1075 = ORIENTED_EDGE('',*,*,#1076,.F.);
#1076 = EDGE_CURVE('',#1053,#1069,#1077,.T.);
#1077 = LINE('',#1078,#1079);
#1078 = CARTESIAN_POINT('',(26.975,15.075,1.635));
#1079 = VECTOR('',#1080,1.);
#1080 = DIRECTION('',(0.,1.,0.));
#1081 = PLANE('',#1082);
#1082 = AXIS2_PLACEMENT_3D('',#1083,#1084,#1085);
#1083 = CARTESIAN_POINT('',(26.975,15.075,1.6));
#1084 = DIRECTION('',(1.,0.,0.));
#1085 = DIRECTION('',(0.,0.,1.));
#1086 = ADVANCED_FACE('',(#1087),#1121,.T.);
#1087 = FACE_BOUND('',#1088,.T.);
#1088 = EDGE_LOOP('',(#1089,#1099,#1107,#1115));
#1089 = ORIENTED_EDGE('',*,*,#1090,.F.);
#1090 = EDGE_CURVE('',#1091,#1093,#1095,.T.);
#1091 = VERTEX_POINT('',#1092);
#1092 = CARTESIAN_POINT('',(28.225,15.075,1.6));
#1093 = VERTEX_POINT('',#1094);
#1094 = CARTESIAN_POINT('',(28.225,15.075,1.635));
#1095 = LINE('',#1096,#1097);
#1096 = CARTESIAN_POINT('',(28.225,15.075,1.6));
#1097 = VECTOR('',#1098,1.);
#1098 = DIRECTION('',(0.,0.,1.));
#1099 = ORIENTED_EDGE('',*,*,#1100,.T.);
#1100 = EDGE_CURVE('',#1091,#1101,#1103,.T.);
#1101 = VERTEX_POINT('',#1102);
#1102 = CARTESIAN_POINT('',(28.225,15.425,1.6));
#1103 = LINE('',#1104,#1105);
#1104 = CARTESIAN_POINT('',(28.225,15.075,1.6));
#1105 = VECTOR('',#1106,1.);
#1106 = DIRECTION('',(0.,1.,0.));
#1107 = ORIENTED_EDGE('',*,*,#1108,.T.);
#1108 = EDGE_CURVE('',#1101,#1109,#1111,.T.);
#1109 = VERTEX_POINT('',#1110);
#1110 = CARTESIAN_POINT('',(28.225,15.425,1.635));
#1111 = LINE('',#1112,#1113);
#1112 = CARTESIAN_POINT('',(28.225,15.425,1.6));
#1113 = VECTOR('',#1114,1.);
#1114 = DIRECTION('',(0.,0.,1.));
#1115 = ORIENTED_EDGE('',*,*,#1116,.F.);
#1116 = EDGE_CURVE('',#1093,#1109,#1117,.T.);
#1117 = LINE('',#1118,#1119);
#1118 = CARTESIAN_POINT('',(28.225,15.075,1.635));
#1119 = VECTOR('',#1120,1.);
#1120 = DIRECTION('',(0.,1.,0.));
#1121 = PLANE('',#1122);
#1122 = AXIS2_PLACEMENT_3D('',#1123,#1124,#1125);
#1123 = CARTESIAN_POINT('',(28.225,15.075,1.6));
#1124 = DIRECTION('',(1.,0.,0.));
#1125 = DIRECTION('',(0.,0.,1.));
#1126 = ADVANCED_FACE('',(#1127),#1143,.F.);
#1127 = FACE_BOUND('',#1128,.F.);
#1128 = EDGE_LOOP('',(#1129,#1135,#1136,#1142));
#1129 = ORIENTED_EDGE('',*,*,#1130,.F.);
#1130 = EDGE_CURVE('',#1051,#1091,#1131,.T.);
#1131 = LINE('',#1132,#1133);
#1132 = CARTESIAN_POINT('',(26.975,15.075,1.6));
#1133 = VECTOR('',#1134,1.);
#1134 = DIRECTION('',(1.,0.,0.));
#1135 = ORIENTED_EDGE('',*,*,#1050,.T.);
#1136 = ORIENTED_EDGE('',*,*,#1137,.T.);
#1137 = EDGE_CURVE('',#1053,#1093,#1138,.T.);
#1138 = LINE('',#1139,#1140);
#1139 = CARTESIAN_POINT('',(26.975,15.075,1.635));
#1140 = VECTOR('',#1141,1.);
#1141 = DIRECTION('',(1.,0.,0.));
#1142 = ORIENTED_EDGE('',*,*,#1090,.F.);
#1143 = PLANE('',#1144);
#1144 = AXIS2_PLACEMENT_3D('',#1145,#1146,#1147);
#1145 = CARTESIAN_POINT('',(26.975,15.075,1.6));
#1146 = DIRECTION('',(0.,1.,0.));
#1147 = DIRECTION('',(0.,0.,1.));
#1148 = ADVANCED_FACE('',(#1149),#1165,.T.);
#1149 = FACE_BOUND('',#1150,.T.);
#1150 = EDGE_LOOP('',(#1151,#1157,#1158,#1164));
#1151 = ORIENTED_EDGE('',*,*,#1152,.F.);
#1152 = EDGE_CURVE('',#1061,#1101,#1153,.T.);
#1153 = LINE('',#1154,#1155);
#1154 = CARTESIAN_POINT('',(26.975,15.425,1.6));
#1155 = VECTOR('',#1156,1.);
#1156 = DIRECTION('',(1.,0.,0.));
#1157 = ORIENTED_EDGE('',*,*,#1068,.T.);
#1158 = ORIENTED_EDGE('',*,*,#1159,.T.);
#1159 = EDGE_CURVE('',#1069,#1109,#1160,.T.);
#1160 = LINE('',#1161,#1162);
#1161 = CARTESIAN_POINT('',(26.975,15.425,1.635));
#1162 = VECTOR('',#1163,1.);
#1163 = DIRECTION('',(1.,0.,0.));
#1164 = ORIENTED_EDGE('',*,*,#1108,.F.);
#1165 = PLANE('',#1166);
#1166 = AXIS2_PLACEMENT_3D('',#1167,#1168,#1169);
#1167 = CARTESIAN_POINT('',(26.975,15.425,1.6));
#1168 = DIRECTION('',(0.,1.,0.));
#1169 = DIRECTION('',(0.,0.,1.));
#1170 = ADVANCED_FACE('',(#1171),#1177,.F.);
#1171 = FACE_BOUND('',#1172,.F.);
#1172 = EDGE_LOOP('',(#1173,#1174,#1175,#1176));
#1173 = ORIENTED_EDGE('',*,*,#1060,.F.);
#1174 = ORIENTED_EDGE('',*,*,#1130,.T.);
#1175 = ORIENTED_EDGE('',*,*,#1100,.T.);
#1176 = ORIENTED_EDGE('',*,*,#1152,.F.);
#1177 = PLANE('',#1178);
#1178 = AXIS2_PLACEMENT_3D('',#1179,#1180,#1181);
#1179 = CARTESIAN_POINT('',(26.975,15.075,1.6));
#1180 = DIRECTION('',(0.,0.,1.));
#1181 = DIRECTION('',(1.,0.,0.));
#1182 = ADVANCED_FACE('',(#1183),#1189,.T.);
#1183 = FACE_BOUND('',#1184,.T.);
#1184 = EDGE_LOOP('',(#1185,#1186,#1187,#1188));
#1185 = ORIENTED_EDGE('',*,*,#1076,.F.);
#1186 = ORIENTED_EDGE('',*,*,#1137,.T.);
#1187 = ORIENTED_EDGE('',*,*,#1116,.T.);
#1188 = ORIENTED_EDGE('',*,*,#1159,.F.);
#1189 = PLANE('',#1190);
#1190 = AXIS2_PLACEMENT_3D('',#1191,#1192,#1193);
#1191 = CARTESIAN_POINT('',(26.975,15.075,1.635));
#1192 = DIRECTION('',(0.,0.,1.));
#1193 = DIRECTION('',(1.,0.,0.));
#1194 = MANIFOLD_SOLID_BREP('',#1195);
#1195 = CLOSED_SHELL('',(#1196,#1236,#1276,#1298,#1320,#1332));
#1196 = ADVANCED_FACE('',(#1197),#1231,.F.);
#1197 = FACE_BOUND('',#1198,.F.);
#1198 = EDGE_LOOP('',(#1199,#1209,#1217,#1225));
#1199 = ORIENTED_EDGE('',*,*,#1200,.F.);
#1200 = EDGE_CURVE('',#1201,#1203,#1205,.T.);
#1201 = VERTEX_POINT('',#1202);
#1202 = CARTESIAN_POINT('',(26.975,14.575,1.6));
#1203 = VERTEX_POINT('',#1204);
#1204 = CARTESIAN_POINT('',(26.975,14.575,1.635));
#1205 = LINE('',#1206,#1207);
#1206 = CARTESIAN_POINT('',(26.975,14.575,1.6));
#1207 = VECTOR('',#1208,1.);
#1208 = DIRECTION('',(0.,0.,1.));
#1209 = ORIENTED_EDGE('',*,*,#1210,.T.);
#1210 = EDGE_CURVE('',#1201,#1211,#1213,.T.);
#1211 = VERTEX_POINT('',#1212);
#1212 = CARTESIAN_POINT('',(26.975,14.925,1.6));
#1213 = LINE('',#1214,#1215);
#1214 = CARTESIAN_POINT('',(26.975,14.575,1.6));
#1215 = VECTOR('',#1216,1.);
#1216 = DIRECTION('',(0.,1.,0.));
#1217 = ORIENTED_EDGE('',*,*,#1218,.T.);
#1218 = EDGE_CURVE('',#1211,#1219,#1221,.T.);
#1219 = VERTEX_POINT('',#1220);
#1220 = CARTESIAN_POINT('',(26.975,14.925,1.635));
#1221 = LINE('',#1222,#1223);
#1222 = CARTESIAN_POINT('',(26.975,14.925,1.6));
#1223 = VECTOR('',#1224,1.);
#1224 = DIRECTION('',(0.,0.,1.));
#1225 = ORIENTED_EDGE('',*,*,#1226,.F.);
#1226 = EDGE_CURVE('',#1203,#1219,#1227,.T.);
#1227 = LINE('',#1228,#1229);
#1228 = CARTESIAN_POINT('',(26.975,14.575,1.635));
#1229 = VECTOR('',#1230,1.);
#1230 = DIRECTION('',(0.,1.,0.));
#1231 = PLANE('',#1232);
#1232 = AXIS2_PLACEMENT_3D('',#1233,#1234,#1235);
#1233 = CARTESIAN_POINT('',(26.975,14.575,1.6));
#1234 = DIRECTION('',(1.,0.,0.));
#1235 = DIRECTION('',(0.,0.,1.));
#1236 = ADVANCED_FACE('',(#1237),#1271,.T.);
#1237 = FACE_BOUND('',#1238,.T.);
#1238 = EDGE_LOOP('',(#1239,#1249,#1257,#1265));
#1239 = ORIENTED_EDGE('',*,*,#1240,.F.);
#1240 = EDGE_CURVE('',#1241,#1243,#1245,.T.);
#1241 = VERTEX_POINT('',#1242);
#1242 = CARTESIAN_POINT('',(28.225,14.575,1.6));
#1243 = VERTEX_POINT('',#1244);
#1244 = CARTESIAN_POINT('',(28.225,14.575,1.635));
#1245 = LINE('',#1246,#1247);
#1246 = CARTESIAN_POINT('',(28.225,14.575,1.6));
#1247 = VECTOR('',#1248,1.);
#1248 = DIRECTION('',(0.,0.,1.));
#1249 = ORIENTED_EDGE('',*,*,#1250,.T.);
#1250 = EDGE_CURVE('',#1241,#1251,#1253,.T.);
#1251 = VERTEX_POINT('',#1252);
#1252 = CARTESIAN_POINT('',(28.225,14.925,1.6));
#1253 = LINE('',#1254,#1255);
#1254 = CARTESIAN_POINT('',(28.225,14.575,1.6));
#1255 = VECTOR('',#1256,1.);
#1256 = DIRECTION('',(0.,1.,0.));
#1257 = ORIENTED_EDGE('',*,*,#1258,.T.);
#1258 = EDGE_CURVE('',#1251,#1259,#1261,.T.);
#1259 = VERTEX_POINT('',#1260);
#1260 = CARTESIAN_POINT('',(28.225,14.925,1.635));
#1261 = LINE('',#1262,#1263);
#1262 = CARTESIAN_POINT('',(28.225,14.925,1.6));
#1263 = VECTOR('',#1264,1.);
#1264 = DIRECTION('',(0.,0.,1.));
#1265 = ORIENTED_EDGE('',*,*,#1266,.F.);
#1266 = EDGE_CURVE('',#1243,#1259,#1267,.T.);
#1267 = LINE('',#1268,#1269);
#1268 = CARTESIAN_POINT('',(28.225,14.575,1.635));
#1269 = VECTOR('',#1270,1.);
#1270 = DIRECTION('',(0.,1.,0.));
#1271 = PLANE('',#1272);
#1272 = AXIS2_PLACEMENT_3D('',#1273,#1274,#1275);
#1273 = CARTESIAN_POINT('',(28.225,14.575,1.6));
#1274 = DIRECTION('',(1.,0.,0.));
#1275 = DIRECTION('',(0.,0.,1.));
#1276 = ADVANCED_FACE('',(#1277),#1293,.F.);
#1277 = FACE_BOUND('',#1278,.F.);
#1278 = EDGE_LOOP('',(#1279,#1285,#1286,#1292));
#1279 = ORIENTED_EDGE('',*,*,#1280,.F.);
#1280 = EDGE_CURVE('',#1201,#1241,#1281,.T.);
#1281 = LINE('',#1282,#1283);
#1282 = CARTESIAN_POINT('',(26.975,14.575,1.6));
#1283 = VECTOR('',#1284,1.);
#1284 = DIRECTION('',(1.,0.,0.));
#1285 = ORIENTED_EDGE('',*,*,#1200,.T.);
#1286 = ORIENTED_EDGE('',*,*,#1287,.T.);
#1287 = EDGE_CURVE('',#1203,#1243,#1288,.T.);
#1288 = LINE('',#1289,#1290);
#1289 = CARTESIAN_POINT('',(26.975,14.575,1.635));
#1290 = VECTOR('',#1291,1.);
#1291 = DIRECTION('',(1.,0.,0.));
#1292 = ORIENTED_EDGE('',*,*,#1240,.F.);
#1293 = PLANE('',#1294);
#1294 = AXIS2_PLACEMENT_3D('',#1295,#1296,#1297);
#1295 = CARTESIAN_POINT('',(26.975,14.575,1.6));
#1296 = DIRECTION('',(0.,1.,0.));
#1297 = DIRECTION('',(0.,0.,1.));
#1298 = ADVANCED_FACE('',(#1299),#1315,.T.);
#1299 = FACE_BOUND('',#1300,.T.);
#1300 = EDGE_LOOP('',(#1301,#1307,#1308,#1314));
#1301 = ORIENTED_EDGE('',*,*,#1302,.F.);
#1302 = EDGE_CURVE('',#1211,#1251,#1303,.T.);
#1303 = LINE('',#1304,#1305);
#1304 = CARTESIAN_POINT('',(26.975,14.925,1.6));
#1305 = VECTOR('',#1306,1.);
#1306 = DIRECTION('',(1.,0.,0.));
#1307 = ORIENTED_EDGE('',*,*,#1218,.T.);
#1308 = ORIENTED_EDGE('',*,*,#1309,.T.);
#1309 = EDGE_CURVE('',#1219,#1259,#1310,.T.);
#1310 = LINE('',#1311,#1312);
#1311 = CARTESIAN_POINT('',(26.975,14.925,1.635));
#1312 = VECTOR('',#1313,1.);
#1313 = DIRECTION('',(1.,0.,0.));
#1314 = ORIENTED_EDGE('',*,*,#1258,.F.);
#1315 = PLANE('',#1316);
#1316 = AXIS2_PLACEMENT_3D('',#1317,#1318,#1319);
#1317 = CARTESIAN_POINT('',(26.975,14.925,1.6));
#1318 = DIRECTION('',(0.,1.,0.));
#1319 = DIRECTION('',(0.,0.,1.));
#1320 = ADVANCED_FACE('',(#1321),#1327,.F.);
#1321 = FACE_BOUND('',#1322,.F.);
#1322 = EDGE_LOOP('',(#1323,#1324,#1325,#1326));
#1323 = ORIENTED_EDGE('',*,*,#1210,.F.);
#1324 = ORIENTED_EDGE('',*,*,#1280,.T.);
#1325 = ORIENTED_EDGE('',*,*,#1250,.T.);
#1326 = ORIENTED_EDGE('',*,*,#1302,.F.);
#1327 = PLANE('',#1328);
#1328 = AXIS2_PLACEMENT_3D('',#1329,#1330,#1331);
#1329 = CARTESIAN_POINT('',(26.975,14.575,1.6));
#1330 = DIRECTION('',(0.,0.,1.));
#1331 = DIRECTION('',(1.,0.,0.));
#1332 = ADVANCED_FACE('',(#1333),#1339,.T.);
#1333 = FACE_BOUND('',#1334,.T.);
#1334 = EDGE_LOOP('',(#1335,#1336,#1337,#1338));
#1335 = ORIENTED_EDGE('',*,*,#1226,.F.);
#1336 = ORIENTED_EDGE('',*,*,#1287,.T.);
#1337 = ORIENTED_EDGE('',*,*,#1266,.T.);
#1338 = ORIENTED_EDGE('',*,*,#1309,.F.);
#1339 = PLANE('',#1340);
#1340 = AXIS2_PLACEMENT_3D('',#1341,#1342,#1343);
#1341 = CARTESIAN_POINT('',(26.975,14.575,1.635));
#1342 = DIRECTION('',(0.,0.,1.));
#1343 = DIRECTION('',(1.,0.,0.));
#1344 = MANIFOLD_SOLID_BREP('',#1345);
#1345 = CLOSED_SHELL('',(#1346,#1386,#1426,#1448,#1470,#1482));
#1346 = ADVANCED_FACE('',(#1347),#1381,.F.);
#1347 = FACE_BOUND('',#1348,.F.);
#1348 = EDGE_LOOP('',(#1349,#1359,#1367,#1375));
#1349 = ORIENTED_EDGE('',*,*,#1350,.F.);
#1350 = EDGE_CURVE('',#1351,#1353,#1355,.T.);
#1351 = VERTEX_POINT('',#1352);
#1352 = CARTESIAN_POINT('',(26.975,14.075,1.6));
#1353 = VERTEX_POINT('',#1354);
#1354 = CARTESIAN_POINT('',(26.975,14.075,1.635));
#1355 = LINE('',#1356,#1357);
#1356 = CARTESIAN_POINT('',(26.975,14.075,1.6));
#1357 = VECTOR('',#1358,1.);
#1358 = DIRECTION('',(0.,0.,1.));
#1359 = ORIENTED_EDGE('',*,*,#1360,.T.);
#1360 = EDGE_CURVE('',#1351,#1361,#1363,.T.);
#1361 = VERTEX_POINT('',#1362);
#1362 = CARTESIAN_POINT('',(26.975,14.425,1.6));
#1363 = LINE('',#1364,#1365);
#1364 = CARTESIAN_POINT('',(26.975,14.075,1.6));
#1365 = VECTOR('',#1366,1.);
#1366 = DIRECTION('',(0.,1.,0.));
#1367 = ORIENTED_EDGE('',*,*,#1368,.T.);
#1368 = EDGE_CURVE('',#1361,#1369,#1371,.T.);
#1369 = VERTEX_POINT('',#1370);
#1370 = CARTESIAN_POINT('',(26.975,14.425,1.635));
#1371 = LINE('',#1372,#1373);
#1372 = CARTESIAN_POINT('',(26.975,14.425,1.6));
#1373 = VECTOR('',#1374,1.);
#1374 = DIRECTION('',(0.,0.,1.));
#1375 = ORIENTED_EDGE('',*,*,#1376,.F.);
#1376 = EDGE_CURVE('',#1353,#1369,#1377,.T.);
#1377 = LINE('',#1378,#1379);
#1378 = CARTESIAN_POINT('',(26.975,14.075,1.635));
#1379 = VECTOR('',#1380,1.);
#1380 = DIRECTION('',(0.,1.,0.));
#1381 = PLANE('',#1382);
#1382 = AXIS2_PLACEMENT_3D('',#1383,#1384,#1385);
#1383 = CARTESIAN_POINT('',(26.975,14.075,1.6));
#1384 = DIRECTION('',(1.,0.,0.));
#1385 = DIRECTION('',(0.,0.,1.));
#1386 = ADVANCED_FACE('',(#1387),#1421,.T.);
#1387 = FACE_BOUND('',#1388,.T.);
#1388 = EDGE_LOOP('',(#1389,#1399,#1407,#1415));
#1389 = ORIENTED_EDGE('',*,*,#1390,.F.);
#1390 = EDGE_CURVE('',#1391,#1393,#1395,.T.);
#1391 = VERTEX_POINT('',#1392);
#1392 = CARTESIAN_POINT('',(28.225,14.075,1.6));
#1393 = VERTEX_POINT('',#1394);
#1394 = CARTESIAN_POINT('',(28.225,14.075,1.635));
#1395 = LINE('',#1396,#1397);
#1396 = CARTESIAN_POINT('',(28.225,14.075,1.6));
#1397 = VECTOR('',#1398,1.);
#1398 = DIRECTION('',(0.,0.,1.));
#1399 = ORIENTED_EDGE('',*,*,#1400,.T.);
#1400 = EDGE_CURVE('',#1391,#1401,#1403,.T.);
#1401 = VERTEX_POINT('',#1402);
#1402 = CARTESIAN_POINT('',(28.225,14.425,1.6));
#1403 = LINE('',#1404,#1405);
#1404 = CARTESIAN_POINT('',(28.225,14.075,1.6));
#1405 = VECTOR('',#1406,1.);
#1406 = DIRECTION('',(0.,1.,0.));
#1407 = ORIENTED_EDGE('',*,*,#1408,.T.);
#1408 = EDGE_CURVE('',#1401,#1409,#1411,.T.);
#1409 = VERTEX_POINT('',#1410);
#1410 = CARTESIAN_POINT('',(28.225,14.425,1.635));
#1411 = LINE('',#1412,#1413);
#1412 = CARTESIAN_POINT('',(28.225,14.425,1.6));
#1413 = VECTOR('',#1414,1.);
#1414 = DIRECTION('',(0.,0.,1.));
#1415 = ORIENTED_EDGE('',*,*,#1416,.F.);
#1416 = EDGE_CURVE('',#1393,#1409,#1417,.T.);
#1417 = LINE('',#1418,#1419);
#1418 = CARTESIAN_POINT('',(28.225,14.075,1.635));
#1419 = VECTOR('',#1420,1.);
#1420 = DIRECTION('',(0.,1.,0.));
#1421 = PLANE('',#1422);
#1422 = AXIS2_PLACEMENT_3D('',#1423,#1424,#1425);
#1423 = CARTESIAN_POINT('',(28.225,14.075,1.6));
#1424 = DIRECTION('',(1.,0.,0.));
#1425 = DIRECTION('',(0.,0.,1.));
#1426 = ADVANCED_FACE('',(#1427),#1443,.F.);
#1427 = FACE_BOUND('',#1428,.F.);
#1428 = EDGE_LOOP('',(#1429,#1435,#1436,#1442));
#1429 = ORIENTED_EDGE('',*,*,#1430,.F.);
#1430 = EDGE_CURVE('',#1351,#1391,#1431,.T.);
#1431 = LINE('',#1432,#1433);
#1432 = CARTESIAN_POINT('',(26.975,14.075,1.6));
#1433 = VECTOR('',#1434,1.);
#1434 = DIRECTION('',(1.,0.,0.));
#1435 = ORIENTED_EDGE('',*,*,#1350,.T.);
#1436 = ORIENTED_EDGE('',*,*,#1437,.T.);
#1437 = EDGE_CURVE('',#1353,#1393,#1438,.T.);
#1438 = LINE('',#1439,#1440);
#1439 = CARTESIAN_POINT('',(26.975,14.075,1.635));
#1440 = VECTOR('',#1441,1.);
#1441 = DIRECTION('',(1.,0.,0.));
#1442 = ORIENTED_EDGE('',*,*,#1390,.F.);
#1443 = PLANE('',#1444);
#1444 = AXIS2_PLACEMENT_3D('',#1445,#1446,#1447);
#1445 = CARTESIAN_POINT('',(26.975,14.075,1.6));
#1446 = DIRECTION('',(0.,1.,0.));
#1447 = DIRECTION('',(0.,0.,1.));
#1448 = ADVANCED_FACE('',(#1449),#1465,.T.);
#1449 = FACE_BOUND('',#1450,.T.);
#1450 = EDGE_LOOP('',(#1451,#1457,#1458,#1464));
#1451 = ORIENTED_EDGE('',*,*,#1452,.F.);
#1452 = EDGE_CURVE('',#1361,#1401,#1453,.T.);
#1453 = LINE('',#1454,#1455);
#1454 = CARTESIAN_POINT('',(26.975,14.425,1.6));
#1455 = VECTOR('',#1456,1.);
#1456 = DIRECTION('',(1.,0.,0.));
#1457 = ORIENTED_EDGE('',*,*,#1368,.T.);
#1458 = ORIENTED_EDGE('',*,*,#1459,.T.);
#1459 = EDGE_CURVE('',#1369,#1409,#1460,.T.);
#1460 = LINE('',#1461,#1462);
#1461 = CARTESIAN_POINT('',(26.975,14.425,1.635));
#1462 = VECTOR('',#1463,1.);
#1463 = DIRECTION('',(1.,0.,0.));
#1464 = ORIENTED_EDGE('',*,*,#1408,.F.);
#1465 = PLANE('',#1466);
#1466 = AXIS2_PLACEMENT_3D('',#1467,#1468,#1469);
#1467 = CARTESIAN_POINT('',(26.975,14.425,1.6));
#1468 = DIRECTION('',(0.,1.,0.));
#1469 = DIRECTION('',(0.,0.,1.));
#1470 = ADVANCED_FACE('',(#1471),#1477,.F.);
#1471 = FACE_BOUND('',#1472,.F.);
#1472 = EDGE_LOOP('',(#1473,#1474,#1475,#1476));
#1473 = ORIENTED_EDGE('',*,*,#1360,.F.);
#1474 = ORIENTED_EDGE('',*,*,#1430,.T.);
#1475 = ORIENTED_EDGE('',*,*,#1400,.T.);
#1476 = ORIENTED_EDGE('',*,*,#1452,.F.);
#1477 = PLANE('',#1478);
#1478 = AXIS2_PLACEMENT_3D('',#1479,#1480,#1481);
#1479 = CARTESIAN_POINT('',(26.975,14.075,1.6));
#1480 = DIRECTION('',(0.,0.,1.));
#1481 = DIRECTION('',(1.,0.,0.));
#1482 = ADVANCED_FACE('',(#1483),#1489,.T.);
#1483 = FACE_BOUND('',#1484,.T.);
#1484 = EDGE_LOOP('',(#1485,#1486,#1487,#1488));
#1485 = ORIENTED_EDGE('',*,*,#1376,.F.);
#1486 = ORIENTED_EDGE('',*,*,#1437,.T.);
#1487 = ORIENTED_EDGE('',*,*,#1416,.T.);
#1488 = ORIENTED_EDGE('',*,*,#1459,.F.);
#1489 = PLANE('',#1490);
#1490 = AXIS2_PLACEMENT_3D('',#1491,#1492,#1493);
#1491 = CARTESIAN_POINT('',(26.975,14.075,1.635));
#1492 = DIRECTION('',(0.,0.,1.));
#1493 = DIRECTION('',(1.,0.,0.));
#1494 = MANIFOLD_SOLID_BREP('',#1495);
#1495 = CLOSED_SHELL('',(#1496,#1536,#1576,#1598,#1620,#1632));
#1496 = ADVANCED_FACE('',(#1497),#1531,.F.);
#1497 = FACE_BOUND('',#1498,.F.);
#1498 = EDGE_LOOP('',(#1499,#1509,#1517,#1525));
#1499 = ORIENTED_EDGE('',*,*,#1500,.F.);
#1500 = EDGE_CURVE('',#1501,#1503,#1505,.T.);
#1501 = VERTEX_POINT('',#1502);
#1502 = CARTESIAN_POINT('',(29.775,14.075,1.6));
#1503 = VERTEX_POINT('',#1504);
#1504 = CARTESIAN_POINT('',(29.775,14.075,1.635));
#1505 = LINE('',#1506,#1507);
#1506 = CARTESIAN_POINT('',(29.775,14.075,1.6));
#1507 = VECTOR('',#1508,1.);
#1508 = DIRECTION('',(0.,0.,1.));
#1509 = ORIENTED_EDGE('',*,*,#1510,.T.);
#1510 = EDGE_CURVE('',#1501,#1511,#1513,.T.);
#1511 = VERTEX_POINT('',#1512);
#1512 = CARTESIAN_POINT('',(29.775,14.425,1.6));
#1513 = LINE('',#1514,#1515);
#1514 = CARTESIAN_POINT('',(29.775,14.075,1.6));
#1515 = VECTOR('',#1516,1.);
#1516 = DIRECTION('',(0.,1.,0.));
#1517 = ORIENTED_EDGE('',*,*,#1518,.T.);
#1518 = EDGE_CURVE('',#1511,#1519,#1521,.T.);
#1519 = VERTEX_POINT('',#1520);
#1520 = CARTESIAN_POINT('',(29.775,14.425,1.635));
#1521 = LINE('',#1522,#1523);
#1522 = CARTESIAN_POINT('',(29.775,14.425,1.6));
#1523 = VECTOR('',#1524,1.);
#1524 = DIRECTION('',(0.,0.,1.));
#1525 = ORIENTED_EDGE('',*,*,#1526,.F.);
#1526 = EDGE_CURVE('',#1503,#1519,#1527,.T.);
#1527 = LINE('',#1528,#1529);
#1528 = CARTESIAN_POINT('',(29.775,14.075,1.635));
#1529 = VECTOR('',#1530,1.);
#1530 = DIRECTION('',(0.,1.,0.));
#1531 = PLANE('',#1532);
#1532 = AXIS2_PLACEMENT_3D('',#1533,#1534,#1535);
#1533 = CARTESIAN_POINT('',(29.775,14.075,1.6));
#1534 = DIRECTION('',(1.,0.,0.));
#1535 = DIRECTION('',(0.,0.,1.));
#1536 = ADVANCED_FACE('',(#1537),#1571,.T.);
#1537 = FACE_BOUND('',#1538,.T.);
#1538 = EDGE_LOOP('',(#1539,#1549,#1557,#1565));
#1539 = ORIENTED_EDGE('',*,*,#1540,.F.);
#1540 = EDGE_CURVE('',#1541,#1543,#1545,.T.);
#1541 = VERTEX_POINT('',#1542);
#1542 = CARTESIAN_POINT('',(31.025,14.075,1.6));
#1543 = VERTEX_POINT('',#1544);
#1544 = CARTESIAN_POINT('',(31.025,14.075,1.635));
#1545 = LINE('',#1546,#1547);
#1546 = CARTESIAN_POINT('',(31.025,14.075,1.6));
#1547 = VECTOR('',#1548,1.);
#1548 = DIRECTION('',(0.,0.,1.));
#1549 = ORIENTED_EDGE('',*,*,#1550,.T.);
#1550 = EDGE_CURVE('',#1541,#1551,#1553,.T.);
#1551 = VERTEX_POINT('',#1552);
#1552 = CARTESIAN_POINT('',(31.025,14.425,1.6));
#1553 = LINE('',#1554,#1555);
#1554 = CARTESIAN_POINT('',(31.025,14.075,1.6));
#1555 = VECTOR('',#1556,1.);
#1556 = DIRECTION('',(0.,1.,0.));
#1557 = ORIENTED_EDGE('',*,*,#1558,.T.);
#1558 = EDGE_CURVE('',#1551,#1559,#1561,.T.);
#1559 = VERTEX_POINT('',#1560);
#1560 = CARTESIAN_POINT('',(31.025,14.425,1.635));
#1561 = LINE('',#1562,#1563);
#1562 = CARTESIAN_POINT('',(31.025,14.425,1.6));
#1563 = VECTOR('',#1564,1.);
#1564 = DIRECTION('',(0.,0.,1.));
#1565 = ORIENTED_EDGE('',*,*,#1566,.F.);
#1566 = EDGE_CURVE('',#1543,#1559,#1567,.T.);
#1567 = LINE('',#1568,#1569);
#1568 = CARTESIAN_POINT('',(31.025,14.075,1.635));
#1569 = VECTOR('',#1570,1.);
#1570 = DIRECTION('',(0.,1.,0.));
#1571 = PLANE('',#1572);
#1572 = AXIS2_PLACEMENT_3D('',#1573,#1574,#1575);
#1573 = CARTESIAN_POINT('',(31.025,14.075,1.6));
#1574 = DIRECTION('',(1.,0.,0.));
#1575 = DIRECTION('',(0.,0.,1.));
#1576 = ADVANCED_FACE('',(#1577),#1593,.F.);
#1577 = FACE_BOUND('',#1578,.F.);
#1578 = EDGE_LOOP('',(#1579,#1585,#1586,#1592));
#1579 = ORIENTED_EDGE('',*,*,#1580,.F.);
#1580 = EDGE_CURVE('',#1501,#1541,#1581,.T.);
#1581 = LINE('',#1582,#1583);
#1582 = CARTESIAN_POINT('',(29.775,14.075,1.6));
#1583 = VECTOR('',#1584,1.);
#1584 = DIRECTION('',(1.,0.,0.));
#1585 = ORIENTED_EDGE('',*,*,#1500,.T.);
#1586 = ORIENTED_EDGE('',*,*,#1587,.T.);
#1587 = EDGE_CURVE('',#1503,#1543,#1588,.T.);
#1588 = LINE('',#1589,#1590);
#1589 = CARTESIAN_POINT('',(29.775,14.075,1.635));
#1590 = VECTOR('',#1591,1.);
#1591 = DIRECTION('',(1.,0.,0.));
#1592 = ORIENTED_EDGE('',*,*,#1540,.F.);
#1593 = PLANE('',#1594);
#1594 = AXIS2_PLACEMENT_3D('',#1595,#1596,#1597);
#1595 = CARTESIAN_POINT('',(29.775,14.075,1.6));
#1596 = DIRECTION('',(0.,1.,0.));
#1597 = DIRECTION('',(0.,0.,1.));
#1598 = ADVANCED_FACE('',(#1599),#1615,.T.);
#1599 = FACE_BOUND('',#1600,.T.);
#1600 = EDGE_LOOP('',(#1601,#1607,#1608,#1614));
#1601 = ORIENTED_EDGE('',*,*,#1602,.F.);
#1602 = EDGE_CURVE('',#1511,#1551,#1603,.T.);
#1603 = LINE('',#1604,#1605);
#1604 = CARTESIAN_POINT('',(29.775,14.425,1.6));
#1605 = VECTOR('',#1606,1.);
#1606 = DIRECTION('',(1.,0.,0.));
#1607 = ORIENTED_EDGE('',*,*,#1518,.T.);
#1608 = ORIENTED_EDGE('',*,*,#1609,.T.);
#1609 = EDGE_CURVE('',#1519,#1559,#1610,.T.);
#1610 = LINE('',#1611,#1612);
#1611 = CARTESIAN_POINT('',(29.775,14.425,1.635));
#1612 = VECTOR('',#1613,1.);
#1613 = DIRECTION('',(1.,0.,0.));
#1614 = ORIENTED_EDGE('',*,*,#1558,.F.);
#1615 = PLANE('',#1616);
#1616 = AXIS2_PLACEMENT_3D('',#1617,#1618,#1619);
#1617 = CARTESIAN_POINT('',(29.775,14.425,1.6));
#1618 = DIRECTION('',(0.,1.,0.));
#1619 = DIRECTION('',(0.,0.,1.));
#1620 = ADVANCED_FACE('',(#1621),#1627,.F.);
#1621 = FACE_BOUND('',#1622,.F.);
#1622 = EDGE_LOOP('',(#1623,#1624,#1625,#1626));
#1623 = ORIENTED_EDGE('',*,*,#1510,.F.);
#1624 = ORIENTED_EDGE('',*,*,#1580,.T.);
#1625 = ORIENTED_EDGE('',*,*,#1550,.T.);
#1626 = ORIENTED_EDGE('',*,*,#1602,.F.);
#1627 = PLANE('',#1628);
#1628 = AXIS2_PLACEMENT_3D('',#1629,#1630,#1631);
#1629 = CARTESIAN_POINT('',(29.775,14.075,1.6));
#1630 = DIRECTION('',(0.,0.,1.));
#1631 = DIRECTION('',(1.,0.,0.));
#1632 = ADVANCED_FACE('',(#1633),#1639,.T.);
#1633 = FACE_BOUND('',#1634,.T.);
#1634 = EDGE_LOOP('',(#1635,#1636,#1637,#1638));
#1635 = ORIENTED_EDGE('',*,*,#1526,.F.);
#1636 = ORIENTED_EDGE('',*,*,#1587,.T.);
#1637 = ORIENTED_EDGE('',*,*,#1566,.T.);
#1638 = ORIENTED_EDGE('',*,*,#1609,.F.);
#1639 = PLANE('',#1640);
#1640 = AXIS2_PLACEMENT_3D('',#1641,#1642,#1643);
#1641 = CARTESIAN_POINT('',(29.775,14.075,1.635));
#1642 = DIRECTION('',(0.,0.,1.));
#1643 = DIRECTION('',(1.,0.,0.));
#1644 = MANIFOLD_SOLID_BREP('',#1645);
#1645 = CLOSED_SHELL('',(#1646,#1686,#1726,#1748,#1770,#1782));
#1646 = ADVANCED_FACE('',(#1647),#1681,.F.);
#1647 = FACE_BOUND('',#1648,.F.);
#1648 = EDGE_LOOP('',(#1649,#1659,#1667,#1675));
#1649 = ORIENTED_EDGE('',*,*,#1650,.F.);
#1650 = EDGE_CURVE('',#1651,#1653,#1655,.T.);
#1651 = VERTEX_POINT('',#1652);
#1652 = CARTESIAN_POINT('',(29.775,14.575,1.6));
#1653 = VERTEX_POINT('',#1654);
#1654 = CARTESIAN_POINT('',(29.775,14.575,1.635));
#1655 = LINE('',#1656,#1657);
#1656 = CARTESIAN_POINT('',(29.775,14.575,1.6));
#1657 = VECTOR('',#1658,1.);
#1658 = DIRECTION('',(0.,0.,1.));
#1659 = ORIENTED_EDGE('',*,*,#1660,.T.);
#1660 = EDGE_CURVE('',#1651,#1661,#1663,.T.);
#1661 = VERTEX_POINT('',#1662);
#1662 = CARTESIAN_POINT('',(29.775,14.925,1.6));
#1663 = LINE('',#1664,#1665);
#1664 = CARTESIAN_POINT('',(29.775,14.575,1.6));
#1665 = VECTOR('',#1666,1.);
#1666 = DIRECTION('',(0.,1.,0.));
#1667 = ORIENTED_EDGE('',*,*,#1668,.T.);
#1668 = EDGE_CURVE('',#1661,#1669,#1671,.T.);
#1669 = VERTEX_POINT('',#1670);
#1670 = CARTESIAN_POINT('',(29.775,14.925,1.635));
#1671 = LINE('',#1672,#1673);
#1672 = CARTESIAN_POINT('',(29.775,14.925,1.6));
#1673 = VECTOR('',#1674,1.);
#1674 = DIRECTION('',(0.,0.,1.));
#1675 = ORIENTED_EDGE('',*,*,#1676,.F.);
#1676 = EDGE_CURVE('',#1653,#1669,#1677,.T.);
#1677 = LINE('',#1678,#1679);
#1678 = CARTESIAN_POINT('',(29.775,14.575,1.635));
#1679 = VECTOR('',#1680,1.);
#1680 = DIRECTION('',(0.,1.,0.));
#1681 = PLANE('',#1682);
#1682 = AXIS2_PLACEMENT_3D('',#1683,#1684,#1685);
#1683 = CARTESIAN_POINT('',(29.775,14.575,1.6));
#1684 = DIRECTION('',(1.,0.,0.));
#1685 = DIRECTION('',(0.,0.,1.));
#1686 = ADVANCED_FACE('',(#1687),#1721,.T.);
#1687 = FACE_BOUND('',#1688,.T.);
#1688 = EDGE_LOOP('',(#1689,#1699,#1707,#1715));
#1689 = ORIENTED_EDGE('',*,*,#1690,.F.);
#1690 = EDGE_CURVE('',#1691,#1693,#1695,.T.);
#1691 = VERTEX_POINT('',#1692);
#1692 = CARTESIAN_POINT('',(31.025,14.575,1.6));
#1693 = VERTEX_POINT('',#1694);
#1694 = CARTESIAN_POINT('',(31.025,14.575,1.635));
#1695 = LINE('',#1696,#1697);
#1696 = CARTESIAN_POINT('',(31.025,14.575,1.6));
#1697 = VECTOR('',#1698,1.);
#1698 = DIRECTION('',(0.,0.,1.));
#1699 = ORIENTED_EDGE('',*,*,#1700,.T.);
#1700 = EDGE_CURVE('',#1691,#1701,#1703,.T.);
#1701 = VERTEX_POINT('',#1702);
#1702 = CARTESIAN_POINT('',(31.025,14.925,1.6));
#1703 = LINE('',#1704,#1705);
#1704 = CARTESIAN_POINT('',(31.025,14.575,1.6));
#1705 = VECTOR('',#1706,1.);
#1706 = DIRECTION('',(0.,1.,0.));
#1707 = ORIENTED_EDGE('',*,*,#1708,.T.);
#1708 = EDGE_CURVE('',#1701,#1709,#1711,.T.);
#1709 = VERTEX_POINT('',#1710);
#1710 = CARTESIAN_POINT('',(31.025,14.925,1.635));
#1711 = LINE('',#1712,#1713);
#1712 = CARTESIAN_POINT('',(31.025,14.925,1.6));
#1713 = VECTOR('',#1714,1.);
#1714 = DIRECTION('',(0.,0.,1.));
#1715 = ORIENTED_EDGE('',*,*,#1716,.F.);
#1716 = EDGE_CURVE('',#1693,#1709,#1717,.T.);
#1717 = LINE('',#1718,#1719);
#1718 = CARTESIAN_POINT('',(31.025,14.575,1.635));
#1719 = VECTOR('',#1720,1.);
#1720 = DIRECTION('',(0.,1.,0.));
#1721 = PLANE('',#1722);
#1722 = AXIS2_PLACEMENT_3D('',#1723,#1724,#1725);
#1723 = CARTESIAN_POINT('',(31.025,14.575,1.6));
#1724 = DIRECTION('',(1.,0.,0.));
#1725 = DIRECTION('',(0.,0.,1.));
#1726 = ADVANCED_FACE('',(#1727),#1743,.F.);
#1727 = FACE_BOUND('',#1728,.F.);
#1728 = EDGE_LOOP('',(#1729,#1735,#1736,#1742));
#1729 = ORIENTED_EDGE('',*,*,#1730,.F.);
#1730 = EDGE_CURVE('',#1651,#1691,#1731,.T.);
#1731 = LINE('',#1732,#1733);
#1732 = CARTESIAN_POINT('',(29.775,14.575,1.6));
#1733 = VECTOR('',#1734,1.);
#1734 = DIRECTION('',(1.,0.,0.));
#1735 = ORIENTED_EDGE('',*,*,#1650,.T.);
#1736 = ORIENTED_EDGE('',*,*,#1737,.T.);
#1737 = EDGE_CURVE('',#1653,#1693,#1738,.T.);
#1738 = LINE('',#1739,#1740);
#1739 = CARTESIAN_POINT('',(29.775,14.575,1.635));
#1740 = VECTOR('',#1741,1.);
#1741 = DIRECTION('',(1.,0.,0.));
#1742 = ORIENTED_EDGE('',*,*,#1690,.F.);
#1743 = PLANE('',#1744);
#1744 = AXIS2_PLACEMENT_3D('',#1745,#1746,#1747);
#1745 = CARTESIAN_POINT('',(29.775,14.575,1.6));
#1746 = DIRECTION('',(0.,1.,0.));
#1747 = DIRECTION('',(0.,0.,1.));
#1748 = ADVANCED_FACE('',(#1749),#1765,.T.);
#1749 = FACE_BOUND('',#1750,.T.);
#1750 = EDGE_LOOP('',(#1751,#1757,#1758,#1764));
#1751 = ORIENTED_EDGE('',*,*,#1752,.F.);
#1752 = EDGE_CURVE('',#1661,#1701,#1753,.T.);
#1753 = LINE('',#1754,#1755);
#1754 = CARTESIAN_POINT('',(29.775,14.925,1.6));
#1755 = VECTOR('',#1756,1.);
#1756 = DIRECTION('',(1.,0.,0.));
#1757 = ORIENTED_EDGE('',*,*,#1668,.T.);
#1758 = ORIENTED_EDGE('',*,*,#1759,.T.);
#1759 = EDGE_CURVE('',#1669,#1709,#1760,.T.);
#1760 = LINE('',#1761,#1762);
#1761 = CARTESIAN_POINT('',(29.775,14.925,1.635));
#1762 = VECTOR('',#1763,1.);
#1763 = DIRECTION('',(1.,0.,0.));
#1764 = ORIENTED_EDGE('',*,*,#1708,.F.);
#1765 = PLANE('',#1766);
#1766 = AXIS2_PLACEMENT_3D('',#1767,#1768,#1769);
#1767 = CARTESIAN_POINT('',(29.775,14.925,1.6));
#1768 = DIRECTION('',(0.,1.,0.));
#1769 = DIRECTION('',(0.,0.,1.));
#1770 = ADVANCED_FACE('',(#1771),#1777,.F.);
#1771 = FACE_BOUND('',#1772,.F.);
#1772 = EDGE_LOOP('',(#1773,#1774,#1775,#1776));
#1773 = ORIENTED_EDGE('',*,*,#1660,.F.);
#1774 = ORIENTED_EDGE('',*,*,#1730,.T.);
#1775 = ORIENTED_EDGE('',*,*,#1700,.T.);
#1776 = ORIENTED_EDGE('',*,*,#1752,.F.);
#1777 = PLANE('',#1778);
#1778 = AXIS2_PLACEMENT_3D('',#1779,#1780,#1781);
#1779 = CARTESIAN_POINT('',(29.775,14.575,1.6));
#1780 = DIRECTION('',(0.,0.,1.));
#1781 = DIRECTION('',(1.,0.,0.));
#1782 = ADVANCED_FACE('',(#1783),#1789,.T.);
#1783 = FACE_BOUND('',#1784,.T.);
#1784 = EDGE_LOOP('',(#1785,#1786,#1787,#1788));
#1785 = ORIENTED_EDGE('',*,*,#1676,.F.);
#1786 = ORIENTED_EDGE('',*,*,#1737,.T.);
#1787 = ORIENTED_EDGE('',*,*,#1716,.T.);
#1788 = ORIENTED_EDGE('',*,*,#1759,.F.);
#1789 = PLANE('',#1790);
#1790 = AXIS2_PLACEMENT_3D('',#1791,#1792,#1793);
#1791 = CARTESIAN_POINT('',(29.775,14.575,1.635));
#1792 = DIRECTION('',(0.,0.,1.));
#1793 = DIRECTION('',(1.,0.,0.));
#1794 = MANIFOLD_SOLID_BREP('',#1795);
#1795 = CLOSED_SHELL('',(#1796,#1836,#1876,#1898,#1920,#1932));
#1796 = ADVANCED_FACE('',(#1797),#1831,.F.);
#1797 = FACE_BOUND('',#1798,.F.);
#1798 = EDGE_LOOP('',(#1799,#1809,#1817,#1825));
#1799 = ORIENTED_EDGE('',*,*,#1800,.F.);
#1800 = EDGE_CURVE('',#1801,#1803,#1805,.T.);
#1801 = VERTEX_POINT('',#1802);
#1802 = CARTESIAN_POINT('',(29.775,15.075,1.6));
#1803 = VERTEX_POINT('',#1804);
#1804 = CARTESIAN_POINT('',(29.775,15.075,1.635));
#1805 = LINE('',#1806,#1807);
#1806 = CARTESIAN_POINT('',(29.775,15.075,1.6));
#1807 = VECTOR('',#1808,1.);
#1808 = DIRECTION('',(0.,0.,1.));
#1809 = ORIENTED_EDGE('',*,*,#1810,.T.);
#1810 = EDGE_CURVE('',#1801,#1811,#1813,.T.);
#1811 = VERTEX_POINT('',#1812);
#1812 = CARTESIAN_POINT('',(29.775,15.425,1.6));
#1813 = LINE('',#1814,#1815);
#1814 = CARTESIAN_POINT('',(29.775,15.075,1.6));
#1815 = VECTOR('',#1816,1.);
#1816 = DIRECTION('',(0.,1.,0.));
#1817 = ORIENTED_EDGE('',*,*,#1818,.T.);
#1818 = EDGE_CURVE('',#1811,#1819,#1821,.T.);
#1819 = VERTEX_POINT('',#1820);
#1820 = CARTESIAN_POINT('',(29.775,15.425,1.635));
#1821 = LINE('',#1822,#1823);
#1822 = CARTESIAN_POINT('',(29.775,15.425,1.6));
#1823 = VECTOR('',#1824,1.);
#1824 = DIRECTION('',(0.,0.,1.));
#1825 = ORIENTED_EDGE('',*,*,#1826,.F.);
#1826 = EDGE_CURVE('',#1803,#1819,#1827,.T.);
#1827 = LINE('',#1828,#1829);
#1828 = CARTESIAN_POINT('',(29.775,15.075,1.635));
#1829 = VECTOR('',#1830,1.);
#1830 = DIRECTION('',(0.,1.,0.));
#1831 = PLANE('',#1832);
#1832 = AXIS2_PLACEMENT_3D('',#1833,#1834,#1835);
#1833 = CARTESIAN_POINT('',(29.775,15.075,1.6));
#1834 = DIRECTION('',(1.,0.,0.));
#1835 = DIRECTION('',(0.,0.,1.));
#1836 = ADVANCED_FACE('',(#1837),#1871,.T.);
#1837 = FACE_BOUND('',#1838,.T.);
#1838 = EDGE_LOOP('',(#1839,#1849,#1857,#1865));
#1839 = ORIENTED_EDGE('',*,*,#1840,.F.);
#1840 = EDGE_CURVE('',#1841,#1843,#1845,.T.);
#1841 = VERTEX_POINT('',#1842);
#1842 = CARTESIAN_POINT('',(31.025,15.075,1.6));
#1843 = VERTEX_POINT('',#1844);
#1844 = CARTESIAN_POINT('',(31.025,15.075,1.635));
#1845 = LINE('',#1846,#1847);
#1846 = CARTESIAN_POINT('',(31.025,15.075,1.6));
#1847 = VECTOR('',#1848,1.);
#1848 = DIRECTION('',(0.,0.,1.));
#1849 = ORIENTED_EDGE('',*,*,#1850,.T.);
#1850 = EDGE_CURVE('',#1841,#1851,#1853,.T.);
#1851 = VERTEX_POINT('',#1852);
#1852 = CARTESIAN_POINT('',(31.025,15.425,1.6));
#1853 = LINE('',#1854,#1855);
#1854 = CARTESIAN_POINT('',(31.025,15.075,1.6));
#1855 = VECTOR('',#1856,1.);
#1856 = DIRECTION('',(0.,1.,0.));
#1857 = ORIENTED_EDGE('',*,*,#1858,.T.);
#1858 = EDGE_CURVE('',#1851,#1859,#1861,.T.);
#1859 = VERTEX_POINT('',#1860);
#1860 = CARTESIAN_POINT('',(31.025,15.425,1.635));
#1861 = LINE('',#1862,#1863);
#1862 = CARTESIAN_POINT('',(31.025,15.425,1.6));
#1863 = VECTOR('',#1864,1.);
#1864 = DIRECTION('',(0.,0.,1.));
#1865 = ORIENTED_EDGE('',*,*,#1866,.F.);
#1866 = EDGE_CURVE('',#1843,#1859,#1867,.T.);
#1867 = LINE('',#1868,#1869);
#1868 = CARTESIAN_POINT('',(31.025,15.075,1.635));
#1869 = VECTOR('',#1870,1.);
#1870 = DIRECTION('',(0.,1.,0.));
#1871 = PLANE('',#1872);
#1872 = AXIS2_PLACEMENT_3D('',#1873,#1874,#1875);
#1873 = CARTESIAN_POINT('',(31.025,15.075,1.6));
#1874 = DIRECTION('',(1.,0.,0.));
#1875 = DIRECTION('',(0.,0.,1.));
#1876 = ADVANCED_FACE('',(#1877),#1893,.F.);
#1877 = FACE_BOUND('',#1878,.F.);
#1878 = EDGE_LOOP('',(#1879,#1885,#1886,#1892));
#1879 = ORIENTED_EDGE('',*,*,#1880,.F.);
#1880 = EDGE_CURVE('',#1801,#1841,#1881,.T.);
#1881 = LINE('',#1882,#1883);
#1882 = CARTESIAN_POINT('',(29.775,15.075,1.6));
#1883 = VECTOR('',#1884,1.);
#1884 = DIRECTION('',(1.,0.,0.));
#1885 = ORIENTED_EDGE('',*,*,#1800,.T.);
#1886 = ORIENTED_EDGE('',*,*,#1887,.T.);
#1887 = EDGE_CURVE('',#1803,#1843,#1888,.T.);
#1888 = LINE('',#1889,#1890);
#1889 = CARTESIAN_POINT('',(29.775,15.075,1.635));
#1890 = VECTOR('',#1891,1.);
#1891 = DIRECTION('',(1.,0.,0.));
#1892 = ORIENTED_EDGE('',*,*,#1840,.F.);
#1893 = PLANE('',#1894);
#1894 = AXIS2_PLACEMENT_3D('',#1895,#1896,#1897);
#1895 = CARTESIAN_POINT('',(29.775,15.075,1.6));
#1896 = DIRECTION('',(0.,1.,0.));
#1897 = DIRECTION('',(0.,0.,1.));
#1898 = ADVANCED_FACE('',(#1899),#1915,.T.);
#1899 = FACE_BOUND('',#1900,.T.);
#1900 = EDGE_LOOP('',(#1901,#1907,#1908,#1914));
#1901 = ORIENTED_EDGE('',*,*,#1902,.F.);
#1902 = EDGE_CURVE('',#1811,#1851,#1903,.T.);
#1903 = LINE('',#1904,#1905);
#1904 = CARTESIAN_POINT('',(29.775,15.425,1.6));
#1905 = VECTOR('',#1906,1.);
#1906 = DIRECTION('',(1.,0.,0.));
#1907 = ORIENTED_EDGE('',*,*,#1818,.T.);
#1908 = ORIENTED_EDGE('',*,*,#1909,.T.);
#1909 = EDGE_CURVE('',#1819,#1859,#1910,.T.);
#1910 = LINE('',#1911,#1912);
#1911 = CARTESIAN_POINT('',(29.775,15.425,1.635));
#1912 = VECTOR('',#1913,1.);
#1913 = DIRECTION('',(1.,0.,0.));
#1914 = ORIENTED_EDGE('',*,*,#1858,.F.);
#1915 = PLANE('',#1916);
#1916 = AXIS2_PLACEMENT_3D('',#1917,#1918,#1919);
#1917 = CARTESIAN_POINT('',(29.775,15.425,1.6));
#1918 = DIRECTION('',(0.,1.,0.));
#1919 = DIRECTION('',(0.,0.,1.));
#1920 = ADVANCED_FACE('',(#1921),#1927,.F.);
#1921 = FACE_BOUND('',#1922,.F.);
#1922 = EDGE_LOOP('',(#1923,#1924,#1925,#1926));
#1923 = ORIENTED_EDGE('',*,*,#1810,.F.);
#1924 = ORIENTED_EDGE('',*,*,#1880,.T.);
#1925 = ORIENTED_EDGE('',*,*,#1850,.T.);
#1926 = ORIENTED_EDGE('',*,*,#1902,.F.);
#1927 = PLANE('',#1928);
#1928 = AXIS2_PLACEMENT_3D('',#1929,#1930,#1931);
#1929 = CARTESIAN_POINT('',(29.775,15.075,1.6));
#1930 = DIRECTION('',(0.,0.,1.));
#1931 = DIRECTION('',(1.,0.,0.));
#1932 = ADVANCED_FACE('',(#1933),#1939,.T.);
#1933 = FACE_BOUND('',#1934,.T.);
#1934 = EDGE_LOOP('',(#1935,#1936,#1937,#1938));
#1935 = ORIENTED_EDGE('',*,*,#1826,.F.);
#1936 = ORIENTED_EDGE('',*,*,#1887,.T.);
#1937 = ORIENTED_EDGE('',*,*,#1866,.T.);
#1938 = ORIENTED_EDGE('',*,*,#1909,.F.);
#1939 = PLANE('',#1940);
#1940 = AXIS2_PLACEMENT_3D('',#1941,#1942,#1943);
#1941 = CARTESIAN_POINT('',(29.775,15.075,1.635));
#1942 = DIRECTION('',(0.,0.,1.));
#1943 = DIRECTION('',(1.,0.,0.));
#1944 = MANIFOLD_SOLID_BREP('',#1945);
#1945 = CLOSED_SHELL('',(#1946,#1986,#2026,#2048,#2070,#2082));
#1946 = ADVANCED_FACE('',(#1947),#1981,.F.);
#1947 = FACE_BOUND('',#1948,.F.);
#1948 = EDGE_LOOP('',(#1949,#1959,#1967,#1975));
#1949 = ORIENTED_EDGE('',*,*,#1950,.F.);
#1950 = EDGE_CURVE('',#1951,#1953,#1955,.T.);
#1951 = VERTEX_POINT('',#1952);
#1952 = CARTESIAN_POINT('',(29.775,15.575,1.6));
#1953 = VERTEX_POINT('',#1954);
#1954 = CARTESIAN_POINT('',(29.775,15.575,1.635));
#1955 = LINE('',#1956,#1957);
#1956 = CARTESIAN_POINT('',(29.775,15.575,1.6));
#1957 = VECTOR('',#1958,1.);
#1958 = DIRECTION('',(0.,0.,1.));
#1959 = ORIENTED_EDGE('',*,*,#1960,.T.);
#1960 = EDGE_CURVE('',#1951,#1961,#1963,.T.);
#1961 = VERTEX_POINT('',#1962);
#1962 = CARTESIAN_POINT('',(29.775,15.925,1.6));
#1963 = LINE('',#1964,#1965);
#1964 = CARTESIAN_POINT('',(29.775,15.575,1.6));
#1965 = VECTOR('',#1966,1.);
#1966 = DIRECTION('',(0.,1.,0.));
#1967 = ORIENTED_EDGE('',*,*,#1968,.T.);
#1968 = EDGE_CURVE('',#1961,#1969,#1971,.T.);
#1969 = VERTEX_POINT('',#1970);
#1970 = CARTESIAN_POINT('',(29.775,15.925,1.635));
#1971 = LINE('',#1972,#1973);
#1972 = CARTESIAN_POINT('',(29.775,15.925,1.6));
#1973 = VECTOR('',#1974,1.);
#1974 = DIRECTION('',(0.,0.,1.));
#1975 = ORIENTED_EDGE('',*,*,#1976,.F.);
#1976 = EDGE_CURVE('',#1953,#1969,#1977,.T.);
#1977 = LINE('',#1978,#1979);
#1978 = CARTESIAN_POINT('',(29.775,15.575,1.635));
#1979 = VECTOR('',#1980,1.);
#1980 = DIRECTION('',(0.,1.,0.));
#1981 = PLANE('',#1982);
#1982 = AXIS2_PLACEMENT_3D('',#1983,#1984,#1985);
#1983 = CARTESIAN_POINT('',(29.775,15.575,1.6));
#1984 = DIRECTION('',(1.,0.,0.));
#1985 = DIRECTION('',(0.,0.,1.));
#1986 = ADVANCED_FACE('',(#1987),#2021,.T.);
#1987 = FACE_BOUND('',#1988,.T.);
#1988 = EDGE_LOOP('',(#1989,#1999,#2007,#2015));
#1989 = ORIENTED_EDGE('',*,*,#1990,.F.);
#1990 = EDGE_CURVE('',#1991,#1993,#1995,.T.);
#1991 = VERTEX_POINT('',#1992);
#1992 = CARTESIAN_POINT('',(31.025,15.575,1.6));
#1993 = VERTEX_POINT('',#1994);
#1994 = CARTESIAN_POINT('',(31.025,15.575,1.635));
#1995 = LINE('',#1996,#1997);
#1996 = CARTESIAN_POINT('',(31.025,15.575,1.6));
#1997 = VECTOR('',#1998,1.);
#1998 = DIRECTION('',(0.,0.,1.));
#1999 = ORIENTED_EDGE('',*,*,#2000,.T.);
#2000 = EDGE_CURVE('',#1991,#2001,#2003,.T.);
#2001 = VERTEX_POINT('',#2002);
#2002 = CARTESIAN_POINT('',(31.025,15.925,1.6));
#2003 = LINE('',#2004,#2005);
#2004 = CARTESIAN_POINT('',(31.025,15.575,1.6));
#2005 = VECTOR('',#2006,1.);
#2006 = DIRECTION('',(0.,1.,0.));
#2007 = ORIENTED_EDGE('',*,*,#2008,.T.);
#2008 = EDGE_CURVE('',#2001,#2009,#2011,.T.);
#2009 = VERTEX_POINT('',#2010);
#2010 = CARTESIAN_POINT('',(31.025,15.925,1.635));
#2011 = LINE('',#2012,#2013);
#2012 = CARTESIAN_POINT('',(31.025,15.925,1.6));
#2013 = VECTOR('',#2014,1.);
#2014 = DIRECTION('',(0.,0.,1.));
#2015 = ORIENTED_EDGE('',*,*,#2016,.F.);
#2016 = EDGE_CURVE('',#1993,#2009,#2017,.T.);
#2017 = LINE('',#2018,#2019);
#2018 = CARTESIAN_POINT('',(31.025,15.575,1.635));
#2019 = VECTOR('',#2020,1.);
#2020 = DIRECTION('',(0.,1.,0.));
#2021 = PLANE('',#2022);
#2022 = AXIS2_PLACEMENT_3D('',#2023,#2024,#2025);
#2023 = CARTESIAN_POINT('',(31.025,15.575,1.6));
#2024 = DIRECTION('',(1.,0.,0.));
#2025 = DIRECTION('',(0.,0.,1.));
#2026 = ADVANCED_FACE('',(#2027),#2043,.F.);
#2027 = FACE_BOUND('',#2028,.F.);
#2028 = EDGE_LOOP('',(#2029,#2035,#2036,#2042));
#2029 = ORIENTED_EDGE('',*,*,#2030,.F.);
#2030 = EDGE_CURVE('',#1951,#1991,#2031,.T.);
#2031 = LINE('',#2032,#2033);
#2032 = CARTESIAN_POINT('',(29.775,15.575,1.6));
#2033 = VECTOR('',#2034,1.);
#2034 = DIRECTION('',(1.,0.,0.));
#2035 = ORIENTED_EDGE('',*,*,#1950,.T.);
#2036 = ORIENTED_EDGE('',*,*,#2037,.T.);
#2037 = EDGE_CURVE('',#1953,#1993,#2038,.T.);
#2038 = LINE('',#2039,#2040);
#2039 = CARTESIAN_POINT('',(29.775,15.575,1.635));
#2040 = VECTOR('',#2041,1.);
#2041 = DIRECTION('',(1.,0.,0.));
#2042 = ORIENTED_EDGE('',*,*,#1990,.F.);
#2043 = PLANE('',#2044);
#2044 = AXIS2_PLACEMENT_3D('',#2045,#2046,#2047);
#2045 = CARTESIAN_POINT('',(29.775,15.575,1.6));
#2046 = DIRECTION('',(0.,1.,0.));
#2047 = DIRECTION('',(0.,0.,1.));
#2048 = ADVANCED_FACE('',(#2049),#2065,.T.);
#2049 = FACE_BOUND('',#2050,.T.);
#2050 = EDGE_LOOP('',(#2051,#2057,#2058,#2064));
#2051 = ORIENTED_EDGE('',*,*,#2052,.F.);
#2052 = EDGE_CURVE('',#1961,#2001,#2053,.T.);
#2053 = LINE('',#2054,#2055);
#2054 = CARTESIAN_POINT('',(29.775,15.925,1.6));
#2055 = VECTOR('',#2056,1.);
#2056 = DIRECTION('',(1.,0.,0.));
#2057 = ORIENTED_EDGE('',*,*,#1968,.T.);
#2058 = ORIENTED_EDGE('',*,*,#2059,.T.);
#2059 = EDGE_CURVE('',#1969,#2009,#2060,.T.);
#2060 = LINE('',#2061,#2062);
#2061 = CARTESIAN_POINT('',(29.775,15.925,1.635));
#2062 = VECTOR('',#2063,1.);
#2063 = DIRECTION('',(1.,0.,0.));
#2064 = ORIENTED_EDGE('',*,*,#2008,.F.);
#2065 = PLANE('',#2066);
#2066 = AXIS2_PLACEMENT_3D('',#2067,#2068,#2069);
#2067 = CARTESIAN_POINT('',(29.775,15.925,1.6));
#2068 = DIRECTION('',(0.,1.,0.));
#2069 = DIRECTION('',(0.,0.,1.));
#2070 = ADVANCED_FACE('',(#2071),#2077,.F.);
#2071 = FACE_BOUND('',#2072,.F.);
#2072 = EDGE_LOOP('',(#2073,#2074,#2075,#2076));
#2073 = ORIENTED_EDGE('',*,*,#1960,.F.);
#2074 = ORIENTED_EDGE('',*,*,#2030,.T.);
#2075 = ORIENTED_EDGE('',*,*,#2000,.T.);
#2076 = ORIENTED_EDGE('',*,*,#2052,.F.);
#2077 = PLANE('',#2078);
#2078 = AXIS2_PLACEMENT_3D('',#2079,#2080,#2081);
#2079 = CARTESIAN_POINT('',(29.775,15.575,1.6));
#2080 = DIRECTION('',(0.,0.,1.));
#2081 = DIRECTION('',(1.,0.,0.));
#2082 = ADVANCED_FACE('',(#2083),#2089,.T.);
#2083 = FACE_BOUND('',#2084,.T.);
#2084 = EDGE_LOOP('',(#2085,#2086,#2087,#2088));
#2085 = ORIENTED_EDGE('',*,*,#1976,.F.);
#2086 = ORIENTED_EDGE('',*,*,#2037,.T.);
#2087 = ORIENTED_EDGE('',*,*,#2016,.T.);
#2088 = ORIENTED_EDGE('',*,*,#2059,.F.);
#2089 = PLANE('',#2090);
#2090 = AXIS2_PLACEMENT_3D('',#2091,#2092,#2093);
#2091 = CARTESIAN_POINT('',(29.775,15.575,1.635));
#2092 = DIRECTION('',(0.,0.,1.));
#2093 = DIRECTION('',(1.,0.,0.));
#2094 = MANIFOLD_SOLID_BREP('',#2095);
#2095 = CLOSED_SHELL('',(#2096,#2136,#2176,#2198,#2220,#2232));
#2096 = ADVANCED_FACE('',(#2097),#2131,.F.);
#2097 = FACE_BOUND('',#2098,.F.);
#2098 = EDGE_LOOP('',(#2099,#2109,#2117,#2125));
#2099 = ORIENTED_EDGE('',*,*,#2100,.F.);
#2100 = EDGE_CURVE('',#2101,#2103,#2105,.T.);
#2101 = VERTEX_POINT('',#2102);
#2102 = CARTESIAN_POINT('',(26.15,29.55,1.6));
#2103 = VERTEX_POINT('',#2104);
#2104 = CARTESIAN_POINT('',(26.15,29.55,2.5));
#2105 = LINE('',#2106,#2107);
#2106 = CARTESIAN_POINT('',(26.15,29.55,1.6));
#2107 = VECTOR('',#2108,1.);
#2108 = DIRECTION('',(0.,0.,1.));
#2109 = ORIENTED_EDGE('',*,*,#2110,.T.);
#2110 = EDGE_CURVE('',#2101,#2111,#2113,.T.);
#2111 = VERTEX_POINT('',#2112);
#2112 = CARTESIAN_POINT('',(26.15,30.45,1.6));
#2113 = LINE('',#2114,#2115);
#2114 = CARTESIAN_POINT('',(26.15,29.55,1.6));
#2115 = VECTOR('',#2116,1.);
#2116 = DIRECTION('',(0.,1.,0.));
#2117 = ORIENTED_EDGE('',*,*,#2118,.T.);
#2118 = EDGE_CURVE('',#2111,#2119,#2121,.T.);
#2119 = VERTEX_POINT('',#2120);
#2120 = CARTESIAN_POINT('',(26.15,30.45,2.5));
#2121 = LINE('',#2122,#2123);
#2122 = CARTESIAN_POINT('',(26.15,30.45,1.6));
#2123 = VECTOR('',#2124,1.);
#2124 = DIRECTION('',(0.,0.,1.));
#2125 = ORIENTED_EDGE('',*,*,#2126,.F.);
#2126 = EDGE_CURVE('',#2103,#2119,#2127,.T.);
#2127 = LINE('',#2128,#2129);
#2128 = CARTESIAN_POINT('',(26.15,29.55,2.5));
#2129 = VECTOR('',#2130,1.);
#2130 = DIRECTION('',(0.,1.,0.));
#2131 = PLANE('',#2132);
#2132 = AXIS2_PLACEMENT_3D('',#2133,#2134,#2135);
#2133 = CARTESIAN_POINT('',(26.15,29.55,1.6));
#2134 = DIRECTION('',(1.,0.,0.));
#2135 = DIRECTION('',(0.,0.,1.));
#2136 = ADVANCED_FACE('',(#2137),#2171,.T.);
#2137 = FACE_BOUND('',#2138,.T.);
#2138 = EDGE_LOOP('',(#2139,#2149,#2157,#2165));
#2139 = ORIENTED_EDGE('',*,*,#2140,.F.);
#2140 = EDGE_CURVE('',#2141,#2143,#2145,.T.);
#2141 = VERTEX_POINT('',#2142);
#2142 = CARTESIAN_POINT('',(27.85,29.55,1.6));
#2143 = VERTEX_POINT('',#2144);
#2144 = CARTESIAN_POINT('',(27.85,29.55,2.5));
#2145 = LINE('',#2146,#2147);
#2146 = CARTESIAN_POINT('',(27.85,29.55,1.6));
#2147 = VECTOR('',#2148,1.);
#2148 = DIRECTION('',(0.,0.,1.));
#2149 = ORIENTED_EDGE('',*,*,#2150,.T.);
#2150 = EDGE_CURVE('',#2141,#2151,#2153,.T.);
#2151 = VERTEX_POINT('',#2152);
#2152 = CARTESIAN_POINT('',(27.85,30.45,1.6));
#2153 = LINE('',#2154,#2155);
#2154 = CARTESIAN_POINT('',(27.85,29.55,1.6));
#2155 = VECTOR('',#2156,1.);
#2156 = DIRECTION('',(0.,1.,0.));
#2157 = ORIENTED_EDGE('',*,*,#2158,.T.);
#2158 = EDGE_CURVE('',#2151,#2159,#2161,.T.);
#2159 = VERTEX_POINT('',#2160);
#2160 = CARTESIAN_POINT('',(27.85,30.45,2.5));
#2161 = LINE('',#2162,#2163);
#2162 = CARTESIAN_POINT('',(27.85,30.45,1.6));
#2163 = VECTOR('',#2164,1.);
#2164 = DIRECTION('',(0.,0.,1.));
#2165 = ORIENTED_EDGE('',*,*,#2166,.F.);
#2166 = EDGE_CURVE('',#2143,#2159,#2167,.T.);
#2167 = LINE('',#2168,#2169);
#2168 = CARTESIAN_POINT('',(27.85,29.55,2.5));
#2169 = VECTOR('',#2170,1.);
#2170 = DIRECTION('',(0.,1.,0.));
#2171 = PLANE('',#2172);
#2172 = AXIS2_PLACEMENT_3D('',#2173,#2174,#2175);
#2173 = CARTESIAN_POINT('',(27.85,29.55,1.6));
#2174 = DIRECTION('',(1.,0.,0.));
#2175 = DIRECTION('',(0.,0.,1.));
#2176 = ADVANCED_FACE('',(#2177),#2193,.F.);
#2177 = FACE_BOUND('',#2178,.F.);
#2178 = EDGE_LOOP('',(#2179,#2185,#2186,#2192));
#2179 = ORIENTED_EDGE('',*,*,#2180,.F.);
#2180 = EDGE_CURVE('',#2101,#2141,#2181,.T.);
#2181 = LINE('',#2182,#2183);
#2182 = CARTESIAN_POINT('',(26.15,29.55,1.6));
#2183 = VECTOR('',#2184,1.);
#2184 = DIRECTION('',(1.,0.,0.));
#2185 = ORIENTED_EDGE('',*,*,#2100,.T.);
#2186 = ORIENTED_EDGE('',*,*,#2187,.T.);
#2187 = EDGE_CURVE('',#2103,#2143,#2188,.T.);
#2188 = LINE('',#2189,#2190);
#2189 = CARTESIAN_POINT('',(26.15,29.55,2.5));
#2190 = VECTOR('',#2191,1.);
#2191 = DIRECTION('',(1.,0.,0.));
#2192 = ORIENTED_EDGE('',*,*,#2140,.F.);
#2193 = PLANE('',#2194);
#2194 = AXIS2_PLACEMENT_3D('',#2195,#2196,#2197);
#2195 = CARTESIAN_POINT('',(26.15,29.55,1.6));
#2196 = DIRECTION('',(0.,1.,0.));
#2197 = DIRECTION('',(0.,0.,1.));
#2198 = ADVANCED_FACE('',(#2199),#2215,.T.);
#2199 = FACE_BOUND('',#2200,.T.);
#2200 = EDGE_LOOP('',(#2201,#2207,#2208,#2214));
#2201 = ORIENTED_EDGE('',*,*,#2202,.F.);
#2202 = EDGE_CURVE('',#2111,#2151,#2203,.T.);
#2203 = LINE('',#2204,#2205);
#2204 = CARTESIAN_POINT('',(26.15,30.45,1.6));
#2205 = VECTOR('',#2206,1.);
#2206 = DIRECTION('',(1.,0.,0.));
#2207 = ORIENTED_EDGE('',*,*,#2118,.T.);
#2208 = ORIENTED_EDGE('',*,*,#2209,.T.);
#2209 = EDGE_CURVE('',#2119,#2159,#2210,.T.);
#2210 = LINE('',#2211,#2212);
#2211 = CARTESIAN_POINT('',(26.15,30.45,2.5));
#2212 = VECTOR('',#2213,1.);
#2213 = DIRECTION('',(1.,0.,0.));
#2214 = ORIENTED_EDGE('',*,*,#2158,.F.);
#2215 = PLANE('',#2216);
#2216 = AXIS2_PLACEMENT_3D('',#2217,#2218,#2219);
#2217 = CARTESIAN_POINT('',(26.15,30.45,1.6));
#2218 = DIRECTION('',(0.,1.,0.));
#2219 = DIRECTION('',(0.,0.,1.));
#2220 = ADVANCED_FACE('',(#2221),#2227,.F.);
#2221 = FACE_BOUND('',#2222,.F.);
#2222 = EDGE_LOOP('',(#2223,#2224,#2225,#2226));
#2223 = ORIENTED_EDGE('',*,*,#2110,.F.);
#2224 = ORIENTED_EDGE('',*,*,#2180,.T.);
#2225 = ORIENTED_EDGE('',*,*,#2150,.T.);
#2226 = ORIENTED_EDGE('',*,*,#2202,.F.);
#2227 = PLANE('',#2228);
#2228 = AXIS2_PLACEMENT_3D('',#2229,#2230,#2231);
#2229 = CARTESIAN_POINT('',(26.15,29.55,1.6));
#2230 = DIRECTION('',(0.,0.,1.));
#2231 = DIRECTION('',(1.,0.,0.));
#2232 = ADVANCED_FACE('',(#2233),#2239,.T.);
#2233 = FACE_BOUND('',#2234,.T.);
#2234 = EDGE_LOOP('',(#2235,#2236,#2237,#2238));
#2235 = ORIENTED_EDGE('',*,*,#2126,.F.);
#2236 = ORIENTED_EDGE('',*,*,#2187,.T.);
#2237 = ORIENTED_EDGE('',*,*,#2166,.T.);
#2238 = ORIENTED_EDGE('',*,*,#2209,.F.);
#2239 = PLANE('',#2240);
#2240 = AXIS2_PLACEMENT_3D('',#2241,#2242,#2243);
#2241 = CARTESIAN_POINT('',(26.15,29.55,2.5));
#2242 = DIRECTION('',(0.,0.,1.));
#2243 = DIRECTION('',(1.,0.,0.));
#2244 = MANIFOLD_SOLID_BREP('',#2245);
#2245 = CLOSED_SHELL('',(#2246,#2286,#2326,#2348,#2370,#2382));
#2246 = ADVANCED_FACE('',(#2247),#2281,.F.);
#2247 = FACE_BOUND('',#2248,.F.);
#2248 = EDGE_LOOP('',(#2249,#2259,#2267,#2275));
#2249 = ORIENTED_EDGE('',*,*,#2250,.F.);
#2250 = EDGE_CURVE('',#2251,#2253,#2255,.T.);
#2251 = VERTEX_POINT('',#2252);
#2252 = CARTESIAN_POINT('',(25.775,29.525,1.6));
#2253 = VERTEX_POINT('',#2254);
#2254 = CARTESIAN_POINT('',(25.775,29.525,1.635));
#2255 = LINE('',#2256,#2257);
#2256 = CARTESIAN_POINT('',(25.775,29.525,1.6));
#2257 = VECTOR('',#2258,1.);
#2258 = DIRECTION('',(0.,0.,1.));
#2259 = ORIENTED_EDGE('',*,*,#2260,.T.);
#2260 = EDGE_CURVE('',#2251,#2261,#2263,.T.);
#2261 = VERTEX_POINT('',#2262);
#2262 = CARTESIAN_POINT('',(25.775,30.475,1.6));
#2263 = LINE('',#2264,#2265);
#2264 = CARTESIAN_POINT('',(25.775,29.525,1.6));
#2265 = VECTOR('',#2266,1.);
#2266 = DIRECTION('',(0.,1.,0.));
#2267 = ORIENTED_EDGE('',*,*,#2268,.T.);
#2268 = EDGE_CURVE('',#2261,#2269,#2271,.T.);
#2269 = VERTEX_POINT('',#2270);
#2270 = CARTESIAN_POINT('',(25.775,30.475,1.635));
#2271 = LINE('',#2272,#2273);
#2272 = CARTESIAN_POINT('',(25.775,30.475,1.6));
#2273 = VECTOR('',#2274,1.);
#2274 = DIRECTION('',(0.,0.,1.));
#2275 = ORIENTED_EDGE('',*,*,#2276,.F.);
#2276 = EDGE_CURVE('',#2253,#2269,#2277,.T.);
#2277 = LINE('',#2278,#2279);
#2278 = CARTESIAN_POINT('',(25.775,29.525,1.635));
#2279 = VECTOR('',#2280,1.);
#2280 = DIRECTION('',(0.,1.,0.));
#2281 = PLANE('',#2282);
#2282 = AXIS2_PLACEMENT_3D('',#2283,#2284,#2285);
#2283 = CARTESIAN_POINT('',(25.775,29.525,1.6));
#2284 = DIRECTION('',(1.,0.,0.));
#2285 = DIRECTION('',(0.,0.,1.));
#2286 = ADVANCED_FACE('',(#2287),#2321,.T.);
#2287 = FACE_BOUND('',#2288,.T.);
#2288 = EDGE_LOOP('',(#2289,#2299,#2307,#2315));
#2289 = ORIENTED_EDGE('',*,*,#2290,.F.);
#2290 = EDGE_CURVE('',#2291,#2293,#2295,.T.);
#2291 = VERTEX_POINT('',#2292);
#2292 = CARTESIAN_POINT('',(26.675,29.525,1.6));
#2293 = VERTEX_POINT('',#2294);
#2294 = CARTESIAN_POINT('',(26.675,29.525,1.635));
#2295 = LINE('',#2296,#2297);
#2296 = CARTESIAN_POINT('',(26.675,29.525,1.6));
#2297 = VECTOR('',#2298,1.);
#2298 = DIRECTION('',(0.,0.,1.));
#2299 = ORIENTED_EDGE('',*,*,#2300,.T.);
#2300 = EDGE_CURVE('',#2291,#2301,#2303,.T.);
#2301 = VERTEX_POINT('',#2302);
#2302 = CARTESIAN_POINT('',(26.675,30.475,1.6));
#2303 = LINE('',#2304,#2305);
#2304 = CARTESIAN_POINT('',(26.675,29.525,1.6));
#2305 = VECTOR('',#2306,1.);
#2306 = DIRECTION('',(0.,1.,0.));
#2307 = ORIENTED_EDGE('',*,*,#2308,.T.);
#2308 = EDGE_CURVE('',#2301,#2309,#2311,.T.);
#2309 = VERTEX_POINT('',#2310);
#2310 = CARTESIAN_POINT('',(26.675,30.475,1.635));
#2311 = LINE('',#2312,#2313);
#2312 = CARTESIAN_POINT('',(26.675,30.475,1.6));
#2313 = VECTOR('',#2314,1.);
#2314 = DIRECTION('',(0.,0.,1.));
#2315 = ORIENTED_EDGE('',*,*,#2316,.F.);
#2316 = EDGE_CURVE('',#2293,#2309,#2317,.T.);
#2317 = LINE('',#2318,#2319);
#2318 = CARTESIAN_POINT('',(26.675,29.525,1.635));
#2319 = VECTOR('',#2320,1.);
#2320 = DIRECTION('',(0.,1.,0.));
#2321 = PLANE('',#2322);
#2322 = AXIS2_PLACEMENT_3D('',#2323,#2324,#2325);
#2323 = CARTESIAN_POINT('',(26.675,29.525,1.6));
#2324 = DIRECTION('',(1.,0.,0.));
#2325 = DIRECTION('',(0.,0.,1.));
#2326 = ADVANCED_FACE('',(#2327),#2343,.F.);
#2327 = FACE_BOUND('',#2328,.F.);
#2328 = EDGE_LOOP('',(#2329,#2335,#2336,#2342));
#2329 = ORIENTED_EDGE('',*,*,#2330,.F.);
#2330 = EDGE_CURVE('',#2251,#2291,#2331,.T.);
#2331 = LINE('',#2332,#2333);
#2332 = CARTESIAN_POINT('',(25.775,29.525,1.6));
#2333 = VECTOR('',#2334,1.);
#2334 = DIRECTION('',(1.,0.,0.));
#2335 = ORIENTED_EDGE('',*,*,#2250,.T.);
#2336 = ORIENTED_EDGE('',*,*,#2337,.T.);
#2337 = EDGE_CURVE('',#2253,#2293,#2338,.T.);
#2338 = LINE('',#2339,#2340);
#2339 = CARTESIAN_POINT('',(25.775,29.525,1.635));
#2340 = VECTOR('',#2341,1.);
#2341 = DIRECTION('',(1.,0.,0.));
#2342 = ORIENTED_EDGE('',*,*,#2290,.F.);
#2343 = PLANE('',#2344);
#2344 = AXIS2_PLACEMENT_3D('',#2345,#2346,#2347);
#2345 = CARTESIAN_POINT('',(25.775,29.525,1.6));
#2346 = DIRECTION('',(0.,1.,0.));
#2347 = DIRECTION('',(0.,0.,1.));
#2348 = ADVANCED_FACE('',(#2349),#2365,.T.);
#2349 = FACE_BOUND('',#2350,.T.);
#2350 = EDGE_LOOP('',(#2351,#2357,#2358,#2364));
#2351 = ORIENTED_EDGE('',*,*,#2352,.F.);
#2352 = EDGE_CURVE('',#2261,#2301,#2353,.T.);
#2353 = LINE('',#2354,#2355);
#2354 = CARTESIAN_POINT('',(25.775,30.475,1.6));
#2355 = VECTOR('',#2356,1.);
#2356 = DIRECTION('',(1.,0.,0.));
#2357 = ORIENTED_EDGE('',*,*,#2268,.T.);
#2358 = ORIENTED_EDGE('',*,*,#2359,.T.);
#2359 = EDGE_CURVE('',#2269,#2309,#2360,.T.);
#2360 = LINE('',#2361,#2362);
#2361 = CARTESIAN_POINT('',(25.775,30.475,1.635));
#2362 = VECTOR('',#2363,1.);
#2363 = DIRECTION('',(1.,0.,0.));
#2364 = ORIENTED_EDGE('',*,*,#2308,.F.);
#2365 = PLANE('',#2366);
#2366 = AXIS2_PLACEMENT_3D('',#2367,#2368,#2369);
#2367 = CARTESIAN_POINT('',(25.775,30.475,1.6));
#2368 = DIRECTION('',(0.,1.,0.));
#2369 = DIRECTION('',(0.,0.,1.));
#2370 = ADVANCED_FACE('',(#2371),#2377,.F.);
#2371 = FACE_BOUND('',#2372,.F.);
#2372 = EDGE_LOOP('',(#2373,#2374,#2375,#2376));
#2373 = ORIENTED_EDGE('',*,*,#2260,.F.);
#2374 = ORIENTED_EDGE('',*,*,#2330,.T.);
#2375 = ORIENTED_EDGE('',*,*,#2300,.T.);
#2376 = ORIENTED_EDGE('',*,*,#2352,.F.);
#2377 = PLANE('',#2378);
#2378 = AXIS2_PLACEMENT_3D('',#2379,#2380,#2381);
#2379 = CARTESIAN_POINT('',(25.775,29.525,1.6));
#2380 = DIRECTION('',(0.,0.,1.));
#2381 = DIRECTION('',(1.,0.,0.));
#2382 = ADVANCED_FACE('',(#2383),#2389,.T.);
#2383 = FACE_BOUND('',#2384,.T.);
#2384 = EDGE_LOOP('',(#2385,#2386,#2387,#2388));
#2385 = ORIENTED_EDGE('',*,*,#2276,.F.);
#2386 = ORIENTED_EDGE('',*,*,#2337,.T.);
#2387 = ORIENTED_EDGE('',*,*,#2316,.T.);
#2388 = ORIENTED_EDGE('',*,*,#2359,.F.);
#2389 = PLANE('',#2390);
#2390 = AXIS2_PLACEMENT_3D('',#2391,#2392,#2393);
#2391 = CARTESIAN_POINT('',(25.775,29.525,1.635));
#2392 = DIRECTION('',(0.,0.,1.));
#2393 = DIRECTION('',(1.,0.,0.));
#2394 = MANIFOLD_SOLID_BREP('',#2395);
#2395 = CLOSED_SHELL('',(#2396,#2436,#2476,#2498,#2520,#2532));
#2396 = ADVANCED_FACE('',(#2397),#2431,.F.);
#2397 = FACE_BOUND('',#2398,.F.);
#2398 = EDGE_LOOP('',(#2399,#2409,#2417,#2425));
#2399 = ORIENTED_EDGE('',*,*,#2400,.F.);
#2400 = EDGE_CURVE('',#2401,#2403,#2405,.T.);
#2401 = VERTEX_POINT('',#2402);
#2402 = CARTESIAN_POINT('',(27.325,29.525,1.6));
#2403 = VERTEX_POINT('',#2404);
#2404 = CARTESIAN_POINT('',(27.325,29.525,1.635));
#2405 = LINE('',#2406,#2407);
#2406 = CARTESIAN_POINT('',(27.325,29.525,1.6));
#2407 = VECTOR('',#2408,1.);
#2408 = DIRECTION('',(0.,0.,1.));
#2409 = ORIENTED_EDGE('',*,*,#2410,.T.);
#2410 = EDGE_CURVE('',#2401,#2411,#2413,.T.);
#2411 = VERTEX_POINT('',#2412);
#2412 = CARTESIAN_POINT('',(27.325,30.475,1.6));
#2413 = LINE('',#2414,#2415);
#2414 = CARTESIAN_POINT('',(27.325,29.525,1.6));
#2415 = VECTOR('',#2416,1.);
#2416 = DIRECTION('',(0.,1.,0.));
#2417 = ORIENTED_EDGE('',*,*,#2418,.T.);
#2418 = EDGE_CURVE('',#2411,#2419,#2421,.T.);
#2419 = VERTEX_POINT('',#2420);
#2420 = CARTESIAN_POINT('',(27.325,30.475,1.635));
#2421 = LINE('',#2422,#2423);
#2422 = CARTESIAN_POINT('',(27.325,30.475,1.6));
#2423 = VECTOR('',#2424,1.);
#2424 = DIRECTION('',(0.,0.,1.));
#2425 = ORIENTED_EDGE('',*,*,#2426,.F.);
#2426 = EDGE_CURVE('',#2403,#2419,#2427,.T.);
#2427 = LINE('',#2428,#2429);
#2428 = CARTESIAN_POINT('',(27.325,29.525,1.635));
#2429 = VECTOR('',#2430,1.);
#2430 = DIRECTION('',(0.,1.,0.));
#2431 = PLANE('',#2432);
#2432 = AXIS2_PLACEMENT_3D('',#2433,#2434,#2435);
#2433 = CARTESIAN_POINT('',(27.325,29.525,1.6));
#2434 = DIRECTION('',(1.,0.,0.));
#2435 = DIRECTION('',(0.,0.,1.));
#2436 = ADVANCED_FACE('',(#2437),#2471,.T.);
#2437 = FACE_BOUND('',#2438,.T.);
#2438 = EDGE_LOOP('',(#2439,#2449,#2457,#2465));
#2439 = ORIENTED_EDGE('',*,*,#2440,.F.);
#2440 = EDGE_CURVE('',#2441,#2443,#2445,.T.);
#2441 = VERTEX_POINT('',#2442);
#2442 = CARTESIAN_POINT('',(28.225,29.525,1.6));
#2443 = VERTEX_POINT('',#2444);
#2444 = CARTESIAN_POINT('',(28.225,29.525,1.635));
#2445 = LINE('',#2446,#2447);
#2446 = CARTESIAN_POINT('',(28.225,29.525,1.6));
#2447 = VECTOR('',#2448,1.);
#2448 = DIRECTION('',(0.,0.,1.));
#2449 = ORIENTED_EDGE('',*,*,#2450,.T.);
#2450 = EDGE_CURVE('',#2441,#2451,#2453,.T.);
#2451 = VERTEX_POINT('',#2452);
#2452 = CARTESIAN_POINT('',(28.225,30.475,1.6));
#2453 = LINE('',#2454,#2455);
#2454 = CARTESIAN_POINT('',(28.225,29.525,1.6));
#2455 = VECTOR('',#2456,1.);
#2456 = DIRECTION('',(0.,1.,0.));
#2457 = ORIENTED_EDGE('',*,*,#2458,.T.);
#2458 = EDGE_CURVE('',#2451,#2459,#2461,.T.);
#2459 = VERTEX_POINT('',#2460);
#2460 = CARTESIAN_POINT('',(28.225,30.475,1.635));
#2461 = LINE('',#2462,#2463);
#2462 = CARTESIAN_POINT('',(28.225,30.475,1.6));
#2463 = VECTOR('',#2464,1.);
#2464 = DIRECTION('',(0.,0.,1.));
#2465 = ORIENTED_EDGE('',*,*,#2466,.F.);
#2466 = EDGE_CURVE('',#2443,#2459,#2467,.T.);
#2467 = LINE('',#2468,#2469);
#2468 = CARTESIAN_POINT('',(28.225,29.525,1.635));
#2469 = VECTOR('',#2470,1.);
#2470 = DIRECTION('',(0.,1.,0.));
#2471 = PLANE('',#2472);
#2472 = AXIS2_PLACEMENT_3D('',#2473,#2474,#2475);
#2473 = CARTESIAN_POINT('',(28.225,29.525,1.6));
#2474 = DIRECTION('',(1.,0.,0.));
#2475 = DIRECTION('',(0.,0.,1.));
#2476 = ADVANCED_FACE('',(#2477),#2493,.F.);
#2477 = FACE_BOUND('',#2478,.F.);
#2478 = EDGE_LOOP('',(#2479,#2485,#2486,#2492));
#2479 = ORIENTED_EDGE('',*,*,#2480,.F.);
#2480 = EDGE_CURVE('',#2401,#2441,#2481,.T.);
#2481 = LINE('',#2482,#2483);
#2482 = CARTESIAN_POINT('',(27.325,29.525,1.6));
#2483 = VECTOR('',#2484,1.);
#2484 = DIRECTION('',(1.,0.,0.));
#2485 = ORIENTED_EDGE('',*,*,#2400,.T.);
#2486 = ORIENTED_EDGE('',*,*,#2487,.T.);
#2487 = EDGE_CURVE('',#2403,#2443,#2488,.T.);
#2488 = LINE('',#2489,#2490);
#2489 = CARTESIAN_POINT('',(27.325,29.525,1.635));
#2490 = VECTOR('',#2491,1.);
#2491 = DIRECTION('',(1.,0.,0.));
#2492 = ORIENTED_EDGE('',*,*,#2440,.F.);
#2493 = PLANE('',#2494);
#2494 = AXIS2_PLACEMENT_3D('',#2495,#2496,#2497);
#2495 = CARTESIAN_POINT('',(27.325,29.525,1.6));
#2496 = DIRECTION('',(0.,1.,0.));
#2497 = DIRECTION('',(0.,0.,1.));
#2498 = ADVANCED_FACE('',(#2499),#2515,.T.);
#2499 = FACE_BOUND('',#2500,.T.);
#2500 = EDGE_LOOP('',(#2501,#2507,#2508,#2514));
#2501 = ORIENTED_EDGE('',*,*,#2502,.F.);
#2502 = EDGE_CURVE('',#2411,#2451,#2503,.T.);
#2503 = LINE('',#2504,#2505);
#2504 = CARTESIAN_POINT('',(27.325,30.475,1.6));
#2505 = VECTOR('',#2506,1.);
#2506 = DIRECTION('',(1.,0.,0.));
#2507 = ORIENTED_EDGE('',*,*,#2418,.T.);
#2508 = ORIENTED_EDGE('',*,*,#2509,.T.);
#2509 = EDGE_CURVE('',#2419,#2459,#2510,.T.);
#2510 = LINE('',#2511,#2512);
#2511 = CARTESIAN_POINT('',(27.325,30.475,1.635));
#2512 = VECTOR('',#2513,1.);
#2513 = DIRECTION('',(1.,0.,0.));
#2514 = ORIENTED_EDGE('',*,*,#2458,.F.);
#2515 = PLANE('',#2516);
#2516 = AXIS2_PLACEMENT_3D('',#2517,#2518,#2519);
#2517 = CARTESIAN_POINT('',(27.325,30.475,1.6));
#2518 = DIRECTION('',(0.,1.,0.));
#2519 = DIRECTION('',(0.,0.,1.));
#2520 = ADVANCED_FACE('',(#2521),#2527,.F.);
#2521 = FACE_BOUND('',#2522,.F.);
#2522 = EDGE_LOOP('',(#2523,#2524,#2525,#2526));
#2523 = ORIENTED_EDGE('',*,*,#2410,.F.);
#2524 = ORIENTED_EDGE('',*,*,#2480,.T.);
#2525 = ORIENTED_EDGE('',*,*,#2450,.T.);
#2526 = ORIENTED_EDGE('',*,*,#2502,.F.);
#2527 = PLANE('',#2528);
#2528 = AXIS2_PLACEMENT_3D('',#2529,#2530,#2531);
#2529 = CARTESIAN_POINT('',(27.325,29.525,1.6));
#2530 = DIRECTION('',(0.,0.,1.));
#2531 = DIRECTION('',(1.,0.,0.));
#2532 = ADVANCED_FACE('',(#2533),#2539,.T.);
#2533 = FACE_BOUND('',#2534,.T.);
#2534 = EDGE_LOOP('',(#2535,#2536,#2537,#2538));
#2535 = ORIENTED_EDGE('',*,*,#2426,.F.);
#2536 = ORIENTED_EDGE('',*,*,#2487,.T.);
#2537 = ORIENTED_EDGE('',*,*,#2466,.T.);
#2538 = ORIENTED_EDGE('',*,*,#2509,.F.);
#2539 = PLANE('',#2540);
#2540 = AXIS2_PLACEMENT_3D('',#2541,#2542,#2543);
#2541 = CARTESIAN_POINT('',(27.325,29.525,1.635));
#2542 = DIRECTION('',(0.,0.,1.));
#2543 = DIRECTION('',(1.,0.,0.));
#2544 = MANIFOLD_SOLID_BREP('',#2545);
#2545 = CLOSED_SHELL('',(#2546,#2586,#2626,#2648,#2670,#2682));
#2546 = ADVANCED_FACE('',(#2547),#2581,.F.);
#2547 = FACE_BOUND('',#2548,.F.);
#2548 = EDGE_LOOP('',(#2549,#2559,#2567,#2575));
#2549 = ORIENTED_EDGE('',*,*,#2550,.F.);
#2550 = EDGE_CURVE('',#2551,#2553,#2555,.T.);
#2551 = VERTEX_POINT('',#2552);
#2552 = CARTESIAN_POINT('',(18.15,13.5,1.6));
#2553 = VERTEX_POINT('',#2554);
#2554 = CARTESIAN_POINT('',(18.15,13.5,3.05));
#2555 = LINE('',#2556,#2557);
#2556 = CARTESIAN_POINT('',(18.15,13.5,1.6));
#2557 = VECTOR('',#2558,1.);
#2558 = DIRECTION('',(0.,0.,1.));
#2559 = ORIENTED_EDGE('',*,*,#2560,.T.);
#2560 = EDGE_CURVE('',#2551,#2561,#2563,.T.);
#2561 = VERTEX_POINT('',#2562);
#2562 = CARTESIAN_POINT('',(18.15,16.5,1.6));
#2563 = LINE('',#2564,#2565);
#2564 = CARTESIAN_POINT('',(18.15,13.5,1.6));
#2565 = VECTOR('',#2566,1.);
#2566 = DIRECTION('',(0.,1.,0.));
#2567 = ORIENTED_EDGE('',*,*,#2568,.T.);
#2568 = EDGE_CURVE('',#2561,#2569,#2571,.T.);
#2569 = VERTEX_POINT('',#2570);
#2570 = CARTESIAN_POINT('',(18.15,16.5,3.05));
#2571 = LINE('',#2572,#2573);
#2572 = CARTESIAN_POINT('',(18.15,16.5,1.6));
#2573 = VECTOR('',#2574,1.);
#2574 = DIRECTION('',(0.,0.,1.));
#2575 = ORIENTED_EDGE('',*,*,#2576,.F.);
#2576 = EDGE_CURVE('',#2553,#2569,#2577,.T.);
#2577 = LINE('',#2578,#2579);
#2578 = CARTESIAN_POINT('',(18.15,13.5,3.05));
#2579 = VECTOR('',#2580,1.);
#2580 = DIRECTION('',(0.,1.,0.));
#2581 = PLANE('',#2582);
#2582 = AXIS2_PLACEMENT_3D('',#2583,#2584,#2585);
#2583 = CARTESIAN_POINT('',(18.15,13.5,1.6));
#2584 = DIRECTION('',(1.,0.,0.));
#2585 = DIRECTION('',(0.,0.,1.));
#2586 = ADVANCED_FACE('',(#2587),#2621,.T.);
#2587 = FACE_BOUND('',#2588,.T.);
#2588 = EDGE_LOOP('',(#2589,#2599,#2607,#2615));
#2589 = ORIENTED_EDGE('',*,*,#2590,.F.);
#2590 = EDGE_CURVE('',#2591,#2593,#2595,.T.);
#2591 = VERTEX_POINT('',#2592);
#2592 = CARTESIAN_POINT('',(19.85,13.5,1.6));
#2593 = VERTEX_POINT('',#2594);
#2594 = CARTESIAN_POINT('',(19.85,13.5,3.05));
#2595 = LINE('',#2596,#2597);
#2596 = CARTESIAN_POINT('',(19.85,13.5,1.6));
#2597 = VECTOR('',#2598,1.);
#2598 = DIRECTION('',(0.,0.,1.));
#2599 = ORIENTED_EDGE('',*,*,#2600,.T.);
#2600 = EDGE_CURVE('',#2591,#2601,#2603,.T.);
#2601 = VERTEX_POINT('',#2602);
#2602 = CARTESIAN_POINT('',(19.85,16.5,1.6));
#2603 = LINE('',#2604,#2605);
#2604 = CARTESIAN_POINT('',(19.85,13.5,1.6));
#2605 = VECTOR('',#2606,1.);
#2606 = DIRECTION('',(0.,1.,0.));
#2607 = ORIENTED_EDGE('',*,*,#2608,.T.);
#2608 = EDGE_CURVE('',#2601,#2609,#2611,.T.);
#2609 = VERTEX_POINT('',#2610);
#2610 = CARTESIAN_POINT('',(19.85,16.5,3.05));
#2611 = LINE('',#2612,#2613);
#2612 = CARTESIAN_POINT('',(19.85,16.5,1.6));
#2613 = VECTOR('',#2614,1.);
#2614 = DIRECTION('',(0.,0.,1.));
#2615 = ORIENTED_EDGE('',*,*,#2616,.F.);
#2616 = EDGE_CURVE('',#2593,#2609,#2617,.T.);
#2617 = LINE('',#2618,#2619);
#2618 = CARTESIAN_POINT('',(19.85,13.5,3.05));
#2619 = VECTOR('',#2620,1.);
#2620 = DIRECTION('',(0.,1.,0.));
#2621 = PLANE('',#2622);
#2622 = AXIS2_PLACEMENT_3D('',#2623,#2624,#2625);
#2623 = CARTESIAN_POINT('',(19.85,13.5,1.6));
#2624 = DIRECTION('',(1.,0.,0.));
#2625 = DIRECTION('',(0.,0.,1.));
#2626 = ADVANCED_FACE('',(#2627),#2643,.F.);
#2627 = FACE_BOUND('',#2628,.F.);
#2628 = EDGE_LOOP('',(#2629,#2635,#2636,#2642));
#2629 = ORIENTED_EDGE('',*,*,#2630,.F.);
#2630 = EDGE_CURVE('',#2551,#2591,#2631,.T.);
#2631 = LINE('',#2632,#2633);
#2632 = CARTESIAN_POINT('',(18.15,13.5,1.6));
#2633 = VECTOR('',#2634,1.);
#2634 = DIRECTION('',(1.,0.,0.));
#2635 = ORIENTED_EDGE('',*,*,#2550,.T.);
#2636 = ORIENTED_EDGE('',*,*,#2637,.T.);
#2637 = EDGE_CURVE('',#2553,#2593,#2638,.T.);
#2638 = LINE('',#2639,#2640);
#2639 = CARTESIAN_POINT('',(18.15,13.5,3.05));
#2640 = VECTOR('',#2641,1.);
#2641 = DIRECTION('',(1.,0.,0.));
#2642 = ORIENTED_EDGE('',*,*,#2590,.F.);
#2643 = PLANE('',#2644);
#2644 = AXIS2_PLACEMENT_3D('',#2645,#2646,#2647);
#2645 = CARTESIAN_POINT('',(18.15,13.5,1.6));
#2646 = DIRECTION('',(0.,1.,0.));
#2647 = DIRECTION('',(0.,0.,1.));
#2648 = ADVANCED_FACE('',(#2649),#2665,.T.);
#2649 = FACE_BOUND('',#2650,.T.);
#2650 = EDGE_LOOP('',(#2651,#2657,#2658,#2664));
#2651 = ORIENTED_EDGE('',*,*,#2652,.F.);
#2652 = EDGE_CURVE('',#2561,#2601,#2653,.T.);
#2653 = LINE('',#2654,#2655);
#2654 = CARTESIAN_POINT('',(18.15,16.5,1.6));
#2655 = VECTOR('',#2656,1.);
#2656 = DIRECTION('',(1.,0.,0.));
#2657 = ORIENTED_EDGE('',*,*,#2568,.T.);
#2658 = ORIENTED_EDGE('',*,*,#2659,.T.);
#2659 = EDGE_CURVE('',#2569,#2609,#2660,.T.);
#2660 = LINE('',#2661,#2662);
#2661 = CARTESIAN_POINT('',(18.15,16.5,3.05));
#2662 = VECTOR('',#2663,1.);
#2663 = DIRECTION('',(1.,0.,0.));
#2664 = ORIENTED_EDGE('',*,*,#2608,.F.);
#2665 = PLANE('',#2666);
#2666 = AXIS2_PLACEMENT_3D('',#2667,#2668,#2669);
#2667 = CARTESIAN_POINT('',(18.15,16.5,1.6));
#2668 = DIRECTION('',(0.,1.,0.));
#2669 = DIRECTION('',(0.,0.,1.));
#2670 = ADVANCED_FACE('',(#2671),#2677,.F.);
#2671 = FACE_BOUND('',#2672,.F.);
#2672 = EDGE_LOOP('',(#2673,#2674,#2675,#2676));
#2673 = ORIENTED_EDGE('',*,*,#2560,.F.);
#2674 = ORIENTED_EDGE('',*,*,#2630,.T.);
#2675 = ORIENTED_EDGE('',*,*,#2600,.T.);
#2676 = ORIENTED_EDGE('',*,*,#2652,.F.);
#2677 = PLANE('',#2678);
#2678 = AXIS2_PLACEMENT_3D('',#2679,#2680,#2681);
#2679 = CARTESIAN_POINT('',(18.15,13.5,1.6));
#2680 = DIRECTION('',(0.,0.,1.));
#2681 = DIRECTION('',(1.,0.,0.));
#2682 = ADVANCED_FACE('',(#2683),#2689,.T.);
#2683 = FACE_BOUND('',#2684,.T.);
#2684 = EDGE_LOOP('',(#2685,#2686,#2687,#2688));
#2685 = ORIENTED_EDGE('',*,*,#2576,.F.);
#2686 = ORIENTED_EDGE('',*,*,#2637,.T.);
#2687 = ORIENTED_EDGE('',*,*,#2616,.T.);
#2688 = ORIENTED_EDGE('',*,*,#2659,.F.);
#2689 = PLANE('',#2690);
#2690 = AXIS2_PLACEMENT_3D('',#2691,#2692,#2693);
#2691 = CARTESIAN_POINT('',(18.15,13.5,3.05));
#2692 = DIRECTION('',(0.,0.,1.));
#2693 = DIRECTION('',(1.,0.,0.));
#2694 = MANIFOLD_SOLID_BREP('',#2695);
#2695 = CLOSED_SHELL('',(#2696,#2736,#2776,#2798,#2820,#2832));
#2696 = ADVANCED_FACE('',(#2697),#2731,.F.);
#2697 = FACE_BOUND('',#2698,.F.);
#2698 = EDGE_LOOP('',(#2699,#2709,#2717,#2725));
#2699 = ORIENTED_EDGE('',*,*,#2700,.F.);
#2700 = EDGE_CURVE('',#2701,#2703,#2705,.T.);
#2701 = VERTEX_POINT('',#2702);
#2702 = CARTESIAN_POINT('',(17.2,15.65,1.6));
#2703 = VERTEX_POINT('',#2704);
#2704 = CARTESIAN_POINT('',(17.2,15.65,1.635));
#2705 = LINE('',#2706,#2707);
#2706 = CARTESIAN_POINT('',(17.2,15.65,1.6));
#2707 = VECTOR('',#2708,1.);
#2708 = DIRECTION('',(0.,0.,1.));
#2709 = ORIENTED_EDGE('',*,*,#2710,.T.);
#2710 = EDGE_CURVE('',#2701,#2711,#2713,.T.);
#2711 = VERTEX_POINT('',#2712);
#2712 = CARTESIAN_POINT('',(17.2,16.25,1.6));
#2713 = LINE('',#2714,#2715);
#2714 = CARTESIAN_POINT('',(17.2,15.65,1.6));
#2715 = VECTOR('',#2716,1.);
#2716 = DIRECTION('',(0.,1.,0.));
#2717 = ORIENTED_EDGE('',*,*,#2718,.T.);
#2718 = EDGE_CURVE('',#2711,#2719,#2721,.T.);
#2719 = VERTEX_POINT('',#2720);
#2720 = CARTESIAN_POINT('',(17.2,16.25,1.635));
#2721 = LINE('',#2722,#2723);
#2722 = CARTESIAN_POINT('',(17.2,16.25,1.6));
#2723 = VECTOR('',#2724,1.);
#2724 = DIRECTION('',(0.,0.,1.));
#2725 = ORIENTED_EDGE('',*,*,#2726,.F.);
#2726 = EDGE_CURVE('',#2703,#2719,#2727,.T.);
#2727 = LINE('',#2728,#2729);
#2728 = CARTESIAN_POINT('',(17.2,15.65,1.635));
#2729 = VECTOR('',#2730,1.);
#2730 = DIRECTION('',(0.,1.,0.));
#2731 = PLANE('',#2732);
#2732 = AXIS2_PLACEMENT_3D('',#2733,#2734,#2735);
#2733 = CARTESIAN_POINT('',(17.2,15.65,1.6));
#2734 = DIRECTION('',(1.,0.,0.));
#2735 = DIRECTION('',(0.,0.,1.));
#2736 = ADVANCED_FACE('',(#2737),#2771,.T.);
#2737 = FACE_BOUND('',#2738,.T.);
#2738 = EDGE_LOOP('',(#2739,#2749,#2757,#2765));
#2739 = ORIENTED_EDGE('',*,*,#2740,.F.);
#2740 = EDGE_CURVE('',#2741,#2743,#2745,.T.);
#2741 = VERTEX_POINT('',#2742);
#2742 = CARTESIAN_POINT('',(18.525,15.65,1.6));
#2743 = VERTEX_POINT('',#2744);
#2744 = CARTESIAN_POINT('',(18.525,15.65,1.635));
#2745 = LINE('',#2746,#2747);
#2746 = CARTESIAN_POINT('',(18.525,15.65,1.6));
#2747 = VECTOR('',#2748,1.);
#2748 = DIRECTION('',(0.,0.,1.));
#2749 = ORIENTED_EDGE('',*,*,#2750,.T.);
#2750 = EDGE_CURVE('',#2741,#2751,#2753,.T.);
#2751 = VERTEX_POINT('',#2752);
#2752 = CARTESIAN_POINT('',(18.525,16.25,1.6));
#2753 = LINE('',#2754,#2755);
#2754 = CARTESIAN_POINT('',(18.525,15.65,1.6));
#2755 = VECTOR('',#2756,1.);
#2756 = DIRECTION('',(0.,1.,0.));
#2757 = ORIENTED_EDGE('',*,*,#2758,.T.);
#2758 = EDGE_CURVE('',#2751,#2759,#2761,.T.);
#2759 = VERTEX_POINT('',#2760);
#2760 = CARTESIAN_POINT('',(18.525,16.25,1.635));
#2761 = LINE('',#2762,#2763);
#2762 = CARTESIAN_POINT('',(18.525,16.25,1.6));
#2763 = VECTOR('',#2764,1.);
#2764 = DIRECTION('',(0.,0.,1.));
#2765 = ORIENTED_EDGE('',*,*,#2766,.F.);
#2766 = EDGE_CURVE('',#2743,#2759,#2767,.T.);
#2767 = LINE('',#2768,#2769);
#2768 = CARTESIAN_POINT('',(18.525,15.65,1.635));
#2769 = VECTOR('',#2770,1.);
#2770 = DIRECTION('',(0.,1.,0.));
#2771 = PLANE('',#2772);
#2772 = AXIS2_PLACEMENT_3D('',#2773,#2774,#2775);
#2773 = CARTESIAN_POINT('',(18.525,15.65,1.6));
#2774 = DIRECTION('',(1.,0.,0.));
#2775 = DIRECTION('',(0.,0.,1.));
#2776 = ADVANCED_FACE('',(#2777),#2793,.F.);
#2777 = FACE_BOUND('',#2778,.F.);
#2778 = EDGE_LOOP('',(#2779,#2785,#2786,#2792));
#2779 = ORIENTED_EDGE('',*,*,#2780,.F.);
#2780 = EDGE_CURVE('',#2701,#2741,#2781,.T.);
#2781 = LINE('',#2782,#2783);
#2782 = CARTESIAN_POINT('',(17.2,15.65,1.6));
#2783 = VECTOR('',#2784,1.);
#2784 = DIRECTION('',(1.,0.,0.));
#2785 = ORIENTED_EDGE('',*,*,#2700,.T.);
#2786 = ORIENTED_EDGE('',*,*,#2787,.T.);
#2787 = EDGE_CURVE('',#2703,#2743,#2788,.T.);
#2788 = LINE('',#2789,#2790);
#2789 = CARTESIAN_POINT('',(17.2,15.65,1.635));
#2790 = VECTOR('',#2791,1.);
#2791 = DIRECTION('',(1.,0.,0.));
#2792 = ORIENTED_EDGE('',*,*,#2740,.F.);
#2793 = PLANE('',#2794);
#2794 = AXIS2_PLACEMENT_3D('',#2795,#2796,#2797);
#2795 = CARTESIAN_POINT('',(17.2,15.65,1.6));
#2796 = DIRECTION('',(0.,1.,0.));
#2797 = DIRECTION('',(0.,0.,1.));
#2798 = ADVANCED_FACE('',(#2799),#2815,.T.);
#2799 = FACE_BOUND('',#2800,.T.);
#2800 = EDGE_LOOP('',(#2801,#2807,#2808,#2814));
#2801 = ORIENTED_EDGE('',*,*,#2802,.F.);
#2802 = EDGE_CURVE('',#2711,#2751,#2803,.T.);
#2803 = LINE('',#2804,#2805);
#2804 = CARTESIAN_POINT('',(17.2,16.25,1.6));
#2805 = VECTOR('',#2806,1.);
#2806 = DIRECTION('',(1.,0.,0.));
#2807 = ORIENTED_EDGE('',*,*,#2718,.T.);
#2808 = ORIENTED_EDGE('',*,*,#2809,.T.);
#2809 = EDGE_CURVE('',#2719,#2759,#2810,.T.);
#2810 = LINE('',#2811,#2812);
#2811 = CARTESIAN_POINT('',(17.2,16.25,1.635));
#2812 = VECTOR('',#2813,1.);
#2813 = DIRECTION('',(1.,0.,0.));
#2814 = ORIENTED_EDGE('',*,*,#2758,.F.);
#2815 = PLANE('',#2816);
#2816 = AXIS2_PLACEMENT_3D('',#2817,#2818,#2819);
#2817 = CARTESIAN_POINT('',(17.2,16.25,1.6));
#2818 = DIRECTION('',(0.,1.,0.));
#2819 = DIRECTION('',(0.,0.,1.));
#2820 = ADVANCED_FACE('',(#2821),#2827,.F.);
#2821 = FACE_BOUND('',#2822,.F.);
#2822 = EDGE_LOOP('',(#2823,#2824,#2825,#2826));
#2823 = ORIENTED_EDGE('',*,*,#2710,.F.);
#2824 = ORIENTED_EDGE('',*,*,#2780,.T.);
#2825 = ORIENTED_EDGE('',*,*,#2750,.T.);
#2826 = ORIENTED_EDGE('',*,*,#2802,.F.);
#2827 = PLANE('',#2828);
#2828 = AXIS2_PLACEMENT_3D('',#2829,#2830,#2831);
#2829 = CARTESIAN_POINT('',(17.2,15.65,1.6));
#2830 = DIRECTION('',(0.,0.,1.));
#2831 = DIRECTION('',(1.,0.,0.));
#2832 = ADVANCED_FACE('',(#2833),#2839,.T.);
#2833 = FACE_BOUND('',#2834,.T.);
#2834 = EDGE_LOOP('',(#2835,#2836,#2837,#2838));
#2835 = ORIENTED_EDGE('',*,*,#2726,.F.);
#2836 = ORIENTED_EDGE('',*,*,#2787,.T.);
#2837 = ORIENTED_EDGE('',*,*,#2766,.T.);
#2838 = ORIENTED_EDGE('',*,*,#2809,.F.);
#2839 = PLANE('',#2840);
#2840 = AXIS2_PLACEMENT_3D('',#2841,#2842,#2843);
#2841 = CARTESIAN_POINT('',(17.2,15.65,1.635));
#2842 = DIRECTION('',(0.,0.,1.));
#2843 = DIRECTION('',(1.,0.,0.));
#2844 = MANIFOLD_SOLID_BREP('',#2845);
#2845 = CLOSED_SHELL('',(#2846,#2886,#2926,#2948,#2970,#2982));
#2846 = ADVANCED_FACE('',(#2847),#2881,.F.);
#2847 = FACE_BOUND('',#2848,.F.);
#2848 = EDGE_LOOP('',(#2849,#2859,#2867,#2875));
#2849 = ORIENTED_EDGE('',*,*,#2850,.F.);
#2850 = EDGE_CURVE('',#2851,#2853,#2855,.T.);
#2851 = VERTEX_POINT('',#2852);
#2852 = CARTESIAN_POINT('',(17.2,14.7,1.6));
#2853 = VERTEX_POINT('',#2854);
#2854 = CARTESIAN_POINT('',(17.2,14.7,1.635));
#2855 = LINE('',#2856,#2857);
#2856 = CARTESIAN_POINT('',(17.2,14.7,1.6));
#2857 = VECTOR('',#2858,1.);
#2858 = DIRECTION('',(0.,0.,1.));
#2859 = ORIENTED_EDGE('',*,*,#2860,.T.);
#2860 = EDGE_CURVE('',#2851,#2861,#2863,.T.);
#2861 = VERTEX_POINT('',#2862);
#2862 = CARTESIAN_POINT('',(17.2,15.3,1.6));
#2863 = LINE('',#2864,#2865);
#2864 = CARTESIAN_POINT('',(17.2,14.7,1.6));
#2865 = VECTOR('',#2866,1.);
#2866 = DIRECTION('',(0.,1.,0.));
#2867 = ORIENTED_EDGE('',*,*,#2868,.T.);
#2868 = EDGE_CURVE('',#2861,#2869,#2871,.T.);
#2869 = VERTEX_POINT('',#2870);
#2870 = CARTESIAN_POINT('',(17.2,15.3,1.635));
#2871 = LINE('',#2872,#2873);
#2872 = CARTESIAN_POINT('',(17.2,15.3,1.6));
#2873 = VECTOR('',#2874,1.);
#2874 = DIRECTION('',(0.,0.,1.));
#2875 = ORIENTED_EDGE('',*,*,#2876,.F.);
#2876 = EDGE_CURVE('',#2853,#2869,#2877,.T.);
#2877 = LINE('',#2878,#2879);
#2878 = CARTESIAN_POINT('',(17.2,14.7,1.635));
#2879 = VECTOR('',#2880,1.);
#2880 = DIRECTION('',(0.,1.,0.));
#2881 = PLANE('',#2882);
#2882 = AXIS2_PLACEMENT_3D('',#2883,#2884,#2885);
#2883 = CARTESIAN_POINT('',(17.2,14.7,1.6));
#2884 = DIRECTION('',(1.,0.,0.));
#2885 = DIRECTION('',(0.,0.,1.));
#2886 = ADVANCED_FACE('',(#2887),#2921,.T.);
#2887 = FACE_BOUND('',#2888,.T.);
#2888 = EDGE_LOOP('',(#2889,#2899,#2907,#2915));
#2889 = ORIENTED_EDGE('',*,*,#2890,.F.);
#2890 = EDGE_CURVE('',#2891,#2893,#2895,.T.);
#2891 = VERTEX_POINT('',#2892);
#2892 = CARTESIAN_POINT('',(18.525,14.7,1.6));
#2893 = VERTEX_POINT('',#2894);
#2894 = CARTESIAN_POINT('',(18.525,14.7,1.635));
#2895 = LINE('',#2896,#2897);
#2896 = CARTESIAN_POINT('',(18.525,14.7,1.6));
#2897 = VECTOR('',#2898,1.);
#2898 = DIRECTION('',(0.,0.,1.));
#2899 = ORIENTED_EDGE('',*,*,#2900,.T.);
#2900 = EDGE_CURVE('',#2891,#2901,#2903,.T.);
#2901 = VERTEX_POINT('',#2902);
#2902 = CARTESIAN_POINT('',(18.525,15.3,1.6));
#2903 = LINE('',#2904,#2905);
#2904 = CARTESIAN_POINT('',(18.525,14.7,1.6));
#2905 = VECTOR('',#2906,1.);
#2906 = DIRECTION('',(0.,1.,0.));
#2907 = ORIENTED_EDGE('',*,*,#2908,.T.);
#2908 = EDGE_CURVE('',#2901,#2909,#2911,.T.);
#2909 = VERTEX_POINT('',#2910);
#2910 = CARTESIAN_POINT('',(18.525,15.3,1.635));
#2911 = LINE('',#2912,#2913);
#2912 = CARTESIAN_POINT('',(18.525,15.3,1.6));
#2913 = VECTOR('',#2914,1.);
#2914 = DIRECTION('',(0.,0.,1.));
#2915 = ORIENTED_EDGE('',*,*,#2916,.F.);
#2916 = EDGE_CURVE('',#2893,#2909,#2917,.T.);
#2917 = LINE('',#2918,#2919);
#2918 = CARTESIAN_POINT('',(18.525,14.7,1.635));
#2919 = VECTOR('',#2920,1.);
#2920 = DIRECTION('',(0.,1.,0.));
#2921 = PLANE('',#2922);
#2922 = AXIS2_PLACEMENT_3D('',#2923,#2924,#2925);
#2923 = CARTESIAN_POINT('',(18.525,14.7,1.6));
#2924 = DIRECTION('',(1.,0.,0.));
#2925 = DIRECTION('',(0.,0.,1.));
#2926 = ADVANCED_FACE('',(#2927),#2943,.F.);
#2927 = FACE_BOUND('',#2928,.F.);
#2928 = EDGE_LOOP('',(#2929,#2935,#2936,#2942));
#2929 = ORIENTED_EDGE('',*,*,#2930,.F.);
#2930 = EDGE_CURVE('',#2851,#2891,#2931,.T.);
#2931 = LINE('',#2932,#2933);
#2932 = CARTESIAN_POINT('',(17.2,14.7,1.6));
#2933 = VECTOR('',#2934,1.);
#2934 = DIRECTION('',(1.,0.,0.));
#2935 = ORIENTED_EDGE('',*,*,#2850,.T.);
#2936 = ORIENTED_EDGE('',*,*,#2937,.T.);
#2937 = EDGE_CURVE('',#2853,#2893,#2938,.T.);
#2938 = LINE('',#2939,#2940);
#2939 = CARTESIAN_POINT('',(17.2,14.7,1.635));
#2940 = VECTOR('',#2941,1.);
#2941 = DIRECTION('',(1.,0.,0.));
#2942 = ORIENTED_EDGE('',*,*,#2890,.F.);
#2943 = PLANE('',#2944);
#2944 = AXIS2_PLACEMENT_3D('',#2945,#2946,#2947);
#2945 = CARTESIAN_POINT('',(17.2,14.7,1.6));
#2946 = DIRECTION('',(0.,1.,0.));
#2947 = DIRECTION('',(0.,0.,1.));
#2948 = ADVANCED_FACE('',(#2949),#2965,.T.);
#2949 = FACE_BOUND('',#2950,.T.);
#2950 = EDGE_LOOP('',(#2951,#2957,#2958,#2964));
#2951 = ORIENTED_EDGE('',*,*,#2952,.F.);
#2952 = EDGE_CURVE('',#2861,#2901,#2953,.T.);
#2953 = LINE('',#2954,#2955);
#2954 = CARTESIAN_POINT('',(17.2,15.3,1.6));
#2955 = VECTOR('',#2956,1.);
#2956 = DIRECTION('',(1.,0.,0.));
#2957 = ORIENTED_EDGE('',*,*,#2868,.T.);
#2958 = ORIENTED_EDGE('',*,*,#2959,.T.);
#2959 = EDGE_CURVE('',#2869,#2909,#2960,.T.);
#2960 = LINE('',#2961,#2962);
#2961 = CARTESIAN_POINT('',(17.2,15.3,1.635));
#2962 = VECTOR('',#2963,1.);
#2963 = DIRECTION('',(1.,0.,0.));
#2964 = ORIENTED_EDGE('',*,*,#2908,.F.);
#2965 = PLANE('',#2966);
#2966 = AXIS2_PLACEMENT_3D('',#2967,#2968,#2969);
#2967 = CARTESIAN_POINT('',(17.2,15.3,1.6));
#2968 = DIRECTION('',(0.,1.,0.));
#2969 = DIRECTION('',(0.,0.,1.));
#2970 = ADVANCED_FACE('',(#2971),#2977,.F.);
#2971 = FACE_BOUND('',#2972,.F.);
#2972 = EDGE_LOOP('',(#2973,#2974,#2975,#2976));
#2973 = ORIENTED_EDGE('',*,*,#2860,.F.);
#2974 = ORIENTED_EDGE('',*,*,#2930,.T.);
#2975 = ORIENTED_EDGE('',*,*,#2900,.T.);
#2976 = ORIENTED_EDGE('',*,*,#2952,.F.);
#2977 = PLANE('',#2978);
#2978 = AXIS2_PLACEMENT_3D('',#2979,#2980,#2981);
#2979 = CARTESIAN_POINT('',(17.2,14.7,1.6));
#2980 = DIRECTION('',(0.,0.,1.));
#2981 = DIRECTION('',(1.,0.,0.));
#2982 = ADVANCED_FACE('',(#2983),#2989,.T.);
#2983 = FACE_BOUND('',#2984,.T.);
#2984 = EDGE_LOOP('',(#2985,#2986,#2987,#2988));
#2985 = ORIENTED_EDGE('',*,*,#2876,.F.);
#2986 = ORIENTED_EDGE('',*,*,#2937,.T.);
#2987 = ORIENTED_EDGE('',*,*,#2916,.T.);
#2988 = ORIENTED_EDGE('',*,*,#2959,.F.);
#2989 = PLANE('',#2990);
#2990 = AXIS2_PLACEMENT_3D('',#2991,#2992,#2993);
#2991 = CARTESIAN_POINT('',(17.2,14.7,1.635));
#2992 = DIRECTION('',(0.,0.,1.));
#2993 = DIRECTION('',(1.,0.,0.));
#2994 = MANIFOLD_SOLID_BREP('',#2995);
#2995 = CLOSED_SHELL('',(#2996,#3036,#3076,#3098,#3120,#3132));
#2996 = ADVANCED_FACE('',(#2997),#3031,.F.);
#2997 = FACE_BOUND('',#2998,.F.);
#2998 = EDGE_LOOP('',(#2999,#3009,#3017,#3025));
#2999 = ORIENTED_EDGE('',*,*,#3000,.F.);
#3000 = EDGE_CURVE('',#3001,#3003,#3005,.T.);
#3001 = VERTEX_POINT('',#3002);
#3002 = CARTESIAN_POINT('',(17.2,13.75,1.6));
#3003 = VERTEX_POINT('',#3004);
#3004 = CARTESIAN_POINT('',(17.2,13.75,1.635));
#3005 = LINE('',#3006,#3007);
#3006 = CARTESIAN_POINT('',(17.2,13.75,1.6));
#3007 = VECTOR('',#3008,1.);
#3008 = DIRECTION('',(0.,0.,1.));
#3009 = ORIENTED_EDGE('',*,*,#3010,.T.);
#3010 = EDGE_CURVE('',#3001,#3011,#3013,.T.);
#3011 = VERTEX_POINT('',#3012);
#3012 = CARTESIAN_POINT('',(17.2,14.35,1.6));
#3013 = LINE('',#3014,#3015);
#3014 = CARTESIAN_POINT('',(17.2,13.75,1.6));
#3015 = VECTOR('',#3016,1.);
#3016 = DIRECTION('',(0.,1.,0.));
#3017 = ORIENTED_EDGE('',*,*,#3018,.T.);
#3018 = EDGE_CURVE('',#3011,#3019,#3021,.T.);
#3019 = VERTEX_POINT('',#3020);
#3020 = CARTESIAN_POINT('',(17.2,14.35,1.635));
#3021 = LINE('',#3022,#3023);
#3022 = CARTESIAN_POINT('',(17.2,14.35,1.6));
#3023 = VECTOR('',#3024,1.);
#3024 = DIRECTION('',(0.,0.,1.));
#3025 = ORIENTED_EDGE('',*,*,#3026,.F.);
#3026 = EDGE_CURVE('',#3003,#3019,#3027,.T.);
#3027 = LINE('',#3028,#3029);
#3028 = CARTESIAN_POINT('',(17.2,13.75,1.635));
#3029 = VECTOR('',#3030,1.);
#3030 = DIRECTION('',(0.,1.,0.));
#3031 = PLANE('',#3032);
#3032 = AXIS2_PLACEMENT_3D('',#3033,#3034,#3035);
#3033 = CARTESIAN_POINT('',(17.2,13.75,1.6));
#3034 = DIRECTION('',(1.,0.,0.));
#3035 = DIRECTION('',(0.,0.,1.));
#3036 = ADVANCED_FACE('',(#3037),#3071,.T.);
#3037 = FACE_BOUND('',#3038,.T.);
#3038 = EDGE_LOOP('',(#3039,#3049,#3057,#3065));
#3039 = ORIENTED_EDGE('',*,*,#3040,.F.);
#3040 = EDGE_CURVE('',#3041,#3043,#3045,.T.);
#3041 = VERTEX_POINT('',#3042);
#3042 = CARTESIAN_POINT('',(18.525,13.75,1.6));
#3043 = VERTEX_POINT('',#3044);
#3044 = CARTESIAN_POINT('',(18.525,13.75,1.635));
#3045 = LINE('',#3046,#3047);
#3046 = CARTESIAN_POINT('',(18.525,13.75,1.6));
#3047 = VECTOR('',#3048,1.);
#3048 = DIRECTION('',(0.,0.,1.));
#3049 = ORIENTED_EDGE('',*,*,#3050,.T.);
#3050 = EDGE_CURVE('',#3041,#3051,#3053,.T.);
#3051 = VERTEX_POINT('',#3052);
#3052 = CARTESIAN_POINT('',(18.525,14.35,1.6));
#3053 = LINE('',#3054,#3055);
#3054 = CARTESIAN_POINT('',(18.525,13.75,1.6));
#3055 = VECTOR('',#3056,1.);
#3056 = DIRECTION('',(0.,1.,0.));
#3057 = ORIENTED_EDGE('',*,*,#3058,.T.);
#3058 = EDGE_CURVE('',#3051,#3059,#3061,.T.);
#3059 = VERTEX_POINT('',#3060);
#3060 = CARTESIAN_POINT('',(18.525,14.35,1.635));
#3061 = LINE('',#3062,#3063);
#3062 = CARTESIAN_POINT('',(18.525,14.35,1.6));
#3063 = VECTOR('',#3064,1.);
#3064 = DIRECTION('',(0.,0.,1.));
#3065 = ORIENTED_EDGE('',*,*,#3066,.F.);
#3066 = EDGE_CURVE('',#3043,#3059,#3067,.T.);
#3067 = LINE('',#3068,#3069);
#3068 = CARTESIAN_POINT('',(18.525,13.75,1.635));
#3069 = VECTOR('',#3070,1.);
#3070 = DIRECTION('',(0.,1.,0.));
#3071 = PLANE('',#3072);
#3072 = AXIS2_PLACEMENT_3D('',#3073,#3074,#3075);
#3073 = CARTESIAN_POINT('',(18.525,13.75,1.6));
#3074 = DIRECTION('',(1.,0.,0.));
#3075 = DIRECTION('',(0.,0.,1.));
#3076 = ADVANCED_FACE('',(#3077),#3093,.F.);
#3077 = FACE_BOUND('',#3078,.F.);
#3078 = EDGE_LOOP('',(#3079,#3085,#3086,#3092));
#3079 = ORIENTED_EDGE('',*,*,#3080,.F.);
#3080 = EDGE_CURVE('',#3001,#3041,#3081,.T.);
#3081 = LINE('',#3082,#3083);
#3082 = CARTESIAN_POINT('',(17.2,13.75,1.6));
#3083 = VECTOR('',#3084,1.);
#3084 = DIRECTION('',(1.,0.,0.));
#3085 = ORIENTED_EDGE('',*,*,#3000,.T.);
#3086 = ORIENTED_EDGE('',*,*,#3087,.T.);
#3087 = EDGE_CURVE('',#3003,#3043,#3088,.T.);
#3088 = LINE('',#3089,#3090);
#3089 = CARTESIAN_POINT('',(17.2,13.75,1.635));
#3090 = VECTOR('',#3091,1.);
#3091 = DIRECTION('',(1.,0.,0.));
#3092 = ORIENTED_EDGE('',*,*,#3040,.F.);
#3093 = PLANE('',#3094);
#3094 = AXIS2_PLACEMENT_3D('',#3095,#3096,#3097);
#3095 = CARTESIAN_POINT('',(17.2,13.75,1.6));
#3096 = DIRECTION('',(0.,1.,0.));
#3097 = DIRECTION('',(0.,0.,1.));
#3098 = ADVANCED_FACE('',(#3099),#3115,.T.);
#3099 = FACE_BOUND('',#3100,.T.);
#3100 = EDGE_LOOP('',(#3101,#3107,#3108,#3114));
#3101 = ORIENTED_EDGE('',*,*,#3102,.F.);
#3102 = EDGE_CURVE('',#3011,#3051,#3103,.T.);
#3103 = LINE('',#3104,#3105);
#3104 = CARTESIAN_POINT('',(17.2,14.35,1.6));
#3105 = VECTOR('',#3106,1.);
#3106 = DIRECTION('',(1.,0.,0.));
#3107 = ORIENTED_EDGE('',*,*,#3018,.T.);
#3108 = ORIENTED_EDGE('',*,*,#3109,.T.);
#3109 = EDGE_CURVE('',#3019,#3059,#3110,.T.);
#3110 = LINE('',#3111,#3112);
#3111 = CARTESIAN_POINT('',(17.2,14.35,1.635));
#3112 = VECTOR('',#3113,1.);
#3113 = DIRECTION('',(1.,0.,0.));
#3114 = ORIENTED_EDGE('',*,*,#3058,.F.);
#3115 = PLANE('',#3116);
#3116 = AXIS2_PLACEMENT_3D('',#3117,#3118,#3119);
#3117 = CARTESIAN_POINT('',(17.2,14.35,1.6));
#3118 = DIRECTION('',(0.,1.,0.));
#3119 = DIRECTION('',(0.,0.,1.));
#3120 = ADVANCED_FACE('',(#3121),#3127,.F.);
#3121 = FACE_BOUND('',#3122,.F.);
#3122 = EDGE_LOOP('',(#3123,#3124,#3125,#3126));
#3123 = ORIENTED_EDGE('',*,*,#3010,.F.);
#3124 = ORIENTED_EDGE('',*,*,#3080,.T.);
#3125 = ORIENTED_EDGE('',*,*,#3050,.T.);
#3126 = ORIENTED_EDGE('',*,*,#3102,.F.);
#3127 = PLANE('',#3128);
#3128 = AXIS2_PLACEMENT_3D('',#3129,#3130,#3131);
#3129 = CARTESIAN_POINT('',(17.2,13.75,1.6));
#3130 = DIRECTION('',(0.,0.,1.));
#3131 = DIRECTION('',(1.,0.,0.));
#3132 = ADVANCED_FACE('',(#3133),#3139,.T.);
#3133 = FACE_BOUND('',#3134,.T.);
#3134 = EDGE_LOOP('',(#3135,#3136,#3137,#3138));
#3135 = ORIENTED_EDGE('',*,*,#3026,.F.);
#3136 = ORIENTED_EDGE('',*,*,#3087,.T.);
#3137 = ORIENTED_EDGE('',*,*,#3066,.T.);
#3138 = ORIENTED_EDGE('',*,*,#3109,.F.);
#3139 = PLANE('',#3140);
#3140 = AXIS2_PLACEMENT_3D('',#3141,#3142,#3143);
#3141 = CARTESIAN_POINT('',(17.2,13.75,1.635));
#3142 = DIRECTION('',(0.,0.,1.));
#3143 = DIRECTION('',(1.,0.,0.));
#3144 = MANIFOLD_SOLID_BREP('',#3145);
#3145 = CLOSED_SHELL('',(#3146,#3186,#3226,#3248,#3270,#3282));
#3146 = ADVANCED_FACE('',(#3147),#3181,.F.);
#3147 = FACE_BOUND('',#3148,.F.);
#3148 = EDGE_LOOP('',(#3149,#3159,#3167,#3175));
#3149 = ORIENTED_EDGE('',*,*,#3150,.F.);
#3150 = EDGE_CURVE('',#3151,#3153,#3155,.T.);
#3151 = VERTEX_POINT('',#3152);
#3152 = CARTESIAN_POINT('',(19.475,13.75,1.6));
#3153 = VERTEX_POINT('',#3154);
#3154 = CARTESIAN_POINT('',(19.475,13.75,1.635));
#3155 = LINE('',#3156,#3157);
#3156 = CARTESIAN_POINT('',(19.475,13.75,1.6));
#3157 = VECTOR('',#3158,1.);
#3158 = DIRECTION('',(0.,0.,1.));
#3159 = ORIENTED_EDGE('',*,*,#3160,.T.);
#3160 = EDGE_CURVE('',#3151,#3161,#3163,.T.);
#3161 = VERTEX_POINT('',#3162);
#3162 = CARTESIAN_POINT('',(19.475,14.35,1.6));
#3163 = LINE('',#3164,#3165);
#3164 = CARTESIAN_POINT('',(19.475,13.75,1.6));
#3165 = VECTOR('',#3166,1.);
#3166 = DIRECTION('',(0.,1.,0.));
#3167 = ORIENTED_EDGE('',*,*,#3168,.T.);
#3168 = EDGE_CURVE('',#3161,#3169,#3171,.T.);
#3169 = VERTEX_POINT('',#3170);
#3170 = CARTESIAN_POINT('',(19.475,14.35,1.635));
#3171 = LINE('',#3172,#3173);
#3172 = CARTESIAN_POINT('',(19.475,14.35,1.6));
#3173 = VECTOR('',#3174,1.);
#3174 = DIRECTION('',(0.,0.,1.));
#3175 = ORIENTED_EDGE('',*,*,#3176,.F.);
#3176 = EDGE_CURVE('',#3153,#3169,#3177,.T.);
#3177 = LINE('',#3178,#3179);
#3178 = CARTESIAN_POINT('',(19.475,13.75,1.635));
#3179 = VECTOR('',#3180,1.);
#3180 = DIRECTION('',(0.,1.,0.));
#3181 = PLANE('',#3182);
#3182 = AXIS2_PLACEMENT_3D('',#3183,#3184,#3185);
#3183 = CARTESIAN_POINT('',(19.475,13.75,1.6));
#3184 = DIRECTION('',(1.,0.,0.));
#3185 = DIRECTION('',(0.,0.,1.));
#3186 = ADVANCED_FACE('',(#3187),#3221,.T.);
#3187 = FACE_BOUND('',#3188,.T.);
#3188 = EDGE_LOOP('',(#3189,#3199,#3207,#3215));
#3189 = ORIENTED_EDGE('',*,*,#3190,.F.);
#3190 = EDGE_CURVE('',#3191,#3193,#3195,.T.);
#3191 = VERTEX_POINT('',#3192);
#3192 = CARTESIAN_POINT('',(20.8,13.75,1.6));
#3193 = VERTEX_POINT('',#3194);
#3194 = CARTESIAN_POINT('',(20.8,13.75,1.635));
#3195 = LINE('',#3196,#3197);
#3196 = CARTESIAN_POINT('',(20.8,13.75,1.6));
#3197 = VECTOR('',#3198,1.);
#3198 = DIRECTION('',(0.,0.,1.));
#3199 = ORIENTED_EDGE('',*,*,#3200,.T.);
#3200 = EDGE_CURVE('',#3191,#3201,#3203,.T.);
#3201 = VERTEX_POINT('',#3202);
#3202 = CARTESIAN_POINT('',(20.8,14.35,1.6));
#3203 = LINE('',#3204,#3205);
#3204 = CARTESIAN_POINT('',(20.8,13.75,1.6));
#3205 = VECTOR('',#3206,1.);
#3206 = DIRECTION('',(0.,1.,0.));
#3207 = ORIENTED_EDGE('',*,*,#3208,.T.);
#3208 = EDGE_CURVE('',#3201,#3209,#3211,.T.);
#3209 = VERTEX_POINT('',#3210);
#3210 = CARTESIAN_POINT('',(20.8,14.35,1.635));
#3211 = LINE('',#3212,#3213);
#3212 = CARTESIAN_POINT('',(20.8,14.35,1.6));
#3213 = VECTOR('',#3214,1.);
#3214 = DIRECTION('',(0.,0.,1.));
#3215 = ORIENTED_EDGE('',*,*,#3216,.F.);
#3216 = EDGE_CURVE('',#3193,#3209,#3217,.T.);
#3217 = LINE('',#3218,#3219);
#3218 = CARTESIAN_POINT('',(20.8,13.75,1.635));
#3219 = VECTOR('',#3220,1.);
#3220 = DIRECTION('',(0.,1.,0.));
#3221 = PLANE('',#3222);
#3222 = AXIS2_PLACEMENT_3D('',#3223,#3224,#3225);
#3223 = CARTESIAN_POINT('',(20.8,13.75,1.6));
#3224 = DIRECTION('',(1.,0.,0.));
#3225 = DIRECTION('',(0.,0.,1.));
#3226 = ADVANCED_FACE('',(#3227),#3243,.F.);
#3227 = FACE_BOUND('',#3228,.F.);
#3228 = EDGE_LOOP('',(#3229,#3235,#3236,#3242));
#3229 = ORIENTED_EDGE('',*,*,#3230,.F.);
#3230 = EDGE_CURVE('',#3151,#3191,#3231,.T.);
#3231 = LINE('',#3232,#3233);
#3232 = CARTESIAN_POINT('',(19.475,13.75,1.6));
#3233 = VECTOR('',#3234,1.);
#3234 = DIRECTION('',(1.,0.,0.));
#3235 = ORIENTED_EDGE('',*,*,#3150,.T.);
#3236 = ORIENTED_EDGE('',*,*,#3237,.T.);
#3237 = EDGE_CURVE('',#3153,#3193,#3238,.T.);
#3238 = LINE('',#3239,#3240);
#3239 = CARTESIAN_POINT('',(19.475,13.75,1.635));
#3240 = VECTOR('',#3241,1.);
#3241 = DIRECTION('',(1.,0.,0.));
#3242 = ORIENTED_EDGE('',*,*,#3190,.F.);
#3243 = PLANE('',#3244);
#3244 = AXIS2_PLACEMENT_3D('',#3245,#3246,#3247);
#3245 = CARTESIAN_POINT('',(19.475,13.75,1.6));
#3246 = DIRECTION('',(0.,1.,0.));
#3247 = DIRECTION('',(0.,0.,1.));
#3248 = ADVANCED_FACE('',(#3249),#3265,.T.);
#3249 = FACE_BOUND('',#3250,.T.);
#3250 = EDGE_LOOP('',(#3251,#3257,#3258,#3264));
#3251 = ORIENTED_EDGE('',*,*,#3252,.F.);
#3252 = EDGE_CURVE('',#3161,#3201,#3253,.T.);
#3253 = LINE('',#3254,#3255);
#3254 = CARTESIAN_POINT('',(19.475,14.35,1.6));
#3255 = VECTOR('',#3256,1.);
#3256 = DIRECTION('',(1.,0.,0.));
#3257 = ORIENTED_EDGE('',*,*,#3168,.T.);
#3258 = ORIENTED_EDGE('',*,*,#3259,.T.);
#3259 = EDGE_CURVE('',#3169,#3209,#3260,.T.);
#3260 = LINE('',#3261,#3262);
#3261 = CARTESIAN_POINT('',(19.475,14.35,1.635));
#3262 = VECTOR('',#3263,1.);
#3263 = DIRECTION('',(1.,0.,0.));
#3264 = ORIENTED_EDGE('',*,*,#3208,.F.);
#3265 = PLANE('',#3266);
#3266 = AXIS2_PLACEMENT_3D('',#3267,#3268,#3269);
#3267 = CARTESIAN_POINT('',(19.475,14.35,1.6));
#3268 = DIRECTION('',(0.,1.,0.));
#3269 = DIRECTION('',(0.,0.,1.));
#3270 = ADVANCED_FACE('',(#3271),#3277,.F.);
#3271 = FACE_BOUND('',#3272,.F.);
#3272 = EDGE_LOOP('',(#3273,#3274,#3275,#3276));
#3273 = ORIENTED_EDGE('',*,*,#3160,.F.);
#3274 = ORIENTED_EDGE('',*,*,#3230,.T.);
#3275 = ORIENTED_EDGE('',*,*,#3200,.T.);
#3276 = ORIENTED_EDGE('',*,*,#3252,.F.);
#3277 = PLANE('',#3278);
#3278 = AXIS2_PLACEMENT_3D('',#3279,#3280,#3281);
#3279 = CARTESIAN_POINT('',(19.475,13.75,1.6));
#3280 = DIRECTION('',(0.,0.,1.));
#3281 = DIRECTION('',(1.,0.,0.));
#3282 = ADVANCED_FACE('',(#3283),#3289,.T.);
#3283 = FACE_BOUND('',#3284,.T.);
#3284 = EDGE_LOOP('',(#3285,#3286,#3287,#3288));
#3285 = ORIENTED_EDGE('',*,*,#3176,.F.);
#3286 = ORIENTED_EDGE('',*,*,#3237,.T.);
#3287 = ORIENTED_EDGE('',*,*,#3216,.T.);
#3288 = ORIENTED_EDGE('',*,*,#3259,.F.);
#3289 = PLANE('',#3290);
#3290 = AXIS2_PLACEMENT_3D('',#3291,#3292,#3293);
#3291 = CARTESIAN_POINT('',(19.475,13.75,1.635));
#3292 = DIRECTION('',(0.,0.,1.));
#3293 = DIRECTION('',(1.,0.,0.));
#3294 = MANIFOLD_SOLID_BREP('',#3295);
#3295 = CLOSED_SHELL('',(#3296,#3336,#3376,#3398,#3420,#3432));
#3296 = ADVANCED_FACE('',(#3297),#3331,.F.);
#3297 = FACE_BOUND('',#3298,.F.);
#3298 = EDGE_LOOP('',(#3299,#3309,#3317,#3325));
#3299 = ORIENTED_EDGE('',*,*,#3300,.F.);
#3300 = EDGE_CURVE('',#3301,#3303,#3305,.T.);
#3301 = VERTEX_POINT('',#3302);
#3302 = CARTESIAN_POINT('',(19.475,14.7,1.6));
#3303 = VERTEX_POINT('',#3304);
#3304 = CARTESIAN_POINT('',(19.475,14.7,1.635));
#3305 = LINE('',#3306,#3307);
#3306 = CARTESIAN_POINT('',(19.475,14.7,1.6));
#3307 = VECTOR('',#3308,1.);
#3308 = DIRECTION('',(0.,0.,1.));
#3309 = ORIENTED_EDGE('',*,*,#3310,.T.);
#3310 = EDGE_CURVE('',#3301,#3311,#3313,.T.);
#3311 = VERTEX_POINT('',#3312);
#3312 = CARTESIAN_POINT('',(19.475,15.3,1.6));
#3313 = LINE('',#3314,#3315);
#3314 = CARTESIAN_POINT('',(19.475,14.7,1.6));
#3315 = VECTOR('',#3316,1.);
#3316 = DIRECTION('',(0.,1.,0.));
#3317 = ORIENTED_EDGE('',*,*,#3318,.T.);
#3318 = EDGE_CURVE('',#3311,#3319,#3321,.T.);
#3319 = VERTEX_POINT('',#3320);
#3320 = CARTESIAN_POINT('',(19.475,15.3,1.635));
#3321 = LINE('',#3322,#3323);
#3322 = CARTESIAN_POINT('',(19.475,15.3,1.6));
#3323 = VECTOR('',#3324,1.);
#3324 = DIRECTION('',(0.,0.,1.));
#3325 = ORIENTED_EDGE('',*,*,#3326,.F.);
#3326 = EDGE_CURVE('',#3303,#3319,#3327,.T.);
#3327 = LINE('',#3328,#3329);
#3328 = CARTESIAN_POINT('',(19.475,14.7,1.635));
#3329 = VECTOR('',#3330,1.);
#3330 = DIRECTION('',(0.,1.,0.));
#3331 = PLANE('',#3332);
#3332 = AXIS2_PLACEMENT_3D('',#3333,#3334,#3335);
#3333 = CARTESIAN_POINT('',(19.475,14.7,1.6));
#3334 = DIRECTION('',(1.,0.,0.));
#3335 = DIRECTION('',(0.,0.,1.));
#3336 = ADVANCED_FACE('',(#3337),#3371,.T.);
#3337 = FACE_BOUND('',#3338,.T.);
#3338 = EDGE_LOOP('',(#3339,#3349,#3357,#3365));
#3339 = ORIENTED_EDGE('',*,*,#3340,.F.);
#3340 = EDGE_CURVE('',#3341,#3343,#3345,.T.);
#3341 = VERTEX_POINT('',#3342);
#3342 = CARTESIAN_POINT('',(20.8,14.7,1.6));
#3343 = VERTEX_POINT('',#3344);
#3344 = CARTESIAN_POINT('',(20.8,14.7,1.635));
#3345 = LINE('',#3346,#3347);
#3346 = CARTESIAN_POINT('',(20.8,14.7,1.6));
#3347 = VECTOR('',#3348,1.);
#3348 = DIRECTION('',(0.,0.,1.));
#3349 = ORIENTED_EDGE('',*,*,#3350,.T.);
#3350 = EDGE_CURVE('',#3341,#3351,#3353,.T.);
#3351 = VERTEX_POINT('',#3352);
#3352 = CARTESIAN_POINT('',(20.8,15.3,1.6));
#3353 = LINE('',#3354,#3355);
#3354 = CARTESIAN_POINT('',(20.8,14.7,1.6));
#3355 = VECTOR('',#3356,1.);
#3356 = DIRECTION('',(0.,1.,0.));
#3357 = ORIENTED_EDGE('',*,*,#3358,.T.);
#3358 = EDGE_CURVE('',#3351,#3359,#3361,.T.);
#3359 = VERTEX_POINT('',#3360);
#3360 = CARTESIAN_POINT('',(20.8,15.3,1.635));
#3361 = LINE('',#3362,#3363);
#3362 = CARTESIAN_POINT('',(20.8,15.3,1.6));
#3363 = VECTOR('',#3364,1.);
#3364 = DIRECTION('',(0.,0.,1.));
#3365 = ORIENTED_EDGE('',*,*,#3366,.F.);
#3366 = EDGE_CURVE('',#3343,#3359,#3367,.T.);
#3367 = LINE('',#3368,#3369);
#3368 = CARTESIAN_POINT('',(20.8,14.7,1.635));
#3369 = VECTOR('',#3370,1.);
#3370 = DIRECTION('',(0.,1.,0.));
#3371 = PLANE('',#3372);
#3372 = AXIS2_PLACEMENT_3D('',#3373,#3374,#3375);
#3373 = CARTESIAN_POINT('',(20.8,14.7,1.6));
#3374 = DIRECTION('',(1.,0.,0.));
#3375 = DIRECTION('',(0.,0.,1.));
#3376 = ADVANCED_FACE('',(#3377),#3393,.F.);
#3377 = FACE_BOUND('',#3378,.F.);
#3378 = EDGE_LOOP('',(#3379,#3385,#3386,#3392));
#3379 = ORIENTED_EDGE('',*,*,#3380,.F.);
#3380 = EDGE_CURVE('',#3301,#3341,#3381,.T.);
#3381 = LINE('',#3382,#3383);
#3382 = CARTESIAN_POINT('',(19.475,14.7,1.6));
#3383 = VECTOR('',#3384,1.);
#3384 = DIRECTION('',(1.,0.,0.));
#3385 = ORIENTED_EDGE('',*,*,#3300,.T.);
#3386 = ORIENTED_EDGE('',*,*,#3387,.T.);
#3387 = EDGE_CURVE('',#3303,#3343,#3388,.T.);
#3388 = LINE('',#3389,#3390);
#3389 = CARTESIAN_POINT('',(19.475,14.7,1.635));
#3390 = VECTOR('',#3391,1.);
#3391 = DIRECTION('',(1.,0.,0.));
#3392 = ORIENTED_EDGE('',*,*,#3340,.F.);
#3393 = PLANE('',#3394);
#3394 = AXIS2_PLACEMENT_3D('',#3395,#3396,#3397);
#3395 = CARTESIAN_POINT('',(19.475,14.7,1.6));
#3396 = DIRECTION('',(0.,1.,0.));
#3397 = DIRECTION('',(0.,0.,1.));
#3398 = ADVANCED_FACE('',(#3399),#3415,.T.);
#3399 = FACE_BOUND('',#3400,.T.);
#3400 = EDGE_LOOP('',(#3401,#3407,#3408,#3414));
#3401 = ORIENTED_EDGE('',*,*,#3402,.F.);
#3402 = EDGE_CURVE('',#3311,#3351,#3403,.T.);
#3403 = LINE('',#3404,#3405);
#3404 = CARTESIAN_POINT('',(19.475,15.3,1.6));
#3405 = VECTOR('',#3406,1.);
#3406 = DIRECTION('',(1.,0.,0.));
#3407 = ORIENTED_EDGE('',*,*,#3318,.T.);
#3408 = ORIENTED_EDGE('',*,*,#3409,.T.);
#3409 = EDGE_CURVE('',#3319,#3359,#3410,.T.);
#3410 = LINE('',#3411,#3412);
#3411 = CARTESIAN_POINT('',(19.475,15.3,1.635));
#3412 = VECTOR('',#3413,1.);
#3413 = DIRECTION('',(1.,0.,0.));
#3414 = ORIENTED_EDGE('',*,*,#3358,.F.);
#3415 = PLANE('',#3416);
#3416 = AXIS2_PLACEMENT_3D('',#3417,#3418,#3419);
#3417 = CARTESIAN_POINT('',(19.475,15.3,1.6));
#3418 = DIRECTION('',(0.,1.,0.));
#3419 = DIRECTION('',(0.,0.,1.));
#3420 = ADVANCED_FACE('',(#3421),#3427,.F.);
#3421 = FACE_BOUND('',#3422,.F.);
#3422 = EDGE_LOOP('',(#3423,#3424,#3425,#3426));
#3423 = ORIENTED_EDGE('',*,*,#3310,.F.);
#3424 = ORIENTED_EDGE('',*,*,#3380,.T.);
#3425 = ORIENTED_EDGE('',*,*,#3350,.T.);
#3426 = ORIENTED_EDGE('',*,*,#3402,.F.);
#3427 = PLANE('',#3428);
#3428 = AXIS2_PLACEMENT_3D('',#3429,#3430,#3431);
#3429 = CARTESIAN_POINT('',(19.475,14.7,1.6));
#3430 = DIRECTION('',(0.,0.,1.));
#3431 = DIRECTION('',(1.,0.,0.));
#3432 = ADVANCED_FACE('',(#3433),#3439,.T.);
#3433 = FACE_BOUND('',#3434,.T.);
#3434 = EDGE_LOOP('',(#3435,#3436,#3437,#3438));
#3435 = ORIENTED_EDGE('',*,*,#3326,.F.);
#3436 = ORIENTED_EDGE('',*,*,#3387,.T.);
#3437 = ORIENTED_EDGE('',*,*,#3366,.T.);
#3438 = ORIENTED_EDGE('',*,*,#3409,.F.);
#3439 = PLANE('',#3440);
#3440 = AXIS2_PLACEMENT_3D('',#3441,#3442,#3443);
#3441 = CARTESIAN_POINT('',(19.475,14.7,1.635));
#3442 = DIRECTION('',(0.,0.,1.));
#3443 = DIRECTION('',(1.,0.,0.));
#3444 = MANIFOLD_SOLID_BREP('',#3445);
#3445 = CLOSED_SHELL('',(#3446,#3486,#3526,#3548,#3570,#3582));
#3446 = ADVANCED_FACE('',(#3447),#3481,.F.);
#3447 = FACE_BOUND('',#3448,.F.);
#3448 = EDGE_LOOP('',(#3449,#3459,#3467,#3475));
#3449 = ORIENTED_EDGE('',*,*,#3450,.F.);
#3450 = EDGE_CURVE('',#3451,#3453,#3455,.T.);
#3451 = VERTEX_POINT('',#3452);
#3452 = CARTESIAN_POINT('',(19.475,15.65,1.6));
#3453 = VERTEX_POINT('',#3454);
#3454 = CARTESIAN_POINT('',(19.475,15.65,1.635));
#3455 = LINE('',#3456,#3457);
#3456 = CARTESIAN_POINT('',(19.475,15.65,1.6));
#3457 = VECTOR('',#3458,1.);
#3458 = DIRECTION('',(0.,0.,1.));
#3459 = ORIENTED_EDGE('',*,*,#3460,.T.);
#3460 = EDGE_CURVE('',#3451,#3461,#3463,.T.);
#3461 = VERTEX_POINT('',#3462);
#3462 = CARTESIAN_POINT('',(19.475,16.25,1.6));
#3463 = LINE('',#3464,#3465);
#3464 = CARTESIAN_POINT('',(19.475,15.65,1.6));
#3465 = VECTOR('',#3466,1.);
#3466 = DIRECTION('',(0.,1.,0.));
#3467 = ORIENTED_EDGE('',*,*,#3468,.T.);
#3468 = EDGE_CURVE('',#3461,#3469,#3471,.T.);
#3469 = VERTEX_POINT('',#3470);
#3470 = CARTESIAN_POINT('',(19.475,16.25,1.635));
#3471 = LINE('',#3472,#3473);
#3472 = CARTESIAN_POINT('',(19.475,16.25,1.6));
#3473 = VECTOR('',#3474,1.);
#3474 = DIRECTION('',(0.,0.,1.));
#3475 = ORIENTED_EDGE('',*,*,#3476,.F.);
#3476 = EDGE_CURVE('',#3453,#3469,#3477,.T.);
#3477 = LINE('',#3478,#3479);
#3478 = CARTESIAN_POINT('',(19.475,15.65,1.635));
#3479 = VECTOR('',#3480,1.);
#3480 = DIRECTION('',(0.,1.,0.));
#3481 = PLANE('',#3482);
#3482 = AXIS2_PLACEMENT_3D('',#3483,#3484,#3485);
#3483 = CARTESIAN_POINT('',(19.475,15.65,1.6));
#3484 = DIRECTION('',(1.,0.,0.));
#3485 = DIRECTION('',(0.,0.,1.));
#3486 = ADVANCED_FACE('',(#3487),#3521,.T.);
#3487 = FACE_BOUND('',#3488,.T.);
#3488 = EDGE_LOOP('',(#3489,#3499,#3507,#3515));
#3489 = ORIENTED_EDGE('',*,*,#3490,.F.);
#3490 = EDGE_CURVE('',#3491,#3493,#3495,.T.);
#3491 = VERTEX_POINT('',#3492);
#3492 = CARTESIAN_POINT('',(20.8,15.65,1.6));
#3493 = VERTEX_POINT('',#3494);
#3494 = CARTESIAN_POINT('',(20.8,15.65,1.635));
#3495 = LINE('',#3496,#3497);
#3496 = CARTESIAN_POINT('',(20.8,15.65,1.6));
#3497 = VECTOR('',#3498,1.);
#3498 = DIRECTION('',(0.,0.,1.));
#3499 = ORIENTED_EDGE('',*,*,#3500,.T.);
#3500 = EDGE_CURVE('',#3491,#3501,#3503,.T.);
#3501 = VERTEX_POINT('',#3502);
#3502 = CARTESIAN_POINT('',(20.8,16.25,1.6));
#3503 = LINE('',#3504,#3505);
#3504 = CARTESIAN_POINT('',(20.8,15.65,1.6));
#3505 = VECTOR('',#3506,1.);
#3506 = DIRECTION('',(0.,1.,0.));
#3507 = ORIENTED_EDGE('',*,*,#3508,.T.);
#3508 = EDGE_CURVE('',#3501,#3509,#3511,.T.);
#3509 = VERTEX_POINT('',#3510);
#3510 = CARTESIAN_POINT('',(20.8,16.25,1.635));
#3511 = LINE('',#3512,#3513);
#3512 = CARTESIAN_POINT('',(20.8,16.25,1.6));
#3513 = VECTOR('',#3514,1.);
#3514 = DIRECTION('',(0.,0.,1.));
#3515 = ORIENTED_EDGE('',*,*,#3516,.F.);
#3516 = EDGE_CURVE('',#3493,#3509,#3517,.T.);
#3517 = LINE('',#3518,#3519);
#3518 = CARTESIAN_POINT('',(20.8,15.65,1.635));
#3519 = VECTOR('',#3520,1.);
#3520 = DIRECTION('',(0.,1.,0.));
#3521 = PLANE('',#3522);
#3522 = AXIS2_PLACEMENT_3D('',#3523,#3524,#3525);
#3523 = CARTESIAN_POINT('',(20.8,15.65,1.6));
#3524 = DIRECTION('',(1.,0.,0.));
#3525 = DIRECTION('',(0.,0.,1.));
#3526 = ADVANCED_FACE('',(#3527),#3543,.F.);
#3527 = FACE_BOUND('',#3528,.F.);
#3528 = EDGE_LOOP('',(#3529,#3535,#3536,#3542));
#3529 = ORIENTED_EDGE('',*,*,#3530,.F.);
#3530 = EDGE_CURVE('',#3451,#3491,#3531,.T.);
#3531 = LINE('',#3532,#3533);
#3532 = CARTESIAN_POINT('',(19.475,15.65,1.6));
#3533 = VECTOR('',#3534,1.);
#3534 = DIRECTION('',(1.,0.,0.));
#3535 = ORIENTED_EDGE('',*,*,#3450,.T.);
#3536 = ORIENTED_EDGE('',*,*,#3537,.T.);
#3537 = EDGE_CURVE('',#3453,#3493,#3538,.T.);
#3538 = LINE('',#3539,#3540);
#3539 = CARTESIAN_POINT('',(19.475,15.65,1.635));
#3540 = VECTOR('',#3541,1.);
#3541 = DIRECTION('',(1.,0.,0.));
#3542 = ORIENTED_EDGE('',*,*,#3490,.F.);
#3543 = PLANE('',#3544);
#3544 = AXIS2_PLACEMENT_3D('',#3545,#3546,#3547);
#3545 = CARTESIAN_POINT('',(19.475,15.65,1.6));
#3546 = DIRECTION('',(0.,1.,0.));
#3547 = DIRECTION('',(0.,0.,1.));
#3548 = ADVANCED_FACE('',(#3549),#3565,.T.);
#3549 = FACE_BOUND('',#3550,.T.);
#3550 = EDGE_LOOP('',(#3551,#3557,#3558,#3564));
#3551 = ORIENTED_EDGE('',*,*,#3552,.F.);
#3552 = EDGE_CURVE('',#3461,#3501,#3553,.T.);
#3553 = LINE('',#3554,#3555);
#3554 = CARTESIAN_POINT('',(19.475,16.25,1.6));
#3555 = VECTOR('',#3556,1.);
#3556 = DIRECTION('',(1.,0.,0.));
#3557 = ORIENTED_EDGE('',*,*,#3468,.T.);
#3558 = ORIENTED_EDGE('',*,*,#3559,.T.);
#3559 = EDGE_CURVE('',#3469,#3509,#3560,.T.);
#3560 = LINE('',#3561,#3562);
#3561 = CARTESIAN_POINT('',(19.475,16.25,1.635));
#3562 = VECTOR('',#3563,1.);
#3563 = DIRECTION('',(1.,0.,0.));
#3564 = ORIENTED_EDGE('',*,*,#3508,.F.);
#3565 = PLANE('',#3566);
#3566 = AXIS2_PLACEMENT_3D('',#3567,#3568,#3569);
#3567 = CARTESIAN_POINT('',(19.475,16.25,1.6));
#3568 = DIRECTION('',(0.,1.,0.));
#3569 = DIRECTION('',(0.,0.,1.));
#3570 = ADVANCED_FACE('',(#3571),#3577,.F.);
#3571 = FACE_BOUND('',#3572,.F.);
#3572 = EDGE_LOOP('',(#3573,#3574,#3575,#3576));
#3573 = ORIENTED_EDGE('',*,*,#3460,.F.);
#3574 = ORIENTED_EDGE('',*,*,#3530,.T.);
#3575 = ORIENTED_EDGE('',*,*,#3500,.T.);
#3576 = ORIENTED_EDGE('',*,*,#3552,.F.);
#3577 = PLANE('',#3578);
#3578 = AXIS2_PLACEMENT_3D('',#3579,#3580,#3581);
#3579 = CARTESIAN_POINT('',(19.475,15.65,1.6));
#3580 = DIRECTION('',(0.,0.,1.));
#3581 = DIRECTION('',(1.,0.,0.));
#3582 = ADVANCED_FACE('',(#3583),#3589,.T.);
#3583 = FACE_BOUND('',#3584,.T.);
#3584 = EDGE_LOOP('',(#3585,#3586,#3587,#3588));
#3585 = ORIENTED_EDGE('',*,*,#3476,.F.);
#3586 = ORIENTED_EDGE('',*,*,#3537,.T.);
#3587 = ORIENTED_EDGE('',*,*,#3516,.T.);
#3588 = ORIENTED_EDGE('',*,*,#3559,.F.);
#3589 = PLANE('',#3590);
#3590 = AXIS2_PLACEMENT_3D('',#3591,#3592,#3593);
#3591 = CARTESIAN_POINT('',(19.475,15.65,1.635));
#3592 = DIRECTION('',(0.,0.,1.));
#3593 = DIRECTION('',(1.,0.,0.));
#3594 = MANIFOLD_SOLID_BREP('',#3595);
#3595 = CLOSED_SHELL('',(#3596,#3636,#3676,#3698,#3720,#3732));
#3596 = ADVANCED_FACE('',(#3597),#3631,.F.);
#3597 = FACE_BOUND('',#3598,.F.);
#3598 = EDGE_LOOP('',(#3599,#3609,#3617,#3625));
#3599 = ORIENTED_EDGE('',*,*,#3600,.F.);
#3600 = EDGE_CURVE('',#3601,#3603,#3605,.T.);
#3601 = VERTEX_POINT('',#3602);
#3602 = CARTESIAN_POINT('',(21.15,28.5,1.6));
#3603 = VERTEX_POINT('',#3604);
#3604 = CARTESIAN_POINT('',(21.15,28.5,3.05));
#3605 = LINE('',#3606,#3607);
#3606 = CARTESIAN_POINT('',(21.15,28.5,1.6));
#3607 = VECTOR('',#3608,1.);
#3608 = DIRECTION('',(0.,0.,1.));
#3609 = ORIENTED_EDGE('',*,*,#3610,.T.);
#3610 = EDGE_CURVE('',#3601,#3611,#3613,.T.);
#3611 = VERTEX_POINT('',#3612);
#3612 = CARTESIAN_POINT('',(21.15,31.5,1.6));
#3613 = LINE('',#3614,#3615);
#3614 = CARTESIAN_POINT('',(21.15,28.5,1.6));
#3615 = VECTOR('',#3616,1.);
#3616 = DIRECTION('',(0.,1.,0.));
#3617 = ORIENTED_EDGE('',*,*,#3618,.T.);
#3618 = EDGE_CURVE('',#3611,#3619,#3621,.T.);
#3619 = VERTEX_POINT('',#3620);
#3620 = CARTESIAN_POINT('',(21.15,31.5,3.05));
#3621 = LINE('',#3622,#3623);
#3622 = CARTESIAN_POINT('',(21.15,31.5,1.6));
#3623 = VECTOR('',#3624,1.);
#3624 = DIRECTION('',(0.,0.,1.));
#3625 = ORIENTED_EDGE('',*,*,#3626,.F.);
#3626 = EDGE_CURVE('',#3603,#3619,#3627,.T.);
#3627 = LINE('',#3628,#3629);
#3628 = CARTESIAN_POINT('',(21.15,28.5,3.05));
#3629 = VECTOR('',#3630,1.);
#3630 = DIRECTION('',(0.,1.,0.));
#3631 = PLANE('',#3632);
#3632 = AXIS2_PLACEMENT_3D('',#3633,#3634,#3635);
#3633 = CARTESIAN_POINT('',(21.15,28.5,1.6));
#3634 = DIRECTION('',(1.,0.,0.));
#3635 = DIRECTION('',(0.,0.,1.));
#3636 = ADVANCED_FACE('',(#3637),#3671,.T.);
#3637 = FACE_BOUND('',#3638,.T.);
#3638 = EDGE_LOOP('',(#3639,#3649,#3657,#3665));
#3639 = ORIENTED_EDGE('',*,*,#3640,.F.);
#3640 = EDGE_CURVE('',#3641,#3643,#3645,.T.);
#3641 = VERTEX_POINT('',#3642);
#3642 = CARTESIAN_POINT('',(22.85,28.5,1.6));
#3643 = VERTEX_POINT('',#3644);
#3644 = CARTESIAN_POINT('',(22.85,28.5,3.05));
#3645 = LINE('',#3646,#3647);
#3646 = CARTESIAN_POINT('',(22.85,28.5,1.6));
#3647 = VECTOR('',#3648,1.);
#3648 = DIRECTION('',(0.,0.,1.));
#3649 = ORIENTED_EDGE('',*,*,#3650,.T.);
#3650 = EDGE_CURVE('',#3641,#3651,#3653,.T.);
#3651 = VERTEX_POINT('',#3652);
#3652 = CARTESIAN_POINT('',(22.85,31.5,1.6));
#3653 = LINE('',#3654,#3655);
#3654 = CARTESIAN_POINT('',(22.85,28.5,1.6));
#3655 = VECTOR('',#3656,1.);
#3656 = DIRECTION('',(0.,1.,0.));
#3657 = ORIENTED_EDGE('',*,*,#3658,.T.);
#3658 = EDGE_CURVE('',#3651,#3659,#3661,.T.);
#3659 = VERTEX_POINT('',#3660);
#3660 = CARTESIAN_POINT('',(22.85,31.5,3.05));
#3661 = LINE('',#3662,#3663);
#3662 = CARTESIAN_POINT('',(22.85,31.5,1.6));
#3663 = VECTOR('',#3664,1.);
#3664 = DIRECTION('',(0.,0.,1.));
#3665 = ORIENTED_EDGE('',*,*,#3666,.F.);
#3666 = EDGE_CURVE('',#3643,#3659,#3667,.T.);
#3667 = LINE('',#3668,#3669);
#3668 = CARTESIAN_POINT('',(22.85,28.5,3.05));
#3669 = VECTOR('',#3670,1.);
#3670 = DIRECTION('',(0.,1.,0.));
#3671 = PLANE('',#3672);
#3672 = AXIS2_PLACEMENT_3D('',#3673,#3674,#3675);
#3673 = CARTESIAN_POINT('',(22.85,28.5,1.6));
#3674 = DIRECTION('',(1.,0.,0.));
#3675 = DIRECTION('',(0.,0.,1.));
#3676 = ADVANCED_FACE('',(#3677),#3693,.F.);
#3677 = FACE_BOUND('',#3678,.F.);
#3678 = EDGE_LOOP('',(#3679,#3685,#3686,#3692));
#3679 = ORIENTED_EDGE('',*,*,#3680,.F.);
#3680 = EDGE_CURVE('',#3601,#3641,#3681,.T.);
#3681 = LINE('',#3682,#3683);
#3682 = CARTESIAN_POINT('',(21.15,28.5,1.6));
#3683 = VECTOR('',#3684,1.);
#3684 = DIRECTION('',(1.,0.,0.));
#3685 = ORIENTED_EDGE('',*,*,#3600,.T.);
#3686 = ORIENTED_EDGE('',*,*,#3687,.T.);
#3687 = EDGE_CURVE('',#3603,#3643,#3688,.T.);
#3688 = LINE('',#3689,#3690);
#3689 = CARTESIAN_POINT('',(21.15,28.5,3.05));
#3690 = VECTOR('',#3691,1.);
#3691 = DIRECTION('',(1.,0.,0.));
#3692 = ORIENTED_EDGE('',*,*,#3640,.F.);
#3693 = PLANE('',#3694);
#3694 = AXIS2_PLACEMENT_3D('',#3695,#3696,#3697);
#3695 = CARTESIAN_POINT('',(21.15,28.5,1.6));
#3696 = DIRECTION('',(0.,1.,0.));
#3697 = DIRECTION('',(0.,0.,1.));
#3698 = ADVANCED_FACE('',(#3699),#3715,.T.);
#3699 = FACE_BOUND('',#3700,.T.);
#3700 = EDGE_LOOP('',(#3701,#3707,#3708,#3714));
#3701 = ORIENTED_EDGE('',*,*,#3702,.F.);
#3702 = EDGE_CURVE('',#3611,#3651,#3703,.T.);
#3703 = LINE('',#3704,#3705);
#3704 = CARTESIAN_POINT('',(21.15,31.5,1.6));
#3705 = VECTOR('',#3706,1.);
#3706 = DIRECTION('',(1.,0.,0.));
#3707 = ORIENTED_EDGE('',*,*,#3618,.T.);
#3708 = ORIENTED_EDGE('',*,*,#3709,.T.);
#3709 = EDGE_CURVE('',#3619,#3659,#3710,.T.);
#3710 = LINE('',#3711,#3712);
#3711 = CARTESIAN_POINT('',(21.15,31.5,3.05));
#3712 = VECTOR('',#3713,1.);
#3713 = DIRECTION('',(1.,0.,0.));
#3714 = ORIENTED_EDGE('',*,*,#3658,.F.);
#3715 = PLANE('',#3716);
#3716 = AXIS2_PLACEMENT_3D('',#3717,#3718,#3719);
#3717 = CARTESIAN_POINT('',(21.15,31.5,1.6));
#3718 = DIRECTION('',(0.,1.,0.));
#3719 = DIRECTION('',(0.,0.,1.));
#3720 = ADVANCED_FACE('',(#3721),#3727,.F.);
#3721 = FACE_BOUND('',#3722,.F.);
#3722 = EDGE_LOOP('',(#3723,#3724,#3725,#3726));
#3723 = ORIENTED_EDGE('',*,*,#3610,.F.);
#3724 = ORIENTED_EDGE('',*,*,#3680,.T.);
#3725 = ORIENTED_EDGE('',*,*,#3650,.T.);
#3726 = ORIENTED_EDGE('',*,*,#3702,.F.);
#3727 = PLANE('',#3728);
#3728 = AXIS2_PLACEMENT_3D('',#3729,#3730,#3731);
#3729 = CARTESIAN_POINT('',(21.15,28.5,1.6));
#3730 = DIRECTION('',(0.,0.,1.));
#3731 = DIRECTION('',(1.,0.,0.));
#3732 = ADVANCED_FACE('',(#3733),#3739,.T.);
#3733 = FACE_BOUND('',#3734,.T.);
#3734 = EDGE_LOOP('',(#3735,#3736,#3737,#3738));
#3735 = ORIENTED_EDGE('',*,*,#3626,.F.);
#3736 = ORIENTED_EDGE('',*,*,#3687,.T.);
#3737 = ORIENTED_EDGE('',*,*,#3666,.T.);
#3738 = ORIENTED_EDGE('',*,*,#3709,.F.);
#3739 = PLANE('',#3740);
#3740 = AXIS2_PLACEMENT_3D('',#3741,#3742,#3743);
#3741 = CARTESIAN_POINT('',(21.15,28.5,3.05));
#3742 = DIRECTION('',(0.,0.,1.));
#3743 = DIRECTION('',(1.,0.,0.));
#3744 = MANIFOLD_SOLID_BREP('',#3745);
#3745 = CLOSED_SHELL('',(#3746,#3786,#3826,#3848,#3870,#3882));
#3746 = ADVANCED_FACE('',(#3747),#3781,.F.);
#3747 = FACE_BOUND('',#3748,.F.);
#3748 = EDGE_LOOP('',(#3749,#3759,#3767,#3775));
#3749 = ORIENTED_EDGE('',*,*,#3750,.F.);
#3750 = EDGE_CURVE('',#3751,#3753,#3755,.T.);
#3751 = VERTEX_POINT('',#3752);
#3752 = CARTESIAN_POINT('',(20.2,30.65,1.6));
#3753 = VERTEX_POINT('',#3754);
#3754 = CARTESIAN_POINT('',(20.2,30.65,1.635));
#3755 = LINE('',#3756,#3757);
#3756 = CARTESIAN_POINT('',(20.2,30.65,1.6));
#3757 = VECTOR('',#3758,1.);
#3758 = DIRECTION('',(0.,0.,1.));
#3759 = ORIENTED_EDGE('',*,*,#3760,.T.);
#3760 = EDGE_CURVE('',#3751,#3761,#3763,.T.);
#3761 = VERTEX_POINT('',#3762);
#3762 = CARTESIAN_POINT('',(20.2,31.25,1.6));
#3763 = LINE('',#3764,#3765);
#3764 = CARTESIAN_POINT('',(20.2,30.65,1.6));
#3765 = VECTOR('',#3766,1.);
#3766 = DIRECTION('',(0.,1.,0.));
#3767 = ORIENTED_EDGE('',*,*,#3768,.T.);
#3768 = EDGE_CURVE('',#3761,#3769,#3771,.T.);
#3769 = VERTEX_POINT('',#3770);
#3770 = CARTESIAN_POINT('',(20.2,31.25,1.635));
#3771 = LINE('',#3772,#3773);
#3772 = CARTESIAN_POINT('',(20.2,31.25,1.6));
#3773 = VECTOR('',#3774,1.);
#3774 = DIRECTION('',(0.,0.,1.));
#3775 = ORIENTED_EDGE('',*,*,#3776,.F.);
#3776 = EDGE_CURVE('',#3753,#3769,#3777,.T.);
#3777 = LINE('',#3778,#3779);
#3778 = CARTESIAN_POINT('',(20.2,30.65,1.635));
#3779 = VECTOR('',#3780,1.);
#3780 = DIRECTION('',(0.,1.,0.));
#3781 = PLANE('',#3782);
#3782 = AXIS2_PLACEMENT_3D('',#3783,#3784,#3785);
#3783 = CARTESIAN_POINT('',(20.2,30.65,1.6));
#3784 = DIRECTION('',(1.,0.,0.));
#3785 = DIRECTION('',(0.,0.,1.));
#3786 = ADVANCED_FACE('',(#3787),#3821,.T.);
#3787 = FACE_BOUND('',#3788,.T.);
#3788 = EDGE_LOOP('',(#3789,#3799,#3807,#3815));
#3789 = ORIENTED_EDGE('',*,*,#3790,.F.);
#3790 = EDGE_CURVE('',#3791,#3793,#3795,.T.);
#3791 = VERTEX_POINT('',#3792);
#3792 = CARTESIAN_POINT('',(21.525,30.65,1.6));
#3793 = VERTEX_POINT('',#3794);
#3794 = CARTESIAN_POINT('',(21.525,30.65,1.635));
#3795 = LINE('',#3796,#3797);
#3796 = CARTESIAN_POINT('',(21.525,30.65,1.6));
#3797 = VECTOR('',#3798,1.);
#3798 = DIRECTION('',(0.,0.,1.));
#3799 = ORIENTED_EDGE('',*,*,#3800,.T.);
#3800 = EDGE_CURVE('',#3791,#3801,#3803,.T.);
#3801 = VERTEX_POINT('',#3802);
#3802 = CARTESIAN_POINT('',(21.525,31.25,1.6));
#3803 = LINE('',#3804,#3805);
#3804 = CARTESIAN_POINT('',(21.525,30.65,1.6));
#3805 = VECTOR('',#3806,1.);
#3806 = DIRECTION('',(0.,1.,0.));
#3807 = ORIENTED_EDGE('',*,*,#3808,.T.);
#3808 = EDGE_CURVE('',#3801,#3809,#3811,.T.);
#3809 = VERTEX_POINT('',#3810);
#3810 = CARTESIAN_POINT('',(21.525,31.25,1.635));
#3811 = LINE('',#3812,#3813);
#3812 = CARTESIAN_POINT('',(21.525,31.25,1.6));
#3813 = VECTOR('',#3814,1.);
#3814 = DIRECTION('',(0.,0.,1.));
#3815 = ORIENTED_EDGE('',*,*,#3816,.F.);
#3816 = EDGE_CURVE('',#3793,#3809,#3817,.T.);
#3817 = LINE('',#3818,#3819);
#3818 = CARTESIAN_POINT('',(21.525,30.65,1.635));
#3819 = VECTOR('',#3820,1.);
#3820 = DIRECTION('',(0.,1.,0.));
#3821 = PLANE('',#3822);
#3822 = AXIS2_PLACEMENT_3D('',#3823,#3824,#3825);
#3823 = CARTESIAN_POINT('',(21.525,30.65,1.6));
#3824 = DIRECTION('',(1.,0.,0.));
#3825 = DIRECTION('',(0.,0.,1.));
#3826 = ADVANCED_FACE('',(#3827),#3843,.F.);
#3827 = FACE_BOUND('',#3828,.F.);
#3828 = EDGE_LOOP('',(#3829,#3835,#3836,#3842));
#3829 = ORIENTED_EDGE('',*,*,#3830,.F.);
#3830 = EDGE_CURVE('',#3751,#3791,#3831,.T.);
#3831 = LINE('',#3832,#3833);
#3832 = CARTESIAN_POINT('',(20.2,30.65,1.6));
#3833 = VECTOR('',#3834,1.);
#3834 = DIRECTION('',(1.,0.,0.));
#3835 = ORIENTED_EDGE('',*,*,#3750,.T.);
#3836 = ORIENTED_EDGE('',*,*,#3837,.T.);
#3837 = EDGE_CURVE('',#3753,#3793,#3838,.T.);
#3838 = LINE('',#3839,#3840);
#3839 = CARTESIAN_POINT('',(20.2,30.65,1.635));
#3840 = VECTOR('',#3841,1.);
#3841 = DIRECTION('',(1.,0.,0.));
#3842 = ORIENTED_EDGE('',*,*,#3790,.F.);
#3843 = PLANE('',#3844);
#3844 = AXIS2_PLACEMENT_3D('',#3845,#3846,#3847);
#3845 = CARTESIAN_POINT('',(20.2,30.65,1.6));
#3846 = DIRECTION('',(0.,1.,0.));
#3847 = DIRECTION('',(0.,0.,1.));
#3848 = ADVANCED_FACE('',(#3849),#3865,.T.);
#3849 = FACE_BOUND('',#3850,.T.);
#3850 = EDGE_LOOP('',(#3851,#3857,#3858,#3864));
#3851 = ORIENTED_EDGE('',*,*,#3852,.F.);
#3852 = EDGE_CURVE('',#3761,#3801,#3853,.T.);
#3853 = LINE('',#3854,#3855);
#3854 = CARTESIAN_POINT('',(20.2,31.25,1.6));
#3855 = VECTOR('',#3856,1.);
#3856 = DIRECTION('',(1.,0.,0.));
#3857 = ORIENTED_EDGE('',*,*,#3768,.T.);
#3858 = ORIENTED_EDGE('',*,*,#3859,.T.);
#3859 = EDGE_CURVE('',#3769,#3809,#3860,.T.);
#3860 = LINE('',#3861,#3862);
#3861 = CARTESIAN_POINT('',(20.2,31.25,1.635));
#3862 = VECTOR('',#3863,1.);
#3863 = DIRECTION('',(1.,0.,0.));
#3864 = ORIENTED_EDGE('',*,*,#3808,.F.);
#3865 = PLANE('',#3866);
#3866 = AXIS2_PLACEMENT_3D('',#3867,#3868,#3869);
#3867 = CARTESIAN_POINT('',(20.2,31.25,1.6));
#3868 = DIRECTION('',(0.,1.,0.));
#3869 = DIRECTION('',(0.,0.,1.));
#3870 = ADVANCED_FACE('',(#3871),#3877,.F.);
#3871 = FACE_BOUND('',#3872,.F.);
#3872 = EDGE_LOOP('',(#3873,#3874,#3875,#3876));
#3873 = ORIENTED_EDGE('',*,*,#3760,.F.);
#3874 = ORIENTED_EDGE('',*,*,#3830,.T.);
#3875 = ORIENTED_EDGE('',*,*,#3800,.T.);
#3876 = ORIENTED_EDGE('',*,*,#3852,.F.);
#3877 = PLANE('',#3878);
#3878 = AXIS2_PLACEMENT_3D('',#3879,#3880,#3881);
#3879 = CARTESIAN_POINT('',(20.2,30.65,1.6));
#3880 = DIRECTION('',(0.,0.,1.));
#3881 = DIRECTION('',(1.,0.,0.));
#3882 = ADVANCED_FACE('',(#3883),#3889,.T.);
#3883 = FACE_BOUND('',#3884,.T.);
#3884 = EDGE_LOOP('',(#3885,#3886,#3887,#3888));
#3885 = ORIENTED_EDGE('',*,*,#3776,.F.);
#3886 = ORIENTED_EDGE('',*,*,#3837,.T.);
#3887 = ORIENTED_EDGE('',*,*,#3816,.T.);
#3888 = ORIENTED_EDGE('',*,*,#3859,.F.);
#3889 = PLANE('',#3890);
#3890 = AXIS2_PLACEMENT_3D('',#3891,#3892,#3893);
#3891 = CARTESIAN_POINT('',(20.2,30.65,1.635));
#3892 = DIRECTION('',(0.,0.,1.));
#3893 = DIRECTION('',(1.,0.,0.));
#3894 = MANIFOLD_SOLID_BREP('',#3895);
#3895 = CLOSED_SHELL('',(#3896,#3936,#3976,#3998,#4020,#4032));
#3896 = ADVANCED_FACE('',(#3897),#3931,.F.);
#3897 = FACE_BOUND('',#3898,.F.);
#3898 = EDGE_LOOP('',(#3899,#3909,#3917,#3925));
#3899 = ORIENTED_EDGE('',*,*,#3900,.F.);
#3900 = EDGE_CURVE('',#3901,#3903,#3905,.T.);
#3901 = VERTEX_POINT('',#3902);
#3902 = CARTESIAN_POINT('',(20.2,29.7,1.6));
#3903 = VERTEX_POINT('',#3904);
#3904 = CARTESIAN_POINT('',(20.2,29.7,1.635));
#3905 = LINE('',#3906,#3907);
#3906 = CARTESIAN_POINT('',(20.2,29.7,1.6));
#3907 = VECTOR('',#3908,1.);
#3908 = DIRECTION('',(0.,0.,1.));
#3909 = ORIENTED_EDGE('',*,*,#3910,.T.);
#3910 = EDGE_CURVE('',#3901,#3911,#3913,.T.);
#3911 = VERTEX_POINT('',#3912);
#3912 = CARTESIAN_POINT('',(20.2,30.3,1.6));
#3913 = LINE('',#3914,#3915);
#3914 = CARTESIAN_POINT('',(20.2,29.7,1.6));
#3915 = VECTOR('',#3916,1.);
#3916 = DIRECTION('',(0.,1.,0.));
#3917 = ORIENTED_EDGE('',*,*,#3918,.T.);
#3918 = EDGE_CURVE('',#3911,#3919,#3921,.T.);
#3919 = VERTEX_POINT('',#3920);
#3920 = CARTESIAN_POINT('',(20.2,30.3,1.635));
#3921 = LINE('',#3922,#3923);
#3922 = CARTESIAN_POINT('',(20.2,30.3,1.6));
#3923 = VECTOR('',#3924,1.);
#3924 = DIRECTION('',(0.,0.,1.));
#3925 = ORIENTED_EDGE('',*,*,#3926,.F.);
#3926 = EDGE_CURVE('',#3903,#3919,#3927,.T.);
#3927 = LINE('',#3928,#3929);
#3928 = CARTESIAN_POINT('',(20.2,29.7,1.635));
#3929 = VECTOR('',#3930,1.);
#3930 = DIRECTION('',(0.,1.,0.));
#3931 = PLANE('',#3932);
#3932 = AXIS2_PLACEMENT_3D('',#3933,#3934,#3935);
#3933 = CARTESIAN_POINT('',(20.2,29.7,1.6));
#3934 = DIRECTION('',(1.,0.,0.));
#3935 = DIRECTION('',(0.,0.,1.));
#3936 = ADVANCED_FACE('',(#3937),#3971,.T.);
#3937 = FACE_BOUND('',#3938,.T.);
#3938 = EDGE_LOOP('',(#3939,#3949,#3957,#3965));
#3939 = ORIENTED_EDGE('',*,*,#3940,.F.);
#3940 = EDGE_CURVE('',#3941,#3943,#3945,.T.);
#3941 = VERTEX_POINT('',#3942);
#3942 = CARTESIAN_POINT('',(21.525,29.7,1.6));
#3943 = VERTEX_POINT('',#3944);
#3944 = CARTESIAN_POINT('',(21.525,29.7,1.635));
#3945 = LINE('',#3946,#3947);
#3946 = CARTESIAN_POINT('',(21.525,29.7,1.6));
#3947 = VECTOR('',#3948,1.);
#3948 = DIRECTION('',(0.,0.,1.));
#3949 = ORIENTED_EDGE('',*,*,#3950,.T.);
#3950 = EDGE_CURVE('',#3941,#3951,#3953,.T.);
#3951 = VERTEX_POINT('',#3952);
#3952 = CARTESIAN_POINT('',(21.525,30.3,1.6));
#3953 = LINE('',#3954,#3955);
#3954 = CARTESIAN_POINT('',(21.525,29.7,1.6));
#3955 = VECTOR('',#3956,1.);
#3956 = DIRECTION('',(0.,1.,0.));
#3957 = ORIENTED_EDGE('',*,*,#3958,.T.);
#3958 = EDGE_CURVE('',#3951,#3959,#3961,.T.);
#3959 = VERTEX_POINT('',#3960);
#3960 = CARTESIAN_POINT('',(21.525,30.3,1.635));
#3961 = LINE('',#3962,#3963);
#3962 = CARTESIAN_POINT('',(21.525,30.3,1.6));
#3963 = VECTOR('',#3964,1.);
#3964 = DIRECTION('',(0.,0.,1.));
#3965 = ORIENTED_EDGE('',*,*,#3966,.F.);
#3966 = EDGE_CURVE('',#3943,#3959,#3967,.T.);
#3967 = LINE('',#3968,#3969);
#3968 = CARTESIAN_POINT('',(21.525,29.7,1.635));
#3969 = VECTOR('',#3970,1.);
#3970 = DIRECTION('',(0.,1.,0.));
#3971 = PLANE('',#3972);
#3972 = AXIS2_PLACEMENT_3D('',#3973,#3974,#3975);
#3973 = CARTESIAN_POINT('',(21.525,29.7,1.6));
#3974 = DIRECTION('',(1.,0.,0.));
#3975 = DIRECTION('',(0.,0.,1.));
#3976 = ADVANCED_FACE('',(#3977),#3993,.F.);
#3977 = FACE_BOUND('',#3978,.F.);
#3978 = EDGE_LOOP('',(#3979,#3985,#3986,#3992));
#3979 = ORIENTED_EDGE('',*,*,#3980,.F.);
#3980 = EDGE_CURVE('',#3901,#3941,#3981,.T.);
#3981 = LINE('',#3982,#3983);
#3982 = CARTESIAN_POINT('',(20.2,29.7,1.6));
#3983 = VECTOR('',#3984,1.);
#3984 = DIRECTION('',(1.,0.,0.));
#3985 = ORIENTED_EDGE('',*,*,#3900,.T.);
#3986 = ORIENTED_EDGE('',*,*,#3987,.T.);
#3987 = EDGE_CURVE('',#3903,#3943,#3988,.T.);
#3988 = LINE('',#3989,#3990);
#3989 = CARTESIAN_POINT('',(20.2,29.7,1.635));
#3990 = VECTOR('',#3991,1.);
#3991 = DIRECTION('',(1.,0.,0.));
#3992 = ORIENTED_EDGE('',*,*,#3940,.F.);
#3993 = PLANE('',#3994);
#3994 = AXIS2_PLACEMENT_3D('',#3995,#3996,#3997);
#3995 = CARTESIAN_POINT('',(20.2,29.7,1.6));
#3996 = DIRECTION('',(0.,1.,0.));
#3997 = DIRECTION('',(0.,0.,1.));
#3998 = ADVANCED_FACE('',(#3999),#4015,.T.);
#3999 = FACE_BOUND('',#4000,.T.);
#4000 = EDGE_LOOP('',(#4001,#4007,#4008,#4014));
#4001 = ORIENTED_EDGE('',*,*,#4002,.F.);
#4002 = EDGE_CURVE('',#3911,#3951,#4003,.T.);
#4003 = LINE('',#4004,#4005);
#4004 = CARTESIAN_POINT('',(20.2,30.3,1.6));
#4005 = VECTOR('',#4006,1.);
#4006 = DIRECTION('',(1.,0.,0.));
#4007 = ORIENTED_EDGE('',*,*,#3918,.T.);
#4008 = ORIENTED_EDGE('',*,*,#4009,.T.);
#4009 = EDGE_CURVE('',#3919,#3959,#4010,.T.);
#4010 = LINE('',#4011,#4012);
#4011 = CARTESIAN_POINT('',(20.2,30.3,1.635));
#4012 = VECTOR('',#4013,1.);
#4013 = DIRECTION('',(1.,0.,0.));
#4014 = ORIENTED_EDGE('',*,*,#3958,.F.);
#4015 = PLANE('',#4016);
#4016 = AXIS2_PLACEMENT_3D('',#4017,#4018,#4019);
#4017 = CARTESIAN_POINT('',(20.2,30.3,1.6));
#4018 = DIRECTION('',(0.,1.,0.));
#4019 = DIRECTION('',(0.,0.,1.));
#4020 = ADVANCED_FACE('',(#4021),#4027,.F.);
#4021 = FACE_BOUND('',#4022,.F.);
#4022 = EDGE_LOOP('',(#4023,#4024,#4025,#4026));
#4023 = ORIENTED_EDGE('',*,*,#3910,.F.);
#4024 = ORIENTED_EDGE('',*,*,#3980,.T.);
#4025 = ORIENTED_EDGE('',*,*,#3950,.T.);
#4026 = ORIENTED_EDGE('',*,*,#4002,.F.);
#4027 = PLANE('',#4028);
#4028 = AXIS2_PLACEMENT_3D('',#4029,#4030,#4031);
#4029 = CARTESIAN_POINT('',(20.2,29.7,1.6));
#4030 = DIRECTION('',(0.,0.,1.));
#4031 = DIRECTION('',(1.,0.,0.));
#4032 = ADVANCED_FACE('',(#4033),#4039,.T.);
#4033 = FACE_BOUND('',#4034,.T.);
#4034 = EDGE_LOOP('',(#4035,#4036,#4037,#4038));
#4035 = ORIENTED_EDGE('',*,*,#3926,.F.);
#4036 = ORIENTED_EDGE('',*,*,#3987,.T.);
#4037 = ORIENTED_EDGE('',*,*,#3966,.T.);
#4038 = ORIENTED_EDGE('',*,*,#4009,.F.);
#4039 = PLANE('',#4040);
#4040 = AXIS2_PLACEMENT_3D('',#4041,#4042,#4043);
#4041 = CARTESIAN_POINT('',(20.2,29.7,1.635));
#4042 = DIRECTION('',(0.,0.,1.));
#4043 = DIRECTION('',(1.,0.,0.));
#4044 = MANIFOLD_SOLID_BREP('',#4045);
#4045 = CLOSED_SHELL('',(#4046,#4086,#4126,#4148,#4170,#4182));
#4046 = ADVANCED_FACE('',(#4047),#4081,.F.);
#4047 = FACE_BOUND('',#4048,.F.);
#4048 = EDGE_LOOP('',(#4049,#4059,#4067,#4075));
#4049 = ORIENTED_EDGE('',*,*,#4050,.F.);
#4050 = EDGE_CURVE('',#4051,#4053,#4055,.T.);
#4051 = VERTEX_POINT('',#4052);
#4052 = CARTESIAN_POINT('',(20.2,28.75,1.6));
#4053 = VERTEX_POINT('',#4054);
#4054 = CARTESIAN_POINT('',(20.2,28.75,1.635));
#4055 = LINE('',#4056,#4057);
#4056 = CARTESIAN_POINT('',(20.2,28.75,1.6));
#4057 = VECTOR('',#4058,1.);
#4058 = DIRECTION('',(0.,0.,1.));
#4059 = ORIENTED_EDGE('',*,*,#4060,.T.);
#4060 = EDGE_CURVE('',#4051,#4061,#4063,.T.);
#4061 = VERTEX_POINT('',#4062);
#4062 = CARTESIAN_POINT('',(20.2,29.35,1.6));
#4063 = LINE('',#4064,#4065);
#4064 = CARTESIAN_POINT('',(20.2,28.75,1.6));
#4065 = VECTOR('',#4066,1.);
#4066 = DIRECTION('',(0.,1.,0.));
#4067 = ORIENTED_EDGE('',*,*,#4068,.T.);
#4068 = EDGE_CURVE('',#4061,#4069,#4071,.T.);
#4069 = VERTEX_POINT('',#4070);
#4070 = CARTESIAN_POINT('',(20.2,29.35,1.635));
#4071 = LINE('',#4072,#4073);
#4072 = CARTESIAN_POINT('',(20.2,29.35,1.6));
#4073 = VECTOR('',#4074,1.);
#4074 = DIRECTION('',(0.,0.,1.));
#4075 = ORIENTED_EDGE('',*,*,#4076,.F.);
#4076 = EDGE_CURVE('',#4053,#4069,#4077,.T.);
#4077 = LINE('',#4078,#4079);
#4078 = CARTESIAN_POINT('',(20.2,28.75,1.635));
#4079 = VECTOR('',#4080,1.);
#4080 = DIRECTION('',(0.,1.,0.));
#4081 = PLANE('',#4082);
#4082 = AXIS2_PLACEMENT_3D('',#4083,#4084,#4085);
#4083 = CARTESIAN_POINT('',(20.2,28.75,1.6));
#4084 = DIRECTION('',(1.,0.,0.));
#4085 = DIRECTION('',(0.,0.,1.));
#4086 = ADVANCED_FACE('',(#4087),#4121,.T.);
#4087 = FACE_BOUND('',#4088,.T.);
#4088 = EDGE_LOOP('',(#4089,#4099,#4107,#4115));
#4089 = ORIENTED_EDGE('',*,*,#4090,.F.);
#4090 = EDGE_CURVE('',#4091,#4093,#4095,.T.);
#4091 = VERTEX_POINT('',#4092);
#4092 = CARTESIAN_POINT('',(21.525,28.75,1.6));
#4093 = VERTEX_POINT('',#4094);
#4094 = CARTESIAN_POINT('',(21.525,28.75,1.635));
#4095 = LINE('',#4096,#4097);
#4096 = CARTESIAN_POINT('',(21.525,28.75,1.6));
#4097 = VECTOR('',#4098,1.);
#4098 = DIRECTION('',(0.,0.,1.));
#4099 = ORIENTED_EDGE('',*,*,#4100,.T.);
#4100 = EDGE_CURVE('',#4091,#4101,#4103,.T.);
#4101 = VERTEX_POINT('',#4102);
#4102 = CARTESIAN_POINT('',(21.525,29.35,1.6));
#4103 = LINE('',#4104,#4105);
#4104 = CARTESIAN_POINT('',(21.525,28.75,1.6));
#4105 = VECTOR('',#4106,1.);
#4106 = DIRECTION('',(0.,1.,0.));
#4107 = ORIENTED_EDGE('',*,*,#4108,.T.);
#4108 = EDGE_CURVE('',#4101,#4109,#4111,.T.);
#4109 = VERTEX_POINT('',#4110);
#4110 = CARTESIAN_POINT('',(21.525,29.35,1.635));
#4111 = LINE('',#4112,#4113);
#4112 = CARTESIAN_POINT('',(21.525,29.35,1.6));
#4113 = VECTOR('',#4114,1.);
#4114 = DIRECTION('',(0.,0.,1.));
#4115 = ORIENTED_EDGE('',*,*,#4116,.F.);
#4116 = EDGE_CURVE('',#4093,#4109,#4117,.T.);
#4117 = LINE('',#4118,#4119);
#4118 = CARTESIAN_POINT('',(21.525,28.75,1.635));
#4119 = VECTOR('',#4120,1.);
#4120 = DIRECTION('',(0.,1.,0.));
#4121 = PLANE('',#4122);
#4122 = AXIS2_PLACEMENT_3D('',#4123,#4124,#4125);
#4123 = CARTESIAN_POINT('',(21.525,28.75,1.6));
#4124 = DIRECTION('',(1.,0.,0.));
#4125 = DIRECTION('',(0.,0.,1.));
#4126 = ADVANCED_FACE('',(#4127),#4143,.F.);
#4127 = FACE_BOUND('',#4128,.F.);
#4128 = EDGE_LOOP('',(#4129,#4135,#4136,#4142));
#4129 = ORIENTED_EDGE('',*,*,#4130,.F.);
#4130 = EDGE_CURVE('',#4051,#4091,#4131,.T.);
#4131 = LINE('',#4132,#4133);
#4132 = CARTESIAN_POINT('',(20.2,28.75,1.6));
#4133 = VECTOR('',#4134,1.);
#4134 = DIRECTION('',(1.,0.,0.));
#4135 = ORIENTED_EDGE('',*,*,#4050,.T.);
#4136 = ORIENTED_EDGE('',*,*,#4137,.T.);
#4137 = EDGE_CURVE('',#4053,#4093,#4138,.T.);
#4138 = LINE('',#4139,#4140);
#4139 = CARTESIAN_POINT('',(20.2,28.75,1.635));
#4140 = VECTOR('',#4141,1.);
#4141 = DIRECTION('',(1.,0.,0.));
#4142 = ORIENTED_EDGE('',*,*,#4090,.F.);
#4143 = PLANE('',#4144);
#4144 = AXIS2_PLACEMENT_3D('',#4145,#4146,#4147);
#4145 = CARTESIAN_POINT('',(20.2,28.75,1.6));
#4146 = DIRECTION('',(0.,1.,0.));
#4147 = DIRECTION('',(0.,0.,1.));
#4148 = ADVANCED_FACE('',(#4149),#4165,.T.);
#4149 = FACE_BOUND('',#4150,.T.);
#4150 = EDGE_LOOP('',(#4151,#4157,#4158,#4164));
#4151 = ORIENTED_EDGE('',*,*,#4152,.F.);
#4152 = EDGE_CURVE('',#4061,#4101,#4153,.T.);
#4153 = LINE('',#4154,#4155);
#4154 = CARTESIAN_POINT('',(20.2,29.35,1.6));
#4155 = VECTOR('',#4156,1.);
#4156 = DIRECTION('',(1.,0.,0.));
#4157 = ORIENTED_EDGE('',*,*,#4068,.T.);
#4158 = ORIENTED_EDGE('',*,*,#4159,.T.);
#4159 = EDGE_CURVE('',#4069,#4109,#4160,.T.);
#4160 = LINE('',#4161,#4162);
#4161 = CARTESIAN_POINT('',(20.2,29.35,1.635));
#4162 = VECTOR('',#4163,1.);
#4163 = DIRECTION('',(1.,0.,0.));
#4164 = ORIENTED_EDGE('',*,*,#4108,.F.);
#4165 = PLANE('',#4166);
#4166 = AXIS2_PLACEMENT_3D('',#4167,#4168,#4169);
#4167 = CARTESIAN_POINT('',(20.2,29.35,1.6));
#4168 = DIRECTION('',(0.,1.,0.));
#4169 = DIRECTION('',(0.,0.,1.));
#4170 = ADVANCED_FACE('',(#4171),#4177,.F.);
#4171 = FACE_BOUND('',#4172,.F.);
#4172 = EDGE_LOOP('',(#4173,#4174,#4175,#4176));
#4173 = ORIENTED_EDGE('',*,*,#4060,.F.);
#4174 = ORIENTED_EDGE('',*,*,#4130,.T.);
#4175 = ORIENTED_EDGE('',*,*,#4100,.T.);
#4176 = ORIENTED_EDGE('',*,*,#4152,.F.);
#4177 = PLANE('',#4178);
#4178 = AXIS2_PLACEMENT_3D('',#4179,#4180,#4181);
#4179 = CARTESIAN_POINT('',(20.2,28.75,1.6));
#4180 = DIRECTION('',(0.,0.,1.));
#4181 = DIRECTION('',(1.,0.,0.));
#4182 = ADVANCED_FACE('',(#4183),#4189,.T.);
#4183 = FACE_BOUND('',#4184,.T.);
#4184 = EDGE_LOOP('',(#4185,#4186,#4187,#4188));
#4185 = ORIENTED_EDGE('',*,*,#4076,.F.);
#4186 = ORIENTED_EDGE('',*,*,#4137,.T.);
#4187 = ORIENTED_EDGE('',*,*,#4116,.T.);
#4188 = ORIENTED_EDGE('',*,*,#4159,.F.);
#4189 = PLANE('',#4190);
#4190 = AXIS2_PLACEMENT_3D('',#4191,#4192,#4193);
#4191 = CARTESIAN_POINT('',(20.2,28.75,1.635));
#4192 = DIRECTION('',(0.,0.,1.));
#4193 = DIRECTION('',(1.,0.,0.));
#4194 = MANIFOLD_SOLID_BREP('',#4195);
#4195 = CLOSED_SHELL('',(#4196,#4236,#4276,#4298,#4320,#4332));
#4196 = ADVANCED_FACE('',(#4197),#4231,.F.);
#4197 = FACE_BOUND('',#4198,.F.);
#4198 = EDGE_LOOP('',(#4199,#4209,#4217,#4225));
#4199 = ORIENTED_EDGE('',*,*,#4200,.F.);
#4200 = EDGE_CURVE('',#4201,#4203,#4205,.T.);
#4201 = VERTEX_POINT('',#4202);
#4202 = CARTESIAN_POINT('',(22.475,28.75,1.6));
#4203 = VERTEX_POINT('',#4204);
#4204 = CARTESIAN_POINT('',(22.475,28.75,1.635));
#4205 = LINE('',#4206,#4207);
#4206 = CARTESIAN_POINT('',(22.475,28.75,1.6));
#4207 = VECTOR('',#4208,1.);
#4208 = DIRECTION('',(0.,0.,1.));
#4209 = ORIENTED_EDGE('',*,*,#4210,.T.);
#4210 = EDGE_CURVE('',#4201,#4211,#4213,.T.);
#4211 = VERTEX_POINT('',#4212);
#4212 = CARTESIAN_POINT('',(22.475,29.35,1.6));
#4213 = LINE('',#4214,#4215);
#4214 = CARTESIAN_POINT('',(22.475,28.75,1.6));
#4215 = VECTOR('',#4216,1.);
#4216 = DIRECTION('',(0.,1.,0.));
#4217 = ORIENTED_EDGE('',*,*,#4218,.T.);
#4218 = EDGE_CURVE('',#4211,#4219,#4221,.T.);
#4219 = VERTEX_POINT('',#4220);
#4220 = CARTESIAN_POINT('',(22.475,29.35,1.635));
#4221 = LINE('',#4222,#4223);
#4222 = CARTESIAN_POINT('',(22.475,29.35,1.6));
#4223 = VECTOR('',#4224,1.);
#4224 = DIRECTION('',(0.,0.,1.));
#4225 = ORIENTED_EDGE('',*,*,#4226,.F.);
#4226 = EDGE_CURVE('',#4203,#4219,#4227,.T.);
#4227 = LINE('',#4228,#4229);
#4228 = CARTESIAN_POINT('',(22.475,28.75,1.635));
#4229 = VECTOR('',#4230,1.);
#4230 = DIRECTION('',(0.,1.,0.));
#4231 = PLANE('',#4232);
#4232 = AXIS2_PLACEMENT_3D('',#4233,#4234,#4235);
#4233 = CARTESIAN_POINT('',(22.475,28.75,1.6));
#4234 = DIRECTION('',(1.,0.,0.));
#4235 = DIRECTION('',(0.,0.,1.));
#4236 = ADVANCED_FACE('',(#4237),#4271,.T.);
#4237 = FACE_BOUND('',#4238,.T.);
#4238 = EDGE_LOOP('',(#4239,#4249,#4257,#4265));
#4239 = ORIENTED_EDGE('',*,*,#4240,.F.);
#4240 = EDGE_CURVE('',#4241,#4243,#4245,.T.);
#4241 = VERTEX_POINT('',#4242);
#4242 = CARTESIAN_POINT('',(23.8,28.75,1.6));
#4243 = VERTEX_POINT('',#4244);
#4244 = CARTESIAN_POINT('',(23.8,28.75,1.635));
#4245 = LINE('',#4246,#4247);
#4246 = CARTESIAN_POINT('',(23.8,28.75,1.6));
#4247 = VECTOR('',#4248,1.);
#4248 = DIRECTION('',(0.,0.,1.));
#4249 = ORIENTED_EDGE('',*,*,#4250,.T.);
#4250 = EDGE_CURVE('',#4241,#4251,#4253,.T.);
#4251 = VERTEX_POINT('',#4252);
#4252 = CARTESIAN_POINT('',(23.8,29.35,1.6));
#4253 = LINE('',#4254,#4255);
#4254 = CARTESIAN_POINT('',(23.8,28.75,1.6));
#4255 = VECTOR('',#4256,1.);
#4256 = DIRECTION('',(0.,1.,0.));
#4257 = ORIENTED_EDGE('',*,*,#4258,.T.);
#4258 = EDGE_CURVE('',#4251,#4259,#4261,.T.);
#4259 = VERTEX_POINT('',#4260);
#4260 = CARTESIAN_POINT('',(23.8,29.35,1.635));
#4261 = LINE('',#4262,#4263);
#4262 = CARTESIAN_POINT('',(23.8,29.35,1.6));
#4263 = VECTOR('',#4264,1.);
#4264 = DIRECTION('',(0.,0.,1.));
#4265 = ORIENTED_EDGE('',*,*,#4266,.F.);
#4266 = EDGE_CURVE('',#4243,#4259,#4267,.T.);
#4267 = LINE('',#4268,#4269);
#4268 = CARTESIAN_POINT('',(23.8,28.75,1.635));
#4269 = VECTOR('',#4270,1.);
#4270 = DIRECTION('',(0.,1.,0.));
#4271 = PLANE('',#4272);
#4272 = AXIS2_PLACEMENT_3D('',#4273,#4274,#4275);
#4273 = CARTESIAN_POINT('',(23.8,28.75,1.6));
#4274 = DIRECTION('',(1.,0.,0.));
#4275 = DIRECTION('',(0.,0.,1.));
#4276 = ADVANCED_FACE('',(#4277),#4293,.F.);
#4277 = FACE_BOUND('',#4278,.F.);
#4278 = EDGE_LOOP('',(#4279,#4285,#4286,#4292));
#4279 = ORIENTED_EDGE('',*,*,#4280,.F.);
#4280 = EDGE_CURVE('',#4201,#4241,#4281,.T.);
#4281 = LINE('',#4282,#4283);
#4282 = CARTESIAN_POINT('',(22.475,28.75,1.6));
#4283 = VECTOR('',#4284,1.);
#4284 = DIRECTION('',(1.,0.,0.));
#4285 = ORIENTED_EDGE('',*,*,#4200,.T.);
#4286 = ORIENTED_EDGE('',*,*,#4287,.T.);
#4287 = EDGE_CURVE('',#4203,#4243,#4288,.T.);
#4288 = LINE('',#4289,#4290);
#4289 = CARTESIAN_POINT('',(22.475,28.75,1.635));
#4290 = VECTOR('',#4291,1.);
#4291 = DIRECTION('',(1.,0.,0.));
#4292 = ORIENTED_EDGE('',*,*,#4240,.F.);
#4293 = PLANE('',#4294);
#4294 = AXIS2_PLACEMENT_3D('',#4295,#4296,#4297);
#4295 = CARTESIAN_POINT('',(22.475,28.75,1.6));
#4296 = DIRECTION('',(0.,1.,0.));
#4297 = DIRECTION('',(0.,0.,1.));
#4298 = ADVANCED_FACE('',(#4299),#4315,.T.);
#4299 = FACE_BOUND('',#4300,.T.);
#4300 = EDGE_LOOP('',(#4301,#4307,#4308,#4314));
#4301 = ORIENTED_EDGE('',*,*,#4302,.F.);
#4302 = EDGE_CURVE('',#4211,#4251,#4303,.T.);
#4303 = LINE('',#4304,#4305);
#4304 = CARTESIAN_POINT('',(22.475,29.35,1.6));
#4305 = VECTOR('',#4306,1.);
#4306 = DIRECTION('',(1.,0.,0.));
#4307 = ORIENTED_EDGE('',*,*,#4218,.T.);
#4308 = ORIENTED_EDGE('',*,*,#4309,.T.);
#4309 = EDGE_CURVE('',#4219,#4259,#4310,.T.);
#4310 = LINE('',#4311,#4312);
#4311 = CARTESIAN_POINT('',(22.475,29.35,1.635));
#4312 = VECTOR('',#4313,1.);
#4313 = DIRECTION('',(1.,0.,0.));
#4314 = ORIENTED_EDGE('',*,*,#4258,.F.);
#4315 = PLANE('',#4316);
#4316 = AXIS2_PLACEMENT_3D('',#4317,#4318,#4319);
#4317 = CARTESIAN_POINT('',(22.475,29.35,1.6));
#4318 = DIRECTION('',(0.,1.,0.));
#4319 = DIRECTION('',(0.,0.,1.));
#4320 = ADVANCED_FACE('',(#4321),#4327,.F.);
#4321 = FACE_BOUND('',#4322,.F.);
#4322 = EDGE_LOOP('',(#4323,#4324,#4325,#4326));
#4323 = ORIENTED_EDGE('',*,*,#4210,.F.);
#4324 = ORIENTED_EDGE('',*,*,#4280,.T.);
#4325 = ORIENTED_EDGE('',*,*,#4250,.T.);
#4326 = ORIENTED_EDGE('',*,*,#4302,.F.);
#4327 = PLANE('',#4328);
#4328 = AXIS2_PLACEMENT_3D('',#4329,#4330,#4331);
#4329 = CARTESIAN_POINT('',(22.475,28.75,1.6));
#4330 = DIRECTION('',(0.,0.,1.));
#4331 = DIRECTION('',(1.,0.,0.));
#4332 = ADVANCED_FACE('',(#4333),#4339,.T.);
#4333 = FACE_BOUND('',#4334,.T.);
#4334 = EDGE_LOOP('',(#4335,#4336,#4337,#4338));
#4335 = ORIENTED_EDGE('',*,*,#4226,.F.);
#4336 = ORIENTED_EDGE('',*,*,#4287,.T.);
#4337 = ORIENTED_EDGE('',*,*,#4266,.T.);
#4338 = ORIENTED_EDGE('',*,*,#4309,.F.);
#4339 = PLANE('',#4340);
#4340 = AXIS2_PLACEMENT_3D('',#4341,#4342,#4343);
#4341 = CARTESIAN_POINT('',(22.475,28.75,1.635));
#4342 = DIRECTION('',(0.,0.,1.));
#4343 = DIRECTION('',(1.,0.,0.));
#4344 = MANIFOLD_SOLID_BREP('',#4345);
#4345 = CLOSED_SHELL('',(#4346,#4386,#4426,#4448,#4470,#4482));
#4346 = ADVANCED_FACE('',(#4347),#4381,.F.);
#4347 = FACE_BOUND('',#4348,.F.);
#4348 = EDGE_LOOP('',(#4349,#4359,#4367,#4375));
#4349 = ORIENTED_EDGE('',*,*,#4350,.F.);
#4350 = EDGE_CURVE('',#4351,#4353,#4355,.T.);
#4351 = VERTEX_POINT('',#4352);
#4352 = CARTESIAN_POINT('',(22.475,30.65,1.6));
#4353 = VERTEX_POINT('',#4354);
#4354 = CARTESIAN_POINT('',(22.475,30.65,1.635));
#4355 = LINE('',#4356,#4357);
#4356 = CARTESIAN_POINT('',(22.475,30.65,1.6));
#4357 = VECTOR('',#4358,1.);
#4358 = DIRECTION('',(0.,0.,1.));
#4359 = ORIENTED_EDGE('',*,*,#4360,.T.);
#4360 = EDGE_CURVE('',#4351,#4361,#4363,.T.);
#4361 = VERTEX_POINT('',#4362);
#4362 = CARTESIAN_POINT('',(22.475,31.25,1.6));
#4363 = LINE('',#4364,#4365);
#4364 = CARTESIAN_POINT('',(22.475,30.65,1.6));
#4365 = VECTOR('',#4366,1.);
#4366 = DIRECTION('',(0.,1.,0.));
#4367 = ORIENTED_EDGE('',*,*,#4368,.T.);
#4368 = EDGE_CURVE('',#4361,#4369,#4371,.T.);
#4369 = VERTEX_POINT('',#4370);
#4370 = CARTESIAN_POINT('',(22.475,31.25,1.635));
#4371 = LINE('',#4372,#4373);
#4372 = CARTESIAN_POINT('',(22.475,31.25,1.6));
#4373 = VECTOR('',#4374,1.);
#4374 = DIRECTION('',(0.,0.,1.));
#4375 = ORIENTED_EDGE('',*,*,#4376,.F.);
#4376 = EDGE_CURVE('',#4353,#4369,#4377,.T.);
#4377 = LINE('',#4378,#4379);
#4378 = CARTESIAN_POINT('',(22.475,30.65,1.635));
#4379 = VECTOR('',#4380,1.);
#4380 = DIRECTION('',(0.,1.,0.));
#4381 = PLANE('',#4382);
#4382 = AXIS2_PLACEMENT_3D('',#4383,#4384,#4385);
#4383 = CARTESIAN_POINT('',(22.475,30.65,1.6));
#4384 = DIRECTION('',(1.,0.,0.));
#4385 = DIRECTION('',(0.,0.,1.));
#4386 = ADVANCED_FACE('',(#4387),#4421,.T.);
#4387 = FACE_BOUND('',#4388,.T.);
#4388 = EDGE_LOOP('',(#4389,#4399,#4407,#4415));
#4389 = ORIENTED_EDGE('',*,*,#4390,.F.);
#4390 = EDGE_CURVE('',#4391,#4393,#4395,.T.);
#4391 = VERTEX_POINT('',#4392);
#4392 = CARTESIAN_POINT('',(23.8,30.65,1.6));
#4393 = VERTEX_POINT('',#4394);
#4394 = CARTESIAN_POINT('',(23.8,30.65,1.635));
#4395 = LINE('',#4396,#4397);
#4396 = CARTESIAN_POINT('',(23.8,30.65,1.6));
#4397 = VECTOR('',#4398,1.);
#4398 = DIRECTION('',(0.,0.,1.));
#4399 = ORIENTED_EDGE('',*,*,#4400,.T.);
#4400 = EDGE_CURVE('',#4391,#4401,#4403,.T.);
#4401 = VERTEX_POINT('',#4402);
#4402 = CARTESIAN_POINT('',(23.8,31.25,1.6));
#4403 = LINE('',#4404,#4405);
#4404 = CARTESIAN_POINT('',(23.8,30.65,1.6));
#4405 = VECTOR('',#4406,1.);
#4406 = DIRECTION('',(0.,1.,0.));
#4407 = ORIENTED_EDGE('',*,*,#4408,.T.);
#4408 = EDGE_CURVE('',#4401,#4409,#4411,.T.);
#4409 = VERTEX_POINT('',#4410);
#4410 = CARTESIAN_POINT('',(23.8,31.25,1.635));
#4411 = LINE('',#4412,#4413);
#4412 = CARTESIAN_POINT('',(23.8,31.25,1.6));
#4413 = VECTOR('',#4414,1.);
#4414 = DIRECTION('',(0.,0.,1.));
#4415 = ORIENTED_EDGE('',*,*,#4416,.F.);
#4416 = EDGE_CURVE('',#4393,#4409,#4417,.T.);
#4417 = LINE('',#4418,#4419);
#4418 = CARTESIAN_POINT('',(23.8,30.65,1.635));
#4419 = VECTOR('',#4420,1.);
#4420 = DIRECTION('',(0.,1.,0.));
#4421 = PLANE('',#4422);
#4422 = AXIS2_PLACEMENT_3D('',#4423,#4424,#4425);
#4423 = CARTESIAN_POINT('',(23.8,30.65,1.6));
#4424 = DIRECTION('',(1.,0.,0.));
#4425 = DIRECTION('',(0.,0.,1.));
#4426 = ADVANCED_FACE('',(#4427),#4443,.F.);
#4427 = FACE_BOUND('',#4428,.F.);
#4428 = EDGE_LOOP('',(#4429,#4435,#4436,#4442));
#4429 = ORIENTED_EDGE('',*,*,#4430,.F.);
#4430 = EDGE_CURVE('',#4351,#4391,#4431,.T.);
#4431 = LINE('',#4432,#4433);
#4432 = CARTESIAN_POINT('',(22.475,30.65,1.6));
#4433 = VECTOR('',#4434,1.);
#4434 = DIRECTION('',(1.,0.,0.));
#4435 = ORIENTED_EDGE('',*,*,#4350,.T.);
#4436 = ORIENTED_EDGE('',*,*,#4437,.T.);
#4437 = EDGE_CURVE('',#4353,#4393,#4438,.T.);
#4438 = LINE('',#4439,#4440);
#4439 = CARTESIAN_POINT('',(22.475,30.65,1.635));
#4440 = VECTOR('',#4441,1.);
#4441 = DIRECTION('',(1.,0.,0.));
#4442 = ORIENTED_EDGE('',*,*,#4390,.F.);
#4443 = PLANE('',#4444);
#4444 = AXIS2_PLACEMENT_3D('',#4445,#4446,#4447);
#4445 = CARTESIAN_POINT('',(22.475,30.65,1.6));
#4446 = DIRECTION('',(0.,1.,0.));
#4447 = DIRECTION('',(0.,0.,1.));
#4448 = ADVANCED_FACE('',(#4449),#4465,.T.);
#4449 = FACE_BOUND('',#4450,.T.);
#4450 = EDGE_LOOP('',(#4451,#4457,#4458,#4464));
#4451 = ORIENTED_EDGE('',*,*,#4452,.F.);
#4452 = EDGE_CURVE('',#4361,#4401,#4453,.T.);
#4453 = LINE('',#4454,#4455);
#4454 = CARTESIAN_POINT('',(22.475,31.25,1.6));
#4455 = VECTOR('',#4456,1.);
#4456 = DIRECTION('',(1.,0.,0.));
#4457 = ORIENTED_EDGE('',*,*,#4368,.T.);
#4458 = ORIENTED_EDGE('',*,*,#4459,.T.);
#4459 = EDGE_CURVE('',#4369,#4409,#4460,.T.);
#4460 = LINE('',#4461,#4462);
#4461 = CARTESIAN_POINT('',(22.475,31.25,1.635));
#4462 = VECTOR('',#4463,1.);
#4463 = DIRECTION('',(1.,0.,0.));
#4464 = ORIENTED_EDGE('',*,*,#4408,.F.);
#4465 = PLANE('',#4466);
#4466 = AXIS2_PLACEMENT_3D('',#4467,#4468,#4469);
#4467 = CARTESIAN_POINT('',(22.475,31.25,1.6));
#4468 = DIRECTION('',(0.,1.,0.));
#4469 = DIRECTION('',(0.,0.,1.));
#4470 = ADVANCED_FACE('',(#4471),#4477,.F.);
#4471 = FACE_BOUND('',#4472,.F.);
#4472 = EDGE_LOOP('',(#4473,#4474,#4475,#4476));
#4473 = ORIENTED_EDGE('',*,*,#4360,.F.);
#4474 = ORIENTED_EDGE('',*,*,#4430,.T.);
#4475 = ORIENTED_EDGE('',*,*,#4400,.T.);
#4476 = ORIENTED_EDGE('',*,*,#4452,.F.);
#4477 = PLANE('',#4478);
#4478 = AXIS2_PLACEMENT_3D('',#4479,#4480,#4481);
#4479 = CARTESIAN_POINT('',(22.475,30.65,1.6));
#4480 = DIRECTION('',(0.,0.,1.));
#4481 = DIRECTION('',(1.,0.,0.));
#4482 = ADVANCED_FACE('',(#4483),#4489,.T.);
#4483 = FACE_BOUND('',#4484,.T.);
#4484 = EDGE_LOOP('',(#4485,#4486,#4487,#4488));
#4485 = ORIENTED_EDGE('',*,*,#4376,.F.);
#4486 = ORIENTED_EDGE('',*,*,#4437,.T.);
#4487 = ORIENTED_EDGE('',*,*,#4416,.T.);
#4488 = ORIENTED_EDGE('',*,*,#4459,.F.);
#4489 = PLANE('',#4490);
#4490 = AXIS2_PLACEMENT_3D('',#4491,#4492,#4493);
#4491 = CARTESIAN_POINT('',(22.475,30.65,1.635));
#4492 = DIRECTION('',(0.,0.,1.));
#4493 = DIRECTION('',(1.,0.,0.));
#4494 = MANIFOLD_SOLID_BREP('',#4495);
#4495 = CLOSED_SHELL('',(#4496,#4536,#4576,#4598,#4620,#4632));
#4496 = ADVANCED_FACE('',(#4497),#4531,.F.);
#4497 = FACE_BOUND('',#4498,.F.);
#4498 = EDGE_LOOP('',(#4499,#4509,#4517,#4525));
#4499 = ORIENTED_EDGE('',*,*,#4500,.F.);
#4500 = EDGE_CURVE('',#4501,#4503,#4505,.T.);
#4501 = VERTEX_POINT('',#4502);
#4502 = CARTESIAN_POINT('',(16.3,21.5,1.6));
#4503 = VERTEX_POINT('',#4504);
#4504 = CARTESIAN_POINT('',(16.3,21.5,2.7));
#4505 = LINE('',#4506,#4507);
#4506 = CARTESIAN_POINT('',(16.3,21.5,1.6));
#4507 = VECTOR('',#4508,1.);
#4508 = DIRECTION('',(0.,0.,1.));
#4509 = ORIENTED_EDGE('',*,*,#4510,.T.);
#4510 = EDGE_CURVE('',#4501,#4511,#4513,.T.);
#4511 = VERTEX_POINT('',#4512);
#4512 = CARTESIAN_POINT('',(16.3,24.5,1.6));
#4513 = LINE('',#4514,#4515);
#4514 = CARTESIAN_POINT('',(16.3,21.5,1.6));
#4515 = VECTOR('',#4516,1.);
#4516 = DIRECTION('',(0.,1.,0.));
#4517 = ORIENTED_EDGE('',*,*,#4518,.T.);
#4518 = EDGE_CURVE('',#4511,#4519,#4521,.T.);
#4519 = VERTEX_POINT('',#4520);
#4520 = CARTESIAN_POINT('',(16.3,24.5,2.7));
#4521 = LINE('',#4522,#4523);
#4522 = CARTESIAN_POINT('',(16.3,24.5,1.6));
#4523 = VECTOR('',#4524,1.);
#4524 = DIRECTION('',(0.,0.,1.));
#4525 = ORIENTED_EDGE('',*,*,#4526,.F.);
#4526 = EDGE_CURVE('',#4503,#4519,#4527,.T.);
#4527 = LINE('',#4528,#4529);
#4528 = CARTESIAN_POINT('',(16.3,21.5,2.7));
#4529 = VECTOR('',#4530,1.);
#4530 = DIRECTION('',(0.,1.,0.));
#4531 = PLANE('',#4532);
#4532 = AXIS2_PLACEMENT_3D('',#4533,#4534,#4535);
#4533 = CARTESIAN_POINT('',(16.3,21.5,1.6));
#4534 = DIRECTION('',(1.,0.,0.));
#4535 = DIRECTION('',(0.,0.,1.));
#4536 = ADVANCED_FACE('',(#4537),#4571,.T.);
#4537 = FACE_BOUND('',#4538,.T.);
#4538 = EDGE_LOOP('',(#4539,#4549,#4557,#4565));
#4539 = ORIENTED_EDGE('',*,*,#4540,.F.);
#4540 = EDGE_CURVE('',#4541,#4543,#4545,.T.);
#4541 = VERTEX_POINT('',#4542);
#4542 = CARTESIAN_POINT('',(17.7,21.5,1.6));
#4543 = VERTEX_POINT('',#4544);
#4544 = CARTESIAN_POINT('',(17.7,21.5,2.7));
#4545 = LINE('',#4546,#4547);
#4546 = CARTESIAN_POINT('',(17.7,21.5,1.6));
#4547 = VECTOR('',#4548,1.);
#4548 = DIRECTION('',(0.,0.,1.));
#4549 = ORIENTED_EDGE('',*,*,#4550,.T.);
#4550 = EDGE_CURVE('',#4541,#4551,#4553,.T.);
#4551 = VERTEX_POINT('',#4552);
#4552 = CARTESIAN_POINT('',(17.7,24.5,1.6));
#4553 = LINE('',#4554,#4555);
#4554 = CARTESIAN_POINT('',(17.7,21.5,1.6));
#4555 = VECTOR('',#4556,1.);
#4556 = DIRECTION('',(0.,1.,0.));
#4557 = ORIENTED_EDGE('',*,*,#4558,.T.);
#4558 = EDGE_CURVE('',#4551,#4559,#4561,.T.);
#4559 = VERTEX_POINT('',#4560);
#4560 = CARTESIAN_POINT('',(17.7,24.5,2.7));
#4561 = LINE('',#4562,#4563);
#4562 = CARTESIAN_POINT('',(17.7,24.5,1.6));
#4563 = VECTOR('',#4564,1.);
#4564 = DIRECTION('',(0.,0.,1.));
#4565 = ORIENTED_EDGE('',*,*,#4566,.F.);
#4566 = EDGE_CURVE('',#4543,#4559,#4567,.T.);
#4567 = LINE('',#4568,#4569);
#4568 = CARTESIAN_POINT('',(17.7,21.5,2.7));
#4569 = VECTOR('',#4570,1.);
#4570 = DIRECTION('',(0.,1.,0.));
#4571 = PLANE('',#4572);
#4572 = AXIS2_PLACEMENT_3D('',#4573,#4574,#4575);
#4573 = CARTESIAN_POINT('',(17.7,21.5,1.6));
#4574 = DIRECTION('',(1.,0.,0.));
#4575 = DIRECTION('',(0.,0.,1.));
#4576 = ADVANCED_FACE('',(#4577),#4593,.F.);
#4577 = FACE_BOUND('',#4578,.F.);
#4578 = EDGE_LOOP('',(#4579,#4585,#4586,#4592));
#4579 = ORIENTED_EDGE('',*,*,#4580,.F.);
#4580 = EDGE_CURVE('',#4501,#4541,#4581,.T.);
#4581 = LINE('',#4582,#4583);
#4582 = CARTESIAN_POINT('',(16.3,21.5,1.6));
#4583 = VECTOR('',#4584,1.);
#4584 = DIRECTION('',(1.,0.,0.));
#4585 = ORIENTED_EDGE('',*,*,#4500,.T.);
#4586 = ORIENTED_EDGE('',*,*,#4587,.T.);
#4587 = EDGE_CURVE('',#4503,#4543,#4588,.T.);
#4588 = LINE('',#4589,#4590);
#4589 = CARTESIAN_POINT('',(16.3,21.5,2.7));
#4590 = VECTOR('',#4591,1.);
#4591 = DIRECTION('',(1.,0.,0.));
#4592 = ORIENTED_EDGE('',*,*,#4540,.F.);
#4593 = PLANE('',#4594);
#4594 = AXIS2_PLACEMENT_3D('',#4595,#4596,#4597);
#4595 = CARTESIAN_POINT('',(16.3,21.5,1.6));
#4596 = DIRECTION('',(0.,1.,0.));
#4597 = DIRECTION('',(0.,0.,1.));
#4598 = ADVANCED_FACE('',(#4599),#4615,.T.);
#4599 = FACE_BOUND('',#4600,.T.);
#4600 = EDGE_LOOP('',(#4601,#4607,#4608,#4614));
#4601 = ORIENTED_EDGE('',*,*,#4602,.F.);
#4602 = EDGE_CURVE('',#4511,#4551,#4603,.T.);
#4603 = LINE('',#4604,#4605);
#4604 = CARTESIAN_POINT('',(16.3,24.5,1.6));
#4605 = VECTOR('',#4606,1.);
#4606 = DIRECTION('',(1.,0.,0.));
#4607 = ORIENTED_EDGE('',*,*,#4518,.T.);
#4608 = ORIENTED_EDGE('',*,*,#4609,.T.);
#4609 = EDGE_CURVE('',#4519,#4559,#4610,.T.);
#4610 = LINE('',#4611,#4612);
#4611 = CARTESIAN_POINT('',(16.3,24.5,2.7));
#4612 = VECTOR('',#4613,1.);
#4613 = DIRECTION('',(1.,0.,0.));
#4614 = ORIENTED_EDGE('',*,*,#4558,.F.);
#4615 = PLANE('',#4616);
#4616 = AXIS2_PLACEMENT_3D('',#4617,#4618,#4619);
#4617 = CARTESIAN_POINT('',(16.3,24.5,1.6));
#4618 = DIRECTION('',(0.,1.,0.));
#4619 = DIRECTION('',(0.,0.,1.));
#4620 = ADVANCED_FACE('',(#4621),#4627,.F.);
#4621 = FACE_BOUND('',#4622,.F.);
#4622 = EDGE_LOOP('',(#4623,#4624,#4625,#4626));
#4623 = ORIENTED_EDGE('',*,*,#4510,.F.);
#4624 = ORIENTED_EDGE('',*,*,#4580,.T.);
#4625 = ORIENTED_EDGE('',*,*,#4550,.T.);
#4626 = ORIENTED_EDGE('',*,*,#4602,.F.);
#4627 = PLANE('',#4628);
#4628 = AXIS2_PLACEMENT_3D('',#4629,#4630,#4631);
#4629 = CARTESIAN_POINT('',(16.3,21.5,1.6));
#4630 = DIRECTION('',(0.,0.,1.));
#4631 = DIRECTION('',(1.,0.,0.));
#4632 = ADVANCED_FACE('',(#4633),#4639,.T.);
#4633 = FACE_BOUND('',#4634,.T.);
#4634 = EDGE_LOOP('',(#4635,#4636,#4637,#4638));
#4635 = ORIENTED_EDGE('',*,*,#4526,.F.);
#4636 = ORIENTED_EDGE('',*,*,#4587,.T.);
#4637 = ORIENTED_EDGE('',*,*,#4566,.T.);
#4638 = ORIENTED_EDGE('',*,*,#4609,.F.);
#4639 = PLANE('',#4640);
#4640 = AXIS2_PLACEMENT_3D('',#4641,#4642,#4643);
#4641 = CARTESIAN_POINT('',(16.3,21.5,2.7));
#4642 = DIRECTION('',(0.,0.,1.));
#4643 = DIRECTION('',(1.,0.,0.));
#4644 = MANIFOLD_SOLID_BREP('',#4645);
#4645 = CLOSED_SHELL('',(#4646,#4686,#4726,#4748,#4770,#4782));
#4646 = ADVANCED_FACE('',(#4647),#4681,.F.);
#4647 = FACE_BOUND('',#4648,.F.);
#4648 = EDGE_LOOP('',(#4649,#4659,#4667,#4675));
#4649 = ORIENTED_EDGE('',*,*,#4650,.F.);
#4650 = EDGE_CURVE('',#4651,#4653,#4655,.T.);
#4651 = VERTEX_POINT('',#4652);
#4652 = CARTESIAN_POINT('',(15.325,23.65,1.6));
#4653 = VERTEX_POINT('',#4654);
#4654 = CARTESIAN_POINT('',(15.325,23.65,1.635));
#4655 = LINE('',#4656,#4657);
#4656 = CARTESIAN_POINT('',(15.325,23.65,1.6));
#4657 = VECTOR('',#4658,1.);
#4658 = DIRECTION('',(0.,0.,1.));
#4659 = ORIENTED_EDGE('',*,*,#4660,.T.);
#4660 = EDGE_CURVE('',#4651,#4661,#4663,.T.);
#4661 = VERTEX_POINT('',#4662);
#4662 = CARTESIAN_POINT('',(15.325,24.25,1.6));
#4663 = LINE('',#4664,#4665);
#4664 = CARTESIAN_POINT('',(15.325,23.65,1.6));
#4665 = VECTOR('',#4666,1.);
#4666 = DIRECTION('',(0.,1.,0.));
#4667 = ORIENTED_EDGE('',*,*,#4668,.T.);
#4668 = EDGE_CURVE('',#4661,#4669,#4671,.T.);
#4669 = VERTEX_POINT('',#4670);
#4670 = CARTESIAN_POINT('',(15.325,24.25,1.635));
#4671 = LINE('',#4672,#4673);
#4672 = CARTESIAN_POINT('',(15.325,24.25,1.6));
#4673 = VECTOR('',#4674,1.);
#4674 = DIRECTION('',(0.,0.,1.));
#4675 = ORIENTED_EDGE('',*,*,#4676,.F.);
#4676 = EDGE_CURVE('',#4653,#4669,#4677,.T.);
#4677 = LINE('',#4678,#4679);
#4678 = CARTESIAN_POINT('',(15.325,23.65,1.635));
#4679 = VECTOR('',#4680,1.);
#4680 = DIRECTION('',(0.,1.,0.));
#4681 = PLANE('',#4682);
#4682 = AXIS2_PLACEMENT_3D('',#4683,#4684,#4685);
#4683 = CARTESIAN_POINT('',(15.325,23.65,1.6));
#4684 = DIRECTION('',(1.,0.,0.));
#4685 = DIRECTION('',(0.,0.,1.));
#4686 = ADVANCED_FACE('',(#4687),#4721,.T.);
#4687 = FACE_BOUND('',#4688,.T.);
#4688 = EDGE_LOOP('',(#4689,#4699,#4707,#4715));
#4689 = ORIENTED_EDGE('',*,*,#4690,.F.);
#4690 = EDGE_CURVE('',#4691,#4693,#4695,.T.);
#4691 = VERTEX_POINT('',#4692);
#4692 = CARTESIAN_POINT('',(16.8,23.65,1.6));
#4693 = VERTEX_POINT('',#4694);
#4694 = CARTESIAN_POINT('',(16.8,23.65,1.635));
#4695 = LINE('',#4696,#4697);
#4696 = CARTESIAN_POINT('',(16.8,23.65,1.6));
#4697 = VECTOR('',#4698,1.);
#4698 = DIRECTION('',(0.,0.,1.));
#4699 = ORIENTED_EDGE('',*,*,#4700,.T.);
#4700 = EDGE_CURVE('',#4691,#4701,#4703,.T.);
#4701 = VERTEX_POINT('',#4702);
#4702 = CARTESIAN_POINT('',(16.8,24.25,1.6));
#4703 = LINE('',#4704,#4705);
#4704 = CARTESIAN_POINT('',(16.8,23.65,1.6));
#4705 = VECTOR('',#4706,1.);
#4706 = DIRECTION('',(0.,1.,0.));
#4707 = ORIENTED_EDGE('',*,*,#4708,.T.);
#4708 = EDGE_CURVE('',#4701,#4709,#4711,.T.);
#4709 = VERTEX_POINT('',#4710);
#4710 = CARTESIAN_POINT('',(16.8,24.25,1.635));
#4711 = LINE('',#4712,#4713);
#4712 = CARTESIAN_POINT('',(16.8,24.25,1.6));
#4713 = VECTOR('',#4714,1.);
#4714 = DIRECTION('',(0.,0.,1.));
#4715 = ORIENTED_EDGE('',*,*,#4716,.F.);
#4716 = EDGE_CURVE('',#4693,#4709,#4717,.T.);
#4717 = LINE('',#4718,#4719);
#4718 = CARTESIAN_POINT('',(16.8,23.65,1.635));
#4719 = VECTOR('',#4720,1.);
#4720 = DIRECTION('',(0.,1.,0.));
#4721 = PLANE('',#4722);
#4722 = AXIS2_PLACEMENT_3D('',#4723,#4724,#4725);
#4723 = CARTESIAN_POINT('',(16.8,23.65,1.6));
#4724 = DIRECTION('',(1.,0.,0.));
#4725 = DIRECTION('',(0.,0.,1.));
#4726 = ADVANCED_FACE('',(#4727),#4743,.F.);
#4727 = FACE_BOUND('',#4728,.F.);
#4728 = EDGE_LOOP('',(#4729,#4735,#4736,#4742));
#4729 = ORIENTED_EDGE('',*,*,#4730,.F.);
#4730 = EDGE_CURVE('',#4651,#4691,#4731,.T.);
#4731 = LINE('',#4732,#4733);
#4732 = CARTESIAN_POINT('',(15.325,23.65,1.6));
#4733 = VECTOR('',#4734,1.);
#4734 = DIRECTION('',(1.,0.,0.));
#4735 = ORIENTED_EDGE('',*,*,#4650,.T.);
#4736 = ORIENTED_EDGE('',*,*,#4737,.T.);
#4737 = EDGE_CURVE('',#4653,#4693,#4738,.T.);
#4738 = LINE('',#4739,#4740);
#4739 = CARTESIAN_POINT('',(15.325,23.65,1.635));
#4740 = VECTOR('',#4741,1.);
#4741 = DIRECTION('',(1.,0.,0.));
#4742 = ORIENTED_EDGE('',*,*,#4690,.F.);
#4743 = PLANE('',#4744);
#4744 = AXIS2_PLACEMENT_3D('',#4745,#4746,#4747);
#4745 = CARTESIAN_POINT('',(15.325,23.65,1.6));
#4746 = DIRECTION('',(0.,1.,0.));
#4747 = DIRECTION('',(0.,0.,1.));
#4748 = ADVANCED_FACE('',(#4749),#4765,.T.);
#4749 = FACE_BOUND('',#4750,.T.);
#4750 = EDGE_LOOP('',(#4751,#4757,#4758,#4764));
#4751 = ORIENTED_EDGE('',*,*,#4752,.F.);
#4752 = EDGE_CURVE('',#4661,#4701,#4753,.T.);
#4753 = LINE('',#4754,#4755);
#4754 = CARTESIAN_POINT('',(15.325,24.25,1.6));
#4755 = VECTOR('',#4756,1.);
#4756 = DIRECTION('',(1.,0.,0.));
#4757 = ORIENTED_EDGE('',*,*,#4668,.T.);
#4758 = ORIENTED_EDGE('',*,*,#4759,.T.);
#4759 = EDGE_CURVE('',#4669,#4709,#4760,.T.);
#4760 = LINE('',#4761,#4762);
#4761 = CARTESIAN_POINT('',(15.325,24.25,1.635));
#4762 = VECTOR('',#4763,1.);
#4763 = DIRECTION('',(1.,0.,0.));
#4764 = ORIENTED_EDGE('',*,*,#4708,.F.);
#4765 = PLANE('',#4766);
#4766 = AXIS2_PLACEMENT_3D('',#4767,#4768,#4769);
#4767 = CARTESIAN_POINT('',(15.325,24.25,1.6));
#4768 = DIRECTION('',(0.,1.,0.));
#4769 = DIRECTION('',(0.,0.,1.));
#4770 = ADVANCED_FACE('',(#4771),#4777,.F.);
#4771 = FACE_BOUND('',#4772,.F.);
#4772 = EDGE_LOOP('',(#4773,#4774,#4775,#4776));
#4773 = ORIENTED_EDGE('',*,*,#4660,.F.);
#4774 = ORIENTED_EDGE('',*,*,#4730,.T.);
#4775 = ORIENTED_EDGE('',*,*,#4700,.T.);
#4776 = ORIENTED_EDGE('',*,*,#4752,.F.);
#4777 = PLANE('',#4778);
#4778 = AXIS2_PLACEMENT_3D('',#4779,#4780,#4781);
#4779 = CARTESIAN_POINT('',(15.325,23.65,1.6));
#4780 = DIRECTION('',(0.,0.,1.));
#4781 = DIRECTION('',(1.,0.,0.));
#4782 = ADVANCED_FACE('',(#4783),#4789,.T.);
#4783 = FACE_BOUND('',#4784,.T.);
#4784 = EDGE_LOOP('',(#4785,#4786,#4787,#4788));
#4785 = ORIENTED_EDGE('',*,*,#4676,.F.);
#4786 = ORIENTED_EDGE('',*,*,#4737,.T.);
#4787 = ORIENTED_EDGE('',*,*,#4716,.T.);
#4788 = ORIENTED_EDGE('',*,*,#4759,.F.);
#4789 = PLANE('',#4790);
#4790 = AXIS2_PLACEMENT_3D('',#4791,#4792,#4793);
#4791 = CARTESIAN_POINT('',(15.325,23.65,1.635));
#4792 = DIRECTION('',(0.,0.,1.));
#4793 = DIRECTION('',(1.,0.,0.));
#4794 = MANIFOLD_SOLID_BREP('',#4795);
#4795 = CLOSED_SHELL('',(#4796,#4836,#4876,#4898,#4920,#4932));
#4796 = ADVANCED_FACE('',(#4797),#4831,.F.);
#4797 = FACE_BOUND('',#4798,.F.);
#4798 = EDGE_LOOP('',(#4799,#4809,#4817,#4825));
#4799 = ORIENTED_EDGE('',*,*,#4800,.F.);
#4800 = EDGE_CURVE('',#4801,#4803,#4805,.T.);
#4801 = VERTEX_POINT('',#4802);
#4802 = CARTESIAN_POINT('',(15.325,21.75,1.6));
#4803 = VERTEX_POINT('',#4804);
#4804 = CARTESIAN_POINT('',(15.325,21.75,1.635));
#4805 = LINE('',#4806,#4807);
#4806 = CARTESIAN_POINT('',(15.325,21.75,1.6));
#4807 = VECTOR('',#4808,1.);
#4808 = DIRECTION('',(0.,0.,1.));
#4809 = ORIENTED_EDGE('',*,*,#4810,.T.);
#4810 = EDGE_CURVE('',#4801,#4811,#4813,.T.);
#4811 = VERTEX_POINT('',#4812);
#4812 = CARTESIAN_POINT('',(15.325,22.35,1.6));
#4813 = LINE('',#4814,#4815);
#4814 = CARTESIAN_POINT('',(15.325,21.75,1.6));
#4815 = VECTOR('',#4816,1.);
#4816 = DIRECTION('',(0.,1.,0.));
#4817 = ORIENTED_EDGE('',*,*,#4818,.T.);
#4818 = EDGE_CURVE('',#4811,#4819,#4821,.T.);
#4819 = VERTEX_POINT('',#4820);
#4820 = CARTESIAN_POINT('',(15.325,22.35,1.635));
#4821 = LINE('',#4822,#4823);
#4822 = CARTESIAN_POINT('',(15.325,22.35,1.6));
#4823 = VECTOR('',#4824,1.);
#4824 = DIRECTION('',(0.,0.,1.));
#4825 = ORIENTED_EDGE('',*,*,#4826,.F.);
#4826 = EDGE_CURVE('',#4803,#4819,#4827,.T.);
#4827 = LINE('',#4828,#4829);
#4828 = CARTESIAN_POINT('',(15.325,21.75,1.635));
#4829 = VECTOR('',#4830,1.);
#4830 = DIRECTION('',(0.,1.,0.));
#4831 = PLANE('',#4832);
#4832 = AXIS2_PLACEMENT_3D('',#4833,#4834,#4835);
#4833 = CARTESIAN_POINT('',(15.325,21.75,1.6));
#4834 = DIRECTION('',(1.,0.,0.));
#4835 = DIRECTION('',(0.,0.,1.));
#4836 = ADVANCED_FACE('',(#4837),#4871,.T.);
#4837 = FACE_BOUND('',#4838,.T.);
#4838 = EDGE_LOOP('',(#4839,#4849,#4857,#4865));
#4839 = ORIENTED_EDGE('',*,*,#4840,.F.);
#4840 = EDGE_CURVE('',#4841,#4843,#4845,.T.);
#4841 = VERTEX_POINT('',#4842);
#4842 = CARTESIAN_POINT('',(16.8,21.75,1.6));
#4843 = VERTEX_POINT('',#4844);
#4844 = CARTESIAN_POINT('',(16.8,21.75,1.635));
#4845 = LINE('',#4846,#4847);
#4846 = CARTESIAN_POINT('',(16.8,21.75,1.6));
#4847 = VECTOR('',#4848,1.);
#4848 = DIRECTION('',(0.,0.,1.));
#4849 = ORIENTED_EDGE('',*,*,#4850,.T.);
#4850 = EDGE_CURVE('',#4841,#4851,#4853,.T.);
#4851 = VERTEX_POINT('',#4852);
#4852 = CARTESIAN_POINT('',(16.8,22.35,1.6));
#4853 = LINE('',#4854,#4855);
#4854 = CARTESIAN_POINT('',(16.8,21.75,1.6));
#4855 = VECTOR('',#4856,1.);
#4856 = DIRECTION('',(0.,1.,0.));
#4857 = ORIENTED_EDGE('',*,*,#4858,.T.);
#4858 = EDGE_CURVE('',#4851,#4859,#4861,.T.);
#4859 = VERTEX_POINT('',#4860);
#4860 = CARTESIAN_POINT('',(16.8,22.35,1.635));
#4861 = LINE('',#4862,#4863);
#4862 = CARTESIAN_POINT('',(16.8,22.35,1.6));
#4863 = VECTOR('',#4864,1.);
#4864 = DIRECTION('',(0.,0.,1.));
#4865 = ORIENTED_EDGE('',*,*,#4866,.F.);
#4866 = EDGE_CURVE('',#4843,#4859,#4867,.T.);
#4867 = LINE('',#4868,#4869);
#4868 = CARTESIAN_POINT('',(16.8,21.75,1.635));
#4869 = VECTOR('',#4870,1.);
#4870 = DIRECTION('',(0.,1.,0.));
#4871 = PLANE('',#4872);
#4872 = AXIS2_PLACEMENT_3D('',#4873,#4874,#4875);
#4873 = CARTESIAN_POINT('',(16.8,21.75,1.6));
#4874 = DIRECTION('',(1.,0.,0.));
#4875 = DIRECTION('',(0.,0.,1.));
#4876 = ADVANCED_FACE('',(#4877),#4893,.F.);
#4877 = FACE_BOUND('',#4878,.F.);
#4878 = EDGE_LOOP('',(#4879,#4885,#4886,#4892));
#4879 = ORIENTED_EDGE('',*,*,#4880,.F.);
#4880 = EDGE_CURVE('',#4801,#4841,#4881,.T.);
#4881 = LINE('',#4882,#4883);
#4882 = CARTESIAN_POINT('',(15.325,21.75,1.6));
#4883 = VECTOR('',#4884,1.);
#4884 = DIRECTION('',(1.,0.,0.));
#4885 = ORIENTED_EDGE('',*,*,#4800,.T.);
#4886 = ORIENTED_EDGE('',*,*,#4887,.T.);
#4887 = EDGE_CURVE('',#4803,#4843,#4888,.T.);
#4888 = LINE('',#4889,#4890);
#4889 = CARTESIAN_POINT('',(15.325,21.75,1.635));
#4890 = VECTOR('',#4891,1.);
#4891 = DIRECTION('',(1.,0.,0.));
#4892 = ORIENTED_EDGE('',*,*,#4840,.F.);
#4893 = PLANE('',#4894);
#4894 = AXIS2_PLACEMENT_3D('',#4895,#4896,#4897);
#4895 = CARTESIAN_POINT('',(15.325,21.75,1.6));
#4896 = DIRECTION('',(0.,1.,0.));
#4897 = DIRECTION('',(0.,0.,1.));
#4898 = ADVANCED_FACE('',(#4899),#4915,.T.);
#4899 = FACE_BOUND('',#4900,.T.);
#4900 = EDGE_LOOP('',(#4901,#4907,#4908,#4914));
#4901 = ORIENTED_EDGE('',*,*,#4902,.F.);
#4902 = EDGE_CURVE('',#4811,#4851,#4903,.T.);
#4903 = LINE('',#4904,#4905);
#4904 = CARTESIAN_POINT('',(15.325,22.35,1.6));
#4905 = VECTOR('',#4906,1.);
#4906 = DIRECTION('',(1.,0.,0.));
#4907 = ORIENTED_EDGE('',*,*,#4818,.T.);
#4908 = ORIENTED_EDGE('',*,*,#4909,.T.);
#4909 = EDGE_CURVE('',#4819,#4859,#4910,.T.);
#4910 = LINE('',#4911,#4912);
#4911 = CARTESIAN_POINT('',(15.325,22.35,1.635));
#4912 = VECTOR('',#4913,1.);
#4913 = DIRECTION('',(1.,0.,0.));
#4914 = ORIENTED_EDGE('',*,*,#4858,.F.);
#4915 = PLANE('',#4916);
#4916 = AXIS2_PLACEMENT_3D('',#4917,#4918,#4919);
#4917 = CARTESIAN_POINT('',(15.325,22.35,1.6));
#4918 = DIRECTION('',(0.,1.,0.));
#4919 = DIRECTION('',(0.,0.,1.));
#4920 = ADVANCED_FACE('',(#4921),#4927,.F.);
#4921 = FACE_BOUND('',#4922,.F.);
#4922 = EDGE_LOOP('',(#4923,#4924,#4925,#4926));
#4923 = ORIENTED_EDGE('',*,*,#4810,.F.);
#4924 = ORIENTED_EDGE('',*,*,#4880,.T.);
#4925 = ORIENTED_EDGE('',*,*,#4850,.T.);
#4926 = ORIENTED_EDGE('',*,*,#4902,.F.);
#4927 = PLANE('',#4928);
#4928 = AXIS2_PLACEMENT_3D('',#4929,#4930,#4931);
#4929 = CARTESIAN_POINT('',(15.325,21.75,1.6));
#4930 = DIRECTION('',(0.,0.,1.));
#4931 = DIRECTION('',(1.,0.,0.));
#4932 = ADVANCED_FACE('',(#4933),#4939,.T.);
#4933 = FACE_BOUND('',#4934,.T.);
#4934 = EDGE_LOOP('',(#4935,#4936,#4937,#4938));
#4935 = ORIENTED_EDGE('',*,*,#4826,.F.);
#4936 = ORIENTED_EDGE('',*,*,#4887,.T.);
#4937 = ORIENTED_EDGE('',*,*,#4866,.T.);
#4938 = ORIENTED_EDGE('',*,*,#4909,.F.);
#4939 = PLANE('',#4940);
#4940 = AXIS2_PLACEMENT_3D('',#4941,#4942,#4943);
#4941 = CARTESIAN_POINT('',(15.325,21.75,1.635));
#4942 = DIRECTION('',(0.,0.,1.));
#4943 = DIRECTION('',(1.,0.,0.));
#4944 = MANIFOLD_SOLID_BREP('',#4945);
#4945 = CLOSED_SHELL('',(#4946,#4986,#5026,#5048,#5070,#5082));
#4946 = ADVANCED_FACE('',(#4947),#4981,.F.);
#4947 = FACE_BOUND('',#4948,.F.);
#4948 = EDGE_LOOP('',(#4949,#4959,#4967,#4975));
#4949 = ORIENTED_EDGE('',*,*,#4950,.F.);
#4950 = EDGE_CURVE('',#4951,#4953,#4955,.T.);
#4951 = VERTEX_POINT('',#4952);
#4952 = CARTESIAN_POINT('',(17.2,22.7,1.6));
#4953 = VERTEX_POINT('',#4954);
#4954 = CARTESIAN_POINT('',(17.2,22.7,1.635));
#4955 = LINE('',#4956,#4957);
#4956 = CARTESIAN_POINT('',(17.2,22.7,1.6));
#4957 = VECTOR('',#4958,1.);
#4958 = DIRECTION('',(0.,0.,1.));
#4959 = ORIENTED_EDGE('',*,*,#4960,.T.);
#4960 = EDGE_CURVE('',#4951,#4961,#4963,.T.);
#4961 = VERTEX_POINT('',#4962);
#4962 = CARTESIAN_POINT('',(17.2,23.3,1.6));
#4963 = LINE('',#4964,#4965);
#4964 = CARTESIAN_POINT('',(17.2,22.7,1.6));
#4965 = VECTOR('',#4966,1.);
#4966 = DIRECTION('',(0.,1.,0.));
#4967 = ORIENTED_EDGE('',*,*,#4968,.T.);
#4968 = EDGE_CURVE('',#4961,#4969,#4971,.T.);
#4969 = VERTEX_POINT('',#4970);
#4970 = CARTESIAN_POINT('',(17.2,23.3,1.635));
#4971 = LINE('',#4972,#4973);
#4972 = CARTESIAN_POINT('',(17.2,23.3,1.6));
#4973 = VECTOR('',#4974,1.);
#4974 = DIRECTION('',(0.,0.,1.));
#4975 = ORIENTED_EDGE('',*,*,#4976,.F.);
#4976 = EDGE_CURVE('',#4953,#4969,#4977,.T.);
#4977 = LINE('',#4978,#4979);
#4978 = CARTESIAN_POINT('',(17.2,22.7,1.635));
#4979 = VECTOR('',#4980,1.);
#4980 = DIRECTION('',(0.,1.,0.));
#4981 = PLANE('',#4982);
#4982 = AXIS2_PLACEMENT_3D('',#4983,#4984,#4985);
#4983 = CARTESIAN_POINT('',(17.2,22.7,1.6));
#4984 = DIRECTION('',(1.,0.,0.));
#4985 = DIRECTION('',(0.,0.,1.));
#4986 = ADVANCED_FACE('',(#4987),#5021,.T.);
#4987 = FACE_BOUND('',#4988,.T.);
#4988 = EDGE_LOOP('',(#4989,#4999,#5007,#5015));
#4989 = ORIENTED_EDGE('',*,*,#4990,.F.);
#4990 = EDGE_CURVE('',#4991,#4993,#4995,.T.);
#4991 = VERTEX_POINT('',#4992);
#4992 = CARTESIAN_POINT('',(18.675,22.7,1.6));
#4993 = VERTEX_POINT('',#4994);
#4994 = CARTESIAN_POINT('',(18.675,22.7,1.635));
#4995 = LINE('',#4996,#4997);
#4996 = CARTESIAN_POINT('',(18.675,22.7,1.6));
#4997 = VECTOR('',#4998,1.);
#4998 = DIRECTION('',(0.,0.,1.));
#4999 = ORIENTED_EDGE('',*,*,#5000,.T.);
#5000 = EDGE_CURVE('',#4991,#5001,#5003,.T.);
#5001 = VERTEX_POINT('',#5002);
#5002 = CARTESIAN_POINT('',(18.675,23.3,1.6));
#5003 = LINE('',#5004,#5005);
#5004 = CARTESIAN_POINT('',(18.675,22.7,1.6));
#5005 = VECTOR('',#5006,1.);
#5006 = DIRECTION('',(0.,1.,0.));
#5007 = ORIENTED_EDGE('',*,*,#5008,.T.);
#5008 = EDGE_CURVE('',#5001,#5009,#5011,.T.);
#5009 = VERTEX_POINT('',#5010);
#5010 = CARTESIAN_POINT('',(18.675,23.3,1.635));
#5011 = LINE('',#5012,#5013);
#5012 = CARTESIAN_POINT('',(18.675,23.3,1.6));
#5013 = VECTOR('',#5014,1.);
#5014 = DIRECTION('',(0.,0.,1.));
#5015 = ORIENTED_EDGE('',*,*,#5016,.F.);
#5016 = EDGE_CURVE('',#4993,#5009,#5017,.T.);
#5017 = LINE('',#5018,#5019);
#5018 = CARTESIAN_POINT('',(18.675,22.7,1.635));
#5019 = VECTOR('',#5020,1.);
#5020 = DIRECTION('',(0.,1.,0.));
#5021 = PLANE('',#5022);
#5022 = AXIS2_PLACEMENT_3D('',#5023,#5024,#5025);
#5023 = CARTESIAN_POINT('',(18.675,22.7,1.6));
#5024 = DIRECTION('',(1.,0.,0.));
#5025 = DIRECTION('',(0.,0.,1.));
#5026 = ADVANCED_FACE('',(#5027),#5043,.F.);
#5027 = FACE_BOUND('',#5028,.F.);
#5028 = EDGE_LOOP('',(#5029,#5035,#5036,#5042));
#5029 = ORIENTED_EDGE('',*,*,#5030,.F.);
#5030 = EDGE_CURVE('',#4951,#4991,#5031,.T.);
#5031 = LINE('',#5032,#5033);
#5032 = CARTESIAN_POINT('',(17.2,22.7,1.6));
#5033 = VECTOR('',#5034,1.);
#5034 = DIRECTION('',(1.,0.,0.));
#5035 = ORIENTED_EDGE('',*,*,#4950,.T.);
#5036 = ORIENTED_EDGE('',*,*,#5037,.T.);
#5037 = EDGE_CURVE('',#4953,#4993,#5038,.T.);
#5038 = LINE('',#5039,#5040);
#5039 = CARTESIAN_POINT('',(17.2,22.7,1.635));
#5040 = VECTOR('',#5041,1.);
#5041 = DIRECTION('',(1.,0.,0.));
#5042 = ORIENTED_EDGE('',*,*,#4990,.F.);
#5043 = PLANE('',#5044);
#5044 = AXIS2_PLACEMENT_3D('',#5045,#5046,#5047);
#5045 = CARTESIAN_POINT('',(17.2,22.7,1.6));
#5046 = DIRECTION('',(0.,1.,0.));
#5047 = DIRECTION('',(0.,0.,1.));
#5048 = ADVANCED_FACE('',(#5049),#5065,.T.);
#5049 = FACE_BOUND('',#5050,.T.);
#5050 = EDGE_LOOP('',(#5051,#5057,#5058,#5064));
#5051 = ORIENTED_EDGE('',*,*,#5052,.F.);
#5052 = EDGE_CURVE('',#4961,#5001,#5053,.T.);
#5053 = LINE('',#5054,#5055);
#5054 = CARTESIAN_POINT('',(17.2,23.3,1.6));
#5055 = VECTOR('',#5056,1.);
#5056 = DIRECTION('',(1.,0.,0.));
#5057 = ORIENTED_EDGE('',*,*,#4968,.T.);
#5058 = ORIENTED_EDGE('',*,*,#5059,.T.);
#5059 = EDGE_CURVE('',#4969,#5009,#5060,.T.);
#5060 = LINE('',#5061,#5062);
#5061 = CARTESIAN_POINT('',(17.2,23.3,1.635));
#5062 = VECTOR('',#5063,1.);
#5063 = DIRECTION('',(1.,0.,0.));
#5064 = ORIENTED_EDGE('',*,*,#5008,.F.);
#5065 = PLANE('',#5066);
#5066 = AXIS2_PLACEMENT_3D('',#5067,#5068,#5069);
#5067 = CARTESIAN_POINT('',(17.2,23.3,1.6));
#5068 = DIRECTION('',(0.,1.,0.));
#5069 = DIRECTION('',(0.,0.,1.));
#5070 = ADVANCED_FACE('',(#5071),#5077,.F.);
#5071 = FACE_BOUND('',#5072,.F.);
#5072 = EDGE_LOOP('',(#5073,#5074,#5075,#5076));
#5073 = ORIENTED_EDGE('',*,*,#4960,.F.);
#5074 = ORIENTED_EDGE('',*,*,#5030,.T.);
#5075 = ORIENTED_EDGE('',*,*,#5000,.T.);
#5076 = ORIENTED_EDGE('',*,*,#5052,.F.);
#5077 = PLANE('',#5078);
#5078 = AXIS2_PLACEMENT_3D('',#5079,#5080,#5081);
#5079 = CARTESIAN_POINT('',(17.2,22.7,1.6));
#5080 = DIRECTION('',(0.,0.,1.));
#5081 = DIRECTION('',(1.,0.,0.));
#5082 = ADVANCED_FACE('',(#5083),#5089,.T.);
#5083 = FACE_BOUND('',#5084,.T.);
#5084 = EDGE_LOOP('',(#5085,#5086,#5087,#5088));
#5085 = ORIENTED_EDGE('',*,*,#4976,.F.);
#5086 = ORIENTED_EDGE('',*,*,#5037,.T.);
#5087 = ORIENTED_EDGE('',*,*,#5016,.T.);
#5088 = ORIENTED_EDGE('',*,*,#5059,.F.);
#5089 = PLANE('',#5090);
#5090 = AXIS2_PLACEMENT_3D('',#5091,#5092,#5093);
#5091 = CARTESIAN_POINT('',(17.2,22.7,1.635));
#5092 = DIRECTION('',(0.,0.,1.));
#5093 = DIRECTION('',(1.,0.,0.));
#5094 = MANIFOLD_SOLID_BREP('',#5095);
#5095 = CLOSED_SHELL('',(#5096,#5136,#5176,#5198,#5220,#5232));
#5096 = ADVANCED_FACE('',(#5097),#5131,.F.);
#5097 = FACE_BOUND('',#5098,.F.);
#5098 = EDGE_LOOP('',(#5099,#5109,#5117,#5125));
#5099 = ORIENTED_EDGE('',*,*,#5100,.F.);
#5100 = EDGE_CURVE('',#5101,#5103,#5105,.T.);
#5101 = VERTEX_POINT('',#5102);
#5102 = CARTESIAN_POINT('',(1.68,22.06,1.6));
#5103 = VERTEX_POINT('',#5104);
#5104 = CARTESIAN_POINT('',(1.68,22.06,9.98));
#5105 = LINE('',#5106,#5107);
#5106 = CARTESIAN_POINT('',(1.68,22.06,1.6));
#5107 = VECTOR('',#5108,1.);
#5108 = DIRECTION('',(0.,0.,1.));
#5109 = ORIENTED_EDGE('',*,*,#5110,.T.);
#5110 = EDGE_CURVE('',#5101,#5111,#5113,.T.);
#5111 = VERTEX_POINT('',#5112);
#5112 = CARTESIAN_POINT('',(1.68,32.32,1.6));
#5113 = LINE('',#5114,#5115);
#5114 = CARTESIAN_POINT('',(1.68,22.06,1.6));
#5115 = VECTOR('',#5116,1.);
#5116 = DIRECTION('',(0.,1.,0.));
#5117 = ORIENTED_EDGE('',*,*,#5118,.T.);
#5118 = EDGE_CURVE('',#5111,#5119,#5121,.T.);
#5119 = VERTEX_POINT('',#5120);
#5120 = CARTESIAN_POINT('',(1.68,32.32,9.98));
#5121 = LINE('',#5122,#5123);
#5122 = CARTESIAN_POINT('',(1.68,32.32,1.6));
#5123 = VECTOR('',#5124,1.);
#5124 = DIRECTION('',(0.,0.,1.));
#5125 = ORIENTED_EDGE('',*,*,#5126,.F.);
#5126 = EDGE_CURVE('',#5103,#5119,#5127,.T.);
#5127 = LINE('',#5128,#5129);
#5128 = CARTESIAN_POINT('',(1.68,22.06,9.98));
#5129 = VECTOR('',#5130,1.);
#5130 = DIRECTION('',(0.,1.,0.));
#5131 = PLANE('',#5132);
#5132 = AXIS2_PLACEMENT_3D('',#5133,#5134,#5135);
#5133 = CARTESIAN_POINT('',(1.68,22.06,1.6));
#5134 = DIRECTION('',(1.,0.,0.));
#5135 = DIRECTION('',(0.,0.,1.));
#5136 = ADVANCED_FACE('',(#5137),#5171,.T.);
#5137 = FACE_BOUND('',#5138,.T.);
#5138 = EDGE_LOOP('',(#5139,#5149,#5157,#5165));
#5139 = ORIENTED_EDGE('',*,*,#5140,.F.);
#5140 = EDGE_CURVE('',#5141,#5143,#5145,.T.);
#5141 = VERTEX_POINT('',#5142);
#5142 = CARTESIAN_POINT('',(4.32,22.06,1.6));
#5143 = VERTEX_POINT('',#5144);
#5144 = CARTESIAN_POINT('',(4.32,22.06,9.98));
#5145 = LINE('',#5146,#5147);
#5146 = CARTESIAN_POINT('',(4.32,22.06,1.6));
#5147 = VECTOR('',#5148,1.);
#5148 = DIRECTION('',(0.,0.,1.));
#5149 = ORIENTED_EDGE('',*,*,#5150,.T.);
#5150 = EDGE_CURVE('',#5141,#5151,#5153,.T.);
#5151 = VERTEX_POINT('',#5152);
#5152 = CARTESIAN_POINT('',(4.32,32.32,1.6));
#5153 = LINE('',#5154,#5155);
#5154 = CARTESIAN_POINT('',(4.32,22.06,1.6));
#5155 = VECTOR('',#5156,1.);
#5156 = DIRECTION('',(0.,1.,0.));
#5157 = ORIENTED_EDGE('',*,*,#5158,.T.);
#5158 = EDGE_CURVE('',#5151,#5159,#5161,.T.);
#5159 = VERTEX_POINT('',#5160);
#5160 = CARTESIAN_POINT('',(4.32,32.32,9.98));
#5161 = LINE('',#5162,#5163);
#5162 = CARTESIAN_POINT('',(4.32,32.32,1.6));
#5163 = VECTOR('',#5164,1.);
#5164 = DIRECTION('',(0.,0.,1.));
#5165 = ORIENTED_EDGE('',*,*,#5166,.F.);
#5166 = EDGE_CURVE('',#5143,#5159,#5167,.T.);
#5167 = LINE('',#5168,#5169);
#5168 = CARTESIAN_POINT('',(4.32,22.06,9.98));
#5169 = VECTOR('',#5170,1.);
#5170 = DIRECTION('',(0.,1.,0.));
#5171 = PLANE('',#5172);
#5172 = AXIS2_PLACEMENT_3D('',#5173,#5174,#5175);
#5173 = CARTESIAN_POINT('',(4.32,22.06,1.6));
#5174 = DIRECTION('',(1.,0.,0.));
#5175 = DIRECTION('',(0.,0.,1.));
#5176 = ADVANCED_FACE('',(#5177),#5193,.F.);
#5177 = FACE_BOUND('',#5178,.F.);
#5178 = EDGE_LOOP('',(#5179,#5185,#5186,#5192));
#5179 = ORIENTED_EDGE('',*,*,#5180,.F.);
#5180 = EDGE_CURVE('',#5101,#5141,#5181,.T.);
#5181 = LINE('',#5182,#5183);
#5182 = CARTESIAN_POINT('',(1.68,22.06,1.6));
#5183 = VECTOR('',#5184,1.);
#5184 = DIRECTION('',(1.,0.,0.));
#5185 = ORIENTED_EDGE('',*,*,#5100,.T.);
#5186 = ORIENTED_EDGE('',*,*,#5187,.T.);
#5187 = EDGE_CURVE('',#5103,#5143,#5188,.T.);
#5188 = LINE('',#5189,#5190);
#5189 = CARTESIAN_POINT('',(1.68,22.06,9.98));
#5190 = VECTOR('',#5191,1.);
#5191 = DIRECTION('',(1.,0.,0.));
#5192 = ORIENTED_EDGE('',*,*,#5140,.F.);
#5193 = PLANE('',#5194);
#5194 = AXIS2_PLACEMENT_3D('',#5195,#5196,#5197);
#5195 = CARTESIAN_POINT('',(1.68,22.06,1.6));
#5196 = DIRECTION('',(0.,1.,0.));
#5197 = DIRECTION('',(0.,0.,1.));
#5198 = ADVANCED_FACE('',(#5199),#5215,.T.);
#5199 = FACE_BOUND('',#5200,.T.);
#5200 = EDGE_LOOP('',(#5201,#5207,#5208,#5214));
#5201 = ORIENTED_EDGE('',*,*,#5202,.F.);
#5202 = EDGE_CURVE('',#5111,#5151,#5203,.T.);
#5203 = LINE('',#5204,#5205);
#5204 = CARTESIAN_POINT('',(1.68,32.32,1.6));
#5205 = VECTOR('',#5206,1.);
#5206 = DIRECTION('',(1.,0.,0.));
#5207 = ORIENTED_EDGE('',*,*,#5118,.T.);
#5208 = ORIENTED_EDGE('',*,*,#5209,.T.);
#5209 = EDGE_CURVE('',#5119,#5159,#5210,.T.);
#5210 = LINE('',#5211,#5212);
#5211 = CARTESIAN_POINT('',(1.68,32.32,9.98));
#5212 = VECTOR('',#5213,1.);
#5213 = DIRECTION('',(1.,0.,0.));
#5214 = ORIENTED_EDGE('',*,*,#5158,.F.);
#5215 = PLANE('',#5216);
#5216 = AXIS2_PLACEMENT_3D('',#5217,#5218,#5219);
#5217 = CARTESIAN_POINT('',(1.68,32.32,1.6));
#5218 = DIRECTION('',(0.,1.,0.));
#5219 = DIRECTION('',(0.,0.,1.));
#5220 = ADVANCED_FACE('',(#5221),#5227,.F.);
#5221 = FACE_BOUND('',#5222,.F.);
#5222 = EDGE_LOOP('',(#5223,#5224,#5225,#5226));
#5223 = ORIENTED_EDGE('',*,*,#5110,.F.);
#5224 = ORIENTED_EDGE('',*,*,#5180,.T.);
#5225 = ORIENTED_EDGE('',*,*,#5150,.T.);
#5226 = ORIENTED_EDGE('',*,*,#5202,.F.);
#5227 = PLANE('',#5228);
#5228 = AXIS2_PLACEMENT_3D('',#5229,#5230,#5231);
#5229 = CARTESIAN_POINT('',(1.68,22.06,1.6));
#5230 = DIRECTION('',(0.,0.,1.));
#5231 = DIRECTION('',(1.,0.,0.));
#5232 = ADVANCED_FACE('',(#5233),#5239,.T.);
#5233 = FACE_BOUND('',#5234,.T.);
#5234 = EDGE_LOOP('',(#5235,#5236,#5237,#5238));
#5235 = ORIENTED_EDGE('',*,*,#5126,.F.);
#5236 = ORIENTED_EDGE('',*,*,#5187,.T.);
#5237 = ORIENTED_EDGE('',*,*,#5166,.T.);
#5238 = ORIENTED_EDGE('',*,*,#5209,.F.);
#5239 = PLANE('',#5240);
#5240 = AXIS2_PLACEMENT_3D('',#5241,#5242,#5243);
#5241 = CARTESIAN_POINT('',(1.68,22.06,9.98));
#5242 = DIRECTION('',(0.,0.,1.));
#5243 = DIRECTION('',(1.,0.,0.));
#5244 = MANIFOLD_SOLID_BREP('',#5245);
#5245 = CLOSED_SHELL('',(#5246,#5286,#5326,#5348,#5370,#5382));
#5246 = ADVANCED_FACE('',(#5247),#5281,.F.);
#5247 = FACE_BOUND('',#5248,.F.);
#5248 = EDGE_LOOP('',(#5249,#5259,#5267,#5275));
#5249 = ORIENTED_EDGE('',*,*,#5250,.F.);
#5250 = EDGE_CURVE('',#5251,#5253,#5255,.T.);
#5251 = VERTEX_POINT('',#5252);
#5252 = CARTESIAN_POINT('',(2.15,30.15,1.6));
#5253 = VERTEX_POINT('',#5254);
#5254 = CARTESIAN_POINT('',(2.15,30.15,1.635));
#5255 = LINE('',#5256,#5257);
#5256 = CARTESIAN_POINT('',(2.15,30.15,1.6));
#5257 = VECTOR('',#5258,1.);
#5258 = DIRECTION('',(0.,0.,1.));
#5259 = ORIENTED_EDGE('',*,*,#5260,.T.);
#5260 = EDGE_CURVE('',#5251,#5261,#5263,.T.);
#5261 = VERTEX_POINT('',#5262);
#5262 = CARTESIAN_POINT('',(2.15,31.85,1.6));
#5263 = LINE('',#5264,#5265);
#5264 = CARTESIAN_POINT('',(2.15,30.15,1.6));
#5265 = VECTOR('',#5266,1.);
#5266 = DIRECTION('',(0.,1.,0.));
#5267 = ORIENTED_EDGE('',*,*,#5268,.T.);
#5268 = EDGE_CURVE('',#5261,#5269,#5271,.T.);
#5269 = VERTEX_POINT('',#5270);
#5270 = CARTESIAN_POINT('',(2.15,31.85,1.635));
#5271 = LINE('',#5272,#5273);
#5272 = CARTESIAN_POINT('',(2.15,31.85,1.6));
#5273 = VECTOR('',#5274,1.);
#5274 = DIRECTION('',(0.,0.,1.));
#5275 = ORIENTED_EDGE('',*,*,#5276,.F.);
#5276 = EDGE_CURVE('',#5253,#5269,#5277,.T.);
#5277 = LINE('',#5278,#5279);
#5278 = CARTESIAN_POINT('',(2.15,30.15,1.635));
#5279 = VECTOR('',#5280,1.);
#5280 = DIRECTION('',(0.,1.,0.));
#5281 = PLANE('',#5282);
#5282 = AXIS2_PLACEMENT_3D('',#5283,#5284,#5285);
#5283 = CARTESIAN_POINT('',(2.15,30.15,1.6));
#5284 = DIRECTION('',(1.,0.,0.));
#5285 = DIRECTION('',(0.,0.,1.));
#5286 = ADVANCED_FACE('',(#5287),#5321,.T.);
#5287 = FACE_BOUND('',#5288,.T.);
#5288 = EDGE_LOOP('',(#5289,#5299,#5307,#5315));
#5289 = ORIENTED_EDGE('',*,*,#5290,.F.);
#5290 = EDGE_CURVE('',#5291,#5293,#5295,.T.);
#5291 = VERTEX_POINT('',#5292);
#5292 = CARTESIAN_POINT('',(3.85,30.15,1.6));
#5293 = VERTEX_POINT('',#5294);
#5294 = CARTESIAN_POINT('',(3.85,30.15,1.635));
#5295 = LINE('',#5296,#5297);
#5296 = CARTESIAN_POINT('',(3.85,30.15,1.6));
#5297 = VECTOR('',#5298,1.);
#5298 = DIRECTION('',(0.,0.,1.));
#5299 = ORIENTED_EDGE('',*,*,#5300,.T.);
#5300 = EDGE_CURVE('',#5291,#5301,#5303,.T.);
#5301 = VERTEX_POINT('',#5302);
#5302 = CARTESIAN_POINT('',(3.85,31.85,1.6));
#5303 = LINE('',#5304,#5305);
#5304 = CARTESIAN_POINT('',(3.85,30.15,1.6));
#5305 = VECTOR('',#5306,1.);
#5306 = DIRECTION('',(0.,1.,0.));
#5307 = ORIENTED_EDGE('',*,*,#5308,.T.);
#5308 = EDGE_CURVE('',#5301,#5309,#5311,.T.);
#5309 = VERTEX_POINT('',#5310);
#5310 = CARTESIAN_POINT('',(3.85,31.85,1.635));
#5311 = LINE('',#5312,#5313);
#5312 = CARTESIAN_POINT('',(3.85,31.85,1.6));
#5313 = VECTOR('',#5314,1.);
#5314 = DIRECTION('',(0.,0.,1.));
#5315 = ORIENTED_EDGE('',*,*,#5316,.F.);
#5316 = EDGE_CURVE('',#5293,#5309,#5317,.T.);
#5317 = LINE('',#5318,#5319);
#5318 = CARTESIAN_POINT('',(3.85,30.15,1.635));
#5319 = VECTOR('',#5320,1.);
#5320 = DIRECTION('',(0.,1.,0.));
#5321 = PLANE('',#5322);
#5322 = AXIS2_PLACEMENT_3D('',#5323,#5324,#5325);
#5323 = CARTESIAN_POINT('',(3.85,30.15,1.6));
#5324 = DIRECTION('',(1.,0.,0.));
#5325 = DIRECTION('',(0.,0.,1.));
#5326 = ADVANCED_FACE('',(#5327),#5343,.F.);
#5327 = FACE_BOUND('',#5328,.F.);
#5328 = EDGE_LOOP('',(#5329,#5335,#5336,#5342));
#5329 = ORIENTED_EDGE('',*,*,#5330,.F.);
#5330 = EDGE_CURVE('',#5251,#5291,#5331,.T.);
#5331 = LINE('',#5332,#5333);
#5332 = CARTESIAN_POINT('',(2.15,30.15,1.6));
#5333 = VECTOR('',#5334,1.);
#5334 = DIRECTION('',(1.,0.,0.));
#5335 = ORIENTED_EDGE('',*,*,#5250,.T.);
#5336 = ORIENTED_EDGE('',*,*,#5337,.T.);
#5337 = EDGE_CURVE('',#5253,#5293,#5338,.T.);
#5338 = LINE('',#5339,#5340);
#5339 = CARTESIAN_POINT('',(2.15,30.15,1.635));
#5340 = VECTOR('',#5341,1.);
#5341 = DIRECTION('',(1.,0.,0.));
#5342 = ORIENTED_EDGE('',*,*,#5290,.F.);
#5343 = PLANE('',#5344);
#5344 = AXIS2_PLACEMENT_3D('',#5345,#5346,#5347);
#5345 = CARTESIAN_POINT('',(2.15,30.15,1.6));
#5346 = DIRECTION('',(0.,1.,0.));
#5347 = DIRECTION('',(0.,0.,1.));
#5348 = ADVANCED_FACE('',(#5349),#5365,.T.);
#5349 = FACE_BOUND('',#5350,.T.);
#5350 = EDGE_LOOP('',(#5351,#5357,#5358,#5364));
#5351 = ORIENTED_EDGE('',*,*,#5352,.F.);
#5352 = EDGE_CURVE('',#5261,#5301,#5353,.T.);
#5353 = LINE('',#5354,#5355);
#5354 = CARTESIAN_POINT('',(2.15,31.85,1.6));
#5355 = VECTOR('',#5356,1.);
#5356 = DIRECTION('',(1.,0.,0.));
#5357 = ORIENTED_EDGE('',*,*,#5268,.T.);
#5358 = ORIENTED_EDGE('',*,*,#5359,.T.);
#5359 = EDGE_CURVE('',#5269,#5309,#5360,.T.);
#5360 = LINE('',#5361,#5362);
#5361 = CARTESIAN_POINT('',(2.15,31.85,1.635));
#5362 = VECTOR('',#5363,1.);
#5363 = DIRECTION('',(1.,0.,0.));
#5364 = ORIENTED_EDGE('',*,*,#5308,.F.);
#5365 = PLANE('',#5366);
#5366 = AXIS2_PLACEMENT_3D('',#5367,#5368,#5369);
#5367 = CARTESIAN_POINT('',(2.15,31.85,1.6));
#5368 = DIRECTION('',(0.,1.,0.));
#5369 = DIRECTION('',(0.,0.,1.));
#5370 = ADVANCED_FACE('',(#5371),#5377,.F.);
#5371 = FACE_BOUND('',#5372,.F.);
#5372 = EDGE_LOOP('',(#5373,#5374,#5375,#5376));
#5373 = ORIENTED_EDGE('',*,*,#5260,.F.);
#5374 = ORIENTED_EDGE('',*,*,#5330,.T.);
#5375 = ORIENTED_EDGE('',*,*,#5300,.T.);
#5376 = ORIENTED_EDGE('',*,*,#5352,.F.);
#5377 = PLANE('',#5378);
#5378 = AXIS2_PLACEMENT_3D('',#5379,#5380,#5381);
#5379 = CARTESIAN_POINT('',(2.15,30.15,1.6));
#5380 = DIRECTION('',(0.,0.,1.));
#5381 = DIRECTION('',(1.,0.,0.));
#5382 = ADVANCED_FACE('',(#5383),#5389,.T.);
#5383 = FACE_BOUND('',#5384,.T.);
#5384 = EDGE_LOOP('',(#5385,#5386,#5387,#5388));
#5385 = ORIENTED_EDGE('',*,*,#5276,.F.);
#5386 = ORIENTED_EDGE('',*,*,#5337,.T.);
#5387 = ORIENTED_EDGE('',*,*,#5316,.T.);
#5388 = ORIENTED_EDGE('',*,*,#5359,.F.);
#5389 = PLANE('',#5390);
#5390 = AXIS2_PLACEMENT_3D('',#5391,#5392,#5393);
#5391 = CARTESIAN_POINT('',(2.15,30.15,1.635));
#5392 = DIRECTION('',(0.,0.,1.));
#5393 = DIRECTION('',(1.,0.,0.));
#5394 = MANIFOLD_SOLID_BREP('',#5395);
#5395 = CLOSED_SHELL('',(#5396,#5436,#5476,#5498,#5520,#5532));
#5396 = ADVANCED_FACE('',(#5397),#5431,.F.);
#5397 = FACE_BOUND('',#5398,.F.);
#5398 = EDGE_LOOP('',(#5399,#5409,#5417,#5425));
#5399 = ORIENTED_EDGE('',*,*,#5400,.F.);
#5400 = EDGE_CURVE('',#5401,#5403,#5405,.T.);
#5401 = VERTEX_POINT('',#5402);
#5402 = CARTESIAN_POINT('',(2.15,27.61,1.6));
#5403 = VERTEX_POINT('',#5404);
#5404 = CARTESIAN_POINT('',(2.15,27.61,1.635));
#5405 = LINE('',#5406,#5407);
#5406 = CARTESIAN_POINT('',(2.15,27.61,1.6));
#5407 = VECTOR('',#5408,1.);
#5408 = DIRECTION('',(0.,0.,1.));
#5409 = ORIENTED_EDGE('',*,*,#5410,.T.);
#5410 = EDGE_CURVE('',#5401,#5411,#5413,.T.);
#5411 = VERTEX_POINT('',#5412);
#5412 = CARTESIAN_POINT('',(2.15,29.31,1.6));
#5413 = LINE('',#5414,#5415);
#5414 = CARTESIAN_POINT('',(2.15,27.61,1.6));
#5415 = VECTOR('',#5416,1.);
#5416 = DIRECTION('',(0.,1.,0.));
#5417 = ORIENTED_EDGE('',*,*,#5418,.T.);
#5418 = EDGE_CURVE('',#5411,#5419,#5421,.T.);
#5419 = VERTEX_POINT('',#5420);
#5420 = CARTESIAN_POINT('',(2.15,29.31,1.635));
#5421 = LINE('',#5422,#5423);
#5422 = CARTESIAN_POINT('',(2.15,29.31,1.6));
#5423 = VECTOR('',#5424,1.);
#5424 = DIRECTION('',(0.,0.,1.));
#5425 = ORIENTED_EDGE('',*,*,#5426,.F.);
#5426 = EDGE_CURVE('',#5403,#5419,#5427,.T.);
#5427 = LINE('',#5428,#5429);
#5428 = CARTESIAN_POINT('',(2.15,27.61,1.635));
#5429 = VECTOR('',#5430,1.);
#5430 = DIRECTION('',(0.,1.,0.));
#5431 = PLANE('',#5432);
#5432 = AXIS2_PLACEMENT_3D('',#5433,#5434,#5435);
#5433 = CARTESIAN_POINT('',(2.15,27.61,1.6));
#5434 = DIRECTION('',(1.,0.,0.));
#5435 = DIRECTION('',(0.,0.,1.));
#5436 = ADVANCED_FACE('',(#5437),#5471,.T.);
#5437 = FACE_BOUND('',#5438,.T.);
#5438 = EDGE_LOOP('',(#5439,#5449,#5457,#5465));
#5439 = ORIENTED_EDGE('',*,*,#5440,.F.);
#5440 = EDGE_CURVE('',#5441,#5443,#5445,.T.);
#5441 = VERTEX_POINT('',#5442);
#5442 = CARTESIAN_POINT('',(3.85,27.61,1.6));
#5443 = VERTEX_POINT('',#5444);
#5444 = CARTESIAN_POINT('',(3.85,27.61,1.635));
#5445 = LINE('',#5446,#5447);
#5446 = CARTESIAN_POINT('',(3.85,27.61,1.6));
#5447 = VECTOR('',#5448,1.);
#5448 = DIRECTION('',(0.,0.,1.));
#5449 = ORIENTED_EDGE('',*,*,#5450,.T.);
#5450 = EDGE_CURVE('',#5441,#5451,#5453,.T.);
#5451 = VERTEX_POINT('',#5452);
#5452 = CARTESIAN_POINT('',(3.85,29.31,1.6));
#5453 = LINE('',#5454,#5455);
#5454 = CARTESIAN_POINT('',(3.85,27.61,1.6));
#5455 = VECTOR('',#5456,1.);
#5456 = DIRECTION('',(0.,1.,0.));
#5457 = ORIENTED_EDGE('',*,*,#5458,.T.);
#5458 = EDGE_CURVE('',#5451,#5459,#5461,.T.);
#5459 = VERTEX_POINT('',#5460);
#5460 = CARTESIAN_POINT('',(3.85,29.31,1.635));
#5461 = LINE('',#5462,#5463);
#5462 = CARTESIAN_POINT('',(3.85,29.31,1.6));
#5463 = VECTOR('',#5464,1.);
#5464 = DIRECTION('',(0.,0.,1.));
#5465 = ORIENTED_EDGE('',*,*,#5466,.F.);
#5466 = EDGE_CURVE('',#5443,#5459,#5467,.T.);
#5467 = LINE('',#5468,#5469);
#5468 = CARTESIAN_POINT('',(3.85,27.61,1.635));
#5469 = VECTOR('',#5470,1.);
#5470 = DIRECTION('',(0.,1.,0.));
#5471 = PLANE('',#5472);
#5472 = AXIS2_PLACEMENT_3D('',#5473,#5474,#5475);
#5473 = CARTESIAN_POINT('',(3.85,27.61,1.6));
#5474 = DIRECTION('',(1.,0.,0.));
#5475 = DIRECTION('',(0.,0.,1.));
#5476 = ADVANCED_FACE('',(#5477),#5493,.F.);
#5477 = FACE_BOUND('',#5478,.F.);
#5478 = EDGE_LOOP('',(#5479,#5485,#5486,#5492));
#5479 = ORIENTED_EDGE('',*,*,#5480,.F.);
#5480 = EDGE_CURVE('',#5401,#5441,#5481,.T.);
#5481 = LINE('',#5482,#5483);
#5482 = CARTESIAN_POINT('',(2.15,27.61,1.6));
#5483 = VECTOR('',#5484,1.);
#5484 = DIRECTION('',(1.,0.,0.));
#5485 = ORIENTED_EDGE('',*,*,#5400,.T.);
#5486 = ORIENTED_EDGE('',*,*,#5487,.T.);
#5487 = EDGE_CURVE('',#5403,#5443,#5488,.T.);
#5488 = LINE('',#5489,#5490);
#5489 = CARTESIAN_POINT('',(2.15,27.61,1.635));
#5490 = VECTOR('',#5491,1.);
#5491 = DIRECTION('',(1.,0.,0.));
#5492 = ORIENTED_EDGE('',*,*,#5440,.F.);
#5493 = PLANE('',#5494);
#5494 = AXIS2_PLACEMENT_3D('',#5495,#5496,#5497);
#5495 = CARTESIAN_POINT('',(2.15,27.61,1.6));
#5496 = DIRECTION('',(0.,1.,0.));
#5497 = DIRECTION('',(0.,0.,1.));
#5498 = ADVANCED_FACE('',(#5499),#5515,.T.);
#5499 = FACE_BOUND('',#5500,.T.);
#5500 = EDGE_LOOP('',(#5501,#5507,#5508,#5514));
#5501 = ORIENTED_EDGE('',*,*,#5502,.F.);
#5502 = EDGE_CURVE('',#5411,#5451,#5503,.T.);
#5503 = LINE('',#5504,#5505);
#5504 = CARTESIAN_POINT('',(2.15,29.31,1.6));
#5505 = VECTOR('',#5506,1.);
#5506 = DIRECTION('',(1.,0.,0.));
#5507 = ORIENTED_EDGE('',*,*,#5418,.T.);
#5508 = ORIENTED_EDGE('',*,*,#5509,.T.);
#5509 = EDGE_CURVE('',#5419,#5459,#5510,.T.);
#5510 = LINE('',#5511,#5512);
#5511 = CARTESIAN_POINT('',(2.15,29.31,1.635));
#5512 = VECTOR('',#5513,1.);
#5513 = DIRECTION('',(1.,0.,0.));
#5514 = ORIENTED_EDGE('',*,*,#5458,.F.);
#5515 = PLANE('',#5516);
#5516 = AXIS2_PLACEMENT_3D('',#5517,#5518,#5519);
#5517 = CARTESIAN_POINT('',(2.15,29.31,1.6));
#5518 = DIRECTION('',(0.,1.,0.));
#5519 = DIRECTION('',(0.,0.,1.));
#5520 = ADVANCED_FACE('',(#5521),#5527,.F.);
#5521 = FACE_BOUND('',#5522,.F.);
#5522 = EDGE_LOOP('',(#5523,#5524,#5525,#5526));
#5523 = ORIENTED_EDGE('',*,*,#5410,.F.);
#5524 = ORIENTED_EDGE('',*,*,#5480,.T.);
#5525 = ORIENTED_EDGE('',*,*,#5450,.T.);
#5526 = ORIENTED_EDGE('',*,*,#5502,.F.);
#5527 = PLANE('',#5528);
#5528 = AXIS2_PLACEMENT_3D('',#5529,#5530,#5531);
#5529 = CARTESIAN_POINT('',(2.15,27.61,1.6));
#5530 = DIRECTION('',(0.,0.,1.));
#5531 = DIRECTION('',(1.,0.,0.));
#5532 = ADVANCED_FACE('',(#5533),#5539,.T.);
#5533 = FACE_BOUND('',#5534,.T.);
#5534 = EDGE_LOOP('',(#5535,#5536,#5537,#5538));
#5535 = ORIENTED_EDGE('',*,*,#5426,.F.);
#5536 = ORIENTED_EDGE('',*,*,#5487,.T.);
#5537 = ORIENTED_EDGE('',*,*,#5466,.T.);
#5538 = ORIENTED_EDGE('',*,*,#5509,.F.);
#5539 = PLANE('',#5540);
#5540 = AXIS2_PLACEMENT_3D('',#5541,#5542,#5543);
#5541 = CARTESIAN_POINT('',(2.15,27.61,1.635));
#5542 = DIRECTION('',(0.,0.,1.));
#5543 = DIRECTION('',(1.,0.,0.));
#5544 = MANIFOLD_SOLID_BREP('',#5545);
#5545 = CLOSED_SHELL('',(#5546,#5586,#5626,#5648,#5670,#5682));
#5546 = ADVANCED_FACE('',(#5547),#5581,.F.);
#5547 = FACE_BOUND('',#5548,.F.);
#5548 = EDGE_LOOP('',(#5549,#5559,#5567,#5575));
#5549 = ORIENTED_EDGE('',*,*,#5550,.F.);
#5550 = EDGE_CURVE('',#5551,#5553,#5555,.T.);
#5551 = VERTEX_POINT('',#5552);
#5552 = CARTESIAN_POINT('',(2.15,25.07,1.6));
#5553 = VERTEX_POINT('',#5554);
#5554 = CARTESIAN_POINT('',(2.15,25.07,1.635));
#5555 = LINE('',#5556,#5557);
#5556 = CARTESIAN_POINT('',(2.15,25.07,1.6));
#5557 = VECTOR('',#5558,1.);
#5558 = DIRECTION('',(0.,0.,1.));
#5559 = ORIENTED_EDGE('',*,*,#5560,.T.);
#5560 = EDGE_CURVE('',#5551,#5561,#5563,.T.);
#5561 = VERTEX_POINT('',#5562);
#5562 = CARTESIAN_POINT('',(2.15,26.77,1.6));
#5563 = LINE('',#5564,#5565);
#5564 = CARTESIAN_POINT('',(2.15,25.07,1.6));
#5565 = VECTOR('',#5566,1.);
#5566 = DIRECTION('',(0.,1.,0.));
#5567 = ORIENTED_EDGE('',*,*,#5568,.T.);
#5568 = EDGE_CURVE('',#5561,#5569,#5571,.T.);
#5569 = VERTEX_POINT('',#5570);
#5570 = CARTESIAN_POINT('',(2.15,26.77,1.635));
#5571 = LINE('',#5572,#5573);
#5572 = CARTESIAN_POINT('',(2.15,26.77,1.6));
#5573 = VECTOR('',#5574,1.);
#5574 = DIRECTION('',(0.,0.,1.));
#5575 = ORIENTED_EDGE('',*,*,#5576,.F.);
#5576 = EDGE_CURVE('',#5553,#5569,#5577,.T.);
#5577 = LINE('',#5578,#5579);
#5578 = CARTESIAN_POINT('',(2.15,25.07,1.635));
#5579 = VECTOR('',#5580,1.);
#5580 = DIRECTION('',(0.,1.,0.));
#5581 = PLANE('',#5582);
#5582 = AXIS2_PLACEMENT_3D('',#5583,#5584,#5585);
#5583 = CARTESIAN_POINT('',(2.15,25.07,1.6));
#5584 = DIRECTION('',(1.,0.,0.));
#5585 = DIRECTION('',(0.,0.,1.));
#5586 = ADVANCED_FACE('',(#5587),#5621,.T.);
#5587 = FACE_BOUND('',#5588,.T.);
#5588 = EDGE_LOOP('',(#5589,#5599,#5607,#5615));
#5589 = ORIENTED_EDGE('',*,*,#5590,.F.);
#5590 = EDGE_CURVE('',#5591,#5593,#5595,.T.);
#5591 = VERTEX_POINT('',#5592);
#5592 = CARTESIAN_POINT('',(3.85,25.07,1.6));
#5593 = VERTEX_POINT('',#5594);
#5594 = CARTESIAN_POINT('',(3.85,25.07,1.635));
#5595 = LINE('',#5596,#5597);
#5596 = CARTESIAN_POINT('',(3.85,25.07,1.6));
#5597 = VECTOR('',#5598,1.);
#5598 = DIRECTION('',(0.,0.,1.));
#5599 = ORIENTED_EDGE('',*,*,#5600,.T.);
#5600 = EDGE_CURVE('',#5591,#5601,#5603,.T.);
#5601 = VERTEX_POINT('',#5602);
#5602 = CARTESIAN_POINT('',(3.85,26.77,1.6));
#5603 = LINE('',#5604,#5605);
#5604 = CARTESIAN_POINT('',(3.85,25.07,1.6));
#5605 = VECTOR('',#5606,1.);
#5606 = DIRECTION('',(0.,1.,0.));
#5607 = ORIENTED_EDGE('',*,*,#5608,.T.);
#5608 = EDGE_CURVE('',#5601,#5609,#5611,.T.);
#5609 = VERTEX_POINT('',#5610);
#5610 = CARTESIAN_POINT('',(3.85,26.77,1.635));
#5611 = LINE('',#5612,#5613);
#5612 = CARTESIAN_POINT('',(3.85,26.77,1.6));
#5613 = VECTOR('',#5614,1.);
#5614 = DIRECTION('',(0.,0.,1.));
#5615 = ORIENTED_EDGE('',*,*,#5616,.F.);
#5616 = EDGE_CURVE('',#5593,#5609,#5617,.T.);
#5617 = LINE('',#5618,#5619);
#5618 = CARTESIAN_POINT('',(3.85,25.07,1.635));
#5619 = VECTOR('',#5620,1.);
#5620 = DIRECTION('',(0.,1.,0.));
#5621 = PLANE('',#5622);
#5622 = AXIS2_PLACEMENT_3D('',#5623,#5624,#5625);
#5623 = CARTESIAN_POINT('',(3.85,25.07,1.6));
#5624 = DIRECTION('',(1.,0.,0.));
#5625 = DIRECTION('',(0.,0.,1.));
#5626 = ADVANCED_FACE('',(#5627),#5643,.F.);
#5627 = FACE_BOUND('',#5628,.F.);
#5628 = EDGE_LOOP('',(#5629,#5635,#5636,#5642));
#5629 = ORIENTED_EDGE('',*,*,#5630,.F.);
#5630 = EDGE_CURVE('',#5551,#5591,#5631,.T.);
#5631 = LINE('',#5632,#5633);
#5632 = CARTESIAN_POINT('',(2.15,25.07,1.6));
#5633 = VECTOR('',#5634,1.);
#5634 = DIRECTION('',(1.,0.,0.));
#5635 = ORIENTED_EDGE('',*,*,#5550,.T.);
#5636 = ORIENTED_EDGE('',*,*,#5637,.T.);
#5637 = EDGE_CURVE('',#5553,#5593,#5638,.T.);
#5638 = LINE('',#5639,#5640);
#5639 = CARTESIAN_POINT('',(2.15,25.07,1.635));
#5640 = VECTOR('',#5641,1.);
#5641 = DIRECTION('',(1.,0.,0.));
#5642 = ORIENTED_EDGE('',*,*,#5590,.F.);
#5643 = PLANE('',#5644);
#5644 = AXIS2_PLACEMENT_3D('',#5645,#5646,#5647);
#5645 = CARTESIAN_POINT('',(2.15,25.07,1.6));
#5646 = DIRECTION('',(0.,1.,0.));
#5647 = DIRECTION('',(0.,0.,1.));
#5648 = ADVANCED_FACE('',(#5649),#5665,.T.);
#5649 = FACE_BOUND('',#5650,.T.);
#5650 = EDGE_LOOP('',(#5651,#5657,#5658,#5664));
#5651 = ORIENTED_EDGE('',*,*,#5652,.F.);
#5652 = EDGE_CURVE('',#5561,#5601,#5653,.T.);
#5653 = LINE('',#5654,#5655);
#5654 = CARTESIAN_POINT('',(2.15,26.77,1.6));
#5655 = VECTOR('',#5656,1.);
#5656 = DIRECTION('',(1.,0.,0.));
#5657 = ORIENTED_EDGE('',*,*,#5568,.T.);
#5658 = ORIENTED_EDGE('',*,*,#5659,.T.);
#5659 = EDGE_CURVE('',#5569,#5609,#5660,.T.);
#5660 = LINE('',#5661,#5662);
#5661 = CARTESIAN_POINT('',(2.15,26.77,1.635));
#5662 = VECTOR('',#5663,1.);
#5663 = DIRECTION('',(1.,0.,0.));
#5664 = ORIENTED_EDGE('',*,*,#5608,.F.);
#5665 = PLANE('',#5666);
#5666 = AXIS2_PLACEMENT_3D('',#5667,#5668,#5669);
#5667 = CARTESIAN_POINT('',(2.15,26.77,1.6));
#5668 = DIRECTION('',(0.,1.,0.));
#5669 = DIRECTION('',(0.,0.,1.));
#5670 = ADVANCED_FACE('',(#5671),#5677,.F.);
#5671 = FACE_BOUND('',#5672,.F.);
#5672 = EDGE_LOOP('',(#5673,#5674,#5675,#5676));
#5673 = ORIENTED_EDGE('',*,*,#5560,.F.);
#5674 = ORIENTED_EDGE('',*,*,#5630,.T.);
#5675 = ORIENTED_EDGE('',*,*,#5600,.T.);
#5676 = ORIENTED_EDGE('',*,*,#5652,.F.);
#5677 = PLANE('',#5678);
#5678 = AXIS2_PLACEMENT_3D('',#5679,#5680,#5681);
#5679 = CARTESIAN_POINT('',(2.15,25.07,1.6));
#5680 = DIRECTION('',(0.,0.,1.));
#5681 = DIRECTION('',(1.,0.,0.));
#5682 = ADVANCED_FACE('',(#5683),#5689,.T.);
#5683 = FACE_BOUND('',#5684,.T.);
#5684 = EDGE_LOOP('',(#5685,#5686,#5687,#5688));
#5685 = ORIENTED_EDGE('',*,*,#5576,.F.);
#5686 = ORIENTED_EDGE('',*,*,#5637,.T.);
#5687 = ORIENTED_EDGE('',*,*,#5616,.T.);
#5688 = ORIENTED_EDGE('',*,*,#5659,.F.);
#5689 = PLANE('',#5690);
#5690 = AXIS2_PLACEMENT_3D('',#5691,#5692,#5693);
#5691 = CARTESIAN_POINT('',(2.15,25.07,1.635));
#5692 = DIRECTION('',(0.,0.,1.));
#5693 = DIRECTION('',(1.,0.,0.));
#5694 = MANIFOLD_SOLID_BREP('',#5695);
#5695 = CLOSED_SHELL('',(#5696,#5736,#5776,#5798,#5820,#5832));
#5696 = ADVANCED_FACE('',(#5697),#5731,.F.);
#5697 = FACE_BOUND('',#5698,.F.);
#5698 = EDGE_LOOP('',(#5699,#5709,#5717,#5725));
#5699 = ORIENTED_EDGE('',*,*,#5700,.F.);
#5700 = EDGE_CURVE('',#5701,#5703,#5705,.T.);
#5701 = VERTEX_POINT('',#5702);
#5702 = CARTESIAN_POINT('',(2.15,22.53,1.6));
#5703 = VERTEX_POINT('',#5704);
#5704 = CARTESIAN_POINT('',(2.15,22.53,1.635));
#5705 = LINE('',#5706,#5707);
#5706 = CARTESIAN_POINT('',(2.15,22.53,1.6));
#5707 = VECTOR('',#5708,1.);
#5708 = DIRECTION('',(0.,0.,1.));
#5709 = ORIENTED_EDGE('',*,*,#5710,.T.);
#5710 = EDGE_CURVE('',#5701,#5711,#5713,.T.);
#5711 = VERTEX_POINT('',#5712);
#5712 = CARTESIAN_POINT('',(2.15,24.23,1.6));
#5713 = LINE('',#5714,#5715);
#5714 = CARTESIAN_POINT('',(2.15,22.53,1.6));
#5715 = VECTOR('',#5716,1.);
#5716 = DIRECTION('',(0.,1.,0.));
#5717 = ORIENTED_EDGE('',*,*,#5718,.T.);
#5718 = EDGE_CURVE('',#5711,#5719,#5721,.T.);
#5719 = VERTEX_POINT('',#5720);
#5720 = CARTESIAN_POINT('',(2.15,24.23,1.635));
#5721 = LINE('',#5722,#5723);
#5722 = CARTESIAN_POINT('',(2.15,24.23,1.6));
#5723 = VECTOR('',#5724,1.);
#5724 = DIRECTION('',(0.,0.,1.));
#5725 = ORIENTED_EDGE('',*,*,#5726,.F.);
#5726 = EDGE_CURVE('',#5703,#5719,#5727,.T.);
#5727 = LINE('',#5728,#5729);
#5728 = CARTESIAN_POINT('',(2.15,22.53,1.635));
#5729 = VECTOR('',#5730,1.);
#5730 = DIRECTION('',(0.,1.,0.));
#5731 = PLANE('',#5732);
#5732 = AXIS2_PLACEMENT_3D('',#5733,#5734,#5735);
#5733 = CARTESIAN_POINT('',(2.15,22.53,1.6));
#5734 = DIRECTION('',(1.,0.,0.));
#5735 = DIRECTION('',(0.,0.,1.));
#5736 = ADVANCED_FACE('',(#5737),#5771,.T.);
#5737 = FACE_BOUND('',#5738,.T.);
#5738 = EDGE_LOOP('',(#5739,#5749,#5757,#5765));
#5739 = ORIENTED_EDGE('',*,*,#5740,.F.);
#5740 = EDGE_CURVE('',#5741,#5743,#5745,.T.);
#5741 = VERTEX_POINT('',#5742);
#5742 = CARTESIAN_POINT('',(3.85,22.53,1.6));
#5743 = VERTEX_POINT('',#5744);
#5744 = CARTESIAN_POINT('',(3.85,22.53,1.635));
#5745 = LINE('',#5746,#5747);
#5746 = CARTESIAN_POINT('',(3.85,22.53,1.6));
#5747 = VECTOR('',#5748,1.);
#5748 = DIRECTION('',(0.,0.,1.));
#5749 = ORIENTED_EDGE('',*,*,#5750,.T.);
#5750 = EDGE_CURVE('',#5741,#5751,#5753,.T.);
#5751 = VERTEX_POINT('',#5752);
#5752 = CARTESIAN_POINT('',(3.85,24.23,1.6));
#5753 = LINE('',#5754,#5755);
#5754 = CARTESIAN_POINT('',(3.85,22.53,1.6));
#5755 = VECTOR('',#5756,1.);
#5756 = DIRECTION('',(0.,1.,0.));
#5757 = ORIENTED_EDGE('',*,*,#5758,.T.);
#5758 = EDGE_CURVE('',#5751,#5759,#5761,.T.);
#5759 = VERTEX_POINT('',#5760);
#5760 = CARTESIAN_POINT('',(3.85,24.23,1.635));
#5761 = LINE('',#5762,#5763);
#5762 = CARTESIAN_POINT('',(3.85,24.23,1.6));
#5763 = VECTOR('',#5764,1.);
#5764 = DIRECTION('',(0.,0.,1.));
#5765 = ORIENTED_EDGE('',*,*,#5766,.F.);
#5766 = EDGE_CURVE('',#5743,#5759,#5767,.T.);
#5767 = LINE('',#5768,#5769);
#5768 = CARTESIAN_POINT('',(3.85,22.53,1.635));
#5769 = VECTOR('',#5770,1.);
#5770 = DIRECTION('',(0.,1.,0.));
#5771 = PLANE('',#5772);
#5772 = AXIS2_PLACEMENT_3D('',#5773,#5774,#5775);
#5773 = CARTESIAN_POINT('',(3.85,22.53,1.6));
#5774 = DIRECTION('',(1.,0.,0.));
#5775 = DIRECTION('',(0.,0.,1.));
#5776 = ADVANCED_FACE('',(#5777),#5793,.F.);
#5777 = FACE_BOUND('',#5778,.F.);
#5778 = EDGE_LOOP('',(#5779,#5785,#5786,#5792));
#5779 = ORIENTED_EDGE('',*,*,#5780,.F.);
#5780 = EDGE_CURVE('',#5701,#5741,#5781,.T.);
#5781 = LINE('',#5782,#5783);
#5782 = CARTESIAN_POINT('',(2.15,22.53,1.6));
#5783 = VECTOR('',#5784,1.);
#5784 = DIRECTION('',(1.,0.,0.));
#5785 = ORIENTED_EDGE('',*,*,#5700,.T.);
#5786 = ORIENTED_EDGE('',*,*,#5787,.T.);
#5787 = EDGE_CURVE('',#5703,#5743,#5788,.T.);
#5788 = LINE('',#5789,#5790);
#5789 = CARTESIAN_POINT('',(2.15,22.53,1.635));
#5790 = VECTOR('',#5791,1.);
#5791 = DIRECTION('',(1.,0.,0.));
#5792 = ORIENTED_EDGE('',*,*,#5740,.F.);
#5793 = PLANE('',#5794);
#5794 = AXIS2_PLACEMENT_3D('',#5795,#5796,#5797);
#5795 = CARTESIAN_POINT('',(2.15,22.53,1.6));
#5796 = DIRECTION('',(0.,1.,0.));
#5797 = DIRECTION('',(0.,0.,1.));
#5798 = ADVANCED_FACE('',(#5799),#5815,.T.);
#5799 = FACE_BOUND('',#5800,.T.);
#5800 = EDGE_LOOP('',(#5801,#5807,#5808,#5814));
#5801 = ORIENTED_EDGE('',*,*,#5802,.F.);
#5802 = EDGE_CURVE('',#5711,#5751,#5803,.T.);
#5803 = LINE('',#5804,#5805);
#5804 = CARTESIAN_POINT('',(2.15,24.23,1.6));
#5805 = VECTOR('',#5806,1.);
#5806 = DIRECTION('',(1.,0.,0.));
#5807 = ORIENTED_EDGE('',*,*,#5718,.T.);
#5808 = ORIENTED_EDGE('',*,*,#5809,.T.);
#5809 = EDGE_CURVE('',#5719,#5759,#5810,.T.);
#5810 = LINE('',#5811,#5812);
#5811 = CARTESIAN_POINT('',(2.15,24.23,1.635));
#5812 = VECTOR('',#5813,1.);
#5813 = DIRECTION('',(1.,0.,0.));
#5814 = ORIENTED_EDGE('',*,*,#5758,.F.);
#5815 = PLANE('',#5816);
#5816 = AXIS2_PLACEMENT_3D('',#5817,#5818,#5819);
#5817 = CARTESIAN_POINT('',(2.15,24.23,1.6));
#5818 = DIRECTION('',(0.,1.,0.));
#5819 = DIRECTION('',(0.,0.,1.));
#5820 = ADVANCED_FACE('',(#5821),#5827,.F.);
#5821 = FACE_BOUND('',#5822,.F.);
#5822 = EDGE_LOOP('',(#5823,#5824,#5825,#5826));
#5823 = ORIENTED_EDGE('',*,*,#5710,.F.);
#5824 = ORIENTED_EDGE('',*,*,#5780,.T.);
#5825 = ORIENTED_EDGE('',*,*,#5750,.T.);
#5826 = ORIENTED_EDGE('',*,*,#5802,.F.);
#5827 = PLANE('',#5828);
#5828 = AXIS2_PLACEMENT_3D('',#5829,#5830,#5831);
#5829 = CARTESIAN_POINT('',(2.15,22.53,1.6));
#5830 = DIRECTION('',(0.,0.,1.));
#5831 = DIRECTION('',(1.,0.,0.));
#5832 = ADVANCED_FACE('',(#5833),#5839,.T.);
#5833 = FACE_BOUND('',#5834,.T.);
#5834 = EDGE_LOOP('',(#5835,#5836,#5837,#5838));
#5835 = ORIENTED_EDGE('',*,*,#5726,.F.);
#5836 = ORIENTED_EDGE('',*,*,#5787,.T.);
#5837 = ORIENTED_EDGE('',*,*,#5766,.T.);
#5838 = ORIENTED_EDGE('',*,*,#5809,.F.);
#5839 = PLANE('',#5840);
#5840 = AXIS2_PLACEMENT_3D('',#5841,#5842,#5843);
#5841 = CARTESIAN_POINT('',(2.15,22.53,1.635));
#5842 = DIRECTION('',(0.,0.,1.));
#5843 = DIRECTION('',(1.,0.,0.));
#5844 = MANIFOLD_SOLID_BREP('',#5845);
#5845 = CLOSED_SHELL('',(#5846,#5886,#5926,#5948,#5970,#5982));
#5846 = ADVANCED_FACE('',(#5847),#5881,.F.);
#5847 = FACE_BOUND('',#5848,.F.);
#5848 = EDGE_LOOP('',(#5849,#5859,#5867,#5875));
#5849 = ORIENTED_EDGE('',*,*,#5850,.F.);
#5850 = EDGE_CURVE('',#5851,#5853,#5855,.T.);
#5851 = VERTEX_POINT('',#5852);
#5852 = CARTESIAN_POINT('',(11.3,25.5,1.6));
#5853 = VERTEX_POINT('',#5854);
#5854 = CARTESIAN_POINT('',(11.3,25.5,2.72));
#5855 = LINE('',#5856,#5857);
#5856 = CARTESIAN_POINT('',(11.3,25.5,1.6));
#5857 = VECTOR('',#5858,1.);
#5858 = DIRECTION('',(0.,0.,1.));
#5859 = ORIENTED_EDGE('',*,*,#5860,.T.);
#5860 = EDGE_CURVE('',#5851,#5861,#5863,.T.);
#5861 = VERTEX_POINT('',#5862);
#5862 = CARTESIAN_POINT('',(11.3,28.5,1.6));
#5863 = LINE('',#5864,#5865);
#5864 = CARTESIAN_POINT('',(11.3,25.5,1.6));
#5865 = VECTOR('',#5866,1.);
#5866 = DIRECTION('',(0.,1.,0.));
#5867 = ORIENTED_EDGE('',*,*,#5868,.T.);
#5868 = EDGE_CURVE('',#5861,#5869,#5871,.T.);
#5869 = VERTEX_POINT('',#5870);
#5870 = CARTESIAN_POINT('',(11.3,28.5,2.72));
#5871 = LINE('',#5872,#5873);
#5872 = CARTESIAN_POINT('',(11.3,28.5,1.6));
#5873 = VECTOR('',#5874,1.);
#5874 = DIRECTION('',(0.,0.,1.));
#5875 = ORIENTED_EDGE('',*,*,#5876,.F.);
#5876 = EDGE_CURVE('',#5853,#5869,#5877,.T.);
#5877 = LINE('',#5878,#5879);
#5878 = CARTESIAN_POINT('',(11.3,25.5,2.72));
#5879 = VECTOR('',#5880,1.);
#5880 = DIRECTION('',(0.,1.,0.));
#5881 = PLANE('',#5882);
#5882 = AXIS2_PLACEMENT_3D('',#5883,#5884,#5885);
#5883 = CARTESIAN_POINT('',(11.3,25.5,1.6));
#5884 = DIRECTION('',(1.,0.,0.));
#5885 = DIRECTION('',(0.,0.,1.));
#5886 = ADVANCED_FACE('',(#5887),#5921,.T.);
#5887 = FACE_BOUND('',#5888,.T.);
#5888 = EDGE_LOOP('',(#5889,#5899,#5907,#5915));
#5889 = ORIENTED_EDGE('',*,*,#5890,.F.);
#5890 = EDGE_CURVE('',#5891,#5893,#5895,.T.);
#5891 = VERTEX_POINT('',#5892);
#5892 = CARTESIAN_POINT('',(12.7,25.5,1.6));
#5893 = VERTEX_POINT('',#5894);
#5894 = CARTESIAN_POINT('',(12.7,25.5,2.72));
#5895 = LINE('',#5896,#5897);
#5896 = CARTESIAN_POINT('',(12.7,25.5,1.6));
#5897 = VECTOR('',#5898,1.);
#5898 = DIRECTION('',(0.,0.,1.));
#5899 = ORIENTED_EDGE('',*,*,#5900,.T.);
#5900 = EDGE_CURVE('',#5891,#5901,#5903,.T.);
#5901 = VERTEX_POINT('',#5902);
#5902 = CARTESIAN_POINT('',(12.7,28.5,1.6));
#5903 = LINE('',#5904,#5905);
#5904 = CARTESIAN_POINT('',(12.7,25.5,1.6));
#5905 = VECTOR('',#5906,1.);
#5906 = DIRECTION('',(0.,1.,0.));
#5907 = ORIENTED_EDGE('',*,*,#5908,.T.);
#5908 = EDGE_CURVE('',#5901,#5909,#5911,.T.);
#5909 = VERTEX_POINT('',#5910);
#5910 = CARTESIAN_POINT('',(12.7,28.5,2.72));
#5911 = LINE('',#5912,#5913);
#5912 = CARTESIAN_POINT('',(12.7,28.5,1.6));
#5913 = VECTOR('',#5914,1.);
#5914 = DIRECTION('',(0.,0.,1.));
#5915 = ORIENTED_EDGE('',*,*,#5916,.F.);
#5916 = EDGE_CURVE('',#5893,#5909,#5917,.T.);
#5917 = LINE('',#5918,#5919);
#5918 = CARTESIAN_POINT('',(12.7,25.5,2.72));
#5919 = VECTOR('',#5920,1.);
#5920 = DIRECTION('',(0.,1.,0.));
#5921 = PLANE('',#5922);
#5922 = AXIS2_PLACEMENT_3D('',#5923,#5924,#5925);
#5923 = CARTESIAN_POINT('',(12.7,25.5,1.6));
#5924 = DIRECTION('',(1.,0.,0.));
#5925 = DIRECTION('',(0.,0.,1.));
#5926 = ADVANCED_FACE('',(#5927),#5943,.F.);
#5927 = FACE_BOUND('',#5928,.F.);
#5928 = EDGE_LOOP('',(#5929,#5935,#5936,#5942));
#5929 = ORIENTED_EDGE('',*,*,#5930,.F.);
#5930 = EDGE_CURVE('',#5851,#5891,#5931,.T.);
#5931 = LINE('',#5932,#5933);
#5932 = CARTESIAN_POINT('',(11.3,25.5,1.6));
#5933 = VECTOR('',#5934,1.);
#5934 = DIRECTION('',(1.,0.,0.));
#5935 = ORIENTED_EDGE('',*,*,#5850,.T.);
#5936 = ORIENTED_EDGE('',*,*,#5937,.T.);
#5937 = EDGE_CURVE('',#5853,#5893,#5938,.T.);
#5938 = LINE('',#5939,#5940);
#5939 = CARTESIAN_POINT('',(11.3,25.5,2.72));
#5940 = VECTOR('',#5941,1.);
#5941 = DIRECTION('',(1.,0.,0.));
#5942 = ORIENTED_EDGE('',*,*,#5890,.F.);
#5943 = PLANE('',#5944);
#5944 = AXIS2_PLACEMENT_3D('',#5945,#5946,#5947);
#5945 = CARTESIAN_POINT('',(11.3,25.5,1.6));
#5946 = DIRECTION('',(0.,1.,0.));
#5947 = DIRECTION('',(0.,0.,1.));
#5948 = ADVANCED_FACE('',(#5949),#5965,.T.);
#5949 = FACE_BOUND('',#5950,.T.);
#5950 = EDGE_LOOP('',(#5951,#5957,#5958,#5964));
#5951 = ORIENTED_EDGE('',*,*,#5952,.F.);
#5952 = EDGE_CURVE('',#5861,#5901,#5953,.T.);
#5953 = LINE('',#5954,#5955);
#5954 = CARTESIAN_POINT('',(11.3,28.5,1.6));
#5955 = VECTOR('',#5956,1.);
#5956 = DIRECTION('',(1.,0.,0.));
#5957 = ORIENTED_EDGE('',*,*,#5868,.T.);
#5958 = ORIENTED_EDGE('',*,*,#5959,.T.);
#5959 = EDGE_CURVE('',#5869,#5909,#5960,.T.);
#5960 = LINE('',#5961,#5962);
#5961 = CARTESIAN_POINT('',(11.3,28.5,2.72));
#5962 = VECTOR('',#5963,1.);
#5963 = DIRECTION('',(1.,0.,0.));
#5964 = ORIENTED_EDGE('',*,*,#5908,.F.);
#5965 = PLANE('',#5966);
#5966 = AXIS2_PLACEMENT_3D('',#5967,#5968,#5969);
#5967 = CARTESIAN_POINT('',(11.3,28.5,1.6));
#5968 = DIRECTION('',(0.,1.,0.));
#5969 = DIRECTION('',(0.,0.,1.));
#5970 = ADVANCED_FACE('',(#5971),#5977,.F.);
#5971 = FACE_BOUND('',#5972,.F.);
#5972 = EDGE_LOOP('',(#5973,#5974,#5975,#5976));
#5973 = ORIENTED_EDGE('',*,*,#5860,.F.);
#5974 = ORIENTED_EDGE('',*,*,#5930,.T.);
#5975 = ORIENTED_EDGE('',*,*,#5900,.T.);
#5976 = ORIENTED_EDGE('',*,*,#5952,.F.);
#5977 = PLANE('',#5978);
#5978 = AXIS2_PLACEMENT_3D('',#5979,#5980,#5981);
#5979 = CARTESIAN_POINT('',(11.3,25.5,1.6));
#5980 = DIRECTION('',(0.,0.,1.));
#5981 = DIRECTION('',(1.,0.,0.));
#5982 = ADVANCED_FACE('',(#5983),#5989,.T.);
#5983 = FACE_BOUND('',#5984,.T.);
#5984 = EDGE_LOOP('',(#5985,#5986,#5987,#5988));
#5985 = ORIENTED_EDGE('',*,*,#5876,.F.);
#5986 = ORIENTED_EDGE('',*,*,#5937,.T.);
#5987 = ORIENTED_EDGE('',*,*,#5916,.T.);
#5988 = ORIENTED_EDGE('',*,*,#5959,.F.);
#5989 = PLANE('',#5990);
#5990 = AXIS2_PLACEMENT_3D('',#5991,#5992,#5993);
#5991 = CARTESIAN_POINT('',(11.3,25.5,2.72));
#5992 = DIRECTION('',(0.,0.,1.));
#5993 = DIRECTION('',(1.,0.,0.));
#5994 = MANIFOLD_SOLID_BREP('',#5995);
#5995 = CLOSED_SHELL('',(#5996,#6036,#6076,#6098,#6120,#6132));
#5996 = ADVANCED_FACE('',(#5997),#6031,.F.);
#5997 = FACE_BOUND('',#5998,.F.);
#5998 = EDGE_LOOP('',(#5999,#6009,#6017,#6025));
#5999 = ORIENTED_EDGE('',*,*,#6000,.F.);
#6000 = EDGE_CURVE('',#6001,#6003,#6005,.T.);
#6001 = VERTEX_POINT('',#6002);
#6002 = CARTESIAN_POINT('',(10.325,27.65,1.6));
#6003 = VERTEX_POINT('',#6004);
#6004 = CARTESIAN_POINT('',(10.325,27.65,1.635));
#6005 = LINE('',#6006,#6007);
#6006 = CARTESIAN_POINT('',(10.325,27.65,1.6));
#6007 = VECTOR('',#6008,1.);
#6008 = DIRECTION('',(0.,0.,1.));
#6009 = ORIENTED_EDGE('',*,*,#6010,.T.);
#6010 = EDGE_CURVE('',#6001,#6011,#6013,.T.);
#6011 = VERTEX_POINT('',#6012);
#6012 = CARTESIAN_POINT('',(10.325,28.25,1.6));
#6013 = LINE('',#6014,#6015);
#6014 = CARTESIAN_POINT('',(10.325,27.65,1.6));
#6015 = VECTOR('',#6016,1.);
#6016 = DIRECTION('',(0.,1.,0.));
#6017 = ORIENTED_EDGE('',*,*,#6018,.T.);
#6018 = EDGE_CURVE('',#6011,#6019,#6021,.T.);
#6019 = VERTEX_POINT('',#6020);
#6020 = CARTESIAN_POINT('',(10.325,28.25,1.635));
#6021 = LINE('',#6022,#6023);
#6022 = CARTESIAN_POINT('',(10.325,28.25,1.6));
#6023 = VECTOR('',#6024,1.);
#6024 = DIRECTION('',(0.,0.,1.));
#6025 = ORIENTED_EDGE('',*,*,#6026,.F.);
#6026 = EDGE_CURVE('',#6003,#6019,#6027,.T.);
#6027 = LINE('',#6028,#6029);
#6028 = CARTESIAN_POINT('',(10.325,27.65,1.635));
#6029 = VECTOR('',#6030,1.);
#6030 = DIRECTION('',(0.,1.,0.));
#6031 = PLANE('',#6032);
#6032 = AXIS2_PLACEMENT_3D('',#6033,#6034,#6035);
#6033 = CARTESIAN_POINT('',(10.325,27.65,1.6));
#6034 = DIRECTION('',(1.,0.,0.));
#6035 = DIRECTION('',(0.,0.,1.));
#6036 = ADVANCED_FACE('',(#6037),#6071,.T.);
#6037 = FACE_BOUND('',#6038,.T.);
#6038 = EDGE_LOOP('',(#6039,#6049,#6057,#6065));
#6039 = ORIENTED_EDGE('',*,*,#6040,.F.);
#6040 = EDGE_CURVE('',#6041,#6043,#6045,.T.);
#6041 = VERTEX_POINT('',#6042);
#6042 = CARTESIAN_POINT('',(11.8,27.65,1.6));
#6043 = VERTEX_POINT('',#6044);
#6044 = CARTESIAN_POINT('',(11.8,27.65,1.635));
#6045 = LINE('',#6046,#6047);
#6046 = CARTESIAN_POINT('',(11.8,27.65,1.6));
#6047 = VECTOR('',#6048,1.);
#6048 = DIRECTION('',(0.,0.,1.));
#6049 = ORIENTED_EDGE('',*,*,#6050,.T.);
#6050 = EDGE_CURVE('',#6041,#6051,#6053,.T.);
#6051 = VERTEX_POINT('',#6052);
#6052 = CARTESIAN_POINT('',(11.8,28.25,1.6));
#6053 = LINE('',#6054,#6055);
#6054 = CARTESIAN_POINT('',(11.8,27.65,1.6));
#6055 = VECTOR('',#6056,1.);
#6056 = DIRECTION('',(0.,1.,0.));
#6057 = ORIENTED_EDGE('',*,*,#6058,.T.);
#6058 = EDGE_CURVE('',#6051,#6059,#6061,.T.);
#6059 = VERTEX_POINT('',#6060);
#6060 = CARTESIAN_POINT('',(11.8,28.25,1.635));
#6061 = LINE('',#6062,#6063);
#6062 = CARTESIAN_POINT('',(11.8,28.25,1.6));
#6063 = VECTOR('',#6064,1.);
#6064 = DIRECTION('',(0.,0.,1.));
#6065 = ORIENTED_EDGE('',*,*,#6066,.F.);
#6066 = EDGE_CURVE('',#6043,#6059,#6067,.T.);
#6067 = LINE('',#6068,#6069);
#6068 = CARTESIAN_POINT('',(11.8,27.65,1.635));
#6069 = VECTOR('',#6070,1.);
#6070 = DIRECTION('',(0.,1.,0.));
#6071 = PLANE('',#6072);
#6072 = AXIS2_PLACEMENT_3D('',#6073,#6074,#6075);
#6073 = CARTESIAN_POINT('',(11.8,27.65,1.6));
#6074 = DIRECTION('',(1.,0.,0.));
#6075 = DIRECTION('',(0.,0.,1.));
#6076 = ADVANCED_FACE('',(#6077),#6093,.F.);
#6077 = FACE_BOUND('',#6078,.F.);
#6078 = EDGE_LOOP('',(#6079,#6085,#6086,#6092));
#6079 = ORIENTED_EDGE('',*,*,#6080,.F.);
#6080 = EDGE_CURVE('',#6001,#6041,#6081,.T.);
#6081 = LINE('',#6082,#6083);
#6082 = CARTESIAN_POINT('',(10.325,27.65,1.6));
#6083 = VECTOR('',#6084,1.);
#6084 = DIRECTION('',(1.,0.,0.));
#6085 = ORIENTED_EDGE('',*,*,#6000,.T.);
#6086 = ORIENTED_EDGE('',*,*,#6087,.T.);
#6087 = EDGE_CURVE('',#6003,#6043,#6088,.T.);
#6088 = LINE('',#6089,#6090);
#6089 = CARTESIAN_POINT('',(10.325,27.65,1.635));
#6090 = VECTOR('',#6091,1.);
#6091 = DIRECTION('',(1.,0.,0.));
#6092 = ORIENTED_EDGE('',*,*,#6040,.F.);
#6093 = PLANE('',#6094);
#6094 = AXIS2_PLACEMENT_3D('',#6095,#6096,#6097);
#6095 = CARTESIAN_POINT('',(10.325,27.65,1.6));
#6096 = DIRECTION('',(0.,1.,0.));
#6097 = DIRECTION('',(0.,0.,1.));
#6098 = ADVANCED_FACE('',(#6099),#6115,.T.);
#6099 = FACE_BOUND('',#6100,.T.);
#6100 = EDGE_LOOP('',(#6101,#6107,#6108,#6114));
#6101 = ORIENTED_EDGE('',*,*,#6102,.F.);
#6102 = EDGE_CURVE('',#6011,#6051,#6103,.T.);
#6103 = LINE('',#6104,#6105);
#6104 = CARTESIAN_POINT('',(10.325,28.25,1.6));
#6105 = VECTOR('',#6106,1.);
#6106 = DIRECTION('',(1.,0.,0.));
#6107 = ORIENTED_EDGE('',*,*,#6018,.T.);
#6108 = ORIENTED_EDGE('',*,*,#6109,.T.);
#6109 = EDGE_CURVE('',#6019,#6059,#6110,.T.);
#6110 = LINE('',#6111,#6112);
#6111 = CARTESIAN_POINT('',(10.325,28.25,1.635));
#6112 = VECTOR('',#6113,1.);
#6113 = DIRECTION('',(1.,0.,0.));
#6114 = ORIENTED_EDGE('',*,*,#6058,.F.);
#6115 = PLANE('',#6116);
#6116 = AXIS2_PLACEMENT_3D('',#6117,#6118,#6119);
#6117 = CARTESIAN_POINT('',(10.325,28.25,1.6));
#6118 = DIRECTION('',(0.,1.,0.));
#6119 = DIRECTION('',(0.,0.,1.));
#6120 = ADVANCED_FACE('',(#6121),#6127,.F.);
#6121 = FACE_BOUND('',#6122,.F.);
#6122 = EDGE_LOOP('',(#6123,#6124,#6125,#6126));
#6123 = ORIENTED_EDGE('',*,*,#6010,.F.);
#6124 = ORIENTED_EDGE('',*,*,#6080,.T.);
#6125 = ORIENTED_EDGE('',*,*,#6050,.T.);
#6126 = ORIENTED_EDGE('',*,*,#6102,.F.);
#6127 = PLANE('',#6128);
#6128 = AXIS2_PLACEMENT_3D('',#6129,#6130,#6131);
#6129 = CARTESIAN_POINT('',(10.325,27.65,1.6));
#6130 = DIRECTION('',(0.,0.,1.));
#6131 = DIRECTION('',(1.,0.,0.));
#6132 = ADVANCED_FACE('',(#6133),#6139,.T.);
#6133 = FACE_BOUND('',#6134,.T.);
#6134 = EDGE_LOOP('',(#6135,#6136,#6137,#6138));
#6135 = ORIENTED_EDGE('',*,*,#6026,.F.);
#6136 = ORIENTED_EDGE('',*,*,#6087,.T.);
#6137 = ORIENTED_EDGE('',*,*,#6066,.T.);
#6138 = ORIENTED_EDGE('',*,*,#6109,.F.);
#6139 = PLANE('',#6140);
#6140 = AXIS2_PLACEMENT_3D('',#6141,#6142,#6143);
#6141 = CARTESIAN_POINT('',(10.325,27.65,1.635));
#6142 = DIRECTION('',(0.,0.,1.));
#6143 = DIRECTION('',(1.,0.,0.));
#6144 = MANIFOLD_SOLID_BREP('',#6145);
#6145 = CLOSED_SHELL('',(#6146,#6186,#6226,#6248,#6270,#6282));
#6146 = ADVANCED_FACE('',(#6147),#6181,.F.);
#6147 = FACE_BOUND('',#6148,.F.);
#6148 = EDGE_LOOP('',(#6149,#6159,#6167,#6175));
#6149 = ORIENTED_EDGE('',*,*,#6150,.F.);
#6150 = EDGE_CURVE('',#6151,#6153,#6155,.T.);
#6151 = VERTEX_POINT('',#6152);
#6152 = CARTESIAN_POINT('',(10.325,25.75,1.6));
#6153 = VERTEX_POINT('',#6154);
#6154 = CARTESIAN_POINT('',(10.325,25.75,1.635));
#6155 = LINE('',#6156,#6157);
#6156 = CARTESIAN_POINT('',(10.325,25.75,1.6));
#6157 = VECTOR('',#6158,1.);
#6158 = DIRECTION('',(0.,0.,1.));
#6159 = ORIENTED_EDGE('',*,*,#6160,.T.);
#6160 = EDGE_CURVE('',#6151,#6161,#6163,.T.);
#6161 = VERTEX_POINT('',#6162);
#6162 = CARTESIAN_POINT('',(10.325,26.35,1.6));
#6163 = LINE('',#6164,#6165);
#6164 = CARTESIAN_POINT('',(10.325,25.75,1.6));
#6165 = VECTOR('',#6166,1.);
#6166 = DIRECTION('',(0.,1.,0.));
#6167 = ORIENTED_EDGE('',*,*,#6168,.T.);
#6168 = EDGE_CURVE('',#6161,#6169,#6171,.T.);
#6169 = VERTEX_POINT('',#6170);
#6170 = CARTESIAN_POINT('',(10.325,26.35,1.635));
#6171 = LINE('',#6172,#6173);
#6172 = CARTESIAN_POINT('',(10.325,26.35,1.6));
#6173 = VECTOR('',#6174,1.);
#6174 = DIRECTION('',(0.,0.,1.));
#6175 = ORIENTED_EDGE('',*,*,#6176,.F.);
#6176 = EDGE_CURVE('',#6153,#6169,#6177,.T.);
#6177 = LINE('',#6178,#6179);
#6178 = CARTESIAN_POINT('',(10.325,25.75,1.635));
#6179 = VECTOR('',#6180,1.);
#6180 = DIRECTION('',(0.,1.,0.));
#6181 = PLANE('',#6182);
#6182 = AXIS2_PLACEMENT_3D('',#6183,#6184,#6185);
#6183 = CARTESIAN_POINT('',(10.325,25.75,1.6));
#6184 = DIRECTION('',(1.,0.,0.));
#6185 = DIRECTION('',(0.,0.,1.));
#6186 = ADVANCED_FACE('',(#6187),#6221,.T.);
#6187 = FACE_BOUND('',#6188,.T.);
#6188 = EDGE_LOOP('',(#6189,#6199,#6207,#6215));
#6189 = ORIENTED_EDGE('',*,*,#6190,.F.);
#6190 = EDGE_CURVE('',#6191,#6193,#6195,.T.);
#6191 = VERTEX_POINT('',#6192);
#6192 = CARTESIAN_POINT('',(11.8,25.75,1.6));
#6193 = VERTEX_POINT('',#6194);
#6194 = CARTESIAN_POINT('',(11.8,25.75,1.635));
#6195 = LINE('',#6196,#6197);
#6196 = CARTESIAN_POINT('',(11.8,25.75,1.6));
#6197 = VECTOR('',#6198,1.);
#6198 = DIRECTION('',(0.,0.,1.));
#6199 = ORIENTED_EDGE('',*,*,#6200,.T.);
#6200 = EDGE_CURVE('',#6191,#6201,#6203,.T.);
#6201 = VERTEX_POINT('',#6202);
#6202 = CARTESIAN_POINT('',(11.8,26.35,1.6));
#6203 = LINE('',#6204,#6205);
#6204 = CARTESIAN_POINT('',(11.8,25.75,1.6));
#6205 = VECTOR('',#6206,1.);
#6206 = DIRECTION('',(0.,1.,0.));
#6207 = ORIENTED_EDGE('',*,*,#6208,.T.);
#6208 = EDGE_CURVE('',#6201,#6209,#6211,.T.);
#6209 = VERTEX_POINT('',#6210);
#6210 = CARTESIAN_POINT('',(11.8,26.35,1.635));
#6211 = LINE('',#6212,#6213);
#6212 = CARTESIAN_POINT('',(11.8,26.35,1.6));
#6213 = VECTOR('',#6214,1.);
#6214 = DIRECTION('',(0.,0.,1.));
#6215 = ORIENTED_EDGE('',*,*,#6216,.F.);
#6216 = EDGE_CURVE('',#6193,#6209,#6217,.T.);
#6217 = LINE('',#6218,#6219);
#6218 = CARTESIAN_POINT('',(11.8,25.75,1.635));
#6219 = VECTOR('',#6220,1.);
#6220 = DIRECTION('',(0.,1.,0.));
#6221 = PLANE('',#6222);
#6222 = AXIS2_PLACEMENT_3D('',#6223,#6224,#6225);
#6223 = CARTESIAN_POINT('',(11.8,25.75,1.6));
#6224 = DIRECTION('',(1.,0.,0.));
#6225 = DIRECTION('',(0.,0.,1.));
#6226 = ADVANCED_FACE('',(#6227),#6243,.F.);
#6227 = FACE_BOUND('',#6228,.F.);
#6228 = EDGE_LOOP('',(#6229,#6235,#6236,#6242));
#6229 = ORIENTED_EDGE('',*,*,#6230,.F.);
#6230 = EDGE_CURVE('',#6151,#6191,#6231,.T.);
#6231 = LINE('',#6232,#6233);
#6232 = CARTESIAN_POINT('',(10.325,25.75,1.6));
#6233 = VECTOR('',#6234,1.);
#6234 = DIRECTION('',(1.,0.,0.));
#6235 = ORIENTED_EDGE('',*,*,#6150,.T.);
#6236 = ORIENTED_EDGE('',*,*,#6237,.T.);
#6237 = EDGE_CURVE('',#6153,#6193,#6238,.T.);
#6238 = LINE('',#6239,#6240);
#6239 = CARTESIAN_POINT('',(10.325,25.75,1.635));
#6240 = VECTOR('',#6241,1.);
#6241 = DIRECTION('',(1.,0.,0.));
#6242 = ORIENTED_EDGE('',*,*,#6190,.F.);
#6243 = PLANE('',#6244);
#6244 = AXIS2_PLACEMENT_3D('',#6245,#6246,#6247);
#6245 = CARTESIAN_POINT('',(10.325,25.75,1.6));
#6246 = DIRECTION('',(0.,1.,0.));
#6247 = DIRECTION('',(0.,0.,1.));
#6248 = ADVANCED_FACE('',(#6249),#6265,.T.);
#6249 = FACE_BOUND('',#6250,.T.);
#6250 = EDGE_LOOP('',(#6251,#6257,#6258,#6264));
#6251 = ORIENTED_EDGE('',*,*,#6252,.F.);
#6252 = EDGE_CURVE('',#6161,#6201,#6253,.T.);
#6253 = LINE('',#6254,#6255);
#6254 = CARTESIAN_POINT('',(10.325,26.35,1.6));
#6255 = VECTOR('',#6256,1.);
#6256 = DIRECTION('',(1.,0.,0.));
#6257 = ORIENTED_EDGE('',*,*,#6168,.T.);
#6258 = ORIENTED_EDGE('',*,*,#6259,.T.);
#6259 = EDGE_CURVE('',#6169,#6209,#6260,.T.);
#6260 = LINE('',#6261,#6262);
#6261 = CARTESIAN_POINT('',(10.325,26.35,1.635));
#6262 = VECTOR('',#6263,1.);
#6263 = DIRECTION('',(1.,0.,0.));
#6264 = ORIENTED_EDGE('',*,*,#6208,.F.);
#6265 = PLANE('',#6266);
#6266 = AXIS2_PLACEMENT_3D('',#6267,#6268,#6269);
#6267 = CARTESIAN_POINT('',(10.325,26.35,1.6));
#6268 = DIRECTION('',(0.,1.,0.));
#6269 = DIRECTION('',(0.,0.,1.));
#6270 = ADVANCED_FACE('',(#6271),#6277,.F.);
#6271 = FACE_BOUND('',#6272,.F.);
#6272 = EDGE_LOOP('',(#6273,#6274,#6275,#6276));
#6273 = ORIENTED_EDGE('',*,*,#6160,.F.);
#6274 = ORIENTED_EDGE('',*,*,#6230,.T.);
#6275 = ORIENTED_EDGE('',*,*,#6200,.T.);
#6276 = ORIENTED_EDGE('',*,*,#6252,.F.);
#6277 = PLANE('',#6278);
#6278 = AXIS2_PLACEMENT_3D('',#6279,#6280,#6281);
#6279 = CARTESIAN_POINT('',(10.325,25.75,1.6));
#6280 = DIRECTION('',(0.,0.,1.));
#6281 = DIRECTION('',(1.,0.,0.));
#6282 = ADVANCED_FACE('',(#6283),#6289,.T.);
#6283 = FACE_BOUND('',#6284,.T.);
#6284 = EDGE_LOOP('',(#6285,#6286,#6287,#6288));
#6285 = ORIENTED_EDGE('',*,*,#6176,.F.);
#6286 = ORIENTED_EDGE('',*,*,#6237,.T.);
#6287 = ORIENTED_EDGE('',*,*,#6216,.T.);
#6288 = ORIENTED_EDGE('',*,*,#6259,.F.);
#6289 = PLANE('',#6290);
#6290 = AXIS2_PLACEMENT_3D('',#6291,#6292,#6293);
#6291 = CARTESIAN_POINT('',(10.325,25.75,1.635));
#6292 = DIRECTION('',(0.,0.,1.));
#6293 = DIRECTION('',(1.,0.,0.));
#6294 = MANIFOLD_SOLID_BREP('',#6295);
#6295 = CLOSED_SHELL('',(#6296,#6336,#6376,#6398,#6420,#6432));
#6296 = ADVANCED_FACE('',(#6297),#6331,.F.);
#6297 = FACE_BOUND('',#6298,.F.);
#6298 = EDGE_LOOP('',(#6299,#6309,#6317,#6325));
#6299 = ORIENTED_EDGE('',*,*,#6300,.F.);
#6300 = EDGE_CURVE('',#6301,#6303,#6305,.T.);
#6301 = VERTEX_POINT('',#6302);
#6302 = CARTESIAN_POINT('',(12.2,26.7,1.6));
#6303 = VERTEX_POINT('',#6304);
#6304 = CARTESIAN_POINT('',(12.2,26.7,1.635));
#6305 = LINE('',#6306,#6307);
#6306 = CARTESIAN_POINT('',(12.2,26.7,1.6));
#6307 = VECTOR('',#6308,1.);
#6308 = DIRECTION('',(0.,0.,1.));
#6309 = ORIENTED_EDGE('',*,*,#6310,.T.);
#6310 = EDGE_CURVE('',#6301,#6311,#6313,.T.);
#6311 = VERTEX_POINT('',#6312);
#6312 = CARTESIAN_POINT('',(12.2,27.3,1.6));
#6313 = LINE('',#6314,#6315);
#6314 = CARTESIAN_POINT('',(12.2,26.7,1.6));
#6315 = VECTOR('',#6316,1.);
#6316 = DIRECTION('',(0.,1.,0.));
#6317 = ORIENTED_EDGE('',*,*,#6318,.T.);
#6318 = EDGE_CURVE('',#6311,#6319,#6321,.T.);
#6319 = VERTEX_POINT('',#6320);
#6320 = CARTESIAN_POINT('',(12.2,27.3,1.635));
#6321 = LINE('',#6322,#6323);
#6322 = CARTESIAN_POINT('',(12.2,27.3,1.6));
#6323 = VECTOR('',#6324,1.);
#6324 = DIRECTION('',(0.,0.,1.));
#6325 = ORIENTED_EDGE('',*,*,#6326,.F.);
#6326 = EDGE_CURVE('',#6303,#6319,#6327,.T.);
#6327 = LINE('',#6328,#6329);
#6328 = CARTESIAN_POINT('',(12.2,26.7,1.635));
#6329 = VECTOR('',#6330,1.);
#6330 = DIRECTION('',(0.,1.,0.));
#6331 = PLANE('',#6332);
#6332 = AXIS2_PLACEMENT_3D('',#6333,#6334,#6335);
#6333 = CARTESIAN_POINT('',(12.2,26.7,1.6));
#6334 = DIRECTION('',(1.,0.,0.));
#6335 = DIRECTION('',(0.,0.,1.));
#6336 = ADVANCED_FACE('',(#6337),#6371,.T.);
#6337 = FACE_BOUND('',#6338,.T.);
#6338 = EDGE_LOOP('',(#6339,#6349,#6357,#6365));
#6339 = ORIENTED_EDGE('',*,*,#6340,.F.);
#6340 = EDGE_CURVE('',#6341,#6343,#6345,.T.);
#6341 = VERTEX_POINT('',#6342);
#6342 = CARTESIAN_POINT('',(13.675,26.7,1.6));
#6343 = VERTEX_POINT('',#6344);
#6344 = CARTESIAN_POINT('',(13.675,26.7,1.635));
#6345 = LINE('',#6346,#6347);
#6346 = CARTESIAN_POINT('',(13.675,26.7,1.6));
#6347 = VECTOR('',#6348,1.);
#6348 = DIRECTION('',(0.,0.,1.));
#6349 = ORIENTED_EDGE('',*,*,#6350,.T.);
#6350 = EDGE_CURVE('',#6341,#6351,#6353,.T.);
#6351 = VERTEX_POINT('',#6352);
#6352 = CARTESIAN_POINT('',(13.675,27.3,1.6));
#6353 = LINE('',#6354,#6355);
#6354 = CARTESIAN_POINT('',(13.675,26.7,1.6));
#6355 = VECTOR('',#6356,1.);
#6356 = DIRECTION('',(0.,1.,0.));
#6357 = ORIENTED_EDGE('',*,*,#6358,.T.);
#6358 = EDGE_CURVE('',#6351,#6359,#6361,.T.);
#6359 = VERTEX_POINT('',#6360);
#6360 = CARTESIAN_POINT('',(13.675,27.3,1.635));
#6361 = LINE('',#6362,#6363);
#6362 = CARTESIAN_POINT('',(13.675,27.3,1.6));
#6363 = VECTOR('',#6364,1.);
#6364 = DIRECTION('',(0.,0.,1.));
#6365 = ORIENTED_EDGE('',*,*,#6366,.F.);
#6366 = EDGE_CURVE('',#6343,#6359,#6367,.T.);
#6367 = LINE('',#6368,#6369);
#6368 = CARTESIAN_POINT('',(13.675,26.7,1.635));
#6369 = VECTOR('',#6370,1.);
#6370 = DIRECTION('',(0.,1.,0.));
#6371 = PLANE('',#6372);
#6372 = AXIS2_PLACEMENT_3D('',#6373,#6374,#6375);
#6373 = CARTESIAN_POINT('',(13.675,26.7,1.6));
#6374 = DIRECTION('',(1.,0.,0.));
#6375 = DIRECTION('',(0.,0.,1.));
#6376 = ADVANCED_FACE('',(#6377),#6393,.F.);
#6377 = FACE_BOUND('',#6378,.F.);
#6378 = EDGE_LOOP('',(#6379,#6385,#6386,#6392));
#6379 = ORIENTED_EDGE('',*,*,#6380,.F.);
#6380 = EDGE_CURVE('',#6301,#6341,#6381,.T.);
#6381 = LINE('',#6382,#6383);
#6382 = CARTESIAN_POINT('',(12.2,26.7,1.6));
#6383 = VECTOR('',#6384,1.);
#6384 = DIRECTION('',(1.,0.,0.));
#6385 = ORIENTED_EDGE('',*,*,#6300,.T.);
#6386 = ORIENTED_EDGE('',*,*,#6387,.T.);
#6387 = EDGE_CURVE('',#6303,#6343,#6388,.T.);
#6388 = LINE('',#6389,#6390);
#6389 = CARTESIAN_POINT('',(12.2,26.7,1.635));
#6390 = VECTOR('',#6391,1.);
#6391 = DIRECTION('',(1.,0.,0.));
#6392 = ORIENTED_EDGE('',*,*,#6340,.F.);
#6393 = PLANE('',#6394);
#6394 = AXIS2_PLACEMENT_3D('',#6395,#6396,#6397);
#6395 = CARTESIAN_POINT('',(12.2,26.7,1.6));
#6396 = DIRECTION('',(0.,1.,0.));
#6397 = DIRECTION('',(0.,0.,1.));
#6398 = ADVANCED_FACE('',(#6399),#6415,.T.);
#6399 = FACE_BOUND('',#6400,.T.);
#6400 = EDGE_LOOP('',(#6401,#6407,#6408,#6414));
#6401 = ORIENTED_EDGE('',*,*,#6402,.F.);
#6402 = EDGE_CURVE('',#6311,#6351,#6403,.T.);
#6403 = LINE('',#6404,#6405);
#6404 = CARTESIAN_POINT('',(12.2,27.3,1.6));
#6405 = VECTOR('',#6406,1.);
#6406 = DIRECTION('',(1.,0.,0.));
#6407 = ORIENTED_EDGE('',*,*,#6318,.T.);
#6408 = ORIENTED_EDGE('',*,*,#6409,.T.);
#6409 = EDGE_CURVE('',#6319,#6359,#6410,.T.);
#6410 = LINE('',#6411,#6412);
#6411 = CARTESIAN_POINT('',(12.2,27.3,1.635));
#6412 = VECTOR('',#6413,1.);
#6413 = DIRECTION('',(1.,0.,0.));
#6414 = ORIENTED_EDGE('',*,*,#6358,.F.);
#6415 = PLANE('',#6416);
#6416 = AXIS2_PLACEMENT_3D('',#6417,#6418,#6419);
#6417 = CARTESIAN_POINT('',(12.2,27.3,1.6));
#6418 = DIRECTION('',(0.,1.,0.));
#6419 = DIRECTION('',(0.,0.,1.));
#6420 = ADVANCED_FACE('',(#6421),#6427,.F.);
#6421 = FACE_BOUND('',#6422,.F.);
#6422 = EDGE_LOOP('',(#6423,#6424,#6425,#6426));
#6423 = ORIENTED_EDGE('',*,*,#6310,.F.);
#6424 = ORIENTED_EDGE('',*,*,#6380,.T.);
#6425 = ORIENTED_EDGE('',*,*,#6350,.T.);
#6426 = ORIENTED_EDGE('',*,*,#6402,.F.);
#6427 = PLANE('',#6428);
#6428 = AXIS2_PLACEMENT_3D('',#6429,#6430,#6431);
#6429 = CARTESIAN_POINT('',(12.2,26.7,1.6));
#6430 = DIRECTION('',(0.,0.,1.));
#6431 = DIRECTION('',(1.,0.,0.));
#6432 = ADVANCED_FACE('',(#6433),#6439,.T.);
#6433 = FACE_BOUND('',#6434,.T.);
#6434 = EDGE_LOOP('',(#6435,#6436,#6437,#6438));
#6435 = ORIENTED_EDGE('',*,*,#6326,.F.);
#6436 = ORIENTED_EDGE('',*,*,#6387,.T.);
#6437 = ORIENTED_EDGE('',*,*,#6366,.T.);
#6438 = ORIENTED_EDGE('',*,*,#6409,.F.);
#6439 = PLANE('',#6440);
#6440 = AXIS2_PLACEMENT_3D('',#6441,#6442,#6443);
#6441 = CARTESIAN_POINT('',(12.2,26.7,1.635));
#6442 = DIRECTION('',(0.,0.,1.));
#6443 = DIRECTION('',(1.,0.,0.));
#6444 = MANIFOLD_SOLID_BREP('',#6445);
#6445 = CLOSED_SHELL('',(#6446,#6486,#6526,#6548,#6570,#6582));
#6446 = ADVANCED_FACE('',(#6447),#6481,.F.);
#6447 = FACE_BOUND('',#6448,.F.);
#6448 = EDGE_LOOP('',(#6449,#6459,#6467,#6475));
#6449 = ORIENTED_EDGE('',*,*,#6450,.F.);
#6450 = EDGE_CURVE('',#6451,#6453,#6455,.T.);
#6451 = VERTEX_POINT('',#6452);
#6452 = CARTESIAN_POINT('',(28.15,25.5375,1.6));
#6453 = VERTEX_POINT('',#6454);
#6454 = CARTESIAN_POINT('',(28.15,25.5375,2.15));
#6455 = LINE('',#6456,#6457);
#6456 = CARTESIAN_POINT('',(28.15,25.5375,1.6));
#6457 = VECTOR('',#6458,1.);
#6458 = DIRECTION('',(0.,0.,1.));
#6459 = ORIENTED_EDGE('',*,*,#6460,.T.);
#6460 = EDGE_CURVE('',#6451,#6461,#6463,.T.);
#6461 = VERTEX_POINT('',#6462);
#6462 = CARTESIAN_POINT('',(28.15,26.4625,1.6));
#6463 = LINE('',#6464,#6465);
#6464 = CARTESIAN_POINT('',(28.15,25.5375,1.6));
#6465 = VECTOR('',#6466,1.);
#6466 = DIRECTION('',(0.,1.,0.));
#6467 = ORIENTED_EDGE('',*,*,#6468,.T.);
#6468 = EDGE_CURVE('',#6461,#6469,#6471,.T.);
#6469 = VERTEX_POINT('',#6470);
#6470 = CARTESIAN_POINT('',(28.15,26.4625,2.15));
#6471 = LINE('',#6472,#6473);
#6472 = CARTESIAN_POINT('',(28.15,26.4625,1.6));
#6473 = VECTOR('',#6474,1.);
#6474 = DIRECTION('',(0.,0.,1.));
#6475 = ORIENTED_EDGE('',*,*,#6476,.F.);
#6476 = EDGE_CURVE('',#6453,#6469,#6477,.T.);
#6477 = LINE('',#6478,#6479);
#6478 = CARTESIAN_POINT('',(28.15,25.5375,2.15));
#6479 = VECTOR('',#6480,1.);
#6480 = DIRECTION('',(0.,1.,0.));
#6481 = PLANE('',#6482);
#6482 = AXIS2_PLACEMENT_3D('',#6483,#6484,#6485);
#6483 = CARTESIAN_POINT('',(28.15,25.5375,1.6));
#6484 = DIRECTION('',(1.,0.,0.));
#6485 = DIRECTION('',(0.,0.,1.));
#6486 = ADVANCED_FACE('',(#6487),#6521,.T.);
#6487 = FACE_BOUND('',#6488,.T.);
#6488 = EDGE_LOOP('',(#6489,#6499,#6507,#6515));
#6489 = ORIENTED_EDGE('',*,*,#6490,.F.);
#6490 = EDGE_CURVE('',#6491,#6493,#6495,.T.);
#6491 = VERTEX_POINT('',#6492);
#6492 = CARTESIAN_POINT('',(29.85,25.5375,1.6));
#6493 = VERTEX_POINT('',#6494);
#6494 = CARTESIAN_POINT('',(29.85,25.5375,2.15));
#6495 = LINE('',#6496,#6497);
#6496 = CARTESIAN_POINT('',(29.85,25.5375,1.6));
#6497 = VECTOR('',#6498,1.);
#6498 = DIRECTION('',(0.,0.,1.));
#6499 = ORIENTED_EDGE('',*,*,#6500,.T.);
#6500 = EDGE_CURVE('',#6491,#6501,#6503,.T.);
#6501 = VERTEX_POINT('',#6502);
#6502 = CARTESIAN_POINT('',(29.85,26.4625,1.6));
#6503 = LINE('',#6504,#6505);
#6504 = CARTESIAN_POINT('',(29.85,25.5375,1.6));
#6505 = VECTOR('',#6506,1.);
#6506 = DIRECTION('',(0.,1.,0.));
#6507 = ORIENTED_EDGE('',*,*,#6508,.T.);
#6508 = EDGE_CURVE('',#6501,#6509,#6511,.T.);
#6509 = VERTEX_POINT('',#6510);
#6510 = CARTESIAN_POINT('',(29.85,26.4625,2.15));
#6511 = LINE('',#6512,#6513);
#6512 = CARTESIAN_POINT('',(29.85,26.4625,1.6));
#6513 = VECTOR('',#6514,1.);
#6514 = DIRECTION('',(0.,0.,1.));
#6515 = ORIENTED_EDGE('',*,*,#6516,.F.);
#6516 = EDGE_CURVE('',#6493,#6509,#6517,.T.);
#6517 = LINE('',#6518,#6519);
#6518 = CARTESIAN_POINT('',(29.85,25.5375,2.15));
#6519 = VECTOR('',#6520,1.);
#6520 = DIRECTION('',(0.,1.,0.));
#6521 = PLANE('',#6522);
#6522 = AXIS2_PLACEMENT_3D('',#6523,#6524,#6525);
#6523 = CARTESIAN_POINT('',(29.85,25.5375,1.6));
#6524 = DIRECTION('',(1.,0.,0.));
#6525 = DIRECTION('',(0.,0.,1.));
#6526 = ADVANCED_FACE('',(#6527),#6543,.F.);
#6527 = FACE_BOUND('',#6528,.F.);
#6528 = EDGE_LOOP('',(#6529,#6535,#6536,#6542));
#6529 = ORIENTED_EDGE('',*,*,#6530,.F.);
#6530 = EDGE_CURVE('',#6451,#6491,#6531,.T.);
#6531 = LINE('',#6532,#6533);
#6532 = CARTESIAN_POINT('',(28.15,25.5375,1.6));
#6533 = VECTOR('',#6534,1.);
#6534 = DIRECTION('',(1.,0.,0.));
#6535 = ORIENTED_EDGE('',*,*,#6450,.T.);
#6536 = ORIENTED_EDGE('',*,*,#6537,.T.);
#6537 = EDGE_CURVE('',#6453,#6493,#6538,.T.);
#6538 = LINE('',#6539,#6540);
#6539 = CARTESIAN_POINT('',(28.15,25.5375,2.15));
#6540 = VECTOR('',#6541,1.);
#6541 = DIRECTION('',(1.,0.,0.));
#6542 = ORIENTED_EDGE('',*,*,#6490,.F.);
#6543 = PLANE('',#6544);
#6544 = AXIS2_PLACEMENT_3D('',#6545,#6546,#6547);
#6545 = CARTESIAN_POINT('',(28.15,25.5375,1.6));
#6546 = DIRECTION('',(0.,1.,0.));
#6547 = DIRECTION('',(0.,0.,1.));
#6548 = ADVANCED_FACE('',(#6549),#6565,.T.);
#6549 = FACE_BOUND('',#6550,.T.);
#6550 = EDGE_LOOP('',(#6551,#6557,#6558,#6564));
#6551 = ORIENTED_EDGE('',*,*,#6552,.F.);
#6552 = EDGE_CURVE('',#6461,#6501,#6553,.T.);
#6553 = LINE('',#6554,#6555);
#6554 = CARTESIAN_POINT('',(28.15,26.4625,1.6));
#6555 = VECTOR('',#6556,1.);
#6556 = DIRECTION('',(1.,0.,0.));
#6557 = ORIENTED_EDGE('',*,*,#6468,.T.);
#6558 = ORIENTED_EDGE('',*,*,#6559,.T.);
#6559 = EDGE_CURVE('',#6469,#6509,#6560,.T.);
#6560 = LINE('',#6561,#6562);
#6561 = CARTESIAN_POINT('',(28.15,26.4625,2.15));
#6562 = VECTOR('',#6563,1.);
#6563 = DIRECTION('',(1.,0.,0.));
#6564 = ORIENTED_EDGE('',*,*,#6508,.F.);
#6565 = PLANE('',#6566);
#6566 = AXIS2_PLACEMENT_3D('',#6567,#6568,#6569);
#6567 = CARTESIAN_POINT('',(28.15,26.4625,1.6));
#6568 = DIRECTION('',(0.,1.,0.));
#6569 = DIRECTION('',(0.,0.,1.));
#6570 = ADVANCED_FACE('',(#6571),#6577,.F.);
#6571 = FACE_BOUND('',#6572,.F.);
#6572 = EDGE_LOOP('',(#6573,#6574,#6575,#6576));
#6573 = ORIENTED_EDGE('',*,*,#6460,.F.);
#6574 = ORIENTED_EDGE('',*,*,#6530,.T.);
#6575 = ORIENTED_EDGE('',*,*,#6500,.T.);
#6576 = ORIENTED_EDGE('',*,*,#6552,.F.);
#6577 = PLANE('',#6578);
#6578 = AXIS2_PLACEMENT_3D('',#6579,#6580,#6581);
#6579 = CARTESIAN_POINT('',(28.15,25.5375,1.6));
#6580 = DIRECTION('',(0.,0.,1.));
#6581 = DIRECTION('',(1.,0.,0.));
#6582 = ADVANCED_FACE('',(#6583),#6589,.T.);
#6583 = FACE_BOUND('',#6584,.T.);
#6584 = EDGE_LOOP('',(#6585,#6586,#6587,#6588));
#6585 = ORIENTED_EDGE('',*,*,#6476,.F.);
#6586 = ORIENTED_EDGE('',*,*,#6537,.T.);
#6587 = ORIENTED_EDGE('',*,*,#6516,.T.);
#6588 = ORIENTED_EDGE('',*,*,#6559,.F.);
#6589 = PLANE('',#6590);
#6590 = AXIS2_PLACEMENT_3D('',#6591,#6592,#6593);
#6591 = CARTESIAN_POINT('',(28.15,25.5375,2.15));
#6592 = DIRECTION('',(0.,0.,1.));
#6593 = DIRECTION('',(1.,0.,0.));
#6594 = MANIFOLD_SOLID_BREP('',#6595);
#6595 = CLOSED_SHELL('',(#6596,#6636,#6676,#6698,#6720,#6732));
#6596 = ADVANCED_FACE('',(#6597),#6631,.F.);
#6597 = FACE_BOUND('',#6598,.F.);
#6598 = EDGE_LOOP('',(#6599,#6609,#6617,#6625));
#6599 = ORIENTED_EDGE('',*,*,#6600,.F.);
#6600 = EDGE_CURVE('',#6601,#6603,#6605,.T.);
#6601 = VERTEX_POINT('',#6602);
#6602 = CARTESIAN_POINT('',(27.775,25.525,1.6));
#6603 = VERTEX_POINT('',#6604);
#6604 = CARTESIAN_POINT('',(27.775,25.525,1.635));
#6605 = LINE('',#6606,#6607);
#6606 = CARTESIAN_POINT('',(27.775,25.525,1.6));
#6607 = VECTOR('',#6608,1.);
#6608 = DIRECTION('',(0.,0.,1.));
#6609 = ORIENTED_EDGE('',*,*,#6610,.T.);
#6610 = EDGE_CURVE('',#6601,#6611,#6613,.T.);
#6611 = VERTEX_POINT('',#6612);
#6612 = CARTESIAN_POINT('',(27.775,26.475,1.6));
#6613 = LINE('',#6614,#6615);
#6614 = CARTESIAN_POINT('',(27.775,25.525,1.6));
#6615 = VECTOR('',#6616,1.);
#6616 = DIRECTION('',(0.,1.,0.));
#6617 = ORIENTED_EDGE('',*,*,#6618,.T.);
#6618 = EDGE_CURVE('',#6611,#6619,#6621,.T.);
#6619 = VERTEX_POINT('',#6620);
#6620 = CARTESIAN_POINT('',(27.775,26.475,1.635));
#6621 = LINE('',#6622,#6623);
#6622 = CARTESIAN_POINT('',(27.775,26.475,1.6));
#6623 = VECTOR('',#6624,1.);
#6624 = DIRECTION('',(0.,0.,1.));
#6625 = ORIENTED_EDGE('',*,*,#6626,.F.);
#6626 = EDGE_CURVE('',#6603,#6619,#6627,.T.);
#6627 = LINE('',#6628,#6629);
#6628 = CARTESIAN_POINT('',(27.775,25.525,1.635));
#6629 = VECTOR('',#6630,1.);
#6630 = DIRECTION('',(0.,1.,0.));
#6631 = PLANE('',#6632);
#6632 = AXIS2_PLACEMENT_3D('',#6633,#6634,#6635);
#6633 = CARTESIAN_POINT('',(27.775,25.525,1.6));
#6634 = DIRECTION('',(1.,0.,0.));
#6635 = DIRECTION('',(0.,0.,1.));
#6636 = ADVANCED_FACE('',(#6637),#6671,.T.);
#6637 = FACE_BOUND('',#6638,.T.);
#6638 = EDGE_LOOP('',(#6639,#6649,#6657,#6665));
#6639 = ORIENTED_EDGE('',*,*,#6640,.F.);
#6640 = EDGE_CURVE('',#6641,#6643,#6645,.T.);
#6641 = VERTEX_POINT('',#6642);
#6642 = CARTESIAN_POINT('',(28.575,25.525,1.6));
#6643 = VERTEX_POINT('',#6644);
#6644 = CARTESIAN_POINT('',(28.575,25.525,1.635));
#6645 = LINE('',#6646,#6647);
#6646 = CARTESIAN_POINT('',(28.575,25.525,1.6));
#6647 = VECTOR('',#6648,1.);
#6648 = DIRECTION('',(0.,0.,1.));
#6649 = ORIENTED_EDGE('',*,*,#6650,.T.);
#6650 = EDGE_CURVE('',#6641,#6651,#6653,.T.);
#6651 = VERTEX_POINT('',#6652);
#6652 = CARTESIAN_POINT('',(28.575,26.475,1.6));
#6653 = LINE('',#6654,#6655);
#6654 = CARTESIAN_POINT('',(28.575,25.525,1.6));
#6655 = VECTOR('',#6656,1.);
#6656 = DIRECTION('',(0.,1.,0.));
#6657 = ORIENTED_EDGE('',*,*,#6658,.T.);
#6658 = EDGE_CURVE('',#6651,#6659,#6661,.T.);
#6659 = VERTEX_POINT('',#6660);
#6660 = CARTESIAN_POINT('',(28.575,26.475,1.635));
#6661 = LINE('',#6662,#6663);
#6662 = CARTESIAN_POINT('',(28.575,26.475,1.6));
#6663 = VECTOR('',#6664,1.);
#6664 = DIRECTION('',(0.,0.,1.));
#6665 = ORIENTED_EDGE('',*,*,#6666,.F.);
#6666 = EDGE_CURVE('',#6643,#6659,#6667,.T.);
#6667 = LINE('',#6668,#6669);
#6668 = CARTESIAN_POINT('',(28.575,25.525,1.635));
#6669 = VECTOR('',#6670,1.);
#6670 = DIRECTION('',(0.,1.,0.));
#6671 = PLANE('',#6672);
#6672 = AXIS2_PLACEMENT_3D('',#6673,#6674,#6675);
#6673 = CARTESIAN_POINT('',(28.575,25.525,1.6));
#6674 = DIRECTION('',(1.,0.,0.));
#6675 = DIRECTION('',(0.,0.,1.));
#6676 = ADVANCED_FACE('',(#6677),#6693,.F.);
#6677 = FACE_BOUND('',#6678,.F.);
#6678 = EDGE_LOOP('',(#6679,#6685,#6686,#6692));
#6679 = ORIENTED_EDGE('',*,*,#6680,.F.);
#6680 = EDGE_CURVE('',#6601,#6641,#6681,.T.);
#6681 = LINE('',#6682,#6683);
#6682 = CARTESIAN_POINT('',(27.775,25.525,1.6));
#6683 = VECTOR('',#6684,1.);
#6684 = DIRECTION('',(1.,0.,0.));
#6685 = ORIENTED_EDGE('',*,*,#6600,.T.);
#6686 = ORIENTED_EDGE('',*,*,#6687,.T.);
#6687 = EDGE_CURVE('',#6603,#6643,#6688,.T.);
#6688 = LINE('',#6689,#6690);
#6689 = CARTESIAN_POINT('',(27.775,25.525,1.635));
#6690 = VECTOR('',#6691,1.);
#6691 = DIRECTION('',(1.,0.,0.));
#6692 = ORIENTED_EDGE('',*,*,#6640,.F.);
#6693 = PLANE('',#6694);
#6694 = AXIS2_PLACEMENT_3D('',#6695,#6696,#6697);
#6695 = CARTESIAN_POINT('',(27.775,25.525,1.6));
#6696 = DIRECTION('',(0.,1.,0.));
#6697 = DIRECTION('',(0.,0.,1.));
#6698 = ADVANCED_FACE('',(#6699),#6715,.T.);
#6699 = FACE_BOUND('',#6700,.T.);
#6700 = EDGE_LOOP('',(#6701,#6707,#6708,#6714));
#6701 = ORIENTED_EDGE('',*,*,#6702,.F.);
#6702 = EDGE_CURVE('',#6611,#6651,#6703,.T.);
#6703 = LINE('',#6704,#6705);
#6704 = CARTESIAN_POINT('',(27.775,26.475,1.6));
#6705 = VECTOR('',#6706,1.);
#6706 = DIRECTION('',(1.,0.,0.));
#6707 = ORIENTED_EDGE('',*,*,#6618,.T.);
#6708 = ORIENTED_EDGE('',*,*,#6709,.T.);
#6709 = EDGE_CURVE('',#6619,#6659,#6710,.T.);
#6710 = LINE('',#6711,#6712);
#6711 = CARTESIAN_POINT('',(27.775,26.475,1.635));
#6712 = VECTOR('',#6713,1.);
#6713 = DIRECTION('',(1.,0.,0.));
#6714 = ORIENTED_EDGE('',*,*,#6658,.F.);
#6715 = PLANE('',#6716);
#6716 = AXIS2_PLACEMENT_3D('',#6717,#6718,#6719);
#6717 = CARTESIAN_POINT('',(27.775,26.475,1.6));
#6718 = DIRECTION('',(0.,1.,0.));
#6719 = DIRECTION('',(0.,0.,1.));
#6720 = ADVANCED_FACE('',(#6721),#6727,.F.);
#6721 = FACE_BOUND('',#6722,.F.);
#6722 = EDGE_LOOP('',(#6723,#6724,#6725,#6726));
#6723 = ORIENTED_EDGE('',*,*,#6610,.F.);
#6724 = ORIENTED_EDGE('',*,*,#6680,.T.);
#6725 = ORIENTED_EDGE('',*,*,#6650,.T.);
#6726 = ORIENTED_EDGE('',*,*,#6702,.F.);
#6727 = PLANE('',#6728);
#6728 = AXIS2_PLACEMENT_3D('',#6729,#6730,#6731);
#6729 = CARTESIAN_POINT('',(27.775,25.525,1.6));
#6730 = DIRECTION('',(0.,0.,1.));
#6731 = DIRECTION('',(1.,0.,0.));
#6732 = ADVANCED_FACE('',(#6733),#6739,.T.);
#6733 = FACE_BOUND('',#6734,.T.);
#6734 = EDGE_LOOP('',(#6735,#6736,#6737,#6738));
#6735 = ORIENTED_EDGE('',*,*,#6626,.F.);
#6736 = ORIENTED_EDGE('',*,*,#6687,.T.);
#6737 = ORIENTED_EDGE('',*,*,#6666,.T.);
#6738 = ORIENTED_EDGE('',*,*,#6709,.F.);
#6739 = PLANE('',#6740);
#6740 = AXIS2_PLACEMENT_3D('',#6741,#6742,#6743);
#6741 = CARTESIAN_POINT('',(27.775,25.525,1.635));
#6742 = DIRECTION('',(0.,0.,1.));
#6743 = DIRECTION('',(1.,0.,0.));
#6744 = MANIFOLD_SOLID_BREP('',#6745);
#6745 = CLOSED_SHELL('',(#6746,#6786,#6826,#6848,#6870,#6882));
#6746 = ADVANCED_FACE('',(#6747),#6781,.F.);
#6747 = FACE_BOUND('',#6748,.F.);
#6748 = EDGE_LOOP('',(#6749,#6759,#6767,#6775));
#6749 = ORIENTED_EDGE('',*,*,#6750,.F.);
#6750 = EDGE_CURVE('',#6751,#6753,#6755,.T.);
#6751 = VERTEX_POINT('',#6752);
#6752 = CARTESIAN_POINT('',(29.425,25.525,1.6));
#6753 = VERTEX_POINT('',#6754);
#6754 = CARTESIAN_POINT('',(29.425,25.525,1.635));
#6755 = LINE('',#6756,#6757);
#6756 = CARTESIAN_POINT('',(29.425,25.525,1.6));
#6757 = VECTOR('',#6758,1.);
#6758 = DIRECTION('',(0.,0.,1.));
#6759 = ORIENTED_EDGE('',*,*,#6760,.T.);
#6760 = EDGE_CURVE('',#6751,#6761,#6763,.T.);
#6761 = VERTEX_POINT('',#6762);
#6762 = CARTESIAN_POINT('',(29.425,26.475,1.6));
#6763 = LINE('',#6764,#6765);
#6764 = CARTESIAN_POINT('',(29.425,25.525,1.6));
#6765 = VECTOR('',#6766,1.);
#6766 = DIRECTION('',(0.,1.,0.));
#6767 = ORIENTED_EDGE('',*,*,#6768,.T.);
#6768 = EDGE_CURVE('',#6761,#6769,#6771,.T.);
#6769 = VERTEX_POINT('',#6770);
#6770 = CARTESIAN_POINT('',(29.425,26.475,1.635));
#6771 = LINE('',#6772,#6773);
#6772 = CARTESIAN_POINT('',(29.425,26.475,1.6));
#6773 = VECTOR('',#6774,1.);
#6774 = DIRECTION('',(0.,0.,1.));
#6775 = ORIENTED_EDGE('',*,*,#6776,.F.);
#6776 = EDGE_CURVE('',#6753,#6769,#6777,.T.);
#6777 = LINE('',#6778,#6779);
#6778 = CARTESIAN_POINT('',(29.425,25.525,1.635));
#6779 = VECTOR('',#6780,1.);
#6780 = DIRECTION('',(0.,1.,0.));
#6781 = PLANE('',#6782);
#6782 = AXIS2_PLACEMENT_3D('',#6783,#6784,#6785);
#6783 = CARTESIAN_POINT('',(29.425,25.525,1.6));
#6784 = DIRECTION('',(1.,0.,0.));
#6785 = DIRECTION('',(0.,0.,1.));
#6786 = ADVANCED_FACE('',(#6787),#6821,.T.);
#6787 = FACE_BOUND('',#6788,.T.);
#6788 = EDGE_LOOP('',(#6789,#6799,#6807,#6815));
#6789 = ORIENTED_EDGE('',*,*,#6790,.F.);
#6790 = EDGE_CURVE('',#6791,#6793,#6795,.T.);
#6791 = VERTEX_POINT('',#6792);
#6792 = CARTESIAN_POINT('',(30.225,25.525,1.6));
#6793 = VERTEX_POINT('',#6794);
#6794 = CARTESIAN_POINT('',(30.225,25.525,1.635));
#6795 = LINE('',#6796,#6797);
#6796 = CARTESIAN_POINT('',(30.225,25.525,1.6));
#6797 = VECTOR('',#6798,1.);
#6798 = DIRECTION('',(0.,0.,1.));
#6799 = ORIENTED_EDGE('',*,*,#6800,.T.);
#6800 = EDGE_CURVE('',#6791,#6801,#6803,.T.);
#6801 = VERTEX_POINT('',#6802);
#6802 = CARTESIAN_POINT('',(30.225,26.475,1.6));
#6803 = LINE('',#6804,#6805);
#6804 = CARTESIAN_POINT('',(30.225,25.525,1.6));
#6805 = VECTOR('',#6806,1.);
#6806 = DIRECTION('',(0.,1.,0.));
#6807 = ORIENTED_EDGE('',*,*,#6808,.T.);
#6808 = EDGE_CURVE('',#6801,#6809,#6811,.T.);
#6809 = VERTEX_POINT('',#6810);
#6810 = CARTESIAN_POINT('',(30.225,26.475,1.635));
#6811 = LINE('',#6812,#6813);
#6812 = CARTESIAN_POINT('',(30.225,26.475,1.6));
#6813 = VECTOR('',#6814,1.);
#6814 = DIRECTION('',(0.,0.,1.));
#6815 = ORIENTED_EDGE('',*,*,#6816,.F.);
#6816 = EDGE_CURVE('',#6793,#6809,#6817,.T.);
#6817 = LINE('',#6818,#6819);
#6818 = CARTESIAN_POINT('',(30.225,25.525,1.635));
#6819 = VECTOR('',#6820,1.);
#6820 = DIRECTION('',(0.,1.,0.));
#6821 = PLANE('',#6822);
#6822 = AXIS2_PLACEMENT_3D('',#6823,#6824,#6825);
#6823 = CARTESIAN_POINT('',(30.225,25.525,1.6));
#6824 = DIRECTION('',(1.,0.,0.));
#6825 = DIRECTION('',(0.,0.,1.));
#6826 = ADVANCED_FACE('',(#6827),#6843,.F.);
#6827 = FACE_BOUND('',#6828,.F.);
#6828 = EDGE_LOOP('',(#6829,#6835,#6836,#6842));
#6829 = ORIENTED_EDGE('',*,*,#6830,.F.);
#6830 = EDGE_CURVE('',#6751,#6791,#6831,.T.);
#6831 = LINE('',#6832,#6833);
#6832 = CARTESIAN_POINT('',(29.425,25.525,1.6));
#6833 = VECTOR('',#6834,1.);
#6834 = DIRECTION('',(1.,0.,0.));
#6835 = ORIENTED_EDGE('',*,*,#6750,.T.);
#6836 = ORIENTED_EDGE('',*,*,#6837,.T.);
#6837 = EDGE_CURVE('',#6753,#6793,#6838,.T.);
#6838 = LINE('',#6839,#6840);
#6839 = CARTESIAN_POINT('',(29.425,25.525,1.635));
#6840 = VECTOR('',#6841,1.);
#6841 = DIRECTION('',(1.,0.,0.));
#6842 = ORIENTED_EDGE('',*,*,#6790,.F.);
#6843 = PLANE('',#6844);
#6844 = AXIS2_PLACEMENT_3D('',#6845,#6846,#6847);
#6845 = CARTESIAN_POINT('',(29.425,25.525,1.6));
#6846 = DIRECTION('',(0.,1.,0.));
#6847 = DIRECTION('',(0.,0.,1.));
#6848 = ADVANCED_FACE('',(#6849),#6865,.T.);
#6849 = FACE_BOUND('',#6850,.T.);
#6850 = EDGE_LOOP('',(#6851,#6857,#6858,#6864));
#6851 = ORIENTED_EDGE('',*,*,#6852,.F.);
#6852 = EDGE_CURVE('',#6761,#6801,#6853,.T.);
#6853 = LINE('',#6854,#6855);
#6854 = CARTESIAN_POINT('',(29.425,26.475,1.6));
#6855 = VECTOR('',#6856,1.);
#6856 = DIRECTION('',(1.,0.,0.));
#6857 = ORIENTED_EDGE('',*,*,#6768,.T.);
#6858 = ORIENTED_EDGE('',*,*,#6859,.T.);
#6859 = EDGE_CURVE('',#6769,#6809,#6860,.T.);
#6860 = LINE('',#6861,#6862);
#6861 = CARTESIAN_POINT('',(29.425,26.475,1.635));
#6862 = VECTOR('',#6863,1.);
#6863 = DIRECTION('',(1.,0.,0.));
#6864 = ORIENTED_EDGE('',*,*,#6808,.F.);
#6865 = PLANE('',#6866);
#6866 = AXIS2_PLACEMENT_3D('',#6867,#6868,#6869);
#6867 = CARTESIAN_POINT('',(29.425,26.475,1.6));
#6868 = DIRECTION('',(0.,1.,0.));
#6869 = DIRECTION('',(0.,0.,1.));
#6870 = ADVANCED_FACE('',(#6871),#6877,.F.);
#6871 = FACE_BOUND('',#6872,.F.);
#6872 = EDGE_LOOP('',(#6873,#6874,#6875,#6876));
#6873 = ORIENTED_EDGE('',*,*,#6760,.F.);
#6874 = ORIENTED_EDGE('',*,*,#6830,.T.);
#6875 = ORIENTED_EDGE('',*,*,#6800,.T.);
#6876 = ORIENTED_EDGE('',*,*,#6852,.F.);
#6877 = PLANE('',#6878);
#6878 = AXIS2_PLACEMENT_3D('',#6879,#6880,#6881);
#6879 = CARTESIAN_POINT('',(29.425,25.525,1.6));
#6880 = DIRECTION('',(0.,0.,1.));
#6881 = DIRECTION('',(1.,0.,0.));
#6882 = ADVANCED_FACE('',(#6883),#6889,.T.);
#6883 = FACE_BOUND('',#6884,.T.);
#6884 = EDGE_LOOP('',(#6885,#6886,#6887,#6888));
#6885 = ORIENTED_EDGE('',*,*,#6776,.F.);
#6886 = ORIENTED_EDGE('',*,*,#6837,.T.);
#6887 = ORIENTED_EDGE('',*,*,#6816,.T.);
#6888 = ORIENTED_EDGE('',*,*,#6859,.F.);
#6889 = PLANE('',#6890);
#6890 = AXIS2_PLACEMENT_3D('',#6891,#6892,#6893);
#6891 = CARTESIAN_POINT('',(29.425,25.525,1.635));
#6892 = DIRECTION('',(0.,0.,1.));
#6893 = DIRECTION('',(1.,0.,0.));
#6894 = MANIFOLD_SOLID_BREP('',#6895);
#6895 = CLOSED_SHELL('',(#6896,#6936,#6976,#6998,#7020,#7032));
#6896 = ADVANCED_FACE('',(#6897),#6931,.F.);
#6897 = FACE_BOUND('',#6898,.F.);
#6898 = EDGE_LOOP('',(#6899,#6909,#6917,#6925));
#6899 = ORIENTED_EDGE('',*,*,#6900,.F.);
#6900 = EDGE_CURVE('',#6901,#6903,#6905,.T.);
#6901 = VERTEX_POINT('',#6902);
#6902 = CARTESIAN_POINT('',(13.15,9.55,1.6));
#6903 = VERTEX_POINT('',#6904);
#6904 = CARTESIAN_POINT('',(13.15,9.55,2.5));
#6905 = LINE('',#6906,#6907);
#6906 = CARTESIAN_POINT('',(13.15,9.55,1.6));
#6907 = VECTOR('',#6908,1.);
#6908 = DIRECTION('',(0.,0.,1.));
#6909 = ORIENTED_EDGE('',*,*,#6910,.T.);
#6910 = EDGE_CURVE('',#6901,#6911,#6913,.T.);
#6911 = VERTEX_POINT('',#6912);
#6912 = CARTESIAN_POINT('',(13.15,10.45,1.6));
#6913 = LINE('',#6914,#6915);
#6914 = CARTESIAN_POINT('',(13.15,9.55,1.6));
#6915 = VECTOR('',#6916,1.);
#6916 = DIRECTION('',(0.,1.,0.));
#6917 = ORIENTED_EDGE('',*,*,#6918,.T.);
#6918 = EDGE_CURVE('',#6911,#6919,#6921,.T.);
#6919 = VERTEX_POINT('',#6920);
#6920 = CARTESIAN_POINT('',(13.15,10.45,2.5));
#6921 = LINE('',#6922,#6923);
#6922 = CARTESIAN_POINT('',(13.15,10.45,1.6));
#6923 = VECTOR('',#6924,1.);
#6924 = DIRECTION('',(0.,0.,1.));
#6925 = ORIENTED_EDGE('',*,*,#6926,.F.);
#6926 = EDGE_CURVE('',#6903,#6919,#6927,.T.);
#6927 = LINE('',#6928,#6929);
#6928 = CARTESIAN_POINT('',(13.15,9.55,2.5));
#6929 = VECTOR('',#6930,1.);
#6930 = DIRECTION('',(0.,1.,0.));
#6931 = PLANE('',#6932);
#6932 = AXIS2_PLACEMENT_3D('',#6933,#6934,#6935);
#6933 = CARTESIAN_POINT('',(13.15,9.55,1.6));
#6934 = DIRECTION('',(1.,0.,0.));
#6935 = DIRECTION('',(0.,0.,1.));
#6936 = ADVANCED_FACE('',(#6937),#6971,.T.);
#6937 = FACE_BOUND('',#6938,.T.);
#6938 = EDGE_LOOP('',(#6939,#6949,#6957,#6965));
#6939 = ORIENTED_EDGE('',*,*,#6940,.F.);
#6940 = EDGE_CURVE('',#6941,#6943,#6945,.T.);
#6941 = VERTEX_POINT('',#6942);
#6942 = CARTESIAN_POINT('',(14.85,9.55,1.6));
#6943 = VERTEX_POINT('',#6944);
#6944 = CARTESIAN_POINT('',(14.85,9.55,2.5));
#6945 = LINE('',#6946,#6947);
#6946 = CARTESIAN_POINT('',(14.85,9.55,1.6));
#6947 = VECTOR('',#6948,1.);
#6948 = DIRECTION('',(0.,0.,1.));
#6949 = ORIENTED_EDGE('',*,*,#6950,.T.);
#6950 = EDGE_CURVE('',#6941,#6951,#6953,.T.);
#6951 = VERTEX_POINT('',#6952);
#6952 = CARTESIAN_POINT('',(14.85,10.45,1.6));
#6953 = LINE('',#6954,#6955);
#6954 = CARTESIAN_POINT('',(14.85,9.55,1.6));
#6955 = VECTOR('',#6956,1.);
#6956 = DIRECTION('',(0.,1.,0.));
#6957 = ORIENTED_EDGE('',*,*,#6958,.T.);
#6958 = EDGE_CURVE('',#6951,#6959,#6961,.T.);
#6959 = VERTEX_POINT('',#6960);
#6960 = CARTESIAN_POINT('',(14.85,10.45,2.5));
#6961 = LINE('',#6962,#6963);
#6962 = CARTESIAN_POINT('',(14.85,10.45,1.6));
#6963 = VECTOR('',#6964,1.);
#6964 = DIRECTION('',(0.,0.,1.));
#6965 = ORIENTED_EDGE('',*,*,#6966,.F.);
#6966 = EDGE_CURVE('',#6943,#6959,#6967,.T.);
#6967 = LINE('',#6968,#6969);
#6968 = CARTESIAN_POINT('',(14.85,9.55,2.5));
#6969 = VECTOR('',#6970,1.);
#6970 = DIRECTION('',(0.,1.,0.));
#6971 = PLANE('',#6972);
#6972 = AXIS2_PLACEMENT_3D('',#6973,#6974,#6975);
#6973 = CARTESIAN_POINT('',(14.85,9.55,1.6));
#6974 = DIRECTION('',(1.,0.,0.));
#6975 = DIRECTION('',(0.,0.,1.));
#6976 = ADVANCED_FACE('',(#6977),#6993,.F.);
#6977 = FACE_BOUND('',#6978,.F.);
#6978 = EDGE_LOOP('',(#6979,#6985,#6986,#6992));
#6979 = ORIENTED_EDGE('',*,*,#6980,.F.);
#6980 = EDGE_CURVE('',#6901,#6941,#6981,.T.);
#6981 = LINE('',#6982,#6983);
#6982 = CARTESIAN_POINT('',(13.15,9.55,1.6));
#6983 = VECTOR('',#6984,1.);
#6984 = DIRECTION('',(1.,0.,0.));
#6985 = ORIENTED_EDGE('',*,*,#6900,.T.);
#6986 = ORIENTED_EDGE('',*,*,#6987,.T.);
#6987 = EDGE_CURVE('',#6903,#6943,#6988,.T.);
#6988 = LINE('',#6989,#6990);
#6989 = CARTESIAN_POINT('',(13.15,9.55,2.5));
#6990 = VECTOR('',#6991,1.);
#6991 = DIRECTION('',(1.,0.,0.));
#6992 = ORIENTED_EDGE('',*,*,#6940,.F.);
#6993 = PLANE('',#6994);
#6994 = AXIS2_PLACEMENT_3D('',#6995,#6996,#6997);
#6995 = CARTESIAN_POINT('',(13.15,9.55,1.6));
#6996 = DIRECTION('',(0.,1.,0.));
#6997 = DIRECTION('',(0.,0.,1.));
#6998 = ADVANCED_FACE('',(#6999),#7015,.T.);
#6999 = FACE_BOUND('',#7000,.T.);
#7000 = EDGE_LOOP('',(#7001,#7007,#7008,#7014));
#7001 = ORIENTED_EDGE('',*,*,#7002,.F.);
#7002 = EDGE_CURVE('',#6911,#6951,#7003,.T.);
#7003 = LINE('',#7004,#7005);
#7004 = CARTESIAN_POINT('',(13.15,10.45,1.6));
#7005 = VECTOR('',#7006,1.);
#7006 = DIRECTION('',(1.,0.,0.));
#7007 = ORIENTED_EDGE('',*,*,#6918,.T.);
#7008 = ORIENTED_EDGE('',*,*,#7009,.T.);
#7009 = EDGE_CURVE('',#6919,#6959,#7010,.T.);
#7010 = LINE('',#7011,#7012);
#7011 = CARTESIAN_POINT('',(13.15,10.45,2.5));
#7012 = VECTOR('',#7013,1.);
#7013 = DIRECTION('',(1.,0.,0.));
#7014 = ORIENTED_EDGE('',*,*,#6958,.F.);
#7015 = PLANE('',#7016);
#7016 = AXIS2_PLACEMENT_3D('',#7017,#7018,#7019);
#7017 = CARTESIAN_POINT('',(13.15,10.45,1.6));
#7018 = DIRECTION('',(0.,1.,0.));
#7019 = DIRECTION('',(0.,0.,1.));
#7020 = ADVANCED_FACE('',(#7021),#7027,.F.);
#7021 = FACE_BOUND('',#7022,.F.);
#7022 = EDGE_LOOP('',(#7023,#7024,#7025,#7026));
#7023 = ORIENTED_EDGE('',*,*,#6910,.F.);
#7024 = ORIENTED_EDGE('',*,*,#6980,.T.);
#7025 = ORIENTED_EDGE('',*,*,#6950,.T.);
#7026 = ORIENTED_EDGE('',*,*,#7002,.F.);
#7027 = PLANE('',#7028);
#7028 = AXIS2_PLACEMENT_3D('',#7029,#7030,#7031);
#7029 = CARTESIAN_POINT('',(13.15,9.55,1.6));
#7030 = DIRECTION('',(0.,0.,1.));
#7031 = DIRECTION('',(1.,0.,0.));
#7032 = ADVANCED_FACE('',(#7033),#7039,.T.);
#7033 = FACE_BOUND('',#7034,.T.);
#7034 = EDGE_LOOP('',(#7035,#7036,#7037,#7038));
#7035 = ORIENTED_EDGE('',*,*,#6926,.F.);
#7036 = ORIENTED_EDGE('',*,*,#6987,.T.);
#7037 = ORIENTED_EDGE('',*,*,#6966,.T.);
#7038 = ORIENTED_EDGE('',*,*,#7009,.F.);
#7039 = PLANE('',#7040);
#7040 = AXIS2_PLACEMENT_3D('',#7041,#7042,#7043);
#7041 = CARTESIAN_POINT('',(13.15,9.55,2.5));
#7042 = DIRECTION('',(0.,0.,1.));
#7043 = DIRECTION('',(1.,0.,0.));
#7044 = MANIFOLD_SOLID_BREP('',#7045);
#7045 = CLOSED_SHELL('',(#7046,#7086,#7126,#7148,#7170,#7182));
#7046 = ADVANCED_FACE('',(#7047),#7081,.F.);
#7047 = FACE_BOUND('',#7048,.F.);
#7048 = EDGE_LOOP('',(#7049,#7059,#7067,#7075));
#7049 = ORIENTED_EDGE('',*,*,#7050,.F.);
#7050 = EDGE_CURVE('',#7051,#7053,#7055,.T.);
#7051 = VERTEX_POINT('',#7052);
#7052 = CARTESIAN_POINT('',(12.775,9.525,1.6));
#7053 = VERTEX_POINT('',#7054);
#7054 = CARTESIAN_POINT('',(12.775,9.525,1.635));
#7055 = LINE('',#7056,#7057);
#7056 = CARTESIAN_POINT('',(12.775,9.525,1.6));
#7057 = VECTOR('',#7058,1.);
#7058 = DIRECTION('',(0.,0.,1.));
#7059 = ORIENTED_EDGE('',*,*,#7060,.T.);
#7060 = EDGE_CURVE('',#7051,#7061,#7063,.T.);
#7061 = VERTEX_POINT('',#7062);
#7062 = CARTESIAN_POINT('',(12.775,10.475,1.6));
#7063 = LINE('',#7064,#7065);
#7064 = CARTESIAN_POINT('',(12.775,9.525,1.6));
#7065 = VECTOR('',#7066,1.);
#7066 = DIRECTION('',(0.,1.,0.));
#7067 = ORIENTED_EDGE('',*,*,#7068,.T.);
#7068 = EDGE_CURVE('',#7061,#7069,#7071,.T.);
#7069 = VERTEX_POINT('',#7070);
#7070 = CARTESIAN_POINT('',(12.775,10.475,1.635));
#7071 = LINE('',#7072,#7073);
#7072 = CARTESIAN_POINT('',(12.775,10.475,1.6));
#7073 = VECTOR('',#7074,1.);
#7074 = DIRECTION('',(0.,0.,1.));
#7075 = ORIENTED_EDGE('',*,*,#7076,.F.);
#7076 = EDGE_CURVE('',#7053,#7069,#7077,.T.);
#7077 = LINE('',#7078,#7079);
#7078 = CARTESIAN_POINT('',(12.775,9.525,1.635));
#7079 = VECTOR('',#7080,1.);
#7080 = DIRECTION('',(0.,1.,0.));
#7081 = PLANE('',#7082);
#7082 = AXIS2_PLACEMENT_3D('',#7083,#7084,#7085);
#7083 = CARTESIAN_POINT('',(12.775,9.525,1.6));
#7084 = DIRECTION('',(1.,0.,0.));
#7085 = DIRECTION('',(0.,0.,1.));
#7086 = ADVANCED_FACE('',(#7087),#7121,.T.);
#7087 = FACE_BOUND('',#7088,.T.);
#7088 = EDGE_LOOP('',(#7089,#7099,#7107,#7115));
#7089 = ORIENTED_EDGE('',*,*,#7090,.F.);
#7090 = EDGE_CURVE('',#7091,#7093,#7095,.T.);
#7091 = VERTEX_POINT('',#7092);
#7092 = CARTESIAN_POINT('',(13.675,9.525,1.6));
#7093 = VERTEX_POINT('',#7094);
#7094 = CARTESIAN_POINT('',(13.675,9.525,1.635));
#7095 = LINE('',#7096,#7097);
#7096 = CARTESIAN_POINT('',(13.675,9.525,1.6));
#7097 = VECTOR('',#7098,1.);
#7098 = DIRECTION('',(0.,0.,1.));
#7099 = ORIENTED_EDGE('',*,*,#7100,.T.);
#7100 = EDGE_CURVE('',#7091,#7101,#7103,.T.);
#7101 = VERTEX_POINT('',#7102);
#7102 = CARTESIAN_POINT('',(13.675,10.475,1.6));
#7103 = LINE('',#7104,#7105);
#7104 = CARTESIAN_POINT('',(13.675,9.525,1.6));
#7105 = VECTOR('',#7106,1.);
#7106 = DIRECTION('',(0.,1.,0.));
#7107 = ORIENTED_EDGE('',*,*,#7108,.T.);
#7108 = EDGE_CURVE('',#7101,#7109,#7111,.T.);
#7109 = VERTEX_POINT('',#7110);
#7110 = CARTESIAN_POINT('',(13.675,10.475,1.635));
#7111 = LINE('',#7112,#7113);
#7112 = CARTESIAN_POINT('',(13.675,10.475,1.6));
#7113 = VECTOR('',#7114,1.);
#7114 = DIRECTION('',(0.,0.,1.));
#7115 = ORIENTED_EDGE('',*,*,#7116,.F.);
#7116 = EDGE_CURVE('',#7093,#7109,#7117,.T.);
#7117 = LINE('',#7118,#7119);
#7118 = CARTESIAN_POINT('',(13.675,9.525,1.635));
#7119 = VECTOR('',#7120,1.);
#7120 = DIRECTION('',(0.,1.,0.));
#7121 = PLANE('',#7122);
#7122 = AXIS2_PLACEMENT_3D('',#7123,#7124,#7125);
#7123 = CARTESIAN_POINT('',(13.675,9.525,1.6));
#7124 = DIRECTION('',(1.,0.,0.));
#7125 = DIRECTION('',(0.,0.,1.));
#7126 = ADVANCED_FACE('',(#7127),#7143,.F.);
#7127 = FACE_BOUND('',#7128,.F.);
#7128 = EDGE_LOOP('',(#7129,#7135,#7136,#7142));
#7129 = ORIENTED_EDGE('',*,*,#7130,.F.);
#7130 = EDGE_CURVE('',#7051,#7091,#7131,.T.);
#7131 = LINE('',#7132,#7133);
#7132 = CARTESIAN_POINT('',(12.775,9.525,1.6));
#7133 = VECTOR('',#7134,1.);
#7134 = DIRECTION('',(1.,0.,0.));
#7135 = ORIENTED_EDGE('',*,*,#7050,.T.);
#7136 = ORIENTED_EDGE('',*,*,#7137,.T.);
#7137 = EDGE_CURVE('',#7053,#7093,#7138,.T.);
#7138 = LINE('',#7139,#7140);
#7139 = CARTESIAN_POINT('',(12.775,9.525,1.635));
#7140 = VECTOR('',#7141,1.);
#7141 = DIRECTION('',(1.,0.,0.));
#7142 = ORIENTED_EDGE('',*,*,#7090,.F.);
#7143 = PLANE('',#7144);
#7144 = AXIS2_PLACEMENT_3D('',#7145,#7146,#7147);
#7145 = CARTESIAN_POINT('',(12.775,9.525,1.6));
#7146 = DIRECTION('',(0.,1.,0.));
#7147 = DIRECTION('',(0.,0.,1.));
#7148 = ADVANCED_FACE('',(#7149),#7165,.T.);
#7149 = FACE_BOUND('',#7150,.T.);
#7150 = EDGE_LOOP('',(#7151,#7157,#7158,#7164));
#7151 = ORIENTED_EDGE('',*,*,#7152,.F.);
#7152 = EDGE_CURVE('',#7061,#7101,#7153,.T.);
#7153 = LINE('',#7154,#7155);
#7154 = CARTESIAN_POINT('',(12.775,10.475,1.6));
#7155 = VECTOR('',#7156,1.);
#7156 = DIRECTION('',(1.,0.,0.));
#7157 = ORIENTED_EDGE('',*,*,#7068,.T.);
#7158 = ORIENTED_EDGE('',*,*,#7159,.T.);
#7159 = EDGE_CURVE('',#7069,#7109,#7160,.T.);
#7160 = LINE('',#7161,#7162);
#7161 = CARTESIAN_POINT('',(12.775,10.475,1.635));
#7162 = VECTOR('',#7163,1.);
#7163 = DIRECTION('',(1.,0.,0.));
#7164 = ORIENTED_EDGE('',*,*,#7108,.F.);
#7165 = PLANE('',#7166);
#7166 = AXIS2_PLACEMENT_3D('',#7167,#7168,#7169);
#7167 = CARTESIAN_POINT('',(12.775,10.475,1.6));
#7168 = DIRECTION('',(0.,1.,0.));
#7169 = DIRECTION('',(0.,0.,1.));
#7170 = ADVANCED_FACE('',(#7171),#7177,.F.);
#7171 = FACE_BOUND('',#7172,.F.);
#7172 = EDGE_LOOP('',(#7173,#7174,#7175,#7176));
#7173 = ORIENTED_EDGE('',*,*,#7060,.F.);
#7174 = ORIENTED_EDGE('',*,*,#7130,.T.);
#7175 = ORIENTED_EDGE('',*,*,#7100,.T.);
#7176 = ORIENTED_EDGE('',*,*,#7152,.F.);
#7177 = PLANE('',#7178);
#7178 = AXIS2_PLACEMENT_3D('',#7179,#7180,#7181);
#7179 = CARTESIAN_POINT('',(12.775,9.525,1.6));
#7180 = DIRECTION('',(0.,0.,1.));
#7181 = DIRECTION('',(1.,0.,0.));
#7182 = ADVANCED_FACE('',(#7183),#7189,.T.);
#7183 = FACE_BOUND('',#7184,.T.);
#7184 = EDGE_LOOP('',(#7185,#7186,#7187,#7188));
#7185 = ORIENTED_EDGE('',*,*,#7076,.F.);
#7186 = ORIENTED_EDGE('',*,*,#7137,.T.);
#7187 = ORIENTED_EDGE('',*,*,#7116,.T.);
#7188 = ORIENTED_EDGE('',*,*,#7159,.F.);
#7189 = PLANE('',#7190);
#7190 = AXIS2_PLACEMENT_3D('',#7191,#7192,#7193);
#7191 = CARTESIAN_POINT('',(12.775,9.525,1.635));
#7192 = DIRECTION('',(0.,0.,1.));
#7193 = DIRECTION('',(1.,0.,0.));
#7194 = MANIFOLD_SOLID_BREP('',#7195);
#7195 = CLOSED_SHELL('',(#7196,#7236,#7276,#7298,#7320,#7332));
#7196 = ADVANCED_FACE('',(#7197),#7231,.F.);
#7197 = FACE_BOUND('',#7198,.F.);
#7198 = EDGE_LOOP('',(#7199,#7209,#7217,#7225));
#7199 = ORIENTED_EDGE('',*,*,#7200,.F.);
#7200 = EDGE_CURVE('',#7201,#7203,#7205,.T.);
#7201 = VERTEX_POINT('',#7202);
#7202 = CARTESIAN_POINT('',(14.325,9.525,1.6));
#7203 = VERTEX_POINT('',#7204);
#7204 = CARTESIAN_POINT('',(14.325,9.525,1.635));
#7205 = LINE('',#7206,#7207);
#7206 = CARTESIAN_POINT('',(14.325,9.525,1.6));
#7207 = VECTOR('',#7208,1.);
#7208 = DIRECTION('',(0.,0.,1.));
#7209 = ORIENTED_EDGE('',*,*,#7210,.T.);
#7210 = EDGE_CURVE('',#7201,#7211,#7213,.T.);
#7211 = VERTEX_POINT('',#7212);
#7212 = CARTESIAN_POINT('',(14.325,10.475,1.6));
#7213 = LINE('',#7214,#7215);
#7214 = CARTESIAN_POINT('',(14.325,9.525,1.6));
#7215 = VECTOR('',#7216,1.);
#7216 = DIRECTION('',(0.,1.,0.));
#7217 = ORIENTED_EDGE('',*,*,#7218,.T.);
#7218 = EDGE_CURVE('',#7211,#7219,#7221,.T.);
#7219 = VERTEX_POINT('',#7220);
#7220 = CARTESIAN_POINT('',(14.325,10.475,1.635));
#7221 = LINE('',#7222,#7223);
#7222 = CARTESIAN_POINT('',(14.325,10.475,1.6));
#7223 = VECTOR('',#7224,1.);
#7224 = DIRECTION('',(0.,0.,1.));
#7225 = ORIENTED_EDGE('',*,*,#7226,.F.);
#7226 = EDGE_CURVE('',#7203,#7219,#7227,.T.);
#7227 = LINE('',#7228,#7229);
#7228 = CARTESIAN_POINT('',(14.325,9.525,1.635));
#7229 = VECTOR('',#7230,1.);
#7230 = DIRECTION('',(0.,1.,0.));
#7231 = PLANE('',#7232);
#7232 = AXIS2_PLACEMENT_3D('',#7233,#7234,#7235);
#7233 = CARTESIAN_POINT('',(14.325,9.525,1.6));
#7234 = DIRECTION('',(1.,0.,0.));
#7235 = DIRECTION('',(0.,0.,1.));
#7236 = ADVANCED_FACE('',(#7237),#7271,.T.);
#7237 = FACE_BOUND('',#7238,.T.);
#7238 = EDGE_LOOP('',(#7239,#7249,#7257,#7265));
#7239 = ORIENTED_EDGE('',*,*,#7240,.F.);
#7240 = EDGE_CURVE('',#7241,#7243,#7245,.T.);
#7241 = VERTEX_POINT('',#7242);
#7242 = CARTESIAN_POINT('',(15.225,9.525,1.6));
#7243 = VERTEX_POINT('',#7244);
#7244 = CARTESIAN_POINT('',(15.225,9.525,1.635));
#7245 = LINE('',#7246,#7247);
#7246 = CARTESIAN_POINT('',(15.225,9.525,1.6));
#7247 = VECTOR('',#7248,1.);
#7248 = DIRECTION('',(0.,0.,1.));
#7249 = ORIENTED_EDGE('',*,*,#7250,.T.);
#7250 = EDGE_CURVE('',#7241,#7251,#7253,.T.);
#7251 = VERTEX_POINT('',#7252);
#7252 = CARTESIAN_POINT('',(15.225,10.475,1.6));
#7253 = LINE('',#7254,#7255);
#7254 = CARTESIAN_POINT('',(15.225,9.525,1.6));
#7255 = VECTOR('',#7256,1.);
#7256 = DIRECTION('',(0.,1.,0.));
#7257 = ORIENTED_EDGE('',*,*,#7258,.T.);
#7258 = EDGE_CURVE('',#7251,#7259,#7261,.T.);
#7259 = VERTEX_POINT('',#7260);
#7260 = CARTESIAN_POINT('',(15.225,10.475,1.635));
#7261 = LINE('',#7262,#7263);
#7262 = CARTESIAN_POINT('',(15.225,10.475,1.6));
#7263 = VECTOR('',#7264,1.);
#7264 = DIRECTION('',(0.,0.,1.));
#7265 = ORIENTED_EDGE('',*,*,#7266,.F.);
#7266 = EDGE_CURVE('',#7243,#7259,#7267,.T.);
#7267 = LINE('',#7268,#7269);
#7268 = CARTESIAN_POINT('',(15.225,9.525,1.635));
#7269 = VECTOR('',#7270,1.);
#7270 = DIRECTION('',(0.,1.,0.));
#7271 = PLANE('',#7272);
#7272 = AXIS2_PLACEMENT_3D('',#7273,#7274,#7275);
#7273 = CARTESIAN_POINT('',(15.225,9.525,1.6));
#7274 = DIRECTION('',(1.,0.,0.));
#7275 = DIRECTION('',(0.,0.,1.));
#7276 = ADVANCED_FACE('',(#7277),#7293,.F.);
#7277 = FACE_BOUND('',#7278,.F.);
#7278 = EDGE_LOOP('',(#7279,#7285,#7286,#7292));
#7279 = ORIENTED_EDGE('',*,*,#7280,.F.);
#7280 = EDGE_CURVE('',#7201,#7241,#7281,.T.);
#7281 = LINE('',#7282,#7283);
#7282 = CARTESIAN_POINT('',(14.325,9.525,1.6));
#7283 = VECTOR('',#7284,1.);
#7284 = DIRECTION('',(1.,0.,0.));
#7285 = ORIENTED_EDGE('',*,*,#7200,.T.);
#7286 = ORIENTED_EDGE('',*,*,#7287,.T.);
#7287 = EDGE_CURVE('',#7203,#7243,#7288,.T.);
#7288 = LINE('',#7289,#7290);
#7289 = CARTESIAN_POINT('',(14.325,9.525,1.635));
#7290 = VECTOR('',#7291,1.);
#7291 = DIRECTION('',(1.,0.,0.));
#7292 = ORIENTED_EDGE('',*,*,#7240,.F.);
#7293 = PLANE('',#7294);
#7294 = AXIS2_PLACEMENT_3D('',#7295,#7296,#7297);
#7295 = CARTESIAN_POINT('',(14.325,9.525,1.6));
#7296 = DIRECTION('',(0.,1.,0.));
#7297 = DIRECTION('',(0.,0.,1.));
#7298 = ADVANCED_FACE('',(#7299),#7315,.T.);
#7299 = FACE_BOUND('',#7300,.T.);
#7300 = EDGE_LOOP('',(#7301,#7307,#7308,#7314));
#7301 = ORIENTED_EDGE('',*,*,#7302,.F.);
#7302 = EDGE_CURVE('',#7211,#7251,#7303,.T.);
#7303 = LINE('',#7304,#7305);
#7304 = CARTESIAN_POINT('',(14.325,10.475,1.6));
#7305 = VECTOR('',#7306,1.);
#7306 = DIRECTION('',(1.,0.,0.));
#7307 = ORIENTED_EDGE('',*,*,#7218,.T.);
#7308 = ORIENTED_EDGE('',*,*,#7309,.T.);
#7309 = EDGE_CURVE('',#7219,#7259,#7310,.T.);
#7310 = LINE('',#7311,#7312);
#7311 = CARTESIAN_POINT('',(14.325,10.475,1.635));
#7312 = VECTOR('',#7313,1.);
#7313 = DIRECTION('',(1.,0.,0.));
#7314 = ORIENTED_EDGE('',*,*,#7258,.F.);
#7315 = PLANE('',#7316);
#7316 = AXIS2_PLACEMENT_3D('',#7317,#7318,#7319);
#7317 = CARTESIAN_POINT('',(14.325,10.475,1.6));
#7318 = DIRECTION('',(0.,1.,0.));
#7319 = DIRECTION('',(0.,0.,1.));
#7320 = ADVANCED_FACE('',(#7321),#7327,.F.);
#7321 = FACE_BOUND('',#7322,.F.);
#7322 = EDGE_LOOP('',(#7323,#7324,#7325,#7326));
#7323 = ORIENTED_EDGE('',*,*,#7210,.F.);
#7324 = ORIENTED_EDGE('',*,*,#7280,.T.);
#7325 = ORIENTED_EDGE('',*,*,#7250,.T.);
#7326 = ORIENTED_EDGE('',*,*,#7302,.F.);
#7327 = PLANE('',#7328);
#7328 = AXIS2_PLACEMENT_3D('',#7329,#7330,#7331);
#7329 = CARTESIAN_POINT('',(14.325,9.525,1.6));
#7330 = DIRECTION('',(0.,0.,1.));
#7331 = DIRECTION('',(1.,0.,0.));
#7332 = ADVANCED_FACE('',(#7333),#7339,.T.);
#7333 = FACE_BOUND('',#7334,.T.);
#7334 = EDGE_LOOP('',(#7335,#7336,#7337,#7338));
#7335 = ORIENTED_EDGE('',*,*,#7226,.F.);
#7336 = ORIENTED_EDGE('',*,*,#7287,.T.);
#7337 = ORIENTED_EDGE('',*,*,#7266,.T.);
#7338 = ORIENTED_EDGE('',*,*,#7309,.F.);
#7339 = PLANE('',#7340);
#7340 = AXIS2_PLACEMENT_3D('',#7341,#7342,#7343);
#7341 = CARTESIAN_POINT('',(14.325,9.525,1.635));
#7342 = DIRECTION('',(0.,0.,1.));
#7343 = DIRECTION('',(1.,0.,0.));
#7344 = MANIFOLD_SOLID_BREP('',#7345);
#7345 = CLOSED_SHELL('',(#7346,#7386,#7426,#7448,#7470,#7482));
#7346 = ADVANCED_FACE('',(#7347),#7381,.F.);
#7347 = FACE_BOUND('',#7348,.F.);
#7348 = EDGE_LOOP('',(#7349,#7359,#7367,#7375));
#7349 = ORIENTED_EDGE('',*,*,#7350,.F.);
#7350 = EDGE_CURVE('',#7351,#7353,#7355,.T.);
#7351 = VERTEX_POINT('',#7352);
#7352 = CARTESIAN_POINT('',(22.15,7.5375,1.6));
#7353 = VERTEX_POINT('',#7354);
#7354 = CARTESIAN_POINT('',(22.15,7.5375,2.15));
#7355 = LINE('',#7356,#7357);
#7356 = CARTESIAN_POINT('',(22.15,7.5375,1.6));
#7357 = VECTOR('',#7358,1.);
#7358 = DIRECTION('',(0.,0.,1.));
#7359 = ORIENTED_EDGE('',*,*,#7360,.T.);
#7360 = EDGE_CURVE('',#7351,#7361,#7363,.T.);
#7361 = VERTEX_POINT('',#7362);
#7362 = CARTESIAN_POINT('',(22.15,8.4625,1.6));
#7363 = LINE('',#7364,#7365);
#7364 = CARTESIAN_POINT('',(22.15,7.5375,1.6));
#7365 = VECTOR('',#7366,1.);
#7366 = DIRECTION('',(0.,1.,0.));
#7367 = ORIENTED_EDGE('',*,*,#7368,.T.);
#7368 = EDGE_CURVE('',#7361,#7369,#7371,.T.);
#7369 = VERTEX_POINT('',#7370);
#7370 = CARTESIAN_POINT('',(22.15,8.4625,2.15));
#7371 = LINE('',#7372,#7373);
#7372 = CARTESIAN_POINT('',(22.15,8.4625,1.6));
#7373 = VECTOR('',#7374,1.);
#7374 = DIRECTION('',(0.,0.,1.));
#7375 = ORIENTED_EDGE('',*,*,#7376,.F.);
#7376 = EDGE_CURVE('',#7353,#7369,#7377,.T.);
#7377 = LINE('',#7378,#7379);
#7378 = CARTESIAN_POINT('',(22.15,7.5375,2.15));
#7379 = VECTOR('',#7380,1.);
#7380 = DIRECTION('',(0.,1.,0.));
#7381 = PLANE('',#7382);
#7382 = AXIS2_PLACEMENT_3D('',#7383,#7384,#7385);
#7383 = CARTESIAN_POINT('',(22.15,7.5375,1.6));
#7384 = DIRECTION('',(1.,0.,0.));
#7385 = DIRECTION('',(0.,0.,1.));
#7386 = ADVANCED_FACE('',(#7387),#7421,.T.);
#7387 = FACE_BOUND('',#7388,.T.);
#7388 = EDGE_LOOP('',(#7389,#7399,#7407,#7415));
#7389 = ORIENTED_EDGE('',*,*,#7390,.F.);
#7390 = EDGE_CURVE('',#7391,#7393,#7395,.T.);
#7391 = VERTEX_POINT('',#7392);
#7392 = CARTESIAN_POINT('',(23.85,7.5375,1.6));
#7393 = VERTEX_POINT('',#7394);
#7394 = CARTESIAN_POINT('',(23.85,7.5375,2.15));
#7395 = LINE('',#7396,#7397);
#7396 = CARTESIAN_POINT('',(23.85,7.5375,1.6));
#7397 = VECTOR('',#7398,1.);
#7398 = DIRECTION('',(0.,0.,1.));
#7399 = ORIENTED_EDGE('',*,*,#7400,.T.);
#7400 = EDGE_CURVE('',#7391,#7401,#7403,.T.);
#7401 = VERTEX_POINT('',#7402);
#7402 = CARTESIAN_POINT('',(23.85,8.4625,1.6));
#7403 = LINE('',#7404,#7405);
#7404 = CARTESIAN_POINT('',(23.85,7.5375,1.6));
#7405 = VECTOR('',#7406,1.);
#7406 = DIRECTION('',(0.,1.,0.));
#7407 = ORIENTED_EDGE('',*,*,#7408,.T.);
#7408 = EDGE_CURVE('',#7401,#7409,#7411,.T.);
#7409 = VERTEX_POINT('',#7410);
#7410 = CARTESIAN_POINT('',(23.85,8.4625,2.15));
#7411 = LINE('',#7412,#7413);
#7412 = CARTESIAN_POINT('',(23.85,8.4625,1.6));
#7413 = VECTOR('',#7414,1.);
#7414 = DIRECTION('',(0.,0.,1.));
#7415 = ORIENTED_EDGE('',*,*,#7416,.F.);
#7416 = EDGE_CURVE('',#7393,#7409,#7417,.T.);
#7417 = LINE('',#7418,#7419);
#7418 = CARTESIAN_POINT('',(23.85,7.5375,2.15));
#7419 = VECTOR('',#7420,1.);
#7420 = DIRECTION('',(0.,1.,0.));
#7421 = PLANE('',#7422);
#7422 = AXIS2_PLACEMENT_3D('',#7423,#7424,#7425);
#7423 = CARTESIAN_POINT('',(23.85,7.5375,1.6));
#7424 = DIRECTION('',(1.,0.,0.));
#7425 = DIRECTION('',(0.,0.,1.));
#7426 = ADVANCED_FACE('',(#7427),#7443,.F.);
#7427 = FACE_BOUND('',#7428,.F.);
#7428 = EDGE_LOOP('',(#7429,#7435,#7436,#7442));
#7429 = ORIENTED_EDGE('',*,*,#7430,.F.);
#7430 = EDGE_CURVE('',#7351,#7391,#7431,.T.);
#7431 = LINE('',#7432,#7433);
#7432 = CARTESIAN_POINT('',(22.15,7.5375,1.6));
#7433 = VECTOR('',#7434,1.);
#7434 = DIRECTION('',(1.,0.,0.));
#7435 = ORIENTED_EDGE('',*,*,#7350,.T.);
#7436 = ORIENTED_EDGE('',*,*,#7437,.T.);
#7437 = EDGE_CURVE('',#7353,#7393,#7438,.T.);
#7438 = LINE('',#7439,#7440);
#7439 = CARTESIAN_POINT('',(22.15,7.5375,2.15));
#7440 = VECTOR('',#7441,1.);
#7441 = DIRECTION('',(1.,0.,0.));
#7442 = ORIENTED_EDGE('',*,*,#7390,.F.);
#7443 = PLANE('',#7444);
#7444 = AXIS2_PLACEMENT_3D('',#7445,#7446,#7447);
#7445 = CARTESIAN_POINT('',(22.15,7.5375,1.6));
#7446 = DIRECTION('',(0.,1.,0.));
#7447 = DIRECTION('',(0.,0.,1.));
#7448 = ADVANCED_FACE('',(#7449),#7465,.T.);
#7449 = FACE_BOUND('',#7450,.T.);
#7450 = EDGE_LOOP('',(#7451,#7457,#7458,#7464));
#7451 = ORIENTED_EDGE('',*,*,#7452,.F.);
#7452 = EDGE_CURVE('',#7361,#7401,#7453,.T.);
#7453 = LINE('',#7454,#7455);
#7454 = CARTESIAN_POINT('',(22.15,8.4625,1.6));
#7455 = VECTOR('',#7456,1.);
#7456 = DIRECTION('',(1.,0.,0.));
#7457 = ORIENTED_EDGE('',*,*,#7368,.T.);
#7458 = ORIENTED_EDGE('',*,*,#7459,.T.);
#7459 = EDGE_CURVE('',#7369,#7409,#7460,.T.);
#7460 = LINE('',#7461,#7462);
#7461 = CARTESIAN_POINT('',(22.15,8.4625,2.15));
#7462 = VECTOR('',#7463,1.);
#7463 = DIRECTION('',(1.,0.,0.));
#7464 = ORIENTED_EDGE('',*,*,#7408,.F.);
#7465 = PLANE('',#7466);
#7466 = AXIS2_PLACEMENT_3D('',#7467,#7468,#7469);
#7467 = CARTESIAN_POINT('',(22.15,8.4625,1.6));
#7468 = DIRECTION('',(0.,1.,0.));
#7469 = DIRECTION('',(0.,0.,1.));
#7470 = ADVANCED_FACE('',(#7471),#7477,.F.);
#7471 = FACE_BOUND('',#7472,.F.);
#7472 = EDGE_LOOP('',(#7473,#7474,#7475,#7476));
#7473 = ORIENTED_EDGE('',*,*,#7360,.F.);
#7474 = ORIENTED_EDGE('',*,*,#7430,.T.);
#7475 = ORIENTED_EDGE('',*,*,#7400,.T.);
#7476 = ORIENTED_EDGE('',*,*,#7452,.F.);
#7477 = PLANE('',#7478);
#7478 = AXIS2_PLACEMENT_3D('',#7479,#7480,#7481);
#7479 = CARTESIAN_POINT('',(22.15,7.5375,1.6));
#7480 = DIRECTION('',(0.,0.,1.));
#7481 = DIRECTION('',(1.,0.,0.));
#7482 = ADVANCED_FACE('',(#7483),#7489,.T.);
#7483 = FACE_BOUND('',#7484,.T.);
#7484 = EDGE_LOOP('',(#7485,#7486,#7487,#7488));
#7485 = ORIENTED_EDGE('',*,*,#7376,.F.);
#7486 = ORIENTED_EDGE('',*,*,#7437,.T.);
#7487 = ORIENTED_EDGE('',*,*,#7416,.T.);
#7488 = ORIENTED_EDGE('',*,*,#7459,.F.);
#7489 = PLANE('',#7490);
#7490 = AXIS2_PLACEMENT_3D('',#7491,#7492,#7493);
#7491 = CARTESIAN_POINT('',(22.15,7.5375,2.15));
#7492 = DIRECTION('',(0.,0.,1.));
#7493 = DIRECTION('',(1.,0.,0.));
#7494 = MANIFOLD_SOLID_BREP('',#7495);
#7495 = CLOSED_SHELL('',(#7496,#7536,#7576,#7598,#7620,#7632));
#7496 = ADVANCED_FACE('',(#7497),#7531,.F.);
#7497 = FACE_BOUND('',#7498,.F.);
#7498 = EDGE_LOOP('',(#7499,#7509,#7517,#7525));
#7499 = ORIENTED_EDGE('',*,*,#7500,.F.);
#7500 = EDGE_CURVE('',#7501,#7503,#7505,.T.);
#7501 = VERTEX_POINT('',#7502);
#7502 = CARTESIAN_POINT('',(21.775,7.525,1.6));
#7503 = VERTEX_POINT('',#7504);
#7504 = CARTESIAN_POINT('',(21.775,7.525,1.635));
#7505 = LINE('',#7506,#7507);
#7506 = CARTESIAN_POINT('',(21.775,7.525,1.6));
#7507 = VECTOR('',#7508,1.);
#7508 = DIRECTION('',(0.,0.,1.));
#7509 = ORIENTED_EDGE('',*,*,#7510,.T.);
#7510 = EDGE_CURVE('',#7501,#7511,#7513,.T.);
#7511 = VERTEX_POINT('',#7512);
#7512 = CARTESIAN_POINT('',(21.775,8.475,1.6));
#7513 = LINE('',#7514,#7515);
#7514 = CARTESIAN_POINT('',(21.775,7.525,1.6));
#7515 = VECTOR('',#7516,1.);
#7516 = DIRECTION('',(0.,1.,0.));
#7517 = ORIENTED_EDGE('',*,*,#7518,.T.);
#7518 = EDGE_CURVE('',#7511,#7519,#7521,.T.);
#7519 = VERTEX_POINT('',#7520);
#7520 = CARTESIAN_POINT('',(21.775,8.475,1.635));
#7521 = LINE('',#7522,#7523);
#7522 = CARTESIAN_POINT('',(21.775,8.475,1.6));
#7523 = VECTOR('',#7524,1.);
#7524 = DIRECTION('',(0.,0.,1.));
#7525 = ORIENTED_EDGE('',*,*,#7526,.F.);
#7526 = EDGE_CURVE('',#7503,#7519,#7527,.T.);
#7527 = LINE('',#7528,#7529);
#7528 = CARTESIAN_POINT('',(21.775,7.525,1.635));
#7529 = VECTOR('',#7530,1.);
#7530 = DIRECTION('',(0.,1.,0.));
#7531 = PLANE('',#7532);
#7532 = AXIS2_PLACEMENT_3D('',#7533,#7534,#7535);
#7533 = CARTESIAN_POINT('',(21.775,7.525,1.6));
#7534 = DIRECTION('',(1.,0.,0.));
#7535 = DIRECTION('',(0.,0.,1.));
#7536 = ADVANCED_FACE('',(#7537),#7571,.T.);
#7537 = FACE_BOUND('',#7538,.T.);
#7538 = EDGE_LOOP('',(#7539,#7549,#7557,#7565));
#7539 = ORIENTED_EDGE('',*,*,#7540,.F.);
#7540 = EDGE_CURVE('',#7541,#7543,#7545,.T.);
#7541 = VERTEX_POINT('',#7542);
#7542 = CARTESIAN_POINT('',(22.575,7.525,1.6));
#7543 = VERTEX_POINT('',#7544);
#7544 = CARTESIAN_POINT('',(22.575,7.525,1.635));
#7545 = LINE('',#7546,#7547);
#7546 = CARTESIAN_POINT('',(22.575,7.525,1.6));
#7547 = VECTOR('',#7548,1.);
#7548 = DIRECTION('',(0.,0.,1.));
#7549 = ORIENTED_EDGE('',*,*,#7550,.T.);
#7550 = EDGE_CURVE('',#7541,#7551,#7553,.T.);
#7551 = VERTEX_POINT('',#7552);
#7552 = CARTESIAN_POINT('',(22.575,8.475,1.6));
#7553 = LINE('',#7554,#7555);
#7554 = CARTESIAN_POINT('',(22.575,7.525,1.6));
#7555 = VECTOR('',#7556,1.);
#7556 = DIRECTION('',(0.,1.,0.));
#7557 = ORIENTED_EDGE('',*,*,#7558,.T.);
#7558 = EDGE_CURVE('',#7551,#7559,#7561,.T.);
#7559 = VERTEX_POINT('',#7560);
#7560 = CARTESIAN_POINT('',(22.575,8.475,1.635));
#7561 = LINE('',#7562,#7563);
#7562 = CARTESIAN_POINT('',(22.575,8.475,1.6));
#7563 = VECTOR('',#7564,1.);
#7564 = DIRECTION('',(0.,0.,1.));
#7565 = ORIENTED_EDGE('',*,*,#7566,.F.);
#7566 = EDGE_CURVE('',#7543,#7559,#7567,.T.);
#7567 = LINE('',#7568,#7569);
#7568 = CARTESIAN_POINT('',(22.575,7.525,1.635));
#7569 = VECTOR('',#7570,1.);
#7570 = DIRECTION('',(0.,1.,0.));
#7571 = PLANE('',#7572);
#7572 = AXIS2_PLACEMENT_3D('',#7573,#7574,#7575);
#7573 = CARTESIAN_POINT('',(22.575,7.525,1.6));
#7574 = DIRECTION('',(1.,0.,0.));
#7575 = DIRECTION('',(0.,0.,1.));
#7576 = ADVANCED_FACE('',(#7577),#7593,.F.);
#7577 = FACE_BOUND('',#7578,.F.);
#7578 = EDGE_LOOP('',(#7579,#7585,#7586,#7592));
#7579 = ORIENTED_EDGE('',*,*,#7580,.F.);
#7580 = EDGE_CURVE('',#7501,#7541,#7581,.T.);
#7581 = LINE('',#7582,#7583);
#7582 = CARTESIAN_POINT('',(21.775,7.525,1.6));
#7583 = VECTOR('',#7584,1.);
#7584 = DIRECTION('',(1.,0.,0.));
#7585 = ORIENTED_EDGE('',*,*,#7500,.T.);
#7586 = ORIENTED_EDGE('',*,*,#7587,.T.);
#7587 = EDGE_CURVE('',#7503,#7543,#7588,.T.);
#7588 = LINE('',#7589,#7590);
#7589 = CARTESIAN_POINT('',(21.775,7.525,1.635));
#7590 = VECTOR('',#7591,1.);
#7591 = DIRECTION('',(1.,0.,0.));
#7592 = ORIENTED_EDGE('',*,*,#7540,.F.);
#7593 = PLANE('',#7594);
#7594 = AXIS2_PLACEMENT_3D('',#7595,#7596,#7597);
#7595 = CARTESIAN_POINT('',(21.775,7.525,1.6));
#7596 = DIRECTION('',(0.,1.,0.));
#7597 = DIRECTION('',(0.,0.,1.));
#7598 = ADVANCED_FACE('',(#7599),#7615,.T.);
#7599 = FACE_BOUND('',#7600,.T.);
#7600 = EDGE_LOOP('',(#7601,#7607,#7608,#7614));
#7601 = ORIENTED_EDGE('',*,*,#7602,.F.);
#7602 = EDGE_CURVE('',#7511,#7551,#7603,.T.);
#7603 = LINE('',#7604,#7605);
#7604 = CARTESIAN_POINT('',(21.775,8.475,1.6));
#7605 = VECTOR('',#7606,1.);
#7606 = DIRECTION('',(1.,0.,0.));
#7607 = ORIENTED_EDGE('',*,*,#7518,.T.);
#7608 = ORIENTED_EDGE('',*,*,#7609,.T.);
#7609 = EDGE_CURVE('',#7519,#7559,#7610,.T.);
#7610 = LINE('',#7611,#7612);
#7611 = CARTESIAN_POINT('',(21.775,8.475,1.635));
#7612 = VECTOR('',#7613,1.);
#7613 = DIRECTION('',(1.,0.,0.));
#7614 = ORIENTED_EDGE('',*,*,#7558,.F.);
#7615 = PLANE('',#7616);
#7616 = AXIS2_PLACEMENT_3D('',#7617,#7618,#7619);
#7617 = CARTESIAN_POINT('',(21.775,8.475,1.6));
#7618 = DIRECTION('',(0.,1.,0.));
#7619 = DIRECTION('',(0.,0.,1.));
#7620 = ADVANCED_FACE('',(#7621),#7627,.F.);
#7621 = FACE_BOUND('',#7622,.F.);
#7622 = EDGE_LOOP('',(#7623,#7624,#7625,#7626));
#7623 = ORIENTED_EDGE('',*,*,#7510,.F.);
#7624 = ORIENTED_EDGE('',*,*,#7580,.T.);
#7625 = ORIENTED_EDGE('',*,*,#7550,.T.);
#7626 = ORIENTED_EDGE('',*,*,#7602,.F.);
#7627 = PLANE('',#7628);
#7628 = AXIS2_PLACEMENT_3D('',#7629,#7630,#7631);
#7629 = CARTESIAN_POINT('',(21.775,7.525,1.6));
#7630 = DIRECTION('',(0.,0.,1.));
#7631 = DIRECTION('',(1.,0.,0.));
#7632 = ADVANCED_FACE('',(#7633),#7639,.T.);
#7633 = FACE_BOUND('',#7634,.T.);
#7634 = EDGE_LOOP('',(#7635,#7636,#7637,#7638));
#7635 = ORIENTED_EDGE('',*,*,#7526,.F.);
#7636 = ORIENTED_EDGE('',*,*,#7587,.T.);
#7637 = ORIENTED_EDGE('',*,*,#7566,.T.);
#7638 = ORIENTED_EDGE('',*,*,#7609,.F.);
#7639 = PLANE('',#7640);
#7640 = AXIS2_PLACEMENT_3D('',#7641,#7642,#7643);
#7641 = CARTESIAN_POINT('',(21.775,7.525,1.635));
#7642 = DIRECTION('',(0.,0.,1.));
#7643 = DIRECTION('',(1.,0.,0.));
#7644 = MANIFOLD_SOLID_BREP('',#7645);
#7645 = CLOSED_SHELL('',(#7646,#7686,#7726,#7748,#7770,#7782));
#7646 = ADVANCED_FACE('',(#7647),#7681,.F.);
#7647 = FACE_BOUND('',#7648,.F.);
#7648 = EDGE_LOOP('',(#7649,#7659,#7667,#7675));
#7649 = ORIENTED_EDGE('',*,*,#7650,.F.);
#7650 = EDGE_CURVE('',#7651,#7653,#7655,.T.);
#7651 = VERTEX_POINT('',#7652);
#7652 = CARTESIAN_POINT('',(23.425,7.525,1.6));
#7653 = VERTEX_POINT('',#7654);
#7654 = CARTESIAN_POINT('',(23.425,7.525,1.635));
#7655 = LINE('',#7656,#7657);
#7656 = CARTESIAN_POINT('',(23.425,7.525,1.6));
#7657 = VECTOR('',#7658,1.);
#7658 = DIRECTION('',(0.,0.,1.));
#7659 = ORIENTED_EDGE('',*,*,#7660,.T.);
#7660 = EDGE_CURVE('',#7651,#7661,#7663,.T.);
#7661 = VERTEX_POINT('',#7662);
#7662 = CARTESIAN_POINT('',(23.425,8.475,1.6));
#7663 = LINE('',#7664,#7665);
#7664 = CARTESIAN_POINT('',(23.425,7.525,1.6));
#7665 = VECTOR('',#7666,1.);
#7666 = DIRECTION('',(0.,1.,0.));
#7667 = ORIENTED_EDGE('',*,*,#7668,.T.);
#7668 = EDGE_CURVE('',#7661,#7669,#7671,.T.);
#7669 = VERTEX_POINT('',#7670);
#7670 = CARTESIAN_POINT('',(23.425,8.475,1.635));
#7671 = LINE('',#7672,#7673);
#7672 = CARTESIAN_POINT('',(23.425,8.475,1.6));
#7673 = VECTOR('',#7674,1.);
#7674 = DIRECTION('',(0.,0.,1.));
#7675 = ORIENTED_EDGE('',*,*,#7676,.F.);
#7676 = EDGE_CURVE('',#7653,#7669,#7677,.T.);
#7677 = LINE('',#7678,#7679);
#7678 = CARTESIAN_POINT('',(23.425,7.525,1.635));
#7679 = VECTOR('',#7680,1.);
#7680 = DIRECTION('',(0.,1.,0.));
#7681 = PLANE('',#7682);
#7682 = AXIS2_PLACEMENT_3D('',#7683,#7684,#7685);
#7683 = CARTESIAN_POINT('',(23.425,7.525,1.6));
#7684 = DIRECTION('',(1.,0.,0.));
#7685 = DIRECTION('',(0.,0.,1.));
#7686 = ADVANCED_FACE('',(#7687),#7721,.T.);
#7687 = FACE_BOUND('',#7688,.T.);
#7688 = EDGE_LOOP('',(#7689,#7699,#7707,#7715));
#7689 = ORIENTED_EDGE('',*,*,#7690,.F.);
#7690 = EDGE_CURVE('',#7691,#7693,#7695,.T.);
#7691 = VERTEX_POINT('',#7692);
#7692 = CARTESIAN_POINT('',(24.225,7.525,1.6));
#7693 = VERTEX_POINT('',#7694);
#7694 = CARTESIAN_POINT('',(24.225,7.525,1.635));
#7695 = LINE('',#7696,#7697);
#7696 = CARTESIAN_POINT('',(24.225,7.525,1.6));
#7697 = VECTOR('',#7698,1.);
#7698 = DIRECTION('',(0.,0.,1.));
#7699 = ORIENTED_EDGE('',*,*,#7700,.T.);
#7700 = EDGE_CURVE('',#7691,#7701,#7703,.T.);
#7701 = VERTEX_POINT('',#7702);
#7702 = CARTESIAN_POINT('',(24.225,8.475,1.6));
#7703 = LINE('',#7704,#7705);
#7704 = CARTESIAN_POINT('',(24.225,7.525,1.6));
#7705 = VECTOR('',#7706,1.);
#7706 = DIRECTION('',(0.,1.,0.));
#7707 = ORIENTED_EDGE('',*,*,#7708,.T.);
#7708 = EDGE_CURVE('',#7701,#7709,#7711,.T.);
#7709 = VERTEX_POINT('',#7710);
#7710 = CARTESIAN_POINT('',(24.225,8.475,1.635));
#7711 = LINE('',#7712,#7713);
#7712 = CARTESIAN_POINT('',(24.225,8.475,1.6));
#7713 = VECTOR('',#7714,1.);
#7714 = DIRECTION('',(0.,0.,1.));
#7715 = ORIENTED_EDGE('',*,*,#7716,.F.);
#7716 = EDGE_CURVE('',#7693,#7709,#7717,.T.);
#7717 = LINE('',#7718,#7719);
#7718 = CARTESIAN_POINT('',(24.225,7.525,1.635));
#7719 = VECTOR('',#7720,1.);
#7720 = DIRECTION('',(0.,1.,0.));
#7721 = PLANE('',#7722);
#7722 = AXIS2_PLACEMENT_3D('',#7723,#7724,#7725);
#7723 = CARTESIAN_POINT('',(24.225,7.525,1.6));
#7724 = DIRECTION('',(1.,0.,0.));
#7725 = DIRECTION('',(0.,0.,1.));
#7726 = ADVANCED_FACE('',(#7727),#7743,.F.);
#7727 = FACE_BOUND('',#7728,.F.);
#7728 = EDGE_LOOP('',(#7729,#7735,#7736,#7742));
#7729 = ORIENTED_EDGE('',*,*,#7730,.F.);
#7730 = EDGE_CURVE('',#7651,#7691,#7731,.T.);
#7731 = LINE('',#7732,#7733);
#7732 = CARTESIAN_POINT('',(23.425,7.525,1.6));
#7733 = VECTOR('',#7734,1.);
#7734 = DIRECTION('',(1.,0.,0.));
#7735 = ORIENTED_EDGE('',*,*,#7650,.T.);
#7736 = ORIENTED_EDGE('',*,*,#7737,.T.);
#7737 = EDGE_CURVE('',#7653,#7693,#7738,.T.);
#7738 = LINE('',#7739,#7740);
#7739 = CARTESIAN_POINT('',(23.425,7.525,1.635));
#7740 = VECTOR('',#7741,1.);
#7741 = DIRECTION('',(1.,0.,0.));
#7742 = ORIENTED_EDGE('',*,*,#7690,.F.);
#7743 = PLANE('',#7744);
#7744 = AXIS2_PLACEMENT_3D('',#7745,#7746,#7747);
#7745 = CARTESIAN_POINT('',(23.425,7.525,1.6));
#7746 = DIRECTION('',(0.,1.,0.));
#7747 = DIRECTION('',(0.,0.,1.));
#7748 = ADVANCED_FACE('',(#7749),#7765,.T.);
#7749 = FACE_BOUND('',#7750,.T.);
#7750 = EDGE_LOOP('',(#7751,#7757,#7758,#7764));
#7751 = ORIENTED_EDGE('',*,*,#7752,.F.);
#7752 = EDGE_CURVE('',#7661,#7701,#7753,.T.);
#7753 = LINE('',#7754,#7755);
#7754 = CARTESIAN_POINT('',(23.425,8.475,1.6));
#7755 = VECTOR('',#7756,1.);
#7756 = DIRECTION('',(1.,0.,0.));
#7757 = ORIENTED_EDGE('',*,*,#7668,.T.);
#7758 = ORIENTED_EDGE('',*,*,#7759,.T.);
#7759 = EDGE_CURVE('',#7669,#7709,#7760,.T.);
#7760 = LINE('',#7761,#7762);
#7761 = CARTESIAN_POINT('',(23.425,8.475,1.635));
#7762 = VECTOR('',#7763,1.);
#7763 = DIRECTION('',(1.,0.,0.));
#7764 = ORIENTED_EDGE('',*,*,#7708,.F.);
#7765 = PLANE('',#7766);
#7766 = AXIS2_PLACEMENT_3D('',#7767,#7768,#7769);
#7767 = CARTESIAN_POINT('',(23.425,8.475,1.6));
#7768 = DIRECTION('',(0.,1.,0.));
#7769 = DIRECTION('',(0.,0.,1.));
#7770 = ADVANCED_FACE('',(#7771),#7777,.F.);
#7771 = FACE_BOUND('',#7772,.F.);
#7772 = EDGE_LOOP('',(#7773,#7774,#7775,#7776));
#7773 = ORIENTED_EDGE('',*,*,#7660,.F.);
#7774 = ORIENTED_EDGE('',*,*,#7730,.T.);
#7775 = ORIENTED_EDGE('',*,*,#7700,.T.);
#7776 = ORIENTED_EDGE('',*,*,#7752,.F.);
#7777 = PLANE('',#7778);
#7778 = AXIS2_PLACEMENT_3D('',#7779,#7780,#7781);
#7779 = CARTESIAN_POINT('',(23.425,7.525,1.6));
#7780 = DIRECTION('',(0.,0.,1.));
#7781 = DIRECTION('',(1.,0.,0.));
#7782 = ADVANCED_FACE('',(#7783),#7789,.T.);
#7783 = FACE_BOUND('',#7784,.T.);
#7784 = EDGE_LOOP('',(#7785,#7786,#7787,#7788));
#7785 = ORIENTED_EDGE('',*,*,#7676,.F.);
#7786 = ORIENTED_EDGE('',*,*,#7737,.T.);
#7787 = ORIENTED_EDGE('',*,*,#7716,.T.);
#7788 = ORIENTED_EDGE('',*,*,#7759,.F.);
#7789 = PLANE('',#7790);
#7790 = AXIS2_PLACEMENT_3D('',#7791,#7792,#7793);
#7791 = CARTESIAN_POINT('',(23.425,7.525,1.635));
#7792 = DIRECTION('',(0.,0.,1.));
#7793 = DIRECTION('',(1.,0.,0.));
#7794 = MANIFOLD_SOLID_BREP('',#7795);
#7795 = CLOSED_SHELL('',(#7796,#7836,#7876,#7898,#7920,#7932));
#7796 = ADVANCED_FACE('',(#7797),#7831,.F.);
#7797 = FACE_BOUND('',#7798,.F.);
#7798 = EDGE_LOOP('',(#7799,#7809,#7817,#7825));
#7799 = ORIENTED_EDGE('',*,*,#7800,.F.);
#7800 = EDGE_CURVE('',#7801,#7803,#7805,.T.);
#7801 = VERTEX_POINT('',#7802);
#7802 = CARTESIAN_POINT('',(33.15,4.55,1.6));
#7803 = VERTEX_POINT('',#7804);
#7804 = CARTESIAN_POINT('',(33.15,4.55,2.5));
#7805 = LINE('',#7806,#7807);
#7806 = CARTESIAN_POINT('',(33.15,4.55,1.6));
#7807 = VECTOR('',#7808,1.);
#7808 = DIRECTION('',(0.,0.,1.));
#7809 = ORIENTED_EDGE('',*,*,#7810,.T.);
#7810 = EDGE_CURVE('',#7801,#7811,#7813,.T.);
#7811 = VERTEX_POINT('',#7812);
#7812 = CARTESIAN_POINT('',(33.15,5.45,1.6));
#7813 = LINE('',#7814,#7815);
#7814 = CARTESIAN_POINT('',(33.15,4.55,1.6));
#7815 = VECTOR('',#7816,1.);
#7816 = DIRECTION('',(0.,1.,0.));
#7817 = ORIENTED_EDGE('',*,*,#7818,.T.);
#7818 = EDGE_CURVE('',#7811,#7819,#7821,.T.);
#7819 = VERTEX_POINT('',#7820);
#7820 = CARTESIAN_POINT('',(33.15,5.45,2.5));
#7821 = LINE('',#7822,#7823);
#7822 = CARTESIAN_POINT('',(33.15,5.45,1.6));
#7823 = VECTOR('',#7824,1.);
#7824 = DIRECTION('',(0.,0.,1.));
#7825 = ORIENTED_EDGE('',*,*,#7826,.F.);
#7826 = EDGE_CURVE('',#7803,#7819,#7827,.T.);
#7827 = LINE('',#7828,#7829);
#7828 = CARTESIAN_POINT('',(33.15,4.55,2.5));
#7829 = VECTOR('',#7830,1.);
#7830 = DIRECTION('',(0.,1.,0.));
#7831 = PLANE('',#7832);
#7832 = AXIS2_PLACEMENT_3D('',#7833,#7834,#7835);
#7833 = CARTESIAN_POINT('',(33.15,4.55,1.6));
#7834 = DIRECTION('',(1.,0.,0.));
#7835 = DIRECTION('',(0.,0.,1.));
#7836 = ADVANCED_FACE('',(#7837),#7871,.T.);
#7837 = FACE_BOUND('',#7838,.T.);
#7838 = EDGE_LOOP('',(#7839,#7849,#7857,#7865));
#7839 = ORIENTED_EDGE('',*,*,#7840,.F.);
#7840 = EDGE_CURVE('',#7841,#7843,#7845,.T.);
#7841 = VERTEX_POINT('',#7842);
#7842 = CARTESIAN_POINT('',(34.85,4.55,1.6));
#7843 = VERTEX_POINT('',#7844);
#7844 = CARTESIAN_POINT('',(34.85,4.55,2.5));
#7845 = LINE('',#7846,#7847);
#7846 = CARTESIAN_POINT('',(34.85,4.55,1.6));
#7847 = VECTOR('',#7848,1.);
#7848 = DIRECTION('',(0.,0.,1.));
#7849 = ORIENTED_EDGE('',*,*,#7850,.T.);
#7850 = EDGE_CURVE('',#7841,#7851,#7853,.T.);
#7851 = VERTEX_POINT('',#7852);
#7852 = CARTESIAN_POINT('',(34.85,5.45,1.6));
#7853 = LINE('',#7854,#7855);
#7854 = CARTESIAN_POINT('',(34.85,4.55,1.6));
#7855 = VECTOR('',#7856,1.);
#7856 = DIRECTION('',(0.,1.,0.));
#7857 = ORIENTED_EDGE('',*,*,#7858,.T.);
#7858 = EDGE_CURVE('',#7851,#7859,#7861,.T.);
#7859 = VERTEX_POINT('',#7860);
#7860 = CARTESIAN_POINT('',(34.85,5.45,2.5));
#7861 = LINE('',#7862,#7863);
#7862 = CARTESIAN_POINT('',(34.85,5.45,1.6));
#7863 = VECTOR('',#7864,1.);
#7864 = DIRECTION('',(0.,0.,1.));
#7865 = ORIENTED_EDGE('',*,*,#7866,.F.);
#7866 = EDGE_CURVE('',#7843,#7859,#7867,.T.);
#7867 = LINE('',#7868,#7869);
#7868 = CARTESIAN_POINT('',(34.85,4.55,2.5));
#7869 = VECTOR('',#7870,1.);
#7870 = DIRECTION('',(0.,1.,0.));
#7871 = PLANE('',#7872);
#7872 = AXIS2_PLACEMENT_3D('',#7873,#7874,#7875);
#7873 = CARTESIAN_POINT('',(34.85,4.55,1.6));
#7874 = DIRECTION('',(1.,0.,0.));
#7875 = DIRECTION('',(0.,0.,1.));
#7876 = ADVANCED_FACE('',(#7877),#7893,.F.);
#7877 = FACE_BOUND('',#7878,.F.);
#7878 = EDGE_LOOP('',(#7879,#7885,#7886,#7892));
#7879 = ORIENTED_EDGE('',*,*,#7880,.F.);
#7880 = EDGE_CURVE('',#7801,#7841,#7881,.T.);
#7881 = LINE('',#7882,#7883);
#7882 = CARTESIAN_POINT('',(33.15,4.55,1.6));
#7883 = VECTOR('',#7884,1.);
#7884 = DIRECTION('',(1.,0.,0.));
#7885 = ORIENTED_EDGE('',*,*,#7800,.T.);
#7886 = ORIENTED_EDGE('',*,*,#7887,.T.);
#7887 = EDGE_CURVE('',#7803,#7843,#7888,.T.);
#7888 = LINE('',#7889,#7890);
#7889 = CARTESIAN_POINT('',(33.15,4.55,2.5));
#7890 = VECTOR('',#7891,1.);
#7891 = DIRECTION('',(1.,0.,0.));
#7892 = ORIENTED_EDGE('',*,*,#7840,.F.);
#7893 = PLANE('',#7894);
#7894 = AXIS2_PLACEMENT_3D('',#7895,#7896,#7897);
#7895 = CARTESIAN_POINT('',(33.15,4.55,1.6));
#7896 = DIRECTION('',(0.,1.,0.));
#7897 = DIRECTION('',(0.,0.,1.));
#7898 = ADVANCED_FACE('',(#7899),#7915,.T.);
#7899 = FACE_BOUND('',#7900,.T.);
#7900 = EDGE_LOOP('',(#7901,#7907,#7908,#7914));
#7901 = ORIENTED_EDGE('',*,*,#7902,.F.);
#7902 = EDGE_CURVE('',#7811,#7851,#7903,.T.);
#7903 = LINE('',#7904,#7905);
#7904 = CARTESIAN_POINT('',(33.15,5.45,1.6));
#7905 = VECTOR('',#7906,1.);
#7906 = DIRECTION('',(1.,0.,0.));
#7907 = ORIENTED_EDGE('',*,*,#7818,.T.);
#7908 = ORIENTED_EDGE('',*,*,#7909,.T.);
#7909 = EDGE_CURVE('',#7819,#7859,#7910,.T.);
#7910 = LINE('',#7911,#7912);
#7911 = CARTESIAN_POINT('',(33.15,5.45,2.5));
#7912 = VECTOR('',#7913,1.);
#7913 = DIRECTION('',(1.,0.,0.));
#7914 = ORIENTED_EDGE('',*,*,#7858,.F.);
#7915 = PLANE('',#7916);
#7916 = AXIS2_PLACEMENT_3D('',#7917,#7918,#7919);
#7917 = CARTESIAN_POINT('',(33.15,5.45,1.6));
#7918 = DIRECTION('',(0.,1.,0.));
#7919 = DIRECTION('',(0.,0.,1.));
#7920 = ADVANCED_FACE('',(#7921),#7927,.F.);
#7921 = FACE_BOUND('',#7922,.F.);
#7922 = EDGE_LOOP('',(#7923,#7924,#7925,#7926));
#7923 = ORIENTED_EDGE('',*,*,#7810,.F.);
#7924 = ORIENTED_EDGE('',*,*,#7880,.T.);
#7925 = ORIENTED_EDGE('',*,*,#7850,.T.);
#7926 = ORIENTED_EDGE('',*,*,#7902,.F.);
#7927 = PLANE('',#7928);
#7928 = AXIS2_PLACEMENT_3D('',#7929,#7930,#7931);
#7929 = CARTESIAN_POINT('',(33.15,4.55,1.6));
#7930 = DIRECTION('',(0.,0.,1.));
#7931 = DIRECTION('',(1.,0.,0.));
#7932 = ADVANCED_FACE('',(#7933),#7939,.T.);
#7933 = FACE_BOUND('',#7934,.T.);
#7934 = EDGE_LOOP('',(#7935,#7936,#7937,#7938));
#7935 = ORIENTED_EDGE('',*,*,#7826,.F.);
#7936 = ORIENTED_EDGE('',*,*,#7887,.T.);
#7937 = ORIENTED_EDGE('',*,*,#7866,.T.);
#7938 = ORIENTED_EDGE('',*,*,#7909,.F.);
#7939 = PLANE('',#7940);
#7940 = AXIS2_PLACEMENT_3D('',#7941,#7942,#7943);
#7941 = CARTESIAN_POINT('',(33.15,4.55,2.5));
#7942 = DIRECTION('',(0.,0.,1.));
#7943 = DIRECTION('',(1.,0.,0.));
#7944 = MANIFOLD_SOLID_BREP('',#7945);
#7945 = CLOSED_SHELL('',(#7946,#7986,#8026,#8048,#8070,#8082));
#7946 = ADVANCED_FACE('',(#7947),#7981,.F.);
#7947 = FACE_BOUND('',#7948,.F.);
#7948 = EDGE_LOOP('',(#7949,#7959,#7967,#7975));
#7949 = ORIENTED_EDGE('',*,*,#7950,.F.);
#7950 = EDGE_CURVE('',#7951,#7953,#7955,.T.);
#7951 = VERTEX_POINT('',#7952);
#7952 = CARTESIAN_POINT('',(32.775,4.525,1.6));
#7953 = VERTEX_POINT('',#7954);
#7954 = CARTESIAN_POINT('',(32.775,4.525,1.635));
#7955 = LINE('',#7956,#7957);
#7956 = CARTESIAN_POINT('',(32.775,4.525,1.6));
#7957 = VECTOR('',#7958,1.);
#7958 = DIRECTION('',(0.,0.,1.));
#7959 = ORIENTED_EDGE('',*,*,#7960,.T.);
#7960 = EDGE_CURVE('',#7951,#7961,#7963,.T.);
#7961 = VERTEX_POINT('',#7962);
#7962 = CARTESIAN_POINT('',(32.775,5.475,1.6));
#7963 = LINE('',#7964,#7965);
#7964 = CARTESIAN_POINT('',(32.775,4.525,1.6));
#7965 = VECTOR('',#7966,1.);
#7966 = DIRECTION('',(0.,1.,0.));
#7967 = ORIENTED_EDGE('',*,*,#7968,.T.);
#7968 = EDGE_CURVE('',#7961,#7969,#7971,.T.);
#7969 = VERTEX_POINT('',#7970);
#7970 = CARTESIAN_POINT('',(32.775,5.475,1.635));
#7971 = LINE('',#7972,#7973);
#7972 = CARTESIAN_POINT('',(32.775,5.475,1.6));
#7973 = VECTOR('',#7974,1.);
#7974 = DIRECTION('',(0.,0.,1.));
#7975 = ORIENTED_EDGE('',*,*,#7976,.F.);
#7976 = EDGE_CURVE('',#7953,#7969,#7977,.T.);
#7977 = LINE('',#7978,#7979);
#7978 = CARTESIAN_POINT('',(32.775,4.525,1.635));
#7979 = VECTOR('',#7980,1.);
#7980 = DIRECTION('',(0.,1.,0.));
#7981 = PLANE('',#7982);
#7982 = AXIS2_PLACEMENT_3D('',#7983,#7984,#7985);
#7983 = CARTESIAN_POINT('',(32.775,4.525,1.6));
#7984 = DIRECTION('',(1.,0.,0.));
#7985 = DIRECTION('',(0.,0.,1.));
#7986 = ADVANCED_FACE('',(#7987),#8021,.T.);
#7987 = FACE_BOUND('',#7988,.T.);
#7988 = EDGE_LOOP('',(#7989,#7999,#8007,#8015));
#7989 = ORIENTED_EDGE('',*,*,#7990,.F.);
#7990 = EDGE_CURVE('',#7991,#7993,#7995,.T.);
#7991 = VERTEX_POINT('',#7992);
#7992 = CARTESIAN_POINT('',(33.675,4.525,1.6));
#7993 = VERTEX_POINT('',#7994);
#7994 = CARTESIAN_POINT('',(33.675,4.525,1.635));
#7995 = LINE('',#7996,#7997);
#7996 = CARTESIAN_POINT('',(33.675,4.525,1.6));
#7997 = VECTOR('',#7998,1.);
#7998 = DIRECTION('',(0.,0.,1.));
#7999 = ORIENTED_EDGE('',*,*,#8000,.T.);
#8000 = EDGE_CURVE('',#7991,#8001,#8003,.T.);
#8001 = VERTEX_POINT('',#8002);
#8002 = CARTESIAN_POINT('',(33.675,5.475,1.6));
#8003 = LINE('',#8004,#8005);
#8004 = CARTESIAN_POINT('',(33.675,4.525,1.6));
#8005 = VECTOR('',#8006,1.);
#8006 = DIRECTION('',(0.,1.,0.));
#8007 = ORIENTED_EDGE('',*,*,#8008,.T.);
#8008 = EDGE_CURVE('',#8001,#8009,#8011,.T.);
#8009 = VERTEX_POINT('',#8010);
#8010 = CARTESIAN_POINT('',(33.675,5.475,1.635));
#8011 = LINE('',#8012,#8013);
#8012 = CARTESIAN_POINT('',(33.675,5.475,1.6));
#8013 = VECTOR('',#8014,1.);
#8014 = DIRECTION('',(0.,0.,1.));
#8015 = ORIENTED_EDGE('',*,*,#8016,.F.);
#8016 = EDGE_CURVE('',#7993,#8009,#8017,.T.);
#8017 = LINE('',#8018,#8019);
#8018 = CARTESIAN_POINT('',(33.675,4.525,1.635));
#8019 = VECTOR('',#8020,1.);
#8020 = DIRECTION('',(0.,1.,0.));
#8021 = PLANE('',#8022);
#8022 = AXIS2_PLACEMENT_3D('',#8023,#8024,#8025);
#8023 = CARTESIAN_POINT('',(33.675,4.525,1.6));
#8024 = DIRECTION('',(1.,0.,0.));
#8025 = DIRECTION('',(0.,0.,1.));
#8026 = ADVANCED_FACE('',(#8027),#8043,.F.);
#8027 = FACE_BOUND('',#8028,.F.);
#8028 = EDGE_LOOP('',(#8029,#8035,#8036,#8042));
#8029 = ORIENTED_EDGE('',*,*,#8030,.F.);
#8030 = EDGE_CURVE('',#7951,#7991,#8031,.T.);
#8031 = LINE('',#8032,#8033);
#8032 = CARTESIAN_POINT('',(32.775,4.525,1.6));
#8033 = VECTOR('',#8034,1.);
#8034 = DIRECTION('',(1.,0.,0.));
#8035 = ORIENTED_EDGE('',*,*,#7950,.T.);
#8036 = ORIENTED_EDGE('',*,*,#8037,.T.);
#8037 = EDGE_CURVE('',#7953,#7993,#8038,.T.);
#8038 = LINE('',#8039,#8040);
#8039 = CARTESIAN_POINT('',(32.775,4.525,1.635));
#8040 = VECTOR('',#8041,1.);
#8041 = DIRECTION('',(1.,0.,0.));
#8042 = ORIENTED_EDGE('',*,*,#7990,.F.);
#8043 = PLANE('',#8044);
#8044 = AXIS2_PLACEMENT_3D('',#8045,#8046,#8047);
#8045 = CARTESIAN_POINT('',(32.775,4.525,1.6));
#8046 = DIRECTION('',(0.,1.,0.));
#8047 = DIRECTION('',(0.,0.,1.));
#8048 = ADVANCED_FACE('',(#8049),#8065,.T.);
#8049 = FACE_BOUND('',#8050,.T.);
#8050 = EDGE_LOOP('',(#8051,#8057,#8058,#8064));
#8051 = ORIENTED_EDGE('',*,*,#8052,.F.);
#8052 = EDGE_CURVE('',#7961,#8001,#8053,.T.);
#8053 = LINE('',#8054,#8055);
#8054 = CARTESIAN_POINT('',(32.775,5.475,1.6));
#8055 = VECTOR('',#8056,1.);
#8056 = DIRECTION('',(1.,0.,0.));
#8057 = ORIENTED_EDGE('',*,*,#7968,.T.);
#8058 = ORIENTED_EDGE('',*,*,#8059,.T.);
#8059 = EDGE_CURVE('',#7969,#8009,#8060,.T.);
#8060 = LINE('',#8061,#8062);
#8061 = CARTESIAN_POINT('',(32.775,5.475,1.635));
#8062 = VECTOR('',#8063,1.);
#8063 = DIRECTION('',(1.,0.,0.));
#8064 = ORIENTED_EDGE('',*,*,#8008,.F.);
#8065 = PLANE('',#8066);
#8066 = AXIS2_PLACEMENT_3D('',#8067,#8068,#8069);
#8067 = CARTESIAN_POINT('',(32.775,5.475,1.6));
#8068 = DIRECTION('',(0.,1.,0.));
#8069 = DIRECTION('',(0.,0.,1.));
#8070 = ADVANCED_FACE('',(#8071),#8077,.F.);
#8071 = FACE_BOUND('',#8072,.F.);
#8072 = EDGE_LOOP('',(#8073,#8074,#8075,#8076));
#8073 = ORIENTED_EDGE('',*,*,#7960,.F.);
#8074 = ORIENTED_EDGE('',*,*,#8030,.T.);
#8075 = ORIENTED_EDGE('',*,*,#8000,.T.);
#8076 = ORIENTED_EDGE('',*,*,#8052,.F.);
#8077 = PLANE('',#8078);
#8078 = AXIS2_PLACEMENT_3D('',#8079,#8080,#8081);
#8079 = CARTESIAN_POINT('',(32.775,4.525,1.6));
#8080 = DIRECTION('',(0.,0.,1.));
#8081 = DIRECTION('',(1.,0.,0.));
#8082 = ADVANCED_FACE('',(#8083),#8089,.T.);
#8083 = FACE_BOUND('',#8084,.T.);
#8084 = EDGE_LOOP('',(#8085,#8086,#8087,#8088));
#8085 = ORIENTED_EDGE('',*,*,#7976,.F.);
#8086 = ORIENTED_EDGE('',*,*,#8037,.T.);
#8087 = ORIENTED_EDGE('',*,*,#8016,.T.);
#8088 = ORIENTED_EDGE('',*,*,#8059,.F.);
#8089 = PLANE('',#8090);
#8090 = AXIS2_PLACEMENT_3D('',#8091,#8092,#8093);
#8091 = CARTESIAN_POINT('',(32.775,4.525,1.635));
#8092 = DIRECTION('',(0.,0.,1.));
#8093 = DIRECTION('',(1.,0.,0.));
#8094 = MANIFOLD_SOLID_BREP('',#8095);
#8095 = CLOSED_SHELL('',(#8096,#8136,#8176,#8198,#8220,#8232));
#8096 = ADVANCED_FACE('',(#8097),#8131,.F.);
#8097 = FACE_BOUND('',#8098,.F.);
#8098 = EDGE_LOOP('',(#8099,#8109,#8117,#8125));
#8099 = ORIENTED_EDGE('',*,*,#8100,.F.);
#8100 = EDGE_CURVE('',#8101,#8103,#8105,.T.);
#8101 = VERTEX_POINT('',#8102);
#8102 = CARTESIAN_POINT('',(34.325,4.525,1.6));
#8103 = VERTEX_POINT('',#8104);
#8104 = CARTESIAN_POINT('',(34.325,4.525,1.635));
#8105 = LINE('',#8106,#8107);
#8106 = CARTESIAN_POINT('',(34.325,4.525,1.6));
#8107 = VECTOR('',#8108,1.);
#8108 = DIRECTION('',(0.,0.,1.));
#8109 = ORIENTED_EDGE('',*,*,#8110,.T.);
#8110 = EDGE_CURVE('',#8101,#8111,#8113,.T.);
#8111 = VERTEX_POINT('',#8112);
#8112 = CARTESIAN_POINT('',(34.325,5.475,1.6));
#8113 = LINE('',#8114,#8115);
#8114 = CARTESIAN_POINT('',(34.325,4.525,1.6));
#8115 = VECTOR('',#8116,1.);
#8116 = DIRECTION('',(0.,1.,0.));
#8117 = ORIENTED_EDGE('',*,*,#8118,.T.);
#8118 = EDGE_CURVE('',#8111,#8119,#8121,.T.);
#8119 = VERTEX_POINT('',#8120);
#8120 = CARTESIAN_POINT('',(34.325,5.475,1.635));
#8121 = LINE('',#8122,#8123);
#8122 = CARTESIAN_POINT('',(34.325,5.475,1.6));
#8123 = VECTOR('',#8124,1.);
#8124 = DIRECTION('',(0.,0.,1.));
#8125 = ORIENTED_EDGE('',*,*,#8126,.F.);
#8126 = EDGE_CURVE('',#8103,#8119,#8127,.T.);
#8127 = LINE('',#8128,#8129);
#8128 = CARTESIAN_POINT('',(34.325,4.525,1.635));
#8129 = VECTOR('',#8130,1.);
#8130 = DIRECTION('',(0.,1.,0.));
#8131 = PLANE('',#8132);
#8132 = AXIS2_PLACEMENT_3D('',#8133,#8134,#8135);
#8133 = CARTESIAN_POINT('',(34.325,4.525,1.6));
#8134 = DIRECTION('',(1.,0.,0.));
#8135 = DIRECTION('',(0.,0.,1.));
#8136 = ADVANCED_FACE('',(#8137),#8171,.T.);
#8137 = FACE_BOUND('',#8138,.T.);
#8138 = EDGE_LOOP('',(#8139,#8149,#8157,#8165));
#8139 = ORIENTED_EDGE('',*,*,#8140,.F.);
#8140 = EDGE_CURVE('',#8141,#8143,#8145,.T.);
#8141 = VERTEX_POINT('',#8142);
#8142 = CARTESIAN_POINT('',(35.225,4.525,1.6));
#8143 = VERTEX_POINT('',#8144);
#8144 = CARTESIAN_POINT('',(35.225,4.525,1.635));
#8145 = LINE('',#8146,#8147);
#8146 = CARTESIAN_POINT('',(35.225,4.525,1.6));
#8147 = VECTOR('',#8148,1.);
#8148 = DIRECTION('',(0.,0.,1.));
#8149 = ORIENTED_EDGE('',*,*,#8150,.T.);
#8150 = EDGE_CURVE('',#8141,#8151,#8153,.T.);
#8151 = VERTEX_POINT('',#8152);
#8152 = CARTESIAN_POINT('',(35.225,5.475,1.6));
#8153 = LINE('',#8154,#8155);
#8154 = CARTESIAN_POINT('',(35.225,4.525,1.6));
#8155 = VECTOR('',#8156,1.);
#8156 = DIRECTION('',(0.,1.,0.));
#8157 = ORIENTED_EDGE('',*,*,#8158,.T.);
#8158 = EDGE_CURVE('',#8151,#8159,#8161,.T.);
#8159 = VERTEX_POINT('',#8160);
#8160 = CARTESIAN_POINT('',(35.225,5.475,1.635));
#8161 = LINE('',#8162,#8163);
#8162 = CARTESIAN_POINT('',(35.225,5.475,1.6));
#8163 = VECTOR('',#8164,1.);
#8164 = DIRECTION('',(0.,0.,1.));
#8165 = ORIENTED_EDGE('',*,*,#8166,.F.);
#8166 = EDGE_CURVE('',#8143,#8159,#8167,.T.);
#8167 = LINE('',#8168,#8169);
#8168 = CARTESIAN_POINT('',(35.225,4.525,1.635));
#8169 = VECTOR('',#8170,1.);
#8170 = DIRECTION('',(0.,1.,0.));
#8171 = PLANE('',#8172);
#8172 = AXIS2_PLACEMENT_3D('',#8173,#8174,#8175);
#8173 = CARTESIAN_POINT('',(35.225,4.525,1.6));
#8174 = DIRECTION('',(1.,0.,0.));
#8175 = DIRECTION('',(0.,0.,1.));
#8176 = ADVANCED_FACE('',(#8177),#8193,.F.);
#8177 = FACE_BOUND('',#8178,.F.);
#8178 = EDGE_LOOP('',(#8179,#8185,#8186,#8192));
#8179 = ORIENTED_EDGE('',*,*,#8180,.F.);
#8180 = EDGE_CURVE('',#8101,#8141,#8181,.T.);
#8181 = LINE('',#8182,#8183);
#8182 = CARTESIAN_POINT('',(34.325,4.525,1.6));
#8183 = VECTOR('',#8184,1.);
#8184 = DIRECTION('',(1.,0.,0.));
#8185 = ORIENTED_EDGE('',*,*,#8100,.T.);
#8186 = ORIENTED_EDGE('',*,*,#8187,.T.);
#8187 = EDGE_CURVE('',#8103,#8143,#8188,.T.);
#8188 = LINE('',#8189,#8190);
#8189 = CARTESIAN_POINT('',(34.325,4.525,1.635));
#8190 = VECTOR('',#8191,1.);
#8191 = DIRECTION('',(1.,0.,0.));
#8192 = ORIENTED_EDGE('',*,*,#8140,.F.);
#8193 = PLANE('',#8194);
#8194 = AXIS2_PLACEMENT_3D('',#8195,#8196,#8197);
#8195 = CARTESIAN_POINT('',(34.325,4.525,1.6));
#8196 = DIRECTION('',(0.,1.,0.));
#8197 = DIRECTION('',(0.,0.,1.));
#8198 = ADVANCED_FACE('',(#8199),#8215,.T.);
#8199 = FACE_BOUND('',#8200,.T.);
#8200 = EDGE_LOOP('',(#8201,#8207,#8208,#8214));
#8201 = ORIENTED_EDGE('',*,*,#8202,.F.);
#8202 = EDGE_CURVE('',#8111,#8151,#8203,.T.);
#8203 = LINE('',#8204,#8205);
#8204 = CARTESIAN_POINT('',(34.325,5.475,1.6));
#8205 = VECTOR('',#8206,1.);
#8206 = DIRECTION('',(1.,0.,0.));
#8207 = ORIENTED_EDGE('',*,*,#8118,.T.);
#8208 = ORIENTED_EDGE('',*,*,#8209,.T.);
#8209 = EDGE_CURVE('',#8119,#8159,#8210,.T.);
#8210 = LINE('',#8211,#8212);
#8211 = CARTESIAN_POINT('',(34.325,5.475,1.635));
#8212 = VECTOR('',#8213,1.);
#8213 = DIRECTION('',(1.,0.,0.));
#8214 = ORIENTED_EDGE('',*,*,#8158,.F.);
#8215 = PLANE('',#8216);
#8216 = AXIS2_PLACEMENT_3D('',#8217,#8218,#8219);
#8217 = CARTESIAN_POINT('',(34.325,5.475,1.6));
#8218 = DIRECTION('',(0.,1.,0.));
#8219 = DIRECTION('',(0.,0.,1.));
#8220 = ADVANCED_FACE('',(#8221),#8227,.F.);
#8221 = FACE_BOUND('',#8222,.F.);
#8222 = EDGE_LOOP('',(#8223,#8224,#8225,#8226));
#8223 = ORIENTED_EDGE('',*,*,#8110,.F.);
#8224 = ORIENTED_EDGE('',*,*,#8180,.T.);
#8225 = ORIENTED_EDGE('',*,*,#8150,.T.);
#8226 = ORIENTED_EDGE('',*,*,#8202,.F.);
#8227 = PLANE('',#8228);
#8228 = AXIS2_PLACEMENT_3D('',#8229,#8230,#8231);
#8229 = CARTESIAN_POINT('',(34.325,4.525,1.6));
#8230 = DIRECTION('',(0.,0.,1.));
#8231 = DIRECTION('',(1.,0.,0.));
#8232 = ADVANCED_FACE('',(#8233),#8239,.T.);
#8233 = FACE_BOUND('',#8234,.T.);
#8234 = EDGE_LOOP('',(#8235,#8236,#8237,#8238));
#8235 = ORIENTED_EDGE('',*,*,#8126,.F.);
#8236 = ORIENTED_EDGE('',*,*,#8187,.T.);
#8237 = ORIENTED_EDGE('',*,*,#8166,.T.);
#8238 = ORIENTED_EDGE('',*,*,#8209,.F.);
#8239 = PLANE('',#8240);
#8240 = AXIS2_PLACEMENT_3D('',#8241,#8242,#8243);
#8241 = CARTESIAN_POINT('',(34.325,4.525,1.635));
#8242 = DIRECTION('',(0.,0.,1.));
#8243 = DIRECTION('',(1.,0.,0.));
#8244 = MANIFOLD_SOLID_BREP('',#8245);
#8245 = CLOSED_SHELL('',(#8246,#8286,#8326,#8348,#8370,#8382));
#8246 = ADVANCED_FACE('',(#8247),#8281,.F.);
#8247 = FACE_BOUND('',#8248,.F.);
#8248 = EDGE_LOOP('',(#8249,#8259,#8267,#8275));
#8249 = ORIENTED_EDGE('',*,*,#8250,.F.);
#8250 = EDGE_CURVE('',#8251,#8253,#8255,.T.);
#8251 = VERTEX_POINT('',#8252);
#8252 = CARTESIAN_POINT('',(28.15,19.55,1.6));
#8253 = VERTEX_POINT('',#8254);
#8254 = CARTESIAN_POINT('',(28.15,19.55,2.5));
#8255 = LINE('',#8256,#8257);
#8256 = CARTESIAN_POINT('',(28.15,19.55,1.6));
#8257 = VECTOR('',#8258,1.);
#8258 = DIRECTION('',(0.,0.,1.));
#8259 = ORIENTED_EDGE('',*,*,#8260,.T.);
#8260 = EDGE_CURVE('',#8251,#8261,#8263,.T.);
#8261 = VERTEX_POINT('',#8262);
#8262 = CARTESIAN_POINT('',(28.15,20.45,1.6));
#8263 = LINE('',#8264,#8265);
#8264 = CARTESIAN_POINT('',(28.15,19.55,1.6));
#8265 = VECTOR('',#8266,1.);
#8266 = DIRECTION('',(0.,1.,0.));
#8267 = ORIENTED_EDGE('',*,*,#8268,.T.);
#8268 = EDGE_CURVE('',#8261,#8269,#8271,.T.);
#8269 = VERTEX_POINT('',#8270);
#8270 = CARTESIAN_POINT('',(28.15,20.45,2.5));
#8271 = LINE('',#8272,#8273);
#8272 = CARTESIAN_POINT('',(28.15,20.45,1.6));
#8273 = VECTOR('',#8274,1.);
#8274 = DIRECTION('',(0.,0.,1.));
#8275 = ORIENTED_EDGE('',*,*,#8276,.F.);
#8276 = EDGE_CURVE('',#8253,#8269,#8277,.T.);
#8277 = LINE('',#8278,#8279);
#8278 = CARTESIAN_POINT('',(28.15,19.55,2.5));
#8279 = VECTOR('',#8280,1.);
#8280 = DIRECTION('',(0.,1.,0.));
#8281 = PLANE('',#8282);
#8282 = AXIS2_PLACEMENT_3D('',#8283,#8284,#8285);
#8283 = CARTESIAN_POINT('',(28.15,19.55,1.6));
#8284 = DIRECTION('',(1.,0.,0.));
#8285 = DIRECTION('',(0.,0.,1.));
#8286 = ADVANCED_FACE('',(#8287),#8321,.T.);
#8287 = FACE_BOUND('',#8288,.T.);
#8288 = EDGE_LOOP('',(#8289,#8299,#8307,#8315));
#8289 = ORIENTED_EDGE('',*,*,#8290,.F.);
#8290 = EDGE_CURVE('',#8291,#8293,#8295,.T.);
#8291 = VERTEX_POINT('',#8292);
#8292 = CARTESIAN_POINT('',(29.85,19.55,1.6));
#8293 = VERTEX_POINT('',#8294);
#8294 = CARTESIAN_POINT('',(29.85,19.55,2.5));
#8295 = LINE('',#8296,#8297);
#8296 = CARTESIAN_POINT('',(29.85,19.55,1.6));
#8297 = VECTOR('',#8298,1.);
#8298 = DIRECTION('',(0.,0.,1.));
#8299 = ORIENTED_EDGE('',*,*,#8300,.T.);
#8300 = EDGE_CURVE('',#8291,#8301,#8303,.T.);
#8301 = VERTEX_POINT('',#8302);
#8302 = CARTESIAN_POINT('',(29.85,20.45,1.6));
#8303 = LINE('',#8304,#8305);
#8304 = CARTESIAN_POINT('',(29.85,19.55,1.6));
#8305 = VECTOR('',#8306,1.);
#8306 = DIRECTION('',(0.,1.,0.));
#8307 = ORIENTED_EDGE('',*,*,#8308,.T.);
#8308 = EDGE_CURVE('',#8301,#8309,#8311,.T.);
#8309 = VERTEX_POINT('',#8310);
#8310 = CARTESIAN_POINT('',(29.85,20.45,2.5));
#8311 = LINE('',#8312,#8313);
#8312 = CARTESIAN_POINT('',(29.85,20.45,1.6));
#8313 = VECTOR('',#8314,1.);
#8314 = DIRECTION('',(0.,0.,1.));
#8315 = ORIENTED_EDGE('',*,*,#8316,.F.);
#8316 = EDGE_CURVE('',#8293,#8309,#8317,.T.);
#8317 = LINE('',#8318,#8319);
#8318 = CARTESIAN_POINT('',(29.85,19.55,2.5));
#8319 = VECTOR('',#8320,1.);
#8320 = DIRECTION('',(0.,1.,0.));
#8321 = PLANE('',#8322);
#8322 = AXIS2_PLACEMENT_3D('',#8323,#8324,#8325);
#8323 = CARTESIAN_POINT('',(29.85,19.55,1.6));
#8324 = DIRECTION('',(1.,0.,0.));
#8325 = DIRECTION('',(0.,0.,1.));
#8326 = ADVANCED_FACE('',(#8327),#8343,.F.);
#8327 = FACE_BOUND('',#8328,.F.);
#8328 = EDGE_LOOP('',(#8329,#8335,#8336,#8342));
#8329 = ORIENTED_EDGE('',*,*,#8330,.F.);
#8330 = EDGE_CURVE('',#8251,#8291,#8331,.T.);
#8331 = LINE('',#8332,#8333);
#8332 = CARTESIAN_POINT('',(28.15,19.55,1.6));
#8333 = VECTOR('',#8334,1.);
#8334 = DIRECTION('',(1.,0.,0.));
#8335 = ORIENTED_EDGE('',*,*,#8250,.T.);
#8336 = ORIENTED_EDGE('',*,*,#8337,.T.);
#8337 = EDGE_CURVE('',#8253,#8293,#8338,.T.);
#8338 = LINE('',#8339,#8340);
#8339 = CARTESIAN_POINT('',(28.15,19.55,2.5));
#8340 = VECTOR('',#8341,1.);
#8341 = DIRECTION('',(1.,0.,0.));
#8342 = ORIENTED_EDGE('',*,*,#8290,.F.);
#8343 = PLANE('',#8344);
#8344 = AXIS2_PLACEMENT_3D('',#8345,#8346,#8347);
#8345 = CARTESIAN_POINT('',(28.15,19.55,1.6));
#8346 = DIRECTION('',(0.,1.,0.));
#8347 = DIRECTION('',(0.,0.,1.));
#8348 = ADVANCED_FACE('',(#8349),#8365,.T.);
#8349 = FACE_BOUND('',#8350,.T.);
#8350 = EDGE_LOOP('',(#8351,#8357,#8358,#8364));
#8351 = ORIENTED_EDGE('',*,*,#8352,.F.);
#8352 = EDGE_CURVE('',#8261,#8301,#8353,.T.);
#8353 = LINE('',#8354,#8355);
#8354 = CARTESIAN_POINT('',(28.15,20.45,1.6));
#8355 = VECTOR('',#8356,1.);
#8356 = DIRECTION('',(1.,0.,0.));
#8357 = ORIENTED_EDGE('',*,*,#8268,.T.);
#8358 = ORIENTED_EDGE('',*,*,#8359,.T.);
#8359 = EDGE_CURVE('',#8269,#8309,#8360,.T.);
#8360 = LINE('',#8361,#8362);
#8361 = CARTESIAN_POINT('',(28.15,20.45,2.5));
#8362 = VECTOR('',#8363,1.);
#8363 = DIRECTION('',(1.,0.,0.));
#8364 = ORIENTED_EDGE('',*,*,#8308,.F.);
#8365 = PLANE('',#8366);
#8366 = AXIS2_PLACEMENT_3D('',#8367,#8368,#8369);
#8367 = CARTESIAN_POINT('',(28.15,20.45,1.6));
#8368 = DIRECTION('',(0.,1.,0.));
#8369 = DIRECTION('',(0.,0.,1.));
#8370 = ADVANCED_FACE('',(#8371),#8377,.F.);
#8371 = FACE_BOUND('',#8372,.F.);
#8372 = EDGE_LOOP('',(#8373,#8374,#8375,#8376));
#8373 = ORIENTED_EDGE('',*,*,#8260,.F.);
#8374 = ORIENTED_EDGE('',*,*,#8330,.T.);
#8375 = ORIENTED_EDGE('',*,*,#8300,.T.);
#8376 = ORIENTED_EDGE('',*,*,#8352,.F.);
#8377 = PLANE('',#8378);
#8378 = AXIS2_PLACEMENT_3D('',#8379,#8380,#8381);
#8379 = CARTESIAN_POINT('',(28.15,19.55,1.6));
#8380 = DIRECTION('',(0.,0.,1.));
#8381 = DIRECTION('',(1.,0.,0.));
#8382 = ADVANCED_FACE('',(#8383),#8389,.T.);
#8383 = FACE_BOUND('',#8384,.T.);
#8384 = EDGE_LOOP('',(#8385,#8386,#8387,#8388));
#8385 = ORIENTED_EDGE('',*,*,#8276,.F.);
#8386 = ORIENTED_EDGE('',*,*,#8337,.T.);
#8387 = ORIENTED_EDGE('',*,*,#8316,.T.);
#8388 = ORIENTED_EDGE('',*,*,#8359,.F.);
#8389 = PLANE('',#8390);
#8390 = AXIS2_PLACEMENT_3D('',#8391,#8392,#8393);
#8391 = CARTESIAN_POINT('',(28.15,19.55,2.5));
#8392 = DIRECTION('',(0.,0.,1.));
#8393 = DIRECTION('',(1.,0.,0.));
#8394 = MANIFOLD_SOLID_BREP('',#8395);
#8395 = CLOSED_SHELL('',(#8396,#8436,#8476,#8498,#8520,#8532));
#8396 = ADVANCED_FACE('',(#8397),#8431,.F.);
#8397 = FACE_BOUND('',#8398,.F.);
#8398 = EDGE_LOOP('',(#8399,#8409,#8417,#8425));
#8399 = ORIENTED_EDGE('',*,*,#8400,.F.);
#8400 = EDGE_CURVE('',#8401,#8403,#8405,.T.);
#8401 = VERTEX_POINT('',#8402);
#8402 = CARTESIAN_POINT('',(27.775,19.525,1.6));
#8403 = VERTEX_POINT('',#8404);
#8404 = CARTESIAN_POINT('',(27.775,19.525,1.635));
#8405 = LINE('',#8406,#8407);
#8406 = CARTESIAN_POINT('',(27.775,19.525,1.6));
#8407 = VECTOR('',#8408,1.);
#8408 = DIRECTION('',(0.,0.,1.));
#8409 = ORIENTED_EDGE('',*,*,#8410,.T.);
#8410 = EDGE_CURVE('',#8401,#8411,#8413,.T.);
#8411 = VERTEX_POINT('',#8412);
#8412 = CARTESIAN_POINT('',(27.775,20.475,1.6));
#8413 = LINE('',#8414,#8415);
#8414 = CARTESIAN_POINT('',(27.775,19.525,1.6));
#8415 = VECTOR('',#8416,1.);
#8416 = DIRECTION('',(0.,1.,0.));
#8417 = ORIENTED_EDGE('',*,*,#8418,.T.);
#8418 = EDGE_CURVE('',#8411,#8419,#8421,.T.);
#8419 = VERTEX_POINT('',#8420);
#8420 = CARTESIAN_POINT('',(27.775,20.475,1.635));
#8421 = LINE('',#8422,#8423);
#8422 = CARTESIAN_POINT('',(27.775,20.475,1.6));
#8423 = VECTOR('',#8424,1.);
#8424 = DIRECTION('',(0.,0.,1.));
#8425 = ORIENTED_EDGE('',*,*,#8426,.F.);
#8426 = EDGE_CURVE('',#8403,#8419,#8427,.T.);
#8427 = LINE('',#8428,#8429);
#8428 = CARTESIAN_POINT('',(27.775,19.525,1.635));
#8429 = VECTOR('',#8430,1.);
#8430 = DIRECTION('',(0.,1.,0.));
#8431 = PLANE('',#8432);
#8432 = AXIS2_PLACEMENT_3D('',#8433,#8434,#8435);
#8433 = CARTESIAN_POINT('',(27.775,19.525,1.6));
#8434 = DIRECTION('',(1.,0.,0.));
#8435 = DIRECTION('',(0.,0.,1.));
#8436 = ADVANCED_FACE('',(#8437),#8471,.T.);
#8437 = FACE_BOUND('',#8438,.T.);
#8438 = EDGE_LOOP('',(#8439,#8449,#8457,#8465));
#8439 = ORIENTED_EDGE('',*,*,#8440,.F.);
#8440 = EDGE_CURVE('',#8441,#8443,#8445,.T.);
#8441 = VERTEX_POINT('',#8442);
#8442 = CARTESIAN_POINT('',(28.675,19.525,1.6));
#8443 = VERTEX_POINT('',#8444);
#8444 = CARTESIAN_POINT('',(28.675,19.525,1.635));
#8445 = LINE('',#8446,#8447);
#8446 = CARTESIAN_POINT('',(28.675,19.525,1.6));
#8447 = VECTOR('',#8448,1.);
#8448 = DIRECTION('',(0.,0.,1.));
#8449 = ORIENTED_EDGE('',*,*,#8450,.T.);
#8450 = EDGE_CURVE('',#8441,#8451,#8453,.T.);
#8451 = VERTEX_POINT('',#8452);
#8452 = CARTESIAN_POINT('',(28.675,20.475,1.6));
#8453 = LINE('',#8454,#8455);
#8454 = CARTESIAN_POINT('',(28.675,19.525,1.6));
#8455 = VECTOR('',#8456,1.);
#8456 = DIRECTION('',(0.,1.,0.));
#8457 = ORIENTED_EDGE('',*,*,#8458,.T.);
#8458 = EDGE_CURVE('',#8451,#8459,#8461,.T.);
#8459 = VERTEX_POINT('',#8460);
#8460 = CARTESIAN_POINT('',(28.675,20.475,1.635));
#8461 = LINE('',#8462,#8463);
#8462 = CARTESIAN_POINT('',(28.675,20.475,1.6));
#8463 = VECTOR('',#8464,1.);
#8464 = DIRECTION('',(0.,0.,1.));
#8465 = ORIENTED_EDGE('',*,*,#8466,.F.);
#8466 = EDGE_CURVE('',#8443,#8459,#8467,.T.);
#8467 = LINE('',#8468,#8469);
#8468 = CARTESIAN_POINT('',(28.675,19.525,1.635));
#8469 = VECTOR('',#8470,1.);
#8470 = DIRECTION('',(0.,1.,0.));
#8471 = PLANE('',#8472);
#8472 = AXIS2_PLACEMENT_3D('',#8473,#8474,#8475);
#8473 = CARTESIAN_POINT('',(28.675,19.525,1.6));
#8474 = DIRECTION('',(1.,0.,0.));
#8475 = DIRECTION('',(0.,0.,1.));
#8476 = ADVANCED_FACE('',(#8477),#8493,.F.);
#8477 = FACE_BOUND('',#8478,.F.);
#8478 = EDGE_LOOP('',(#8479,#8485,#8486,#8492));
#8479 = ORIENTED_EDGE('',*,*,#8480,.F.);
#8480 = EDGE_CURVE('',#8401,#8441,#8481,.T.);
#8481 = LINE('',#8482,#8483);
#8482 = CARTESIAN_POINT('',(27.775,19.525,1.6));
#8483 = VECTOR('',#8484,1.);
#8484 = DIRECTION('',(1.,0.,0.));
#8485 = ORIENTED_EDGE('',*,*,#8400,.T.);
#8486 = ORIENTED_EDGE('',*,*,#8487,.T.);
#8487 = EDGE_CURVE('',#8403,#8443,#8488,.T.);
#8488 = LINE('',#8489,#8490);
#8489 = CARTESIAN_POINT('',(27.775,19.525,1.635));
#8490 = VECTOR('',#8491,1.);
#8491 = DIRECTION('',(1.,0.,0.));
#8492 = ORIENTED_EDGE('',*,*,#8440,.F.);
#8493 = PLANE('',#8494);
#8494 = AXIS2_PLACEMENT_3D('',#8495,#8496,#8497);
#8495 = CARTESIAN_POINT('',(27.775,19.525,1.6));
#8496 = DIRECTION('',(0.,1.,0.));
#8497 = DIRECTION('',(0.,0.,1.));
#8498 = ADVANCED_FACE('',(#8499),#8515,.T.);
#8499 = FACE_BOUND('',#8500,.T.);
#8500 = EDGE_LOOP('',(#8501,#8507,#8508,#8514));
#8501 = ORIENTED_EDGE('',*,*,#8502,.F.);
#8502 = EDGE_CURVE('',#8411,#8451,#8503,.T.);
#8503 = LINE('',#8504,#8505);
#8504 = CARTESIAN_POINT('',(27.775,20.475,1.6));
#8505 = VECTOR('',#8506,1.);
#8506 = DIRECTION('',(1.,0.,0.));
#8507 = ORIENTED_EDGE('',*,*,#8418,.T.);
#8508 = ORIENTED_EDGE('',*,*,#8509,.T.);
#8509 = EDGE_CURVE('',#8419,#8459,#8510,.T.);
#8510 = LINE('',#8511,#8512);
#8511 = CARTESIAN_POINT('',(27.775,20.475,1.635));
#8512 = VECTOR('',#8513,1.);
#8513 = DIRECTION('',(1.,0.,0.));
#8514 = ORIENTED_EDGE('',*,*,#8458,.F.);
#8515 = PLANE('',#8516);
#8516 = AXIS2_PLACEMENT_3D('',#8517,#8518,#8519);
#8517 = CARTESIAN_POINT('',(27.775,20.475,1.6));
#8518 = DIRECTION('',(0.,1.,0.));
#8519 = DIRECTION('',(0.,0.,1.));
#8520 = ADVANCED_FACE('',(#8521),#8527,.F.);
#8521 = FACE_BOUND('',#8522,.F.);
#8522 = EDGE_LOOP('',(#8523,#8524,#8525,#8526));
#8523 = ORIENTED_EDGE('',*,*,#8410,.F.);
#8524 = ORIENTED_EDGE('',*,*,#8480,.T.);
#8525 = ORIENTED_EDGE('',*,*,#8450,.T.);
#8526 = ORIENTED_EDGE('',*,*,#8502,.F.);
#8527 = PLANE('',#8528);
#8528 = AXIS2_PLACEMENT_3D('',#8529,#8530,#8531);
#8529 = CARTESIAN_POINT('',(27.775,19.525,1.6));
#8530 = DIRECTION('',(0.,0.,1.));
#8531 = DIRECTION('',(1.,0.,0.));
#8532 = ADVANCED_FACE('',(#8533),#8539,.T.);
#8533 = FACE_BOUND('',#8534,.T.);
#8534 = EDGE_LOOP('',(#8535,#8536,#8537,#8538));
#8535 = ORIENTED_EDGE('',*,*,#8426,.F.);
#8536 = ORIENTED_EDGE('',*,*,#8487,.T.);
#8537 = ORIENTED_EDGE('',*,*,#8466,.T.);
#8538 = ORIENTED_EDGE('',*,*,#8509,.F.);
#8539 = PLANE('',#8540);
#8540 = AXIS2_PLACEMENT_3D('',#8541,#8542,#8543);
#8541 = CARTESIAN_POINT('',(27.775,19.525,1.635));
#8542 = DIRECTION('',(0.,0.,1.));
#8543 = DIRECTION('',(1.,0.,0.));
#8544 = MANIFOLD_SOLID_BREP('',#8545);
#8545 = CLOSED_SHELL('',(#8546,#8586,#8626,#8648,#8670,#8682));
#8546 = ADVANCED_FACE('',(#8547),#8581,.F.);
#8547 = FACE_BOUND('',#8548,.F.);
#8548 = EDGE_LOOP('',(#8549,#8559,#8567,#8575));
#8549 = ORIENTED_EDGE('',*,*,#8550,.F.);
#8550 = EDGE_CURVE('',#8551,#8553,#8555,.T.);
#8551 = VERTEX_POINT('',#8552);
#8552 = CARTESIAN_POINT('',(29.325,19.525,1.6));
#8553 = VERTEX_POINT('',#8554);
#8554 = CARTESIAN_POINT('',(29.325,19.525,1.635));
#8555 = LINE('',#8556,#8557);
#8556 = CARTESIAN_POINT('',(29.325,19.525,1.6));
#8557 = VECTOR('',#8558,1.);
#8558 = DIRECTION('',(0.,0.,1.));
#8559 = ORIENTED_EDGE('',*,*,#8560,.T.);
#8560 = EDGE_CURVE('',#8551,#8561,#8563,.T.);
#8561 = VERTEX_POINT('',#8562);
#8562 = CARTESIAN_POINT('',(29.325,20.475,1.6));
#8563 = LINE('',#8564,#8565);
#8564 = CARTESIAN_POINT('',(29.325,19.525,1.6));
#8565 = VECTOR('',#8566,1.);
#8566 = DIRECTION('',(0.,1.,0.));
#8567 = ORIENTED_EDGE('',*,*,#8568,.T.);
#8568 = EDGE_CURVE('',#8561,#8569,#8571,.T.);
#8569 = VERTEX_POINT('',#8570);
#8570 = CARTESIAN_POINT('',(29.325,20.475,1.635));
#8571 = LINE('',#8572,#8573);
#8572 = CARTESIAN_POINT('',(29.325,20.475,1.6));
#8573 = VECTOR('',#8574,1.);
#8574 = DIRECTION('',(0.,0.,1.));
#8575 = ORIENTED_EDGE('',*,*,#8576,.F.);
#8576 = EDGE_CURVE('',#8553,#8569,#8577,.T.);
#8577 = LINE('',#8578,#8579);
#8578 = CARTESIAN_POINT('',(29.325,19.525,1.635));
#8579 = VECTOR('',#8580,1.);
#8580 = DIRECTION('',(0.,1.,0.));
#8581 = PLANE('',#8582);
#8582 = AXIS2_PLACEMENT_3D('',#8583,#8584,#8585);
#8583 = CARTESIAN_POINT('',(29.325,19.525,1.6));
#8584 = DIRECTION('',(1.,0.,0.));
#8585 = DIRECTION('',(0.,0.,1.));
#8586 = ADVANCED_FACE('',(#8587),#8621,.T.);
#8587 = FACE_BOUND('',#8588,.T.);
#8588 = EDGE_LOOP('',(#8589,#8599,#8607,#8615));
#8589 = ORIENTED_EDGE('',*,*,#8590,.F.);
#8590 = EDGE_CURVE('',#8591,#8593,#8595,.T.);
#8591 = VERTEX_POINT('',#8592);
#8592 = CARTESIAN_POINT('',(30.225,19.525,1.6));
#8593 = VERTEX_POINT('',#8594);
#8594 = CARTESIAN_POINT('',(30.225,19.525,1.635));
#8595 = LINE('',#8596,#8597);
#8596 = CARTESIAN_POINT('',(30.225,19.525,1.6));
#8597 = VECTOR('',#8598,1.);
#8598 = DIRECTION('',(0.,0.,1.));
#8599 = ORIENTED_EDGE('',*,*,#8600,.T.);
#8600 = EDGE_CURVE('',#8591,#8601,#8603,.T.);
#8601 = VERTEX_POINT('',#8602);
#8602 = CARTESIAN_POINT('',(30.225,20.475,1.6));
#8603 = LINE('',#8604,#8605);
#8604 = CARTESIAN_POINT('',(30.225,19.525,1.6));
#8605 = VECTOR('',#8606,1.);
#8606 = DIRECTION('',(0.,1.,0.));
#8607 = ORIENTED_EDGE('',*,*,#8608,.T.);
#8608 = EDGE_CURVE('',#8601,#8609,#8611,.T.);
#8609 = VERTEX_POINT('',#8610);
#8610 = CARTESIAN_POINT('',(30.225,20.475,1.635));
#8611 = LINE('',#8612,#8613);
#8612 = CARTESIAN_POINT('',(30.225,20.475,1.6));
#8613 = VECTOR('',#8614,1.);
#8614 = DIRECTION('',(0.,0.,1.));
#8615 = ORIENTED_EDGE('',*,*,#8616,.F.);
#8616 = EDGE_CURVE('',#8593,#8609,#8617,.T.);
#8617 = LINE('',#8618,#8619);
#8618 = CARTESIAN_POINT('',(30.225,19.525,1.635));
#8619 = VECTOR('',#8620,1.);
#8620 = DIRECTION('',(0.,1.,0.));
#8621 = PLANE('',#8622);
#8622 = AXIS2_PLACEMENT_3D('',#8623,#8624,#8625);
#8623 = CARTESIAN_POINT('',(30.225,19.525,1.6));
#8624 = DIRECTION('',(1.,0.,0.));
#8625 = DIRECTION('',(0.,0.,1.));
#8626 = ADVANCED_FACE('',(#8627),#8643,.F.);
#8627 = FACE_BOUND('',#8628,.F.);
#8628 = EDGE_LOOP('',(#8629,#8635,#8636,#8642));
#8629 = ORIENTED_EDGE('',*,*,#8630,.F.);
#8630 = EDGE_CURVE('',#8551,#8591,#8631,.T.);
#8631 = LINE('',#8632,#8633);
#8632 = CARTESIAN_POINT('',(29.325,19.525,1.6));
#8633 = VECTOR('',#8634,1.);
#8634 = DIRECTION('',(1.,0.,0.));
#8635 = ORIENTED_EDGE('',*,*,#8550,.T.);
#8636 = ORIENTED_EDGE('',*,*,#8637,.T.);
#8637 = EDGE_CURVE('',#8553,#8593,#8638,.T.);
#8638 = LINE('',#8639,#8640);
#8639 = CARTESIAN_POINT('',(29.325,19.525,1.635));
#8640 = VECTOR('',#8641,1.);
#8641 = DIRECTION('',(1.,0.,0.));
#8642 = ORIENTED_EDGE('',*,*,#8590,.F.);
#8643 = PLANE('',#8644);
#8644 = AXIS2_PLACEMENT_3D('',#8645,#8646,#8647);
#8645 = CARTESIAN_POINT('',(29.325,19.525,1.6));
#8646 = DIRECTION('',(0.,1.,0.));
#8647 = DIRECTION('',(0.,0.,1.));
#8648 = ADVANCED_FACE('',(#8649),#8665,.T.);
#8649 = FACE_BOUND('',#8650,.T.);
#8650 = EDGE_LOOP('',(#8651,#8657,#8658,#8664));
#8651 = ORIENTED_EDGE('',*,*,#8652,.F.);
#8652 = EDGE_CURVE('',#8561,#8601,#8653,.T.);
#8653 = LINE('',#8654,#8655);
#8654 = CARTESIAN_POINT('',(29.325,20.475,1.6));
#8655 = VECTOR('',#8656,1.);
#8656 = DIRECTION('',(1.,0.,0.));
#8657 = ORIENTED_EDGE('',*,*,#8568,.T.);
#8658 = ORIENTED_EDGE('',*,*,#8659,.T.);
#8659 = EDGE_CURVE('',#8569,#8609,#8660,.T.);
#8660 = LINE('',#8661,#8662);
#8661 = CARTESIAN_POINT('',(29.325,20.475,1.635));
#8662 = VECTOR('',#8663,1.);
#8663 = DIRECTION('',(1.,0.,0.));
#8664 = ORIENTED_EDGE('',*,*,#8608,.F.);
#8665 = PLANE('',#8666);
#8666 = AXIS2_PLACEMENT_3D('',#8667,#8668,#8669);
#8667 = CARTESIAN_POINT('',(29.325,20.475,1.6));
#8668 = DIRECTION('',(0.,1.,0.));
#8669 = DIRECTION('',(0.,0.,1.));
#8670 = ADVANCED_FACE('',(#8671),#8677,.F.);
#8671 = FACE_BOUND('',#8672,.F.);
#8672 = EDGE_LOOP('',(#8673,#8674,#8675,#8676));
#8673 = ORIENTED_EDGE('',*,*,#8560,.F.);
#8674 = ORIENTED_EDGE('',*,*,#8630,.T.);
#8675 = ORIENTED_EDGE('',*,*,#8600,.T.);
#8676 = ORIENTED_EDGE('',*,*,#8652,.F.);
#8677 = PLANE('',#8678);
#8678 = AXIS2_PLACEMENT_3D('',#8679,#8680,#8681);
#8679 = CARTESIAN_POINT('',(29.325,19.525,1.6));
#8680 = DIRECTION('',(0.,0.,1.));
#8681 = DIRECTION('',(1.,0.,0.));
#8682 = ADVANCED_FACE('',(#8683),#8689,.T.);
#8683 = FACE_BOUND('',#8684,.T.);
#8684 = EDGE_LOOP('',(#8685,#8686,#8687,#8688));
#8685 = ORIENTED_EDGE('',*,*,#8576,.F.);
#8686 = ORIENTED_EDGE('',*,*,#8637,.T.);
#8687 = ORIENTED_EDGE('',*,*,#8616,.T.);
#8688 = ORIENTED_EDGE('',*,*,#8659,.F.);
#8689 = PLANE('',#8690);
#8690 = AXIS2_PLACEMENT_3D('',#8691,#8692,#8693);
#8691 = CARTESIAN_POINT('',(29.325,19.525,1.635));
#8692 = DIRECTION('',(0.,0.,1.));
#8693 = DIRECTION('',(1.,0.,0.));
#8694 = MANIFOLD_SOLID_BREP('',#8695);
#8695 = CLOSED_SHELL('',(#8696,#8736,#8776,#8798,#8820,#8832));
#8696 = ADVANCED_FACE('',(#8697),#8731,.F.);
#8697 = FACE_BOUND('',#8698,.F.);
#8698 = EDGE_LOOP('',(#8699,#8709,#8717,#8725));
#8699 = ORIENTED_EDGE('',*,*,#8700,.F.);
#8700 = EDGE_CURVE('',#8701,#8703,#8705,.T.);
#8701 = VERTEX_POINT('',#8702);
#8702 = CARTESIAN_POINT('',(17.15,31.55,1.6));
#8703 = VERTEX_POINT('',#8704);
#8704 = CARTESIAN_POINT('',(17.15,31.55,2.5));
#8705 = LINE('',#8706,#8707);
#8706 = CARTESIAN_POINT('',(17.15,31.55,1.6));
#8707 = VECTOR('',#8708,1.);
#8708 = DIRECTION('',(0.,0.,1.));
#8709 = ORIENTED_EDGE('',*,*,#8710,.T.);
#8710 = EDGE_CURVE('',#8701,#8711,#8713,.T.);
#8711 = VERTEX_POINT('',#8712);
#8712 = CARTESIAN_POINT('',(17.15,32.45,1.6));
#8713 = LINE('',#8714,#8715);
#8714 = CARTESIAN_POINT('',(17.15,31.55,1.6));
#8715 = VECTOR('',#8716,1.);
#8716 = DIRECTION('',(0.,1.,0.));
#8717 = ORIENTED_EDGE('',*,*,#8718,.T.);
#8718 = EDGE_CURVE('',#8711,#8719,#8721,.T.);
#8719 = VERTEX_POINT('',#8720);
#8720 = CARTESIAN_POINT('',(17.15,32.45,2.5));
#8721 = LINE('',#8722,#8723);
#8722 = CARTESIAN_POINT('',(17.15,32.45,1.6));
#8723 = VECTOR('',#8724,1.);
#8724 = DIRECTION('',(0.,0.,1.));
#8725 = ORIENTED_EDGE('',*,*,#8726,.F.);
#8726 = EDGE_CURVE('',#8703,#8719,#8727,.T.);
#8727 = LINE('',#8728,#8729);
#8728 = CARTESIAN_POINT('',(17.15,31.55,2.5));
#8729 = VECTOR('',#8730,1.);
#8730 = DIRECTION('',(0.,1.,0.));
#8731 = PLANE('',#8732);
#8732 = AXIS2_PLACEMENT_3D('',#8733,#8734,#8735);
#8733 = CARTESIAN_POINT('',(17.15,31.55,1.6));
#8734 = DIRECTION('',(1.,0.,0.));
#8735 = DIRECTION('',(0.,0.,1.));
#8736 = ADVANCED_FACE('',(#8737),#8771,.T.);
#8737 = FACE_BOUND('',#8738,.T.);
#8738 = EDGE_LOOP('',(#8739,#8749,#8757,#8765));
#8739 = ORIENTED_EDGE('',*,*,#8740,.F.);
#8740 = EDGE_CURVE('',#8741,#8743,#8745,.T.);
#8741 = VERTEX_POINT('',#8742);
#8742 = CARTESIAN_POINT('',(18.85,31.55,1.6));
#8743 = VERTEX_POINT('',#8744);
#8744 = CARTESIAN_POINT('',(18.85,31.55,2.5));
#8745 = LINE('',#8746,#8747);
#8746 = CARTESIAN_POINT('',(18.85,31.55,1.6));
#8747 = VECTOR('',#8748,1.);
#8748 = DIRECTION('',(0.,0.,1.));
#8749 = ORIENTED_EDGE('',*,*,#8750,.T.);
#8750 = EDGE_CURVE('',#8741,#8751,#8753,.T.);
#8751 = VERTEX_POINT('',#8752);
#8752 = CARTESIAN_POINT('',(18.85,32.45,1.6));
#8753 = LINE('',#8754,#8755);
#8754 = CARTESIAN_POINT('',(18.85,31.55,1.6));
#8755 = VECTOR('',#8756,1.);
#8756 = DIRECTION('',(0.,1.,0.));
#8757 = ORIENTED_EDGE('',*,*,#8758,.T.);
#8758 = EDGE_CURVE('',#8751,#8759,#8761,.T.);
#8759 = VERTEX_POINT('',#8760);
#8760 = CARTESIAN_POINT('',(18.85,32.45,2.5));
#8761 = LINE('',#8762,#8763);
#8762 = CARTESIAN_POINT('',(18.85,32.45,1.6));
#8763 = VECTOR('',#8764,1.);
#8764 = DIRECTION('',(0.,0.,1.));
#8765 = ORIENTED_EDGE('',*,*,#8766,.F.);
#8766 = EDGE_CURVE('',#8743,#8759,#8767,.T.);
#8767 = LINE('',#8768,#8769);
#8768 = CARTESIAN_POINT('',(18.85,31.55,2.5));
#8769 = VECTOR('',#8770,1.);
#8770 = DIRECTION('',(0.,1.,0.));
#8771 = PLANE('',#8772);
#8772 = AXIS2_PLACEMENT_3D('',#8773,#8774,#8775);
#8773 = CARTESIAN_POINT('',(18.85,31.55,1.6));
#8774 = DIRECTION('',(1.,0.,0.));
#8775 = DIRECTION('',(0.,0.,1.));
#8776 = ADVANCED_FACE('',(#8777),#8793,.F.);
#8777 = FACE_BOUND('',#8778,.F.);
#8778 = EDGE_LOOP('',(#8779,#8785,#8786,#8792));
#8779 = ORIENTED_EDGE('',*,*,#8780,.F.);
#8780 = EDGE_CURVE('',#8701,#8741,#8781,.T.);
#8781 = LINE('',#8782,#8783);
#8782 = CARTESIAN_POINT('',(17.15,31.55,1.6));
#8783 = VECTOR('',#8784,1.);
#8784 = DIRECTION('',(1.,0.,0.));
#8785 = ORIENTED_EDGE('',*,*,#8700,.T.);
#8786 = ORIENTED_EDGE('',*,*,#8787,.T.);
#8787 = EDGE_CURVE('',#8703,#8743,#8788,.T.);
#8788 = LINE('',#8789,#8790);
#8789 = CARTESIAN_POINT('',(17.15,31.55,2.5));
#8790 = VECTOR('',#8791,1.);
#8791 = DIRECTION('',(1.,0.,0.));
#8792 = ORIENTED_EDGE('',*,*,#8740,.F.);
#8793 = PLANE('',#8794);
#8794 = AXIS2_PLACEMENT_3D('',#8795,#8796,#8797);
#8795 = CARTESIAN_POINT('',(17.15,31.55,1.6));
#8796 = DIRECTION('',(0.,1.,0.));
#8797 = DIRECTION('',(0.,0.,1.));
#8798 = ADVANCED_FACE('',(#8799),#8815,.T.);
#8799 = FACE_BOUND('',#8800,.T.);
#8800 = EDGE_LOOP('',(#8801,#8807,#8808,#8814));
#8801 = ORIENTED_EDGE('',*,*,#8802,.F.);
#8802 = EDGE_CURVE('',#8711,#8751,#8803,.T.);
#8803 = LINE('',#8804,#8805);
#8804 = CARTESIAN_POINT('',(17.15,32.45,1.6));
#8805 = VECTOR('',#8806,1.);
#8806 = DIRECTION('',(1.,0.,0.));
#8807 = ORIENTED_EDGE('',*,*,#8718,.T.);
#8808 = ORIENTED_EDGE('',*,*,#8809,.T.);
#8809 = EDGE_CURVE('',#8719,#8759,#8810,.T.);
#8810 = LINE('',#8811,#8812);
#8811 = CARTESIAN_POINT('',(17.15,32.45,2.5));
#8812 = VECTOR('',#8813,1.);
#8813 = DIRECTION('',(1.,0.,0.));
#8814 = ORIENTED_EDGE('',*,*,#8758,.F.);
#8815 = PLANE('',#8816);
#8816 = AXIS2_PLACEMENT_3D('',#8817,#8818,#8819);
#8817 = CARTESIAN_POINT('',(17.15,32.45,1.6));
#8818 = DIRECTION('',(0.,1.,0.));
#8819 = DIRECTION('',(0.,0.,1.));
#8820 = ADVANCED_FACE('',(#8821),#8827,.F.);
#8821 = FACE_BOUND('',#8822,.F.);
#8822 = EDGE_LOOP('',(#8823,#8824,#8825,#8826));
#8823 = ORIENTED_EDGE('',*,*,#8710,.F.);
#8824 = ORIENTED_EDGE('',*,*,#8780,.T.);
#8825 = ORIENTED_EDGE('',*,*,#8750,.T.);
#8826 = ORIENTED_EDGE('',*,*,#8802,.F.);
#8827 = PLANE('',#8828);
#8828 = AXIS2_PLACEMENT_3D('',#8829,#8830,#8831);
#8829 = CARTESIAN_POINT('',(17.15,31.55,1.6));
#8830 = DIRECTION('',(0.,0.,1.));
#8831 = DIRECTION('',(1.,0.,0.));
#8832 = ADVANCED_FACE('',(#8833),#8839,.T.);
#8833 = FACE_BOUND('',#8834,.T.);
#8834 = EDGE_LOOP('',(#8835,#8836,#8837,#8838));
#8835 = ORIENTED_EDGE('',*,*,#8726,.F.);
#8836 = ORIENTED_EDGE('',*,*,#8787,.T.);
#8837 = ORIENTED_EDGE('',*,*,#8766,.T.);
#8838 = ORIENTED_EDGE('',*,*,#8809,.F.);
#8839 = PLANE('',#8840);
#8840 = AXIS2_PLACEMENT_3D('',#8841,#8842,#8843);
#8841 = CARTESIAN_POINT('',(17.15,31.55,2.5));
#8842 = DIRECTION('',(0.,0.,1.));
#8843 = DIRECTION('',(1.,0.,0.));
#8844 = MANIFOLD_SOLID_BREP('',#8845);
#8845 = CLOSED_SHELL('',(#8846,#8886,#8926,#8948,#8970,#8982));
#8846 = ADVANCED_FACE('',(#8847),#8881,.F.);
#8847 = FACE_BOUND('',#8848,.F.);
#8848 = EDGE_LOOP('',(#8849,#8859,#8867,#8875));
#8849 = ORIENTED_EDGE('',*,*,#8850,.F.);
#8850 = EDGE_CURVE('',#8851,#8853,#8855,.T.);
#8851 = VERTEX_POINT('',#8852);
#8852 = CARTESIAN_POINT('',(16.775,31.525,1.6));
#8853 = VERTEX_POINT('',#8854);
#8854 = CARTESIAN_POINT('',(16.775,31.525,1.635));
#8855 = LINE('',#8856,#8857);
#8856 = CARTESIAN_POINT('',(16.775,31.525,1.6));
#8857 = VECTOR('',#8858,1.);
#8858 = DIRECTION('',(0.,0.,1.));
#8859 = ORIENTED_EDGE('',*,*,#8860,.T.);
#8860 = EDGE_CURVE('',#8851,#8861,#8863,.T.);
#8861 = VERTEX_POINT('',#8862);
#8862 = CARTESIAN_POINT('',(16.775,32.475,1.6));
#8863 = LINE('',#8864,#8865);
#8864 = CARTESIAN_POINT('',(16.775,31.525,1.6));
#8865 = VECTOR('',#8866,1.);
#8866 = DIRECTION('',(0.,1.,0.));
#8867 = ORIENTED_EDGE('',*,*,#8868,.T.);
#8868 = EDGE_CURVE('',#8861,#8869,#8871,.T.);
#8869 = VERTEX_POINT('',#8870);
#8870 = CARTESIAN_POINT('',(16.775,32.475,1.635));
#8871 = LINE('',#8872,#8873);
#8872 = CARTESIAN_POINT('',(16.775,32.475,1.6));
#8873 = VECTOR('',#8874,1.);
#8874 = DIRECTION('',(0.,0.,1.));
#8875 = ORIENTED_EDGE('',*,*,#8876,.F.);
#8876 = EDGE_CURVE('',#8853,#8869,#8877,.T.);
#8877 = LINE('',#8878,#8879);
#8878 = CARTESIAN_POINT('',(16.775,31.525,1.635));
#8879 = VECTOR('',#8880,1.);
#8880 = DIRECTION('',(0.,1.,0.));
#8881 = PLANE('',#8882);
#8882 = AXIS2_PLACEMENT_3D('',#8883,#8884,#8885);
#8883 = CARTESIAN_POINT('',(16.775,31.525,1.6));
#8884 = DIRECTION('',(1.,0.,0.));
#8885 = DIRECTION('',(0.,0.,1.));
#8886 = ADVANCED_FACE('',(#8887),#8921,.T.);
#8887 = FACE_BOUND('',#8888,.T.);
#8888 = EDGE_LOOP('',(#8889,#8899,#8907,#8915));
#8889 = ORIENTED_EDGE('',*,*,#8890,.F.);
#8890 = EDGE_CURVE('',#8891,#8893,#8895,.T.);
#8891 = VERTEX_POINT('',#8892);
#8892 = CARTESIAN_POINT('',(17.675,31.525,1.6));
#8893 = VERTEX_POINT('',#8894);
#8894 = CARTESIAN_POINT('',(17.675,31.525,1.635));
#8895 = LINE('',#8896,#8897);
#8896 = CARTESIAN_POINT('',(17.675,31.525,1.6));
#8897 = VECTOR('',#8898,1.);
#8898 = DIRECTION('',(0.,0.,1.));
#8899 = ORIENTED_EDGE('',*,*,#8900,.T.);
#8900 = EDGE_CURVE('',#8891,#8901,#8903,.T.);
#8901 = VERTEX_POINT('',#8902);
#8902 = CARTESIAN_POINT('',(17.675,32.475,1.6));
#8903 = LINE('',#8904,#8905);
#8904 = CARTESIAN_POINT('',(17.675,31.525,1.6));
#8905 = VECTOR('',#8906,1.);
#8906 = DIRECTION('',(0.,1.,0.));
#8907 = ORIENTED_EDGE('',*,*,#8908,.T.);
#8908 = EDGE_CURVE('',#8901,#8909,#8911,.T.);
#8909 = VERTEX_POINT('',#8910);
#8910 = CARTESIAN_POINT('',(17.675,32.475,1.635));
#8911 = LINE('',#8912,#8913);
#8912 = CARTESIAN_POINT('',(17.675,32.475,1.6));
#8913 = VECTOR('',#8914,1.);
#8914 = DIRECTION('',(0.,0.,1.));
#8915 = ORIENTED_EDGE('',*,*,#8916,.F.);
#8916 = EDGE_CURVE('',#8893,#8909,#8917,.T.);
#8917 = LINE('',#8918,#8919);
#8918 = CARTESIAN_POINT('',(17.675,31.525,1.635));
#8919 = VECTOR('',#8920,1.);
#8920 = DIRECTION('',(0.,1.,0.));
#8921 = PLANE('',#8922);
#8922 = AXIS2_PLACEMENT_3D('',#8923,#8924,#8925);
#8923 = CARTESIAN_POINT('',(17.675,31.525,1.6));
#8924 = DIRECTION('',(1.,0.,0.));
#8925 = DIRECTION('',(0.,0.,1.));
#8926 = ADVANCED_FACE('',(#8927),#8943,.F.);
#8927 = FACE_BOUND('',#8928,.F.);
#8928 = EDGE_LOOP('',(#8929,#8935,#8936,#8942));
#8929 = ORIENTED_EDGE('',*,*,#8930,.F.);
#8930 = EDGE_CURVE('',#8851,#8891,#8931,.T.);
#8931 = LINE('',#8932,#8933);
#8932 = CARTESIAN_POINT('',(16.775,31.525,1.6));
#8933 = VECTOR('',#8934,1.);
#8934 = DIRECTION('',(1.,0.,0.));
#8935 = ORIENTED_EDGE('',*,*,#8850,.T.);
#8936 = ORIENTED_EDGE('',*,*,#8937,.T.);
#8937 = EDGE_CURVE('',#8853,#8893,#8938,.T.);
#8938 = LINE('',#8939,#8940);
#8939 = CARTESIAN_POINT('',(16.775,31.525,1.635));
#8940 = VECTOR('',#8941,1.);
#8941 = DIRECTION('',(1.,0.,0.));
#8942 = ORIENTED_EDGE('',*,*,#8890,.F.);
#8943 = PLANE('',#8944);
#8944 = AXIS2_PLACEMENT_3D('',#8945,#8946,#8947);
#8945 = CARTESIAN_POINT('',(16.775,31.525,1.6));
#8946 = DIRECTION('',(0.,1.,0.));
#8947 = DIRECTION('',(0.,0.,1.));
#8948 = ADVANCED_FACE('',(#8949),#8965,.T.);
#8949 = FACE_BOUND('',#8950,.T.);
#8950 = EDGE_LOOP('',(#8951,#8957,#8958,#8964));
#8951 = ORIENTED_EDGE('',*,*,#8952,.F.);
#8952 = EDGE_CURVE('',#8861,#8901,#8953,.T.);
#8953 = LINE('',#8954,#8955);
#8954 = CARTESIAN_POINT('',(16.775,32.475,1.6));
#8955 = VECTOR('',#8956,1.);
#8956 = DIRECTION('',(1.,0.,0.));
#8957 = ORIENTED_EDGE('',*,*,#8868,.T.);
#8958 = ORIENTED_EDGE('',*,*,#8959,.T.);
#8959 = EDGE_CURVE('',#8869,#8909,#8960,.T.);
#8960 = LINE('',#8961,#8962);
#8961 = CARTESIAN_POINT('',(16.775,32.475,1.635));
#8962 = VECTOR('',#8963,1.);
#8963 = DIRECTION('',(1.,0.,0.));
#8964 = ORIENTED_EDGE('',*,*,#8908,.F.);
#8965 = PLANE('',#8966);
#8966 = AXIS2_PLACEMENT_3D('',#8967,#8968,#8969);
#8967 = CARTESIAN_POINT('',(16.775,32.475,1.6));
#8968 = DIRECTION('',(0.,1.,0.));
#8969 = DIRECTION('',(0.,0.,1.));
#8970 = ADVANCED_FACE('',(#8971),#8977,.F.);
#8971 = FACE_BOUND('',#8972,.F.);
#8972 = EDGE_LOOP('',(#8973,#8974,#8975,#8976));
#8973 = ORIENTED_EDGE('',*,*,#8860,.F.);
#8974 = ORIENTED_EDGE('',*,*,#8930,.T.);
#8975 = ORIENTED_EDGE('',*,*,#8900,.T.);
#8976 = ORIENTED_EDGE('',*,*,#8952,.F.);
#8977 = PLANE('',#8978);
#8978 = AXIS2_PLACEMENT_3D('',#8979,#8980,#8981);
#8979 = CARTESIAN_POINT('',(16.775,31.525,1.6));
#8980 = DIRECTION('',(0.,0.,1.));
#8981 = DIRECTION('',(1.,0.,0.));
#8982 = ADVANCED_FACE('',(#8983),#8989,.T.);
#8983 = FACE_BOUND('',#8984,.T.);
#8984 = EDGE_LOOP('',(#8985,#8986,#8987,#8988));
#8985 = ORIENTED_EDGE('',*,*,#8876,.F.);
#8986 = ORIENTED_EDGE('',*,*,#8937,.T.);
#8987 = ORIENTED_EDGE('',*,*,#8916,.T.);
#8988 = ORIENTED_EDGE('',*,*,#8959,.F.);
#8989 = PLANE('',#8990);
#8990 = AXIS2_PLACEMENT_3D('',#8991,#8992,#8993);
#8991 = CARTESIAN_POINT('',(16.775,31.525,1.635));
#8992 = DIRECTION('',(0.,0.,1.));
#8993 = DIRECTION('',(1.,0.,0.));
#8994 = MANIFOLD_SOLID_BREP('',#8995);
#8995 = CLOSED_SHELL('',(#8996,#9036,#9076,#9098,#9120,#9132));
#8996 = ADVANCED_FACE('',(#8997),#9031,.F.);
#8997 = FACE_BOUND('',#8998,.F.);
#8998 = EDGE_LOOP('',(#8999,#9009,#9017,#9025));
#8999 = ORIENTED_EDGE('',*,*,#9000,.F.);
#9000 = EDGE_CURVE('',#9001,#9003,#9005,.T.);
#9001 = VERTEX_POINT('',#9002);
#9002 = CARTESIAN_POINT('',(18.325,31.525,1.6));
#9003 = VERTEX_POINT('',#9004);
#9004 = CARTESIAN_POINT('',(18.325,31.525,1.635));
#9005 = LINE('',#9006,#9007);
#9006 = CARTESIAN_POINT('',(18.325,31.525,1.6));
#9007 = VECTOR('',#9008,1.);
#9008 = DIRECTION('',(0.,0.,1.));
#9009 = ORIENTED_EDGE('',*,*,#9010,.T.);
#9010 = EDGE_CURVE('',#9001,#9011,#9013,.T.);
#9011 = VERTEX_POINT('',#9012);
#9012 = CARTESIAN_POINT('',(18.325,32.475,1.6));
#9013 = LINE('',#9014,#9015);
#9014 = CARTESIAN_POINT('',(18.325,31.525,1.6));
#9015 = VECTOR('',#9016,1.);
#9016 = DIRECTION('',(0.,1.,0.));
#9017 = ORIENTED_EDGE('',*,*,#9018,.T.);
#9018 = EDGE_CURVE('',#9011,#9019,#9021,.T.);
#9019 = VERTEX_POINT('',#9020);
#9020 = CARTESIAN_POINT('',(18.325,32.475,1.635));
#9021 = LINE('',#9022,#9023);
#9022 = CARTESIAN_POINT('',(18.325,32.475,1.6));
#9023 = VECTOR('',#9024,1.);
#9024 = DIRECTION('',(0.,0.,1.));
#9025 = ORIENTED_EDGE('',*,*,#9026,.F.);
#9026 = EDGE_CURVE('',#9003,#9019,#9027,.T.);
#9027 = LINE('',#9028,#9029);
#9028 = CARTESIAN_POINT('',(18.325,31.525,1.635));
#9029 = VECTOR('',#9030,1.);
#9030 = DIRECTION('',(0.,1.,0.));
#9031 = PLANE('',#9032);
#9032 = AXIS2_PLACEMENT_3D('',#9033,#9034,#9035);
#9033 = CARTESIAN_POINT('',(18.325,31.525,1.6));
#9034 = DIRECTION('',(1.,0.,0.));
#9035 = DIRECTION('',(0.,0.,1.));
#9036 = ADVANCED_FACE('',(#9037),#9071,.T.);
#9037 = FACE_BOUND('',#9038,.T.);
#9038 = EDGE_LOOP('',(#9039,#9049,#9057,#9065));
#9039 = ORIENTED_EDGE('',*,*,#9040,.F.);
#9040 = EDGE_CURVE('',#9041,#9043,#9045,.T.);
#9041 = VERTEX_POINT('',#9042);
#9042 = CARTESIAN_POINT('',(19.225,31.525,1.6));
#9043 = VERTEX_POINT('',#9044);
#9044 = CARTESIAN_POINT('',(19.225,31.525,1.635));
#9045 = LINE('',#9046,#9047);
#9046 = CARTESIAN_POINT('',(19.225,31.525,1.6));
#9047 = VECTOR('',#9048,1.);
#9048 = DIRECTION('',(0.,0.,1.));
#9049 = ORIENTED_EDGE('',*,*,#9050,.T.);
#9050 = EDGE_CURVE('',#9041,#9051,#9053,.T.);
#9051 = VERTEX_POINT('',#9052);
#9052 = CARTESIAN_POINT('',(19.225,32.475,1.6));
#9053 = LINE('',#9054,#9055);
#9054 = CARTESIAN_POINT('',(19.225,31.525,1.6));
#9055 = VECTOR('',#9056,1.);
#9056 = DIRECTION('',(0.,1.,0.));
#9057 = ORIENTED_EDGE('',*,*,#9058,.T.);
#9058 = EDGE_CURVE('',#9051,#9059,#9061,.T.);
#9059 = VERTEX_POINT('',#9060);
#9060 = CARTESIAN_POINT('',(19.225,32.475,1.635));
#9061 = LINE('',#9062,#9063);
#9062 = CARTESIAN_POINT('',(19.225,32.475,1.6));
#9063 = VECTOR('',#9064,1.);
#9064 = DIRECTION('',(0.,0.,1.));
#9065 = ORIENTED_EDGE('',*,*,#9066,.F.);
#9066 = EDGE_CURVE('',#9043,#9059,#9067,.T.);
#9067 = LINE('',#9068,#9069);
#9068 = CARTESIAN_POINT('',(19.225,31.525,1.635));
#9069 = VECTOR('',#9070,1.);
#9070 = DIRECTION('',(0.,1.,0.));
#9071 = PLANE('',#9072);
#9072 = AXIS2_PLACEMENT_3D('',#9073,#9074,#9075);
#9073 = CARTESIAN_POINT('',(19.225,31.525,1.6));
#9074 = DIRECTION('',(1.,0.,0.));
#9075 = DIRECTION('',(0.,0.,1.));
#9076 = ADVANCED_FACE('',(#9077),#9093,.F.);
#9077 = FACE_BOUND('',#9078,.F.);
#9078 = EDGE_LOOP('',(#9079,#9085,#9086,#9092));
#9079 = ORIENTED_EDGE('',*,*,#9080,.F.);
#9080 = EDGE_CURVE('',#9001,#9041,#9081,.T.);
#9081 = LINE('',#9082,#9083);
#9082 = CARTESIAN_POINT('',(18.325,31.525,1.6));
#9083 = VECTOR('',#9084,1.);
#9084 = DIRECTION('',(1.,0.,0.));
#9085 = ORIENTED_EDGE('',*,*,#9000,.T.);
#9086 = ORIENTED_EDGE('',*,*,#9087,.T.);
#9087 = EDGE_CURVE('',#9003,#9043,#9088,.T.);
#9088 = LINE('',#9089,#9090);
#9089 = CARTESIAN_POINT('',(18.325,31.525,1.635));
#9090 = VECTOR('',#9091,1.);
#9091 = DIRECTION('',(1.,0.,0.));
#9092 = ORIENTED_EDGE('',*,*,#9040,.F.);
#9093 = PLANE('',#9094);
#9094 = AXIS2_PLACEMENT_3D('',#9095,#9096,#9097);
#9095 = CARTESIAN_POINT('',(18.325,31.525,1.6));
#9096 = DIRECTION('',(0.,1.,0.));
#9097 = DIRECTION('',(0.,0.,1.));
#9098 = ADVANCED_FACE('',(#9099),#9115,.T.);
#9099 = FACE_BOUND('',#9100,.T.);
#9100 = EDGE_LOOP('',(#9101,#9107,#9108,#9114));
#9101 = ORIENTED_EDGE('',*,*,#9102,.F.);
#9102 = EDGE_CURVE('',#9011,#9051,#9103,.T.);
#9103 = LINE('',#9104,#9105);
#9104 = CARTESIAN_POINT('',(18.325,32.475,1.6));
#9105 = VECTOR('',#9106,1.);
#9106 = DIRECTION('',(1.,0.,0.));
#9107 = ORIENTED_EDGE('',*,*,#9018,.T.);
#9108 = ORIENTED_EDGE('',*,*,#9109,.T.);
#9109 = EDGE_CURVE('',#9019,#9059,#9110,.T.);
#9110 = LINE('',#9111,#9112);
#9111 = CARTESIAN_POINT('',(18.325,32.475,1.635));
#9112 = VECTOR('',#9113,1.);
#9113 = DIRECTION('',(1.,0.,0.));
#9114 = ORIENTED_EDGE('',*,*,#9058,.F.);
#9115 = PLANE('',#9116);
#9116 = AXIS2_PLACEMENT_3D('',#9117,#9118,#9119);
#9117 = CARTESIAN_POINT('',(18.325,32.475,1.6));
#9118 = DIRECTION('',(0.,1.,0.));
#9119 = DIRECTION('',(0.,0.,1.));
#9120 = ADVANCED_FACE('',(#9121),#9127,.F.);
#9121 = FACE_BOUND('',#9122,.F.);
#9122 = EDGE_LOOP('',(#9123,#9124,#9125,#9126));
#9123 = ORIENTED_EDGE('',*,*,#9010,.F.);
#9124 = ORIENTED_EDGE('',*,*,#9080,.T.);
#9125 = ORIENTED_EDGE('',*,*,#9050,.T.);
#9126 = ORIENTED_EDGE('',*,*,#9102,.F.);
#9127 = PLANE('',#9128);
#9128 = AXIS2_PLACEMENT_3D('',#9129,#9130,#9131);
#9129 = CARTESIAN_POINT('',(18.325,31.525,1.6));
#9130 = DIRECTION('',(0.,0.,1.));
#9131 = DIRECTION('',(1.,0.,0.));
#9132 = ADVANCED_FACE('',(#9133),#9139,.T.);
#9133 = FACE_BOUND('',#9134,.T.);
#9134 = EDGE_LOOP('',(#9135,#9136,#9137,#9138));
#9135 = ORIENTED_EDGE('',*,*,#9026,.F.);
#9136 = ORIENTED_EDGE('',*,*,#9087,.T.);
#9137 = ORIENTED_EDGE('',*,*,#9066,.T.);
#9138 = ORIENTED_EDGE('',*,*,#9109,.F.);
#9139 = PLANE('',#9140);
#9140 = AXIS2_PLACEMENT_3D('',#9141,#9142,#9143);
#9141 = CARTESIAN_POINT('',(18.325,31.525,1.635));
#9142 = DIRECTION('',(0.,0.,1.));
#9143 = DIRECTION('',(1.,0.,0.));
#9144 = MANIFOLD_SOLID_BREP('',#9145);
#9145 = CLOSED_SHELL('',(#9146,#9186,#9226,#9248,#9270,#9282));
#9146 = ADVANCED_FACE('',(#9147),#9181,.F.);
#9147 = FACE_BOUND('',#9148,.F.);
#9148 = EDGE_LOOP('',(#9149,#9159,#9167,#9175));
#9149 = ORIENTED_EDGE('',*,*,#9150,.F.);
#9150 = EDGE_CURVE('',#9151,#9153,#9155,.T.);
#9151 = VERTEX_POINT('',#9152);
#9152 = CARTESIAN_POINT('',(16.3,25.5,1.6));
#9153 = VERTEX_POINT('',#9154);
#9154 = CARTESIAN_POINT('',(16.3,25.5,2.7));
#9155 = LINE('',#9156,#9157);
#9156 = CARTESIAN_POINT('',(16.3,25.5,1.6));
#9157 = VECTOR('',#9158,1.);
#9158 = DIRECTION('',(0.,0.,1.));
#9159 = ORIENTED_EDGE('',*,*,#9160,.T.);
#9160 = EDGE_CURVE('',#9151,#9161,#9163,.T.);
#9161 = VERTEX_POINT('',#9162);
#9162 = CARTESIAN_POINT('',(16.3,28.5,1.6));
#9163 = LINE('',#9164,#9165);
#9164 = CARTESIAN_POINT('',(16.3,25.5,1.6));
#9165 = VECTOR('',#9166,1.);
#9166 = DIRECTION('',(0.,1.,0.));
#9167 = ORIENTED_EDGE('',*,*,#9168,.T.);
#9168 = EDGE_CURVE('',#9161,#9169,#9171,.T.);
#9169 = VERTEX_POINT('',#9170);
#9170 = CARTESIAN_POINT('',(16.3,28.5,2.7));
#9171 = LINE('',#9172,#9173);
#9172 = CARTESIAN_POINT('',(16.3,28.5,1.6));
#9173 = VECTOR('',#9174,1.);
#9174 = DIRECTION('',(0.,0.,1.));
#9175 = ORIENTED_EDGE('',*,*,#9176,.F.);
#9176 = EDGE_CURVE('',#9153,#9169,#9177,.T.);
#9177 = LINE('',#9178,#9179);
#9178 = CARTESIAN_POINT('',(16.3,25.5,2.7));
#9179 = VECTOR('',#9180,1.);
#9180 = DIRECTION('',(0.,1.,0.));
#9181 = PLANE('',#9182);
#9182 = AXIS2_PLACEMENT_3D('',#9183,#9184,#9185);
#9183 = CARTESIAN_POINT('',(16.3,25.5,1.6));
#9184 = DIRECTION('',(1.,0.,0.));
#9185 = DIRECTION('',(0.,0.,1.));
#9186 = ADVANCED_FACE('',(#9187),#9221,.T.);
#9187 = FACE_BOUND('',#9188,.T.);
#9188 = EDGE_LOOP('',(#9189,#9199,#9207,#9215));
#9189 = ORIENTED_EDGE('',*,*,#9190,.F.);
#9190 = EDGE_CURVE('',#9191,#9193,#9195,.T.);
#9191 = VERTEX_POINT('',#9192);
#9192 = CARTESIAN_POINT('',(17.7,25.5,1.6));
#9193 = VERTEX_POINT('',#9194);
#9194 = CARTESIAN_POINT('',(17.7,25.5,2.7));
#9195 = LINE('',#9196,#9197);
#9196 = CARTESIAN_POINT('',(17.7,25.5,1.6));
#9197 = VECTOR('',#9198,1.);
#9198 = DIRECTION('',(0.,0.,1.));
#9199 = ORIENTED_EDGE('',*,*,#9200,.T.);
#9200 = EDGE_CURVE('',#9191,#9201,#9203,.T.);
#9201 = VERTEX_POINT('',#9202);
#9202 = CARTESIAN_POINT('',(17.7,28.5,1.6));
#9203 = LINE('',#9204,#9205);
#9204 = CARTESIAN_POINT('',(17.7,25.5,1.6));
#9205 = VECTOR('',#9206,1.);
#9206 = DIRECTION('',(0.,1.,0.));
#9207 = ORIENTED_EDGE('',*,*,#9208,.T.);
#9208 = EDGE_CURVE('',#9201,#9209,#9211,.T.);
#9209 = VERTEX_POINT('',#9210);
#9210 = CARTESIAN_POINT('',(17.7,28.5,2.7));
#9211 = LINE('',#9212,#9213);
#9212 = CARTESIAN_POINT('',(17.7,28.5,1.6));
#9213 = VECTOR('',#9214,1.);
#9214 = DIRECTION('',(0.,0.,1.));
#9215 = ORIENTED_EDGE('',*,*,#9216,.F.);
#9216 = EDGE_CURVE('',#9193,#9209,#9217,.T.);
#9217 = LINE('',#9218,#9219);
#9218 = CARTESIAN_POINT('',(17.7,25.5,2.7));
#9219 = VECTOR('',#9220,1.);
#9220 = DIRECTION('',(0.,1.,0.));
#9221 = PLANE('',#9222);
#9222 = AXIS2_PLACEMENT_3D('',#9223,#9224,#9225);
#9223 = CARTESIAN_POINT('',(17.7,25.5,1.6));
#9224 = DIRECTION('',(1.,0.,0.));
#9225 = DIRECTION('',(0.,0.,1.));
#9226 = ADVANCED_FACE('',(#9227),#9243,.F.);
#9227 = FACE_BOUND('',#9228,.F.);
#9228 = EDGE_LOOP('',(#9229,#9235,#9236,#9242));
#9229 = ORIENTED_EDGE('',*,*,#9230,.F.);
#9230 = EDGE_CURVE('',#9151,#9191,#9231,.T.);
#9231 = LINE('',#9232,#9233);
#9232 = CARTESIAN_POINT('',(16.3,25.5,1.6));
#9233 = VECTOR('',#9234,1.);
#9234 = DIRECTION('',(1.,0.,0.));
#9235 = ORIENTED_EDGE('',*,*,#9150,.T.);
#9236 = ORIENTED_EDGE('',*,*,#9237,.T.);
#9237 = EDGE_CURVE('',#9153,#9193,#9238,.T.);
#9238 = LINE('',#9239,#9240);
#9239 = CARTESIAN_POINT('',(16.3,25.5,2.7));
#9240 = VECTOR('',#9241,1.);
#9241 = DIRECTION('',(1.,0.,0.));
#9242 = ORIENTED_EDGE('',*,*,#9190,.F.);
#9243 = PLANE('',#9244);
#9244 = AXIS2_PLACEMENT_3D('',#9245,#9246,#9247);
#9245 = CARTESIAN_POINT('',(16.3,25.5,1.6));
#9246 = DIRECTION('',(0.,1.,0.));
#9247 = DIRECTION('',(0.,0.,1.));
#9248 = ADVANCED_FACE('',(#9249),#9265,.T.);
#9249 = FACE_BOUND('',#9250,.T.);
#9250 = EDGE_LOOP('',(#9251,#9257,#9258,#9264));
#9251 = ORIENTED_EDGE('',*,*,#9252,.F.);
#9252 = EDGE_CURVE('',#9161,#9201,#9253,.T.);
#9253 = LINE('',#9254,#9255);
#9254 = CARTESIAN_POINT('',(16.3,28.5,1.6));
#9255 = VECTOR('',#9256,1.);
#9256 = DIRECTION('',(1.,0.,0.));
#9257 = ORIENTED_EDGE('',*,*,#9168,.T.);
#9258 = ORIENTED_EDGE('',*,*,#9259,.T.);
#9259 = EDGE_CURVE('',#9169,#9209,#9260,.T.);
#9260 = LINE('',#9261,#9262);
#9261 = CARTESIAN_POINT('',(16.3,28.5,2.7));
#9262 = VECTOR('',#9263,1.);
#9263 = DIRECTION('',(1.,0.,0.));
#9264 = ORIENTED_EDGE('',*,*,#9208,.F.);
#9265 = PLANE('',#9266);
#9266 = AXIS2_PLACEMENT_3D('',#9267,#9268,#9269);
#9267 = CARTESIAN_POINT('',(16.3,28.5,1.6));
#9268 = DIRECTION('',(0.,1.,0.));
#9269 = DIRECTION('',(0.,0.,1.));
#9270 = ADVANCED_FACE('',(#9271),#9277,.F.);
#9271 = FACE_BOUND('',#9272,.F.);
#9272 = EDGE_LOOP('',(#9273,#9274,#9275,#9276));
#9273 = ORIENTED_EDGE('',*,*,#9160,.F.);
#9274 = ORIENTED_EDGE('',*,*,#9230,.T.);
#9275 = ORIENTED_EDGE('',*,*,#9200,.T.);
#9276 = ORIENTED_EDGE('',*,*,#9252,.F.);
#9277 = PLANE('',#9278);
#9278 = AXIS2_PLACEMENT_3D('',#9279,#9280,#9281);
#9279 = CARTESIAN_POINT('',(16.3,25.5,1.6));
#9280 = DIRECTION('',(0.,0.,1.));
#9281 = DIRECTION('',(1.,0.,0.));
#9282 = ADVANCED_FACE('',(#9283),#9289,.T.);
#9283 = FACE_BOUND('',#9284,.T.);
#9284 = EDGE_LOOP('',(#9285,#9286,#9287,#9288));
#9285 = ORIENTED_EDGE('',*,*,#9176,.F.);
#9286 = ORIENTED_EDGE('',*,*,#9237,.T.);
#9287 = ORIENTED_EDGE('',*,*,#9216,.T.);
#9288 = ORIENTED_EDGE('',*,*,#9259,.F.);
#9289 = PLANE('',#9290);
#9290 = AXIS2_PLACEMENT_3D('',#9291,#9292,#9293);
#9291 = CARTESIAN_POINT('',(16.3,25.5,2.7));
#9292 = DIRECTION('',(0.,0.,1.));
#9293 = DIRECTION('',(1.,0.,0.));
#9294 = MANIFOLD_SOLID_BREP('',#9295);
#9295 = CLOSED_SHELL('',(#9296,#9336,#9376,#9398,#9420,#9432));
#9296 = ADVANCED_FACE('',(#9297),#9331,.F.);
#9297 = FACE_BOUND('',#9298,.F.);
#9298 = EDGE_LOOP('',(#9299,#9309,#9317,#9325));
#9299 = ORIENTED_EDGE('',*,*,#9300,.F.);
#9300 = EDGE_CURVE('',#9301,#9303,#9305,.T.);
#9301 = VERTEX_POINT('',#9302);
#9302 = CARTESIAN_POINT('',(15.325,27.65,1.6));
#9303 = VERTEX_POINT('',#9304);
#9304 = CARTESIAN_POINT('',(15.325,27.65,1.635));
#9305 = LINE('',#9306,#9307);
#9306 = CARTESIAN_POINT('',(15.325,27.65,1.6));
#9307 = VECTOR('',#9308,1.);
#9308 = DIRECTION('',(0.,0.,1.));
#9309 = ORIENTED_EDGE('',*,*,#9310,.T.);
#9310 = EDGE_CURVE('',#9301,#9311,#9313,.T.);
#9311 = VERTEX_POINT('',#9312);
#9312 = CARTESIAN_POINT('',(15.325,28.25,1.6));
#9313 = LINE('',#9314,#9315);
#9314 = CARTESIAN_POINT('',(15.325,27.65,1.6));
#9315 = VECTOR('',#9316,1.);
#9316 = DIRECTION('',(0.,1.,0.));
#9317 = ORIENTED_EDGE('',*,*,#9318,.T.);
#9318 = EDGE_CURVE('',#9311,#9319,#9321,.T.);
#9319 = VERTEX_POINT('',#9320);
#9320 = CARTESIAN_POINT('',(15.325,28.25,1.635));
#9321 = LINE('',#9322,#9323);
#9322 = CARTESIAN_POINT('',(15.325,28.25,1.6));
#9323 = VECTOR('',#9324,1.);
#9324 = DIRECTION('',(0.,0.,1.));
#9325 = ORIENTED_EDGE('',*,*,#9326,.F.);
#9326 = EDGE_CURVE('',#9303,#9319,#9327,.T.);
#9327 = LINE('',#9328,#9329);
#9328 = CARTESIAN_POINT('',(15.325,27.65,1.635));
#9329 = VECTOR('',#9330,1.);
#9330 = DIRECTION('',(0.,1.,0.));
#9331 = PLANE('',#9332);
#9332 = AXIS2_PLACEMENT_3D('',#9333,#9334,#9335);
#9333 = CARTESIAN_POINT('',(15.325,27.65,1.6));
#9334 = DIRECTION('',(1.,0.,0.));
#9335 = DIRECTION('',(0.,0.,1.));
#9336 = ADVANCED_FACE('',(#9337),#9371,.T.);
#9337 = FACE_BOUND('',#9338,.T.);
#9338 = EDGE_LOOP('',(#9339,#9349,#9357,#9365));
#9339 = ORIENTED_EDGE('',*,*,#9340,.F.);
#9340 = EDGE_CURVE('',#9341,#9343,#9345,.T.);
#9341 = VERTEX_POINT('',#9342);
#9342 = CARTESIAN_POINT('',(16.8,27.65,1.6));
#9343 = VERTEX_POINT('',#9344);
#9344 = CARTESIAN_POINT('',(16.8,27.65,1.635));
#9345 = LINE('',#9346,#9347);
#9346 = CARTESIAN_POINT('',(16.8,27.65,1.6));
#9347 = VECTOR('',#9348,1.);
#9348 = DIRECTION('',(0.,0.,1.));
#9349 = ORIENTED_EDGE('',*,*,#9350,.T.);
#9350 = EDGE_CURVE('',#9341,#9351,#9353,.T.);
#9351 = VERTEX_POINT('',#9352);
#9352 = CARTESIAN_POINT('',(16.8,28.25,1.6));
#9353 = LINE('',#9354,#9355);
#9354 = CARTESIAN_POINT('',(16.8,27.65,1.6));
#9355 = VECTOR('',#9356,1.);
#9356 = DIRECTION('',(0.,1.,0.));
#9357 = ORIENTED_EDGE('',*,*,#9358,.T.);
#9358 = EDGE_CURVE('',#9351,#9359,#9361,.T.);
#9359 = VERTEX_POINT('',#9360);
#9360 = CARTESIAN_POINT('',(16.8,28.25,1.635));
#9361 = LINE('',#9362,#9363);
#9362 = CARTESIAN_POINT('',(16.8,28.25,1.6));
#9363 = VECTOR('',#9364,1.);
#9364 = DIRECTION('',(0.,0.,1.));
#9365 = ORIENTED_EDGE('',*,*,#9366,.F.);
#9366 = EDGE_CURVE('',#9343,#9359,#9367,.T.);
#9367 = LINE('',#9368,#9369);
#9368 = CARTESIAN_POINT('',(16.8,27.65,1.635));
#9369 = VECTOR('',#9370,1.);
#9370 = DIRECTION('',(0.,1.,0.));
#9371 = PLANE('',#9372);
#9372 = AXIS2_PLACEMENT_3D('',#9373,#9374,#9375);
#9373 = CARTESIAN_POINT('',(16.8,27.65,1.6));
#9374 = DIRECTION('',(1.,0.,0.));
#9375 = DIRECTION('',(0.,0.,1.));
#9376 = ADVANCED_FACE('',(#9377),#9393,.F.);
#9377 = FACE_BOUND('',#9378,.F.);
#9378 = EDGE_LOOP('',(#9379,#9385,#9386,#9392));
#9379 = ORIENTED_EDGE('',*,*,#9380,.F.);
#9380 = EDGE_CURVE('',#9301,#9341,#9381,.T.);
#9381 = LINE('',#9382,#9383);
#9382 = CARTESIAN_POINT('',(15.325,27.65,1.6));
#9383 = VECTOR('',#9384,1.);
#9384 = DIRECTION('',(1.,0.,0.));
#9385 = ORIENTED_EDGE('',*,*,#9300,.T.);
#9386 = ORIENTED_EDGE('',*,*,#9387,.T.);
#9387 = EDGE_CURVE('',#9303,#9343,#9388,.T.);
#9388 = LINE('',#9389,#9390);
#9389 = CARTESIAN_POINT('',(15.325,27.65,1.635));
#9390 = VECTOR('',#9391,1.);
#9391 = DIRECTION('',(1.,0.,0.));
#9392 = ORIENTED_EDGE('',*,*,#9340,.F.);
#9393 = PLANE('',#9394);
#9394 = AXIS2_PLACEMENT_3D('',#9395,#9396,#9397);
#9395 = CARTESIAN_POINT('',(15.325,27.65,1.6));
#9396 = DIRECTION('',(0.,1.,0.));
#9397 = DIRECTION('',(0.,0.,1.));
#9398 = ADVANCED_FACE('',(#9399),#9415,.T.);
#9399 = FACE_BOUND('',#9400,.T.);
#9400 = EDGE_LOOP('',(#9401,#9407,#9408,#9414));
#9401 = ORIENTED_EDGE('',*,*,#9402,.F.);
#9402 = EDGE_CURVE('',#9311,#9351,#9403,.T.);
#9403 = LINE('',#9404,#9405);
#9404 = CARTESIAN_POINT('',(15.325,28.25,1.6));
#9405 = VECTOR('',#9406,1.);
#9406 = DIRECTION('',(1.,0.,0.));
#9407 = ORIENTED_EDGE('',*,*,#9318,.T.);
#9408 = ORIENTED_EDGE('',*,*,#9409,.T.);
#9409 = EDGE_CURVE('',#9319,#9359,#9410,.T.);
#9410 = LINE('',#9411,#9412);
#9411 = CARTESIAN_POINT('',(15.325,28.25,1.635));
#9412 = VECTOR('',#9413,1.);
#9413 = DIRECTION('',(1.,0.,0.));
#9414 = ORIENTED_EDGE('',*,*,#9358,.F.);
#9415 = PLANE('',#9416);
#9416 = AXIS2_PLACEMENT_3D('',#9417,#9418,#9419);
#9417 = CARTESIAN_POINT('',(15.325,28.25,1.6));
#9418 = DIRECTION('',(0.,1.,0.));
#9419 = DIRECTION('',(0.,0.,1.));
#9420 = ADVANCED_FACE('',(#9421),#9427,.F.);
#9421 = FACE_BOUND('',#9422,.F.);
#9422 = EDGE_LOOP('',(#9423,#9424,#9425,#9426));
#9423 = ORIENTED_EDGE('',*,*,#9310,.F.);
#9424 = ORIENTED_EDGE('',*,*,#9380,.T.);
#9425 = ORIENTED_EDGE('',*,*,#9350,.T.);
#9426 = ORIENTED_EDGE('',*,*,#9402,.F.);
#9427 = PLANE('',#9428);
#9428 = AXIS2_PLACEMENT_3D('',#9429,#9430,#9431);
#9429 = CARTESIAN_POINT('',(15.325,27.65,1.6));
#9430 = DIRECTION('',(0.,0.,1.));
#9431 = DIRECTION('',(1.,0.,0.));
#9432 = ADVANCED_FACE('',(#9433),#9439,.T.);
#9433 = FACE_BOUND('',#9434,.T.);
#9434 = EDGE_LOOP('',(#9435,#9436,#9437,#9438));
#9435 = ORIENTED_EDGE('',*,*,#9326,.F.);
#9436 = ORIENTED_EDGE('',*,*,#9387,.T.);
#9437 = ORIENTED_EDGE('',*,*,#9366,.T.);
#9438 = ORIENTED_EDGE('',*,*,#9409,.F.);
#9439 = PLANE('',#9440);
#9440 = AXIS2_PLACEMENT_3D('',#9441,#9442,#9443);
#9441 = CARTESIAN_POINT('',(15.325,27.65,1.635));
#9442 = DIRECTION('',(0.,0.,1.));
#9443 = DIRECTION('',(1.,0.,0.));
#9444 = MANIFOLD_SOLID_BREP('',#9445);
#9445 = CLOSED_SHELL('',(#9446,#9486,#9526,#9548,#9570,#9582));
#9446 = ADVANCED_FACE('',(#9447),#9481,.F.);
#9447 = FACE_BOUND('',#9448,.F.);
#9448 = EDGE_LOOP('',(#9449,#9459,#9467,#9475));
#9449 = ORIENTED_EDGE('',*,*,#9450,.F.);
#9450 = EDGE_CURVE('',#9451,#9453,#9455,.T.);
#9451 = VERTEX_POINT('',#9452);
#9452 = CARTESIAN_POINT('',(15.325,25.75,1.6));
#9453 = VERTEX_POINT('',#9454);
#9454 = CARTESIAN_POINT('',(15.325,25.75,1.635));
#9455 = LINE('',#9456,#9457);
#9456 = CARTESIAN_POINT('',(15.325,25.75,1.6));
#9457 = VECTOR('',#9458,1.);
#9458 = DIRECTION('',(0.,0.,1.));
#9459 = ORIENTED_EDGE('',*,*,#9460,.T.);
#9460 = EDGE_CURVE('',#9451,#9461,#9463,.T.);
#9461 = VERTEX_POINT('',#9462);
#9462 = CARTESIAN_POINT('',(15.325,26.35,1.6));
#9463 = LINE('',#9464,#9465);
#9464 = CARTESIAN_POINT('',(15.325,25.75,1.6));
#9465 = VECTOR('',#9466,1.);
#9466 = DIRECTION('',(0.,1.,0.));
#9467 = ORIENTED_EDGE('',*,*,#9468,.T.);
#9468 = EDGE_CURVE('',#9461,#9469,#9471,.T.);
#9469 = VERTEX_POINT('',#9470);
#9470 = CARTESIAN_POINT('',(15.325,26.35,1.635));
#9471 = LINE('',#9472,#9473);
#9472 = CARTESIAN_POINT('',(15.325,26.35,1.6));
#9473 = VECTOR('',#9474,1.);
#9474 = DIRECTION('',(0.,0.,1.));
#9475 = ORIENTED_EDGE('',*,*,#9476,.F.);
#9476 = EDGE_CURVE('',#9453,#9469,#9477,.T.);
#9477 = LINE('',#9478,#9479);
#9478 = CARTESIAN_POINT('',(15.325,25.75,1.635));
#9479 = VECTOR('',#9480,1.);
#9480 = DIRECTION('',(0.,1.,0.));
#9481 = PLANE('',#9482);
#9482 = AXIS2_PLACEMENT_3D('',#9483,#9484,#9485);
#9483 = CARTESIAN_POINT('',(15.325,25.75,1.6));
#9484 = DIRECTION('',(1.,0.,0.));
#9485 = DIRECTION('',(0.,0.,1.));
#9486 = ADVANCED_FACE('',(#9487),#9521,.T.);
#9487 = FACE_BOUND('',#9488,.T.);
#9488 = EDGE_LOOP('',(#9489,#9499,#9507,#9515));
#9489 = ORIENTED_EDGE('',*,*,#9490,.F.);
#9490 = EDGE_CURVE('',#9491,#9493,#9495,.T.);
#9491 = VERTEX_POINT('',#9492);
#9492 = CARTESIAN_POINT('',(16.8,25.75,1.6));
#9493 = VERTEX_POINT('',#9494);
#9494 = CARTESIAN_POINT('',(16.8,25.75,1.635));
#9495 = LINE('',#9496,#9497);
#9496 = CARTESIAN_POINT('',(16.8,25.75,1.6));
#9497 = VECTOR('',#9498,1.);
#9498 = DIRECTION('',(0.,0.,1.));
#9499 = ORIENTED_EDGE('',*,*,#9500,.T.);
#9500 = EDGE_CURVE('',#9491,#9501,#9503,.T.);
#9501 = VERTEX_POINT('',#9502);
#9502 = CARTESIAN_POINT('',(16.8,26.35,1.6));
#9503 = LINE('',#9504,#9505);
#9504 = CARTESIAN_POINT('',(16.8,25.75,1.6));
#9505 = VECTOR('',#9506,1.);
#9506 = DIRECTION('',(0.,1.,0.));
#9507 = ORIENTED_EDGE('',*,*,#9508,.T.);
#9508 = EDGE_CURVE('',#9501,#9509,#9511,.T.);
#9509 = VERTEX_POINT('',#9510);
#9510 = CARTESIAN_POINT('',(16.8,26.35,1.635));
#9511 = LINE('',#9512,#9513);
#9512 = CARTESIAN_POINT('',(16.8,26.35,1.6));
#9513 = VECTOR('',#9514,1.);
#9514 = DIRECTION('',(0.,0.,1.));
#9515 = ORIENTED_EDGE('',*,*,#9516,.F.);
#9516 = EDGE_CURVE('',#9493,#9509,#9517,.T.);
#9517 = LINE('',#9518,#9519);
#9518 = CARTESIAN_POINT('',(16.8,25.75,1.635));
#9519 = VECTOR('',#9520,1.);
#9520 = DIRECTION('',(0.,1.,0.));
#9521 = PLANE('',#9522);
#9522 = AXIS2_PLACEMENT_3D('',#9523,#9524,#9525);
#9523 = CARTESIAN_POINT('',(16.8,25.75,1.6));
#9524 = DIRECTION('',(1.,0.,0.));
#9525 = DIRECTION('',(0.,0.,1.));
#9526 = ADVANCED_FACE('',(#9527),#9543,.F.);
#9527 = FACE_BOUND('',#9528,.F.);
#9528 = EDGE_LOOP('',(#9529,#9535,#9536,#9542));
#9529 = ORIENTED_EDGE('',*,*,#9530,.F.);
#9530 = EDGE_CURVE('',#9451,#9491,#9531,.T.);
#9531 = LINE('',#9532,#9533);
#9532 = CARTESIAN_POINT('',(15.325,25.75,1.6));
#9533 = VECTOR('',#9534,1.);
#9534 = DIRECTION('',(1.,0.,0.));
#9535 = ORIENTED_EDGE('',*,*,#9450,.T.);
#9536 = ORIENTED_EDGE('',*,*,#9537,.T.);
#9537 = EDGE_CURVE('',#9453,#9493,#9538,.T.);
#9538 = LINE('',#9539,#9540);
#9539 = CARTESIAN_POINT('',(15.325,25.75,1.635));
#9540 = VECTOR('',#9541,1.);
#9541 = DIRECTION('',(1.,0.,0.));
#9542 = ORIENTED_EDGE('',*,*,#9490,.F.);
#9543 = PLANE('',#9544);
#9544 = AXIS2_PLACEMENT_3D('',#9545,#9546,#9547);
#9545 = CARTESIAN_POINT('',(15.325,25.75,1.6));
#9546 = DIRECTION('',(0.,1.,0.));
#9547 = DIRECTION('',(0.,0.,1.));
#9548 = ADVANCED_FACE('',(#9549),#9565,.T.);
#9549 = FACE_BOUND('',#9550,.T.);
#9550 = EDGE_LOOP('',(#9551,#9557,#9558,#9564));
#9551 = ORIENTED_EDGE('',*,*,#9552,.F.);
#9552 = EDGE_CURVE('',#9461,#9501,#9553,.T.);
#9553 = LINE('',#9554,#9555);
#9554 = CARTESIAN_POINT('',(15.325,26.35,1.6));
#9555 = VECTOR('',#9556,1.);
#9556 = DIRECTION('',(1.,0.,0.));
#9557 = ORIENTED_EDGE('',*,*,#9468,.T.);
#9558 = ORIENTED_EDGE('',*,*,#9559,.T.);
#9559 = EDGE_CURVE('',#9469,#9509,#9560,.T.);
#9560 = LINE('',#9561,#9562);
#9561 = CARTESIAN_POINT('',(15.325,26.35,1.635));
#9562 = VECTOR('',#9563,1.);
#9563 = DIRECTION('',(1.,0.,0.));
#9564 = ORIENTED_EDGE('',*,*,#9508,.F.);
#9565 = PLANE('',#9566);
#9566 = AXIS2_PLACEMENT_3D('',#9567,#9568,#9569);
#9567 = CARTESIAN_POINT('',(15.325,26.35,1.6));
#9568 = DIRECTION('',(0.,1.,0.));
#9569 = DIRECTION('',(0.,0.,1.));
#9570 = ADVANCED_FACE('',(#9571),#9577,.F.);
#9571 = FACE_BOUND('',#9572,.F.);
#9572 = EDGE_LOOP('',(#9573,#9574,#9575,#9576));
#9573 = ORIENTED_EDGE('',*,*,#9460,.F.);
#9574 = ORIENTED_EDGE('',*,*,#9530,.T.);
#9575 = ORIENTED_EDGE('',*,*,#9500,.T.);
#9576 = ORIENTED_EDGE('',*,*,#9552,.F.);
#9577 = PLANE('',#9578);
#9578 = AXIS2_PLACEMENT_3D('',#9579,#9580,#9581);
#9579 = CARTESIAN_POINT('',(15.325,25.75,1.6));
#9580 = DIRECTION('',(0.,0.,1.));
#9581 = DIRECTION('',(1.,0.,0.));
#9582 = ADVANCED_FACE('',(#9583),#9589,.T.);
#9583 = FACE_BOUND('',#9584,.T.);
#9584 = EDGE_LOOP('',(#9585,#9586,#9587,#9588));
#9585 = ORIENTED_EDGE('',*,*,#9476,.F.);
#9586 = ORIENTED_EDGE('',*,*,#9537,.T.);
#9587 = ORIENTED_EDGE('',*,*,#9516,.T.);
#9588 = ORIENTED_EDGE('',*,*,#9559,.F.);
#9589 = PLANE('',#9590);
#9590 = AXIS2_PLACEMENT_3D('',#9591,#9592,#9593);
#9591 = CARTESIAN_POINT('',(15.325,25.75,1.635));
#9592 = DIRECTION('',(0.,0.,1.));
#9593 = DIRECTION('',(1.,0.,0.));
#9594 = MANIFOLD_SOLID_BREP('',#9595);
#9595 = CLOSED_SHELL('',(#9596,#9636,#9676,#9698,#9720,#9732));
#9596 = ADVANCED_FACE('',(#9597),#9631,.F.);
#9597 = FACE_BOUND('',#9598,.F.);
#9598 = EDGE_LOOP('',(#9599,#9609,#9617,#9625));
#9599 = ORIENTED_EDGE('',*,*,#9600,.F.);
#9600 = EDGE_CURVE('',#9601,#9603,#9605,.T.);
#9601 = VERTEX_POINT('',#9602);
#9602 = CARTESIAN_POINT('',(17.2,26.7,1.6));
#9603 = VERTEX_POINT('',#9604);
#9604 = CARTESIAN_POINT('',(17.2,26.7,1.635));
#9605 = LINE('',#9606,#9607);
#9606 = CARTESIAN_POINT('',(17.2,26.7,1.6));
#9607 = VECTOR('',#9608,1.);
#9608 = DIRECTION('',(0.,0.,1.));
#9609 = ORIENTED_EDGE('',*,*,#9610,.T.);
#9610 = EDGE_CURVE('',#9601,#9611,#9613,.T.);
#9611 = VERTEX_POINT('',#9612);
#9612 = CARTESIAN_POINT('',(17.2,27.3,1.6));
#9613 = LINE('',#9614,#9615);
#9614 = CARTESIAN_POINT('',(17.2,26.7,1.6));
#9615 = VECTOR('',#9616,1.);
#9616 = DIRECTION('',(0.,1.,0.));
#9617 = ORIENTED_EDGE('',*,*,#9618,.T.);
#9618 = EDGE_CURVE('',#9611,#9619,#9621,.T.);
#9619 = VERTEX_POINT('',#9620);
#9620 = CARTESIAN_POINT('',(17.2,27.3,1.635));
#9621 = LINE('',#9622,#9623);
#9622 = CARTESIAN_POINT('',(17.2,27.3,1.6));
#9623 = VECTOR('',#9624,1.);
#9624 = DIRECTION('',(0.,0.,1.));
#9625 = ORIENTED_EDGE('',*,*,#9626,.F.);
#9626 = EDGE_CURVE('',#9603,#9619,#9627,.T.);
#9627 = LINE('',#9628,#9629);
#9628 = CARTESIAN_POINT('',(17.2,26.7,1.635));
#9629 = VECTOR('',#9630,1.);
#9630 = DIRECTION('',(0.,1.,0.));
#9631 = PLANE('',#9632);
#9632 = AXIS2_PLACEMENT_3D('',#9633,#9634,#9635);
#9633 = CARTESIAN_POINT('',(17.2,26.7,1.6));
#9634 = DIRECTION('',(1.,0.,0.));
#9635 = DIRECTION('',(0.,0.,1.));
#9636 = ADVANCED_FACE('',(#9637),#9671,.T.);
#9637 = FACE_BOUND('',#9638,.T.);
#9638 = EDGE_LOOP('',(#9639,#9649,#9657,#9665));
#9639 = ORIENTED_EDGE('',*,*,#9640,.F.);
#9640 = EDGE_CURVE('',#9641,#9643,#9645,.T.);
#9641 = VERTEX_POINT('',#9642);
#9642 = CARTESIAN_POINT('',(18.675,26.7,1.6));
#9643 = VERTEX_POINT('',#9644);
#9644 = CARTESIAN_POINT('',(18.675,26.7,1.635));
#9645 = LINE('',#9646,#9647);
#9646 = CARTESIAN_POINT('',(18.675,26.7,1.6));
#9647 = VECTOR('',#9648,1.);
#9648 = DIRECTION('',(0.,0.,1.));
#9649 = ORIENTED_EDGE('',*,*,#9650,.T.);
#9650 = EDGE_CURVE('',#9641,#9651,#9653,.T.);
#9651 = VERTEX_POINT('',#9652);
#9652 = CARTESIAN_POINT('',(18.675,27.3,1.6));
#9653 = LINE('',#9654,#9655);
#9654 = CARTESIAN_POINT('',(18.675,26.7,1.6));
#9655 = VECTOR('',#9656,1.);
#9656 = DIRECTION('',(0.,1.,0.));
#9657 = ORIENTED_EDGE('',*,*,#9658,.T.);
#9658 = EDGE_CURVE('',#9651,#9659,#9661,.T.);
#9659 = VERTEX_POINT('',#9660);
#9660 = CARTESIAN_POINT('',(18.675,27.3,1.635));
#9661 = LINE('',#9662,#9663);
#9662 = CARTESIAN_POINT('',(18.675,27.3,1.6));
#9663 = VECTOR('',#9664,1.);
#9664 = DIRECTION('',(0.,0.,1.));
#9665 = ORIENTED_EDGE('',*,*,#9666,.F.);
#9666 = EDGE_CURVE('',#9643,#9659,#9667,.T.);
#9667 = LINE('',#9668,#9669);
#9668 = CARTESIAN_POINT('',(18.675,26.7,1.635));
#9669 = VECTOR('',#9670,1.);
#9670 = DIRECTION('',(0.,1.,0.));
#9671 = PLANE('',#9672);
#9672 = AXIS2_PLACEMENT_3D('',#9673,#9674,#9675);
#9673 = CARTESIAN_POINT('',(18.675,26.7,1.6));
#9674 = DIRECTION('',(1.,0.,0.));
#9675 = DIRECTION('',(0.,0.,1.));
#9676 = ADVANCED_FACE('',(#9677),#9693,.F.);
#9677 = FACE_BOUND('',#9678,.F.);
#9678 = EDGE_LOOP('',(#9679,#9685,#9686,#9692));
#9679 = ORIENTED_EDGE('',*,*,#9680,.F.);
#9680 = EDGE_CURVE('',#9601,#9641,#9681,.T.);
#9681 = LINE('',#9682,#9683);
#9682 = CARTESIAN_POINT('',(17.2,26.7,1.6));
#9683 = VECTOR('',#9684,1.);
#9684 = DIRECTION('',(1.,0.,0.));
#9685 = ORIENTED_EDGE('',*,*,#9600,.T.);
#9686 = ORIENTED_EDGE('',*,*,#9687,.T.);
#9687 = EDGE_CURVE('',#9603,#9643,#9688,.T.);
#9688 = LINE('',#9689,#9690);
#9689 = CARTESIAN_POINT('',(17.2,26.7,1.635));
#9690 = VECTOR('',#9691,1.);
#9691 = DIRECTION('',(1.,0.,0.));
#9692 = ORIENTED_EDGE('',*,*,#9640,.F.);
#9693 = PLANE('',#9694);
#9694 = AXIS2_PLACEMENT_3D('',#9695,#9696,#9697);
#9695 = CARTESIAN_POINT('',(17.2,26.7,1.6));
#9696 = DIRECTION('',(0.,1.,0.));
#9697 = DIRECTION('',(0.,0.,1.));
#9698 = ADVANCED_FACE('',(#9699),#9715,.T.);
#9699 = FACE_BOUND('',#9700,.T.);
#9700 = EDGE_LOOP('',(#9701,#9707,#9708,#9714));
#9701 = ORIENTED_EDGE('',*,*,#9702,.F.);
#9702 = EDGE_CURVE('',#9611,#9651,#9703,.T.);
#9703 = LINE('',#9704,#9705);
#9704 = CARTESIAN_POINT('',(17.2,27.3,1.6));
#9705 = VECTOR('',#9706,1.);
#9706 = DIRECTION('',(1.,0.,0.));
#9707 = ORIENTED_EDGE('',*,*,#9618,.T.);
#9708 = ORIENTED_EDGE('',*,*,#9709,.T.);
#9709 = EDGE_CURVE('',#9619,#9659,#9710,.T.);
#9710 = LINE('',#9711,#9712);
#9711 = CARTESIAN_POINT('',(17.2,27.3,1.635));
#9712 = VECTOR('',#9713,1.);
#9713 = DIRECTION('',(1.,0.,0.));
#9714 = ORIENTED_EDGE('',*,*,#9658,.F.);
#9715 = PLANE('',#9716);
#9716 = AXIS2_PLACEMENT_3D('',#9717,#9718,#9719);
#9717 = CARTESIAN_POINT('',(17.2,27.3,1.6));
#9718 = DIRECTION('',(0.,1.,0.));
#9719 = DIRECTION('',(0.,0.,1.));
#9720 = ADVANCED_FACE('',(#9721),#9727,.F.);
#9721 = FACE_BOUND('',#9722,.F.);
#9722 = EDGE_LOOP('',(#9723,#9724,#9725,#9726));
#9723 = ORIENTED_EDGE('',*,*,#9610,.F.);
#9724 = ORIENTED_EDGE('',*,*,#9680,.T.);
#9725 = ORIENTED_EDGE('',*,*,#9650,.T.);
#9726 = ORIENTED_EDGE('',*,*,#9702,.F.);
#9727 = PLANE('',#9728);
#9728 = AXIS2_PLACEMENT_3D('',#9729,#9730,#9731);
#9729 = CARTESIAN_POINT('',(17.2,26.7,1.6));
#9730 = DIRECTION('',(0.,0.,1.));
#9731 = DIRECTION('',(1.,0.,0.));
#9732 = ADVANCED_FACE('',(#9733),#9739,.T.);
#9733 = FACE_BOUND('',#9734,.T.);
#9734 = EDGE_LOOP('',(#9735,#9736,#9737,#9738));
#9735 = ORIENTED_EDGE('',*,*,#9626,.F.);
#9736 = ORIENTED_EDGE('',*,*,#9687,.T.);
#9737 = ORIENTED_EDGE('',*,*,#9666,.T.);
#9738 = ORIENTED_EDGE('',*,*,#9709,.F.);
#9739 = PLANE('',#9740);
#9740 = AXIS2_PLACEMENT_3D('',#9741,#9742,#9743);
#9741 = CARTESIAN_POINT('',(17.2,26.7,1.635));
#9742 = DIRECTION('',(0.,0.,1.));
#9743 = DIRECTION('',(1.,0.,0.));
#9744 = MANIFOLD_SOLID_BREP('',#9745);
#9745 = CLOSED_SHELL('',(#9746,#9786,#9826,#9848,#9870,#9882));
#9746 = ADVANCED_FACE('',(#9747),#9781,.F.);
#9747 = FACE_BOUND('',#9748,.F.);
#9748 = EDGE_LOOP('',(#9749,#9759,#9767,#9775));
#9749 = ORIENTED_EDGE('',*,*,#9750,.F.);
#9750 = EDGE_CURVE('',#9751,#9753,#9755,.T.);
#9751 = VERTEX_POINT('',#9752);
#9752 = CARTESIAN_POINT('',(35.2,26.7,1.6));
#9753 = VERTEX_POINT('',#9754);
#9754 = CARTESIAN_POINT('',(35.2,26.7,5.9));
#9755 = LINE('',#9756,#9757);
#9756 = CARTESIAN_POINT('',(35.2,26.7,1.6));
#9757 = VECTOR('',#9758,1.);
#9758 = DIRECTION('',(0.,0.,1.));
#9759 = ORIENTED_EDGE('',*,*,#9760,.T.);
#9760 = EDGE_CURVE('',#9751,#9761,#9763,.T.);
#9761 = VERTEX_POINT('',#9762);
#9762 = CARTESIAN_POINT('',(35.2,32.8,1.6));
#9763 = LINE('',#9764,#9765);
#9764 = CARTESIAN_POINT('',(35.2,26.7,1.6));
#9765 = VECTOR('',#9766,1.);
#9766 = DIRECTION('',(0.,1.,0.));
#9767 = ORIENTED_EDGE('',*,*,#9768,.T.);
#9768 = EDGE_CURVE('',#9761,#9769,#9771,.T.);
#9769 = VERTEX_POINT('',#9770);
#9770 = CARTESIAN_POINT('',(35.2,32.8,5.9));
#9771 = LINE('',#9772,#9773);
#9772 = CARTESIAN_POINT('',(35.2,32.8,1.6));
#9773 = VECTOR('',#9774,1.);
#9774 = DIRECTION('',(0.,0.,1.));
#9775 = ORIENTED_EDGE('',*,*,#9776,.F.);
#9776 = EDGE_CURVE('',#9753,#9769,#9777,.T.);
#9777 = LINE('',#9778,#9779);
#9778 = CARTESIAN_POINT('',(35.2,26.7,5.9));
#9779 = VECTOR('',#9780,1.);
#9780 = DIRECTION('',(0.,1.,0.));
#9781 = PLANE('',#9782);
#9782 = AXIS2_PLACEMENT_3D('',#9783,#9784,#9785);
#9783 = CARTESIAN_POINT('',(35.2,26.7,1.6));
#9784 = DIRECTION('',(1.,0.,0.));
#9785 = DIRECTION('',(0.,0.,1.));
#9786 = ADVANCED_FACE('',(#9787),#9821,.T.);
#9787 = FACE_BOUND('',#9788,.T.);
#9788 = EDGE_LOOP('',(#9789,#9799,#9807,#9815));
#9789 = ORIENTED_EDGE('',*,*,#9790,.F.);
#9790 = EDGE_CURVE('',#9791,#9793,#9795,.T.);
#9791 = VERTEX_POINT('',#9792);
#9792 = CARTESIAN_POINT('',(41.3,26.7,1.6));
#9793 = VERTEX_POINT('',#9794);
#9794 = CARTESIAN_POINT('',(41.3,26.7,5.9));
#9795 = LINE('',#9796,#9797);
#9796 = CARTESIAN_POINT('',(41.3,26.7,1.6));
#9797 = VECTOR('',#9798,1.);
#9798 = DIRECTION('',(0.,0.,1.));
#9799 = ORIENTED_EDGE('',*,*,#9800,.T.);
#9800 = EDGE_CURVE('',#9791,#9801,#9803,.T.);
#9801 = VERTEX_POINT('',#9802);
#9802 = CARTESIAN_POINT('',(41.3,32.8,1.6));
#9803 = LINE('',#9804,#9805);
#9804 = CARTESIAN_POINT('',(41.3,26.7,1.6));
#9805 = VECTOR('',#9806,1.);
#9806 = DIRECTION('',(0.,1.,0.));
#9807 = ORIENTED_EDGE('',*,*,#9808,.T.);
#9808 = EDGE_CURVE('',#9801,#9809,#9811,.T.);
#9809 = VERTEX_POINT('',#9810);
#9810 = CARTESIAN_POINT('',(41.3,32.8,5.9));
#9811 = LINE('',#9812,#9813);
#9812 = CARTESIAN_POINT('',(41.3,32.8,1.6));
#9813 = VECTOR('',#9814,1.);
#9814 = DIRECTION('',(0.,0.,1.));
#9815 = ORIENTED_EDGE('',*,*,#9816,.F.);
#9816 = EDGE_CURVE('',#9793,#9809,#9817,.T.);
#9817 = LINE('',#9818,#9819);
#9818 = CARTESIAN_POINT('',(41.3,26.7,5.9));
#9819 = VECTOR('',#9820,1.);
#9820 = DIRECTION('',(0.,1.,0.));
#9821 = PLANE('',#9822);
#9822 = AXIS2_PLACEMENT_3D('',#9823,#9824,#9825);
#9823 = CARTESIAN_POINT('',(41.3,26.7,1.6));
#9824 = DIRECTION('',(1.,0.,0.));
#9825 = DIRECTION('',(0.,0.,1.));
#9826 = ADVANCED_FACE('',(#9827),#9843,.F.);
#9827 = FACE_BOUND('',#9828,.F.);
#9828 = EDGE_LOOP('',(#9829,#9835,#9836,#9842));
#9829 = ORIENTED_EDGE('',*,*,#9830,.F.);
#9830 = EDGE_CURVE('',#9751,#9791,#9831,.T.);
#9831 = LINE('',#9832,#9833);
#9832 = CARTESIAN_POINT('',(35.2,26.7,1.6));
#9833 = VECTOR('',#9834,1.);
#9834 = DIRECTION('',(1.,0.,0.));
#9835 = ORIENTED_EDGE('',*,*,#9750,.T.);
#9836 = ORIENTED_EDGE('',*,*,#9837,.T.);
#9837 = EDGE_CURVE('',#9753,#9793,#9838,.T.);
#9838 = LINE('',#9839,#9840);
#9839 = CARTESIAN_POINT('',(35.2,26.7,5.9));
#9840 = VECTOR('',#9841,1.);
#9841 = DIRECTION('',(1.,0.,0.));
#9842 = ORIENTED_EDGE('',*,*,#9790,.F.);
#9843 = PLANE('',#9844);
#9844 = AXIS2_PLACEMENT_3D('',#9845,#9846,#9847);
#9845 = CARTESIAN_POINT('',(35.2,26.7,1.6));
#9846 = DIRECTION('',(0.,1.,0.));
#9847 = DIRECTION('',(0.,0.,1.));
#9848 = ADVANCED_FACE('',(#9849),#9865,.T.);
#9849 = FACE_BOUND('',#9850,.T.);
#9850 = EDGE_LOOP('',(#9851,#9857,#9858,#9864));
#9851 = ORIENTED_EDGE('',*,*,#9852,.F.);
#9852 = EDGE_CURVE('',#9761,#9801,#9853,.T.);
#9853 = LINE('',#9854,#9855);
#9854 = CARTESIAN_POINT('',(35.2,32.8,1.6));
#9855 = VECTOR('',#9856,1.);
#9856 = DIRECTION('',(1.,0.,0.));
#9857 = ORIENTED_EDGE('',*,*,#9768,.T.);
#9858 = ORIENTED_EDGE('',*,*,#9859,.T.);
#9859 = EDGE_CURVE('',#9769,#9809,#9860,.T.);
#9860 = LINE('',#9861,#9862);
#9861 = CARTESIAN_POINT('',(35.2,32.8,5.9));
#9862 = VECTOR('',#9863,1.);
#9863 = DIRECTION('',(1.,0.,0.));
#9864 = ORIENTED_EDGE('',*,*,#9808,.F.);
#9865 = PLANE('',#9866);
#9866 = AXIS2_PLACEMENT_3D('',#9867,#9868,#9869);
#9867 = CARTESIAN_POINT('',(35.2,32.8,1.6));
#9868 = DIRECTION('',(0.,1.,0.));
#9869 = DIRECTION('',(0.,0.,1.));
#9870 = ADVANCED_FACE('',(#9871),#9877,.F.);
#9871 = FACE_BOUND('',#9872,.F.);
#9872 = EDGE_LOOP('',(#9873,#9874,#9875,#9876));
#9873 = ORIENTED_EDGE('',*,*,#9760,.F.);
#9874 = ORIENTED_EDGE('',*,*,#9830,.T.);
#9875 = ORIENTED_EDGE('',*,*,#9800,.T.);
#9876 = ORIENTED_EDGE('',*,*,#9852,.F.);
#9877 = PLANE('',#9878);
#9878 = AXIS2_PLACEMENT_3D('',#9879,#9880,#9881);
#9879 = CARTESIAN_POINT('',(35.2,26.7,1.6));
#9880 = DIRECTION('',(0.,0.,1.));
#9881 = DIRECTION('',(1.,0.,0.));
#9882 = ADVANCED_FACE('',(#9883),#9889,.T.);
#9883 = FACE_BOUND('',#9884,.T.);
#9884 = EDGE_LOOP('',(#9885,#9886,#9887,#9888));
#9885 = ORIENTED_EDGE('',*,*,#9776,.F.);
#9886 = ORIENTED_EDGE('',*,*,#9837,.T.);
#9887 = ORIENTED_EDGE('',*,*,#9816,.T.);
#9888 = ORIENTED_EDGE('',*,*,#9859,.F.);
#9889 = PLANE('',#9890);
#9890 = AXIS2_PLACEMENT_3D('',#9891,#9892,#9893);
#9891 = CARTESIAN_POINT('',(35.2,26.7,5.9));
#9892 = DIRECTION('',(0.,0.,1.));
#9893 = DIRECTION('',(1.,0.,0.));
#9894 = MANIFOLD_SOLID_BREP('',#9895);
#9895 = CLOSED_SHELL('',(#9896,#9936,#9976,#9998,#10020,#10032));
#9896 = ADVANCED_FACE('',(#9897),#9931,.F.);
#9897 = FACE_BOUND('',#9898,.F.);
#9898 = EDGE_LOOP('',(#9899,#9909,#9917,#9925));
#9899 = ORIENTED_EDGE('',*,*,#9900,.F.);
#9900 = EDGE_CURVE('',#9901,#9903,#9905,.T.);
#9901 = VERTEX_POINT('',#9902);
#9902 = CARTESIAN_POINT('',(34.,31.,1.6));
#9903 = VERTEX_POINT('',#9904);
#9904 = CARTESIAN_POINT('',(34.,31.,1.635));
#9905 = LINE('',#9906,#9907);
#9906 = CARTESIAN_POINT('',(34.,31.,1.6));
#9907 = VECTOR('',#9908,1.);
#9908 = DIRECTION('',(0.,0.,1.));
#9909 = ORIENTED_EDGE('',*,*,#9910,.T.);
#9910 = EDGE_CURVE('',#9901,#9911,#9913,.T.);
#9911 = VERTEX_POINT('',#9912);
#9912 = CARTESIAN_POINT('',(34.,33.,1.6));
#9913 = LINE('',#9914,#9915);
#9914 = CARTESIAN_POINT('',(34.,31.,1.6));
#9915 = VECTOR('',#9916,1.);
#9916 = DIRECTION('',(0.,1.,0.));
#9917 = ORIENTED_EDGE('',*,*,#9918,.T.);
#9918 = EDGE_CURVE('',#9911,#9919,#9921,.T.);
#9919 = VERTEX_POINT('',#9920);
#9920 = CARTESIAN_POINT('',(34.,33.,1.635));
#9921 = LINE('',#9922,#9923);
#9922 = CARTESIAN_POINT('',(34.,33.,1.6));
#9923 = VECTOR('',#9924,1.);
#9924 = DIRECTION('',(0.,0.,1.));
#9925 = ORIENTED_EDGE('',*,*,#9926,.F.);
#9926 = EDGE_CURVE('',#9903,#9919,#9927,.T.);
#9927 = LINE('',#9928,#9929);
#9928 = CARTESIAN_POINT('',(34.,31.,1.635));
#9929 = VECTOR('',#9930,1.);
#9930 = DIRECTION('',(0.,1.,0.));
#9931 = PLANE('',#9932);
#9932 = AXIS2_PLACEMENT_3D('',#9933,#9934,#9935);
#9933 = CARTESIAN_POINT('',(34.,31.,1.6));
#9934 = DIRECTION('',(1.,0.,0.));
#9935 = DIRECTION('',(0.,0.,1.));
#9936 = ADVANCED_FACE('',(#9937),#9971,.T.);
#9937 = FACE_BOUND('',#9938,.T.);
#9938 = EDGE_LOOP('',(#9939,#9949,#9957,#9965));
#9939 = ORIENTED_EDGE('',*,*,#9940,.F.);
#9940 = EDGE_CURVE('',#9941,#9943,#9945,.T.);
#9941 = VERTEX_POINT('',#9942);
#9942 = CARTESIAN_POINT('',(36.,31.,1.6));
#9943 = VERTEX_POINT('',#9944);
#9944 = CARTESIAN_POINT('',(36.,31.,1.635));
#9945 = LINE('',#9946,#9947);
#9946 = CARTESIAN_POINT('',(36.,31.,1.6));
#9947 = VECTOR('',#9948,1.);
#9948 = DIRECTION('',(0.,0.,1.));
#9949 = ORIENTED_EDGE('',*,*,#9950,.T.);
#9950 = EDGE_CURVE('',#9941,#9951,#9953,.T.);
#9951 = VERTEX_POINT('',#9952);
#9952 = CARTESIAN_POINT('',(36.,33.,1.6));
#9953 = LINE('',#9954,#9955);
#9954 = CARTESIAN_POINT('',(36.,31.,1.6));
#9955 = VECTOR('',#9956,1.);
#9956 = DIRECTION('',(0.,1.,0.));
#9957 = ORIENTED_EDGE('',*,*,#9958,.T.);
#9958 = EDGE_CURVE('',#9951,#9959,#9961,.T.);
#9959 = VERTEX_POINT('',#9960);
#9960 = CARTESIAN_POINT('',(36.,33.,1.635));
#9961 = LINE('',#9962,#9963);
#9962 = CARTESIAN_POINT('',(36.,33.,1.6));
#9963 = VECTOR('',#9964,1.);
#9964 = DIRECTION('',(0.,0.,1.));
#9965 = ORIENTED_EDGE('',*,*,#9966,.F.);
#9966 = EDGE_CURVE('',#9943,#9959,#9967,.T.);
#9967 = LINE('',#9968,#9969);
#9968 = CARTESIAN_POINT('',(36.,31.,1.635));
#9969 = VECTOR('',#9970,1.);
#9970 = DIRECTION('',(0.,1.,0.));
#9971 = PLANE('',#9972);
#9972 = AXIS2_PLACEMENT_3D('',#9973,#9974,#9975);
#9973 = CARTESIAN_POINT('',(36.,31.,1.6));
#9974 = DIRECTION('',(1.,0.,0.));
#9975 = DIRECTION('',(0.,0.,1.));
#9976 = ADVANCED_FACE('',(#9977),#9993,.F.);
#9977 = FACE_BOUND('',#9978,.F.);
#9978 = EDGE_LOOP('',(#9979,#9985,#9986,#9992));
#9979 = ORIENTED_EDGE('',*,*,#9980,.F.);
#9980 = EDGE_CURVE('',#9901,#9941,#9981,.T.);
#9981 = LINE('',#9982,#9983);
#9982 = CARTESIAN_POINT('',(34.,31.,1.6));
#9983 = VECTOR('',#9984,1.);
#9984 = DIRECTION('',(1.,0.,0.));
#9985 = ORIENTED_EDGE('',*,*,#9900,.T.);
#9986 = ORIENTED_EDGE('',*,*,#9987,.T.);
#9987 = EDGE_CURVE('',#9903,#9943,#9988,.T.);
#9988 = LINE('',#9989,#9990);
#9989 = CARTESIAN_POINT('',(34.,31.,1.635));
#9990 = VECTOR('',#9991,1.);
#9991 = DIRECTION('',(1.,0.,0.));
#9992 = ORIENTED_EDGE('',*,*,#9940,.F.);
#9993 = PLANE('',#9994);
#9994 = AXIS2_PLACEMENT_3D('',#9995,#9996,#9997);
#9995 = CARTESIAN_POINT('',(34.,31.,1.6));
#9996 = DIRECTION('',(0.,1.,0.));
#9997 = DIRECTION('',(0.,0.,1.));
#9998 = ADVANCED_FACE('',(#9999),#10015,.T.);
#9999 = FACE_BOUND('',#10000,.T.);
#10000 = EDGE_LOOP('',(#10001,#10007,#10008,#10014));
#10001 = ORIENTED_EDGE('',*,*,#10002,.F.);
#10002 = EDGE_CURVE('',#9911,#9951,#10003,.T.);
#10003 = LINE('',#10004,#10005);
#10004 = CARTESIAN_POINT('',(34.,33.,1.6));
#10005 = VECTOR('',#10006,1.);
#10006 = DIRECTION('',(1.,0.,0.));
#10007 = ORIENTED_EDGE('',*,*,#9918,.T.);
#10008 = ORIENTED_EDGE('',*,*,#10009,.T.);
#10009 = EDGE_CURVE('',#9919,#9959,#10010,.T.);
#10010 = LINE('',#10011,#10012);
#10011 = CARTESIAN_POINT('',(34.,33.,1.635));
#10012 = VECTOR('',#10013,1.);
#10013 = DIRECTION('',(1.,0.,0.));
#10014 = ORIENTED_EDGE('',*,*,#9958,.F.);
#10015 = PLANE('',#10016);
#10016 = AXIS2_PLACEMENT_3D('',#10017,#10018,#10019);
#10017 = CARTESIAN_POINT('',(34.,33.,1.6));
#10018 = DIRECTION('',(0.,1.,0.));
#10019 = DIRECTION('',(0.,0.,1.));
#10020 = ADVANCED_FACE('',(#10021),#10027,.F.);
#10021 = FACE_BOUND('',#10022,.F.);
#10022 = EDGE_LOOP('',(#10023,#10024,#10025,#10026));
#10023 = ORIENTED_EDGE('',*,*,#9910,.F.);
#10024 = ORIENTED_EDGE('',*,*,#9980,.T.);
#10025 = ORIENTED_EDGE('',*,*,#9950,.T.);
#10026 = ORIENTED_EDGE('',*,*,#10002,.F.);
#10027 = PLANE('',#10028);
#10028 = AXIS2_PLACEMENT_3D('',#10029,#10030,#10031);
#10029 = CARTESIAN_POINT('',(34.,31.,1.6));
#10030 = DIRECTION('',(0.,0.,1.));
#10031 = DIRECTION('',(1.,0.,0.));
#10032 = ADVANCED_FACE('',(#10033),#10039,.T.);
#10033 = FACE_BOUND('',#10034,.T.);
#10034 = EDGE_LOOP('',(#10035,#10036,#10037,#10038));
#10035 = ORIENTED_EDGE('',*,*,#9926,.F.);
#10036 = ORIENTED_EDGE('',*,*,#9987,.T.);
#10037 = ORIENTED_EDGE('',*,*,#9966,.T.);
#10038 = ORIENTED_EDGE('',*,*,#10009,.F.);
#10039 = PLANE('',#10040);
#10040 = AXIS2_PLACEMENT_3D('',#10041,#10042,#10043);
#10041 = CARTESIAN_POINT('',(34.,31.,1.635));
#10042 = DIRECTION('',(0.,0.,1.));
#10043 = DIRECTION('',(1.,0.,0.));
#10044 = MANIFOLD_SOLID_BREP('',#10045);
#10045 = CLOSED_SHELL('',(#10046,#10086,#10126,#10148,#10170,#10182));
#10046 = ADVANCED_FACE('',(#10047),#10081,.F.);
#10047 = FACE_BOUND('',#10048,.F.);
#10048 = EDGE_LOOP('',(#10049,#10059,#10067,#10075));
#10049 = ORIENTED_EDGE('',*,*,#10050,.F.);
#10050 = EDGE_CURVE('',#10051,#10053,#10055,.T.);
#10051 = VERTEX_POINT('',#10052);
#10052 = CARTESIAN_POINT('',(40.5,31.,1.6));
#10053 = VERTEX_POINT('',#10054);
#10054 = CARTESIAN_POINT('',(40.5,31.,1.635));
#10055 = LINE('',#10056,#10057);
#10056 = CARTESIAN_POINT('',(40.5,31.,1.6));
#10057 = VECTOR('',#10058,1.);
#10058 = DIRECTION('',(0.,0.,1.));
#10059 = ORIENTED_EDGE('',*,*,#10060,.T.);
#10060 = EDGE_CURVE('',#10051,#10061,#10063,.T.);
#10061 = VERTEX_POINT('',#10062);
#10062 = CARTESIAN_POINT('',(40.5,33.,1.6));
#10063 = LINE('',#10064,#10065);
#10064 = CARTESIAN_POINT('',(40.5,31.,1.6));
#10065 = VECTOR('',#10066,1.);
#10066 = DIRECTION('',(0.,1.,0.));
#10067 = ORIENTED_EDGE('',*,*,#10068,.T.);
#10068 = EDGE_CURVE('',#10061,#10069,#10071,.T.);
#10069 = VERTEX_POINT('',#10070);
#10070 = CARTESIAN_POINT('',(40.5,33.,1.635));
#10071 = LINE('',#10072,#10073);
#10072 = CARTESIAN_POINT('',(40.5,33.,1.6));
#10073 = VECTOR('',#10074,1.);
#10074 = DIRECTION('',(0.,0.,1.));
#10075 = ORIENTED_EDGE('',*,*,#10076,.F.);
#10076 = EDGE_CURVE('',#10053,#10069,#10077,.T.);
#10077 = LINE('',#10078,#10079);
#10078 = CARTESIAN_POINT('',(40.5,31.,1.635));
#10079 = VECTOR('',#10080,1.);
#10080 = DIRECTION('',(0.,1.,0.));
#10081 = PLANE('',#10082);
#10082 = AXIS2_PLACEMENT_3D('',#10083,#10084,#10085);
#10083 = CARTESIAN_POINT('',(40.5,31.,1.6));
#10084 = DIRECTION('',(1.,0.,0.));
#10085 = DIRECTION('',(0.,0.,1.));
#10086 = ADVANCED_FACE('',(#10087),#10121,.T.);
#10087 = FACE_BOUND('',#10088,.T.);
#10088 = EDGE_LOOP('',(#10089,#10099,#10107,#10115));
#10089 = ORIENTED_EDGE('',*,*,#10090,.F.);
#10090 = EDGE_CURVE('',#10091,#10093,#10095,.T.);
#10091 = VERTEX_POINT('',#10092);
#10092 = CARTESIAN_POINT('',(42.5,31.,1.6));
#10093 = VERTEX_POINT('',#10094);
#10094 = CARTESIAN_POINT('',(42.5,31.,1.635));
#10095 = LINE('',#10096,#10097);
#10096 = CARTESIAN_POINT('',(42.5,31.,1.6));
#10097 = VECTOR('',#10098,1.);
#10098 = DIRECTION('',(0.,0.,1.));
#10099 = ORIENTED_EDGE('',*,*,#10100,.T.);
#10100 = EDGE_CURVE('',#10091,#10101,#10103,.T.);
#10101 = VERTEX_POINT('',#10102);
#10102 = CARTESIAN_POINT('',(42.5,33.,1.6));
#10103 = LINE('',#10104,#10105);
#10104 = CARTESIAN_POINT('',(42.5,31.,1.6));
#10105 = VECTOR('',#10106,1.);
#10106 = DIRECTION('',(0.,1.,0.));
#10107 = ORIENTED_EDGE('',*,*,#10108,.T.);
#10108 = EDGE_CURVE('',#10101,#10109,#10111,.T.);
#10109 = VERTEX_POINT('',#10110);
#10110 = CARTESIAN_POINT('',(42.5,33.,1.635));
#10111 = LINE('',#10112,#10113);
#10112 = CARTESIAN_POINT('',(42.5,33.,1.6));
#10113 = VECTOR('',#10114,1.);
#10114 = DIRECTION('',(0.,0.,1.));
#10115 = ORIENTED_EDGE('',*,*,#10116,.F.);
#10116 = EDGE_CURVE('',#10093,#10109,#10117,.T.);
#10117 = LINE('',#10118,#10119);
#10118 = CARTESIAN_POINT('',(42.5,31.,1.635));
#10119 = VECTOR('',#10120,1.);
#10120 = DIRECTION('',(0.,1.,0.));
#10121 = PLANE('',#10122);
#10122 = AXIS2_PLACEMENT_3D('',#10123,#10124,#10125);
#10123 = CARTESIAN_POINT('',(42.5,31.,1.6));
#10124 = DIRECTION('',(1.,0.,0.));
#10125 = DIRECTION('',(0.,0.,1.));
#10126 = ADVANCED_FACE('',(#10127),#10143,.F.);
#10127 = FACE_BOUND('',#10128,.F.);
#10128 = EDGE_LOOP('',(#10129,#10135,#10136,#10142));
#10129 = ORIENTED_EDGE('',*,*,#10130,.F.);
#10130 = EDGE_CURVE('',#10051,#10091,#10131,.T.);
#10131 = LINE('',#10132,#10133);
#10132 = CARTESIAN_POINT('',(40.5,31.,1.6));
#10133 = VECTOR('',#10134,1.);
#10134 = DIRECTION('',(1.,0.,0.));
#10135 = ORIENTED_EDGE('',*,*,#10050,.T.);
#10136 = ORIENTED_EDGE('',*,*,#10137,.T.);
#10137 = EDGE_CURVE('',#10053,#10093,#10138,.T.);
#10138 = LINE('',#10139,#10140);
#10139 = CARTESIAN_POINT('',(40.5,31.,1.635));
#10140 = VECTOR('',#10141,1.);
#10141 = DIRECTION('',(1.,0.,0.));
#10142 = ORIENTED_EDGE('',*,*,#10090,.F.);
#10143 = PLANE('',#10144);
#10144 = AXIS2_PLACEMENT_3D('',#10145,#10146,#10147);
#10145 = CARTESIAN_POINT('',(40.5,31.,1.6));
#10146 = DIRECTION('',(0.,1.,0.));
#10147 = DIRECTION('',(0.,0.,1.));
#10148 = ADVANCED_FACE('',(#10149),#10165,.T.);
#10149 = FACE_BOUND('',#10150,.T.);
#10150 = EDGE_LOOP('',(#10151,#10157,#10158,#10164));
#10151 = ORIENTED_EDGE('',*,*,#10152,.F.);
#10152 = EDGE_CURVE('',#10061,#10101,#10153,.T.);
#10153 = LINE('',#10154,#10155);
#10154 = CARTESIAN_POINT('',(40.5,33.,1.6));
#10155 = VECTOR('',#10156,1.);
#10156 = DIRECTION('',(1.,0.,0.));
#10157 = ORIENTED_EDGE('',*,*,#10068,.T.);
#10158 = ORIENTED_EDGE('',*,*,#10159,.T.);
#10159 = EDGE_CURVE('',#10069,#10109,#10160,.T.);
#10160 = LINE('',#10161,#10162);
#10161 = CARTESIAN_POINT('',(40.5,33.,1.635));
#10162 = VECTOR('',#10163,1.);
#10163 = DIRECTION('',(1.,0.,0.));
#10164 = ORIENTED_EDGE('',*,*,#10108,.F.);
#10165 = PLANE('',#10166);
#10166 = AXIS2_PLACEMENT_3D('',#10167,#10168,#10169);
#10167 = CARTESIAN_POINT('',(40.5,33.,1.6));
#10168 = DIRECTION('',(0.,1.,0.));
#10169 = DIRECTION('',(0.,0.,1.));
#10170 = ADVANCED_FACE('',(#10171),#10177,.F.);
#10171 = FACE_BOUND('',#10172,.F.);
#10172 = EDGE_LOOP('',(#10173,#10174,#10175,#10176));
#10173 = ORIENTED_EDGE('',*,*,#10060,.F.);
#10174 = ORIENTED_EDGE('',*,*,#10130,.T.);
#10175 = ORIENTED_EDGE('',*,*,#10100,.T.);
#10176 = ORIENTED_EDGE('',*,*,#10152,.F.);
#10177 = PLANE('',#10178);
#10178 = AXIS2_PLACEMENT_3D('',#10179,#10180,#10181);
#10179 = CARTESIAN_POINT('',(40.5,31.,1.6));
#10180 = DIRECTION('',(0.,0.,1.));
#10181 = DIRECTION('',(1.,0.,0.));
#10182 = ADVANCED_FACE('',(#10183),#10189,.T.);
#10183 = FACE_BOUND('',#10184,.T.);
#10184 = EDGE_LOOP('',(#10185,#10186,#10187,#10188));
#10185 = ORIENTED_EDGE('',*,*,#10076,.F.);
#10186 = ORIENTED_EDGE('',*,*,#10137,.T.);
#10187 = ORIENTED_EDGE('',*,*,#10116,.T.);
#10188 = ORIENTED_EDGE('',*,*,#10159,.F.);
#10189 = PLANE('',#10190);
#10190 = AXIS2_PLACEMENT_3D('',#10191,#10192,#10193);
#10191 = CARTESIAN_POINT('',(40.5,31.,1.635));
#10192 = DIRECTION('',(0.,0.,1.));
#10193 = DIRECTION('',(1.,0.,0.));
#10194 = MANIFOLD_SOLID_BREP('',#10195);
#10195 = CLOSED_SHELL('',(#10196,#10236,#10276,#10298,#10320,#10332));
#10196 = ADVANCED_FACE('',(#10197),#10231,.F.);
#10197 = FACE_BOUND('',#10198,.F.);
#10198 = EDGE_LOOP('',(#10199,#10209,#10217,#10225));
#10199 = ORIENTED_EDGE('',*,*,#10200,.F.);
#10200 = EDGE_CURVE('',#10201,#10203,#10205,.T.);
#10201 = VERTEX_POINT('',#10202);
#10202 = CARTESIAN_POINT('',(34.,26.5,1.6));
#10203 = VERTEX_POINT('',#10204);
#10204 = CARTESIAN_POINT('',(34.,26.5,1.635));
#10205 = LINE('',#10206,#10207);
#10206 = CARTESIAN_POINT('',(34.,26.5,1.6));
#10207 = VECTOR('',#10208,1.);
#10208 = DIRECTION('',(0.,0.,1.));
#10209 = ORIENTED_EDGE('',*,*,#10210,.T.);
#10210 = EDGE_CURVE('',#10201,#10211,#10213,.T.);
#10211 = VERTEX_POINT('',#10212);
#10212 = CARTESIAN_POINT('',(34.,28.5,1.6));
#10213 = LINE('',#10214,#10215);
#10214 = CARTESIAN_POINT('',(34.,26.5,1.6));
#10215 = VECTOR('',#10216,1.);
#10216 = DIRECTION('',(0.,1.,0.));
#10217 = ORIENTED_EDGE('',*,*,#10218,.T.);
#10218 = EDGE_CURVE('',#10211,#10219,#10221,.T.);
#10219 = VERTEX_POINT('',#10220);
#10220 = CARTESIAN_POINT('',(34.,28.5,1.635));
#10221 = LINE('',#10222,#10223);
#10222 = CARTESIAN_POINT('',(34.,28.5,1.6));
#10223 = VECTOR('',#10224,1.);
#10224 = DIRECTION('',(0.,0.,1.));
#10225 = ORIENTED_EDGE('',*,*,#10226,.F.);
#10226 = EDGE_CURVE('',#10203,#10219,#10227,.T.);
#10227 = LINE('',#10228,#10229);
#10228 = CARTESIAN_POINT('',(34.,26.5,1.635));
#10229 = VECTOR('',#10230,1.);
#10230 = DIRECTION('',(0.,1.,0.));
#10231 = PLANE('',#10232);
#10232 = AXIS2_PLACEMENT_3D('',#10233,#10234,#10235);
#10233 = CARTESIAN_POINT('',(34.,26.5,1.6));
#10234 = DIRECTION('',(1.,0.,0.));
#10235 = DIRECTION('',(0.,0.,1.));
#10236 = ADVANCED_FACE('',(#10237),#10271,.T.);
#10237 = FACE_BOUND('',#10238,.T.);
#10238 = EDGE_LOOP('',(#10239,#10249,#10257,#10265));
#10239 = ORIENTED_EDGE('',*,*,#10240,.F.);
#10240 = EDGE_CURVE('',#10241,#10243,#10245,.T.);
#10241 = VERTEX_POINT('',#10242);
#10242 = CARTESIAN_POINT('',(36.,26.5,1.6));
#10243 = VERTEX_POINT('',#10244);
#10244 = CARTESIAN_POINT('',(36.,26.5,1.635));
#10245 = LINE('',#10246,#10247);
#10246 = CARTESIAN_POINT('',(36.,26.5,1.6));
#10247 = VECTOR('',#10248,1.);
#10248 = DIRECTION('',(0.,0.,1.));
#10249 = ORIENTED_EDGE('',*,*,#10250,.T.);
#10250 = EDGE_CURVE('',#10241,#10251,#10253,.T.);
#10251 = VERTEX_POINT('',#10252);
#10252 = CARTESIAN_POINT('',(36.,28.5,1.6));
#10253 = LINE('',#10254,#10255);
#10254 = CARTESIAN_POINT('',(36.,26.5,1.6));
#10255 = VECTOR('',#10256,1.);
#10256 = DIRECTION('',(0.,1.,0.));
#10257 = ORIENTED_EDGE('',*,*,#10258,.T.);
#10258 = EDGE_CURVE('',#10251,#10259,#10261,.T.);
#10259 = VERTEX_POINT('',#10260);
#10260 = CARTESIAN_POINT('',(36.,28.5,1.635));
#10261 = LINE('',#10262,#10263);
#10262 = CARTESIAN_POINT('',(36.,28.5,1.6));
#10263 = VECTOR('',#10264,1.);
#10264 = DIRECTION('',(0.,0.,1.));
#10265 = ORIENTED_EDGE('',*,*,#10266,.F.);
#10266 = EDGE_CURVE('',#10243,#10259,#10267,.T.);
#10267 = LINE('',#10268,#10269);
#10268 = CARTESIAN_POINT('',(36.,26.5,1.635));
#10269 = VECTOR('',#10270,1.);
#10270 = DIRECTION('',(0.,1.,0.));
#10271 = PLANE('',#10272);
#10272 = AXIS2_PLACEMENT_3D('',#10273,#10274,#10275);
#10273 = CARTESIAN_POINT('',(36.,26.5,1.6));
#10274 = DIRECTION('',(1.,0.,0.));
#10275 = DIRECTION('',(0.,0.,1.));
#10276 = ADVANCED_FACE('',(#10277),#10293,.F.);
#10277 = FACE_BOUND('',#10278,.F.);
#10278 = EDGE_LOOP('',(#10279,#10285,#10286,#10292));
#10279 = ORIENTED_EDGE('',*,*,#10280,.F.);
#10280 = EDGE_CURVE('',#10201,#10241,#10281,.T.);
#10281 = LINE('',#10282,#10283);
#10282 = CARTESIAN_POINT('',(34.,26.5,1.6));
#10283 = VECTOR('',#10284,1.);
#10284 = DIRECTION('',(1.,0.,0.));
#10285 = ORIENTED_EDGE('',*,*,#10200,.T.);
#10286 = ORIENTED_EDGE('',*,*,#10287,.T.);
#10287 = EDGE_CURVE('',#10203,#10243,#10288,.T.);
#10288 = LINE('',#10289,#10290);
#10289 = CARTESIAN_POINT('',(34.,26.5,1.635));
#10290 = VECTOR('',#10291,1.);
#10291 = DIRECTION('',(1.,0.,0.));
#10292 = ORIENTED_EDGE('',*,*,#10240,.F.);
#10293 = PLANE('',#10294);
#10294 = AXIS2_PLACEMENT_3D('',#10295,#10296,#10297);
#10295 = CARTESIAN_POINT('',(34.,26.5,1.6));
#10296 = DIRECTION('',(0.,1.,0.));
#10297 = DIRECTION('',(0.,0.,1.));
#10298 = ADVANCED_FACE('',(#10299),#10315,.T.);
#10299 = FACE_BOUND('',#10300,.T.);
#10300 = EDGE_LOOP('',(#10301,#10307,#10308,#10314));
#10301 = ORIENTED_EDGE('',*,*,#10302,.F.);
#10302 = EDGE_CURVE('',#10211,#10251,#10303,.T.);
#10303 = LINE('',#10304,#10305);
#10304 = CARTESIAN_POINT('',(34.,28.5,1.6));
#10305 = VECTOR('',#10306,1.);
#10306 = DIRECTION('',(1.,0.,0.));
#10307 = ORIENTED_EDGE('',*,*,#10218,.T.);
#10308 = ORIENTED_EDGE('',*,*,#10309,.T.);
#10309 = EDGE_CURVE('',#10219,#10259,#10310,.T.);
#10310 = LINE('',#10311,#10312);
#10311 = CARTESIAN_POINT('',(34.,28.5,1.635));
#10312 = VECTOR('',#10313,1.);
#10313 = DIRECTION('',(1.,0.,0.));
#10314 = ORIENTED_EDGE('',*,*,#10258,.F.);
#10315 = PLANE('',#10316);
#10316 = AXIS2_PLACEMENT_3D('',#10317,#10318,#10319);
#10317 = CARTESIAN_POINT('',(34.,28.5,1.6));
#10318 = DIRECTION('',(0.,1.,0.));
#10319 = DIRECTION('',(0.,0.,1.));
#10320 = ADVANCED_FACE('',(#10321),#10327,.F.);
#10321 = FACE_BOUND('',#10322,.F.);
#10322 = EDGE_LOOP('',(#10323,#10324,#10325,#10326));
#10323 = ORIENTED_EDGE('',*,*,#10210,.F.);
#10324 = ORIENTED_EDGE('',*,*,#10280,.T.);
#10325 = ORIENTED_EDGE('',*,*,#10250,.T.);
#10326 = ORIENTED_EDGE('',*,*,#10302,.F.);
#10327 = PLANE('',#10328);
#10328 = AXIS2_PLACEMENT_3D('',#10329,#10330,#10331);
#10329 = CARTESIAN_POINT('',(34.,26.5,1.6));
#10330 = DIRECTION('',(0.,0.,1.));
#10331 = DIRECTION('',(1.,0.,0.));
#10332 = ADVANCED_FACE('',(#10333),#10339,.T.);
#10333 = FACE_BOUND('',#10334,.T.);
#10334 = EDGE_LOOP('',(#10335,#10336,#10337,#10338));
#10335 = ORIENTED_EDGE('',*,*,#10226,.F.);
#10336 = ORIENTED_EDGE('',*,*,#10287,.T.);
#10337 = ORIENTED_EDGE('',*,*,#10266,.T.);
#10338 = ORIENTED_EDGE('',*,*,#10309,.F.);
#10339 = PLANE('',#10340);
#10340 = AXIS2_PLACEMENT_3D('',#10341,#10342,#10343);
#10341 = CARTESIAN_POINT('',(34.,26.5,1.635));
#10342 = DIRECTION('',(0.,0.,1.));
#10343 = DIRECTION('',(1.,0.,0.));
#10344 = MANIFOLD_SOLID_BREP('',#10345);
#10345 = CLOSED_SHELL('',(#10346,#10386,#10426,#10448,#10470,#10482));
#10346 = ADVANCED_FACE('',(#10347),#10381,.F.);
#10347 = FACE_BOUND('',#10348,.F.);
#10348 = EDGE_LOOP('',(#10349,#10359,#10367,#10375));
#10349 = ORIENTED_EDGE('',*,*,#10350,.F.);
#10350 = EDGE_CURVE('',#10351,#10353,#10355,.T.);
#10351 = VERTEX_POINT('',#10352);
#10352 = CARTESIAN_POINT('',(40.5,26.5,1.6));
#10353 = VERTEX_POINT('',#10354);
#10354 = CARTESIAN_POINT('',(40.5,26.5,1.635));
#10355 = LINE('',#10356,#10357);
#10356 = CARTESIAN_POINT('',(40.5,26.5,1.6));
#10357 = VECTOR('',#10358,1.);
#10358 = DIRECTION('',(0.,0.,1.));
#10359 = ORIENTED_EDGE('',*,*,#10360,.T.);
#10360 = EDGE_CURVE('',#10351,#10361,#10363,.T.);
#10361 = VERTEX_POINT('',#10362);
#10362 = CARTESIAN_POINT('',(40.5,28.5,1.6));
#10363 = LINE('',#10364,#10365);
#10364 = CARTESIAN_POINT('',(40.5,26.5,1.6));
#10365 = VECTOR('',#10366,1.);
#10366 = DIRECTION('',(0.,1.,0.));
#10367 = ORIENTED_EDGE('',*,*,#10368,.T.);
#10368 = EDGE_CURVE('',#10361,#10369,#10371,.T.);
#10369 = VERTEX_POINT('',#10370);
#10370 = CARTESIAN_POINT('',(40.5,28.5,1.635));
#10371 = LINE('',#10372,#10373);
#10372 = CARTESIAN_POINT('',(40.5,28.5,1.6));
#10373 = VECTOR('',#10374,1.);
#10374 = DIRECTION('',(0.,0.,1.));
#10375 = ORIENTED_EDGE('',*,*,#10376,.F.);
#10376 = EDGE_CURVE('',#10353,#10369,#10377,.T.);
#10377 = LINE('',#10378,#10379);
#10378 = CARTESIAN_POINT('',(40.5,26.5,1.635));
#10379 = VECTOR('',#10380,1.);
#10380 = DIRECTION('',(0.,1.,0.));
#10381 = PLANE('',#10382);
#10382 = AXIS2_PLACEMENT_3D('',#10383,#10384,#10385);
#10383 = CARTESIAN_POINT('',(40.5,26.5,1.6));
#10384 = DIRECTION('',(1.,0.,0.));
#10385 = DIRECTION('',(0.,0.,1.));
#10386 = ADVANCED_FACE('',(#10387),#10421,.T.);
#10387 = FACE_BOUND('',#10388,.T.);
#10388 = EDGE_LOOP('',(#10389,#10399,#10407,#10415));
#10389 = ORIENTED_EDGE('',*,*,#10390,.F.);
#10390 = EDGE_CURVE('',#10391,#10393,#10395,.T.);
#10391 = VERTEX_POINT('',#10392);
#10392 = CARTESIAN_POINT('',(42.5,26.5,1.6));
#10393 = VERTEX_POINT('',#10394);
#10394 = CARTESIAN_POINT('',(42.5,26.5,1.635));
#10395 = LINE('',#10396,#10397);
#10396 = CARTESIAN_POINT('',(42.5,26.5,1.6));
#10397 = VECTOR('',#10398,1.);
#10398 = DIRECTION('',(0.,0.,1.));
#10399 = ORIENTED_EDGE('',*,*,#10400,.T.);
#10400 = EDGE_CURVE('',#10391,#10401,#10403,.T.);
#10401 = VERTEX_POINT('',#10402);
#10402 = CARTESIAN_POINT('',(42.5,28.5,1.6));
#10403 = LINE('',#10404,#10405);
#10404 = CARTESIAN_POINT('',(42.5,26.5,1.6));
#10405 = VECTOR('',#10406,1.);
#10406 = DIRECTION('',(0.,1.,0.));
#10407 = ORIENTED_EDGE('',*,*,#10408,.T.);
#10408 = EDGE_CURVE('',#10401,#10409,#10411,.T.);
#10409 = VERTEX_POINT('',#10410);
#10410 = CARTESIAN_POINT('',(42.5,28.5,1.635));
#10411 = LINE('',#10412,#10413);
#10412 = CARTESIAN_POINT('',(42.5,28.5,1.6));
#10413 = VECTOR('',#10414,1.);
#10414 = DIRECTION('',(0.,0.,1.));
#10415 = ORIENTED_EDGE('',*,*,#10416,.F.);
#10416 = EDGE_CURVE('',#10393,#10409,#10417,.T.);
#10417 = LINE('',#10418,#10419);
#10418 = CARTESIAN_POINT('',(42.5,26.5,1.635));
#10419 = VECTOR('',#10420,1.);
#10420 = DIRECTION('',(0.,1.,0.));
#10421 = PLANE('',#10422);
#10422 = AXIS2_PLACEMENT_3D('',#10423,#10424,#10425);
#10423 = CARTESIAN_POINT('',(42.5,26.5,1.6));
#10424 = DIRECTION('',(1.,0.,0.));
#10425 = DIRECTION('',(0.,0.,1.));
#10426 = ADVANCED_FACE('',(#10427),#10443,.F.);
#10427 = FACE_BOUND('',#10428,.F.);
#10428 = EDGE_LOOP('',(#10429,#10435,#10436,#10442));
#10429 = ORIENTED_EDGE('',*,*,#10430,.F.);
#10430 = EDGE_CURVE('',#10351,#10391,#10431,.T.);
#10431 = LINE('',#10432,#10433);
#10432 = CARTESIAN_POINT('',(40.5,26.5,1.6));
#10433 = VECTOR('',#10434,1.);
#10434 = DIRECTION('',(1.,0.,0.));
#10435 = ORIENTED_EDGE('',*,*,#10350,.T.);
#10436 = ORIENTED_EDGE('',*,*,#10437,.T.);
#10437 = EDGE_CURVE('',#10353,#10393,#10438,.T.);
#10438 = LINE('',#10439,#10440);
#10439 = CARTESIAN_POINT('',(40.5,26.5,1.635));
#10440 = VECTOR('',#10441,1.);
#10441 = DIRECTION('',(1.,0.,0.));
#10442 = ORIENTED_EDGE('',*,*,#10390,.F.);
#10443 = PLANE('',#10444);
#10444 = AXIS2_PLACEMENT_3D('',#10445,#10446,#10447);
#10445 = CARTESIAN_POINT('',(40.5,26.5,1.6));
#10446 = DIRECTION('',(0.,1.,0.));
#10447 = DIRECTION('',(0.,0.,1.));
#10448 = ADVANCED_FACE('',(#10449),#10465,.T.);
#10449 = FACE_BOUND('',#10450,.T.);
#10450 = EDGE_LOOP('',(#10451,#10457,#10458,#10464));
#10451 = ORIENTED_EDGE('',*,*,#10452,.F.);
#10452 = EDGE_CURVE('',#10361,#10401,#10453,.T.);
#10453 = LINE('',#10454,#10455);
#10454 = CARTESIAN_POINT('',(40.5,28.5,1.6));
#10455 = VECTOR('',#10456,1.);
#10456 = DIRECTION('',(1.,0.,0.));
#10457 = ORIENTED_EDGE('',*,*,#10368,.T.);
#10458 = ORIENTED_EDGE('',*,*,#10459,.T.);
#10459 = EDGE_CURVE('',#10369,#10409,#10460,.T.);
#10460 = LINE('',#10461,#10462);
#10461 = CARTESIAN_POINT('',(40.5,28.5,1.635));
#10462 = VECTOR('',#10463,1.);
#10463 = DIRECTION('',(1.,0.,0.));
#10464 = ORIENTED_EDGE('',*,*,#10408,.F.);
#10465 = PLANE('',#10466);
#10466 = AXIS2_PLACEMENT_3D('',#10467,#10468,#10469);
#10467 = CARTESIAN_POINT('',(40.5,28.5,1.6));
#10468 = DIRECTION('',(0.,1.,0.));
#10469 = DIRECTION('',(0.,0.,1.));
#10470 = ADVANCED_FACE('',(#10471),#10477,.F.);
#10471 = FACE_BOUND('',#10472,.F.);
#10472 = EDGE_LOOP('',(#10473,#10474,#10475,#10476));
#10473 = ORIENTED_EDGE('',*,*,#10360,.F.);
#10474 = ORIENTED_EDGE('',*,*,#10430,.T.);
#10475 = ORIENTED_EDGE('',*,*,#10400,.T.);
#10476 = ORIENTED_EDGE('',*,*,#10452,.F.);
#10477 = PLANE('',#10478);
#10478 = AXIS2_PLACEMENT_3D('',#10479,#10480,#10481);
#10479 = CARTESIAN_POINT('',(40.5,26.5,1.6));
#10480 = DIRECTION('',(0.,0.,1.));
#10481 = DIRECTION('',(1.,0.,0.));
#10482 = ADVANCED_FACE('',(#10483),#10489,.T.);
#10483 = FACE_BOUND('',#10484,.T.);
#10484 = EDGE_LOOP('',(#10485,#10486,#10487,#10488));
#10485 = ORIENTED_EDGE('',*,*,#10376,.F.);
#10486 = ORIENTED_EDGE('',*,*,#10437,.T.);
#10487 = ORIENTED_EDGE('',*,*,#10416,.T.);
#10488 = ORIENTED_EDGE('',*,*,#10459,.F.);
#10489 = PLANE('',#10490);
#10490 = AXIS2_PLACEMENT_3D('',#10491,#10492,#10493);
#10491 = CARTESIAN_POINT('',(40.5,26.5,1.635));
#10492 = DIRECTION('',(0.,0.,1.));
#10493 = DIRECTION('',(1.,0.,0.));
#10494 = MANIFOLD_SOLID_BREP('',#10495);
#10495 = CLOSED_SHELL('',(#10496,#10536,#10576,#10598,#10620,#10632));
#10496 = ADVANCED_FACE('',(#10497),#10531,.F.);
#10497 = FACE_BOUND('',#10498,.F.);
#10498 = EDGE_LOOP('',(#10499,#10509,#10517,#10525));
#10499 = ORIENTED_EDGE('',*,*,#10500,.F.);
#10500 = EDGE_CURVE('',#10501,#10503,#10505,.T.);
#10501 = VERTEX_POINT('',#10502);
#10502 = CARTESIAN_POINT('',(9.15,11.5,1.6));
#10503 = VERTEX_POINT('',#10504);
#10504 = CARTESIAN_POINT('',(9.15,11.5,3.05));
#10505 = LINE('',#10506,#10507);
#10506 = CARTESIAN_POINT('',(9.15,11.5,1.6));
#10507 = VECTOR('',#10508,1.);
#10508 = DIRECTION('',(0.,0.,1.));
#10509 = ORIENTED_EDGE('',*,*,#10510,.T.);
#10510 = EDGE_CURVE('',#10501,#10511,#10513,.T.);
#10511 = VERTEX_POINT('',#10512);
#10512 = CARTESIAN_POINT('',(9.15,14.5,1.6));
#10513 = LINE('',#10514,#10515);
#10514 = CARTESIAN_POINT('',(9.15,11.5,1.6));
#10515 = VECTOR('',#10516,1.);
#10516 = DIRECTION('',(0.,1.,0.));
#10517 = ORIENTED_EDGE('',*,*,#10518,.T.);
#10518 = EDGE_CURVE('',#10511,#10519,#10521,.T.);
#10519 = VERTEX_POINT('',#10520);
#10520 = CARTESIAN_POINT('',(9.15,14.5,3.05));
#10521 = LINE('',#10522,#10523);
#10522 = CARTESIAN_POINT('',(9.15,14.5,1.6));
#10523 = VECTOR('',#10524,1.);
#10524 = DIRECTION('',(0.,0.,1.));
#10525 = ORIENTED_EDGE('',*,*,#10526,.F.);
#10526 = EDGE_CURVE('',#10503,#10519,#10527,.T.);
#10527 = LINE('',#10528,#10529);
#10528 = CARTESIAN_POINT('',(9.15,11.5,3.05));
#10529 = VECTOR('',#10530,1.);
#10530 = DIRECTION('',(0.,1.,0.));
#10531 = PLANE('',#10532);
#10532 = AXIS2_PLACEMENT_3D('',#10533,#10534,#10535);
#10533 = CARTESIAN_POINT('',(9.15,11.5,1.6));
#10534 = DIRECTION('',(1.,0.,0.));
#10535 = DIRECTION('',(0.,0.,1.));
#10536 = ADVANCED_FACE('',(#10537),#10571,.T.);
#10537 = FACE_BOUND('',#10538,.T.);
#10538 = EDGE_LOOP('',(#10539,#10549,#10557,#10565));
#10539 = ORIENTED_EDGE('',*,*,#10540,.F.);
#10540 = EDGE_CURVE('',#10541,#10543,#10545,.T.);
#10541 = VERTEX_POINT('',#10542);
#10542 = CARTESIAN_POINT('',(10.85,11.5,1.6));
#10543 = VERTEX_POINT('',#10544);
#10544 = CARTESIAN_POINT('',(10.85,11.5,3.05));
#10545 = LINE('',#10546,#10547);
#10546 = CARTESIAN_POINT('',(10.85,11.5,1.6));
#10547 = VECTOR('',#10548,1.);
#10548 = DIRECTION('',(0.,0.,1.));
#10549 = ORIENTED_EDGE('',*,*,#10550,.T.);
#10550 = EDGE_CURVE('',#10541,#10551,#10553,.T.);
#10551 = VERTEX_POINT('',#10552);
#10552 = CARTESIAN_POINT('',(10.85,14.5,1.6));
#10553 = LINE('',#10554,#10555);
#10554 = CARTESIAN_POINT('',(10.85,11.5,1.6));
#10555 = VECTOR('',#10556,1.);
#10556 = DIRECTION('',(0.,1.,0.));
#10557 = ORIENTED_EDGE('',*,*,#10558,.T.);
#10558 = EDGE_CURVE('',#10551,#10559,#10561,.T.);
#10559 = VERTEX_POINT('',#10560);
#10560 = CARTESIAN_POINT('',(10.85,14.5,3.05));
#10561 = LINE('',#10562,#10563);
#10562 = CARTESIAN_POINT('',(10.85,14.5,1.6));
#10563 = VECTOR('',#10564,1.);
#10564 = DIRECTION('',(0.,0.,1.));
#10565 = ORIENTED_EDGE('',*,*,#10566,.F.);
#10566 = EDGE_CURVE('',#10543,#10559,#10567,.T.);
#10567 = LINE('',#10568,#10569);
#10568 = CARTESIAN_POINT('',(10.85,11.5,3.05));
#10569 = VECTOR('',#10570,1.);
#10570 = DIRECTION('',(0.,1.,0.));
#10571 = PLANE('',#10572);
#10572 = AXIS2_PLACEMENT_3D('',#10573,#10574,#10575);
#10573 = CARTESIAN_POINT('',(10.85,11.5,1.6));
#10574 = DIRECTION('',(1.,0.,0.));
#10575 = DIRECTION('',(0.,0.,1.));
#10576 = ADVANCED_FACE('',(#10577),#10593,.F.);
#10577 = FACE_BOUND('',#10578,.F.);
#10578 = EDGE_LOOP('',(#10579,#10585,#10586,#10592));
#10579 = ORIENTED_EDGE('',*,*,#10580,.F.);
#10580 = EDGE_CURVE('',#10501,#10541,#10581,.T.);
#10581 = LINE('',#10582,#10583);
#10582 = CARTESIAN_POINT('',(9.15,11.5,1.6));
#10583 = VECTOR('',#10584,1.);
#10584 = DIRECTION('',(1.,0.,0.));
#10585 = ORIENTED_EDGE('',*,*,#10500,.T.);
#10586 = ORIENTED_EDGE('',*,*,#10587,.T.);
#10587 = EDGE_CURVE('',#10503,#10543,#10588,.T.);
#10588 = LINE('',#10589,#10590);
#10589 = CARTESIAN_POINT('',(9.15,11.5,3.05));
#10590 = VECTOR('',#10591,1.);
#10591 = DIRECTION('',(1.,0.,0.));
#10592 = ORIENTED_EDGE('',*,*,#10540,.F.);
#10593 = PLANE('',#10594);
#10594 = AXIS2_PLACEMENT_3D('',#10595,#10596,#10597);
#10595 = CARTESIAN_POINT('',(9.15,11.5,1.6));
#10596 = DIRECTION('',(0.,1.,0.));
#10597 = DIRECTION('',(0.,0.,1.));
#10598 = ADVANCED_FACE('',(#10599),#10615,.T.);
#10599 = FACE_BOUND('',#10600,.T.);
#10600 = EDGE_LOOP('',(#10601,#10607,#10608,#10614));
#10601 = ORIENTED_EDGE('',*,*,#10602,.F.);
#10602 = EDGE_CURVE('',#10511,#10551,#10603,.T.);
#10603 = LINE('',#10604,#10605);
#10604 = CARTESIAN_POINT('',(9.15,14.5,1.6));
#10605 = VECTOR('',#10606,1.);
#10606 = DIRECTION('',(1.,0.,0.));
#10607 = ORIENTED_EDGE('',*,*,#10518,.T.);
#10608 = ORIENTED_EDGE('',*,*,#10609,.T.);
#10609 = EDGE_CURVE('',#10519,#10559,#10610,.T.);
#10610 = LINE('',#10611,#10612);
#10611 = CARTESIAN_POINT('',(9.15,14.5,3.05));
#10612 = VECTOR('',#10613,1.);
#10613 = DIRECTION('',(1.,0.,0.));
#10614 = ORIENTED_EDGE('',*,*,#10558,.F.);
#10615 = PLANE('',#10616);
#10616 = AXIS2_PLACEMENT_3D('',#10617,#10618,#10619);
#10617 = CARTESIAN_POINT('',(9.15,14.5,1.6));
#10618 = DIRECTION('',(0.,1.,0.));
#10619 = DIRECTION('',(0.,0.,1.));
#10620 = ADVANCED_FACE('',(#10621),#10627,.F.);
#10621 = FACE_BOUND('',#10622,.F.);
#10622 = EDGE_LOOP('',(#10623,#10624,#10625,#10626));
#10623 = ORIENTED_EDGE('',*,*,#10510,.F.);
#10624 = ORIENTED_EDGE('',*,*,#10580,.T.);
#10625 = ORIENTED_EDGE('',*,*,#10550,.T.);
#10626 = ORIENTED_EDGE('',*,*,#10602,.F.);
#10627 = PLANE('',#10628);
#10628 = AXIS2_PLACEMENT_3D('',#10629,#10630,#10631);
#10629 = CARTESIAN_POINT('',(9.15,11.5,1.6));
#10630 = DIRECTION('',(0.,0.,1.));
#10631 = DIRECTION('',(1.,0.,0.));
#10632 = ADVANCED_FACE('',(#10633),#10639,.T.);
#10633 = FACE_BOUND('',#10634,.T.);
#10634 = EDGE_LOOP('',(#10635,#10636,#10637,#10638));
#10635 = ORIENTED_EDGE('',*,*,#10526,.F.);
#10636 = ORIENTED_EDGE('',*,*,#10587,.T.);
#10637 = ORIENTED_EDGE('',*,*,#10566,.T.);
#10638 = ORIENTED_EDGE('',*,*,#10609,.F.);
#10639 = PLANE('',#10640);
#10640 = AXIS2_PLACEMENT_3D('',#10641,#10642,#10643);
#10641 = CARTESIAN_POINT('',(9.15,11.5,3.05));
#10642 = DIRECTION('',(0.,0.,1.));
#10643 = DIRECTION('',(1.,0.,0.));
#10644 = MANIFOLD_SOLID_BREP('',#10645);
#10645 = CLOSED_SHELL('',(#10646,#10686,#10726,#10748,#10770,#10782));
#10646 = ADVANCED_FACE('',(#10647),#10681,.F.);
#10647 = FACE_BOUND('',#10648,.F.);
#10648 = EDGE_LOOP('',(#10649,#10659,#10667,#10675));
#10649 = ORIENTED_EDGE('',*,*,#10650,.F.);
#10650 = EDGE_CURVE('',#10651,#10653,#10655,.T.);
#10651 = VERTEX_POINT('',#10652);
#10652 = CARTESIAN_POINT('',(8.2,13.65,1.6));
#10653 = VERTEX_POINT('',#10654);
#10654 = CARTESIAN_POINT('',(8.2,13.65,1.635));
#10655 = LINE('',#10656,#10657);
#10656 = CARTESIAN_POINT('',(8.2,13.65,1.6));
#10657 = VECTOR('',#10658,1.);
#10658 = DIRECTION('',(0.,0.,1.));
#10659 = ORIENTED_EDGE('',*,*,#10660,.T.);
#10660 = EDGE_CURVE('',#10651,#10661,#10663,.T.);
#10661 = VERTEX_POINT('',#10662);
#10662 = CARTESIAN_POINT('',(8.2,14.25,1.6));
#10663 = LINE('',#10664,#10665);
#10664 = CARTESIAN_POINT('',(8.2,13.65,1.6));
#10665 = VECTOR('',#10666,1.);
#10666 = DIRECTION('',(0.,1.,0.));
#10667 = ORIENTED_EDGE('',*,*,#10668,.T.);
#10668 = EDGE_CURVE('',#10661,#10669,#10671,.T.);
#10669 = VERTEX_POINT('',#10670);
#10670 = CARTESIAN_POINT('',(8.2,14.25,1.635));
#10671 = LINE('',#10672,#10673);
#10672 = CARTESIAN_POINT('',(8.2,14.25,1.6));
#10673 = VECTOR('',#10674,1.);
#10674 = DIRECTION('',(0.,0.,1.));
#10675 = ORIENTED_EDGE('',*,*,#10676,.F.);
#10676 = EDGE_CURVE('',#10653,#10669,#10677,.T.);
#10677 = LINE('',#10678,#10679);
#10678 = CARTESIAN_POINT('',(8.2,13.65,1.635));
#10679 = VECTOR('',#10680,1.);
#10680 = DIRECTION('',(0.,1.,0.));
#10681 = PLANE('',#10682);
#10682 = AXIS2_PLACEMENT_3D('',#10683,#10684,#10685);
#10683 = CARTESIAN_POINT('',(8.2,13.65,1.6));
#10684 = DIRECTION('',(1.,0.,0.));
#10685 = DIRECTION('',(0.,0.,1.));
#10686 = ADVANCED_FACE('',(#10687),#10721,.T.);
#10687 = FACE_BOUND('',#10688,.T.);
#10688 = EDGE_LOOP('',(#10689,#10699,#10707,#10715));
#10689 = ORIENTED_EDGE('',*,*,#10690,.F.);
#10690 = EDGE_CURVE('',#10691,#10693,#10695,.T.);
#10691 = VERTEX_POINT('',#10692);
#10692 = CARTESIAN_POINT('',(9.525,13.65,1.6));
#10693 = VERTEX_POINT('',#10694);
#10694 = CARTESIAN_POINT('',(9.525,13.65,1.635));
#10695 = LINE('',#10696,#10697);
#10696 = CARTESIAN_POINT('',(9.525,13.65,1.6));
#10697 = VECTOR('',#10698,1.);
#10698 = DIRECTION('',(0.,0.,1.));
#10699 = ORIENTED_EDGE('',*,*,#10700,.T.);
#10700 = EDGE_CURVE('',#10691,#10701,#10703,.T.);
#10701 = VERTEX_POINT('',#10702);
#10702 = CARTESIAN_POINT('',(9.525,14.25,1.6));
#10703 = LINE('',#10704,#10705);
#10704 = CARTESIAN_POINT('',(9.525,13.65,1.6));
#10705 = VECTOR('',#10706,1.);
#10706 = DIRECTION('',(0.,1.,0.));
#10707 = ORIENTED_EDGE('',*,*,#10708,.T.);
#10708 = EDGE_CURVE('',#10701,#10709,#10711,.T.);
#10709 = VERTEX_POINT('',#10710);
#10710 = CARTESIAN_POINT('',(9.525,14.25,1.635));
#10711 = LINE('',#10712,#10713);
#10712 = CARTESIAN_POINT('',(9.525,14.25,1.6));
#10713 = VECTOR('',#10714,1.);
#10714 = DIRECTION('',(0.,0.,1.));
#10715 = ORIENTED_EDGE('',*,*,#10716,.F.);
#10716 = EDGE_CURVE('',#10693,#10709,#10717,.T.);
#10717 = LINE('',#10718,#10719);
#10718 = CARTESIAN_POINT('',(9.525,13.65,1.635));
#10719 = VECTOR('',#10720,1.);
#10720 = DIRECTION('',(0.,1.,0.));
#10721 = PLANE('',#10722);
#10722 = AXIS2_PLACEMENT_3D('',#10723,#10724,#10725);
#10723 = CARTESIAN_POINT('',(9.525,13.65,1.6));
#10724 = DIRECTION('',(1.,0.,0.));
#10725 = DIRECTION('',(0.,0.,1.));
#10726 = ADVANCED_FACE('',(#10727),#10743,.F.);
#10727 = FACE_BOUND('',#10728,.F.);
#10728 = EDGE_LOOP('',(#10729,#10735,#10736,#10742));
#10729 = ORIENTED_EDGE('',*,*,#10730,.F.);
#10730 = EDGE_CURVE('',#10651,#10691,#10731,.T.);
#10731 = LINE('',#10732,#10733);
#10732 = CARTESIAN_POINT('',(8.2,13.65,1.6));
#10733 = VECTOR('',#10734,1.);
#10734 = DIRECTION('',(1.,0.,0.));
#10735 = ORIENTED_EDGE('',*,*,#10650,.T.);
#10736 = ORIENTED_EDGE('',*,*,#10737,.T.);
#10737 = EDGE_CURVE('',#10653,#10693,#10738,.T.);
#10738 = LINE('',#10739,#10740);
#10739 = CARTESIAN_POINT('',(8.2,13.65,1.635));
#10740 = VECTOR('',#10741,1.);
#10741 = DIRECTION('',(1.,0.,0.));
#10742 = ORIENTED_EDGE('',*,*,#10690,.F.);
#10743 = PLANE('',#10744);
#10744 = AXIS2_PLACEMENT_3D('',#10745,#10746,#10747);
#10745 = CARTESIAN_POINT('',(8.2,13.65,1.6));
#10746 = DIRECTION('',(0.,1.,0.));
#10747 = DIRECTION('',(0.,0.,1.));
#10748 = ADVANCED_FACE('',(#10749),#10765,.T.);
#10749 = FACE_BOUND('',#10750,.T.);
#10750 = EDGE_LOOP('',(#10751,#10757,#10758,#10764));
#10751 = ORIENTED_EDGE('',*,*,#10752,.F.);
#10752 = EDGE_CURVE('',#10661,#10701,#10753,.T.);
#10753 = LINE('',#10754,#10755);
#10754 = CARTESIAN_POINT('',(8.2,14.25,1.6));
#10755 = VECTOR('',#10756,1.);
#10756 = DIRECTION('',(1.,0.,0.));
#10757 = ORIENTED_EDGE('',*,*,#10668,.T.);
#10758 = ORIENTED_EDGE('',*,*,#10759,.T.);
#10759 = EDGE_CURVE('',#10669,#10709,#10760,.T.);
#10760 = LINE('',#10761,#10762);
#10761 = CARTESIAN_POINT('',(8.2,14.25,1.635));
#10762 = VECTOR('',#10763,1.);
#10763 = DIRECTION('',(1.,0.,0.));
#10764 = ORIENTED_EDGE('',*,*,#10708,.F.);
#10765 = PLANE('',#10766);
#10766 = AXIS2_PLACEMENT_3D('',#10767,#10768,#10769);
#10767 = CARTESIAN_POINT('',(8.2,14.25,1.6));
#10768 = DIRECTION('',(0.,1.,0.));
#10769 = DIRECTION('',(0.,0.,1.));
#10770 = ADVANCED_FACE('',(#10771),#10777,.F.);
#10771 = FACE_BOUND('',#10772,.F.);
#10772 = EDGE_LOOP('',(#10773,#10774,#10775,#10776));
#10773 = ORIENTED_EDGE('',*,*,#10660,.F.);
#10774 = ORIENTED_EDGE('',*,*,#10730,.T.);
#10775 = ORIENTED_EDGE('',*,*,#10700,.T.);
#10776 = ORIENTED_EDGE('',*,*,#10752,.F.);
#10777 = PLANE('',#10778);
#10778 = AXIS2_PLACEMENT_3D('',#10779,#10780,#10781);
#10779 = CARTESIAN_POINT('',(8.2,13.65,1.6));
#10780 = DIRECTION('',(0.,0.,1.));
#10781 = DIRECTION('',(1.,0.,0.));
#10782 = ADVANCED_FACE('',(#10783),#10789,.T.);
#10783 = FACE_BOUND('',#10784,.T.);
#10784 = EDGE_LOOP('',(#10785,#10786,#10787,#10788));
#10785 = ORIENTED_EDGE('',*,*,#10676,.F.);
#10786 = ORIENTED_EDGE('',*,*,#10737,.T.);
#10787 = ORIENTED_EDGE('',*,*,#10716,.T.);
#10788 = ORIENTED_EDGE('',*,*,#10759,.F.);
#10789 = PLANE('',#10790);
#10790 = AXIS2_PLACEMENT_3D('',#10791,#10792,#10793);
#10791 = CARTESIAN_POINT('',(8.2,13.65,1.635));
#10792 = DIRECTION('',(0.,0.,1.));
#10793 = DIRECTION('',(1.,0.,0.));
#10794 = MANIFOLD_SOLID_BREP('',#10795);
#10795 = CLOSED_SHELL('',(#10796,#10836,#10876,#10898,#10920,#10932));
#10796 = ADVANCED_FACE('',(#10797),#10831,.F.);
#10797 = FACE_BOUND('',#10798,.F.);
#10798 = EDGE_LOOP('',(#10799,#10809,#10817,#10825));
#10799 = ORIENTED_EDGE('',*,*,#10800,.F.);
#10800 = EDGE_CURVE('',#10801,#10803,#10805,.T.);
#10801 = VERTEX_POINT('',#10802);
#10802 = CARTESIAN_POINT('',(8.2,12.7,1.6));
#10803 = VERTEX_POINT('',#10804);
#10804 = CARTESIAN_POINT('',(8.2,12.7,1.635));
#10805 = LINE('',#10806,#10807);
#10806 = CARTESIAN_POINT('',(8.2,12.7,1.6));
#10807 = VECTOR('',#10808,1.);
#10808 = DIRECTION('',(0.,0.,1.));
#10809 = ORIENTED_EDGE('',*,*,#10810,.T.);
#10810 = EDGE_CURVE('',#10801,#10811,#10813,.T.);
#10811 = VERTEX_POINT('',#10812);
#10812 = CARTESIAN_POINT('',(8.2,13.3,1.6));
#10813 = LINE('',#10814,#10815);
#10814 = CARTESIAN_POINT('',(8.2,12.7,1.6));
#10815 = VECTOR('',#10816,1.);
#10816 = DIRECTION('',(0.,1.,0.));
#10817 = ORIENTED_EDGE('',*,*,#10818,.T.);
#10818 = EDGE_CURVE('',#10811,#10819,#10821,.T.);
#10819 = VERTEX_POINT('',#10820);
#10820 = CARTESIAN_POINT('',(8.2,13.3,1.635));
#10821 = LINE('',#10822,#10823);
#10822 = CARTESIAN_POINT('',(8.2,13.3,1.6));
#10823 = VECTOR('',#10824,1.);
#10824 = DIRECTION('',(0.,0.,1.));
#10825 = ORIENTED_EDGE('',*,*,#10826,.F.);
#10826 = EDGE_CURVE('',#10803,#10819,#10827,.T.);
#10827 = LINE('',#10828,#10829);
#10828 = CARTESIAN_POINT('',(8.2,12.7,1.635));
#10829 = VECTOR('',#10830,1.);
#10830 = DIRECTION('',(0.,1.,0.));
#10831 = PLANE('',#10832);
#10832 = AXIS2_PLACEMENT_3D('',#10833,#10834,#10835);
#10833 = CARTESIAN_POINT('',(8.2,12.7,1.6));
#10834 = DIRECTION('',(1.,0.,0.));
#10835 = DIRECTION('',(0.,0.,1.));
#10836 = ADVANCED_FACE('',(#10837),#10871,.T.);
#10837 = FACE_BOUND('',#10838,.T.);
#10838 = EDGE_LOOP('',(#10839,#10849,#10857,#10865));
#10839 = ORIENTED_EDGE('',*,*,#10840,.F.);
#10840 = EDGE_CURVE('',#10841,#10843,#10845,.T.);
#10841 = VERTEX_POINT('',#10842);
#10842 = CARTESIAN_POINT('',(9.525,12.7,1.6));
#10843 = VERTEX_POINT('',#10844);
#10844 = CARTESIAN_POINT('',(9.525,12.7,1.635));
#10845 = LINE('',#10846,#10847);
#10846 = CARTESIAN_POINT('',(9.525,12.7,1.6));
#10847 = VECTOR('',#10848,1.);
#10848 = DIRECTION('',(0.,0.,1.));
#10849 = ORIENTED_EDGE('',*,*,#10850,.T.);
#10850 = EDGE_CURVE('',#10841,#10851,#10853,.T.);
#10851 = VERTEX_POINT('',#10852);
#10852 = CARTESIAN_POINT('',(9.525,13.3,1.6));
#10853 = LINE('',#10854,#10855);
#10854 = CARTESIAN_POINT('',(9.525,12.7,1.6));
#10855 = VECTOR('',#10856,1.);
#10856 = DIRECTION('',(0.,1.,0.));
#10857 = ORIENTED_EDGE('',*,*,#10858,.T.);
#10858 = EDGE_CURVE('',#10851,#10859,#10861,.T.);
#10859 = VERTEX_POINT('',#10860);
#10860 = CARTESIAN_POINT('',(9.525,13.3,1.635));
#10861 = LINE('',#10862,#10863);
#10862 = CARTESIAN_POINT('',(9.525,13.3,1.6));
#10863 = VECTOR('',#10864,1.);
#10864 = DIRECTION('',(0.,0.,1.));
#10865 = ORIENTED_EDGE('',*,*,#10866,.F.);
#10866 = EDGE_CURVE('',#10843,#10859,#10867,.T.);
#10867 = LINE('',#10868,#10869);
#10868 = CARTESIAN_POINT('',(9.525,12.7,1.635));
#10869 = VECTOR('',#10870,1.);
#10870 = DIRECTION('',(0.,1.,0.));
#10871 = PLANE('',#10872);
#10872 = AXIS2_PLACEMENT_3D('',#10873,#10874,#10875);
#10873 = CARTESIAN_POINT('',(9.525,12.7,1.6));
#10874 = DIRECTION('',(1.,0.,0.));
#10875 = DIRECTION('',(0.,0.,1.));
#10876 = ADVANCED_FACE('',(#10877),#10893,.F.);
#10877 = FACE_BOUND('',#10878,.F.);
#10878 = EDGE_LOOP('',(#10879,#10885,#10886,#10892));
#10879 = ORIENTED_EDGE('',*,*,#10880,.F.);
#10880 = EDGE_CURVE('',#10801,#10841,#10881,.T.);
#10881 = LINE('',#10882,#10883);
#10882 = CARTESIAN_POINT('',(8.2,12.7,1.6));
#10883 = VECTOR('',#10884,1.);
#10884 = DIRECTION('',(1.,0.,0.));
#10885 = ORIENTED_EDGE('',*,*,#10800,.T.);
#10886 = ORIENTED_EDGE('',*,*,#10887,.T.);
#10887 = EDGE_CURVE('',#10803,#10843,#10888,.T.);
#10888 = LINE('',#10889,#10890);
#10889 = CARTESIAN_POINT('',(8.2,12.7,1.635));
#10890 = VECTOR('',#10891,1.);
#10891 = DIRECTION('',(1.,0.,0.));
#10892 = ORIENTED_EDGE('',*,*,#10840,.F.);
#10893 = PLANE('',#10894);
#10894 = AXIS2_PLACEMENT_3D('',#10895,#10896,#10897);
#10895 = CARTESIAN_POINT('',(8.2,12.7,1.6));
#10896 = DIRECTION('',(0.,1.,0.));
#10897 = DIRECTION('',(0.,0.,1.));
#10898 = ADVANCED_FACE('',(#10899),#10915,.T.);
#10899 = FACE_BOUND('',#10900,.T.);
#10900 = EDGE_LOOP('',(#10901,#10907,#10908,#10914));
#10901 = ORIENTED_EDGE('',*,*,#10902,.F.);
#10902 = EDGE_CURVE('',#10811,#10851,#10903,.T.);
#10903 = LINE('',#10904,#10905);
#10904 = CARTESIAN_POINT('',(8.2,13.3,1.6));
#10905 = VECTOR('',#10906,1.);
#10906 = DIRECTION('',(1.,0.,0.));
#10907 = ORIENTED_EDGE('',*,*,#10818,.T.);
#10908 = ORIENTED_EDGE('',*,*,#10909,.T.);
#10909 = EDGE_CURVE('',#10819,#10859,#10910,.T.);
#10910 = LINE('',#10911,#10912);
#10911 = CARTESIAN_POINT('',(8.2,13.3,1.635));
#10912 = VECTOR('',#10913,1.);
#10913 = DIRECTION('',(1.,0.,0.));
#10914 = ORIENTED_EDGE('',*,*,#10858,.F.);
#10915 = PLANE('',#10916);
#10916 = AXIS2_PLACEMENT_3D('',#10917,#10918,#10919);
#10917 = CARTESIAN_POINT('',(8.2,13.3,1.6));
#10918 = DIRECTION('',(0.,1.,0.));
#10919 = DIRECTION('',(0.,0.,1.));
#10920 = ADVANCED_FACE('',(#10921),#10927,.F.);
#10921 = FACE_BOUND('',#10922,.F.);
#10922 = EDGE_LOOP('',(#10923,#10924,#10925,#10926));
#10923 = ORIENTED_EDGE('',*,*,#10810,.F.);
#10924 = ORIENTED_EDGE('',*,*,#10880,.T.);
#10925 = ORIENTED_EDGE('',*,*,#10850,.T.);
#10926 = ORIENTED_EDGE('',*,*,#10902,.F.);
#10927 = PLANE('',#10928);
#10928 = AXIS2_PLACEMENT_3D('',#10929,#10930,#10931);
#10929 = CARTESIAN_POINT('',(8.2,12.7,1.6));
#10930 = DIRECTION('',(0.,0.,1.));
#10931 = DIRECTION('',(1.,0.,0.));
#10932 = ADVANCED_FACE('',(#10933),#10939,.T.);
#10933 = FACE_BOUND('',#10934,.T.);
#10934 = EDGE_LOOP('',(#10935,#10936,#10937,#10938));
#10935 = ORIENTED_EDGE('',*,*,#10826,.F.);
#10936 = ORIENTED_EDGE('',*,*,#10887,.T.);
#10937 = ORIENTED_EDGE('',*,*,#10866,.T.);
#10938 = ORIENTED_EDGE('',*,*,#10909,.F.);
#10939 = PLANE('',#10940);
#10940 = AXIS2_PLACEMENT_3D('',#10941,#10942,#10943);
#10941 = CARTESIAN_POINT('',(8.2,12.7,1.635));
#10942 = DIRECTION('',(0.,0.,1.));
#10943 = DIRECTION('',(1.,0.,0.));
#10944 = MANIFOLD_SOLID_BREP('',#10945);
#10945 = CLOSED_SHELL('',(#10946,#10986,#11026,#11048,#11070,#11082));
#10946 = ADVANCED_FACE('',(#10947),#10981,.F.);
#10947 = FACE_BOUND('',#10948,.F.);
#10948 = EDGE_LOOP('',(#10949,#10959,#10967,#10975));
#10949 = ORIENTED_EDGE('',*,*,#10950,.F.);
#10950 = EDGE_CURVE('',#10951,#10953,#10955,.T.);
#10951 = VERTEX_POINT('',#10952);
#10952 = CARTESIAN_POINT('',(8.2,11.75,1.6));
#10953 = VERTEX_POINT('',#10954);
#10954 = CARTESIAN_POINT('',(8.2,11.75,1.635));
#10955 = LINE('',#10956,#10957);
#10956 = CARTESIAN_POINT('',(8.2,11.75,1.6));
#10957 = VECTOR('',#10958,1.);
#10958 = DIRECTION('',(0.,0.,1.));
#10959 = ORIENTED_EDGE('',*,*,#10960,.T.);
#10960 = EDGE_CURVE('',#10951,#10961,#10963,.T.);
#10961 = VERTEX_POINT('',#10962);
#10962 = CARTESIAN_POINT('',(8.2,12.35,1.6));
#10963 = LINE('',#10964,#10965);
#10964 = CARTESIAN_POINT('',(8.2,11.75,1.6));
#10965 = VECTOR('',#10966,1.);
#10966 = DIRECTION('',(0.,1.,0.));
#10967 = ORIENTED_EDGE('',*,*,#10968,.T.);
#10968 = EDGE_CURVE('',#10961,#10969,#10971,.T.);
#10969 = VERTEX_POINT('',#10970);
#10970 = CARTESIAN_POINT('',(8.2,12.35,1.635));
#10971 = LINE('',#10972,#10973);
#10972 = CARTESIAN_POINT('',(8.2,12.35,1.6));
#10973 = VECTOR('',#10974,1.);
#10974 = DIRECTION('',(0.,0.,1.));
#10975 = ORIENTED_EDGE('',*,*,#10976,.F.);
#10976 = EDGE_CURVE('',#10953,#10969,#10977,.T.);
#10977 = LINE('',#10978,#10979);
#10978 = CARTESIAN_POINT('',(8.2,11.75,1.635));
#10979 = VECTOR('',#10980,1.);
#10980 = DIRECTION('',(0.,1.,0.));
#10981 = PLANE('',#10982);
#10982 = AXIS2_PLACEMENT_3D('',#10983,#10984,#10985);
#10983 = CARTESIAN_POINT('',(8.2,11.75,1.6));
#10984 = DIRECTION('',(1.,0.,0.));
#10985 = DIRECTION('',(0.,0.,1.));
#10986 = ADVANCED_FACE('',(#10987),#11021,.T.);
#10987 = FACE_BOUND('',#10988,.T.);
#10988 = EDGE_LOOP('',(#10989,#10999,#11007,#11015));
#10989 = ORIENTED_EDGE('',*,*,#10990,.F.);
#10990 = EDGE_CURVE('',#10991,#10993,#10995,.T.);
#10991 = VERTEX_POINT('',#10992);
#10992 = CARTESIAN_POINT('',(9.525,11.75,1.6));
#10993 = VERTEX_POINT('',#10994);
#10994 = CARTESIAN_POINT('',(9.525,11.75,1.635));
#10995 = LINE('',#10996,#10997);
#10996 = CARTESIAN_POINT('',(9.525,11.75,1.6));
#10997 = VECTOR('',#10998,1.);
#10998 = DIRECTION('',(0.,0.,1.));
#10999 = ORIENTED_EDGE('',*,*,#11000,.T.);
#11000 = EDGE_CURVE('',#10991,#11001,#11003,.T.);
#11001 = VERTEX_POINT('',#11002);
#11002 = CARTESIAN_POINT('',(9.525,12.35,1.6));
#11003 = LINE('',#11004,#11005);
#11004 = CARTESIAN_POINT('',(9.525,11.75,1.6));
#11005 = VECTOR('',#11006,1.);
#11006 = DIRECTION('',(0.,1.,0.));
#11007 = ORIENTED_EDGE('',*,*,#11008,.T.);
#11008 = EDGE_CURVE('',#11001,#11009,#11011,.T.);
#11009 = VERTEX_POINT('',#11010);
#11010 = CARTESIAN_POINT('',(9.525,12.35,1.635));
#11011 = LINE('',#11012,#11013);
#11012 = CARTESIAN_POINT('',(9.525,12.35,1.6));
#11013 = VECTOR('',#11014,1.);
#11014 = DIRECTION('',(0.,0.,1.));
#11015 = ORIENTED_EDGE('',*,*,#11016,.F.);
#11016 = EDGE_CURVE('',#10993,#11009,#11017,.T.);
#11017 = LINE('',#11018,#11019);
#11018 = CARTESIAN_POINT('',(9.525,11.75,1.635));
#11019 = VECTOR('',#11020,1.);
#11020 = DIRECTION('',(0.,1.,0.));
#11021 = PLANE('',#11022);
#11022 = AXIS2_PLACEMENT_3D('',#11023,#11024,#11025);
#11023 = CARTESIAN_POINT('',(9.525,11.75,1.6));
#11024 = DIRECTION('',(1.,0.,0.));
#11025 = DIRECTION('',(0.,0.,1.));
#11026 = ADVANCED_FACE('',(#11027),#11043,.F.);
#11027 = FACE_BOUND('',#11028,.F.);
#11028 = EDGE_LOOP('',(#11029,#11035,#11036,#11042));
#11029 = ORIENTED_EDGE('',*,*,#11030,.F.);
#11030 = EDGE_CURVE('',#10951,#10991,#11031,.T.);
#11031 = LINE('',#11032,#11033);
#11032 = CARTESIAN_POINT('',(8.2,11.75,1.6));
#11033 = VECTOR('',#11034,1.);
#11034 = DIRECTION('',(1.,0.,0.));
#11035 = ORIENTED_EDGE('',*,*,#10950,.T.);
#11036 = ORIENTED_EDGE('',*,*,#11037,.T.);
#11037 = EDGE_CURVE('',#10953,#10993,#11038,.T.);
#11038 = LINE('',#11039,#11040);
#11039 = CARTESIAN_POINT('',(8.2,11.75,1.635));
#11040 = VECTOR('',#11041,1.);
#11041 = DIRECTION('',(1.,0.,0.));
#11042 = ORIENTED_EDGE('',*,*,#10990,.F.);
#11043 = PLANE('',#11044);
#11044 = AXIS2_PLACEMENT_3D('',#11045,#11046,#11047);
#11045 = CARTESIAN_POINT('',(8.2,11.75,1.6));
#11046 = DIRECTION('',(0.,1.,0.));
#11047 = DIRECTION('',(0.,0.,1.));
#11048 = ADVANCED_FACE('',(#11049),#11065,.T.);
#11049 = FACE_BOUND('',#11050,.T.);
#11050 = EDGE_LOOP('',(#11051,#11057,#11058,#11064));
#11051 = ORIENTED_EDGE('',*,*,#11052,.F.);
#11052 = EDGE_CURVE('',#10961,#11001,#11053,.T.);
#11053 = LINE('',#11054,#11055);
#11054 = CARTESIAN_POINT('',(8.2,12.35,1.6));
#11055 = VECTOR('',#11056,1.);
#11056 = DIRECTION('',(1.,0.,0.));
#11057 = ORIENTED_EDGE('',*,*,#10968,.T.);
#11058 = ORIENTED_EDGE('',*,*,#11059,.T.);
#11059 = EDGE_CURVE('',#10969,#11009,#11060,.T.);
#11060 = LINE('',#11061,#11062);
#11061 = CARTESIAN_POINT('',(8.2,12.35,1.635));
#11062 = VECTOR('',#11063,1.);
#11063 = DIRECTION('',(1.,0.,0.));
#11064 = ORIENTED_EDGE('',*,*,#11008,.F.);
#11065 = PLANE('',#11066);
#11066 = AXIS2_PLACEMENT_3D('',#11067,#11068,#11069);
#11067 = CARTESIAN_POINT('',(8.2,12.35,1.6));
#11068 = DIRECTION('',(0.,1.,0.));
#11069 = DIRECTION('',(0.,0.,1.));
#11070 = ADVANCED_FACE('',(#11071),#11077,.F.);
#11071 = FACE_BOUND('',#11072,.F.);
#11072 = EDGE_LOOP('',(#11073,#11074,#11075,#11076));
#11073 = ORIENTED_EDGE('',*,*,#10960,.F.);
#11074 = ORIENTED_EDGE('',*,*,#11030,.T.);
#11075 = ORIENTED_EDGE('',*,*,#11000,.T.);
#11076 = ORIENTED_EDGE('',*,*,#11052,.F.);
#11077 = PLANE('',#11078);
#11078 = AXIS2_PLACEMENT_3D('',#11079,#11080,#11081);
#11079 = CARTESIAN_POINT('',(8.2,11.75,1.6));
#11080 = DIRECTION('',(0.,0.,1.));
#11081 = DIRECTION('',(1.,0.,0.));
#11082 = ADVANCED_FACE('',(#11083),#11089,.T.);
#11083 = FACE_BOUND('',#11084,.T.);
#11084 = EDGE_LOOP('',(#11085,#11086,#11087,#11088));
#11085 = ORIENTED_EDGE('',*,*,#10976,.F.);
#11086 = ORIENTED_EDGE('',*,*,#11037,.T.);
#11087 = ORIENTED_EDGE('',*,*,#11016,.T.);
#11088 = ORIENTED_EDGE('',*,*,#11059,.F.);
#11089 = PLANE('',#11090);
#11090 = AXIS2_PLACEMENT_3D('',#11091,#11092,#11093);
#11091 = CARTESIAN_POINT('',(8.2,11.75,1.635));
#11092 = DIRECTION('',(0.,0.,1.));
#11093 = DIRECTION('',(1.,0.,0.));
#11094 = MANIFOLD_SOLID_BREP('',#11095);
#11095 = CLOSED_SHELL('',(#11096,#11136,#11176,#11198,#11220,#11232));
#11096 = ADVANCED_FACE('',(#11097),#11131,.F.);
#11097 = FACE_BOUND('',#11098,.F.);
#11098 = EDGE_LOOP('',(#11099,#11109,#11117,#11125));
#11099 = ORIENTED_EDGE('',*,*,#11100,.F.);
#11100 = EDGE_CURVE('',#11101,#11103,#11105,.T.);
#11101 = VERTEX_POINT('',#11102);
#11102 = CARTESIAN_POINT('',(10.475,11.75,1.6));
#11103 = VERTEX_POINT('',#11104);
#11104 = CARTESIAN_POINT('',(10.475,11.75,1.635));
#11105 = LINE('',#11106,#11107);
#11106 = CARTESIAN_POINT('',(10.475,11.75,1.6));
#11107 = VECTOR('',#11108,1.);
#11108 = DIRECTION('',(0.,0.,1.));
#11109 = ORIENTED_EDGE('',*,*,#11110,.T.);
#11110 = EDGE_CURVE('',#11101,#11111,#11113,.T.);
#11111 = VERTEX_POINT('',#11112);
#11112 = CARTESIAN_POINT('',(10.475,12.35,1.6));
#11113 = LINE('',#11114,#11115);
#11114 = CARTESIAN_POINT('',(10.475,11.75,1.6));
#11115 = VECTOR('',#11116,1.);
#11116 = DIRECTION('',(0.,1.,0.));
#11117 = ORIENTED_EDGE('',*,*,#11118,.T.);
#11118 = EDGE_CURVE('',#11111,#11119,#11121,.T.);
#11119 = VERTEX_POINT('',#11120);
#11120 = CARTESIAN_POINT('',(10.475,12.35,1.635));
#11121 = LINE('',#11122,#11123);
#11122 = CARTESIAN_POINT('',(10.475,12.35,1.6));
#11123 = VECTOR('',#11124,1.);
#11124 = DIRECTION('',(0.,0.,1.));
#11125 = ORIENTED_EDGE('',*,*,#11126,.F.);
#11126 = EDGE_CURVE('',#11103,#11119,#11127,.T.);
#11127 = LINE('',#11128,#11129);
#11128 = CARTESIAN_POINT('',(10.475,11.75,1.635));
#11129 = VECTOR('',#11130,1.);
#11130 = DIRECTION('',(0.,1.,0.));
#11131 = PLANE('',#11132);
#11132 = AXIS2_PLACEMENT_3D('',#11133,#11134,#11135);
#11133 = CARTESIAN_POINT('',(10.475,11.75,1.6));
#11134 = DIRECTION('',(1.,0.,0.));
#11135 = DIRECTION('',(0.,0.,1.));
#11136 = ADVANCED_FACE('',(#11137),#11171,.T.);
#11137 = FACE_BOUND('',#11138,.T.);
#11138 = EDGE_LOOP('',(#11139,#11149,#11157,#11165));
#11139 = ORIENTED_EDGE('',*,*,#11140,.F.);
#11140 = EDGE_CURVE('',#11141,#11143,#11145,.T.);
#11141 = VERTEX_POINT('',#11142);
#11142 = CARTESIAN_POINT('',(11.8,11.75,1.6));
#11143 = VERTEX_POINT('',#11144);
#11144 = CARTESIAN_POINT('',(11.8,11.75,1.635));
#11145 = LINE('',#11146,#11147);
#11146 = CARTESIAN_POINT('',(11.8,11.75,1.6));
#11147 = VECTOR('',#11148,1.);
#11148 = DIRECTION('',(0.,0.,1.));
#11149 = ORIENTED_EDGE('',*,*,#11150,.T.);
#11150 = EDGE_CURVE('',#11141,#11151,#11153,.T.);
#11151 = VERTEX_POINT('',#11152);
#11152 = CARTESIAN_POINT('',(11.8,12.35,1.6));
#11153 = LINE('',#11154,#11155);
#11154 = CARTESIAN_POINT('',(11.8,11.75,1.6));
#11155 = VECTOR('',#11156,1.);
#11156 = DIRECTION('',(0.,1.,0.));
#11157 = ORIENTED_EDGE('',*,*,#11158,.T.);
#11158 = EDGE_CURVE('',#11151,#11159,#11161,.T.);
#11159 = VERTEX_POINT('',#11160);
#11160 = CARTESIAN_POINT('',(11.8,12.35,1.635));
#11161 = LINE('',#11162,#11163);
#11162 = CARTESIAN_POINT('',(11.8,12.35,1.6));
#11163 = VECTOR('',#11164,1.);
#11164 = DIRECTION('',(0.,0.,1.));
#11165 = ORIENTED_EDGE('',*,*,#11166,.F.);
#11166 = EDGE_CURVE('',#11143,#11159,#11167,.T.);
#11167 = LINE('',#11168,#11169);
#11168 = CARTESIAN_POINT('',(11.8,11.75,1.635));
#11169 = VECTOR('',#11170,1.);
#11170 = DIRECTION('',(0.,1.,0.));
#11171 = PLANE('',#11172);
#11172 = AXIS2_PLACEMENT_3D('',#11173,#11174,#11175);
#11173 = CARTESIAN_POINT('',(11.8,11.75,1.6));
#11174 = DIRECTION('',(1.,0.,0.));
#11175 = DIRECTION('',(0.,0.,1.));
#11176 = ADVANCED_FACE('',(#11177),#11193,.F.);
#11177 = FACE_BOUND('',#11178,.F.);
#11178 = EDGE_LOOP('',(#11179,#11185,#11186,#11192));
#11179 = ORIENTED_EDGE('',*,*,#11180,.F.);
#11180 = EDGE_CURVE('',#11101,#11141,#11181,.T.);
#11181 = LINE('',#11182,#11183);
#11182 = CARTESIAN_POINT('',(10.475,11.75,1.6));
#11183 = VECTOR('',#11184,1.);
#11184 = DIRECTION('',(1.,0.,0.));
#11185 = ORIENTED_EDGE('',*,*,#11100,.T.);
#11186 = ORIENTED_EDGE('',*,*,#11187,.T.);
#11187 = EDGE_CURVE('',#11103,#11143,#11188,.T.);
#11188 = LINE('',#11189,#11190);
#11189 = CARTESIAN_POINT('',(10.475,11.75,1.635));
#11190 = VECTOR('',#11191,1.);
#11191 = DIRECTION('',(1.,0.,0.));
#11192 = ORIENTED_EDGE('',*,*,#11140,.F.);
#11193 = PLANE('',#11194);
#11194 = AXIS2_PLACEMENT_3D('',#11195,#11196,#11197);
#11195 = CARTESIAN_POINT('',(10.475,11.75,1.6));
#11196 = DIRECTION('',(0.,1.,0.));
#11197 = DIRECTION('',(0.,0.,1.));
#11198 = ADVANCED_FACE('',(#11199),#11215,.T.);
#11199 = FACE_BOUND('',#11200,.T.);
#11200 = EDGE_LOOP('',(#11201,#11207,#11208,#11214));
#11201 = ORIENTED_EDGE('',*,*,#11202,.F.);
#11202 = EDGE_CURVE('',#11111,#11151,#11203,.T.);
#11203 = LINE('',#11204,#11205);
#11204 = CARTESIAN_POINT('',(10.475,12.35,1.6));
#11205 = VECTOR('',#11206,1.);
#11206 = DIRECTION('',(1.,0.,0.));
#11207 = ORIENTED_EDGE('',*,*,#11118,.T.);
#11208 = ORIENTED_EDGE('',*,*,#11209,.T.);
#11209 = EDGE_CURVE('',#11119,#11159,#11210,.T.);
#11210 = LINE('',#11211,#11212);
#11211 = CARTESIAN_POINT('',(10.475,12.35,1.635));
#11212 = VECTOR('',#11213,1.);
#11213 = DIRECTION('',(1.,0.,0.));
#11214 = ORIENTED_EDGE('',*,*,#11158,.F.);
#11215 = PLANE('',#11216);
#11216 = AXIS2_PLACEMENT_3D('',#11217,#11218,#11219);
#11217 = CARTESIAN_POINT('',(10.475,12.35,1.6));
#11218 = DIRECTION('',(0.,1.,0.));
#11219 = DIRECTION('',(0.,0.,1.));
#11220 = ADVANCED_FACE('',(#11221),#11227,.F.);
#11221 = FACE_BOUND('',#11222,.F.);
#11222 = EDGE_LOOP('',(#11223,#11224,#11225,#11226));
#11223 = ORIENTED_EDGE('',*,*,#11110,.F.);
#11224 = ORIENTED_EDGE('',*,*,#11180,.T.);
#11225 = ORIENTED_EDGE('',*,*,#11150,.T.);
#11226 = ORIENTED_EDGE('',*,*,#11202,.F.);
#11227 = PLANE('',#11228);
#11228 = AXIS2_PLACEMENT_3D('',#11229,#11230,#11231);
#11229 = CARTESIAN_POINT('',(10.475,11.75,1.6));
#11230 = DIRECTION('',(0.,0.,1.));
#11231 = DIRECTION('',(1.,0.,0.));
#11232 = ADVANCED_FACE('',(#11233),#11239,.T.);
#11233 = FACE_BOUND('',#11234,.T.);
#11234 = EDGE_LOOP('',(#11235,#11236,#11237,#11238));
#11235 = ORIENTED_EDGE('',*,*,#11126,.F.);
#11236 = ORIENTED_EDGE('',*,*,#11187,.T.);
#11237 = ORIENTED_EDGE('',*,*,#11166,.T.);
#11238 = ORIENTED_EDGE('',*,*,#11209,.F.);
#11239 = PLANE('',#11240);
#11240 = AXIS2_PLACEMENT_3D('',#11241,#11242,#11243);
#11241 = CARTESIAN_POINT('',(10.475,11.75,1.635));
#11242 = DIRECTION('',(0.,0.,1.));
#11243 = DIRECTION('',(1.,0.,0.));
#11244 = MANIFOLD_SOLID_BREP('',#11245);
#11245 = CLOSED_SHELL('',(#11246,#11286,#11326,#11348,#11370,#11382));
#11246 = ADVANCED_FACE('',(#11247),#11281,.F.);
#11247 = FACE_BOUND('',#11248,.F.);
#11248 = EDGE_LOOP('',(#11249,#11259,#11267,#11275));
#11249 = ORIENTED_EDGE('',*,*,#11250,.F.);
#11250 = EDGE_CURVE('',#11251,#11253,#11255,.T.);
#11251 = VERTEX_POINT('',#11252);
#11252 = CARTESIAN_POINT('',(10.475,13.65,1.6));
#11253 = VERTEX_POINT('',#11254);
#11254 = CARTESIAN_POINT('',(10.475,13.65,1.635));
#11255 = LINE('',#11256,#11257);
#11256 = CARTESIAN_POINT('',(10.475,13.65,1.6));
#11257 = VECTOR('',#11258,1.);
#11258 = DIRECTION('',(0.,0.,1.));
#11259 = ORIENTED_EDGE('',*,*,#11260,.T.);
#11260 = EDGE_CURVE('',#11251,#11261,#11263,.T.);
#11261 = VERTEX_POINT('',#11262);
#11262 = CARTESIAN_POINT('',(10.475,14.25,1.6));
#11263 = LINE('',#11264,#11265);
#11264 = CARTESIAN_POINT('',(10.475,13.65,1.6));
#11265 = VECTOR('',#11266,1.);
#11266 = DIRECTION('',(0.,1.,0.));
#11267 = ORIENTED_EDGE('',*,*,#11268,.T.);
#11268 = EDGE_CURVE('',#11261,#11269,#11271,.T.);
#11269 = VERTEX_POINT('',#11270);
#11270 = CARTESIAN_POINT('',(10.475,14.25,1.635));
#11271 = LINE('',#11272,#11273);
#11272 = CARTESIAN_POINT('',(10.475,14.25,1.6));
#11273 = VECTOR('',#11274,1.);
#11274 = DIRECTION('',(0.,0.,1.));
#11275 = ORIENTED_EDGE('',*,*,#11276,.F.);
#11276 = EDGE_CURVE('',#11253,#11269,#11277,.T.);
#11277 = LINE('',#11278,#11279);
#11278 = CARTESIAN_POINT('',(10.475,13.65,1.635));
#11279 = VECTOR('',#11280,1.);
#11280 = DIRECTION('',(0.,1.,0.));
#11281 = PLANE('',#11282);
#11282 = AXIS2_PLACEMENT_3D('',#11283,#11284,#11285);
#11283 = CARTESIAN_POINT('',(10.475,13.65,1.6));
#11284 = DIRECTION('',(1.,0.,0.));
#11285 = DIRECTION('',(0.,0.,1.));
#11286 = ADVANCED_FACE('',(#11287),#11321,.T.);
#11287 = FACE_BOUND('',#11288,.T.);
#11288 = EDGE_LOOP('',(#11289,#11299,#11307,#11315));
#11289 = ORIENTED_EDGE('',*,*,#11290,.F.);
#11290 = EDGE_CURVE('',#11291,#11293,#11295,.T.);
#11291 = VERTEX_POINT('',#11292);
#11292 = CARTESIAN_POINT('',(11.8,13.65,1.6));
#11293 = VERTEX_POINT('',#11294);
#11294 = CARTESIAN_POINT('',(11.8,13.65,1.635));
#11295 = LINE('',#11296,#11297);
#11296 = CARTESIAN_POINT('',(11.8,13.65,1.6));
#11297 = VECTOR('',#11298,1.);
#11298 = DIRECTION('',(0.,0.,1.));
#11299 = ORIENTED_EDGE('',*,*,#11300,.T.);
#11300 = EDGE_CURVE('',#11291,#11301,#11303,.T.);
#11301 = VERTEX_POINT('',#11302);
#11302 = CARTESIAN_POINT('',(11.8,14.25,1.6));
#11303 = LINE('',#11304,#11305);
#11304 = CARTESIAN_POINT('',(11.8,13.65,1.6));
#11305 = VECTOR('',#11306,1.);
#11306 = DIRECTION('',(0.,1.,0.));
#11307 = ORIENTED_EDGE('',*,*,#11308,.T.);
#11308 = EDGE_CURVE('',#11301,#11309,#11311,.T.);
#11309 = VERTEX_POINT('',#11310);
#11310 = CARTESIAN_POINT('',(11.8,14.25,1.635));
#11311 = LINE('',#11312,#11313);
#11312 = CARTESIAN_POINT('',(11.8,14.25,1.6));
#11313 = VECTOR('',#11314,1.);
#11314 = DIRECTION('',(0.,0.,1.));
#11315 = ORIENTED_EDGE('',*,*,#11316,.F.);
#11316 = EDGE_CURVE('',#11293,#11309,#11317,.T.);
#11317 = LINE('',#11318,#11319);
#11318 = CARTESIAN_POINT('',(11.8,13.65,1.635));
#11319 = VECTOR('',#11320,1.);
#11320 = DIRECTION('',(0.,1.,0.));
#11321 = PLANE('',#11322);
#11322 = AXIS2_PLACEMENT_3D('',#11323,#11324,#11325);
#11323 = CARTESIAN_POINT('',(11.8,13.65,1.6));
#11324 = DIRECTION('',(1.,0.,0.));
#11325 = DIRECTION('',(0.,0.,1.));
#11326 = ADVANCED_FACE('',(#11327),#11343,.F.);
#11327 = FACE_BOUND('',#11328,.F.);
#11328 = EDGE_LOOP('',(#11329,#11335,#11336,#11342));
#11329 = ORIENTED_EDGE('',*,*,#11330,.F.);
#11330 = EDGE_CURVE('',#11251,#11291,#11331,.T.);
#11331 = LINE('',#11332,#11333);
#11332 = CARTESIAN_POINT('',(10.475,13.65,1.6));
#11333 = VECTOR('',#11334,1.);
#11334 = DIRECTION('',(1.,0.,0.));
#11335 = ORIENTED_EDGE('',*,*,#11250,.T.);
#11336 = ORIENTED_EDGE('',*,*,#11337,.T.);
#11337 = EDGE_CURVE('',#11253,#11293,#11338,.T.);
#11338 = LINE('',#11339,#11340);
#11339 = CARTESIAN_POINT('',(10.475,13.65,1.635));
#11340 = VECTOR('',#11341,1.);
#11341 = DIRECTION('',(1.,0.,0.));
#11342 = ORIENTED_EDGE('',*,*,#11290,.F.);
#11343 = PLANE('',#11344);
#11344 = AXIS2_PLACEMENT_3D('',#11345,#11346,#11347);
#11345 = CARTESIAN_POINT('',(10.475,13.65,1.6));
#11346 = DIRECTION('',(0.,1.,0.));
#11347 = DIRECTION('',(0.,0.,1.));
#11348 = ADVANCED_FACE('',(#11349),#11365,.T.);
#11349 = FACE_BOUND('',#11350,.T.);
#11350 = EDGE_LOOP('',(#11351,#11357,#11358,#11364));
#11351 = ORIENTED_EDGE('',*,*,#11352,.F.);
#11352 = EDGE_CURVE('',#11261,#11301,#11353,.T.);
#11353 = LINE('',#11354,#11355);
#11354 = CARTESIAN_POINT('',(10.475,14.25,1.6));
#11355 = VECTOR('',#11356,1.);
#11356 = DIRECTION('',(1.,0.,0.));
#11357 = ORIENTED_EDGE('',*,*,#11268,.T.);
#11358 = ORIENTED_EDGE('',*,*,#11359,.T.);
#11359 = EDGE_CURVE('',#11269,#11309,#11360,.T.);
#11360 = LINE('',#11361,#11362);
#11361 = CARTESIAN_POINT('',(10.475,14.25,1.635));
#11362 = VECTOR('',#11363,1.);
#11363 = DIRECTION('',(1.,0.,0.));
#11364 = ORIENTED_EDGE('',*,*,#11308,.F.);
#11365 = PLANE('',#11366);
#11366 = AXIS2_PLACEMENT_3D('',#11367,#11368,#11369);
#11367 = CARTESIAN_POINT('',(10.475,14.25,1.6));
#11368 = DIRECTION('',(0.,1.,0.));
#11369 = DIRECTION('',(0.,0.,1.));
#11370 = ADVANCED_FACE('',(#11371),#11377,.F.);
#11371 = FACE_BOUND('',#11372,.F.);
#11372 = EDGE_LOOP('',(#11373,#11374,#11375,#11376));
#11373 = ORIENTED_EDGE('',*,*,#11260,.F.);
#11374 = ORIENTED_EDGE('',*,*,#11330,.T.);
#11375 = ORIENTED_EDGE('',*,*,#11300,.T.);
#11376 = ORIENTED_EDGE('',*,*,#11352,.F.);
#11377 = PLANE('',#11378);
#11378 = AXIS2_PLACEMENT_3D('',#11379,#11380,#11381);
#11379 = CARTESIAN_POINT('',(10.475,13.65,1.6));
#11380 = DIRECTION('',(0.,0.,1.));
#11381 = DIRECTION('',(1.,0.,0.));
#11382 = ADVANCED_FACE('',(#11383),#11389,.T.);
#11383 = FACE_BOUND('',#11384,.T.);
#11384 = EDGE_LOOP('',(#11385,#11386,#11387,#11388));
#11385 = ORIENTED_EDGE('',*,*,#11276,.F.);
#11386 = ORIENTED_EDGE('',*,*,#11337,.T.);
#11387 = ORIENTED_EDGE('',*,*,#11316,.T.);
#11388 = ORIENTED_EDGE('',*,*,#11359,.F.);
#11389 = PLANE('',#11390);
#11390 = AXIS2_PLACEMENT_3D('',#11391,#11392,#11393);
#11391 = CARTESIAN_POINT('',(10.475,13.65,1.635));
#11392 = DIRECTION('',(0.,0.,1.));
#11393 = DIRECTION('',(1.,0.,0.));
#11394 = MANIFOLD_SOLID_BREP('',#11395);
#11395 = CLOSED_SHELL('',(#11396,#11436,#11476,#11498,#11520,#11532));
#11396 = ADVANCED_FACE('',(#11397),#11431,.F.);
#11397 = FACE_BOUND('',#11398,.F.);
#11398 = EDGE_LOOP('',(#11399,#11409,#11417,#11425));
#11399 = ORIENTED_EDGE('',*,*,#11400,.F.);
#11400 = EDGE_CURVE('',#11401,#11403,#11405,.T.);
#11401 = VERTEX_POINT('',#11402);
#11402 = CARTESIAN_POINT('',(7.15,5.5375,1.6));
#11403 = VERTEX_POINT('',#11404);
#11404 = CARTESIAN_POINT('',(7.15,5.5375,2.15));
#11405 = LINE('',#11406,#11407);
#11406 = CARTESIAN_POINT('',(7.15,5.5375,1.6));
#11407 = VECTOR('',#11408,1.);
#11408 = DIRECTION('',(0.,0.,1.));
#11409 = ORIENTED_EDGE('',*,*,#11410,.T.);
#11410 = EDGE_CURVE('',#11401,#11411,#11413,.T.);
#11411 = VERTEX_POINT('',#11412);
#11412 = CARTESIAN_POINT('',(7.15,6.4625,1.6));
#11413 = LINE('',#11414,#11415);
#11414 = CARTESIAN_POINT('',(7.15,5.5375,1.6));
#11415 = VECTOR('',#11416,1.);
#11416 = DIRECTION('',(0.,1.,0.));
#11417 = ORIENTED_EDGE('',*,*,#11418,.T.);
#11418 = EDGE_CURVE('',#11411,#11419,#11421,.T.);
#11419 = VERTEX_POINT('',#11420);
#11420 = CARTESIAN_POINT('',(7.15,6.4625,2.15));
#11421 = LINE('',#11422,#11423);
#11422 = CARTESIAN_POINT('',(7.15,6.4625,1.6));
#11423 = VECTOR('',#11424,1.);
#11424 = DIRECTION('',(0.,0.,1.));
#11425 = ORIENTED_EDGE('',*,*,#11426,.F.);
#11426 = EDGE_CURVE('',#11403,#11419,#11427,.T.);
#11427 = LINE('',#11428,#11429);
#11428 = CARTESIAN_POINT('',(7.15,5.5375,2.15));
#11429 = VECTOR('',#11430,1.);
#11430 = DIRECTION('',(0.,1.,0.));
#11431 = PLANE('',#11432);
#11432 = AXIS2_PLACEMENT_3D('',#11433,#11434,#11435);
#11433 = CARTESIAN_POINT('',(7.15,5.5375,1.6));
#11434 = DIRECTION('',(1.,0.,0.));
#11435 = DIRECTION('',(0.,0.,1.));
#11436 = ADVANCED_FACE('',(#11437),#11471,.T.);
#11437 = FACE_BOUND('',#11438,.T.);
#11438 = EDGE_LOOP('',(#11439,#11449,#11457,#11465));
#11439 = ORIENTED_EDGE('',*,*,#11440,.F.);
#11440 = EDGE_CURVE('',#11441,#11443,#11445,.T.);
#11441 = VERTEX_POINT('',#11442);
#11442 = CARTESIAN_POINT('',(8.85,5.5375,1.6));
#11443 = VERTEX_POINT('',#11444);
#11444 = CARTESIAN_POINT('',(8.85,5.5375,2.15));
#11445 = LINE('',#11446,#11447);
#11446 = CARTESIAN_POINT('',(8.85,5.5375,1.6));
#11447 = VECTOR('',#11448,1.);
#11448 = DIRECTION('',(0.,0.,1.));
#11449 = ORIENTED_EDGE('',*,*,#11450,.T.);
#11450 = EDGE_CURVE('',#11441,#11451,#11453,.T.);
#11451 = VERTEX_POINT('',#11452);
#11452 = CARTESIAN_POINT('',(8.85,6.4625,1.6));
#11453 = LINE('',#11454,#11455);
#11454 = CARTESIAN_POINT('',(8.85,5.5375,1.6));
#11455 = VECTOR('',#11456,1.);
#11456 = DIRECTION('',(0.,1.,0.));
#11457 = ORIENTED_EDGE('',*,*,#11458,.T.);
#11458 = EDGE_CURVE('',#11451,#11459,#11461,.T.);
#11459 = VERTEX_POINT('',#11460);
#11460 = CARTESIAN_POINT('',(8.85,6.4625,2.15));
#11461 = LINE('',#11462,#11463);
#11462 = CARTESIAN_POINT('',(8.85,6.4625,1.6));
#11463 = VECTOR('',#11464,1.);
#11464 = DIRECTION('',(0.,0.,1.));
#11465 = ORIENTED_EDGE('',*,*,#11466,.F.);
#11466 = EDGE_CURVE('',#11443,#11459,#11467,.T.);
#11467 = LINE('',#11468,#11469);
#11468 = CARTESIAN_POINT('',(8.85,5.5375,2.15));
#11469 = VECTOR('',#11470,1.);
#11470 = DIRECTION('',(0.,1.,0.));
#11471 = PLANE('',#11472);
#11472 = AXIS2_PLACEMENT_3D('',#11473,#11474,#11475);
#11473 = CARTESIAN_POINT('',(8.85,5.5375,1.6));
#11474 = DIRECTION('',(1.,0.,0.));
#11475 = DIRECTION('',(0.,0.,1.));
#11476 = ADVANCED_FACE('',(#11477),#11493,.F.);
#11477 = FACE_BOUND('',#11478,.F.);
#11478 = EDGE_LOOP('',(#11479,#11485,#11486,#11492));
#11479 = ORIENTED_EDGE('',*,*,#11480,.F.);
#11480 = EDGE_CURVE('',#11401,#11441,#11481,.T.);
#11481 = LINE('',#11482,#11483);
#11482 = CARTESIAN_POINT('',(7.15,5.5375,1.6));
#11483 = VECTOR('',#11484,1.);
#11484 = DIRECTION('',(1.,0.,0.));
#11485 = ORIENTED_EDGE('',*,*,#11400,.T.);
#11486 = ORIENTED_EDGE('',*,*,#11487,.T.);
#11487 = EDGE_CURVE('',#11403,#11443,#11488,.T.);
#11488 = LINE('',#11489,#11490);
#11489 = CARTESIAN_POINT('',(7.15,5.5375,2.15));
#11490 = VECTOR('',#11491,1.);
#11491 = DIRECTION('',(1.,0.,0.));
#11492 = ORIENTED_EDGE('',*,*,#11440,.F.);
#11493 = PLANE('',#11494);
#11494 = AXIS2_PLACEMENT_3D('',#11495,#11496,#11497);
#11495 = CARTESIAN_POINT('',(7.15,5.5375,1.6));
#11496 = DIRECTION('',(0.,1.,0.));
#11497 = DIRECTION('',(0.,0.,1.));
#11498 = ADVANCED_FACE('',(#11499),#11515,.T.);
#11499 = FACE_BOUND('',#11500,.T.);
#11500 = EDGE_LOOP('',(#11501,#11507,#11508,#11514));
#11501 = ORIENTED_EDGE('',*,*,#11502,.F.);
#11502 = EDGE_CURVE('',#11411,#11451,#11503,.T.);
#11503 = LINE('',#11504,#11505);
#11504 = CARTESIAN_POINT('',(7.15,6.4625,1.6));
#11505 = VECTOR('',#11506,1.);
#11506 = DIRECTION('',(1.,0.,0.));
#11507 = ORIENTED_EDGE('',*,*,#11418,.T.);
#11508 = ORIENTED_EDGE('',*,*,#11509,.T.);
#11509 = EDGE_CURVE('',#11419,#11459,#11510,.T.);
#11510 = LINE('',#11511,#11512);
#11511 = CARTESIAN_POINT('',(7.15,6.4625,2.15));
#11512 = VECTOR('',#11513,1.);
#11513 = DIRECTION('',(1.,0.,0.));
#11514 = ORIENTED_EDGE('',*,*,#11458,.F.);
#11515 = PLANE('',#11516);
#11516 = AXIS2_PLACEMENT_3D('',#11517,#11518,#11519);
#11517 = CARTESIAN_POINT('',(7.15,6.4625,1.6));
#11518 = DIRECTION('',(0.,1.,0.));
#11519 = DIRECTION('',(0.,0.,1.));
#11520 = ADVANCED_FACE('',(#11521),#11527,.F.);
#11521 = FACE_BOUND('',#11522,.F.);
#11522 = EDGE_LOOP('',(#11523,#11524,#11525,#11526));
#11523 = ORIENTED_EDGE('',*,*,#11410,.F.);
#11524 = ORIENTED_EDGE('',*,*,#11480,.T.);
#11525 = ORIENTED_EDGE('',*,*,#11450,.T.);
#11526 = ORIENTED_EDGE('',*,*,#11502,.F.);
#11527 = PLANE('',#11528);
#11528 = AXIS2_PLACEMENT_3D('',#11529,#11530,#11531);
#11529 = CARTESIAN_POINT('',(7.15,5.5375,1.6));
#11530 = DIRECTION('',(0.,0.,1.));
#11531 = DIRECTION('',(1.,0.,0.));
#11532 = ADVANCED_FACE('',(#11533),#11539,.T.);
#11533 = FACE_BOUND('',#11534,.T.);
#11534 = EDGE_LOOP('',(#11535,#11536,#11537,#11538));
#11535 = ORIENTED_EDGE('',*,*,#11426,.F.);
#11536 = ORIENTED_EDGE('',*,*,#11487,.T.);
#11537 = ORIENTED_EDGE('',*,*,#11466,.T.);
#11538 = ORIENTED_EDGE('',*,*,#11509,.F.);
#11539 = PLANE('',#11540);
#11540 = AXIS2_PLACEMENT_3D('',#11541,#11542,#11543);
#11541 = CARTESIAN_POINT('',(7.15,5.5375,2.15));
#11542 = DIRECTION('',(0.,0.,1.));
#11543 = DIRECTION('',(1.,0.,0.));
#11544 = MANIFOLD_SOLID_BREP('',#11545);
#11545 = CLOSED_SHELL('',(#11546,#11586,#11626,#11648,#11670,#11682));
#11546 = ADVANCED_FACE('',(#11547),#11581,.F.);
#11547 = FACE_BOUND('',#11548,.F.);
#11548 = EDGE_LOOP('',(#11549,#11559,#11567,#11575));
#11549 = ORIENTED_EDGE('',*,*,#11550,.F.);
#11550 = EDGE_CURVE('',#11551,#11553,#11555,.T.);
#11551 = VERTEX_POINT('',#11552);
#11552 = CARTESIAN_POINT('',(6.775,5.525,1.6));
#11553 = VERTEX_POINT('',#11554);
#11554 = CARTESIAN_POINT('',(6.775,5.525,1.635));
#11555 = LINE('',#11556,#11557);
#11556 = CARTESIAN_POINT('',(6.775,5.525,1.6));
#11557 = VECTOR('',#11558,1.);
#11558 = DIRECTION('',(0.,0.,1.));
#11559 = ORIENTED_EDGE('',*,*,#11560,.T.);
#11560 = EDGE_CURVE('',#11551,#11561,#11563,.T.);
#11561 = VERTEX_POINT('',#11562);
#11562 = CARTESIAN_POINT('',(6.775,6.475,1.6));
#11563 = LINE('',#11564,#11565);
#11564 = CARTESIAN_POINT('',(6.775,5.525,1.6));
#11565 = VECTOR('',#11566,1.);
#11566 = DIRECTION('',(0.,1.,0.));
#11567 = ORIENTED_EDGE('',*,*,#11568,.T.);
#11568 = EDGE_CURVE('',#11561,#11569,#11571,.T.);
#11569 = VERTEX_POINT('',#11570);
#11570 = CARTESIAN_POINT('',(6.775,6.475,1.635));
#11571 = LINE('',#11572,#11573);
#11572 = CARTESIAN_POINT('',(6.775,6.475,1.6));
#11573 = VECTOR('',#11574,1.);
#11574 = DIRECTION('',(0.,0.,1.));
#11575 = ORIENTED_EDGE('',*,*,#11576,.F.);
#11576 = EDGE_CURVE('',#11553,#11569,#11577,.T.);
#11577 = LINE('',#11578,#11579);
#11578 = CARTESIAN_POINT('',(6.775,5.525,1.635));
#11579 = VECTOR('',#11580,1.);
#11580 = DIRECTION('',(0.,1.,0.));
#11581 = PLANE('',#11582);
#11582 = AXIS2_PLACEMENT_3D('',#11583,#11584,#11585);
#11583 = CARTESIAN_POINT('',(6.775,5.525,1.6));
#11584 = DIRECTION('',(1.,0.,0.));
#11585 = DIRECTION('',(0.,0.,1.));
#11586 = ADVANCED_FACE('',(#11587),#11621,.T.);
#11587 = FACE_BOUND('',#11588,.T.);
#11588 = EDGE_LOOP('',(#11589,#11599,#11607,#11615));
#11589 = ORIENTED_EDGE('',*,*,#11590,.F.);
#11590 = EDGE_CURVE('',#11591,#11593,#11595,.T.);
#11591 = VERTEX_POINT('',#11592);
#11592 = CARTESIAN_POINT('',(7.575,5.525,1.6));
#11593 = VERTEX_POINT('',#11594);
#11594 = CARTESIAN_POINT('',(7.575,5.525,1.635));
#11595 = LINE('',#11596,#11597);
#11596 = CARTESIAN_POINT('',(7.575,5.525,1.6));
#11597 = VECTOR('',#11598,1.);
#11598 = DIRECTION('',(0.,0.,1.));
#11599 = ORIENTED_EDGE('',*,*,#11600,.T.);
#11600 = EDGE_CURVE('',#11591,#11601,#11603,.T.);
#11601 = VERTEX_POINT('',#11602);
#11602 = CARTESIAN_POINT('',(7.575,6.475,1.6));
#11603 = LINE('',#11604,#11605);
#11604 = CARTESIAN_POINT('',(7.575,5.525,1.6));
#11605 = VECTOR('',#11606,1.);
#11606 = DIRECTION('',(0.,1.,0.));
#11607 = ORIENTED_EDGE('',*,*,#11608,.T.);
#11608 = EDGE_CURVE('',#11601,#11609,#11611,.T.);
#11609 = VERTEX_POINT('',#11610);
#11610 = CARTESIAN_POINT('',(7.575,6.475,1.635));
#11611 = LINE('',#11612,#11613);
#11612 = CARTESIAN_POINT('',(7.575,6.475,1.6));
#11613 = VECTOR('',#11614,1.);
#11614 = DIRECTION('',(0.,0.,1.));
#11615 = ORIENTED_EDGE('',*,*,#11616,.F.);
#11616 = EDGE_CURVE('',#11593,#11609,#11617,.T.);
#11617 = LINE('',#11618,#11619);
#11618 = CARTESIAN_POINT('',(7.575,5.525,1.635));
#11619 = VECTOR('',#11620,1.);
#11620 = DIRECTION('',(0.,1.,0.));
#11621 = PLANE('',#11622);
#11622 = AXIS2_PLACEMENT_3D('',#11623,#11624,#11625);
#11623 = CARTESIAN_POINT('',(7.575,5.525,1.6));
#11624 = DIRECTION('',(1.,0.,0.));
#11625 = DIRECTION('',(0.,0.,1.));
#11626 = ADVANCED_FACE('',(#11627),#11643,.F.);
#11627 = FACE_BOUND('',#11628,.F.);
#11628 = EDGE_LOOP('',(#11629,#11635,#11636,#11642));
#11629 = ORIENTED_EDGE('',*,*,#11630,.F.);
#11630 = EDGE_CURVE('',#11551,#11591,#11631,.T.);
#11631 = LINE('',#11632,#11633);
#11632 = CARTESIAN_POINT('',(6.775,5.525,1.6));
#11633 = VECTOR('',#11634,1.);
#11634 = DIRECTION('',(1.,0.,0.));
#11635 = ORIENTED_EDGE('',*,*,#11550,.T.);
#11636 = ORIENTED_EDGE('',*,*,#11637,.T.);
#11637 = EDGE_CURVE('',#11553,#11593,#11638,.T.);
#11638 = LINE('',#11639,#11640);
#11639 = CARTESIAN_POINT('',(6.775,5.525,1.635));
#11640 = VECTOR('',#11641,1.);
#11641 = DIRECTION('',(1.,0.,0.));
#11642 = ORIENTED_EDGE('',*,*,#11590,.F.);
#11643 = PLANE('',#11644);
#11644 = AXIS2_PLACEMENT_3D('',#11645,#11646,#11647);
#11645 = CARTESIAN_POINT('',(6.775,5.525,1.6));
#11646 = DIRECTION('',(0.,1.,0.));
#11647 = DIRECTION('',(0.,0.,1.));
#11648 = ADVANCED_FACE('',(#11649),#11665,.T.);
#11649 = FACE_BOUND('',#11650,.T.);
#11650 = EDGE_LOOP('',(#11651,#11657,#11658,#11664));
#11651 = ORIENTED_EDGE('',*,*,#11652,.F.);
#11652 = EDGE_CURVE('',#11561,#11601,#11653,.T.);
#11653 = LINE('',#11654,#11655);
#11654 = CARTESIAN_POINT('',(6.775,6.475,1.6));
#11655 = VECTOR('',#11656,1.);
#11656 = DIRECTION('',(1.,0.,0.));
#11657 = ORIENTED_EDGE('',*,*,#11568,.T.);
#11658 = ORIENTED_EDGE('',*,*,#11659,.T.);
#11659 = EDGE_CURVE('',#11569,#11609,#11660,.T.);
#11660 = LINE('',#11661,#11662);
#11661 = CARTESIAN_POINT('',(6.775,6.475,1.635));
#11662 = VECTOR('',#11663,1.);
#11663 = DIRECTION('',(1.,0.,0.));
#11664 = ORIENTED_EDGE('',*,*,#11608,.F.);
#11665 = PLANE('',#11666);
#11666 = AXIS2_PLACEMENT_3D('',#11667,#11668,#11669);
#11667 = CARTESIAN_POINT('',(6.775,6.475,1.6));
#11668 = DIRECTION('',(0.,1.,0.));
#11669 = DIRECTION('',(0.,0.,1.));
#11670 = ADVANCED_FACE('',(#11671),#11677,.F.);
#11671 = FACE_BOUND('',#11672,.F.);
#11672 = EDGE_LOOP('',(#11673,#11674,#11675,#11676));
#11673 = ORIENTED_EDGE('',*,*,#11560,.F.);
#11674 = ORIENTED_EDGE('',*,*,#11630,.T.);
#11675 = ORIENTED_EDGE('',*,*,#11600,.T.);
#11676 = ORIENTED_EDGE('',*,*,#11652,.F.);
#11677 = PLANE('',#11678);
#11678 = AXIS2_PLACEMENT_3D('',#11679,#11680,#11681);
#11679 = CARTESIAN_POINT('',(6.775,5.525,1.6));
#11680 = DIRECTION('',(0.,0.,1.));
#11681 = DIRECTION('',(1.,0.,0.));
#11682 = ADVANCED_FACE('',(#11683),#11689,.T.);
#11683 = FACE_BOUND('',#11684,.T.);
#11684 = EDGE_LOOP('',(#11685,#11686,#11687,#11688));
#11685 = ORIENTED_EDGE('',*,*,#11576,.F.);
#11686 = ORIENTED_EDGE('',*,*,#11637,.T.);
#11687 = ORIENTED_EDGE('',*,*,#11616,.T.);
#11688 = ORIENTED_EDGE('',*,*,#11659,.F.);
#11689 = PLANE('',#11690);
#11690 = AXIS2_PLACEMENT_3D('',#11691,#11692,#11693);
#11691 = CARTESIAN_POINT('',(6.775,5.525,1.635));
#11692 = DIRECTION('',(0.,0.,1.));
#11693 = DIRECTION('',(1.,0.,0.));
#11694 = MANIFOLD_SOLID_BREP('',#11695);
#11695 = CLOSED_SHELL('',(#11696,#11736,#11776,#11798,#11820,#11832));
#11696 = ADVANCED_FACE('',(#11697),#11731,.F.);
#11697 = FACE_BOUND('',#11698,.F.);
#11698 = EDGE_LOOP('',(#11699,#11709,#11717,#11725));
#11699 = ORIENTED_EDGE('',*,*,#11700,.F.);
#11700 = EDGE_CURVE('',#11701,#11703,#11705,.T.);
#11701 = VERTEX_POINT('',#11702);
#11702 = CARTESIAN_POINT('',(8.425,5.525,1.6));
#11703 = VERTEX_POINT('',#11704);
#11704 = CARTESIAN_POINT('',(8.425,5.525,1.635));
#11705 = LINE('',#11706,#11707);
#11706 = CARTESIAN_POINT('',(8.425,5.525,1.6));
#11707 = VECTOR('',#11708,1.);
#11708 = DIRECTION('',(0.,0.,1.));
#11709 = ORIENTED_EDGE('',*,*,#11710,.T.);
#11710 = EDGE_CURVE('',#11701,#11711,#11713,.T.);
#11711 = VERTEX_POINT('',#11712);
#11712 = CARTESIAN_POINT('',(8.425,6.475,1.6));
#11713 = LINE('',#11714,#11715);
#11714 = CARTESIAN_POINT('',(8.425,5.525,1.6));
#11715 = VECTOR('',#11716,1.);
#11716 = DIRECTION('',(0.,1.,0.));
#11717 = ORIENTED_EDGE('',*,*,#11718,.T.);
#11718 = EDGE_CURVE('',#11711,#11719,#11721,.T.);
#11719 = VERTEX_POINT('',#11720);
#11720 = CARTESIAN_POINT('',(8.425,6.475,1.635));
#11721 = LINE('',#11722,#11723);
#11722 = CARTESIAN_POINT('',(8.425,6.475,1.6));
#11723 = VECTOR('',#11724,1.);
#11724 = DIRECTION('',(0.,0.,1.));
#11725 = ORIENTED_EDGE('',*,*,#11726,.F.);
#11726 = EDGE_CURVE('',#11703,#11719,#11727,.T.);
#11727 = LINE('',#11728,#11729);
#11728 = CARTESIAN_POINT('',(8.425,5.525,1.635));
#11729 = VECTOR('',#11730,1.);
#11730 = DIRECTION('',(0.,1.,0.));
#11731 = PLANE('',#11732);
#11732 = AXIS2_PLACEMENT_3D('',#11733,#11734,#11735);
#11733 = CARTESIAN_POINT('',(8.425,5.525,1.6));
#11734 = DIRECTION('',(1.,0.,0.));
#11735 = DIRECTION('',(0.,0.,1.));
#11736 = ADVANCED_FACE('',(#11737),#11771,.T.);
#11737 = FACE_BOUND('',#11738,.T.);
#11738 = EDGE_LOOP('',(#11739,#11749,#11757,#11765));
#11739 = ORIENTED_EDGE('',*,*,#11740,.F.);
#11740 = EDGE_CURVE('',#11741,#11743,#11745,.T.);
#11741 = VERTEX_POINT('',#11742);
#11742 = CARTESIAN_POINT('',(9.225,5.525,1.6));
#11743 = VERTEX_POINT('',#11744);
#11744 = CARTESIAN_POINT('',(9.225,5.525,1.635));
#11745 = LINE('',#11746,#11747);
#11746 = CARTESIAN_POINT('',(9.225,5.525,1.6));
#11747 = VECTOR('',#11748,1.);
#11748 = DIRECTION('',(0.,0.,1.));
#11749 = ORIENTED_EDGE('',*,*,#11750,.T.);
#11750 = EDGE_CURVE('',#11741,#11751,#11753,.T.);
#11751 = VERTEX_POINT('',#11752);
#11752 = CARTESIAN_POINT('',(9.225,6.475,1.6));
#11753 = LINE('',#11754,#11755);
#11754 = CARTESIAN_POINT('',(9.225,5.525,1.6));
#11755 = VECTOR('',#11756,1.);
#11756 = DIRECTION('',(0.,1.,0.));
#11757 = ORIENTED_EDGE('',*,*,#11758,.T.);
#11758 = EDGE_CURVE('',#11751,#11759,#11761,.T.);
#11759 = VERTEX_POINT('',#11760);
#11760 = CARTESIAN_POINT('',(9.225,6.475,1.635));
#11761 = LINE('',#11762,#11763);
#11762 = CARTESIAN_POINT('',(9.225,6.475,1.6));
#11763 = VECTOR('',#11764,1.);
#11764 = DIRECTION('',(0.,0.,1.));
#11765 = ORIENTED_EDGE('',*,*,#11766,.F.);
#11766 = EDGE_CURVE('',#11743,#11759,#11767,.T.);
#11767 = LINE('',#11768,#11769);
#11768 = CARTESIAN_POINT('',(9.225,5.525,1.635));
#11769 = VECTOR('',#11770,1.);
#11770 = DIRECTION('',(0.,1.,0.));
#11771 = PLANE('',#11772);
#11772 = AXIS2_PLACEMENT_3D('',#11773,#11774,#11775);
#11773 = CARTESIAN_POINT('',(9.225,5.525,1.6));
#11774 = DIRECTION('',(1.,0.,0.));
#11775 = DIRECTION('',(0.,0.,1.));
#11776 = ADVANCED_FACE('',(#11777),#11793,.F.);
#11777 = FACE_BOUND('',#11778,.F.);
#11778 = EDGE_LOOP('',(#11779,#11785,#11786,#11792));
#11779 = ORIENTED_EDGE('',*,*,#11780,.F.);
#11780 = EDGE_CURVE('',#11701,#11741,#11781,.T.);
#11781 = LINE('',#11782,#11783);
#11782 = CARTESIAN_POINT('',(8.425,5.525,1.6));
#11783 = VECTOR('',#11784,1.);
#11784 = DIRECTION('',(1.,0.,0.));
#11785 = ORIENTED_EDGE('',*,*,#11700,.T.);
#11786 = ORIENTED_EDGE('',*,*,#11787,.T.);
#11787 = EDGE_CURVE('',#11703,#11743,#11788,.T.);
#11788 = LINE('',#11789,#11790);
#11789 = CARTESIAN_POINT('',(8.425,5.525,1.635));
#11790 = VECTOR('',#11791,1.);
#11791 = DIRECTION('',(1.,0.,0.));
#11792 = ORIENTED_EDGE('',*,*,#11740,.F.);
#11793 = PLANE('',#11794);
#11794 = AXIS2_PLACEMENT_3D('',#11795,#11796,#11797);
#11795 = CARTESIAN_POINT('',(8.425,5.525,1.6));
#11796 = DIRECTION('',(0.,1.,0.));
#11797 = DIRECTION('',(0.,0.,1.));
#11798 = ADVANCED_FACE('',(#11799),#11815,.T.);
#11799 = FACE_BOUND('',#11800,.T.);
#11800 = EDGE_LOOP('',(#11801,#11807,#11808,#11814));
#11801 = ORIENTED_EDGE('',*,*,#11802,.F.);
#11802 = EDGE_CURVE('',#11711,#11751,#11803,.T.);
#11803 = LINE('',#11804,#11805);
#11804 = CARTESIAN_POINT('',(8.425,6.475,1.6));
#11805 = VECTOR('',#11806,1.);
#11806 = DIRECTION('',(1.,0.,0.));
#11807 = ORIENTED_EDGE('',*,*,#11718,.T.);
#11808 = ORIENTED_EDGE('',*,*,#11809,.T.);
#11809 = EDGE_CURVE('',#11719,#11759,#11810,.T.);
#11810 = LINE('',#11811,#11812);
#11811 = CARTESIAN_POINT('',(8.425,6.475,1.635));
#11812 = VECTOR('',#11813,1.);
#11813 = DIRECTION('',(1.,0.,0.));
#11814 = ORIENTED_EDGE('',*,*,#11758,.F.);
#11815 = PLANE('',#11816);
#11816 = AXIS2_PLACEMENT_3D('',#11817,#11818,#11819);
#11817 = CARTESIAN_POINT('',(8.425,6.475,1.6));
#11818 = DIRECTION('',(0.,1.,0.));
#11819 = DIRECTION('',(0.,0.,1.));
#11820 = ADVANCED_FACE('',(#11821),#11827,.F.);
#11821 = FACE_BOUND('',#11822,.F.);
#11822 = EDGE_LOOP('',(#11823,#11824,#11825,#11826));
#11823 = ORIENTED_EDGE('',*,*,#11710,.F.);
#11824 = ORIENTED_EDGE('',*,*,#11780,.T.);
#11825 = ORIENTED_EDGE('',*,*,#11750,.T.);
#11826 = ORIENTED_EDGE('',*,*,#11802,.F.);
#11827 = PLANE('',#11828);
#11828 = AXIS2_PLACEMENT_3D('',#11829,#11830,#11831);
#11829 = CARTESIAN_POINT('',(8.425,5.525,1.6));
#11830 = DIRECTION('',(0.,0.,1.));
#11831 = DIRECTION('',(1.,0.,0.));
#11832 = ADVANCED_FACE('',(#11833),#11839,.T.);
#11833 = FACE_BOUND('',#11834,.T.);
#11834 = EDGE_LOOP('',(#11835,#11836,#11837,#11838));
#11835 = ORIENTED_EDGE('',*,*,#11726,.F.);
#11836 = ORIENTED_EDGE('',*,*,#11787,.T.);
#11837 = ORIENTED_EDGE('',*,*,#11766,.T.);
#11838 = ORIENTED_EDGE('',*,*,#11809,.F.);
#11839 = PLANE('',#11840);
#11840 = AXIS2_PLACEMENT_3D('',#11841,#11842,#11843);
#11841 = CARTESIAN_POINT('',(8.425,5.525,1.635));
#11842 = DIRECTION('',(0.,0.,1.));
#11843 = DIRECTION('',(1.,0.,0.));
#11844 = MANIFOLD_SOLID_BREP('',#11845);
#11845 = CLOSED_SHELL('',(#11846,#11886,#11926,#11948,#11970,#11982));
#11846 = ADVANCED_FACE('',(#11847),#11881,.F.);
#11847 = FACE_BOUND('',#11848,.F.);
#11848 = EDGE_LOOP('',(#11849,#11859,#11867,#11875));
#11849 = ORIENTED_EDGE('',*,*,#11850,.F.);
#11850 = EDGE_CURVE('',#11851,#11853,#11855,.T.);
#11851 = VERTEX_POINT('',#11852);
#11852 = CARTESIAN_POINT('',(9.15,30.5375,1.6));
#11853 = VERTEX_POINT('',#11854);
#11854 = CARTESIAN_POINT('',(9.15,30.5375,2.15));
#11855 = LINE('',#11856,#11857);
#11856 = CARTESIAN_POINT('',(9.15,30.5375,1.6));
#11857 = VECTOR('',#11858,1.);
#11858 = DIRECTION('',(0.,0.,1.));
#11859 = ORIENTED_EDGE('',*,*,#11860,.T.);
#11860 = EDGE_CURVE('',#11851,#11861,#11863,.T.);
#11861 = VERTEX_POINT('',#11862);
#11862 = CARTESIAN_POINT('',(9.15,31.4625,1.6));
#11863 = LINE('',#11864,#11865);
#11864 = CARTESIAN_POINT('',(9.15,30.5375,1.6));
#11865 = VECTOR('',#11866,1.);
#11866 = DIRECTION('',(0.,1.,0.));
#11867 = ORIENTED_EDGE('',*,*,#11868,.T.);
#11868 = EDGE_CURVE('',#11861,#11869,#11871,.T.);
#11869 = VERTEX_POINT('',#11870);
#11870 = CARTESIAN_POINT('',(9.15,31.4625,2.15));
#11871 = LINE('',#11872,#11873);
#11872 = CARTESIAN_POINT('',(9.15,31.4625,1.6));
#11873 = VECTOR('',#11874,1.);
#11874 = DIRECTION('',(0.,0.,1.));
#11875 = ORIENTED_EDGE('',*,*,#11876,.F.);
#11876 = EDGE_CURVE('',#11853,#11869,#11877,.T.);
#11877 = LINE('',#11878,#11879);
#11878 = CARTESIAN_POINT('',(9.15,30.5375,2.15));
#11879 = VECTOR('',#11880,1.);
#11880 = DIRECTION('',(0.,1.,0.));
#11881 = PLANE('',#11882);
#11882 = AXIS2_PLACEMENT_3D('',#11883,#11884,#11885);
#11883 = CARTESIAN_POINT('',(9.15,30.5375,1.6));
#11884 = DIRECTION('',(1.,0.,0.));
#11885 = DIRECTION('',(0.,0.,1.));
#11886 = ADVANCED_FACE('',(#11887),#11921,.T.);
#11887 = FACE_BOUND('',#11888,.T.);
#11888 = EDGE_LOOP('',(#11889,#11899,#11907,#11915));
#11889 = ORIENTED_EDGE('',*,*,#11890,.F.);
#11890 = EDGE_CURVE('',#11891,#11893,#11895,.T.);
#11891 = VERTEX_POINT('',#11892);
#11892 = CARTESIAN_POINT('',(10.85,30.5375,1.6));
#11893 = VERTEX_POINT('',#11894);
#11894 = CARTESIAN_POINT('',(10.85,30.5375,2.15));
#11895 = LINE('',#11896,#11897);
#11896 = CARTESIAN_POINT('',(10.85,30.5375,1.6));
#11897 = VECTOR('',#11898,1.);
#11898 = DIRECTION('',(0.,0.,1.));
#11899 = ORIENTED_EDGE('',*,*,#11900,.T.);
#11900 = EDGE_CURVE('',#11891,#11901,#11903,.T.);
#11901 = VERTEX_POINT('',#11902);
#11902 = CARTESIAN_POINT('',(10.85,31.4625,1.6));
#11903 = LINE('',#11904,#11905);
#11904 = CARTESIAN_POINT('',(10.85,30.5375,1.6));
#11905 = VECTOR('',#11906,1.);
#11906 = DIRECTION('',(0.,1.,0.));
#11907 = ORIENTED_EDGE('',*,*,#11908,.T.);
#11908 = EDGE_CURVE('',#11901,#11909,#11911,.T.);
#11909 = VERTEX_POINT('',#11910);
#11910 = CARTESIAN_POINT('',(10.85,31.4625,2.15));
#11911 = LINE('',#11912,#11913);
#11912 = CARTESIAN_POINT('',(10.85,31.4625,1.6));
#11913 = VECTOR('',#11914,1.);
#11914 = DIRECTION('',(0.,0.,1.));
#11915 = ORIENTED_EDGE('',*,*,#11916,.F.);
#11916 = EDGE_CURVE('',#11893,#11909,#11917,.T.);
#11917 = LINE('',#11918,#11919);
#11918 = CARTESIAN_POINT('',(10.85,30.5375,2.15));
#11919 = VECTOR('',#11920,1.);
#11920 = DIRECTION('',(0.,1.,0.));
#11921 = PLANE('',#11922);
#11922 = AXIS2_PLACEMENT_3D('',#11923,#11924,#11925);
#11923 = CARTESIAN_POINT('',(10.85,30.5375,1.6));
#11924 = DIRECTION('',(1.,0.,0.));
#11925 = DIRECTION('',(0.,0.,1.));
#11926 = ADVANCED_FACE('',(#11927),#11943,.F.);
#11927 = FACE_BOUND('',#11928,.F.);
#11928 = EDGE_LOOP('',(#11929,#11935,#11936,#11942));
#11929 = ORIENTED_EDGE('',*,*,#11930,.F.);
#11930 = EDGE_CURVE('',#11851,#11891,#11931,.T.);
#11931 = LINE('',#11932,#11933);
#11932 = CARTESIAN_POINT('',(9.15,30.5375,1.6));
#11933 = VECTOR('',#11934,1.);
#11934 = DIRECTION('',(1.,0.,0.));
#11935 = ORIENTED_EDGE('',*,*,#11850,.T.);
#11936 = ORIENTED_EDGE('',*,*,#11937,.T.);
#11937 = EDGE_CURVE('',#11853,#11893,#11938,.T.);
#11938 = LINE('',#11939,#11940);
#11939 = CARTESIAN_POINT('',(9.15,30.5375,2.15));
#11940 = VECTOR('',#11941,1.);
#11941 = DIRECTION('',(1.,0.,0.));
#11942 = ORIENTED_EDGE('',*,*,#11890,.F.);
#11943 = PLANE('',#11944);
#11944 = AXIS2_PLACEMENT_3D('',#11945,#11946,#11947);
#11945 = CARTESIAN_POINT('',(9.15,30.5375,1.6));
#11946 = DIRECTION('',(0.,1.,0.));
#11947 = DIRECTION('',(0.,0.,1.));
#11948 = ADVANCED_FACE('',(#11949),#11965,.T.);
#11949 = FACE_BOUND('',#11950,.T.);
#11950 = EDGE_LOOP('',(#11951,#11957,#11958,#11964));
#11951 = ORIENTED_EDGE('',*,*,#11952,.F.);
#11952 = EDGE_CURVE('',#11861,#11901,#11953,.T.);
#11953 = LINE('',#11954,#11955);
#11954 = CARTESIAN_POINT('',(9.15,31.4625,1.6));
#11955 = VECTOR('',#11956,1.);
#11956 = DIRECTION('',(1.,0.,0.));
#11957 = ORIENTED_EDGE('',*,*,#11868,.T.);
#11958 = ORIENTED_EDGE('',*,*,#11959,.T.);
#11959 = EDGE_CURVE('',#11869,#11909,#11960,.T.);
#11960 = LINE('',#11961,#11962);
#11961 = CARTESIAN_POINT('',(9.15,31.4625,2.15));
#11962 = VECTOR('',#11963,1.);
#11963 = DIRECTION('',(1.,0.,0.));
#11964 = ORIENTED_EDGE('',*,*,#11908,.F.);
#11965 = PLANE('',#11966);
#11966 = AXIS2_PLACEMENT_3D('',#11967,#11968,#11969);
#11967 = CARTESIAN_POINT('',(9.15,31.4625,1.6));
#11968 = DIRECTION('',(0.,1.,0.));
#11969 = DIRECTION('',(0.,0.,1.));
#11970 = ADVANCED_FACE('',(#11971),#11977,.F.);
#11971 = FACE_BOUND('',#11972,.F.);
#11972 = EDGE_LOOP('',(#11973,#11974,#11975,#11976));
#11973 = ORIENTED_EDGE('',*,*,#11860,.F.);
#11974 = ORIENTED_EDGE('',*,*,#11930,.T.);
#11975 = ORIENTED_EDGE('',*,*,#11900,.T.);
#11976 = ORIENTED_EDGE('',*,*,#11952,.F.);
#11977 = PLANE('',#11978);
#11978 = AXIS2_PLACEMENT_3D('',#11979,#11980,#11981);
#11979 = CARTESIAN_POINT('',(9.15,30.5375,1.6));
#11980 = DIRECTION('',(0.,0.,1.));
#11981 = DIRECTION('',(1.,0.,0.));
#11982 = ADVANCED_FACE('',(#11983),#11989,.T.);
#11983 = FACE_BOUND('',#11984,.T.);
#11984 = EDGE_LOOP('',(#11985,#11986,#11987,#11988));
#11985 = ORIENTED_EDGE('',*,*,#11876,.F.);
#11986 = ORIENTED_EDGE('',*,*,#11937,.T.);
#11987 = ORIENTED_EDGE('',*,*,#11916,.T.);
#11988 = ORIENTED_EDGE('',*,*,#11959,.F.);
#11989 = PLANE('',#11990);
#11990 = AXIS2_PLACEMENT_3D('',#11991,#11992,#11993);
#11991 = CARTESIAN_POINT('',(9.15,30.5375,2.15));
#11992 = DIRECTION('',(0.,0.,1.));
#11993 = DIRECTION('',(1.,0.,0.));
#11994 = MANIFOLD_SOLID_BREP('',#11995);
#11995 = CLOSED_SHELL('',(#11996,#12036,#12076,#12098,#12120,#12132));
#11996 = ADVANCED_FACE('',(#11997),#12031,.F.);
#11997 = FACE_BOUND('',#11998,.F.);
#11998 = EDGE_LOOP('',(#11999,#12009,#12017,#12025));
#11999 = ORIENTED_EDGE('',*,*,#12000,.F.);
#12000 = EDGE_CURVE('',#12001,#12003,#12005,.T.);
#12001 = VERTEX_POINT('',#12002);
#12002 = CARTESIAN_POINT('',(8.775,30.525,1.6));
#12003 = VERTEX_POINT('',#12004);
#12004 = CARTESIAN_POINT('',(8.775,30.525,1.635));
#12005 = LINE('',#12006,#12007);
#12006 = CARTESIAN_POINT('',(8.775,30.525,1.6));
#12007 = VECTOR('',#12008,1.);
#12008 = DIRECTION('',(0.,0.,1.));
#12009 = ORIENTED_EDGE('',*,*,#12010,.T.);
#12010 = EDGE_CURVE('',#12001,#12011,#12013,.T.);
#12011 = VERTEX_POINT('',#12012);
#12012 = CARTESIAN_POINT('',(8.775,31.475,1.6));
#12013 = LINE('',#12014,#12015);
#12014 = CARTESIAN_POINT('',(8.775,30.525,1.6));
#12015 = VECTOR('',#12016,1.);
#12016 = DIRECTION('',(0.,1.,0.));
#12017 = ORIENTED_EDGE('',*,*,#12018,.T.);
#12018 = EDGE_CURVE('',#12011,#12019,#12021,.T.);
#12019 = VERTEX_POINT('',#12020);
#12020 = CARTESIAN_POINT('',(8.775,31.475,1.635));
#12021 = LINE('',#12022,#12023);
#12022 = CARTESIAN_POINT('',(8.775,31.475,1.6));
#12023 = VECTOR('',#12024,1.);
#12024 = DIRECTION('',(0.,0.,1.));
#12025 = ORIENTED_EDGE('',*,*,#12026,.F.);
#12026 = EDGE_CURVE('',#12003,#12019,#12027,.T.);
#12027 = LINE('',#12028,#12029);
#12028 = CARTESIAN_POINT('',(8.775,30.525,1.635));
#12029 = VECTOR('',#12030,1.);
#12030 = DIRECTION('',(0.,1.,0.));
#12031 = PLANE('',#12032);
#12032 = AXIS2_PLACEMENT_3D('',#12033,#12034,#12035);
#12033 = CARTESIAN_POINT('',(8.775,30.525,1.6));
#12034 = DIRECTION('',(1.,0.,0.));
#12035 = DIRECTION('',(0.,0.,1.));
#12036 = ADVANCED_FACE('',(#12037),#12071,.T.);
#12037 = FACE_BOUND('',#12038,.T.);
#12038 = EDGE_LOOP('',(#12039,#12049,#12057,#12065));
#12039 = ORIENTED_EDGE('',*,*,#12040,.F.);
#12040 = EDGE_CURVE('',#12041,#12043,#12045,.T.);
#12041 = VERTEX_POINT('',#12042);
#12042 = CARTESIAN_POINT('',(9.575,30.525,1.6));
#12043 = VERTEX_POINT('',#12044);
#12044 = CARTESIAN_POINT('',(9.575,30.525,1.635));
#12045 = LINE('',#12046,#12047);
#12046 = CARTESIAN_POINT('',(9.575,30.525,1.6));
#12047 = VECTOR('',#12048,1.);
#12048 = DIRECTION('',(0.,0.,1.));
#12049 = ORIENTED_EDGE('',*,*,#12050,.T.);
#12050 = EDGE_CURVE('',#12041,#12051,#12053,.T.);
#12051 = VERTEX_POINT('',#12052);
#12052 = CARTESIAN_POINT('',(9.575,31.475,1.6));
#12053 = LINE('',#12054,#12055);
#12054 = CARTESIAN_POINT('',(9.575,30.525,1.6));
#12055 = VECTOR('',#12056,1.);
#12056 = DIRECTION('',(0.,1.,0.));
#12057 = ORIENTED_EDGE('',*,*,#12058,.T.);
#12058 = EDGE_CURVE('',#12051,#12059,#12061,.T.);
#12059 = VERTEX_POINT('',#12060);
#12060 = CARTESIAN_POINT('',(9.575,31.475,1.635));
#12061 = LINE('',#12062,#12063);
#12062 = CARTESIAN_POINT('',(9.575,31.475,1.6));
#12063 = VECTOR('',#12064,1.);
#12064 = DIRECTION('',(0.,0.,1.));
#12065 = ORIENTED_EDGE('',*,*,#12066,.F.);
#12066 = EDGE_CURVE('',#12043,#12059,#12067,.T.);
#12067 = LINE('',#12068,#12069);
#12068 = CARTESIAN_POINT('',(9.575,30.525,1.635));
#12069 = VECTOR('',#12070,1.);
#12070 = DIRECTION('',(0.,1.,0.));
#12071 = PLANE('',#12072);
#12072 = AXIS2_PLACEMENT_3D('',#12073,#12074,#12075);
#12073 = CARTESIAN_POINT('',(9.575,30.525,1.6));
#12074 = DIRECTION('',(1.,0.,0.));
#12075 = DIRECTION('',(0.,0.,1.));
#12076 = ADVANCED_FACE('',(#12077),#12093,.F.);
#12077 = FACE_BOUND('',#12078,.F.);
#12078 = EDGE_LOOP('',(#12079,#12085,#12086,#12092));
#12079 = ORIENTED_EDGE('',*,*,#12080,.F.);
#12080 = EDGE_CURVE('',#12001,#12041,#12081,.T.);
#12081 = LINE('',#12082,#12083);
#12082 = CARTESIAN_POINT('',(8.775,30.525,1.6));
#12083 = VECTOR('',#12084,1.);
#12084 = DIRECTION('',(1.,0.,0.));
#12085 = ORIENTED_EDGE('',*,*,#12000,.T.);
#12086 = ORIENTED_EDGE('',*,*,#12087,.T.);
#12087 = EDGE_CURVE('',#12003,#12043,#12088,.T.);
#12088 = LINE('',#12089,#12090);
#12089 = CARTESIAN_POINT('',(8.775,30.525,1.635));
#12090 = VECTOR('',#12091,1.);
#12091 = DIRECTION('',(1.,0.,0.));
#12092 = ORIENTED_EDGE('',*,*,#12040,.F.);
#12093 = PLANE('',#12094);
#12094 = AXIS2_PLACEMENT_3D('',#12095,#12096,#12097);
#12095 = CARTESIAN_POINT('',(8.775,30.525,1.6));
#12096 = DIRECTION('',(0.,1.,0.));
#12097 = DIRECTION('',(0.,0.,1.));
#12098 = ADVANCED_FACE('',(#12099),#12115,.T.);
#12099 = FACE_BOUND('',#12100,.T.);
#12100 = EDGE_LOOP('',(#12101,#12107,#12108,#12114));
#12101 = ORIENTED_EDGE('',*,*,#12102,.F.);
#12102 = EDGE_CURVE('',#12011,#12051,#12103,.T.);
#12103 = LINE('',#12104,#12105);
#12104 = CARTESIAN_POINT('',(8.775,31.475,1.6));
#12105 = VECTOR('',#12106,1.);
#12106 = DIRECTION('',(1.,0.,0.));
#12107 = ORIENTED_EDGE('',*,*,#12018,.T.);
#12108 = ORIENTED_EDGE('',*,*,#12109,.T.);
#12109 = EDGE_CURVE('',#12019,#12059,#12110,.T.);
#12110 = LINE('',#12111,#12112);
#12111 = CARTESIAN_POINT('',(8.775,31.475,1.635));
#12112 = VECTOR('',#12113,1.);
#12113 = DIRECTION('',(1.,0.,0.));
#12114 = ORIENTED_EDGE('',*,*,#12058,.F.);
#12115 = PLANE('',#12116);
#12116 = AXIS2_PLACEMENT_3D('',#12117,#12118,#12119);
#12117 = CARTESIAN_POINT('',(8.775,31.475,1.6));
#12118 = DIRECTION('',(0.,1.,0.));
#12119 = DIRECTION('',(0.,0.,1.));
#12120 = ADVANCED_FACE('',(#12121),#12127,.F.);
#12121 = FACE_BOUND('',#12122,.F.);
#12122 = EDGE_LOOP('',(#12123,#12124,#12125,#12126));
#12123 = ORIENTED_EDGE('',*,*,#12010,.F.);
#12124 = ORIENTED_EDGE('',*,*,#12080,.T.);
#12125 = ORIENTED_EDGE('',*,*,#12050,.T.);
#12126 = ORIENTED_EDGE('',*,*,#12102,.F.);
#12127 = PLANE('',#12128);
#12128 = AXIS2_PLACEMENT_3D('',#12129,#12130,#12131);
#12129 = CARTESIAN_POINT('',(8.775,30.525,1.6));
#12130 = DIRECTION('',(0.,0.,1.));
#12131 = DIRECTION('',(1.,0.,0.));
#12132 = ADVANCED_FACE('',(#12133),#12139,.T.);
#12133 = FACE_BOUND('',#12134,.T.);
#12134 = EDGE_LOOP('',(#12135,#12136,#12137,#12138));
#12135 = ORIENTED_EDGE('',*,*,#12026,.F.);
#12136 = ORIENTED_EDGE('',*,*,#12087,.T.);
#12137 = ORIENTED_EDGE('',*,*,#12066,.T.);
#12138 = ORIENTED_EDGE('',*,*,#12109,.F.);
#12139 = PLANE('',#12140);
#12140 = AXIS2_PLACEMENT_3D('',#12141,#12142,#12143);
#12141 = CARTESIAN_POINT('',(8.775,30.525,1.635));
#12142 = DIRECTION('',(0.,0.,1.));
#12143 = DIRECTION('',(1.,0.,0.));
#12144 = MANIFOLD_SOLID_BREP('',#12145);
#12145 = CLOSED_SHELL('',(#12146,#12186,#12226,#12248,#12270,#12282));
#12146 = ADVANCED_FACE('',(#12147),#12181,.F.);
#12147 = FACE_BOUND('',#12148,.F.);
#12148 = EDGE_LOOP('',(#12149,#12159,#12167,#12175));
#12149 = ORIENTED_EDGE('',*,*,#12150,.F.);
#12150 = EDGE_CURVE('',#12151,#12153,#12155,.T.);
#12151 = VERTEX_POINT('',#12152);
#12152 = CARTESIAN_POINT('',(10.425,30.525,1.6));
#12153 = VERTEX_POINT('',#12154);
#12154 = CARTESIAN_POINT('',(10.425,30.525,1.635));
#12155 = LINE('',#12156,#12157);
#12156 = CARTESIAN_POINT('',(10.425,30.525,1.6));
#12157 = VECTOR('',#12158,1.);
#12158 = DIRECTION('',(0.,0.,1.));
#12159 = ORIENTED_EDGE('',*,*,#12160,.T.);
#12160 = EDGE_CURVE('',#12151,#12161,#12163,.T.);
#12161 = VERTEX_POINT('',#12162);
#12162 = CARTESIAN_POINT('',(10.425,31.475,1.6));
#12163 = LINE('',#12164,#12165);
#12164 = CARTESIAN_POINT('',(10.425,30.525,1.6));
#12165 = VECTOR('',#12166,1.);
#12166 = DIRECTION('',(0.,1.,0.));
#12167 = ORIENTED_EDGE('',*,*,#12168,.T.);
#12168 = EDGE_CURVE('',#12161,#12169,#12171,.T.);
#12169 = VERTEX_POINT('',#12170);
#12170 = CARTESIAN_POINT('',(10.425,31.475,1.635));
#12171 = LINE('',#12172,#12173);
#12172 = CARTESIAN_POINT('',(10.425,31.475,1.6));
#12173 = VECTOR('',#12174,1.);
#12174 = DIRECTION('',(0.,0.,1.));
#12175 = ORIENTED_EDGE('',*,*,#12176,.F.);
#12176 = EDGE_CURVE('',#12153,#12169,#12177,.T.);
#12177 = LINE('',#12178,#12179);
#12178 = CARTESIAN_POINT('',(10.425,30.525,1.635));
#12179 = VECTOR('',#12180,1.);
#12180 = DIRECTION('',(0.,1.,0.));
#12181 = PLANE('',#12182);
#12182 = AXIS2_PLACEMENT_3D('',#12183,#12184,#12185);
#12183 = CARTESIAN_POINT('',(10.425,30.525,1.6));
#12184 = DIRECTION('',(1.,0.,0.));
#12185 = DIRECTION('',(0.,0.,1.));
#12186 = ADVANCED_FACE('',(#12187),#12221,.T.);
#12187 = FACE_BOUND('',#12188,.T.);
#12188 = EDGE_LOOP('',(#12189,#12199,#12207,#12215));
#12189 = ORIENTED_EDGE('',*,*,#12190,.F.);
#12190 = EDGE_CURVE('',#12191,#12193,#12195,.T.);
#12191 = VERTEX_POINT('',#12192);
#12192 = CARTESIAN_POINT('',(11.225,30.525,1.6));
#12193 = VERTEX_POINT('',#12194);
#12194 = CARTESIAN_POINT('',(11.225,30.525,1.635));
#12195 = LINE('',#12196,#12197);
#12196 = CARTESIAN_POINT('',(11.225,30.525,1.6));
#12197 = VECTOR('',#12198,1.);
#12198 = DIRECTION('',(0.,0.,1.));
#12199 = ORIENTED_EDGE('',*,*,#12200,.T.);
#12200 = EDGE_CURVE('',#12191,#12201,#12203,.T.);
#12201 = VERTEX_POINT('',#12202);
#12202 = CARTESIAN_POINT('',(11.225,31.475,1.6));
#12203 = LINE('',#12204,#12205);
#12204 = CARTESIAN_POINT('',(11.225,30.525,1.6));
#12205 = VECTOR('',#12206,1.);
#12206 = DIRECTION('',(0.,1.,0.));
#12207 = ORIENTED_EDGE('',*,*,#12208,.T.);
#12208 = EDGE_CURVE('',#12201,#12209,#12211,.T.);
#12209 = VERTEX_POINT('',#12210);
#12210 = CARTESIAN_POINT('',(11.225,31.475,1.635));
#12211 = LINE('',#12212,#12213);
#12212 = CARTESIAN_POINT('',(11.225,31.475,1.6));
#12213 = VECTOR('',#12214,1.);
#12214 = DIRECTION('',(0.,0.,1.));
#12215 = ORIENTED_EDGE('',*,*,#12216,.F.);
#12216 = EDGE_CURVE('',#12193,#12209,#12217,.T.);
#12217 = LINE('',#12218,#12219);
#12218 = CARTESIAN_POINT('',(11.225,30.525,1.635));
#12219 = VECTOR('',#12220,1.);
#12220 = DIRECTION('',(0.,1.,0.));
#12221 = PLANE('',#12222);
#12222 = AXIS2_PLACEMENT_3D('',#12223,#12224,#12225);
#12223 = CARTESIAN_POINT('',(11.225,30.525,1.6));
#12224 = DIRECTION('',(1.,0.,0.));
#12225 = DIRECTION('',(0.,0.,1.));
#12226 = ADVANCED_FACE('',(#12227),#12243,.F.);
#12227 = FACE_BOUND('',#12228,.F.);
#12228 = EDGE_LOOP('',(#12229,#12235,#12236,#12242));
#12229 = ORIENTED_EDGE('',*,*,#12230,.F.);
#12230 = EDGE_CURVE('',#12151,#12191,#12231,.T.);
#12231 = LINE('',#12232,#12233);
#12232 = CARTESIAN_POINT('',(10.425,30.525,1.6));
#12233 = VECTOR('',#12234,1.);
#12234 = DIRECTION('',(1.,0.,0.));
#12235 = ORIENTED_EDGE('',*,*,#12150,.T.);
#12236 = ORIENTED_EDGE('',*,*,#12237,.T.);
#12237 = EDGE_CURVE('',#12153,#12193,#12238,.T.);
#12238 = LINE('',#12239,#12240);
#12239 = CARTESIAN_POINT('',(10.425,30.525,1.635));
#12240 = VECTOR('',#12241,1.);
#12241 = DIRECTION('',(1.,0.,0.));
#12242 = ORIENTED_EDGE('',*,*,#12190,.F.);
#12243 = PLANE('',#12244);
#12244 = AXIS2_PLACEMENT_3D('',#12245,#12246,#12247);
#12245 = CARTESIAN_POINT('',(10.425,30.525,1.6));
#12246 = DIRECTION('',(0.,1.,0.));
#12247 = DIRECTION('',(0.,0.,1.));
#12248 = ADVANCED_FACE('',(#12249),#12265,.T.);
#12249 = FACE_BOUND('',#12250,.T.);
#12250 = EDGE_LOOP('',(#12251,#12257,#12258,#12264));
#12251 = ORIENTED_EDGE('',*,*,#12252,.F.);
#12252 = EDGE_CURVE('',#12161,#12201,#12253,.T.);
#12253 = LINE('',#12254,#12255);
#12254 = CARTESIAN_POINT('',(10.425,31.475,1.6));
#12255 = VECTOR('',#12256,1.);
#12256 = DIRECTION('',(1.,0.,0.));
#12257 = ORIENTED_EDGE('',*,*,#12168,.T.);
#12258 = ORIENTED_EDGE('',*,*,#12259,.T.);
#12259 = EDGE_CURVE('',#12169,#12209,#12260,.T.);
#12260 = LINE('',#12261,#12262);
#12261 = CARTESIAN_POINT('',(10.425,31.475,1.635));
#12262 = VECTOR('',#12263,1.);
#12263 = DIRECTION('',(1.,0.,0.));
#12264 = ORIENTED_EDGE('',*,*,#12208,.F.);
#12265 = PLANE('',#12266);
#12266 = AXIS2_PLACEMENT_3D('',#12267,#12268,#12269);
#12267 = CARTESIAN_POINT('',(10.425,31.475,1.6));
#12268 = DIRECTION('',(0.,1.,0.));
#12269 = DIRECTION('',(0.,0.,1.));
#12270 = ADVANCED_FACE('',(#12271),#12277,.F.);
#12271 = FACE_BOUND('',#12272,.F.);
#12272 = EDGE_LOOP('',(#12273,#12274,#12275,#12276));
#12273 = ORIENTED_EDGE('',*,*,#12160,.F.);
#12274 = ORIENTED_EDGE('',*,*,#12230,.T.);
#12275 = ORIENTED_EDGE('',*,*,#12200,.T.);
#12276 = ORIENTED_EDGE('',*,*,#12252,.F.);
#12277 = PLANE('',#12278);
#12278 = AXIS2_PLACEMENT_3D('',#12279,#12280,#12281);
#12279 = CARTESIAN_POINT('',(10.425,30.525,1.6));
#12280 = DIRECTION('',(0.,0.,1.));
#12281 = DIRECTION('',(1.,0.,0.));
#12282 = ADVANCED_FACE('',(#12283),#12289,.T.);
#12283 = FACE_BOUND('',#12284,.T.);
#12284 = EDGE_LOOP('',(#12285,#12286,#12287,#12288));
#12285 = ORIENTED_EDGE('',*,*,#12176,.F.);
#12286 = ORIENTED_EDGE('',*,*,#12237,.T.);
#12287 = ORIENTED_EDGE('',*,*,#12216,.T.);
#12288 = ORIENTED_EDGE('',*,*,#12259,.F.);
#12289 = PLANE('',#12290);
#12290 = AXIS2_PLACEMENT_3D('',#12291,#12292,#12293);
#12291 = CARTESIAN_POINT('',(10.425,30.525,1.635));
#12292 = DIRECTION('',(0.,0.,1.));
#12293 = DIRECTION('',(1.,0.,0.));
#12294 = MANIFOLD_SOLID_BREP('',#12295);
#12295 = CLOSED_SHELL('',(#12296,#12336,#12376,#12398,#12420,#12432));
#12296 = ADVANCED_FACE('',(#12297),#12331,.F.);
#12297 = FACE_BOUND('',#12298,.F.);
#12298 = EDGE_LOOP('',(#12299,#12309,#12317,#12325));
#12299 = ORIENTED_EDGE('',*,*,#12300,.F.);
#12300 = EDGE_CURVE('',#12301,#12303,#12305,.T.);
#12301 = VERTEX_POINT('',#12302);
#12302 = CARTESIAN_POINT('',(23.15,24.5375,1.6));
#12303 = VERTEX_POINT('',#12304);
#12304 = CARTESIAN_POINT('',(23.15,24.5375,2.15));
#12305 = LINE('',#12306,#12307);
#12306 = CARTESIAN_POINT('',(23.15,24.5375,1.6));
#12307 = VECTOR('',#12308,1.);
#12308 = DIRECTION('',(0.,0.,1.));
#12309 = ORIENTED_EDGE('',*,*,#12310,.T.);
#12310 = EDGE_CURVE('',#12301,#12311,#12313,.T.);
#12311 = VERTEX_POINT('',#12312);
#12312 = CARTESIAN_POINT('',(23.15,25.4625,1.6));
#12313 = LINE('',#12314,#12315);
#12314 = CARTESIAN_POINT('',(23.15,24.5375,1.6));
#12315 = VECTOR('',#12316,1.);
#12316 = DIRECTION('',(0.,1.,0.));
#12317 = ORIENTED_EDGE('',*,*,#12318,.T.);
#12318 = EDGE_CURVE('',#12311,#12319,#12321,.T.);
#12319 = VERTEX_POINT('',#12320);
#12320 = CARTESIAN_POINT('',(23.15,25.4625,2.15));
#12321 = LINE('',#12322,#12323);
#12322 = CARTESIAN_POINT('',(23.15,25.4625,1.6));
#12323 = VECTOR('',#12324,1.);
#12324 = DIRECTION('',(0.,0.,1.));
#12325 = ORIENTED_EDGE('',*,*,#12326,.F.);
#12326 = EDGE_CURVE('',#12303,#12319,#12327,.T.);
#12327 = LINE('',#12328,#12329);
#12328 = CARTESIAN_POINT('',(23.15,24.5375,2.15));
#12329 = VECTOR('',#12330,1.);
#12330 = DIRECTION('',(0.,1.,0.));
#12331 = PLANE('',#12332);
#12332 = AXIS2_PLACEMENT_3D('',#12333,#12334,#12335);
#12333 = CARTESIAN_POINT('',(23.15,24.5375,1.6));
#12334 = DIRECTION('',(1.,0.,0.));
#12335 = DIRECTION('',(0.,0.,1.));
#12336 = ADVANCED_FACE('',(#12337),#12371,.T.);
#12337 = FACE_BOUND('',#12338,.T.);
#12338 = EDGE_LOOP('',(#12339,#12349,#12357,#12365));
#12339 = ORIENTED_EDGE('',*,*,#12340,.F.);
#12340 = EDGE_CURVE('',#12341,#12343,#12345,.T.);
#12341 = VERTEX_POINT('',#12342);
#12342 = CARTESIAN_POINT('',(24.85,24.5375,1.6));
#12343 = VERTEX_POINT('',#12344);
#12344 = CARTESIAN_POINT('',(24.85,24.5375,2.15));
#12345 = LINE('',#12346,#12347);
#12346 = CARTESIAN_POINT('',(24.85,24.5375,1.6));
#12347 = VECTOR('',#12348,1.);
#12348 = DIRECTION('',(0.,0.,1.));
#12349 = ORIENTED_EDGE('',*,*,#12350,.T.);
#12350 = EDGE_CURVE('',#12341,#12351,#12353,.T.);
#12351 = VERTEX_POINT('',#12352);
#12352 = CARTESIAN_POINT('',(24.85,25.4625,1.6));
#12353 = LINE('',#12354,#12355);
#12354 = CARTESIAN_POINT('',(24.85,24.5375,1.6));
#12355 = VECTOR('',#12356,1.);
#12356 = DIRECTION('',(0.,1.,0.));
#12357 = ORIENTED_EDGE('',*,*,#12358,.T.);
#12358 = EDGE_CURVE('',#12351,#12359,#12361,.T.);
#12359 = VERTEX_POINT('',#12360);
#12360 = CARTESIAN_POINT('',(24.85,25.4625,2.15));
#12361 = LINE('',#12362,#12363);
#12362 = CARTESIAN_POINT('',(24.85,25.4625,1.6));
#12363 = VECTOR('',#12364,1.);
#12364 = DIRECTION('',(0.,0.,1.));
#12365 = ORIENTED_EDGE('',*,*,#12366,.F.);
#12366 = EDGE_CURVE('',#12343,#12359,#12367,.T.);
#12367 = LINE('',#12368,#12369);
#12368 = CARTESIAN_POINT('',(24.85,24.5375,2.15));
#12369 = VECTOR('',#12370,1.);
#12370 = DIRECTION('',(0.,1.,0.));
#12371 = PLANE('',#12372);
#12372 = AXIS2_PLACEMENT_3D('',#12373,#12374,#12375);
#12373 = CARTESIAN_POINT('',(24.85,24.5375,1.6));
#12374 = DIRECTION('',(1.,0.,0.));
#12375 = DIRECTION('',(0.,0.,1.));
#12376 = ADVANCED_FACE('',(#12377),#12393,.F.);
#12377 = FACE_BOUND('',#12378,.F.);
#12378 = EDGE_LOOP('',(#12379,#12385,#12386,#12392));
#12379 = ORIENTED_EDGE('',*,*,#12380,.F.);
#12380 = EDGE_CURVE('',#12301,#12341,#12381,.T.);
#12381 = LINE('',#12382,#12383);
#12382 = CARTESIAN_POINT('',(23.15,24.5375,1.6));
#12383 = VECTOR('',#12384,1.);
#12384 = DIRECTION('',(1.,0.,0.));
#12385 = ORIENTED_EDGE('',*,*,#12300,.T.);
#12386 = ORIENTED_EDGE('',*,*,#12387,.T.);
#12387 = EDGE_CURVE('',#12303,#12343,#12388,.T.);
#12388 = LINE('',#12389,#12390);
#12389 = CARTESIAN_POINT('',(23.15,24.5375,2.15));
#12390 = VECTOR('',#12391,1.);
#12391 = DIRECTION('',(1.,0.,0.));
#12392 = ORIENTED_EDGE('',*,*,#12340,.F.);
#12393 = PLANE('',#12394);
#12394 = AXIS2_PLACEMENT_3D('',#12395,#12396,#12397);
#12395 = CARTESIAN_POINT('',(23.15,24.5375,1.6));
#12396 = DIRECTION('',(0.,1.,0.));
#12397 = DIRECTION('',(0.,0.,1.));
#12398 = ADVANCED_FACE('',(#12399),#12415,.T.);
#12399 = FACE_BOUND('',#12400,.T.);
#12400 = EDGE_LOOP('',(#12401,#12407,#12408,#12414));
#12401 = ORIENTED_EDGE('',*,*,#12402,.F.);
#12402 = EDGE_CURVE('',#12311,#12351,#12403,.T.);
#12403 = LINE('',#12404,#12405);
#12404 = CARTESIAN_POINT('',(23.15,25.4625,1.6));
#12405 = VECTOR('',#12406,1.);
#12406 = DIRECTION('',(1.,0.,0.));
#12407 = ORIENTED_EDGE('',*,*,#12318,.T.);
#12408 = ORIENTED_EDGE('',*,*,#12409,.T.);
#12409 = EDGE_CURVE('',#12319,#12359,#12410,.T.);
#12410 = LINE('',#12411,#12412);
#12411 = CARTESIAN_POINT('',(23.15,25.4625,2.15));
#12412 = VECTOR('',#12413,1.);
#12413 = DIRECTION('',(1.,0.,0.));
#12414 = ORIENTED_EDGE('',*,*,#12358,.F.);
#12415 = PLANE('',#12416);
#12416 = AXIS2_PLACEMENT_3D('',#12417,#12418,#12419);
#12417 = CARTESIAN_POINT('',(23.15,25.4625,1.6));
#12418 = DIRECTION('',(0.,1.,0.));
#12419 = DIRECTION('',(0.,0.,1.));
#12420 = ADVANCED_FACE('',(#12421),#12427,.F.);
#12421 = FACE_BOUND('',#12422,.F.);
#12422 = EDGE_LOOP('',(#12423,#12424,#12425,#12426));
#12423 = ORIENTED_EDGE('',*,*,#12310,.F.);
#12424 = ORIENTED_EDGE('',*,*,#12380,.T.);
#12425 = ORIENTED_EDGE('',*,*,#12350,.T.);
#12426 = ORIENTED_EDGE('',*,*,#12402,.F.);
#12427 = PLANE('',#12428);
#12428 = AXIS2_PLACEMENT_3D('',#12429,#12430,#12431);
#12429 = CARTESIAN_POINT('',(23.15,24.5375,1.6));
#12430 = DIRECTION('',(0.,0.,1.));
#12431 = DIRECTION('',(1.,0.,0.));
#12432 = ADVANCED_FACE('',(#12433),#12439,.T.);
#12433 = FACE_BOUND('',#12434,.T.);
#12434 = EDGE_LOOP('',(#12435,#12436,#12437,#12438));
#12435 = ORIENTED_EDGE('',*,*,#12326,.F.);
#12436 = ORIENTED_EDGE('',*,*,#12387,.T.);
#12437 = ORIENTED_EDGE('',*,*,#12366,.T.);
#12438 = ORIENTED_EDGE('',*,*,#12409,.F.);
#12439 = PLANE('',#12440);
#12440 = AXIS2_PLACEMENT_3D('',#12441,#12442,#12443);
#12441 = CARTESIAN_POINT('',(23.15,24.5375,2.15));
#12442 = DIRECTION('',(0.,0.,1.));
#12443 = DIRECTION('',(1.,0.,0.));
#12444 = MANIFOLD_SOLID_BREP('',#12445);
#12445 = CLOSED_SHELL('',(#12446,#12486,#12526,#12548,#12570,#12582));
#12446 = ADVANCED_FACE('',(#12447),#12481,.F.);
#12447 = FACE_BOUND('',#12448,.F.);
#12448 = EDGE_LOOP('',(#12449,#12459,#12467,#12475));
#12449 = ORIENTED_EDGE('',*,*,#12450,.F.);
#12450 = EDGE_CURVE('',#12451,#12453,#12455,.T.);
#12451 = VERTEX_POINT('',#12452);
#12452 = CARTESIAN_POINT('',(22.775,24.525,1.6));
#12453 = VERTEX_POINT('',#12454);
#12454 = CARTESIAN_POINT('',(22.775,24.525,1.635));
#12455 = LINE('',#12456,#12457);
#12456 = CARTESIAN_POINT('',(22.775,24.525,1.6));
#12457 = VECTOR('',#12458,1.);
#12458 = DIRECTION('',(0.,0.,1.));
#12459 = ORIENTED_EDGE('',*,*,#12460,.T.);
#12460 = EDGE_CURVE('',#12451,#12461,#12463,.T.);
#12461 = VERTEX_POINT('',#12462);
#12462 = CARTESIAN_POINT('',(22.775,25.475,1.6));
#12463 = LINE('',#12464,#12465);
#12464 = CARTESIAN_POINT('',(22.775,24.525,1.6));
#12465 = VECTOR('',#12466,1.);
#12466 = DIRECTION('',(0.,1.,0.));
#12467 = ORIENTED_EDGE('',*,*,#12468,.T.);
#12468 = EDGE_CURVE('',#12461,#12469,#12471,.T.);
#12469 = VERTEX_POINT('',#12470);
#12470 = CARTESIAN_POINT('',(22.775,25.475,1.635));
#12471 = LINE('',#12472,#12473);
#12472 = CARTESIAN_POINT('',(22.775,25.475,1.6));
#12473 = VECTOR('',#12474,1.);
#12474 = DIRECTION('',(0.,0.,1.));
#12475 = ORIENTED_EDGE('',*,*,#12476,.F.);
#12476 = EDGE_CURVE('',#12453,#12469,#12477,.T.);
#12477 = LINE('',#12478,#12479);
#12478 = CARTESIAN_POINT('',(22.775,24.525,1.635));
#12479 = VECTOR('',#12480,1.);
#12480 = DIRECTION('',(0.,1.,0.));
#12481 = PLANE('',#12482);
#12482 = AXIS2_PLACEMENT_3D('',#12483,#12484,#12485);
#12483 = CARTESIAN_POINT('',(22.775,24.525,1.6));
#12484 = DIRECTION('',(1.,0.,0.));
#12485 = DIRECTION('',(0.,0.,1.));
#12486 = ADVANCED_FACE('',(#12487),#12521,.T.);
#12487 = FACE_BOUND('',#12488,.T.);
#12488 = EDGE_LOOP('',(#12489,#12499,#12507,#12515));
#12489 = ORIENTED_EDGE('',*,*,#12490,.F.);
#12490 = EDGE_CURVE('',#12491,#12493,#12495,.T.);
#12491 = VERTEX_POINT('',#12492);
#12492 = CARTESIAN_POINT('',(23.575,24.525,1.6));
#12493 = VERTEX_POINT('',#12494);
#12494 = CARTESIAN_POINT('',(23.575,24.525,1.635));
#12495 = LINE('',#12496,#12497);
#12496 = CARTESIAN_POINT('',(23.575,24.525,1.6));
#12497 = VECTOR('',#12498,1.);
#12498 = DIRECTION('',(0.,0.,1.));
#12499 = ORIENTED_EDGE('',*,*,#12500,.T.);
#12500 = EDGE_CURVE('',#12491,#12501,#12503,.T.);
#12501 = VERTEX_POINT('',#12502);
#12502 = CARTESIAN_POINT('',(23.575,25.475,1.6));
#12503 = LINE('',#12504,#12505);
#12504 = CARTESIAN_POINT('',(23.575,24.525,1.6));
#12505 = VECTOR('',#12506,1.);
#12506 = DIRECTION('',(0.,1.,0.));
#12507 = ORIENTED_EDGE('',*,*,#12508,.T.);
#12508 = EDGE_CURVE('',#12501,#12509,#12511,.T.);
#12509 = VERTEX_POINT('',#12510);
#12510 = CARTESIAN_POINT('',(23.575,25.475,1.635));
#12511 = LINE('',#12512,#12513);
#12512 = CARTESIAN_POINT('',(23.575,25.475,1.6));
#12513 = VECTOR('',#12514,1.);
#12514 = DIRECTION('',(0.,0.,1.));
#12515 = ORIENTED_EDGE('',*,*,#12516,.F.);
#12516 = EDGE_CURVE('',#12493,#12509,#12517,.T.);
#12517 = LINE('',#12518,#12519);
#12518 = CARTESIAN_POINT('',(23.575,24.525,1.635));
#12519 = VECTOR('',#12520,1.);
#12520 = DIRECTION('',(0.,1.,0.));
#12521 = PLANE('',#12522);
#12522 = AXIS2_PLACEMENT_3D('',#12523,#12524,#12525);
#12523 = CARTESIAN_POINT('',(23.575,24.525,1.6));
#12524 = DIRECTION('',(1.,0.,0.));
#12525 = DIRECTION('',(0.,0.,1.));
#12526 = ADVANCED_FACE('',(#12527),#12543,.F.);
#12527 = FACE_BOUND('',#12528,.F.);
#12528 = EDGE_LOOP('',(#12529,#12535,#12536,#12542));
#12529 = ORIENTED_EDGE('',*,*,#12530,.F.);
#12530 = EDGE_CURVE('',#12451,#12491,#12531,.T.);
#12531 = LINE('',#12532,#12533);
#12532 = CARTESIAN_POINT('',(22.775,24.525,1.6));
#12533 = VECTOR('',#12534,1.);
#12534 = DIRECTION('',(1.,0.,0.));
#12535 = ORIENTED_EDGE('',*,*,#12450,.T.);
#12536 = ORIENTED_EDGE('',*,*,#12537,.T.);
#12537 = EDGE_CURVE('',#12453,#12493,#12538,.T.);
#12538 = LINE('',#12539,#12540);
#12539 = CARTESIAN_POINT('',(22.775,24.525,1.635));
#12540 = VECTOR('',#12541,1.);
#12541 = DIRECTION('',(1.,0.,0.));
#12542 = ORIENTED_EDGE('',*,*,#12490,.F.);
#12543 = PLANE('',#12544);
#12544 = AXIS2_PLACEMENT_3D('',#12545,#12546,#12547);
#12545 = CARTESIAN_POINT('',(22.775,24.525,1.6));
#12546 = DIRECTION('',(0.,1.,0.));
#12547 = DIRECTION('',(0.,0.,1.));
#12548 = ADVANCED_FACE('',(#12549),#12565,.T.);
#12549 = FACE_BOUND('',#12550,.T.);
#12550 = EDGE_LOOP('',(#12551,#12557,#12558,#12564));
#12551 = ORIENTED_EDGE('',*,*,#12552,.F.);
#12552 = EDGE_CURVE('',#12461,#12501,#12553,.T.);
#12553 = LINE('',#12554,#12555);
#12554 = CARTESIAN_POINT('',(22.775,25.475,1.6));
#12555 = VECTOR('',#12556,1.);
#12556 = DIRECTION('',(1.,0.,0.));
#12557 = ORIENTED_EDGE('',*,*,#12468,.T.);
#12558 = ORIENTED_EDGE('',*,*,#12559,.T.);
#12559 = EDGE_CURVE('',#12469,#12509,#12560,.T.);
#12560 = LINE('',#12561,#12562);
#12561 = CARTESIAN_POINT('',(22.775,25.475,1.635));
#12562 = VECTOR('',#12563,1.);
#12563 = DIRECTION('',(1.,0.,0.));
#12564 = ORIENTED_EDGE('',*,*,#12508,.F.);
#12565 = PLANE('',#12566);
#12566 = AXIS2_PLACEMENT_3D('',#12567,#12568,#12569);
#12567 = CARTESIAN_POINT('',(22.775,25.475,1.6));
#12568 = DIRECTION('',(0.,1.,0.));
#12569 = DIRECTION('',(0.,0.,1.));
#12570 = ADVANCED_FACE('',(#12571),#12577,.F.);
#12571 = FACE_BOUND('',#12572,.F.);
#12572 = EDGE_LOOP('',(#12573,#12574,#12575,#12576));
#12573 = ORIENTED_EDGE('',*,*,#12460,.F.);
#12574 = ORIENTED_EDGE('',*,*,#12530,.T.);
#12575 = ORIENTED_EDGE('',*,*,#12500,.T.);
#12576 = ORIENTED_EDGE('',*,*,#12552,.F.);
#12577 = PLANE('',#12578);
#12578 = AXIS2_PLACEMENT_3D('',#12579,#12580,#12581);
#12579 = CARTESIAN_POINT('',(22.775,24.525,1.6));
#12580 = DIRECTION('',(0.,0.,1.));
#12581 = DIRECTION('',(1.,0.,0.));
#12582 = ADVANCED_FACE('',(#12583),#12589,.T.);
#12583 = FACE_BOUND('',#12584,.T.);
#12584 = EDGE_LOOP('',(#12585,#12586,#12587,#12588));
#12585 = ORIENTED_EDGE('',*,*,#12476,.F.);
#12586 = ORIENTED_EDGE('',*,*,#12537,.T.);
#12587 = ORIENTED_EDGE('',*,*,#12516,.T.);
#12588 = ORIENTED_EDGE('',*,*,#12559,.F.);
#12589 = PLANE('',#12590);
#12590 = AXIS2_PLACEMENT_3D('',#12591,#12592,#12593);
#12591 = CARTESIAN_POINT('',(22.775,24.525,1.635));
#12592 = DIRECTION('',(0.,0.,1.));
#12593 = DIRECTION('',(1.,0.,0.));
#12594 = MANIFOLD_SOLID_BREP('',#12595);
#12595 = CLOSED_SHELL('',(#12596,#12636,#12676,#12698,#12720,#12732));
#12596 = ADVANCED_FACE('',(#12597),#12631,.F.);
#12597 = FACE_BOUND('',#12598,.F.);
#12598 = EDGE_LOOP('',(#12599,#12609,#12617,#12625));
#12599 = ORIENTED_EDGE('',*,*,#12600,.F.);
#12600 = EDGE_CURVE('',#12601,#12603,#12605,.T.);
#12601 = VERTEX_POINT('',#12602);
#12602 = CARTESIAN_POINT('',(24.425,24.525,1.6));
#12603 = VERTEX_POINT('',#12604);
#12604 = CARTESIAN_POINT('',(24.425,24.525,1.635));
#12605 = LINE('',#12606,#12607);
#12606 = CARTESIAN_POINT('',(24.425,24.525,1.6));
#12607 = VECTOR('',#12608,1.);
#12608 = DIRECTION('',(0.,0.,1.));
#12609 = ORIENTED_EDGE('',*,*,#12610,.T.);
#12610 = EDGE_CURVE('',#12601,#12611,#12613,.T.);
#12611 = VERTEX_POINT('',#12612);
#12612 = CARTESIAN_POINT('',(24.425,25.475,1.6));
#12613 = LINE('',#12614,#12615);
#12614 = CARTESIAN_POINT('',(24.425,24.525,1.6));
#12615 = VECTOR('',#12616,1.);
#12616 = DIRECTION('',(0.,1.,0.));
#12617 = ORIENTED_EDGE('',*,*,#12618,.T.);
#12618 = EDGE_CURVE('',#12611,#12619,#12621,.T.);
#12619 = VERTEX_POINT('',#12620);
#12620 = CARTESIAN_POINT('',(24.425,25.475,1.635));
#12621 = LINE('',#12622,#12623);
#12622 = CARTESIAN_POINT('',(24.425,25.475,1.6));
#12623 = VECTOR('',#12624,1.);
#12624 = DIRECTION('',(0.,0.,1.));
#12625 = ORIENTED_EDGE('',*,*,#12626,.F.);
#12626 = EDGE_CURVE('',#12603,#12619,#12627,.T.);
#12627 = LINE('',#12628,#12629);
#12628 = CARTESIAN_POINT('',(24.425,24.525,1.635));
#12629 = VECTOR('',#12630,1.);
#12630 = DIRECTION('',(0.,1.,0.));
#12631 = PLANE('',#12632);
#12632 = AXIS2_PLACEMENT_3D('',#12633,#12634,#12635);
#12633 = CARTESIAN_POINT('',(24.425,24.525,1.6));
#12634 = DIRECTION('',(1.,0.,0.));
#12635 = DIRECTION('',(0.,0.,1.));
#12636 = ADVANCED_FACE('',(#12637),#12671,.T.);
#12637 = FACE_BOUND('',#12638,.T.);
#12638 = EDGE_LOOP('',(#12639,#12649,#12657,#12665));
#12639 = ORIENTED_EDGE('',*,*,#12640,.F.);
#12640 = EDGE_CURVE('',#12641,#12643,#12645,.T.);
#12641 = VERTEX_POINT('',#12642);
#12642 = CARTESIAN_POINT('',(25.225,24.525,1.6));
#12643 = VERTEX_POINT('',#12644);
#12644 = CARTESIAN_POINT('',(25.225,24.525,1.635));
#12645 = LINE('',#12646,#12647);
#12646 = CARTESIAN_POINT('',(25.225,24.525,1.6));
#12647 = VECTOR('',#12648,1.);
#12648 = DIRECTION('',(0.,0.,1.));
#12649 = ORIENTED_EDGE('',*,*,#12650,.T.);
#12650 = EDGE_CURVE('',#12641,#12651,#12653,.T.);
#12651 = VERTEX_POINT('',#12652);
#12652 = CARTESIAN_POINT('',(25.225,25.475,1.6));
#12653 = LINE('',#12654,#12655);
#12654 = CARTESIAN_POINT('',(25.225,24.525,1.6));
#12655 = VECTOR('',#12656,1.);
#12656 = DIRECTION('',(0.,1.,0.));
#12657 = ORIENTED_EDGE('',*,*,#12658,.T.);
#12658 = EDGE_CURVE('',#12651,#12659,#12661,.T.);
#12659 = VERTEX_POINT('',#12660);
#12660 = CARTESIAN_POINT('',(25.225,25.475,1.635));
#12661 = LINE('',#12662,#12663);
#12662 = CARTESIAN_POINT('',(25.225,25.475,1.6));
#12663 = VECTOR('',#12664,1.);
#12664 = DIRECTION('',(0.,0.,1.));
#12665 = ORIENTED_EDGE('',*,*,#12666,.F.);
#12666 = EDGE_CURVE('',#12643,#12659,#12667,.T.);
#12667 = LINE('',#12668,#12669);
#12668 = CARTESIAN_POINT('',(25.225,24.525,1.635));
#12669 = VECTOR('',#12670,1.);
#12670 = DIRECTION('',(0.,1.,0.));
#12671 = PLANE('',#12672);
#12672 = AXIS2_PLACEMENT_3D('',#12673,#12674,#12675);
#12673 = CARTESIAN_POINT('',(25.225,24.525,1.6));
#12674 = DIRECTION('',(1.,0.,0.));
#12675 = DIRECTION('',(0.,0.,1.));
#12676 = ADVANCED_FACE('',(#12677),#12693,.F.);
#12677 = FACE_BOUND('',#12678,.F.);
#12678 = EDGE_LOOP('',(#12679,#12685,#12686,#12692));
#12679 = ORIENTED_EDGE('',*,*,#12680,.F.);
#12680 = EDGE_CURVE('',#12601,#12641,#12681,.T.);
#12681 = LINE('',#12682,#12683);
#12682 = CARTESIAN_POINT('',(24.425,24.525,1.6));
#12683 = VECTOR('',#12684,1.);
#12684 = DIRECTION('',(1.,0.,0.));
#12685 = ORIENTED_EDGE('',*,*,#12600,.T.);
#12686 = ORIENTED_EDGE('',*,*,#12687,.T.);
#12687 = EDGE_CURVE('',#12603,#12643,#12688,.T.);
#12688 = LINE('',#12689,#12690);
#12689 = CARTESIAN_POINT('',(24.425,24.525,1.635));
#12690 = VECTOR('',#12691,1.);
#12691 = DIRECTION('',(1.,0.,0.));
#12692 = ORIENTED_EDGE('',*,*,#12640,.F.);
#12693 = PLANE('',#12694);
#12694 = AXIS2_PLACEMENT_3D('',#12695,#12696,#12697);
#12695 = CARTESIAN_POINT('',(24.425,24.525,1.6));
#12696 = DIRECTION('',(0.,1.,0.));
#12697 = DIRECTION('',(0.,0.,1.));
#12698 = ADVANCED_FACE('',(#12699),#12715,.T.);
#12699 = FACE_BOUND('',#12700,.T.);
#12700 = EDGE_LOOP('',(#12701,#12707,#12708,#12714));
#12701 = ORIENTED_EDGE('',*,*,#12702,.F.);
#12702 = EDGE_CURVE('',#12611,#12651,#12703,.T.);
#12703 = LINE('',#12704,#12705);
#12704 = CARTESIAN_POINT('',(24.425,25.475,1.6));
#12705 = VECTOR('',#12706,1.);
#12706 = DIRECTION('',(1.,0.,0.));
#12707 = ORIENTED_EDGE('',*,*,#12618,.T.);
#12708 = ORIENTED_EDGE('',*,*,#12709,.T.);
#12709 = EDGE_CURVE('',#12619,#12659,#12710,.T.);
#12710 = LINE('',#12711,#12712);
#12711 = CARTESIAN_POINT('',(24.425,25.475,1.635));
#12712 = VECTOR('',#12713,1.);
#12713 = DIRECTION('',(1.,0.,0.));
#12714 = ORIENTED_EDGE('',*,*,#12658,.F.);
#12715 = PLANE('',#12716);
#12716 = AXIS2_PLACEMENT_3D('',#12717,#12718,#12719);
#12717 = CARTESIAN_POINT('',(24.425,25.475,1.6));
#12718 = DIRECTION('',(0.,1.,0.));
#12719 = DIRECTION('',(0.,0.,1.));
#12720 = ADVANCED_FACE('',(#12721),#12727,.F.);
#12721 = FACE_BOUND('',#12722,.F.);
#12722 = EDGE_LOOP('',(#12723,#12724,#12725,#12726));
#12723 = ORIENTED_EDGE('',*,*,#12610,.F.);
#12724 = ORIENTED_EDGE('',*,*,#12680,.T.);
#12725 = ORIENTED_EDGE('',*,*,#12650,.T.);
#12726 = ORIENTED_EDGE('',*,*,#12702,.F.);
#12727 = PLANE('',#12728);
#12728 = AXIS2_PLACEMENT_3D('',#12729,#12730,#12731);
#12729 = CARTESIAN_POINT('',(24.425,24.525,1.6));
#12730 = DIRECTION('',(0.,0.,1.));
#12731 = DIRECTION('',(1.,0.,0.));
#12732 = ADVANCED_FACE('',(#12733),#12739,.T.);
#12733 = FACE_BOUND('',#12734,.T.);
#12734 = EDGE_LOOP('',(#12735,#12736,#12737,#12738));
#12735 = ORIENTED_EDGE('',*,*,#12626,.F.);
#12736 = ORIENTED_EDGE('',*,*,#12687,.T.);
#12737 = ORIENTED_EDGE('',*,*,#12666,.T.);
#12738 = ORIENTED_EDGE('',*,*,#12709,.F.);
#12739 = PLANE('',#12740);
#12740 = AXIS2_PLACEMENT_3D('',#12741,#12742,#12743);
#12741 = CARTESIAN_POINT('',(24.425,24.525,1.635));
#12742 = DIRECTION('',(0.,0.,1.));
#12743 = DIRECTION('',(1.,0.,0.));
#12744 = MANIFOLD_SOLID_BREP('',#12745);
#12745 = CLOSED_SHELL('',(#12746,#12786,#12826,#12848,#12870,#12882));
#12746 = ADVANCED_FACE('',(#12747),#12781,.F.);
#12747 = FACE_BOUND('',#12748,.F.);
#12748 = EDGE_LOOP('',(#12749,#12759,#12767,#12775));
#12749 = ORIENTED_EDGE('',*,*,#12750,.F.);
#12750 = EDGE_CURVE('',#12751,#12753,#12755,.T.);
#12751 = VERTEX_POINT('',#12752);
#12752 = CARTESIAN_POINT('',(16.15,7.5375,1.6));
#12753 = VERTEX_POINT('',#12754);
#12754 = CARTESIAN_POINT('',(16.15,7.5375,2.15));
#12755 = LINE('',#12756,#12757);
#12756 = CARTESIAN_POINT('',(16.15,7.5375,1.6));
#12757 = VECTOR('',#12758,1.);
#12758 = DIRECTION('',(0.,0.,1.));
#12759 = ORIENTED_EDGE('',*,*,#12760,.T.);
#12760 = EDGE_CURVE('',#12751,#12761,#12763,.T.);
#12761 = VERTEX_POINT('',#12762);
#12762 = CARTESIAN_POINT('',(16.15,8.4625,1.6));
#12763 = LINE('',#12764,#12765);
#12764 = CARTESIAN_POINT('',(16.15,7.5375,1.6));
#12765 = VECTOR('',#12766,1.);
#12766 = DIRECTION('',(0.,1.,0.));
#12767 = ORIENTED_EDGE('',*,*,#12768,.T.);
#12768 = EDGE_CURVE('',#12761,#12769,#12771,.T.);
#12769 = VERTEX_POINT('',#12770);
#12770 = CARTESIAN_POINT('',(16.15,8.4625,2.15));
#12771 = LINE('',#12772,#12773);
#12772 = CARTESIAN_POINT('',(16.15,8.4625,1.6));
#12773 = VECTOR('',#12774,1.);
#12774 = DIRECTION('',(0.,0.,1.));
#12775 = ORIENTED_EDGE('',*,*,#12776,.F.);
#12776 = EDGE_CURVE('',#12753,#12769,#12777,.T.);
#12777 = LINE('',#12778,#12779);
#12778 = CARTESIAN_POINT('',(16.15,7.5375,2.15));
#12779 = VECTOR('',#12780,1.);
#12780 = DIRECTION('',(0.,1.,0.));
#12781 = PLANE('',#12782);
#12782 = AXIS2_PLACEMENT_3D('',#12783,#12784,#12785);
#12783 = CARTESIAN_POINT('',(16.15,7.5375,1.6));
#12784 = DIRECTION('',(1.,0.,0.));
#12785 = DIRECTION('',(0.,0.,1.));
#12786 = ADVANCED_FACE('',(#12787),#12821,.T.);
#12787 = FACE_BOUND('',#12788,.T.);
#12788 = EDGE_LOOP('',(#12789,#12799,#12807,#12815));
#12789 = ORIENTED_EDGE('',*,*,#12790,.F.);
#12790 = EDGE_CURVE('',#12791,#12793,#12795,.T.);
#12791 = VERTEX_POINT('',#12792);
#12792 = CARTESIAN_POINT('',(17.85,7.5375,1.6));
#12793 = VERTEX_POINT('',#12794);
#12794 = CARTESIAN_POINT('',(17.85,7.5375,2.15));
#12795 = LINE('',#12796,#12797);
#12796 = CARTESIAN_POINT('',(17.85,7.5375,1.6));
#12797 = VECTOR('',#12798,1.);
#12798 = DIRECTION('',(0.,0.,1.));
#12799 = ORIENTED_EDGE('',*,*,#12800,.T.);
#12800 = EDGE_CURVE('',#12791,#12801,#12803,.T.);
#12801 = VERTEX_POINT('',#12802);
#12802 = CARTESIAN_POINT('',(17.85,8.4625,1.6));
#12803 = LINE('',#12804,#12805);
#12804 = CARTESIAN_POINT('',(17.85,7.5375,1.6));
#12805 = VECTOR('',#12806,1.);
#12806 = DIRECTION('',(0.,1.,0.));
#12807 = ORIENTED_EDGE('',*,*,#12808,.T.);
#12808 = EDGE_CURVE('',#12801,#12809,#12811,.T.);
#12809 = VERTEX_POINT('',#12810);
#12810 = CARTESIAN_POINT('',(17.85,8.4625,2.15));
#12811 = LINE('',#12812,#12813);
#12812 = CARTESIAN_POINT('',(17.85,8.4625,1.6));
#12813 = VECTOR('',#12814,1.);
#12814 = DIRECTION('',(0.,0.,1.));
#12815 = ORIENTED_EDGE('',*,*,#12816,.F.);
#12816 = EDGE_CURVE('',#12793,#12809,#12817,.T.);
#12817 = LINE('',#12818,#12819);
#12818 = CARTESIAN_POINT('',(17.85,7.5375,2.15));
#12819 = VECTOR('',#12820,1.);
#12820 = DIRECTION('',(0.,1.,0.));
#12821 = PLANE('',#12822);
#12822 = AXIS2_PLACEMENT_3D('',#12823,#12824,#12825);
#12823 = CARTESIAN_POINT('',(17.85,7.5375,1.6));
#12824 = DIRECTION('',(1.,0.,0.));
#12825 = DIRECTION('',(0.,0.,1.));
#12826 = ADVANCED_FACE('',(#12827),#12843,.F.);
#12827 = FACE_BOUND('',#12828,.F.);
#12828 = EDGE_LOOP('',(#12829,#12835,#12836,#12842));
#12829 = ORIENTED_EDGE('',*,*,#12830,.F.);
#12830 = EDGE_CURVE('',#12751,#12791,#12831,.T.);
#12831 = LINE('',#12832,#12833);
#12832 = CARTESIAN_POINT('',(16.15,7.5375,1.6));
#12833 = VECTOR('',#12834,1.);
#12834 = DIRECTION('',(1.,0.,0.));
#12835 = ORIENTED_EDGE('',*,*,#12750,.T.);
#12836 = ORIENTED_EDGE('',*,*,#12837,.T.);
#12837 = EDGE_CURVE('',#12753,#12793,#12838,.T.);
#12838 = LINE('',#12839,#12840);
#12839 = CARTESIAN_POINT('',(16.15,7.5375,2.15));
#12840 = VECTOR('',#12841,1.);
#12841 = DIRECTION('',(1.,0.,0.));
#12842 = ORIENTED_EDGE('',*,*,#12790,.F.);
#12843 = PLANE('',#12844);
#12844 = AXIS2_PLACEMENT_3D('',#12845,#12846,#12847);
#12845 = CARTESIAN_POINT('',(16.15,7.5375,1.6));
#12846 = DIRECTION('',(0.,1.,0.));
#12847 = DIRECTION('',(0.,0.,1.));
#12848 = ADVANCED_FACE('',(#12849),#12865,.T.);
#12849 = FACE_BOUND('',#12850,.T.);
#12850 = EDGE_LOOP('',(#12851,#12857,#12858,#12864));
#12851 = ORIENTED_EDGE('',*,*,#12852,.F.);
#12852 = EDGE_CURVE('',#12761,#12801,#12853,.T.);
#12853 = LINE('',#12854,#12855);
#12854 = CARTESIAN_POINT('',(16.15,8.4625,1.6));
#12855 = VECTOR('',#12856,1.);
#12856 = DIRECTION('',(1.,0.,0.));
#12857 = ORIENTED_EDGE('',*,*,#12768,.T.);
#12858 = ORIENTED_EDGE('',*,*,#12859,.T.);
#12859 = EDGE_CURVE('',#12769,#12809,#12860,.T.);
#12860 = LINE('',#12861,#12862);
#12861 = CARTESIAN_POINT('',(16.15,8.4625,2.15));
#12862 = VECTOR('',#12863,1.);
#12863 = DIRECTION('',(1.,0.,0.));
#12864 = ORIENTED_EDGE('',*,*,#12808,.F.);
#12865 = PLANE('',#12866);
#12866 = AXIS2_PLACEMENT_3D('',#12867,#12868,#12869);
#12867 = CARTESIAN_POINT('',(16.15,8.4625,1.6));
#12868 = DIRECTION('',(0.,1.,0.));
#12869 = DIRECTION('',(0.,0.,1.));
#12870 = ADVANCED_FACE('',(#12871),#12877,.F.);
#12871 = FACE_BOUND('',#12872,.F.);
#12872 = EDGE_LOOP('',(#12873,#12874,#12875,#12876));
#12873 = ORIENTED_EDGE('',*,*,#12760,.F.);
#12874 = ORIENTED_EDGE('',*,*,#12830,.T.);
#12875 = ORIENTED_EDGE('',*,*,#12800,.T.);
#12876 = ORIENTED_EDGE('',*,*,#12852,.F.);
#12877 = PLANE('',#12878);
#12878 = AXIS2_PLACEMENT_3D('',#12879,#12880,#12881);
#12879 = CARTESIAN_POINT('',(16.15,7.5375,1.6));
#12880 = DIRECTION('',(0.,0.,1.));
#12881 = DIRECTION('',(1.,0.,0.));
#12882 = ADVANCED_FACE('',(#12883),#12889,.T.);
#12883 = FACE_BOUND('',#12884,.T.);
#12884 = EDGE_LOOP('',(#12885,#12886,#12887,#12888));
#12885 = ORIENTED_EDGE('',*,*,#12776,.F.);
#12886 = ORIENTED_EDGE('',*,*,#12837,.T.);
#12887 = ORIENTED_EDGE('',*,*,#12816,.T.);
#12888 = ORIENTED_EDGE('',*,*,#12859,.F.);
#12889 = PLANE('',#12890);
#12890 = AXIS2_PLACEMENT_3D('',#12891,#12892,#12893);
#12891 = CARTESIAN_POINT('',(16.15,7.5375,2.15));
#12892 = DIRECTION('',(0.,0.,1.));
#12893 = DIRECTION('',(1.,0.,0.));
#12894 = MANIFOLD_SOLID_BREP('',#12895);
#12895 = CLOSED_SHELL('',(#12896,#12936,#12976,#12998,#13020,#13032));
#12896 = ADVANCED_FACE('',(#12897),#12931,.F.);
#12897 = FACE_BOUND('',#12898,.F.);
#12898 = EDGE_LOOP('',(#12899,#12909,#12917,#12925));
#12899 = ORIENTED_EDGE('',*,*,#12900,.F.);
#12900 = EDGE_CURVE('',#12901,#12903,#12905,.T.);
#12901 = VERTEX_POINT('',#12902);
#12902 = CARTESIAN_POINT('',(15.775,7.525,1.6));
#12903 = VERTEX_POINT('',#12904);
#12904 = CARTESIAN_POINT('',(15.775,7.525,1.635));
#12905 = LINE('',#12906,#12907);
#12906 = CARTESIAN_POINT('',(15.775,7.525,1.6));
#12907 = VECTOR('',#12908,1.);
#12908 = DIRECTION('',(0.,0.,1.));
#12909 = ORIENTED_EDGE('',*,*,#12910,.T.);
#12910 = EDGE_CURVE('',#12901,#12911,#12913,.T.);
#12911 = VERTEX_POINT('',#12912);
#12912 = CARTESIAN_POINT('',(15.775,8.475,1.6));
#12913 = LINE('',#12914,#12915);
#12914 = CARTESIAN_POINT('',(15.775,7.525,1.6));
#12915 = VECTOR('',#12916,1.);
#12916 = DIRECTION('',(0.,1.,0.));
#12917 = ORIENTED_EDGE('',*,*,#12918,.T.);
#12918 = EDGE_CURVE('',#12911,#12919,#12921,.T.);
#12919 = VERTEX_POINT('',#12920);
#12920 = CARTESIAN_POINT('',(15.775,8.475,1.635));
#12921 = LINE('',#12922,#12923);
#12922 = CARTESIAN_POINT('',(15.775,8.475,1.6));
#12923 = VECTOR('',#12924,1.);
#12924 = DIRECTION('',(0.,0.,1.));
#12925 = ORIENTED_EDGE('',*,*,#12926,.F.);
#12926 = EDGE_CURVE('',#12903,#12919,#12927,.T.);
#12927 = LINE('',#12928,#12929);
#12928 = CARTESIAN_POINT('',(15.775,7.525,1.635));
#12929 = VECTOR('',#12930,1.);
#12930 = DIRECTION('',(0.,1.,0.));
#12931 = PLANE('',#12932);
#12932 = AXIS2_PLACEMENT_3D('',#12933,#12934,#12935);
#12933 = CARTESIAN_POINT('',(15.775,7.525,1.6));
#12934 = DIRECTION('',(1.,0.,0.));
#12935 = DIRECTION('',(0.,0.,1.));
#12936 = ADVANCED_FACE('',(#12937),#12971,.T.);
#12937 = FACE_BOUND('',#12938,.T.);
#12938 = EDGE_LOOP('',(#12939,#12949,#12957,#12965));
#12939 = ORIENTED_EDGE('',*,*,#12940,.F.);
#12940 = EDGE_CURVE('',#12941,#12943,#12945,.T.);
#12941 = VERTEX_POINT('',#12942);
#12942 = CARTESIAN_POINT('',(16.575,7.525,1.6));
#12943 = VERTEX_POINT('',#12944);
#12944 = CARTESIAN_POINT('',(16.575,7.525,1.635));
#12945 = LINE('',#12946,#12947);
#12946 = CARTESIAN_POINT('',(16.575,7.525,1.6));
#12947 = VECTOR('',#12948,1.);
#12948 = DIRECTION('',(0.,0.,1.));
#12949 = ORIENTED_EDGE('',*,*,#12950,.T.);
#12950 = EDGE_CURVE('',#12941,#12951,#12953,.T.);
#12951 = VERTEX_POINT('',#12952);
#12952 = CARTESIAN_POINT('',(16.575,8.475,1.6));
#12953 = LINE('',#12954,#12955);
#12954 = CARTESIAN_POINT('',(16.575,7.525,1.6));
#12955 = VECTOR('',#12956,1.);
#12956 = DIRECTION('',(0.,1.,0.));
#12957 = ORIENTED_EDGE('',*,*,#12958,.T.);
#12958 = EDGE_CURVE('',#12951,#12959,#12961,.T.);
#12959 = VERTEX_POINT('',#12960);
#12960 = CARTESIAN_POINT('',(16.575,8.475,1.635));
#12961 = LINE('',#12962,#12963);
#12962 = CARTESIAN_POINT('',(16.575,8.475,1.6));
#12963 = VECTOR('',#12964,1.);
#12964 = DIRECTION('',(0.,0.,1.));
#12965 = ORIENTED_EDGE('',*,*,#12966,.F.);
#12966 = EDGE_CURVE('',#12943,#12959,#12967,.T.);
#12967 = LINE('',#12968,#12969);
#12968 = CARTESIAN_POINT('',(16.575,7.525,1.635));
#12969 = VECTOR('',#12970,1.);
#12970 = DIRECTION('',(0.,1.,0.));
#12971 = PLANE('',#12972);
#12972 = AXIS2_PLACEMENT_3D('',#12973,#12974,#12975);
#12973 = CARTESIAN_POINT('',(16.575,7.525,1.6));
#12974 = DIRECTION('',(1.,0.,0.));
#12975 = DIRECTION('',(0.,0.,1.));
#12976 = ADVANCED_FACE('',(#12977),#12993,.F.);
#12977 = FACE_BOUND('',#12978,.F.);
#12978 = EDGE_LOOP('',(#12979,#12985,#12986,#12992));
#12979 = ORIENTED_EDGE('',*,*,#12980,.F.);
#12980 = EDGE_CURVE('',#12901,#12941,#12981,.T.);
#12981 = LINE('',#12982,#12983);
#12982 = CARTESIAN_POINT('',(15.775,7.525,1.6));
#12983 = VECTOR('',#12984,1.);
#12984 = DIRECTION('',(1.,0.,0.));
#12985 = ORIENTED_EDGE('',*,*,#12900,.T.);
#12986 = ORIENTED_EDGE('',*,*,#12987,.T.);
#12987 = EDGE_CURVE('',#12903,#12943,#12988,.T.);
#12988 = LINE('',#12989,#12990);
#12989 = CARTESIAN_POINT('',(15.775,7.525,1.635));
#12990 = VECTOR('',#12991,1.);
#12991 = DIRECTION('',(1.,0.,0.));
#12992 = ORIENTED_EDGE('',*,*,#12940,.F.);
#12993 = PLANE('',#12994);
#12994 = AXIS2_PLACEMENT_3D('',#12995,#12996,#12997);
#12995 = CARTESIAN_POINT('',(15.775,7.525,1.6));
#12996 = DIRECTION('',(0.,1.,0.));
#12997 = DIRECTION('',(0.,0.,1.));
#12998 = ADVANCED_FACE('',(#12999),#13015,.T.);
#12999 = FACE_BOUND('',#13000,.T.);
#13000 = EDGE_LOOP('',(#13001,#13007,#13008,#13014));
#13001 = ORIENTED_EDGE('',*,*,#13002,.F.);
#13002 = EDGE_CURVE('',#12911,#12951,#13003,.T.);
#13003 = LINE('',#13004,#13005);
#13004 = CARTESIAN_POINT('',(15.775,8.475,1.6));
#13005 = VECTOR('',#13006,1.);
#13006 = DIRECTION('',(1.,0.,0.));
#13007 = ORIENTED_EDGE('',*,*,#12918,.T.);
#13008 = ORIENTED_EDGE('',*,*,#13009,.T.);
#13009 = EDGE_CURVE('',#12919,#12959,#13010,.T.);
#13010 = LINE('',#13011,#13012);
#13011 = CARTESIAN_POINT('',(15.775,8.475,1.635));
#13012 = VECTOR('',#13013,1.);
#13013 = DIRECTION('',(1.,0.,0.));
#13014 = ORIENTED_EDGE('',*,*,#12958,.F.);
#13015 = PLANE('',#13016);
#13016 = AXIS2_PLACEMENT_3D('',#13017,#13018,#13019);
#13017 = CARTESIAN_POINT('',(15.775,8.475,1.6));
#13018 = DIRECTION('',(0.,1.,0.));
#13019 = DIRECTION('',(0.,0.,1.));
#13020 = ADVANCED_FACE('',(#13021),#13027,.F.);
#13021 = FACE_BOUND('',#13022,.F.);
#13022 = EDGE_LOOP('',(#13023,#13024,#13025,#13026));
#13023 = ORIENTED_EDGE('',*,*,#12910,.F.);
#13024 = ORIENTED_EDGE('',*,*,#12980,.T.);
#13025 = ORIENTED_EDGE('',*,*,#12950,.T.);
#13026 = ORIENTED_EDGE('',*,*,#13002,.F.);
#13027 = PLANE('',#13028);
#13028 = AXIS2_PLACEMENT_3D('',#13029,#13030,#13031);
#13029 = CARTESIAN_POINT('',(15.775,7.525,1.6));
#13030 = DIRECTION('',(0.,0.,1.));
#13031 = DIRECTION('',(1.,0.,0.));
#13032 = ADVANCED_FACE('',(#13033),#13039,.T.);
#13033 = FACE_BOUND('',#13034,.T.);
#13034 = EDGE_LOOP('',(#13035,#13036,#13037,#13038));
#13035 = ORIENTED_EDGE('',*,*,#12926,.F.);
#13036 = ORIENTED_EDGE('',*,*,#12987,.T.);
#13037 = ORIENTED_EDGE('',*,*,#12966,.T.);
#13038 = ORIENTED_EDGE('',*,*,#13009,.F.);
#13039 = PLANE('',#13040);
#13040 = AXIS2_PLACEMENT_3D('',#13041,#13042,#13043);
#13041 = CARTESIAN_POINT('',(15.775,7.525,1.635));
#13042 = DIRECTION('',(0.,0.,1.));
#13043 = DIRECTION('',(1.,0.,0.));
#13044 = MANIFOLD_SOLID_BREP('',#13045);
#13045 = CLOSED_SHELL('',(#13046,#13086,#13126,#13148,#13170,#13182));
#13046 = ADVANCED_FACE('',(#13047),#13081,.F.);
#13047 = FACE_BOUND('',#13048,.F.);
#13048 = EDGE_LOOP('',(#13049,#13059,#13067,#13075));
#13049 = ORIENTED_EDGE('',*,*,#13050,.F.);
#13050 = EDGE_CURVE('',#13051,#13053,#13055,.T.);
#13051 = VERTEX_POINT('',#13052);
#13052 = CARTESIAN_POINT('',(17.425,7.525,1.6));
#13053 = VERTEX_POINT('',#13054);
#13054 = CARTESIAN_POINT('',(17.425,7.525,1.635));
#13055 = LINE('',#13056,#13057);
#13056 = CARTESIAN_POINT('',(17.425,7.525,1.6));
#13057 = VECTOR('',#13058,1.);
#13058 = DIRECTION('',(0.,0.,1.));
#13059 = ORIENTED_EDGE('',*,*,#13060,.T.);
#13060 = EDGE_CURVE('',#13051,#13061,#13063,.T.);
#13061 = VERTEX_POINT('',#13062);
#13062 = CARTESIAN_POINT('',(17.425,8.475,1.6));
#13063 = LINE('',#13064,#13065);
#13064 = CARTESIAN_POINT('',(17.425,7.525,1.6));
#13065 = VECTOR('',#13066,1.);
#13066 = DIRECTION('',(0.,1.,0.));
#13067 = ORIENTED_EDGE('',*,*,#13068,.T.);
#13068 = EDGE_CURVE('',#13061,#13069,#13071,.T.);
#13069 = VERTEX_POINT('',#13070);
#13070 = CARTESIAN_POINT('',(17.425,8.475,1.635));
#13071 = LINE('',#13072,#13073);
#13072 = CARTESIAN_POINT('',(17.425,8.475,1.6));
#13073 = VECTOR('',#13074,1.);
#13074 = DIRECTION('',(0.,0.,1.));
#13075 = ORIENTED_EDGE('',*,*,#13076,.F.);
#13076 = EDGE_CURVE('',#13053,#13069,#13077,.T.);
#13077 = LINE('',#13078,#13079);
#13078 = CARTESIAN_POINT('',(17.425,7.525,1.635));
#13079 = VECTOR('',#13080,1.);
#13080 = DIRECTION('',(0.,1.,0.));
#13081 = PLANE('',#13082);
#13082 = AXIS2_PLACEMENT_3D('',#13083,#13084,#13085);
#13083 = CARTESIAN_POINT('',(17.425,7.525,1.6));
#13084 = DIRECTION('',(1.,0.,0.));
#13085 = DIRECTION('',(0.,0.,1.));
#13086 = ADVANCED_FACE('',(#13087),#13121,.T.);
#13087 = FACE_BOUND('',#13088,.T.);
#13088 = EDGE_LOOP('',(#13089,#13099,#13107,#13115));
#13089 = ORIENTED_EDGE('',*,*,#13090,.F.);
#13090 = EDGE_CURVE('',#13091,#13093,#13095,.T.);
#13091 = VERTEX_POINT('',#13092);
#13092 = CARTESIAN_POINT('',(18.225,7.525,1.6));
#13093 = VERTEX_POINT('',#13094);
#13094 = CARTESIAN_POINT('',(18.225,7.525,1.635));
#13095 = LINE('',#13096,#13097);
#13096 = CARTESIAN_POINT('',(18.225,7.525,1.6));
#13097 = VECTOR('',#13098,1.);
#13098 = DIRECTION('',(0.,0.,1.));
#13099 = ORIENTED_EDGE('',*,*,#13100,.T.);
#13100 = EDGE_CURVE('',#13091,#13101,#13103,.T.);
#13101 = VERTEX_POINT('',#13102);
#13102 = CARTESIAN_POINT('',(18.225,8.475,1.6));
#13103 = LINE('',#13104,#13105);
#13104 = CARTESIAN_POINT('',(18.225,7.525,1.6));
#13105 = VECTOR('',#13106,1.);
#13106 = DIRECTION('',(0.,1.,0.));
#13107 = ORIENTED_EDGE('',*,*,#13108,.T.);
#13108 = EDGE_CURVE('',#13101,#13109,#13111,.T.);
#13109 = VERTEX_POINT('',#13110);
#13110 = CARTESIAN_POINT('',(18.225,8.475,1.635));
#13111 = LINE('',#13112,#13113);
#13112 = CARTESIAN_POINT('',(18.225,8.475,1.6));
#13113 = VECTOR('',#13114,1.);
#13114 = DIRECTION('',(0.,0.,1.));
#13115 = ORIENTED_EDGE('',*,*,#13116,.F.);
#13116 = EDGE_CURVE('',#13093,#13109,#13117,.T.);
#13117 = LINE('',#13118,#13119);
#13118 = CARTESIAN_POINT('',(18.225,7.525,1.635));
#13119 = VECTOR('',#13120,1.);
#13120 = DIRECTION('',(0.,1.,0.));
#13121 = PLANE('',#13122);
#13122 = AXIS2_PLACEMENT_3D('',#13123,#13124,#13125);
#13123 = CARTESIAN_POINT('',(18.225,7.525,1.6));
#13124 = DIRECTION('',(1.,0.,0.));
#13125 = DIRECTION('',(0.,0.,1.));
#13126 = ADVANCED_FACE('',(#13127),#13143,.F.);
#13127 = FACE_BOUND('',#13128,.F.);
#13128 = EDGE_LOOP('',(#13129,#13135,#13136,#13142));
#13129 = ORIENTED_EDGE('',*,*,#13130,.F.);
#13130 = EDGE_CURVE('',#13051,#13091,#13131,.T.);
#13131 = LINE('',#13132,#13133);
#13132 = CARTESIAN_POINT('',(17.425,7.525,1.6));
#13133 = VECTOR('',#13134,1.);
#13134 = DIRECTION('',(1.,0.,0.));
#13135 = ORIENTED_EDGE('',*,*,#13050,.T.);
#13136 = ORIENTED_EDGE('',*,*,#13137,.T.);
#13137 = EDGE_CURVE('',#13053,#13093,#13138,.T.);
#13138 = LINE('',#13139,#13140);
#13139 = CARTESIAN_POINT('',(17.425,7.525,1.635));
#13140 = VECTOR('',#13141,1.);
#13141 = DIRECTION('',(1.,0.,0.));
#13142 = ORIENTED_EDGE('',*,*,#13090,.F.);
#13143 = PLANE('',#13144);
#13144 = AXIS2_PLACEMENT_3D('',#13145,#13146,#13147);
#13145 = CARTESIAN_POINT('',(17.425,7.525,1.6));
#13146 = DIRECTION('',(0.,1.,0.));
#13147 = DIRECTION('',(0.,0.,1.));
#13148 = ADVANCED_FACE('',(#13149),#13165,.T.);
#13149 = FACE_BOUND('',#13150,.T.);
#13150 = EDGE_LOOP('',(#13151,#13157,#13158,#13164));
#13151 = ORIENTED_EDGE('',*,*,#13152,.F.);
#13152 = EDGE_CURVE('',#13061,#13101,#13153,.T.);
#13153 = LINE('',#13154,#13155);
#13154 = CARTESIAN_POINT('',(17.425,8.475,1.6));
#13155 = VECTOR('',#13156,1.);
#13156 = DIRECTION('',(1.,0.,0.));
#13157 = ORIENTED_EDGE('',*,*,#13068,.T.);
#13158 = ORIENTED_EDGE('',*,*,#13159,.T.);
#13159 = EDGE_CURVE('',#13069,#13109,#13160,.T.);
#13160 = LINE('',#13161,#13162);
#13161 = CARTESIAN_POINT('',(17.425,8.475,1.635));
#13162 = VECTOR('',#13163,1.);
#13163 = DIRECTION('',(1.,0.,0.));
#13164 = ORIENTED_EDGE('',*,*,#13108,.F.);
#13165 = PLANE('',#13166);
#13166 = AXIS2_PLACEMENT_3D('',#13167,#13168,#13169);
#13167 = CARTESIAN_POINT('',(17.425,8.475,1.6));
#13168 = DIRECTION('',(0.,1.,0.));
#13169 = DIRECTION('',(0.,0.,1.));
#13170 = ADVANCED_FACE('',(#13171),#13177,.F.);
#13171 = FACE_BOUND('',#13172,.F.);
#13172 = EDGE_LOOP('',(#13173,#13174,#13175,#13176));
#13173 = ORIENTED_EDGE('',*,*,#13060,.F.);
#13174 = ORIENTED_EDGE('',*,*,#13130,.T.);
#13175 = ORIENTED_EDGE('',*,*,#13100,.T.);
#13176 = ORIENTED_EDGE('',*,*,#13152,.F.);
#13177 = PLANE('',#13178);
#13178 = AXIS2_PLACEMENT_3D('',#13179,#13180,#13181);
#13179 = CARTESIAN_POINT('',(17.425,7.525,1.6));
#13180 = DIRECTION('',(0.,0.,1.));
#13181 = DIRECTION('',(1.,0.,0.));
#13182 = ADVANCED_FACE('',(#13183),#13189,.T.);
#13183 = FACE_BOUND('',#13184,.T.);
#13184 = EDGE_LOOP('',(#13185,#13186,#13187,#13188));
#13185 = ORIENTED_EDGE('',*,*,#13076,.F.);
#13186 = ORIENTED_EDGE('',*,*,#13137,.T.);
#13187 = ORIENTED_EDGE('',*,*,#13116,.T.);
#13188 = ORIENTED_EDGE('',*,*,#13159,.F.);
#13189 = PLANE('',#13190);
#13190 = AXIS2_PLACEMENT_3D('',#13191,#13192,#13193);
#13191 = CARTESIAN_POINT('',(17.425,7.525,1.635));
#13192 = DIRECTION('',(0.,0.,1.));
#13193 = DIRECTION('',(1.,0.,0.));
#13194 = MANIFOLD_SOLID_BREP('',#13195);
#13195 = CLOSED_SHELL('',(#13196,#13236,#13276,#13298,#13320,#13332));
#13196 = ADVANCED_FACE('',(#13197),#13231,.F.);
#13197 = FACE_BOUND('',#13198,.F.);
#13198 = EDGE_LOOP('',(#13199,#13209,#13217,#13225));
#13199 = ORIENTED_EDGE('',*,*,#13200,.F.);
#13200 = EDGE_CURVE('',#13201,#13203,#13205,.T.);
#13201 = VERTEX_POINT('',#13202);
#13202 = CARTESIAN_POINT('',(38.5,7.5,1.6));
#13203 = VERTEX_POINT('',#13204);
#13204 = CARTESIAN_POINT('',(38.5,7.5,1.635));
#13205 = LINE('',#13206,#13207);
#13206 = CARTESIAN_POINT('',(38.5,7.5,1.6));
#13207 = VECTOR('',#13208,1.);
#13208 = DIRECTION('',(0.,0.,1.));
#13209 = ORIENTED_EDGE('',*,*,#13210,.T.);
#13210 = EDGE_CURVE('',#13201,#13211,#13213,.T.);
#13211 = VERTEX_POINT('',#13212);
#13212 = CARTESIAN_POINT('',(38.5,8.5,1.6));
#13213 = LINE('',#13214,#13215);
#13214 = CARTESIAN_POINT('',(38.5,7.5,1.6));
#13215 = VECTOR('',#13216,1.);
#13216 = DIRECTION('',(0.,1.,0.));
#13217 = ORIENTED_EDGE('',*,*,#13218,.T.);
#13218 = EDGE_CURVE('',#13211,#13219,#13221,.T.);
#13219 = VERTEX_POINT('',#13220);
#13220 = CARTESIAN_POINT('',(38.5,8.5,1.635));
#13221 = LINE('',#13222,#13223);
#13222 = CARTESIAN_POINT('',(38.5,8.5,1.6));
#13223 = VECTOR('',#13224,1.);
#13224 = DIRECTION('',(0.,0.,1.));
#13225 = ORIENTED_EDGE('',*,*,#13226,.F.);
#13226 = EDGE_CURVE('',#13203,#13219,#13227,.T.);
#13227 = LINE('',#13228,#13229);
#13228 = CARTESIAN_POINT('',(38.5,7.5,1.635));
#13229 = VECTOR('',#13230,1.);
#13230 = DIRECTION('',(0.,1.,0.));
#13231 = PLANE('',#13232);
#13232 = AXIS2_PLACEMENT_3D('',#13233,#13234,#13235);
#13233 = CARTESIAN_POINT('',(38.5,7.5,1.6));
#13234 = DIRECTION('',(1.,0.,0.));
#13235 = DIRECTION('',(0.,0.,1.));
#13236 = ADVANCED_FACE('',(#13237),#13271,.T.);
#13237 = FACE_BOUND('',#13238,.T.);
#13238 = EDGE_LOOP('',(#13239,#13249,#13257,#13265));
#13239 = ORIENTED_EDGE('',*,*,#13240,.F.);
#13240 = EDGE_CURVE('',#13241,#13243,#13245,.T.);
#13241 = VERTEX_POINT('',#13242);
#13242 = CARTESIAN_POINT('',(39.5,7.5,1.6));
#13243 = VERTEX_POINT('',#13244);
#13244 = CARTESIAN_POINT('',(39.5,7.5,1.635));
#13245 = LINE('',#13246,#13247);
#13246 = CARTESIAN_POINT('',(39.5,7.5,1.6));
#13247 = VECTOR('',#13248,1.);
#13248 = DIRECTION('',(0.,0.,1.));
#13249 = ORIENTED_EDGE('',*,*,#13250,.T.);
#13250 = EDGE_CURVE('',#13241,#13251,#13253,.T.);
#13251 = VERTEX_POINT('',#13252);
#13252 = CARTESIAN_POINT('',(39.5,8.5,1.6));
#13253 = LINE('',#13254,#13255);
#13254 = CARTESIAN_POINT('',(39.5,7.5,1.6));
#13255 = VECTOR('',#13256,1.);
#13256 = DIRECTION('',(0.,1.,0.));
#13257 = ORIENTED_EDGE('',*,*,#13258,.T.);
#13258 = EDGE_CURVE('',#13251,#13259,#13261,.T.);
#13259 = VERTEX_POINT('',#13260);
#13260 = CARTESIAN_POINT('',(39.5,8.5,1.635));
#13261 = LINE('',#13262,#13263);
#13262 = CARTESIAN_POINT('',(39.5,8.5,1.6));
#13263 = VECTOR('',#13264,1.);
#13264 = DIRECTION('',(0.,0.,1.));
#13265 = ORIENTED_EDGE('',*,*,#13266,.F.);
#13266 = EDGE_CURVE('',#13243,#13259,#13267,.T.);
#13267 = LINE('',#13268,#13269);
#13268 = CARTESIAN_POINT('',(39.5,7.5,1.635));
#13269 = VECTOR('',#13270,1.);
#13270 = DIRECTION('',(0.,1.,0.));
#13271 = PLANE('',#13272);
#13272 = AXIS2_PLACEMENT_3D('',#13273,#13274,#13275);
#13273 = CARTESIAN_POINT('',(39.5,7.5,1.6));
#13274 = DIRECTION('',(1.,0.,0.));
#13275 = DIRECTION('',(0.,0.,1.));
#13276 = ADVANCED_FACE('',(#13277),#13293,.F.);
#13277 = FACE_BOUND('',#13278,.F.);
#13278 = EDGE_LOOP('',(#13279,#13285,#13286,#13292));
#13279 = ORIENTED_EDGE('',*,*,#13280,.F.);
#13280 = EDGE_CURVE('',#13201,#13241,#13281,.T.);
#13281 = LINE('',#13282,#13283);
#13282 = CARTESIAN_POINT('',(38.5,7.5,1.6));
#13283 = VECTOR('',#13284,1.);
#13284 = DIRECTION('',(1.,0.,0.));
#13285 = ORIENTED_EDGE('',*,*,#13200,.T.);
#13286 = ORIENTED_EDGE('',*,*,#13287,.T.);
#13287 = EDGE_CURVE('',#13203,#13243,#13288,.T.);
#13288 = LINE('',#13289,#13290);
#13289 = CARTESIAN_POINT('',(38.5,7.5,1.635));
#13290 = VECTOR('',#13291,1.);
#13291 = DIRECTION('',(1.,0.,0.));
#13292 = ORIENTED_EDGE('',*,*,#13240,.F.);
#13293 = PLANE('',#13294);
#13294 = AXIS2_PLACEMENT_3D('',#13295,#13296,#13297);
#13295 = CARTESIAN_POINT('',(38.5,7.5,1.6));
#13296 = DIRECTION('',(0.,1.,0.));
#13297 = DIRECTION('',(0.,0.,1.));
#13298 = ADVANCED_FACE('',(#13299),#13315,.T.);
#13299 = FACE_BOUND('',#13300,.T.);
#13300 = EDGE_LOOP('',(#13301,#13307,#13308,#13314));
#13301 = ORIENTED_EDGE('',*,*,#13302,.F.);
#13302 = EDGE_CURVE('',#13211,#13251,#13303,.T.);
#13303 = LINE('',#13304,#13305);
#13304 = CARTESIAN_POINT('',(38.5,8.5,1.6));
#13305 = VECTOR('',#13306,1.);
#13306 = DIRECTION('',(1.,0.,0.));
#13307 = ORIENTED_EDGE('',*,*,#13218,.T.);
#13308 = ORIENTED_EDGE('',*,*,#13309,.T.);
#13309 = EDGE_CURVE('',#13219,#13259,#13310,.T.);
#13310 = LINE('',#13311,#13312);
#13311 = CARTESIAN_POINT('',(38.5,8.5,1.635));
#13312 = VECTOR('',#13313,1.);
#13313 = DIRECTION('',(1.,0.,0.));
#13314 = ORIENTED_EDGE('',*,*,#13258,.F.);
#13315 = PLANE('',#13316);
#13316 = AXIS2_PLACEMENT_3D('',#13317,#13318,#13319);
#13317 = CARTESIAN_POINT('',(38.5,8.5,1.6));
#13318 = DIRECTION('',(0.,1.,0.));
#13319 = DIRECTION('',(0.,0.,1.));
#13320 = ADVANCED_FACE('',(#13321),#13327,.F.);
#13321 = FACE_BOUND('',#13322,.F.);
#13322 = EDGE_LOOP('',(#13323,#13324,#13325,#13326));
#13323 = ORIENTED_EDGE('',*,*,#13210,.F.);
#13324 = ORIENTED_EDGE('',*,*,#13280,.T.);
#13325 = ORIENTED_EDGE('',*,*,#13250,.T.);
#13326 = ORIENTED_EDGE('',*,*,#13302,.F.);
#13327 = PLANE('',#13328);
#13328 = AXIS2_PLACEMENT_3D('',#13329,#13330,#13331);
#13329 = CARTESIAN_POINT('',(38.5,7.5,1.6));
#13330 = DIRECTION('',(0.,0.,1.));
#13331 = DIRECTION('',(1.,0.,0.));
#13332 = ADVANCED_FACE('',(#13333),#13339,.T.);
#13333 = FACE_BOUND('',#13334,.T.);
#13334 = EDGE_LOOP('',(#13335,#13336,#13337,#13338));
#13335 = ORIENTED_EDGE('',*,*,#13226,.F.);
#13336 = ORIENTED_EDGE('',*,*,#13287,.T.);
#13337 = ORIENTED_EDGE('',*,*,#13266,.T.);
#13338 = ORIENTED_EDGE('',*,*,#13309,.F.);
#13339 = PLANE('',#13340);
#13340 = AXIS2_PLACEMENT_3D('',#13341,#13342,#13343);
#13341 = CARTESIAN_POINT('',(38.5,7.5,1.635));
#13342 = DIRECTION('',(0.,0.,1.));
#13343 = DIRECTION('',(1.,0.,0.));
#13344 = MANIFOLD_SOLID_BREP('',#13345);
#13345 = CLOSED_SHELL('',(#13346,#13386,#13426,#13448,#13470,#13482));
#13346 = ADVANCED_FACE('',(#13347),#13381,.F.);
#13347 = FACE_BOUND('',#13348,.F.);
#13348 = EDGE_LOOP('',(#13349,#13359,#13367,#13375));
#13349 = ORIENTED_EDGE('',*,*,#13350,.F.);
#13350 = EDGE_CURVE('',#13351,#13353,#13355,.T.);
#13351 = VERTEX_POINT('',#13352);
#13352 = CARTESIAN_POINT('',(18.15,19.55,1.6));
#13353 = VERTEX_POINT('',#13354);
#13354 = CARTESIAN_POINT('',(18.15,19.55,2.5));
#13355 = LINE('',#13356,#13357);
#13356 = CARTESIAN_POINT('',(18.15,19.55,1.6));
#13357 = VECTOR('',#13358,1.);
#13358 = DIRECTION('',(0.,0.,1.));
#13359 = ORIENTED_EDGE('',*,*,#13360,.T.);
#13360 = EDGE_CURVE('',#13351,#13361,#13363,.T.);
#13361 = VERTEX_POINT('',#13362);
#13362 = CARTESIAN_POINT('',(18.15,20.45,1.6));
#13363 = LINE('',#13364,#13365);
#13364 = CARTESIAN_POINT('',(18.15,19.55,1.6));
#13365 = VECTOR('',#13366,1.);
#13366 = DIRECTION('',(0.,1.,0.));
#13367 = ORIENTED_EDGE('',*,*,#13368,.T.);
#13368 = EDGE_CURVE('',#13361,#13369,#13371,.T.);
#13369 = VERTEX_POINT('',#13370);
#13370 = CARTESIAN_POINT('',(18.15,20.45,2.5));
#13371 = LINE('',#13372,#13373);
#13372 = CARTESIAN_POINT('',(18.15,20.45,1.6));
#13373 = VECTOR('',#13374,1.);
#13374 = DIRECTION('',(0.,0.,1.));
#13375 = ORIENTED_EDGE('',*,*,#13376,.F.);
#13376 = EDGE_CURVE('',#13353,#13369,#13377,.T.);
#13377 = LINE('',#13378,#13379);
#13378 = CARTESIAN_POINT('',(18.15,19.55,2.5));
#13379 = VECTOR('',#13380,1.);
#13380 = DIRECTION('',(0.,1.,0.));
#13381 = PLANE('',#13382);
#13382 = AXIS2_PLACEMENT_3D('',#13383,#13384,#13385);
#13383 = CARTESIAN_POINT('',(18.15,19.55,1.6));
#13384 = DIRECTION('',(1.,0.,0.));
#13385 = DIRECTION('',(0.,0.,1.));
#13386 = ADVANCED_FACE('',(#13387),#13421,.T.);
#13387 = FACE_BOUND('',#13388,.T.);
#13388 = EDGE_LOOP('',(#13389,#13399,#13407,#13415));
#13389 = ORIENTED_EDGE('',*,*,#13390,.F.);
#13390 = EDGE_CURVE('',#13391,#13393,#13395,.T.);
#13391 = VERTEX_POINT('',#13392);
#13392 = CARTESIAN_POINT('',(19.85,19.55,1.6));
#13393 = VERTEX_POINT('',#13394);
#13394 = CARTESIAN_POINT('',(19.85,19.55,2.5));
#13395 = LINE('',#13396,#13397);
#13396 = CARTESIAN_POINT('',(19.85,19.55,1.6));
#13397 = VECTOR('',#13398,1.);
#13398 = DIRECTION('',(0.,0.,1.));
#13399 = ORIENTED_EDGE('',*,*,#13400,.T.);
#13400 = EDGE_CURVE('',#13391,#13401,#13403,.T.);
#13401 = VERTEX_POINT('',#13402);
#13402 = CARTESIAN_POINT('',(19.85,20.45,1.6));
#13403 = LINE('',#13404,#13405);
#13404 = CARTESIAN_POINT('',(19.85,19.55,1.6));
#13405 = VECTOR('',#13406,1.);
#13406 = DIRECTION('',(0.,1.,0.));
#13407 = ORIENTED_EDGE('',*,*,#13408,.T.);
#13408 = EDGE_CURVE('',#13401,#13409,#13411,.T.);
#13409 = VERTEX_POINT('',#13410);
#13410 = CARTESIAN_POINT('',(19.85,20.45,2.5));
#13411 = LINE('',#13412,#13413);
#13412 = CARTESIAN_POINT('',(19.85,20.45,1.6));
#13413 = VECTOR('',#13414,1.);
#13414 = DIRECTION('',(0.,0.,1.));
#13415 = ORIENTED_EDGE('',*,*,#13416,.F.);
#13416 = EDGE_CURVE('',#13393,#13409,#13417,.T.);
#13417 = LINE('',#13418,#13419);
#13418 = CARTESIAN_POINT('',(19.85,19.55,2.5));
#13419 = VECTOR('',#13420,1.);
#13420 = DIRECTION('',(0.,1.,0.));
#13421 = PLANE('',#13422);
#13422 = AXIS2_PLACEMENT_3D('',#13423,#13424,#13425);
#13423 = CARTESIAN_POINT('',(19.85,19.55,1.6));
#13424 = DIRECTION('',(1.,0.,0.));
#13425 = DIRECTION('',(0.,0.,1.));
#13426 = ADVANCED_FACE('',(#13427),#13443,.F.);
#13427 = FACE_BOUND('',#13428,.F.);
#13428 = EDGE_LOOP('',(#13429,#13435,#13436,#13442));
#13429 = ORIENTED_EDGE('',*,*,#13430,.F.);
#13430 = EDGE_CURVE('',#13351,#13391,#13431,.T.);
#13431 = LINE('',#13432,#13433);
#13432 = CARTESIAN_POINT('',(18.15,19.55,1.6));
#13433 = VECTOR('',#13434,1.);
#13434 = DIRECTION('',(1.,0.,0.));
#13435 = ORIENTED_EDGE('',*,*,#13350,.T.);
#13436 = ORIENTED_EDGE('',*,*,#13437,.T.);
#13437 = EDGE_CURVE('',#13353,#13393,#13438,.T.);
#13438 = LINE('',#13439,#13440);
#13439 = CARTESIAN_POINT('',(18.15,19.55,2.5));
#13440 = VECTOR('',#13441,1.);
#13441 = DIRECTION('',(1.,0.,0.));
#13442 = ORIENTED_EDGE('',*,*,#13390,.F.);
#13443 = PLANE('',#13444);
#13444 = AXIS2_PLACEMENT_3D('',#13445,#13446,#13447);
#13445 = CARTESIAN_POINT('',(18.15,19.55,1.6));
#13446 = DIRECTION('',(0.,1.,0.));
#13447 = DIRECTION('',(0.,0.,1.));
#13448 = ADVANCED_FACE('',(#13449),#13465,.T.);
#13449 = FACE_BOUND('',#13450,.T.);
#13450 = EDGE_LOOP('',(#13451,#13457,#13458,#13464));
#13451 = ORIENTED_EDGE('',*,*,#13452,.F.);
#13452 = EDGE_CURVE('',#13361,#13401,#13453,.T.);
#13453 = LINE('',#13454,#13455);
#13454 = CARTESIAN_POINT('',(18.15,20.45,1.6));
#13455 = VECTOR('',#13456,1.);
#13456 = DIRECTION('',(1.,0.,0.));
#13457 = ORIENTED_EDGE('',*,*,#13368,.T.);
#13458 = ORIENTED_EDGE('',*,*,#13459,.T.);
#13459 = EDGE_CURVE('',#13369,#13409,#13460,.T.);
#13460 = LINE('',#13461,#13462);
#13461 = CARTESIAN_POINT('',(18.15,20.45,2.5));
#13462 = VECTOR('',#13463,1.);
#13463 = DIRECTION('',(1.,0.,0.));
#13464 = ORIENTED_EDGE('',*,*,#13408,.F.);
#13465 = PLANE('',#13466);
#13466 = AXIS2_PLACEMENT_3D('',#13467,#13468,#13469);
#13467 = CARTESIAN_POINT('',(18.15,20.45,1.6));
#13468 = DIRECTION('',(0.,1.,0.));
#13469 = DIRECTION('',(0.,0.,1.));
#13470 = ADVANCED_FACE('',(#13471),#13477,.F.);
#13471 = FACE_BOUND('',#13472,.F.);
#13472 = EDGE_LOOP('',(#13473,#13474,#13475,#13476));
#13473 = ORIENTED_EDGE('',*,*,#13360,.F.);
#13474 = ORIENTED_EDGE('',*,*,#13430,.T.);
#13475 = ORIENTED_EDGE('',*,*,#13400,.T.);
#13476 = ORIENTED_EDGE('',*,*,#13452,.F.);
#13477 = PLANE('',#13478);
#13478 = AXIS2_PLACEMENT_3D('',#13479,#13480,#13481);
#13479 = CARTESIAN_POINT('',(18.15,19.55,1.6));
#13480 = DIRECTION('',(0.,0.,1.));
#13481 = DIRECTION('',(1.,0.,0.));
#13482 = ADVANCED_FACE('',(#13483),#13489,.T.);
#13483 = FACE_BOUND('',#13484,.T.);
#13484 = EDGE_LOOP('',(#13485,#13486,#13487,#13488));
#13485 = ORIENTED_EDGE('',*,*,#13376,.F.);
#13486 = ORIENTED_EDGE('',*,*,#13437,.T.);
#13487 = ORIENTED_EDGE('',*,*,#13416,.T.);
#13488 = ORIENTED_EDGE('',*,*,#13459,.F.);
#13489 = PLANE('',#13490);
#13490 = AXIS2_PLACEMENT_3D('',#13491,#13492,#13493);
#13491 = CARTESIAN_POINT('',(18.15,19.55,2.5));
#13492 = DIRECTION('',(0.,0.,1.));
#13493 = DIRECTION('',(1.,0.,0.));
#13494 = MANIFOLD_SOLID_BREP('',#13495);
#13495 = CLOSED_SHELL('',(#13496,#13536,#13576,#13598,#13620,#13632));
#13496 = ADVANCED_FACE('',(#13497),#13531,.F.);
#13497 = FACE_BOUND('',#13498,.F.);
#13498 = EDGE_LOOP('',(#13499,#13509,#13517,#13525));
#13499 = ORIENTED_EDGE('',*,*,#13500,.F.);
#13500 = EDGE_CURVE('',#13501,#13503,#13505,.T.);
#13501 = VERTEX_POINT('',#13502);
#13502 = CARTESIAN_POINT('',(17.775,19.525,1.6));
#13503 = VERTEX_POINT('',#13504);
#13504 = CARTESIAN_POINT('',(17.775,19.525,1.635));
#13505 = LINE('',#13506,#13507);
#13506 = CARTESIAN_POINT('',(17.775,19.525,1.6));
#13507 = VECTOR('',#13508,1.);
#13508 = DIRECTION('',(0.,0.,1.));
#13509 = ORIENTED_EDGE('',*,*,#13510,.T.);
#13510 = EDGE_CURVE('',#13501,#13511,#13513,.T.);
#13511 = VERTEX_POINT('',#13512);
#13512 = CARTESIAN_POINT('',(17.775,20.475,1.6));
#13513 = LINE('',#13514,#13515);
#13514 = CARTESIAN_POINT('',(17.775,19.525,1.6));
#13515 = VECTOR('',#13516,1.);
#13516 = DIRECTION('',(0.,1.,0.));
#13517 = ORIENTED_EDGE('',*,*,#13518,.T.);
#13518 = EDGE_CURVE('',#13511,#13519,#13521,.T.);
#13519 = VERTEX_POINT('',#13520);
#13520 = CARTESIAN_POINT('',(17.775,20.475,1.635));
#13521 = LINE('',#13522,#13523);
#13522 = CARTESIAN_POINT('',(17.775,20.475,1.6));
#13523 = VECTOR('',#13524,1.);
#13524 = DIRECTION('',(0.,0.,1.));
#13525 = ORIENTED_EDGE('',*,*,#13526,.F.);
#13526 = EDGE_CURVE('',#13503,#13519,#13527,.T.);
#13527 = LINE('',#13528,#13529);
#13528 = CARTESIAN_POINT('',(17.775,19.525,1.635));
#13529 = VECTOR('',#13530,1.);
#13530 = DIRECTION('',(0.,1.,0.));
#13531 = PLANE('',#13532);
#13532 = AXIS2_PLACEMENT_3D('',#13533,#13534,#13535);
#13533 = CARTESIAN_POINT('',(17.775,19.525,1.6));
#13534 = DIRECTION('',(1.,0.,0.));
#13535 = DIRECTION('',(0.,0.,1.));
#13536 = ADVANCED_FACE('',(#13537),#13571,.T.);
#13537 = FACE_BOUND('',#13538,.T.);
#13538 = EDGE_LOOP('',(#13539,#13549,#13557,#13565));
#13539 = ORIENTED_EDGE('',*,*,#13540,.F.);
#13540 = EDGE_CURVE('',#13541,#13543,#13545,.T.);
#13541 = VERTEX_POINT('',#13542);
#13542 = CARTESIAN_POINT('',(18.675,19.525,1.6));
#13543 = VERTEX_POINT('',#13544);
#13544 = CARTESIAN_POINT('',(18.675,19.525,1.635));
#13545 = LINE('',#13546,#13547);
#13546 = CARTESIAN_POINT('',(18.675,19.525,1.6));
#13547 = VECTOR('',#13548,1.);
#13548 = DIRECTION('',(0.,0.,1.));
#13549 = ORIENTED_EDGE('',*,*,#13550,.T.);
#13550 = EDGE_CURVE('',#13541,#13551,#13553,.T.);
#13551 = VERTEX_POINT('',#13552);
#13552 = CARTESIAN_POINT('',(18.675,20.475,1.6));
#13553 = LINE('',#13554,#13555);
#13554 = CARTESIAN_POINT('',(18.675,19.525,1.6));
#13555 = VECTOR('',#13556,1.);
#13556 = DIRECTION('',(0.,1.,0.));
#13557 = ORIENTED_EDGE('',*,*,#13558,.T.);
#13558 = EDGE_CURVE('',#13551,#13559,#13561,.T.);
#13559 = VERTEX_POINT('',#13560);
#13560 = CARTESIAN_POINT('',(18.675,20.475,1.635));
#13561 = LINE('',#13562,#13563);
#13562 = CARTESIAN_POINT('',(18.675,20.475,1.6));
#13563 = VECTOR('',#13564,1.);
#13564 = DIRECTION('',(0.,0.,1.));
#13565 = ORIENTED_EDGE('',*,*,#13566,.F.);
#13566 = EDGE_CURVE('',#13543,#13559,#13567,.T.);
#13567 = LINE('',#13568,#13569);
#13568 = CARTESIAN_POINT('',(18.675,19.525,1.635));
#13569 = VECTOR('',#13570,1.);
#13570 = DIRECTION('',(0.,1.,0.));
#13571 = PLANE('',#13572);
#13572 = AXIS2_PLACEMENT_3D('',#13573,#13574,#13575);
#13573 = CARTESIAN_POINT('',(18.675,19.525,1.6));
#13574 = DIRECTION('',(1.,0.,0.));
#13575 = DIRECTION('',(0.,0.,1.));
#13576 = ADVANCED_FACE('',(#13577),#13593,.F.);
#13577 = FACE_BOUND('',#13578,.F.);
#13578 = EDGE_LOOP('',(#13579,#13585,#13586,#13592));
#13579 = ORIENTED_EDGE('',*,*,#13580,.F.);
#13580 = EDGE_CURVE('',#13501,#13541,#13581,.T.);
#13581 = LINE('',#13582,#13583);
#13582 = CARTESIAN_POINT('',(17.775,19.525,1.6));
#13583 = VECTOR('',#13584,1.);
#13584 = DIRECTION('',(1.,0.,0.));
#13585 = ORIENTED_EDGE('',*,*,#13500,.T.);
#13586 = ORIENTED_EDGE('',*,*,#13587,.T.);
#13587 = EDGE_CURVE('',#13503,#13543,#13588,.T.);
#13588 = LINE('',#13589,#13590);
#13589 = CARTESIAN_POINT('',(17.775,19.525,1.635));
#13590 = VECTOR('',#13591,1.);
#13591 = DIRECTION('',(1.,0.,0.));
#13592 = ORIENTED_EDGE('',*,*,#13540,.F.);
#13593 = PLANE('',#13594);
#13594 = AXIS2_PLACEMENT_3D('',#13595,#13596,#13597);
#13595 = CARTESIAN_POINT('',(17.775,19.525,1.6));
#13596 = DIRECTION('',(0.,1.,0.));
#13597 = DIRECTION('',(0.,0.,1.));
#13598 = ADVANCED_FACE('',(#13599),#13615,.T.);
#13599 = FACE_BOUND('',#13600,.T.);
#13600 = EDGE_LOOP('',(#13601,#13607,#13608,#13614));
#13601 = ORIENTED_EDGE('',*,*,#13602,.F.);
#13602 = EDGE_CURVE('',#13511,#13551,#13603,.T.);
#13603 = LINE('',#13604,#13605);
#13604 = CARTESIAN_POINT('',(17.775,20.475,1.6));
#13605 = VECTOR('',#13606,1.);
#13606 = DIRECTION('',(1.,0.,0.));
#13607 = ORIENTED_EDGE('',*,*,#13518,.T.);
#13608 = ORIENTED_EDGE('',*,*,#13609,.T.);
#13609 = EDGE_CURVE('',#13519,#13559,#13610,.T.);
#13610 = LINE('',#13611,#13612);
#13611 = CARTESIAN_POINT('',(17.775,20.475,1.635));
#13612 = VECTOR('',#13613,1.);
#13613 = DIRECTION('',(1.,0.,0.));
#13614 = ORIENTED_EDGE('',*,*,#13558,.F.);
#13615 = PLANE('',#13616);
#13616 = AXIS2_PLACEMENT_3D('',#13617,#13618,#13619);
#13617 = CARTESIAN_POINT('',(17.775,20.475,1.6));
#13618 = DIRECTION('',(0.,1.,0.));
#13619 = DIRECTION('',(0.,0.,1.));
#13620 = ADVANCED_FACE('',(#13621),#13627,.F.);
#13621 = FACE_BOUND('',#13622,.F.);
#13622 = EDGE_LOOP('',(#13623,#13624,#13625,#13626));
#13623 = ORIENTED_EDGE('',*,*,#13510,.F.);
#13624 = ORIENTED_EDGE('',*,*,#13580,.T.);
#13625 = ORIENTED_EDGE('',*,*,#13550,.T.);
#13626 = ORIENTED_EDGE('',*,*,#13602,.F.);
#13627 = PLANE('',#13628);
#13628 = AXIS2_PLACEMENT_3D('',#13629,#13630,#13631);
#13629 = CARTESIAN_POINT('',(17.775,19.525,1.6));
#13630 = DIRECTION('',(0.,0.,1.));
#13631 = DIRECTION('',(1.,0.,0.));
#13632 = ADVANCED_FACE('',(#13633),#13639,.T.);
#13633 = FACE_BOUND('',#13634,.T.);
#13634 = EDGE_LOOP('',(#13635,#13636,#13637,#13638));
#13635 = ORIENTED_EDGE('',*,*,#13526,.F.);
#13636 = ORIENTED_EDGE('',*,*,#13587,.T.);
#13637 = ORIENTED_EDGE('',*,*,#13566,.T.);
#13638 = ORIENTED_EDGE('',*,*,#13609,.F.);
#13639 = PLANE('',#13640);
#13640 = AXIS2_PLACEMENT_3D('',#13641,#13642,#13643);
#13641 = CARTESIAN_POINT('',(17.775,19.525,1.635));
#13642 = DIRECTION('',(0.,0.,1.));
#13643 = DIRECTION('',(1.,0.,0.));
#13644 = MANIFOLD_SOLID_BREP('',#13645);
#13645 = CLOSED_SHELL('',(#13646,#13686,#13726,#13748,#13770,#13782));
#13646 = ADVANCED_FACE('',(#13647),#13681,.F.);
#13647 = FACE_BOUND('',#13648,.F.);
#13648 = EDGE_LOOP('',(#13649,#13659,#13667,#13675));
#13649 = ORIENTED_EDGE('',*,*,#13650,.F.);
#13650 = EDGE_CURVE('',#13651,#13653,#13655,.T.);
#13651 = VERTEX_POINT('',#13652);
#13652 = CARTESIAN_POINT('',(19.325,19.525,1.6));
#13653 = VERTEX_POINT('',#13654);
#13654 = CARTESIAN_POINT('',(19.325,19.525,1.635));
#13655 = LINE('',#13656,#13657);
#13656 = CARTESIAN_POINT('',(19.325,19.525,1.6));
#13657 = VECTOR('',#13658,1.);
#13658 = DIRECTION('',(0.,0.,1.));
#13659 = ORIENTED_EDGE('',*,*,#13660,.T.);
#13660 = EDGE_CURVE('',#13651,#13661,#13663,.T.);
#13661 = VERTEX_POINT('',#13662);
#13662 = CARTESIAN_POINT('',(19.325,20.475,1.6));
#13663 = LINE('',#13664,#13665);
#13664 = CARTESIAN_POINT('',(19.325,19.525,1.6));
#13665 = VECTOR('',#13666,1.);
#13666 = DIRECTION('',(0.,1.,0.));
#13667 = ORIENTED_EDGE('',*,*,#13668,.T.);
#13668 = EDGE_CURVE('',#13661,#13669,#13671,.T.);
#13669 = VERTEX_POINT('',#13670);
#13670 = CARTESIAN_POINT('',(19.325,20.475,1.635));
#13671 = LINE('',#13672,#13673);
#13672 = CARTESIAN_POINT('',(19.325,20.475,1.6));
#13673 = VECTOR('',#13674,1.);
#13674 = DIRECTION('',(0.,0.,1.));
#13675 = ORIENTED_EDGE('',*,*,#13676,.F.);
#13676 = EDGE_CURVE('',#13653,#13669,#13677,.T.);
#13677 = LINE('',#13678,#13679);
#13678 = CARTESIAN_POINT('',(19.325,19.525,1.635));
#13679 = VECTOR('',#13680,1.);
#13680 = DIRECTION('',(0.,1.,0.));
#13681 = PLANE('',#13682);
#13682 = AXIS2_PLACEMENT_3D('',#13683,#13684,#13685);
#13683 = CARTESIAN_POINT('',(19.325,19.525,1.6));
#13684 = DIRECTION('',(1.,0.,0.));
#13685 = DIRECTION('',(0.,0.,1.));
#13686 = ADVANCED_FACE('',(#13687),#13721,.T.);
#13687 = FACE_BOUND('',#13688,.T.);
#13688 = EDGE_LOOP('',(#13689,#13699,#13707,#13715));
#13689 = ORIENTED_EDGE('',*,*,#13690,.F.);
#13690 = EDGE_CURVE('',#13691,#13693,#13695,.T.);
#13691 = VERTEX_POINT('',#13692);
#13692 = CARTESIAN_POINT('',(20.225,19.525,1.6));
#13693 = VERTEX_POINT('',#13694);
#13694 = CARTESIAN_POINT('',(20.225,19.525,1.635));
#13695 = LINE('',#13696,#13697);
#13696 = CARTESIAN_POINT('',(20.225,19.525,1.6));
#13697 = VECTOR('',#13698,1.);
#13698 = DIRECTION('',(0.,0.,1.));
#13699 = ORIENTED_EDGE('',*,*,#13700,.T.);
#13700 = EDGE_CURVE('',#13691,#13701,#13703,.T.);
#13701 = VERTEX_POINT('',#13702);
#13702 = CARTESIAN_POINT('',(20.225,20.475,1.6));
#13703 = LINE('',#13704,#13705);
#13704 = CARTESIAN_POINT('',(20.225,19.525,1.6));
#13705 = VECTOR('',#13706,1.);
#13706 = DIRECTION('',(0.,1.,0.));
#13707 = ORIENTED_EDGE('',*,*,#13708,.T.);
#13708 = EDGE_CURVE('',#13701,#13709,#13711,.T.);
#13709 = VERTEX_POINT('',#13710);
#13710 = CARTESIAN_POINT('',(20.225,20.475,1.635));
#13711 = LINE('',#13712,#13713);
#13712 = CARTESIAN_POINT('',(20.225,20.475,1.6));
#13713 = VECTOR('',#13714,1.);
#13714 = DIRECTION('',(0.,0.,1.));
#13715 = ORIENTED_EDGE('',*,*,#13716,.F.);
#13716 = EDGE_CURVE('',#13693,#13709,#13717,.T.);
#13717 = LINE('',#13718,#13719);
#13718 = CARTESIAN_POINT('',(20.225,19.525,1.635));
#13719 = VECTOR('',#13720,1.);
#13720 = DIRECTION('',(0.,1.,0.));
#13721 = PLANE('',#13722);
#13722 = AXIS2_PLACEMENT_3D('',#13723,#13724,#13725);
#13723 = CARTESIAN_POINT('',(20.225,19.525,1.6));
#13724 = DIRECTION('',(1.,0.,0.));
#13725 = DIRECTION('',(0.,0.,1.));
#13726 = ADVANCED_FACE('',(#13727),#13743,.F.);
#13727 = FACE_BOUND('',#13728,.F.);
#13728 = EDGE_LOOP('',(#13729,#13735,#13736,#13742));
#13729 = ORIENTED_EDGE('',*,*,#13730,.F.);
#13730 = EDGE_CURVE('',#13651,#13691,#13731,.T.);
#13731 = LINE('',#13732,#13733);
#13732 = CARTESIAN_POINT('',(19.325,19.525,1.6));
#13733 = VECTOR('',#13734,1.);
#13734 = DIRECTION('',(1.,0.,0.));
#13735 = ORIENTED_EDGE('',*,*,#13650,.T.);
#13736 = ORIENTED_EDGE('',*,*,#13737,.T.);
#13737 = EDGE_CURVE('',#13653,#13693,#13738,.T.);
#13738 = LINE('',#13739,#13740);
#13739 = CARTESIAN_POINT('',(19.325,19.525,1.635));
#13740 = VECTOR('',#13741,1.);
#13741 = DIRECTION('',(1.,0.,0.));
#13742 = ORIENTED_EDGE('',*,*,#13690,.F.);
#13743 = PLANE('',#13744);
#13744 = AXIS2_PLACEMENT_3D('',#13745,#13746,#13747);
#13745 = CARTESIAN_POINT('',(19.325,19.525,1.6));
#13746 = DIRECTION('',(0.,1.,0.));
#13747 = DIRECTION('',(0.,0.,1.));
#13748 = ADVANCED_FACE('',(#13749),#13765,.T.);
#13749 = FACE_BOUND('',#13750,.T.);
#13750 = EDGE_LOOP('',(#13751,#13757,#13758,#13764));
#13751 = ORIENTED_EDGE('',*,*,#13752,.F.);
#13752 = EDGE_CURVE('',#13661,#13701,#13753,.T.);
#13753 = LINE('',#13754,#13755);
#13754 = CARTESIAN_POINT('',(19.325,20.475,1.6));
#13755 = VECTOR('',#13756,1.);
#13756 = DIRECTION('',(1.,0.,0.));
#13757 = ORIENTED_EDGE('',*,*,#13668,.T.);
#13758 = ORIENTED_EDGE('',*,*,#13759,.T.);
#13759 = EDGE_CURVE('',#13669,#13709,#13760,.T.);
#13760 = LINE('',#13761,#13762);
#13761 = CARTESIAN_POINT('',(19.325,20.475,1.635));
#13762 = VECTOR('',#13763,1.);
#13763 = DIRECTION('',(1.,0.,0.));
#13764 = ORIENTED_EDGE('',*,*,#13708,.F.);
#13765 = PLANE('',#13766);
#13766 = AXIS2_PLACEMENT_3D('',#13767,#13768,#13769);
#13767 = CARTESIAN_POINT('',(19.325,20.475,1.6));
#13768 = DIRECTION('',(0.,1.,0.));
#13769 = DIRECTION('',(0.,0.,1.));
#13770 = ADVANCED_FACE('',(#13771),#13777,.F.);
#13771 = FACE_BOUND('',#13772,.F.);
#13772 = EDGE_LOOP('',(#13773,#13774,#13775,#13776));
#13773 = ORIENTED_EDGE('',*,*,#13660,.F.);
#13774 = ORIENTED_EDGE('',*,*,#13730,.T.);
#13775 = ORIENTED_EDGE('',*,*,#13700,.T.);
#13776 = ORIENTED_EDGE('',*,*,#13752,.F.);
#13777 = PLANE('',#13778);
#13778 = AXIS2_PLACEMENT_3D('',#13779,#13780,#13781);
#13779 = CARTESIAN_POINT('',(19.325,19.525,1.6));
#13780 = DIRECTION('',(0.,0.,1.));
#13781 = DIRECTION('',(1.,0.,0.));
#13782 = ADVANCED_FACE('',(#13783),#13789,.T.);
#13783 = FACE_BOUND('',#13784,.T.);
#13784 = EDGE_LOOP('',(#13785,#13786,#13787,#13788));
#13785 = ORIENTED_EDGE('',*,*,#13676,.F.);
#13786 = ORIENTED_EDGE('',*,*,#13737,.T.);
#13787 = ORIENTED_EDGE('',*,*,#13716,.T.);
#13788 = ORIENTED_EDGE('',*,*,#13759,.F.);
#13789 = PLANE('',#13790);
#13790 = AXIS2_PLACEMENT_3D('',#13791,#13792,#13793);
#13791 = CARTESIAN_POINT('',(19.325,19.525,1.635));
#13792 = DIRECTION('',(0.,0.,1.));
#13793 = DIRECTION('',(1.,0.,0.));
#13794 = MANIFOLD_SOLID_BREP('',#13795);
#13795 = CLOSED_SHELL('',(#13796,#13836,#13876,#13898,#13920,#13932));
#13796 = ADVANCED_FACE('',(#13797),#13831,.F.);
#13797 = FACE_BOUND('',#13798,.F.);
#13798 = EDGE_LOOP('',(#13799,#13809,#13817,#13825));
#13799 = ORIENTED_EDGE('',*,*,#13800,.F.);
#13800 = EDGE_CURVE('',#13801,#13803,#13805,.T.);
#13801 = VERTEX_POINT('',#13802);
#13802 = CARTESIAN_POINT('',(34.15,14.5375,1.6));
#13803 = VERTEX_POINT('',#13804);
#13804 = CARTESIAN_POINT('',(34.15,14.5375,2.15));
#13805 = LINE('',#13806,#13807);
#13806 = CARTESIAN_POINT('',(34.15,14.5375,1.6));
#13807 = VECTOR('',#13808,1.);
#13808 = DIRECTION('',(0.,0.,1.));
#13809 = ORIENTED_EDGE('',*,*,#13810,.T.);
#13810 = EDGE_CURVE('',#13801,#13811,#13813,.T.);
#13811 = VERTEX_POINT('',#13812);
#13812 = CARTESIAN_POINT('',(34.15,15.4625,1.6));
#13813 = LINE('',#13814,#13815);
#13814 = CARTESIAN_POINT('',(34.15,14.5375,1.6));
#13815 = VECTOR('',#13816,1.);
#13816 = DIRECTION('',(0.,1.,0.));
#13817 = ORIENTED_EDGE('',*,*,#13818,.T.);
#13818 = EDGE_CURVE('',#13811,#13819,#13821,.T.);
#13819 = VERTEX_POINT('',#13820);
#13820 = CARTESIAN_POINT('',(34.15,15.4625,2.15));
#13821 = LINE('',#13822,#13823);
#13822 = CARTESIAN_POINT('',(34.15,15.4625,1.6));
#13823 = VECTOR('',#13824,1.);
#13824 = DIRECTION('',(0.,0.,1.));
#13825 = ORIENTED_EDGE('',*,*,#13826,.F.);
#13826 = EDGE_CURVE('',#13803,#13819,#13827,.T.);
#13827 = LINE('',#13828,#13829);
#13828 = CARTESIAN_POINT('',(34.15,14.5375,2.15));
#13829 = VECTOR('',#13830,1.);
#13830 = DIRECTION('',(0.,1.,0.));
#13831 = PLANE('',#13832);
#13832 = AXIS2_PLACEMENT_3D('',#13833,#13834,#13835);
#13833 = CARTESIAN_POINT('',(34.15,14.5375,1.6));
#13834 = DIRECTION('',(1.,0.,0.));
#13835 = DIRECTION('',(0.,0.,1.));
#13836 = ADVANCED_FACE('',(#13837),#13871,.T.);
#13837 = FACE_BOUND('',#13838,.T.);
#13838 = EDGE_LOOP('',(#13839,#13849,#13857,#13865));
#13839 = ORIENTED_EDGE('',*,*,#13840,.F.);
#13840 = EDGE_CURVE('',#13841,#13843,#13845,.T.);
#13841 = VERTEX_POINT('',#13842);
#13842 = CARTESIAN_POINT('',(35.85,14.5375,1.6));
#13843 = VERTEX_POINT('',#13844);
#13844 = CARTESIAN_POINT('',(35.85,14.5375,2.15));
#13845 = LINE('',#13846,#13847);
#13846 = CARTESIAN_POINT('',(35.85,14.5375,1.6));
#13847 = VECTOR('',#13848,1.);
#13848 = DIRECTION('',(0.,0.,1.));
#13849 = ORIENTED_EDGE('',*,*,#13850,.T.);
#13850 = EDGE_CURVE('',#13841,#13851,#13853,.T.);
#13851 = VERTEX_POINT('',#13852);
#13852 = CARTESIAN_POINT('',(35.85,15.4625,1.6));
#13853 = LINE('',#13854,#13855);
#13854 = CARTESIAN_POINT('',(35.85,14.5375,1.6));
#13855 = VECTOR('',#13856,1.);
#13856 = DIRECTION('',(0.,1.,0.));
#13857 = ORIENTED_EDGE('',*,*,#13858,.T.);
#13858 = EDGE_CURVE('',#13851,#13859,#13861,.T.);
#13859 = VERTEX_POINT('',#13860);
#13860 = CARTESIAN_POINT('',(35.85,15.4625,2.15));
#13861 = LINE('',#13862,#13863);
#13862 = CARTESIAN_POINT('',(35.85,15.4625,1.6));
#13863 = VECTOR('',#13864,1.);
#13864 = DIRECTION('',(0.,0.,1.));
#13865 = ORIENTED_EDGE('',*,*,#13866,.F.);
#13866 = EDGE_CURVE('',#13843,#13859,#13867,.T.);
#13867 = LINE('',#13868,#13869);
#13868 = CARTESIAN_POINT('',(35.85,14.5375,2.15));
#13869 = VECTOR('',#13870,1.);
#13870 = DIRECTION('',(0.,1.,0.));
#13871 = PLANE('',#13872);
#13872 = AXIS2_PLACEMENT_3D('',#13873,#13874,#13875);
#13873 = CARTESIAN_POINT('',(35.85,14.5375,1.6));
#13874 = DIRECTION('',(1.,0.,0.));
#13875 = DIRECTION('',(0.,0.,1.));
#13876 = ADVANCED_FACE('',(#13877),#13893,.F.);
#13877 = FACE_BOUND('',#13878,.F.);
#13878 = EDGE_LOOP('',(#13879,#13885,#13886,#13892));
#13879 = ORIENTED_EDGE('',*,*,#13880,.F.);
#13880 = EDGE_CURVE('',#13801,#13841,#13881,.T.);
#13881 = LINE('',#13882,#13883);
#13882 = CARTESIAN_POINT('',(34.15,14.5375,1.6));
#13883 = VECTOR('',#13884,1.);
#13884 = DIRECTION('',(1.,0.,0.));
#13885 = ORIENTED_EDGE('',*,*,#13800,.T.);
#13886 = ORIENTED_EDGE('',*,*,#13887,.T.);
#13887 = EDGE_CURVE('',#13803,#13843,#13888,.T.);
#13888 = LINE('',#13889,#13890);
#13889 = CARTESIAN_POINT('',(34.15,14.5375,2.15));
#13890 = VECTOR('',#13891,1.);
#13891 = DIRECTION('',(1.,0.,0.));
#13892 = ORIENTED_EDGE('',*,*,#13840,.F.);
#13893 = PLANE('',#13894);
#13894 = AXIS2_PLACEMENT_3D('',#13895,#13896,#13897);
#13895 = CARTESIAN_POINT('',(34.15,14.5375,1.6));
#13896 = DIRECTION('',(0.,1.,0.));
#13897 = DIRECTION('',(0.,0.,1.));
#13898 = ADVANCED_FACE('',(#13899),#13915,.T.);
#13899 = FACE_BOUND('',#13900,.T.);
#13900 = EDGE_LOOP('',(#13901,#13907,#13908,#13914));
#13901 = ORIENTED_EDGE('',*,*,#13902,.F.);
#13902 = EDGE_CURVE('',#13811,#13851,#13903,.T.);
#13903 = LINE('',#13904,#13905);
#13904 = CARTESIAN_POINT('',(34.15,15.4625,1.6));
#13905 = VECTOR('',#13906,1.);
#13906 = DIRECTION('',(1.,0.,0.));
#13907 = ORIENTED_EDGE('',*,*,#13818,.T.);
#13908 = ORIENTED_EDGE('',*,*,#13909,.T.);
#13909 = EDGE_CURVE('',#13819,#13859,#13910,.T.);
#13910 = LINE('',#13911,#13912);
#13911 = CARTESIAN_POINT('',(34.15,15.4625,2.15));
#13912 = VECTOR('',#13913,1.);
#13913 = DIRECTION('',(1.,0.,0.));
#13914 = ORIENTED_EDGE('',*,*,#13858,.F.);
#13915 = PLANE('',#13916);
#13916 = AXIS2_PLACEMENT_3D('',#13917,#13918,#13919);
#13917 = CARTESIAN_POINT('',(34.15,15.4625,1.6));
#13918 = DIRECTION('',(0.,1.,0.));
#13919 = DIRECTION('',(0.,0.,1.));
#13920 = ADVANCED_FACE('',(#13921),#13927,.F.);
#13921 = FACE_BOUND('',#13922,.F.);
#13922 = EDGE_LOOP('',(#13923,#13924,#13925,#13926));
#13923 = ORIENTED_EDGE('',*,*,#13810,.F.);
#13924 = ORIENTED_EDGE('',*,*,#13880,.T.);
#13925 = ORIENTED_EDGE('',*,*,#13850,.T.);
#13926 = ORIENTED_EDGE('',*,*,#13902,.F.);
#13927 = PLANE('',#13928);
#13928 = AXIS2_PLACEMENT_3D('',#13929,#13930,#13931);
#13929 = CARTESIAN_POINT('',(34.15,14.5375,1.6));
#13930 = DIRECTION('',(0.,0.,1.));
#13931 = DIRECTION('',(1.,0.,0.));
#13932 = ADVANCED_FACE('',(#13933),#13939,.T.);
#13933 = FACE_BOUND('',#13934,.T.);
#13934 = EDGE_LOOP('',(#13935,#13936,#13937,#13938));
#13935 = ORIENTED_EDGE('',*,*,#13826,.F.);
#13936 = ORIENTED_EDGE('',*,*,#13887,.T.);
#13937 = ORIENTED_EDGE('',*,*,#13866,.T.);
#13938 = ORIENTED_EDGE('',*,*,#13909,.F.);
#13939 = PLANE('',#13940);
#13940 = AXIS2_PLACEMENT_3D('',#13941,#13942,#13943);
#13941 = CARTESIAN_POINT('',(34.15,14.5375,2.15));
#13942 = DIRECTION('',(0.,0.,1.));
#13943 = DIRECTION('',(1.,0.,0.));
#13944 = MANIFOLD_SOLID_BREP('',#13945);
#13945 = CLOSED_SHELL('',(#13946,#13986,#14026,#14048,#14070,#14082));
#13946 = ADVANCED_FACE('',(#13947),#13981,.F.);
#13947 = FACE_BOUND('',#13948,.F.);
#13948 = EDGE_LOOP('',(#13949,#13959,#13967,#13975));
#13949 = ORIENTED_EDGE('',*,*,#13950,.F.);
#13950 = EDGE_CURVE('',#13951,#13953,#13955,.T.);
#13951 = VERTEX_POINT('',#13952);
#13952 = CARTESIAN_POINT('',(33.775,14.525,1.6));
#13953 = VERTEX_POINT('',#13954);
#13954 = CARTESIAN_POINT('',(33.775,14.525,1.635));
#13955 = LINE('',#13956,#13957);
#13956 = CARTESIAN_POINT('',(33.775,14.525,1.6));
#13957 = VECTOR('',#13958,1.);
#13958 = DIRECTION('',(0.,0.,1.));
#13959 = ORIENTED_EDGE('',*,*,#13960,.T.);
#13960 = EDGE_CURVE('',#13951,#13961,#13963,.T.);
#13961 = VERTEX_POINT('',#13962);
#13962 = CARTESIAN_POINT('',(33.775,15.475,1.6));
#13963 = LINE('',#13964,#13965);
#13964 = CARTESIAN_POINT('',(33.775,14.525,1.6));
#13965 = VECTOR('',#13966,1.);
#13966 = DIRECTION('',(0.,1.,0.));
#13967 = ORIENTED_EDGE('',*,*,#13968,.T.);
#13968 = EDGE_CURVE('',#13961,#13969,#13971,.T.);
#13969 = VERTEX_POINT('',#13970);
#13970 = CARTESIAN_POINT('',(33.775,15.475,1.635));
#13971 = LINE('',#13972,#13973);
#13972 = CARTESIAN_POINT('',(33.775,15.475,1.6));
#13973 = VECTOR('',#13974,1.);
#13974 = DIRECTION('',(0.,0.,1.));
#13975 = ORIENTED_EDGE('',*,*,#13976,.F.);
#13976 = EDGE_CURVE('',#13953,#13969,#13977,.T.);
#13977 = LINE('',#13978,#13979);
#13978 = CARTESIAN_POINT('',(33.775,14.525,1.635));
#13979 = VECTOR('',#13980,1.);
#13980 = DIRECTION('',(0.,1.,0.));
#13981 = PLANE('',#13982);
#13982 = AXIS2_PLACEMENT_3D('',#13983,#13984,#13985);
#13983 = CARTESIAN_POINT('',(33.775,14.525,1.6));
#13984 = DIRECTION('',(1.,0.,0.));
#13985 = DIRECTION('',(0.,0.,1.));
#13986 = ADVANCED_FACE('',(#13987),#14021,.T.);
#13987 = FACE_BOUND('',#13988,.T.);
#13988 = EDGE_LOOP('',(#13989,#13999,#14007,#14015));
#13989 = ORIENTED_EDGE('',*,*,#13990,.F.);
#13990 = EDGE_CURVE('',#13991,#13993,#13995,.T.);
#13991 = VERTEX_POINT('',#13992);
#13992 = CARTESIAN_POINT('',(34.575,14.525,1.6));
#13993 = VERTEX_POINT('',#13994);
#13994 = CARTESIAN_POINT('',(34.575,14.525,1.635));
#13995 = LINE('',#13996,#13997);
#13996 = CARTESIAN_POINT('',(34.575,14.525,1.6));
#13997 = VECTOR('',#13998,1.);
#13998 = DIRECTION('',(0.,0.,1.));
#13999 = ORIENTED_EDGE('',*,*,#14000,.T.);
#14000 = EDGE_CURVE('',#13991,#14001,#14003,.T.);
#14001 = VERTEX_POINT('',#14002);
#14002 = CARTESIAN_POINT('',(34.575,15.475,1.6));
#14003 = LINE('',#14004,#14005);
#14004 = CARTESIAN_POINT('',(34.575,14.525,1.6));
#14005 = VECTOR('',#14006,1.);
#14006 = DIRECTION('',(0.,1.,0.));
#14007 = ORIENTED_EDGE('',*,*,#14008,.T.);
#14008 = EDGE_CURVE('',#14001,#14009,#14011,.T.);
#14009 = VERTEX_POINT('',#14010);
#14010 = CARTESIAN_POINT('',(34.575,15.475,1.635));
#14011 = LINE('',#14012,#14013);
#14012 = CARTESIAN_POINT('',(34.575,15.475,1.6));
#14013 = VECTOR('',#14014,1.);
#14014 = DIRECTION('',(0.,0.,1.));
#14015 = ORIENTED_EDGE('',*,*,#14016,.F.);
#14016 = EDGE_CURVE('',#13993,#14009,#14017,.T.);
#14017 = LINE('',#14018,#14019);
#14018 = CARTESIAN_POINT('',(34.575,14.525,1.635));
#14019 = VECTOR('',#14020,1.);
#14020 = DIRECTION('',(0.,1.,0.));
#14021 = PLANE('',#14022);
#14022 = AXIS2_PLACEMENT_3D('',#14023,#14024,#14025);
#14023 = CARTESIAN_POINT('',(34.575,14.525,1.6));
#14024 = DIRECTION('',(1.,0.,0.));
#14025 = DIRECTION('',(0.,0.,1.));
#14026 = ADVANCED_FACE('',(#14027),#14043,.F.);
#14027 = FACE_BOUND('',#14028,.F.);
#14028 = EDGE_LOOP('',(#14029,#14035,#14036,#14042));
#14029 = ORIENTED_EDGE('',*,*,#14030,.F.);
#14030 = EDGE_CURVE('',#13951,#13991,#14031,.T.);
#14031 = LINE('',#14032,#14033);
#14032 = CARTESIAN_POINT('',(33.775,14.525,1.6));
#14033 = VECTOR('',#14034,1.);
#14034 = DIRECTION('',(1.,0.,0.));
#14035 = ORIENTED_EDGE('',*,*,#13950,.T.);
#14036 = ORIENTED_EDGE('',*,*,#14037,.T.);
#14037 = EDGE_CURVE('',#13953,#13993,#14038,.T.);
#14038 = LINE('',#14039,#14040);
#14039 = CARTESIAN_POINT('',(33.775,14.525,1.635));
#14040 = VECTOR('',#14041,1.);
#14041 = DIRECTION('',(1.,0.,0.));
#14042 = ORIENTED_EDGE('',*,*,#13990,.F.);
#14043 = PLANE('',#14044);
#14044 = AXIS2_PLACEMENT_3D('',#14045,#14046,#14047);
#14045 = CARTESIAN_POINT('',(33.775,14.525,1.6));
#14046 = DIRECTION('',(0.,1.,0.));
#14047 = DIRECTION('',(0.,0.,1.));
#14048 = ADVANCED_FACE('',(#14049),#14065,.T.);
#14049 = FACE_BOUND('',#14050,.T.);
#14050 = EDGE_LOOP('',(#14051,#14057,#14058,#14064));
#14051 = ORIENTED_EDGE('',*,*,#14052,.F.);
#14052 = EDGE_CURVE('',#13961,#14001,#14053,.T.);
#14053 = LINE('',#14054,#14055);
#14054 = CARTESIAN_POINT('',(33.775,15.475,1.6));
#14055 = VECTOR('',#14056,1.);
#14056 = DIRECTION('',(1.,0.,0.));
#14057 = ORIENTED_EDGE('',*,*,#13968,.T.);
#14058 = ORIENTED_EDGE('',*,*,#14059,.T.);
#14059 = EDGE_CURVE('',#13969,#14009,#14060,.T.);
#14060 = LINE('',#14061,#14062);
#14061 = CARTESIAN_POINT('',(33.775,15.475,1.635));
#14062 = VECTOR('',#14063,1.);
#14063 = DIRECTION('',(1.,0.,0.));
#14064 = ORIENTED_EDGE('',*,*,#14008,.F.);
#14065 = PLANE('',#14066);
#14066 = AXIS2_PLACEMENT_3D('',#14067,#14068,#14069);
#14067 = CARTESIAN_POINT('',(33.775,15.475,1.6));
#14068 = DIRECTION('',(0.,1.,0.));
#14069 = DIRECTION('',(0.,0.,1.));
#14070 = ADVANCED_FACE('',(#14071),#14077,.F.);
#14071 = FACE_BOUND('',#14072,.F.);
#14072 = EDGE_LOOP('',(#14073,#14074,#14075,#14076));
#14073 = ORIENTED_EDGE('',*,*,#13960,.F.);
#14074 = ORIENTED_EDGE('',*,*,#14030,.T.);
#14075 = ORIENTED_EDGE('',*,*,#14000,.T.);
#14076 = ORIENTED_EDGE('',*,*,#14052,.F.);
#14077 = PLANE('',#14078);
#14078 = AXIS2_PLACEMENT_3D('',#14079,#14080,#14081);
#14079 = CARTESIAN_POINT('',(33.775,14.525,1.6));
#14080 = DIRECTION('',(0.,0.,1.));
#14081 = DIRECTION('',(1.,0.,0.));
#14082 = ADVANCED_FACE('',(#14083),#14089,.T.);
#14083 = FACE_BOUND('',#14084,.T.);
#14084 = EDGE_LOOP('',(#14085,#14086,#14087,#14088));
#14085 = ORIENTED_EDGE('',*,*,#13976,.F.);
#14086 = ORIENTED_EDGE('',*,*,#14037,.T.);
#14087 = ORIENTED_EDGE('',*,*,#14016,.T.);
#14088 = ORIENTED_EDGE('',*,*,#14059,.F.);
#14089 = PLANE('',#14090);
#14090 = AXIS2_PLACEMENT_3D('',#14091,#14092,#14093);
#14091 = CARTESIAN_POINT('',(33.775,14.525,1.635));
#14092 = DIRECTION('',(0.,0.,1.));
#14093 = DIRECTION('',(1.,0.,0.));
#14094 = MANIFOLD_SOLID_BREP('',#14095);
#14095 = CLOSED_SHELL('',(#14096,#14136,#14176,#14198,#14220,#14232));
#14096 = ADVANCED_FACE('',(#14097),#14131,.F.);
#14097 = FACE_BOUND('',#14098,.F.);
#14098 = EDGE_LOOP('',(#14099,#14109,#14117,#14125));
#14099 = ORIENTED_EDGE('',*,*,#14100,.F.);
#14100 = EDGE_CURVE('',#14101,#14103,#14105,.T.);
#14101 = VERTEX_POINT('',#14102);
#14102 = CARTESIAN_POINT('',(35.425,14.525,1.6));
#14103 = VERTEX_POINT('',#14104);
#14104 = CARTESIAN_POINT('',(35.425,14.525,1.635));
#14105 = LINE('',#14106,#14107);
#14106 = CARTESIAN_POINT('',(35.425,14.525,1.6));
#14107 = VECTOR('',#14108,1.);
#14108 = DIRECTION('',(0.,0.,1.));
#14109 = ORIENTED_EDGE('',*,*,#14110,.T.);
#14110 = EDGE_CURVE('',#14101,#14111,#14113,.T.);
#14111 = VERTEX_POINT('',#14112);
#14112 = CARTESIAN_POINT('',(35.425,15.475,1.6));
#14113 = LINE('',#14114,#14115);
#14114 = CARTESIAN_POINT('',(35.425,14.525,1.6));
#14115 = VECTOR('',#14116,1.);
#14116 = DIRECTION('',(0.,1.,0.));
#14117 = ORIENTED_EDGE('',*,*,#14118,.T.);
#14118 = EDGE_CURVE('',#14111,#14119,#14121,.T.);
#14119 = VERTEX_POINT('',#14120);
#14120 = CARTESIAN_POINT('',(35.425,15.475,1.635));
#14121 = LINE('',#14122,#14123);
#14122 = CARTESIAN_POINT('',(35.425,15.475,1.6));
#14123 = VECTOR('',#14124,1.);
#14124 = DIRECTION('',(0.,0.,1.));
#14125 = ORIENTED_EDGE('',*,*,#14126,.F.);
#14126 = EDGE_CURVE('',#14103,#14119,#14127,.T.);
#14127 = LINE('',#14128,#14129);
#14128 = CARTESIAN_POINT('',(35.425,14.525,1.635));
#14129 = VECTOR('',#14130,1.);
#14130 = DIRECTION('',(0.,1.,0.));
#14131 = PLANE('',#14132);
#14132 = AXIS2_PLACEMENT_3D('',#14133,#14134,#14135);
#14133 = CARTESIAN_POINT('',(35.425,14.525,1.6));
#14134 = DIRECTION('',(1.,0.,0.));
#14135 = DIRECTION('',(0.,0.,1.));
#14136 = ADVANCED_FACE('',(#14137),#14171,.T.);
#14137 = FACE_BOUND('',#14138,.T.);
#14138 = EDGE_LOOP('',(#14139,#14149,#14157,#14165));
#14139 = ORIENTED_EDGE('',*,*,#14140,.F.);
#14140 = EDGE_CURVE('',#14141,#14143,#14145,.T.);
#14141 = VERTEX_POINT('',#14142);
#14142 = CARTESIAN_POINT('',(36.225,14.525,1.6));
#14143 = VERTEX_POINT('',#14144);
#14144 = CARTESIAN_POINT('',(36.225,14.525,1.635));
#14145 = LINE('',#14146,#14147);
#14146 = CARTESIAN_POINT('',(36.225,14.525,1.6));
#14147 = VECTOR('',#14148,1.);
#14148 = DIRECTION('',(0.,0.,1.));
#14149 = ORIENTED_EDGE('',*,*,#14150,.T.);
#14150 = EDGE_CURVE('',#14141,#14151,#14153,.T.);
#14151 = VERTEX_POINT('',#14152);
#14152 = CARTESIAN_POINT('',(36.225,15.475,1.6));
#14153 = LINE('',#14154,#14155);
#14154 = CARTESIAN_POINT('',(36.225,14.525,1.6));
#14155 = VECTOR('',#14156,1.);
#14156 = DIRECTION('',(0.,1.,0.));
#14157 = ORIENTED_EDGE('',*,*,#14158,.T.);
#14158 = EDGE_CURVE('',#14151,#14159,#14161,.T.);
#14159 = VERTEX_POINT('',#14160);
#14160 = CARTESIAN_POINT('',(36.225,15.475,1.635));
#14161 = LINE('',#14162,#14163);
#14162 = CARTESIAN_POINT('',(36.225,15.475,1.6));
#14163 = VECTOR('',#14164,1.);
#14164 = DIRECTION('',(0.,0.,1.));
#14165 = ORIENTED_EDGE('',*,*,#14166,.F.);
#14166 = EDGE_CURVE('',#14143,#14159,#14167,.T.);
#14167 = LINE('',#14168,#14169);
#14168 = CARTESIAN_POINT('',(36.225,14.525,1.635));
#14169 = VECTOR('',#14170,1.);
#14170 = DIRECTION('',(0.,1.,0.));
#14171 = PLANE('',#14172);
#14172 = AXIS2_PLACEMENT_3D('',#14173,#14174,#14175);
#14173 = CARTESIAN_POINT('',(36.225,14.525,1.6));
#14174 = DIRECTION('',(1.,0.,0.));
#14175 = DIRECTION('',(0.,0.,1.));
#14176 = ADVANCED_FACE('',(#14177),#14193,.F.);
#14177 = FACE_BOUND('',#14178,.F.);
#14178 = EDGE_LOOP('',(#14179,#14185,#14186,#14192));
#14179 = ORIENTED_EDGE('',*,*,#14180,.F.);
#14180 = EDGE_CURVE('',#14101,#14141,#14181,.T.);
#14181 = LINE('',#14182,#14183);
#14182 = CARTESIAN_POINT('',(35.425,14.525,1.6));
#14183 = VECTOR('',#14184,1.);
#14184 = DIRECTION('',(1.,0.,0.));
#14185 = ORIENTED_EDGE('',*,*,#14100,.T.);
#14186 = ORIENTED_EDGE('',*,*,#14187,.T.);
#14187 = EDGE_CURVE('',#14103,#14143,#14188,.T.);
#14188 = LINE('',#14189,#14190);
#14189 = CARTESIAN_POINT('',(35.425,14.525,1.635));
#14190 = VECTOR('',#14191,1.);
#14191 = DIRECTION('',(1.,0.,0.));
#14192 = ORIENTED_EDGE('',*,*,#14140,.F.);
#14193 = PLANE('',#14194);
#14194 = AXIS2_PLACEMENT_3D('',#14195,#14196,#14197);
#14195 = CARTESIAN_POINT('',(35.425,14.525,1.6));
#14196 = DIRECTION('',(0.,1.,0.));
#14197 = DIRECTION('',(0.,0.,1.));
#14198 = ADVANCED_FACE('',(#14199),#14215,.T.);
#14199 = FACE_BOUND('',#14200,.T.);
#14200 = EDGE_LOOP('',(#14201,#14207,#14208,#14214));
#14201 = ORIENTED_EDGE('',*,*,#14202,.F.);
#14202 = EDGE_CURVE('',#14111,#14151,#14203,.T.);
#14203 = LINE('',#14204,#14205);
#14204 = CARTESIAN_POINT('',(35.425,15.475,1.6));
#14205 = VECTOR('',#14206,1.);
#14206 = DIRECTION('',(1.,0.,0.));
#14207 = ORIENTED_EDGE('',*,*,#14118,.T.);
#14208 = ORIENTED_EDGE('',*,*,#14209,.T.);
#14209 = EDGE_CURVE('',#14119,#14159,#14210,.T.);
#14210 = LINE('',#14211,#14212);
#14211 = CARTESIAN_POINT('',(35.425,15.475,1.635));
#14212 = VECTOR('',#14213,1.);
#14213 = DIRECTION('',(1.,0.,0.));
#14214 = ORIENTED_EDGE('',*,*,#14158,.F.);
#14215 = PLANE('',#14216);
#14216 = AXIS2_PLACEMENT_3D('',#14217,#14218,#14219);
#14217 = CARTESIAN_POINT('',(35.425,15.475,1.6));
#14218 = DIRECTION('',(0.,1.,0.));
#14219 = DIRECTION('',(0.,0.,1.));
#14220 = ADVANCED_FACE('',(#14221),#14227,.F.);
#14221 = FACE_BOUND('',#14222,.F.);
#14222 = EDGE_LOOP('',(#14223,#14224,#14225,#14226));
#14223 = ORIENTED_EDGE('',*,*,#14110,.F.);
#14224 = ORIENTED_EDGE('',*,*,#14180,.T.);
#14225 = ORIENTED_EDGE('',*,*,#14150,.T.);
#14226 = ORIENTED_EDGE('',*,*,#14202,.F.);
#14227 = PLANE('',#14228);
#14228 = AXIS2_PLACEMENT_3D('',#14229,#14230,#14231);
#14229 = CARTESIAN_POINT('',(35.425,14.525,1.6));
#14230 = DIRECTION('',(0.,0.,1.));
#14231 = DIRECTION('',(1.,0.,0.));
#14232 = ADVANCED_FACE('',(#14233),#14239,.T.);
#14233 = FACE_BOUND('',#14234,.T.);
#14234 = EDGE_LOOP('',(#14235,#14236,#14237,#14238));
#14235 = ORIENTED_EDGE('',*,*,#14126,.F.);
#14236 = ORIENTED_EDGE('',*,*,#14187,.T.);
#14237 = ORIENTED_EDGE('',*,*,#14166,.T.);
#14238 = ORIENTED_EDGE('',*,*,#14209,.F.);
#14239 = PLANE('',#14240);
#14240 = AXIS2_PLACEMENT_3D('',#14241,#14242,#14243);
#14241 = CARTESIAN_POINT('',(35.425,14.525,1.635));
#14242 = DIRECTION('',(0.,0.,1.));
#14243 = DIRECTION('',(1.,0.,0.));
#14244 = MANIFOLD_SOLID_BREP('',#14245);
#14245 = CLOSED_SHELL('',(#14246,#14286,#14326,#14348,#14370,#14382));
#14246 = ADVANCED_FACE('',(#14247),#14281,.F.);
#14247 = FACE_BOUND('',#14248,.F.);
#14248 = EDGE_LOOP('',(#14249,#14259,#14267,#14275));
#14249 = ORIENTED_EDGE('',*,*,#14250,.F.);
#14250 = EDGE_CURVE('',#14251,#14253,#14255,.T.);
#14251 = VERTEX_POINT('',#14252);
#14252 = CARTESIAN_POINT('',(28.15,5.5375,1.6));
#14253 = VERTEX_POINT('',#14254);
#14254 = CARTESIAN_POINT('',(28.15,5.5375,2.15));
#14255 = LINE('',#14256,#14257);
#14256 = CARTESIAN_POINT('',(28.15,5.5375,1.6));
#14257 = VECTOR('',#14258,1.);
#14258 = DIRECTION('',(0.,0.,1.));
#14259 = ORIENTED_EDGE('',*,*,#14260,.T.);
#14260 = EDGE_CURVE('',#14251,#14261,#14263,.T.);
#14261 = VERTEX_POINT('',#14262);
#14262 = CARTESIAN_POINT('',(28.15,6.4625,1.6));
#14263 = LINE('',#14264,#14265);
#14264 = CARTESIAN_POINT('',(28.15,5.5375,1.6));
#14265 = VECTOR('',#14266,1.);
#14266 = DIRECTION('',(0.,1.,0.));
#14267 = ORIENTED_EDGE('',*,*,#14268,.T.);
#14268 = EDGE_CURVE('',#14261,#14269,#14271,.T.);
#14269 = VERTEX_POINT('',#14270);
#14270 = CARTESIAN_POINT('',(28.15,6.4625,2.15));
#14271 = LINE('',#14272,#14273);
#14272 = CARTESIAN_POINT('',(28.15,6.4625,1.6));
#14273 = VECTOR('',#14274,1.);
#14274 = DIRECTION('',(0.,0.,1.));
#14275 = ORIENTED_EDGE('',*,*,#14276,.F.);
#14276 = EDGE_CURVE('',#14253,#14269,#14277,.T.);
#14277 = LINE('',#14278,#14279);
#14278 = CARTESIAN_POINT('',(28.15,5.5375,2.15));
#14279 = VECTOR('',#14280,1.);
#14280 = DIRECTION('',(0.,1.,0.));
#14281 = PLANE('',#14282);
#14282 = AXIS2_PLACEMENT_3D('',#14283,#14284,#14285);
#14283 = CARTESIAN_POINT('',(28.15,5.5375,1.6));
#14284 = DIRECTION('',(1.,0.,0.));
#14285 = DIRECTION('',(0.,0.,1.));
#14286 = ADVANCED_FACE('',(#14287),#14321,.T.);
#14287 = FACE_BOUND('',#14288,.T.);
#14288 = EDGE_LOOP('',(#14289,#14299,#14307,#14315));
#14289 = ORIENTED_EDGE('',*,*,#14290,.F.);
#14290 = EDGE_CURVE('',#14291,#14293,#14295,.T.);
#14291 = VERTEX_POINT('',#14292);
#14292 = CARTESIAN_POINT('',(29.85,5.5375,1.6));
#14293 = VERTEX_POINT('',#14294);
#14294 = CARTESIAN_POINT('',(29.85,5.5375,2.15));
#14295 = LINE('',#14296,#14297);
#14296 = CARTESIAN_POINT('',(29.85,5.5375,1.6));
#14297 = VECTOR('',#14298,1.);
#14298 = DIRECTION('',(0.,0.,1.));
#14299 = ORIENTED_EDGE('',*,*,#14300,.T.);
#14300 = EDGE_CURVE('',#14291,#14301,#14303,.T.);
#14301 = VERTEX_POINT('',#14302);
#14302 = CARTESIAN_POINT('',(29.85,6.4625,1.6));
#14303 = LINE('',#14304,#14305);
#14304 = CARTESIAN_POINT('',(29.85,5.5375,1.6));
#14305 = VECTOR('',#14306,1.);
#14306 = DIRECTION('',(0.,1.,0.));
#14307 = ORIENTED_EDGE('',*,*,#14308,.T.);
#14308 = EDGE_CURVE('',#14301,#14309,#14311,.T.);
#14309 = VERTEX_POINT('',#14310);
#14310 = CARTESIAN_POINT('',(29.85,6.4625,2.15));
#14311 = LINE('',#14312,#14313);
#14312 = CARTESIAN_POINT('',(29.85,6.4625,1.6));
#14313 = VECTOR('',#14314,1.);
#14314 = DIRECTION('',(0.,0.,1.));
#14315 = ORIENTED_EDGE('',*,*,#14316,.F.);
#14316 = EDGE_CURVE('',#14293,#14309,#14317,.T.);
#14317 = LINE('',#14318,#14319);
#14318 = CARTESIAN_POINT('',(29.85,5.5375,2.15));
#14319 = VECTOR('',#14320,1.);
#14320 = DIRECTION('',(0.,1.,0.));
#14321 = PLANE('',#14322);
#14322 = AXIS2_PLACEMENT_3D('',#14323,#14324,#14325);
#14323 = CARTESIAN_POINT('',(29.85,5.5375,1.6));
#14324 = DIRECTION('',(1.,0.,0.));
#14325 = DIRECTION('',(0.,0.,1.));
#14326 = ADVANCED_FACE('',(#14327),#14343,.F.);
#14327 = FACE_BOUND('',#14328,.F.);
#14328 = EDGE_LOOP('',(#14329,#14335,#14336,#14342));
#14329 = ORIENTED_EDGE('',*,*,#14330,.F.);
#14330 = EDGE_CURVE('',#14251,#14291,#14331,.T.);
#14331 = LINE('',#14332,#14333);
#14332 = CARTESIAN_POINT('',(28.15,5.5375,1.6));
#14333 = VECTOR('',#14334,1.);
#14334 = DIRECTION('',(1.,0.,0.));
#14335 = ORIENTED_EDGE('',*,*,#14250,.T.);
#14336 = ORIENTED_EDGE('',*,*,#14337,.T.);
#14337 = EDGE_CURVE('',#14253,#14293,#14338,.T.);
#14338 = LINE('',#14339,#14340);
#14339 = CARTESIAN_POINT('',(28.15,5.5375,2.15));
#14340 = VECTOR('',#14341,1.);
#14341 = DIRECTION('',(1.,0.,0.));
#14342 = ORIENTED_EDGE('',*,*,#14290,.F.);
#14343 = PLANE('',#14344);
#14344 = AXIS2_PLACEMENT_3D('',#14345,#14346,#14347);
#14345 = CARTESIAN_POINT('',(28.15,5.5375,1.6));
#14346 = DIRECTION('',(0.,1.,0.));
#14347 = DIRECTION('',(0.,0.,1.));
#14348 = ADVANCED_FACE('',(#14349),#14365,.T.);
#14349 = FACE_BOUND('',#14350,.T.);
#14350 = EDGE_LOOP('',(#14351,#14357,#14358,#14364));
#14351 = ORIENTED_EDGE('',*,*,#14352,.F.);
#14352 = EDGE_CURVE('',#14261,#14301,#14353,.T.);
#14353 = LINE('',#14354,#14355);
#14354 = CARTESIAN_POINT('',(28.15,6.4625,1.6));
#14355 = VECTOR('',#14356,1.);
#14356 = DIRECTION('',(1.,0.,0.));
#14357 = ORIENTED_EDGE('',*,*,#14268,.T.);
#14358 = ORIENTED_EDGE('',*,*,#14359,.T.);
#14359 = EDGE_CURVE('',#14269,#14309,#14360,.T.);
#14360 = LINE('',#14361,#14362);
#14361 = CARTESIAN_POINT('',(28.15,6.4625,2.15));
#14362 = VECTOR('',#14363,1.);
#14363 = DIRECTION('',(1.,0.,0.));
#14364 = ORIENTED_EDGE('',*,*,#14308,.F.);
#14365 = PLANE('',#14366);
#14366 = AXIS2_PLACEMENT_3D('',#14367,#14368,#14369);
#14367 = CARTESIAN_POINT('',(28.15,6.4625,1.6));
#14368 = DIRECTION('',(0.,1.,0.));
#14369 = DIRECTION('',(0.,0.,1.));
#14370 = ADVANCED_FACE('',(#14371),#14377,.F.);
#14371 = FACE_BOUND('',#14372,.F.);
#14372 = EDGE_LOOP('',(#14373,#14374,#14375,#14376));
#14373 = ORIENTED_EDGE('',*,*,#14260,.F.);
#14374 = ORIENTED_EDGE('',*,*,#14330,.T.);
#14375 = ORIENTED_EDGE('',*,*,#14300,.T.);
#14376 = ORIENTED_EDGE('',*,*,#14352,.F.);
#14377 = PLANE('',#14378);
#14378 = AXIS2_PLACEMENT_3D('',#14379,#14380,#14381);
#14379 = CARTESIAN_POINT('',(28.15,5.5375,1.6));
#14380 = DIRECTION('',(0.,0.,1.));
#14381 = DIRECTION('',(1.,0.,0.));
#14382 = ADVANCED_FACE('',(#14383),#14389,.T.);
#14383 = FACE_BOUND('',#14384,.T.);
#14384 = EDGE_LOOP('',(#14385,#14386,#14387,#14388));
#14385 = ORIENTED_EDGE('',*,*,#14276,.F.);
#14386 = ORIENTED_EDGE('',*,*,#14337,.T.);
#14387 = ORIENTED_EDGE('',*,*,#14316,.T.);
#14388 = ORIENTED_EDGE('',*,*,#14359,.F.);
#14389 = PLANE('',#14390);
#14390 = AXIS2_PLACEMENT_3D('',#14391,#14392,#14393);
#14391 = CARTESIAN_POINT('',(28.15,5.5375,2.15));
#14392 = DIRECTION('',(0.,0.,1.));
#14393 = DIRECTION('',(1.,0.,0.));
#14394 = MANIFOLD_SOLID_BREP('',#14395);
#14395 = CLOSED_SHELL('',(#14396,#14436,#14476,#14498,#14520,#14532));
#14396 = ADVANCED_FACE('',(#14397),#14431,.F.);
#14397 = FACE_BOUND('',#14398,.F.);
#14398 = EDGE_LOOP('',(#14399,#14409,#14417,#14425));
#14399 = ORIENTED_EDGE('',*,*,#14400,.F.);
#14400 = EDGE_CURVE('',#14401,#14403,#14405,.T.);
#14401 = VERTEX_POINT('',#14402);
#14402 = CARTESIAN_POINT('',(27.775,5.525,1.6));
#14403 = VERTEX_POINT('',#14404);
#14404 = CARTESIAN_POINT('',(27.775,5.525,1.635));
#14405 = LINE('',#14406,#14407);
#14406 = CARTESIAN_POINT('',(27.775,5.525,1.6));
#14407 = VECTOR('',#14408,1.);
#14408 = DIRECTION('',(0.,0.,1.));
#14409 = ORIENTED_EDGE('',*,*,#14410,.T.);
#14410 = EDGE_CURVE('',#14401,#14411,#14413,.T.);
#14411 = VERTEX_POINT('',#14412);
#14412 = CARTESIAN_POINT('',(27.775,6.475,1.6));
#14413 = LINE('',#14414,#14415);
#14414 = CARTESIAN_POINT('',(27.775,5.525,1.6));
#14415 = VECTOR('',#14416,1.);
#14416 = DIRECTION('',(0.,1.,0.));
#14417 = ORIENTED_EDGE('',*,*,#14418,.T.);
#14418 = EDGE_CURVE('',#14411,#14419,#14421,.T.);
#14419 = VERTEX_POINT('',#14420);
#14420 = CARTESIAN_POINT('',(27.775,6.475,1.635));
#14421 = LINE('',#14422,#14423);
#14422 = CARTESIAN_POINT('',(27.775,6.475,1.6));
#14423 = VECTOR('',#14424,1.);
#14424 = DIRECTION('',(0.,0.,1.));
#14425 = ORIENTED_EDGE('',*,*,#14426,.F.);
#14426 = EDGE_CURVE('',#14403,#14419,#14427,.T.);
#14427 = LINE('',#14428,#14429);
#14428 = CARTESIAN_POINT('',(27.775,5.525,1.635));
#14429 = VECTOR('',#14430,1.);
#14430 = DIRECTION('',(0.,1.,0.));
#14431 = PLANE('',#14432);
#14432 = AXIS2_PLACEMENT_3D('',#14433,#14434,#14435);
#14433 = CARTESIAN_POINT('',(27.775,5.525,1.6));
#14434 = DIRECTION('',(1.,0.,0.));
#14435 = DIRECTION('',(0.,0.,1.));
#14436 = ADVANCED_FACE('',(#14437),#14471,.T.);
#14437 = FACE_BOUND('',#14438,.T.);
#14438 = EDGE_LOOP('',(#14439,#14449,#14457,#14465));
#14439 = ORIENTED_EDGE('',*,*,#14440,.F.);
#14440 = EDGE_CURVE('',#14441,#14443,#14445,.T.);
#14441 = VERTEX_POINT('',#14442);
#14442 = CARTESIAN_POINT('',(28.575,5.525,1.6));
#14443 = VERTEX_POINT('',#14444);
#14444 = CARTESIAN_POINT('',(28.575,5.525,1.635));
#14445 = LINE('',#14446,#14447);
#14446 = CARTESIAN_POINT('',(28.575,5.525,1.6));
#14447 = VECTOR('',#14448,1.);
#14448 = DIRECTION('',(0.,0.,1.));
#14449 = ORIENTED_EDGE('',*,*,#14450,.T.);
#14450 = EDGE_CURVE('',#14441,#14451,#14453,.T.);
#14451 = VERTEX_POINT('',#14452);
#14452 = CARTESIAN_POINT('',(28.575,6.475,1.6));
#14453 = LINE('',#14454,#14455);
#14454 = CARTESIAN_POINT('',(28.575,5.525,1.6));
#14455 = VECTOR('',#14456,1.);
#14456 = DIRECTION('',(0.,1.,0.));
#14457 = ORIENTED_EDGE('',*,*,#14458,.T.);
#14458 = EDGE_CURVE('',#14451,#14459,#14461,.T.);
#14459 = VERTEX_POINT('',#14460);
#14460 = CARTESIAN_POINT('',(28.575,6.475,1.635));
#14461 = LINE('',#14462,#14463);
#14462 = CARTESIAN_POINT('',(28.575,6.475,1.6));
#14463 = VECTOR('',#14464,1.);
#14464 = DIRECTION('',(0.,0.,1.));
#14465 = ORIENTED_EDGE('',*,*,#14466,.F.);
#14466 = EDGE_CURVE('',#14443,#14459,#14467,.T.);
#14467 = LINE('',#14468,#14469);
#14468 = CARTESIAN_POINT('',(28.575,5.525,1.635));
#14469 = VECTOR('',#14470,1.);
#14470 = DIRECTION('',(0.,1.,0.));
#14471 = PLANE('',#14472);
#14472 = AXIS2_PLACEMENT_3D('',#14473,#14474,#14475);
#14473 = CARTESIAN_POINT('',(28.575,5.525,1.6));
#14474 = DIRECTION('',(1.,0.,0.));
#14475 = DIRECTION('',(0.,0.,1.));
#14476 = ADVANCED_FACE('',(#14477),#14493,.F.);
#14477 = FACE_BOUND('',#14478,.F.);
#14478 = EDGE_LOOP('',(#14479,#14485,#14486,#14492));
#14479 = ORIENTED_EDGE('',*,*,#14480,.F.);
#14480 = EDGE_CURVE('',#14401,#14441,#14481,.T.);
#14481 = LINE('',#14482,#14483);
#14482 = CARTESIAN_POINT('',(27.775,5.525,1.6));
#14483 = VECTOR('',#14484,1.);
#14484 = DIRECTION('',(1.,0.,0.));
#14485 = ORIENTED_EDGE('',*,*,#14400,.T.);
#14486 = ORIENTED_EDGE('',*,*,#14487,.T.);
#14487 = EDGE_CURVE('',#14403,#14443,#14488,.T.);
#14488 = LINE('',#14489,#14490);
#14489 = CARTESIAN_POINT('',(27.775,5.525,1.635));
#14490 = VECTOR('',#14491,1.);
#14491 = DIRECTION('',(1.,0.,0.));
#14492 = ORIENTED_EDGE('',*,*,#14440,.F.);
#14493 = PLANE('',#14494);
#14494 = AXIS2_PLACEMENT_3D('',#14495,#14496,#14497);
#14495 = CARTESIAN_POINT('',(27.775,5.525,1.6));
#14496 = DIRECTION('',(0.,1.,0.));
#14497 = DIRECTION('',(0.,0.,1.));
#14498 = ADVANCED_FACE('',(#14499),#14515,.T.);
#14499 = FACE_BOUND('',#14500,.T.);
#14500 = EDGE_LOOP('',(#14501,#14507,#14508,#14514));
#14501 = ORIENTED_EDGE('',*,*,#14502,.F.);
#14502 = EDGE_CURVE('',#14411,#14451,#14503,.T.);
#14503 = LINE('',#14504,#14505);
#14504 = CARTESIAN_POINT('',(27.775,6.475,1.6));
#14505 = VECTOR('',#14506,1.);
#14506 = DIRECTION('',(1.,0.,0.));
#14507 = ORIENTED_EDGE('',*,*,#14418,.T.);
#14508 = ORIENTED_EDGE('',*,*,#14509,.T.);
#14509 = EDGE_CURVE('',#14419,#14459,#14510,.T.);
#14510 = LINE('',#14511,#14512);
#14511 = CARTESIAN_POINT('',(27.775,6.475,1.635));
#14512 = VECTOR('',#14513,1.);
#14513 = DIRECTION('',(1.,0.,0.));
#14514 = ORIENTED_EDGE('',*,*,#14458,.F.);
#14515 = PLANE('',#14516);
#14516 = AXIS2_PLACEMENT_3D('',#14517,#14518,#14519);
#14517 = CARTESIAN_POINT('',(27.775,6.475,1.6));
#14518 = DIRECTION('',(0.,1.,0.));
#14519 = DIRECTION('',(0.,0.,1.));
#14520 = ADVANCED_FACE('',(#14521),#14527,.F.);
#14521 = FACE_BOUND('',#14522,.F.);
#14522 = EDGE_LOOP('',(#14523,#14524,#14525,#14526));
#14523 = ORIENTED_EDGE('',*,*,#14410,.F.);
#14524 = ORIENTED_EDGE('',*,*,#14480,.T.);
#14525 = ORIENTED_EDGE('',*,*,#14450,.T.);
#14526 = ORIENTED_EDGE('',*,*,#14502,.F.);
#14527 = PLANE('',#14528);
#14528 = AXIS2_PLACEMENT_3D('',#14529,#14530,#14531);
#14529 = CARTESIAN_POINT('',(27.775,5.525,1.6));
#14530 = DIRECTION('',(0.,0.,1.));
#14531 = DIRECTION('',(1.,0.,0.));
#14532 = ADVANCED_FACE('',(#14533),#14539,.T.);
#14533 = FACE_BOUND('',#14534,.T.);
#14534 = EDGE_LOOP('',(#14535,#14536,#14537,#14538));
#14535 = ORIENTED_EDGE('',*,*,#14426,.F.);
#14536 = ORIENTED_EDGE('',*,*,#14487,.T.);
#14537 = ORIENTED_EDGE('',*,*,#14466,.T.);
#14538 = ORIENTED_EDGE('',*,*,#14509,.F.);
#14539 = PLANE('',#14540);
#14540 = AXIS2_PLACEMENT_3D('',#14541,#14542,#14543);
#14541 = CARTESIAN_POINT('',(27.775,5.525,1.635));
#14542 = DIRECTION('',(0.,0.,1.));
#14543 = DIRECTION('',(1.,0.,0.));
#14544 = MANIFOLD_SOLID_BREP('',#14545);
#14545 = CLOSED_SHELL('',(#14546,#14586,#14626,#14648,#14670,#14682));
#14546 = ADVANCED_FACE('',(#14547),#14581,.F.);
#14547 = FACE_BOUND('',#14548,.F.);
#14548 = EDGE_LOOP('',(#14549,#14559,#14567,#14575));
#14549 = ORIENTED_EDGE('',*,*,#14550,.F.);
#14550 = EDGE_CURVE('',#14551,#14553,#14555,.T.);
#14551 = VERTEX_POINT('',#14552);
#14552 = CARTESIAN_POINT('',(29.425,5.525,1.6));
#14553 = VERTEX_POINT('',#14554);
#14554 = CARTESIAN_POINT('',(29.425,5.525,1.635));
#14555 = LINE('',#14556,#14557);
#14556 = CARTESIAN_POINT('',(29.425,5.525,1.6));
#14557 = VECTOR('',#14558,1.);
#14558 = DIRECTION('',(0.,0.,1.));
#14559 = ORIENTED_EDGE('',*,*,#14560,.T.);
#14560 = EDGE_CURVE('',#14551,#14561,#14563,.T.);
#14561 = VERTEX_POINT('',#14562);
#14562 = CARTESIAN_POINT('',(29.425,6.475,1.6));
#14563 = LINE('',#14564,#14565);
#14564 = CARTESIAN_POINT('',(29.425,5.525,1.6));
#14565 = VECTOR('',#14566,1.);
#14566 = DIRECTION('',(0.,1.,0.));
#14567 = ORIENTED_EDGE('',*,*,#14568,.T.);
#14568 = EDGE_CURVE('',#14561,#14569,#14571,.T.);
#14569 = VERTEX_POINT('',#14570);
#14570 = CARTESIAN_POINT('',(29.425,6.475,1.635));
#14571 = LINE('',#14572,#14573);
#14572 = CARTESIAN_POINT('',(29.425,6.475,1.6));
#14573 = VECTOR('',#14574,1.);
#14574 = DIRECTION('',(0.,0.,1.));
#14575 = ORIENTED_EDGE('',*,*,#14576,.F.);
#14576 = EDGE_CURVE('',#14553,#14569,#14577,.T.);
#14577 = LINE('',#14578,#14579);
#14578 = CARTESIAN_POINT('',(29.425,5.525,1.635));
#14579 = VECTOR('',#14580,1.);
#14580 = DIRECTION('',(0.,1.,0.));
#14581 = PLANE('',#14582);
#14582 = AXIS2_PLACEMENT_3D('',#14583,#14584,#14585);
#14583 = CARTESIAN_POINT('',(29.425,5.525,1.6));
#14584 = DIRECTION('',(1.,0.,0.));
#14585 = DIRECTION('',(0.,0.,1.));
#14586 = ADVANCED_FACE('',(#14587),#14621,.T.);
#14587 = FACE_BOUND('',#14588,.T.);
#14588 = EDGE_LOOP('',(#14589,#14599,#14607,#14615));
#14589 = ORIENTED_EDGE('',*,*,#14590,.F.);
#14590 = EDGE_CURVE('',#14591,#14593,#14595,.T.);
#14591 = VERTEX_POINT('',#14592);
#14592 = CARTESIAN_POINT('',(30.225,5.525,1.6));
#14593 = VERTEX_POINT('',#14594);
#14594 = CARTESIAN_POINT('',(30.225,5.525,1.635));
#14595 = LINE('',#14596,#14597);
#14596 = CARTESIAN_POINT('',(30.225,5.525,1.6));
#14597 = VECTOR('',#14598,1.);
#14598 = DIRECTION('',(0.,0.,1.));
#14599 = ORIENTED_EDGE('',*,*,#14600,.T.);
#14600 = EDGE_CURVE('',#14591,#14601,#14603,.T.);
#14601 = VERTEX_POINT('',#14602);
#14602 = CARTESIAN_POINT('',(30.225,6.475,1.6));
#14603 = LINE('',#14604,#14605);
#14604 = CARTESIAN_POINT('',(30.225,5.525,1.6));
#14605 = VECTOR('',#14606,1.);
#14606 = DIRECTION('',(0.,1.,0.));
#14607 = ORIENTED_EDGE('',*,*,#14608,.T.);
#14608 = EDGE_CURVE('',#14601,#14609,#14611,.T.);
#14609 = VERTEX_POINT('',#14610);
#14610 = CARTESIAN_POINT('',(30.225,6.475,1.635));
#14611 = LINE('',#14612,#14613);
#14612 = CARTESIAN_POINT('',(30.225,6.475,1.6));
#14613 = VECTOR('',#14614,1.);
#14614 = DIRECTION('',(0.,0.,1.));
#14615 = ORIENTED_EDGE('',*,*,#14616,.F.);
#14616 = EDGE_CURVE('',#14593,#14609,#14617,.T.);
#14617 = LINE('',#14618,#14619);
#14618 = CARTESIAN_POINT('',(30.225,5.525,1.635));
#14619 = VECTOR('',#14620,1.);
#14620 = DIRECTION('',(0.,1.,0.));
#14621 = PLANE('',#14622);
#14622 = AXIS2_PLACEMENT_3D('',#14623,#14624,#14625);
#14623 = CARTESIAN_POINT('',(30.225,5.525,1.6));
#14624 = DIRECTION('',(1.,0.,0.));
#14625 = DIRECTION('',(0.,0.,1.));
#14626 = ADVANCED_FACE('',(#14627),#14643,.F.);
#14627 = FACE_BOUND('',#14628,.F.);
#14628 = EDGE_LOOP('',(#14629,#14635,#14636,#14642));
#14629 = ORIENTED_EDGE('',*,*,#14630,.F.);
#14630 = EDGE_CURVE('',#14551,#14591,#14631,.T.);
#14631 = LINE('',#14632,#14633);
#14632 = CARTESIAN_POINT('',(29.425,5.525,1.6));
#14633 = VECTOR('',#14634,1.);
#14634 = DIRECTION('',(1.,0.,0.));
#14635 = ORIENTED_EDGE('',*,*,#14550,.T.);
#14636 = ORIENTED_EDGE('',*,*,#14637,.T.);
#14637 = EDGE_CURVE('',#14553,#14593,#14638,.T.);
#14638 = LINE('',#14639,#14640);
#14639 = CARTESIAN_POINT('',(29.425,5.525,1.635));
#14640 = VECTOR('',#14641,1.);
#14641 = DIRECTION('',(1.,0.,0.));
#14642 = ORIENTED_EDGE('',*,*,#14590,.F.);
#14643 = PLANE('',#14644);
#14644 = AXIS2_PLACEMENT_3D('',#14645,#14646,#14647);
#14645 = CARTESIAN_POINT('',(29.425,5.525,1.6));
#14646 = DIRECTION('',(0.,1.,0.));
#14647 = DIRECTION('',(0.,0.,1.));
#14648 = ADVANCED_FACE('',(#14649),#14665,.T.);
#14649 = FACE_BOUND('',#14650,.T.);
#14650 = EDGE_LOOP('',(#14651,#14657,#14658,#14664));
#14651 = ORIENTED_EDGE('',*,*,#14652,.F.);
#14652 = EDGE_CURVE('',#14561,#14601,#14653,.T.);
#14653 = LINE('',#14654,#14655);
#14654 = CARTESIAN_POINT('',(29.425,6.475,1.6));
#14655 = VECTOR('',#14656,1.);
#14656 = DIRECTION('',(1.,0.,0.));
#14657 = ORIENTED_EDGE('',*,*,#14568,.T.);
#14658 = ORIENTED_EDGE('',*,*,#14659,.T.);
#14659 = EDGE_CURVE('',#14569,#14609,#14660,.T.);
#14660 = LINE('',#14661,#14662);
#14661 = CARTESIAN_POINT('',(29.425,6.475,1.635));
#14662 = VECTOR('',#14663,1.);
#14663 = DIRECTION('',(1.,0.,0.));
#14664 = ORIENTED_EDGE('',*,*,#14608,.F.);
#14665 = PLANE('',#14666);
#14666 = AXIS2_PLACEMENT_3D('',#14667,#14668,#14669);
#14667 = CARTESIAN_POINT('',(29.425,6.475,1.6));
#14668 = DIRECTION('',(0.,1.,0.));
#14669 = DIRECTION('',(0.,0.,1.));
#14670 = ADVANCED_FACE('',(#14671),#14677,.F.);
#14671 = FACE_BOUND('',#14672,.F.);
#14672 = EDGE_LOOP('',(#14673,#14674,#14675,#14676));
#14673 = ORIENTED_EDGE('',*,*,#14560,.F.);
#14674 = ORIENTED_EDGE('',*,*,#14630,.T.);
#14675 = ORIENTED_EDGE('',*,*,#14600,.T.);
#14676 = ORIENTED_EDGE('',*,*,#14652,.F.);
#14677 = PLANE('',#14678);
#14678 = AXIS2_PLACEMENT_3D('',#14679,#14680,#14681);
#14679 = CARTESIAN_POINT('',(29.425,5.525,1.6));
#14680 = DIRECTION('',(0.,0.,1.));
#14681 = DIRECTION('',(1.,0.,0.));
#14682 = ADVANCED_FACE('',(#14683),#14689,.T.);
#14683 = FACE_BOUND('',#14684,.T.);
#14684 = EDGE_LOOP('',(#14685,#14686,#14687,#14688));
#14685 = ORIENTED_EDGE('',*,*,#14576,.F.);
#14686 = ORIENTED_EDGE('',*,*,#14637,.T.);
#14687 = ORIENTED_EDGE('',*,*,#14616,.T.);
#14688 = ORIENTED_EDGE('',*,*,#14659,.F.);
#14689 = PLANE('',#14690);
#14690 = AXIS2_PLACEMENT_3D('',#14691,#14692,#14693);
#14691 = CARTESIAN_POINT('',(29.425,5.525,1.635));
#14692 = DIRECTION('',(0.,0.,1.));
#14693 = DIRECTION('',(1.,0.,0.));
#14694 = MANIFOLD_SOLID_BREP('',#14695);
#14695 = CLOSED_SHELL('',(#14696,#14736,#14776,#14798,#14820,#14832));
#14696 = ADVANCED_FACE('',(#14697),#14731,.F.);
#14697 = FACE_BOUND('',#14698,.F.);
#14698 = EDGE_LOOP('',(#14699,#14709,#14717,#14725));
#14699 = ORIENTED_EDGE('',*,*,#14700,.F.);
#14700 = EDGE_CURVE('',#14701,#14703,#14705,.T.);
#14701 = VERTEX_POINT('',#14702);
#14702 = CARTESIAN_POINT('',(1.68,6.6,1.6));
#14703 = VERTEX_POINT('',#14704);
#14704 = CARTESIAN_POINT('',(1.68,6.6,9.98));
#14705 = LINE('',#14706,#14707);
#14706 = CARTESIAN_POINT('',(1.68,6.6,1.6));
#14707 = VECTOR('',#14708,1.);
#14708 = DIRECTION('',(0.,0.,1.));
#14709 = ORIENTED_EDGE('',*,*,#14710,.T.);
#14710 = EDGE_CURVE('',#14701,#14711,#14713,.T.);
#14711 = VERTEX_POINT('',#14712);
#14712 = CARTESIAN_POINT('',(1.68,14.32,1.6));
#14713 = LINE('',#14714,#14715);
#14714 = CARTESIAN_POINT('',(1.68,6.6,1.6));
#14715 = VECTOR('',#14716,1.);
#14716 = DIRECTION('',(0.,1.,0.));
#14717 = ORIENTED_EDGE('',*,*,#14718,.T.);
#14718 = EDGE_CURVE('',#14711,#14719,#14721,.T.);
#14719 = VERTEX_POINT('',#14720);
#14720 = CARTESIAN_POINT('',(1.68,14.32,9.98));
#14721 = LINE('',#14722,#14723);
#14722 = CARTESIAN_POINT('',(1.68,14.32,1.6));
#14723 = VECTOR('',#14724,1.);
#14724 = DIRECTION('',(0.,0.,1.));
#14725 = ORIENTED_EDGE('',*,*,#14726,.F.);
#14726 = EDGE_CURVE('',#14703,#14719,#14727,.T.);
#14727 = LINE('',#14728,#14729);
#14728 = CARTESIAN_POINT('',(1.68,6.6,9.98));
#14729 = VECTOR('',#14730,1.);
#14730 = DIRECTION('',(0.,1.,0.));
#14731 = PLANE('',#14732);
#14732 = AXIS2_PLACEMENT_3D('',#14733,#14734,#14735);
#14733 = CARTESIAN_POINT('',(1.68,6.6,1.6));
#14734 = DIRECTION('',(1.,0.,0.));
#14735 = DIRECTION('',(0.,0.,1.));
#14736 = ADVANCED_FACE('',(#14737),#14771,.T.);
#14737 = FACE_BOUND('',#14738,.T.);
#14738 = EDGE_LOOP('',(#14739,#14749,#14757,#14765));
#14739 = ORIENTED_EDGE('',*,*,#14740,.F.);
#14740 = EDGE_CURVE('',#14741,#14743,#14745,.T.);
#14741 = VERTEX_POINT('',#14742);
#14742 = CARTESIAN_POINT('',(4.32,6.6,1.6));
#14743 = VERTEX_POINT('',#14744);
#14744 = CARTESIAN_POINT('',(4.32,6.6,9.98));
#14745 = LINE('',#14746,#14747);
#14746 = CARTESIAN_POINT('',(4.32,6.6,1.6));
#14747 = VECTOR('',#14748,1.);
#14748 = DIRECTION('',(0.,0.,1.));
#14749 = ORIENTED_EDGE('',*,*,#14750,.T.);
#14750 = EDGE_CURVE('',#14741,#14751,#14753,.T.);
#14751 = VERTEX_POINT('',#14752);
#14752 = CARTESIAN_POINT('',(4.32,14.32,1.6));
#14753 = LINE('',#14754,#14755);
#14754 = CARTESIAN_POINT('',(4.32,6.6,1.6));
#14755 = VECTOR('',#14756,1.);
#14756 = DIRECTION('',(0.,1.,0.));
#14757 = ORIENTED_EDGE('',*,*,#14758,.T.);
#14758 = EDGE_CURVE('',#14751,#14759,#14761,.T.);
#14759 = VERTEX_POINT('',#14760);
#14760 = CARTESIAN_POINT('',(4.32,14.32,9.98));
#14761 = LINE('',#14762,#14763);
#14762 = CARTESIAN_POINT('',(4.32,14.32,1.6));
#14763 = VECTOR('',#14764,1.);
#14764 = DIRECTION('',(0.,0.,1.));
#14765 = ORIENTED_EDGE('',*,*,#14766,.F.);
#14766 = EDGE_CURVE('',#14743,#14759,#14767,.T.);
#14767 = LINE('',#14768,#14769);
#14768 = CARTESIAN_POINT('',(4.32,6.6,9.98));
#14769 = VECTOR('',#14770,1.);
#14770 = DIRECTION('',(0.,1.,0.));
#14771 = PLANE('',#14772);
#14772 = AXIS2_PLACEMENT_3D('',#14773,#14774,#14775);
#14773 = CARTESIAN_POINT('',(4.32,6.6,1.6));
#14774 = DIRECTION('',(1.,0.,0.));
#14775 = DIRECTION('',(0.,0.,1.));
#14776 = ADVANCED_FACE('',(#14777),#14793,.F.);
#14777 = FACE_BOUND('',#14778,.F.);
#14778 = EDGE_LOOP('',(#14779,#14785,#14786,#14792));
#14779 = ORIENTED_EDGE('',*,*,#14780,.F.);
#14780 = EDGE_CURVE('',#14701,#14741,#14781,.T.);
#14781 = LINE('',#14782,#14783);
#14782 = CARTESIAN_POINT('',(1.68,6.6,1.6));
#14783 = VECTOR('',#14784,1.);
#14784 = DIRECTION('',(1.,0.,0.));
#14785 = ORIENTED_EDGE('',*,*,#14700,.T.);
#14786 = ORIENTED_EDGE('',*,*,#14787,.T.);
#14787 = EDGE_CURVE('',#14703,#14743,#14788,.T.);
#14788 = LINE('',#14789,#14790);
#14789 = CARTESIAN_POINT('',(1.68,6.6,9.98));
#14790 = VECTOR('',#14791,1.);
#14791 = DIRECTION('',(1.,0.,0.));
#14792 = ORIENTED_EDGE('',*,*,#14740,.F.);
#14793 = PLANE('',#14794);
#14794 = AXIS2_PLACEMENT_3D('',#14795,#14796,#14797);
#14795 = CARTESIAN_POINT('',(1.68,6.6,1.6));
#14796 = DIRECTION('',(0.,1.,0.));
#14797 = DIRECTION('',(0.,0.,1.));
#14798 = ADVANCED_FACE('',(#14799),#14815,.T.);
#14799 = FACE_BOUND('',#14800,.T.);
#14800 = EDGE_LOOP('',(#14801,#14807,#14808,#14814));
#14801 = ORIENTED_EDGE('',*,*,#14802,.F.);
#14802 = EDGE_CURVE('',#14711,#14751,#14803,.T.);
#14803 = LINE('',#14804,#14805);
#14804 = CARTESIAN_POINT('',(1.68,14.32,1.6));
#14805 = VECTOR('',#14806,1.);
#14806 = DIRECTION('',(1.,0.,0.));
#14807 = ORIENTED_EDGE('',*,*,#14718,.T.);
#14808 = ORIENTED_EDGE('',*,*,#14809,.T.);
#14809 = EDGE_CURVE('',#14719,#14759,#14810,.T.);
#14810 = LINE('',#14811,#14812);
#14811 = CARTESIAN_POINT('',(1.68,14.32,9.98));
#14812 = VECTOR('',#14813,1.);
#14813 = DIRECTION('',(1.,0.,0.));
#14814 = ORIENTED_EDGE('',*,*,#14758,.F.);
#14815 = PLANE('',#14816);
#14816 = AXIS2_PLACEMENT_3D('',#14817,#14818,#14819);
#14817 = CARTESIAN_POINT('',(1.68,14.32,1.6));
#14818 = DIRECTION('',(0.,1.,0.));
#14819 = DIRECTION('',(0.,0.,1.));
#14820 = ADVANCED_FACE('',(#14821),#14827,.F.);
#14821 = FACE_BOUND('',#14822,.F.);
#14822 = EDGE_LOOP('',(#14823,#14824,#14825,#14826));
#14823 = ORIENTED_EDGE('',*,*,#14710,.F.);
#14824 = ORIENTED_EDGE('',*,*,#14780,.T.);
#14825 = ORIENTED_EDGE('',*,*,#14750,.T.);
#14826 = ORIENTED_EDGE('',*,*,#14802,.F.);
#14827 = PLANE('',#14828);
#14828 = AXIS2_PLACEMENT_3D('',#14829,#14830,#14831);
#14829 = CARTESIAN_POINT('',(1.68,6.6,1.6));
#14830 = DIRECTION('',(0.,0.,1.));
#14831 = DIRECTION('',(1.,0.,0.));
#14832 = ADVANCED_FACE('',(#14833),#14839,.T.);
#14833 = FACE_BOUND('',#14834,.T.);
#14834 = EDGE_LOOP('',(#14835,#14836,#14837,#14838));
#14835 = ORIENTED_EDGE('',*,*,#14726,.F.);
#14836 = ORIENTED_EDGE('',*,*,#14787,.T.);
#14837 = ORIENTED_EDGE('',*,*,#14766,.T.);
#14838 = ORIENTED_EDGE('',*,*,#14809,.F.);
#14839 = PLANE('',#14840);
#14840 = AXIS2_PLACEMENT_3D('',#14841,#14842,#14843);
#14841 = CARTESIAN_POINT('',(1.68,6.6,9.98));
#14842 = DIRECTION('',(0.,0.,1.));
#14843 = DIRECTION('',(1.,0.,0.));
#14844 = MANIFOLD_SOLID_BREP('',#14845);
#14845 = CLOSED_SHELL('',(#14846,#14886,#14926,#14948,#14970,#14982));
#14846 = ADVANCED_FACE('',(#14847),#14881,.F.);
#14847 = FACE_BOUND('',#14848,.F.);
#14848 = EDGE_LOOP('',(#14849,#14859,#14867,#14875));
#14849 = ORIENTED_EDGE('',*,*,#14850,.F.);
#14850 = EDGE_CURVE('',#14851,#14853,#14855,.T.);
#14851 = VERTEX_POINT('',#14852);
#14852 = CARTESIAN_POINT('',(2.15,12.15,1.6));
#14853 = VERTEX_POINT('',#14854);
#14854 = CARTESIAN_POINT('',(2.15,12.15,1.635));
#14855 = LINE('',#14856,#14857);
#14856 = CARTESIAN_POINT('',(2.15,12.15,1.6));
#14857 = VECTOR('',#14858,1.);
#14858 = DIRECTION('',(0.,0.,1.));
#14859 = ORIENTED_EDGE('',*,*,#14860,.T.);
#14860 = EDGE_CURVE('',#14851,#14861,#14863,.T.);
#14861 = VERTEX_POINT('',#14862);
#14862 = CARTESIAN_POINT('',(2.15,13.85,1.6));
#14863 = LINE('',#14864,#14865);
#14864 = CARTESIAN_POINT('',(2.15,12.15,1.6));
#14865 = VECTOR('',#14866,1.);
#14866 = DIRECTION('',(0.,1.,0.));
#14867 = ORIENTED_EDGE('',*,*,#14868,.T.);
#14868 = EDGE_CURVE('',#14861,#14869,#14871,.T.);
#14869 = VERTEX_POINT('',#14870);
#14870 = CARTESIAN_POINT('',(2.15,13.85,1.635));
#14871 = LINE('',#14872,#14873);
#14872 = CARTESIAN_POINT('',(2.15,13.85,1.6));
#14873 = VECTOR('',#14874,1.);
#14874 = DIRECTION('',(0.,0.,1.));
#14875 = ORIENTED_EDGE('',*,*,#14876,.F.);
#14876 = EDGE_CURVE('',#14853,#14869,#14877,.T.);
#14877 = LINE('',#14878,#14879);
#14878 = CARTESIAN_POINT('',(2.15,12.15,1.635));
#14879 = VECTOR('',#14880,1.);
#14880 = DIRECTION('',(0.,1.,0.));
#14881 = PLANE('',#14882);
#14882 = AXIS2_PLACEMENT_3D('',#14883,#14884,#14885);
#14883 = CARTESIAN_POINT('',(2.15,12.15,1.6));
#14884 = DIRECTION('',(1.,0.,0.));
#14885 = DIRECTION('',(0.,0.,1.));
#14886 = ADVANCED_FACE('',(#14887),#14921,.T.);
#14887 = FACE_BOUND('',#14888,.T.);
#14888 = EDGE_LOOP('',(#14889,#14899,#14907,#14915));
#14889 = ORIENTED_EDGE('',*,*,#14890,.F.);
#14890 = EDGE_CURVE('',#14891,#14893,#14895,.T.);
#14891 = VERTEX_POINT('',#14892);
#14892 = CARTESIAN_POINT('',(3.85,12.15,1.6));
#14893 = VERTEX_POINT('',#14894);
#14894 = CARTESIAN_POINT('',(3.85,12.15,1.635));
#14895 = LINE('',#14896,#14897);
#14896 = CARTESIAN_POINT('',(3.85,12.15,1.6));
#14897 = VECTOR('',#14898,1.);
#14898 = DIRECTION('',(0.,0.,1.));
#14899 = ORIENTED_EDGE('',*,*,#14900,.T.);
#14900 = EDGE_CURVE('',#14891,#14901,#14903,.T.);
#14901 = VERTEX_POINT('',#14902);
#14902 = CARTESIAN_POINT('',(3.85,13.85,1.6));
#14903 = LINE('',#14904,#14905);
#14904 = CARTESIAN_POINT('',(3.85,12.15,1.6));
#14905 = VECTOR('',#14906,1.);
#14906 = DIRECTION('',(0.,1.,0.));
#14907 = ORIENTED_EDGE('',*,*,#14908,.T.);
#14908 = EDGE_CURVE('',#14901,#14909,#14911,.T.);
#14909 = VERTEX_POINT('',#14910);
#14910 = CARTESIAN_POINT('',(3.85,13.85,1.635));
#14911 = LINE('',#14912,#14913);
#14912 = CARTESIAN_POINT('',(3.85,13.85,1.6));
#14913 = VECTOR('',#14914,1.);
#14914 = DIRECTION('',(0.,0.,1.));
#14915 = ORIENTED_EDGE('',*,*,#14916,.F.);
#14916 = EDGE_CURVE('',#14893,#14909,#14917,.T.);
#14917 = LINE('',#14918,#14919);
#14918 = CARTESIAN_POINT('',(3.85,12.15,1.635));
#14919 = VECTOR('',#14920,1.);
#14920 = DIRECTION('',(0.,1.,0.));
#14921 = PLANE('',#14922);
#14922 = AXIS2_PLACEMENT_3D('',#14923,#14924,#14925);
#14923 = CARTESIAN_POINT('',(3.85,12.15,1.6));
#14924 = DIRECTION('',(1.,0.,0.));
#14925 = DIRECTION('',(0.,0.,1.));
#14926 = ADVANCED_FACE('',(#14927),#14943,.F.);
#14927 = FACE_BOUND('',#14928,.F.);
#14928 = EDGE_LOOP('',(#14929,#14935,#14936,#14942));
#14929 = ORIENTED_EDGE('',*,*,#14930,.F.);
#14930 = EDGE_CURVE('',#14851,#14891,#14931,.T.);
#14931 = LINE('',#14932,#14933);
#14932 = CARTESIAN_POINT('',(2.15,12.15,1.6));
#14933 = VECTOR('',#14934,1.);
#14934 = DIRECTION('',(1.,0.,0.));
#14935 = ORIENTED_EDGE('',*,*,#14850,.T.);
#14936 = ORIENTED_EDGE('',*,*,#14937,.T.);
#14937 = EDGE_CURVE('',#14853,#14893,#14938,.T.);
#14938 = LINE('',#14939,#14940);
#14939 = CARTESIAN_POINT('',(2.15,12.15,1.635));
#14940 = VECTOR('',#14941,1.);
#14941 = DIRECTION('',(1.,0.,0.));
#14942 = ORIENTED_EDGE('',*,*,#14890,.F.);
#14943 = PLANE('',#14944);
#14944 = AXIS2_PLACEMENT_3D('',#14945,#14946,#14947);
#14945 = CARTESIAN_POINT('',(2.15,12.15,1.6));
#14946 = DIRECTION('',(0.,1.,0.));
#14947 = DIRECTION('',(0.,0.,1.));
#14948 = ADVANCED_FACE('',(#14949),#14965,.T.);
#14949 = FACE_BOUND('',#14950,.T.);
#14950 = EDGE_LOOP('',(#14951,#14957,#14958,#14964));
#14951 = ORIENTED_EDGE('',*,*,#14952,.F.);
#14952 = EDGE_CURVE('',#14861,#14901,#14953,.T.);
#14953 = LINE('',#14954,#14955);
#14954 = CARTESIAN_POINT('',(2.15,13.85,1.6));
#14955 = VECTOR('',#14956,1.);
#14956 = DIRECTION('',(1.,0.,0.));
#14957 = ORIENTED_EDGE('',*,*,#14868,.T.);
#14958 = ORIENTED_EDGE('',*,*,#14959,.T.);
#14959 = EDGE_CURVE('',#14869,#14909,#14960,.T.);
#14960 = LINE('',#14961,#14962);
#14961 = CARTESIAN_POINT('',(2.15,13.85,1.635));
#14962 = VECTOR('',#14963,1.);
#14963 = DIRECTION('',(1.,0.,0.));
#14964 = ORIENTED_EDGE('',*,*,#14908,.F.);
#14965 = PLANE('',#14966);
#14966 = AXIS2_PLACEMENT_3D('',#14967,#14968,#14969);
#14967 = CARTESIAN_POINT('',(2.15,13.85,1.6));
#14968 = DIRECTION('',(0.,1.,0.));
#14969 = DIRECTION('',(0.,0.,1.));
#14970 = ADVANCED_FACE('',(#14971),#14977,.F.);
#14971 = FACE_BOUND('',#14972,.F.);
#14972 = EDGE_LOOP('',(#14973,#14974,#14975,#14976));
#14973 = ORIENTED_EDGE('',*,*,#14860,.F.);
#14974 = ORIENTED_EDGE('',*,*,#14930,.T.);
#14975 = ORIENTED_EDGE('',*,*,#14900,.T.);
#14976 = ORIENTED_EDGE('',*,*,#14952,.F.);
#14977 = PLANE('',#14978);
#14978 = AXIS2_PLACEMENT_3D('',#14979,#14980,#14981);
#14979 = CARTESIAN_POINT('',(2.15,12.15,1.6));
#14980 = DIRECTION('',(0.,0.,1.));
#14981 = DIRECTION('',(1.,0.,0.));
#14982 = ADVANCED_FACE('',(#14983),#14989,.T.);
#14983 = FACE_BOUND('',#14984,.T.);
#14984 = EDGE_LOOP('',(#14985,#14986,#14987,#14988));
#14985 = ORIENTED_EDGE('',*,*,#14876,.F.);
#14986 = ORIENTED_EDGE('',*,*,#14937,.T.);
#14987 = ORIENTED_EDGE('',*,*,#14916,.T.);
#14988 = ORIENTED_EDGE('',*,*,#14959,.F.);
#14989 = PLANE('',#14990);
#14990 = AXIS2_PLACEMENT_3D('',#14991,#14992,#14993);
#14991 = CARTESIAN_POINT('',(2.15,12.15,1.635));
#14992 = DIRECTION('',(0.,0.,1.));
#14993 = DIRECTION('',(1.,0.,0.));
#14994 = MANIFOLD_SOLID_BREP('',#14995);
#14995 = CLOSED_SHELL('',(#14996,#15036,#15076,#15098,#15120,#15132));
#14996 = ADVANCED_FACE('',(#14997),#15031,.F.);
#14997 = FACE_BOUND('',#14998,.F.);
#14998 = EDGE_LOOP('',(#14999,#15009,#15017,#15025));
#14999 = ORIENTED_EDGE('',*,*,#15000,.F.);
#15000 = EDGE_CURVE('',#15001,#15003,#15005,.T.);
#15001 = VERTEX_POINT('',#15002);
#15002 = CARTESIAN_POINT('',(2.15,9.61,1.6));
#15003 = VERTEX_POINT('',#15004);
#15004 = CARTESIAN_POINT('',(2.15,9.61,1.635));
#15005 = LINE('',#15006,#15007);
#15006 = CARTESIAN_POINT('',(2.15,9.61,1.6));
#15007 = VECTOR('',#15008,1.);
#15008 = DIRECTION('',(0.,0.,1.));
#15009 = ORIENTED_EDGE('',*,*,#15010,.T.);
#15010 = EDGE_CURVE('',#15001,#15011,#15013,.T.);
#15011 = VERTEX_POINT('',#15012);
#15012 = CARTESIAN_POINT('',(2.15,11.31,1.6));
#15013 = LINE('',#15014,#15015);
#15014 = CARTESIAN_POINT('',(2.15,9.61,1.6));
#15015 = VECTOR('',#15016,1.);
#15016 = DIRECTION('',(0.,1.,0.));
#15017 = ORIENTED_EDGE('',*,*,#15018,.T.);
#15018 = EDGE_CURVE('',#15011,#15019,#15021,.T.);
#15019 = VERTEX_POINT('',#15020);
#15020 = CARTESIAN_POINT('',(2.15,11.31,1.635));
#15021 = LINE('',#15022,#15023);
#15022 = CARTESIAN_POINT('',(2.15,11.31,1.6));
#15023 = VECTOR('',#15024,1.);
#15024 = DIRECTION('',(0.,0.,1.));
#15025 = ORIENTED_EDGE('',*,*,#15026,.F.);
#15026 = EDGE_CURVE('',#15003,#15019,#15027,.T.);
#15027 = LINE('',#15028,#15029);
#15028 = CARTESIAN_POINT('',(2.15,9.61,1.635));
#15029 = VECTOR('',#15030,1.);
#15030 = DIRECTION('',(0.,1.,0.));
#15031 = PLANE('',#15032);
#15032 = AXIS2_PLACEMENT_3D('',#15033,#15034,#15035);
#15033 = CARTESIAN_POINT('',(2.15,9.61,1.6));
#15034 = DIRECTION('',(1.,0.,0.));
#15035 = DIRECTION('',(0.,0.,1.));
#15036 = ADVANCED_FACE('',(#15037),#15071,.T.);
#15037 = FACE_BOUND('',#15038,.T.);
#15038 = EDGE_LOOP('',(#15039,#15049,#15057,#15065));
#15039 = ORIENTED_EDGE('',*,*,#15040,.F.);
#15040 = EDGE_CURVE('',#15041,#15043,#15045,.T.);
#15041 = VERTEX_POINT('',#15042);
#15042 = CARTESIAN_POINT('',(3.85,9.61,1.6));
#15043 = VERTEX_POINT('',#15044);
#15044 = CARTESIAN_POINT('',(3.85,9.61,1.635));
#15045 = LINE('',#15046,#15047);
#15046 = CARTESIAN_POINT('',(3.85,9.61,1.6));
#15047 = VECTOR('',#15048,1.);
#15048 = DIRECTION('',(0.,0.,1.));
#15049 = ORIENTED_EDGE('',*,*,#15050,.T.);
#15050 = EDGE_CURVE('',#15041,#15051,#15053,.T.);
#15051 = VERTEX_POINT('',#15052);
#15052 = CARTESIAN_POINT('',(3.85,11.31,1.6));
#15053 = LINE('',#15054,#15055);
#15054 = CARTESIAN_POINT('',(3.85,9.61,1.6));
#15055 = VECTOR('',#15056,1.);
#15056 = DIRECTION('',(0.,1.,0.));
#15057 = ORIENTED_EDGE('',*,*,#15058,.T.);
#15058 = EDGE_CURVE('',#15051,#15059,#15061,.T.);
#15059 = VERTEX_POINT('',#15060);
#15060 = CARTESIAN_POINT('',(3.85,11.31,1.635));
#15061 = LINE('',#15062,#15063);
#15062 = CARTESIAN_POINT('',(3.85,11.31,1.6));
#15063 = VECTOR('',#15064,1.);
#15064 = DIRECTION('',(0.,0.,1.));
#15065 = ORIENTED_EDGE('',*,*,#15066,.F.);
#15066 = EDGE_CURVE('',#15043,#15059,#15067,.T.);
#15067 = LINE('',#15068,#15069);
#15068 = CARTESIAN_POINT('',(3.85,9.61,1.635));
#15069 = VECTOR('',#15070,1.);
#15070 = DIRECTION('',(0.,1.,0.));
#15071 = PLANE('',#15072);
#15072 = AXIS2_PLACEMENT_3D('',#15073,#15074,#15075);
#15073 = CARTESIAN_POINT('',(3.85,9.61,1.6));
#15074 = DIRECTION('',(1.,0.,0.));
#15075 = DIRECTION('',(0.,0.,1.));
#15076 = ADVANCED_FACE('',(#15077),#15093,.F.);
#15077 = FACE_BOUND('',#15078,.F.);
#15078 = EDGE_LOOP('',(#15079,#15085,#15086,#15092));
#15079 = ORIENTED_EDGE('',*,*,#15080,.F.);
#15080 = EDGE_CURVE('',#15001,#15041,#15081,.T.);
#15081 = LINE('',#15082,#15083);
#15082 = CARTESIAN_POINT('',(2.15,9.61,1.6));
#15083 = VECTOR('',#15084,1.);
#15084 = DIRECTION('',(1.,0.,0.));
#15085 = ORIENTED_EDGE('',*,*,#15000,.T.);
#15086 = ORIENTED_EDGE('',*,*,#15087,.T.);
#15087 = EDGE_CURVE('',#15003,#15043,#15088,.T.);
#15088 = LINE('',#15089,#15090);
#15089 = CARTESIAN_POINT('',(2.15,9.61,1.635));
#15090 = VECTOR('',#15091,1.);
#15091 = DIRECTION('',(1.,0.,0.));
#15092 = ORIENTED_EDGE('',*,*,#15040,.F.);
#15093 = PLANE('',#15094);
#15094 = AXIS2_PLACEMENT_3D('',#15095,#15096,#15097);
#15095 = CARTESIAN_POINT('',(2.15,9.61,1.6));
#15096 = DIRECTION('',(0.,1.,0.));
#15097 = DIRECTION('',(0.,0.,1.));
#15098 = ADVANCED_FACE('',(#15099),#15115,.T.);
#15099 = FACE_BOUND('',#15100,.T.);
#15100 = EDGE_LOOP('',(#15101,#15107,#15108,#15114));
#15101 = ORIENTED_EDGE('',*,*,#15102,.F.);
#15102 = EDGE_CURVE('',#15011,#15051,#15103,.T.);
#15103 = LINE('',#15104,#15105);
#15104 = CARTESIAN_POINT('',(2.15,11.31,1.6));
#15105 = VECTOR('',#15106,1.);
#15106 = DIRECTION('',(1.,0.,0.));
#15107 = ORIENTED_EDGE('',*,*,#15018,.T.);
#15108 = ORIENTED_EDGE('',*,*,#15109,.T.);
#15109 = EDGE_CURVE('',#15019,#15059,#15110,.T.);
#15110 = LINE('',#15111,#15112);
#15111 = CARTESIAN_POINT('',(2.15,11.31,1.635));
#15112 = VECTOR('',#15113,1.);
#15113 = DIRECTION('',(1.,0.,0.));
#15114 = ORIENTED_EDGE('',*,*,#15058,.F.);
#15115 = PLANE('',#15116);
#15116 = AXIS2_PLACEMENT_3D('',#15117,#15118,#15119);
#15117 = CARTESIAN_POINT('',(2.15,11.31,1.6));
#15118 = DIRECTION('',(0.,1.,0.));
#15119 = DIRECTION('',(0.,0.,1.));
#15120 = ADVANCED_FACE('',(#15121),#15127,.F.);
#15121 = FACE_BOUND('',#15122,.F.);
#15122 = EDGE_LOOP('',(#15123,#15124,#15125,#15126));
#15123 = ORIENTED_EDGE('',*,*,#15010,.F.);
#15124 = ORIENTED_EDGE('',*,*,#15080,.T.);
#15125 = ORIENTED_EDGE('',*,*,#15050,.T.);
#15126 = ORIENTED_EDGE('',*,*,#15102,.F.);
#15127 = PLANE('',#15128);
#15128 = AXIS2_PLACEMENT_3D('',#15129,#15130,#15131);
#15129 = CARTESIAN_POINT('',(2.15,9.61,1.6));
#15130 = DIRECTION('',(0.,0.,1.));
#15131 = DIRECTION('',(1.,0.,0.));
#15132 = ADVANCED_FACE('',(#15133),#15139,.T.);
#15133 = FACE_BOUND('',#15134,.T.);
#15134 = EDGE_LOOP('',(#15135,#15136,#15137,#15138));
#15135 = ORIENTED_EDGE('',*,*,#15026,.F.);
#15136 = ORIENTED_EDGE('',*,*,#15087,.T.);
#15137 = ORIENTED_EDGE('',*,*,#15066,.T.);
#15138 = ORIENTED_EDGE('',*,*,#15109,.F.);
#15139 = PLANE('',#15140);
#15140 = AXIS2_PLACEMENT_3D('',#15141,#15142,#15143);
#15141 = CARTESIAN_POINT('',(2.15,9.61,1.635));
#15142 = DIRECTION('',(0.,0.,1.));
#15143 = DIRECTION('',(1.,0.,0.));
#15144 = MANIFOLD_SOLID_BREP('',#15145);
#15145 = CLOSED_SHELL('',(#15146,#15186,#15226,#15248,#15270,#15282));
#15146 = ADVANCED_FACE('',(#15147),#15181,.F.);
#15147 = FACE_BOUND('',#15148,.F.);
#15148 = EDGE_LOOP('',(#15149,#15159,#15167,#15175));
#15149 = ORIENTED_EDGE('',*,*,#15150,.F.);
#15150 = EDGE_CURVE('',#15151,#15153,#15155,.T.);
#15151 = VERTEX_POINT('',#15152);
#15152 = CARTESIAN_POINT('',(2.15,7.07,1.6));
#15153 = VERTEX_POINT('',#15154);
#15154 = CARTESIAN_POINT('',(2.15,7.07,1.635));
#15155 = LINE('',#15156,#15157);
#15156 = CARTESIAN_POINT('',(2.15,7.07,1.6));
#15157 = VECTOR('',#15158,1.);
#15158 = DIRECTION('',(0.,0.,1.));
#15159 = ORIENTED_EDGE('',*,*,#15160,.T.);
#15160 = EDGE_CURVE('',#15151,#15161,#15163,.T.);
#15161 = VERTEX_POINT('',#15162);
#15162 = CARTESIAN_POINT('',(2.15,8.77,1.6));
#15163 = LINE('',#15164,#15165);
#15164 = CARTESIAN_POINT('',(2.15,7.07,1.6));
#15165 = VECTOR('',#15166,1.);
#15166 = DIRECTION('',(0.,1.,0.));
#15167 = ORIENTED_EDGE('',*,*,#15168,.T.);
#15168 = EDGE_CURVE('',#15161,#15169,#15171,.T.);
#15169 = VERTEX_POINT('',#15170);
#15170 = CARTESIAN_POINT('',(2.15,8.77,1.635));
#15171 = LINE('',#15172,#15173);
#15172 = CARTESIAN_POINT('',(2.15,8.77,1.6));
#15173 = VECTOR('',#15174,1.);
#15174 = DIRECTION('',(0.,0.,1.));
#15175 = ORIENTED_EDGE('',*,*,#15176,.F.);
#15176 = EDGE_CURVE('',#15153,#15169,#15177,.T.);
#15177 = LINE('',#15178,#15179);
#15178 = CARTESIAN_POINT('',(2.15,7.07,1.635));
#15179 = VECTOR('',#15180,1.);
#15180 = DIRECTION('',(0.,1.,0.));
#15181 = PLANE('',#15182);
#15182 = AXIS2_PLACEMENT_3D('',#15183,#15184,#15185);
#15183 = CARTESIAN_POINT('',(2.15,7.07,1.6));
#15184 = DIRECTION('',(1.,0.,0.));
#15185 = DIRECTION('',(0.,0.,1.));
#15186 = ADVANCED_FACE('',(#15187),#15221,.T.);
#15187 = FACE_BOUND('',#15188,.T.);
#15188 = EDGE_LOOP('',(#15189,#15199,#15207,#15215));
#15189 = ORIENTED_EDGE('',*,*,#15190,.F.);
#15190 = EDGE_CURVE('',#15191,#15193,#15195,.T.);
#15191 = VERTEX_POINT('',#15192);
#15192 = CARTESIAN_POINT('',(3.85,7.07,1.6));
#15193 = VERTEX_POINT('',#15194);
#15194 = CARTESIAN_POINT('',(3.85,7.07,1.635));
#15195 = LINE('',#15196,#15197);
#15196 = CARTESIAN_POINT('',(3.85,7.07,1.6));
#15197 = VECTOR('',#15198,1.);
#15198 = DIRECTION('',(0.,0.,1.));
#15199 = ORIENTED_EDGE('',*,*,#15200,.T.);
#15200 = EDGE_CURVE('',#15191,#15201,#15203,.T.);
#15201 = VERTEX_POINT('',#15202);
#15202 = CARTESIAN_POINT('',(3.85,8.77,1.6));
#15203 = LINE('',#15204,#15205);
#15204 = CARTESIAN_POINT('',(3.85,7.07,1.6));
#15205 = VECTOR('',#15206,1.);
#15206 = DIRECTION('',(0.,1.,0.));
#15207 = ORIENTED_EDGE('',*,*,#15208,.T.);
#15208 = EDGE_CURVE('',#15201,#15209,#15211,.T.);
#15209 = VERTEX_POINT('',#15210);
#15210 = CARTESIAN_POINT('',(3.85,8.77,1.635));
#15211 = LINE('',#15212,#15213);
#15212 = CARTESIAN_POINT('',(3.85,8.77,1.6));
#15213 = VECTOR('',#15214,1.);
#15214 = DIRECTION('',(0.,0.,1.));
#15215 = ORIENTED_EDGE('',*,*,#15216,.F.);
#15216 = EDGE_CURVE('',#15193,#15209,#15217,.T.);
#15217 = LINE('',#15218,#15219);
#15218 = CARTESIAN_POINT('',(3.85,7.07,1.635));
#15219 = VECTOR('',#15220,1.);
#15220 = DIRECTION('',(0.,1.,0.));
#15221 = PLANE('',#15222);
#15222 = AXIS2_PLACEMENT_3D('',#15223,#15224,#15225);
#15223 = CARTESIAN_POINT('',(3.85,7.07,1.6));
#15224 = DIRECTION('',(1.,0.,0.));
#15225 = DIRECTION('',(0.,0.,1.));
#15226 = ADVANCED_FACE('',(#15227),#15243,.F.);
#15227 = FACE_BOUND('',#15228,.F.);
#15228 = EDGE_LOOP('',(#15229,#15235,#15236,#15242));
#15229 = ORIENTED_EDGE('',*,*,#15230,.F.);
#15230 = EDGE_CURVE('',#15151,#15191,#15231,.T.);
#15231 = LINE('',#15232,#15233);
#15232 = CARTESIAN_POINT('',(2.15,7.07,1.6));
#15233 = VECTOR('',#15234,1.);
#15234 = DIRECTION('',(1.,0.,0.));
#15235 = ORIENTED_EDGE('',*,*,#15150,.T.);
#15236 = ORIENTED_EDGE('',*,*,#15237,.T.);
#15237 = EDGE_CURVE('',#15153,#15193,#15238,.T.);
#15238 = LINE('',#15239,#15240);
#15239 = CARTESIAN_POINT('',(2.15,7.07,1.635));
#15240 = VECTOR('',#15241,1.);
#15241 = DIRECTION('',(1.,0.,0.));
#15242 = ORIENTED_EDGE('',*,*,#15190,.F.);
#15243 = PLANE('',#15244);
#15244 = AXIS2_PLACEMENT_3D('',#15245,#15246,#15247);
#15245 = CARTESIAN_POINT('',(2.15,7.07,1.6));
#15246 = DIRECTION('',(0.,1.,0.));
#15247 = DIRECTION('',(0.,0.,1.));
#15248 = ADVANCED_FACE('',(#15249),#15265,.T.);
#15249 = FACE_BOUND('',#15250,.T.);
#15250 = EDGE_LOOP('',(#15251,#15257,#15258,#15264));
#15251 = ORIENTED_EDGE('',*,*,#15252,.F.);
#15252 = EDGE_CURVE('',#15161,#15201,#15253,.T.);
#15253 = LINE('',#15254,#15255);
#15254 = CARTESIAN_POINT('',(2.15,8.77,1.6));
#15255 = VECTOR('',#15256,1.);
#15256 = DIRECTION('',(1.,0.,0.));
#15257 = ORIENTED_EDGE('',*,*,#15168,.T.);
#15258 = ORIENTED_EDGE('',*,*,#15259,.T.);
#15259 = EDGE_CURVE('',#15169,#15209,#15260,.T.);
#15260 = LINE('',#15261,#15262);
#15261 = CARTESIAN_POINT('',(2.15,8.77,1.635));
#15262 = VECTOR('',#15263,1.);
#15263 = DIRECTION('',(1.,0.,0.));
#15264 = ORIENTED_EDGE('',*,*,#15208,.F.);
#15265 = PLANE('',#15266);
#15266 = AXIS2_PLACEMENT_3D('',#15267,#15268,#15269);
#15267 = CARTESIAN_POINT('',(2.15,8.77,1.6));
#15268 = DIRECTION('',(0.,1.,0.));
#15269 = DIRECTION('',(0.,0.,1.));
#15270 = ADVANCED_FACE('',(#15271),#15277,.F.);
#15271 = FACE_BOUND('',#15272,.F.);
#15272 = EDGE_LOOP('',(#15273,#15274,#15275,#15276));
#15273 = ORIENTED_EDGE('',*,*,#15160,.F.);
#15274 = ORIENTED_EDGE('',*,*,#15230,.T.);
#15275 = ORIENTED_EDGE('',*,*,#15200,.T.);
#15276 = ORIENTED_EDGE('',*,*,#15252,.F.);
#15277 = PLANE('',#15278);
#15278 = AXIS2_PLACEMENT_3D('',#15279,#15280,#15281);
#15279 = CARTESIAN_POINT('',(2.15,7.07,1.6));
#15280 = DIRECTION('',(0.,0.,1.));
#15281 = DIRECTION('',(1.,0.,0.));
#15282 = ADVANCED_FACE('',(#15283),#15289,.T.);
#15283 = FACE_BOUND('',#15284,.T.);
#15284 = EDGE_LOOP('',(#15285,#15286,#15287,#15288));
#15285 = ORIENTED_EDGE('',*,*,#15176,.F.);
#15286 = ORIENTED_EDGE('',*,*,#15237,.T.);
#15287 = ORIENTED_EDGE('',*,*,#15216,.T.);
#15288 = ORIENTED_EDGE('',*,*,#15259,.F.);
#15289 = PLANE('',#15290);
#15290 = AXIS2_PLACEMENT_3D('',#15291,#15292,#15293);
#15291 = CARTESIAN_POINT('',(2.15,7.07,1.635));
#15292 = DIRECTION('',(0.,0.,1.));
#15293 = DIRECTION('',(1.,0.,0.));
#15294 = MANIFOLD_SOLID_BREP('',#15295);
#15295 = CLOSED_SHELL('',(#15296,#15336,#15376,#15398,#15420,#15432));
#15296 = ADVANCED_FACE('',(#15297),#15331,.F.);
#15297 = FACE_BOUND('',#15298,.F.);
#15298 = EDGE_LOOP('',(#15299,#15309,#15317,#15325));
#15299 = ORIENTED_EDGE('',*,*,#15300,.F.);
#15300 = EDGE_CURVE('',#15301,#15303,#15305,.T.);
#15301 = VERTEX_POINT('',#15302);
#15302 = CARTESIAN_POINT('',(33.15,7.5,1.6));
#15303 = VERTEX_POINT('',#15304);
#15304 = CARTESIAN_POINT('',(33.15,7.5,3.05));
#15305 = LINE('',#15306,#15307);
#15306 = CARTESIAN_POINT('',(33.15,7.5,1.6));
#15307 = VECTOR('',#15308,1.);
#15308 = DIRECTION('',(0.,0.,1.));
#15309 = ORIENTED_EDGE('',*,*,#15310,.T.);
#15310 = EDGE_CURVE('',#15301,#15311,#15313,.T.);
#15311 = VERTEX_POINT('',#15312);
#15312 = CARTESIAN_POINT('',(33.15,10.5,1.6));
#15313 = LINE('',#15314,#15315);
#15314 = CARTESIAN_POINT('',(33.15,7.5,1.6));
#15315 = VECTOR('',#15316,1.);
#15316 = DIRECTION('',(0.,1.,0.));
#15317 = ORIENTED_EDGE('',*,*,#15318,.T.);
#15318 = EDGE_CURVE('',#15311,#15319,#15321,.T.);
#15319 = VERTEX_POINT('',#15320);
#15320 = CARTESIAN_POINT('',(33.15,10.5,3.05));
#15321 = LINE('',#15322,#15323);
#15322 = CARTESIAN_POINT('',(33.15,10.5,1.6));
#15323 = VECTOR('',#15324,1.);
#15324 = DIRECTION('',(0.,0.,1.));
#15325 = ORIENTED_EDGE('',*,*,#15326,.F.);
#15326 = EDGE_CURVE('',#15303,#15319,#15327,.T.);
#15327 = LINE('',#15328,#15329);
#15328 = CARTESIAN_POINT('',(33.15,7.5,3.05));
#15329 = VECTOR('',#15330,1.);
#15330 = DIRECTION('',(0.,1.,0.));
#15331 = PLANE('',#15332);
#15332 = AXIS2_PLACEMENT_3D('',#15333,#15334,#15335);
#15333 = CARTESIAN_POINT('',(33.15,7.5,1.6));
#15334 = DIRECTION('',(1.,0.,0.));
#15335 = DIRECTION('',(0.,0.,1.));
#15336 = ADVANCED_FACE('',(#15337),#15371,.T.);
#15337 = FACE_BOUND('',#15338,.T.);
#15338 = EDGE_LOOP('',(#15339,#15349,#15357,#15365));
#15339 = ORIENTED_EDGE('',*,*,#15340,.F.);
#15340 = EDGE_CURVE('',#15341,#15343,#15345,.T.);
#15341 = VERTEX_POINT('',#15342);
#15342 = CARTESIAN_POINT('',(34.85,7.5,1.6));
#15343 = VERTEX_POINT('',#15344);
#15344 = CARTESIAN_POINT('',(34.85,7.5,3.05));
#15345 = LINE('',#15346,#15347);
#15346 = CARTESIAN_POINT('',(34.85,7.5,1.6));
#15347 = VECTOR('',#15348,1.);
#15348 = DIRECTION('',(0.,0.,1.));
#15349 = ORIENTED_EDGE('',*,*,#15350,.T.);
#15350 = EDGE_CURVE('',#15341,#15351,#15353,.T.);
#15351 = VERTEX_POINT('',#15352);
#15352 = CARTESIAN_POINT('',(34.85,10.5,1.6));
#15353 = LINE('',#15354,#15355);
#15354 = CARTESIAN_POINT('',(34.85,7.5,1.6));
#15355 = VECTOR('',#15356,1.);
#15356 = DIRECTION('',(0.,1.,0.));
#15357 = ORIENTED_EDGE('',*,*,#15358,.T.);
#15358 = EDGE_CURVE('',#15351,#15359,#15361,.T.);
#15359 = VERTEX_POINT('',#15360);
#15360 = CARTESIAN_POINT('',(34.85,10.5,3.05));
#15361 = LINE('',#15362,#15363);
#15362 = CARTESIAN_POINT('',(34.85,10.5,1.6));
#15363 = VECTOR('',#15364,1.);
#15364 = DIRECTION('',(0.,0.,1.));
#15365 = ORIENTED_EDGE('',*,*,#15366,.F.);
#15366 = EDGE_CURVE('',#15343,#15359,#15367,.T.);
#15367 = LINE('',#15368,#15369);
#15368 = CARTESIAN_POINT('',(34.85,7.5,3.05));
#15369 = VECTOR('',#15370,1.);
#15370 = DIRECTION('',(0.,1.,0.));
#15371 = PLANE('',#15372);
#15372 = AXIS2_PLACEMENT_3D('',#15373,#15374,#15375);
#15373 = CARTESIAN_POINT('',(34.85,7.5,1.6));
#15374 = DIRECTION('',(1.,0.,0.));
#15375 = DIRECTION('',(0.,0.,1.));
#15376 = ADVANCED_FACE('',(#15377),#15393,.F.);
#15377 = FACE_BOUND('',#15378,.F.);
#15378 = EDGE_LOOP('',(#15379,#15385,#15386,#15392));
#15379 = ORIENTED_EDGE('',*,*,#15380,.F.);
#15380 = EDGE_CURVE('',#15301,#15341,#15381,.T.);
#15381 = LINE('',#15382,#15383);
#15382 = CARTESIAN_POINT('',(33.15,7.5,1.6));
#15383 = VECTOR('',#15384,1.);
#15384 = DIRECTION('',(1.,0.,0.));
#15385 = ORIENTED_EDGE('',*,*,#15300,.T.);
#15386 = ORIENTED_EDGE('',*,*,#15387,.T.);
#15387 = EDGE_CURVE('',#15303,#15343,#15388,.T.);
#15388 = LINE('',#15389,#15390);
#15389 = CARTESIAN_POINT('',(33.15,7.5,3.05));
#15390 = VECTOR('',#15391,1.);
#15391 = DIRECTION('',(1.,0.,0.));
#15392 = ORIENTED_EDGE('',*,*,#15340,.F.);
#15393 = PLANE('',#15394);
#15394 = AXIS2_PLACEMENT_3D('',#15395,#15396,#15397);
#15395 = CARTESIAN_POINT('',(33.15,7.5,1.6));
#15396 = DIRECTION('',(0.,1.,0.));
#15397 = DIRECTION('',(0.,0.,1.));
#15398 = ADVANCED_FACE('',(#15399),#15415,.T.);
#15399 = FACE_BOUND('',#15400,.T.);
#15400 = EDGE_LOOP('',(#15401,#15407,#15408,#15414));
#15401 = ORIENTED_EDGE('',*,*,#15402,.F.);
#15402 = EDGE_CURVE('',#15311,#15351,#15403,.T.);
#15403 = LINE('',#15404,#15405);
#15404 = CARTESIAN_POINT('',(33.15,10.5,1.6));
#15405 = VECTOR('',#15406,1.);
#15406 = DIRECTION('',(1.,0.,0.));
#15407 = ORIENTED_EDGE('',*,*,#15318,.T.);
#15408 = ORIENTED_EDGE('',*,*,#15409,.T.);
#15409 = EDGE_CURVE('',#15319,#15359,#15410,.T.);
#15410 = LINE('',#15411,#15412);
#15411 = CARTESIAN_POINT('',(33.15,10.5,3.05));
#15412 = VECTOR('',#15413,1.);
#15413 = DIRECTION('',(1.,0.,0.));
#15414 = ORIENTED_EDGE('',*,*,#15358,.F.);
#15415 = PLANE('',#15416);
#15416 = AXIS2_PLACEMENT_3D('',#15417,#15418,#15419);
#15417 = CARTESIAN_POINT('',(33.15,10.5,1.6));
#15418 = DIRECTION('',(0.,1.,0.));
#15419 = DIRECTION('',(0.,0.,1.));
#15420 = ADVANCED_FACE('',(#15421),#15427,.F.);
#15421 = FACE_BOUND('',#15422,.F.);
#15422 = EDGE_LOOP('',(#15423,#15424,#15425,#15426));
#15423 = ORIENTED_EDGE('',*,*,#15310,.F.);
#15424 = ORIENTED_EDGE('',*,*,#15380,.T.);
#15425 = ORIENTED_EDGE('',*,*,#15350,.T.);
#15426 = ORIENTED_EDGE('',*,*,#15402,.F.);
#15427 = PLANE('',#15428);
#15428 = AXIS2_PLACEMENT_3D('',#15429,#15430,#15431);
#15429 = CARTESIAN_POINT('',(33.15,7.5,1.6));
#15430 = DIRECTION('',(0.,0.,1.));
#15431 = DIRECTION('',(1.,0.,0.));
#15432 = ADVANCED_FACE('',(#15433),#15439,.T.);
#15433 = FACE_BOUND('',#15434,.T.);
#15434 = EDGE_LOOP('',(#15435,#15436,#15437,#15438));
#15435 = ORIENTED_EDGE('',*,*,#15326,.F.);
#15436 = ORIENTED_EDGE('',*,*,#15387,.T.);
#15437 = ORIENTED_EDGE('',*,*,#15366,.T.);
#15438 = ORIENTED_EDGE('',*,*,#15409,.F.);
#15439 = PLANE('',#15440);
#15440 = AXIS2_PLACEMENT_3D('',#15441,#15442,#15443);
#15441 = CARTESIAN_POINT('',(33.15,7.5,3.05));
#15442 = DIRECTION('',(0.,0.,1.));
#15443 = DIRECTION('',(1.,0.,0.));
#15444 = MANIFOLD_SOLID_BREP('',#15445);
#15445 = CLOSED_SHELL('',(#15446,#15486,#15526,#15548,#15570,#15582));
#15446 = ADVANCED_FACE('',(#15447),#15481,.F.);
#15447 = FACE_BOUND('',#15448,.F.);
#15448 = EDGE_LOOP('',(#15449,#15459,#15467,#15475));
#15449 = ORIENTED_EDGE('',*,*,#15450,.F.);
#15450 = EDGE_CURVE('',#15451,#15453,#15455,.T.);
#15451 = VERTEX_POINT('',#15452);
#15452 = CARTESIAN_POINT('',(32.2,9.65,1.6));
#15453 = VERTEX_POINT('',#15454);
#15454 = CARTESIAN_POINT('',(32.2,9.65,1.635));
#15455 = LINE('',#15456,#15457);
#15456 = CARTESIAN_POINT('',(32.2,9.65,1.6));
#15457 = VECTOR('',#15458,1.);
#15458 = DIRECTION('',(0.,0.,1.));
#15459 = ORIENTED_EDGE('',*,*,#15460,.T.);
#15460 = EDGE_CURVE('',#15451,#15461,#15463,.T.);
#15461 = VERTEX_POINT('',#15462);
#15462 = CARTESIAN_POINT('',(32.2,10.25,1.6));
#15463 = LINE('',#15464,#15465);
#15464 = CARTESIAN_POINT('',(32.2,9.65,1.6));
#15465 = VECTOR('',#15466,1.);
#15466 = DIRECTION('',(0.,1.,0.));
#15467 = ORIENTED_EDGE('',*,*,#15468,.T.);
#15468 = EDGE_CURVE('',#15461,#15469,#15471,.T.);
#15469 = VERTEX_POINT('',#15470);
#15470 = CARTESIAN_POINT('',(32.2,10.25,1.635));
#15471 = LINE('',#15472,#15473);
#15472 = CARTESIAN_POINT('',(32.2,10.25,1.6));
#15473 = VECTOR('',#15474,1.);
#15474 = DIRECTION('',(0.,0.,1.));
#15475 = ORIENTED_EDGE('',*,*,#15476,.F.);
#15476 = EDGE_CURVE('',#15453,#15469,#15477,.T.);
#15477 = LINE('',#15478,#15479);
#15478 = CARTESIAN_POINT('',(32.2,9.65,1.635));
#15479 = VECTOR('',#15480,1.);
#15480 = DIRECTION('',(0.,1.,0.));
#15481 = PLANE('',#15482);
#15482 = AXIS2_PLACEMENT_3D('',#15483,#15484,#15485);
#15483 = CARTESIAN_POINT('',(32.2,9.65,1.6));
#15484 = DIRECTION('',(1.,0.,0.));
#15485 = DIRECTION('',(0.,0.,1.));
#15486 = ADVANCED_FACE('',(#15487),#15521,.T.);
#15487 = FACE_BOUND('',#15488,.T.);
#15488 = EDGE_LOOP('',(#15489,#15499,#15507,#15515));
#15489 = ORIENTED_EDGE('',*,*,#15490,.F.);
#15490 = EDGE_CURVE('',#15491,#15493,#15495,.T.);
#15491 = VERTEX_POINT('',#15492);
#15492 = CARTESIAN_POINT('',(33.525,9.65,1.6));
#15493 = VERTEX_POINT('',#15494);
#15494 = CARTESIAN_POINT('',(33.525,9.65,1.635));
#15495 = LINE('',#15496,#15497);
#15496 = CARTESIAN_POINT('',(33.525,9.65,1.6));
#15497 = VECTOR('',#15498,1.);
#15498 = DIRECTION('',(0.,0.,1.));
#15499 = ORIENTED_EDGE('',*,*,#15500,.T.);
#15500 = EDGE_CURVE('',#15491,#15501,#15503,.T.);
#15501 = VERTEX_POINT('',#15502);
#15502 = CARTESIAN_POINT('',(33.525,10.25,1.6));
#15503 = LINE('',#15504,#15505);
#15504 = CARTESIAN_POINT('',(33.525,9.65,1.6));
#15505 = VECTOR('',#15506,1.);
#15506 = DIRECTION('',(0.,1.,0.));
#15507 = ORIENTED_EDGE('',*,*,#15508,.T.);
#15508 = EDGE_CURVE('',#15501,#15509,#15511,.T.);
#15509 = VERTEX_POINT('',#15510);
#15510 = CARTESIAN_POINT('',(33.525,10.25,1.635));
#15511 = LINE('',#15512,#15513);
#15512 = CARTESIAN_POINT('',(33.525,10.25,1.6));
#15513 = VECTOR('',#15514,1.);
#15514 = DIRECTION('',(0.,0.,1.));
#15515 = ORIENTED_EDGE('',*,*,#15516,.F.);
#15516 = EDGE_CURVE('',#15493,#15509,#15517,.T.);
#15517 = LINE('',#15518,#15519);
#15518 = CARTESIAN_POINT('',(33.525,9.65,1.635));
#15519 = VECTOR('',#15520,1.);
#15520 = DIRECTION('',(0.,1.,0.));
#15521 = PLANE('',#15522);
#15522 = AXIS2_PLACEMENT_3D('',#15523,#15524,#15525);
#15523 = CARTESIAN_POINT('',(33.525,9.65,1.6));
#15524 = DIRECTION('',(1.,0.,0.));
#15525 = DIRECTION('',(0.,0.,1.));
#15526 = ADVANCED_FACE('',(#15527),#15543,.F.);
#15527 = FACE_BOUND('',#15528,.F.);
#15528 = EDGE_LOOP('',(#15529,#15535,#15536,#15542));
#15529 = ORIENTED_EDGE('',*,*,#15530,.F.);
#15530 = EDGE_CURVE('',#15451,#15491,#15531,.T.);
#15531 = LINE('',#15532,#15533);
#15532 = CARTESIAN_POINT('',(32.2,9.65,1.6));
#15533 = VECTOR('',#15534,1.);
#15534 = DIRECTION('',(1.,0.,0.));
#15535 = ORIENTED_EDGE('',*,*,#15450,.T.);
#15536 = ORIENTED_EDGE('',*,*,#15537,.T.);
#15537 = EDGE_CURVE('',#15453,#15493,#15538,.T.);
#15538 = LINE('',#15539,#15540);
#15539 = CARTESIAN_POINT('',(32.2,9.65,1.635));
#15540 = VECTOR('',#15541,1.);
#15541 = DIRECTION('',(1.,0.,0.));
#15542 = ORIENTED_EDGE('',*,*,#15490,.F.);
#15543 = PLANE('',#15544);
#15544 = AXIS2_PLACEMENT_3D('',#15545,#15546,#15547);
#15545 = CARTESIAN_POINT('',(32.2,9.65,1.6));
#15546 = DIRECTION('',(0.,1.,0.));
#15547 = DIRECTION('',(0.,0.,1.));
#15548 = ADVANCED_FACE('',(#15549),#15565,.T.);
#15549 = FACE_BOUND('',#15550,.T.);
#15550 = EDGE_LOOP('',(#15551,#15557,#15558,#15564));
#15551 = ORIENTED_EDGE('',*,*,#15552,.F.);
#15552 = EDGE_CURVE('',#15461,#15501,#15553,.T.);
#15553 = LINE('',#15554,#15555);
#15554 = CARTESIAN_POINT('',(32.2,10.25,1.6));
#15555 = VECTOR('',#15556,1.);
#15556 = DIRECTION('',(1.,0.,0.));
#15557 = ORIENTED_EDGE('',*,*,#15468,.T.);
#15558 = ORIENTED_EDGE('',*,*,#15559,.T.);
#15559 = EDGE_CURVE('',#15469,#15509,#15560,.T.);
#15560 = LINE('',#15561,#15562);
#15561 = CARTESIAN_POINT('',(32.2,10.25,1.635));
#15562 = VECTOR('',#15563,1.);
#15563 = DIRECTION('',(1.,0.,0.));
#15564 = ORIENTED_EDGE('',*,*,#15508,.F.);
#15565 = PLANE('',#15566);
#15566 = AXIS2_PLACEMENT_3D('',#15567,#15568,#15569);
#15567 = CARTESIAN_POINT('',(32.2,10.25,1.6));
#15568 = DIRECTION('',(0.,1.,0.));
#15569 = DIRECTION('',(0.,0.,1.));
#15570 = ADVANCED_FACE('',(#15571),#15577,.F.);
#15571 = FACE_BOUND('',#15572,.F.);
#15572 = EDGE_LOOP('',(#15573,#15574,#15575,#15576));
#15573 = ORIENTED_EDGE('',*,*,#15460,.F.);
#15574 = ORIENTED_EDGE('',*,*,#15530,.T.);
#15575 = ORIENTED_EDGE('',*,*,#15500,.T.);
#15576 = ORIENTED_EDGE('',*,*,#15552,.F.);
#15577 = PLANE('',#15578);
#15578 = AXIS2_PLACEMENT_3D('',#15579,#15580,#15581);
#15579 = CARTESIAN_POINT('',(32.2,9.65,1.6));
#15580 = DIRECTION('',(0.,0.,1.));
#15581 = DIRECTION('',(1.,0.,0.));
#15582 = ADVANCED_FACE('',(#15583),#15589,.T.);
#15583 = FACE_BOUND('',#15584,.T.);
#15584 = EDGE_LOOP('',(#15585,#15586,#15587,#15588));
#15585 = ORIENTED_EDGE('',*,*,#15476,.F.);
#15586 = ORIENTED_EDGE('',*,*,#15537,.T.);
#15587 = ORIENTED_EDGE('',*,*,#15516,.T.);
#15588 = ORIENTED_EDGE('',*,*,#15559,.F.);
#15589 = PLANE('',#15590);
#15590 = AXIS2_PLACEMENT_3D('',#15591,#15592,#15593);
#15591 = CARTESIAN_POINT('',(32.2,9.65,1.635));
#15592 = DIRECTION('',(0.,0.,1.));
#15593 = DIRECTION('',(1.,0.,0.));
#15594 = MANIFOLD_SOLID_BREP('',#15595);
#15595 = CLOSED_SHELL('',(#15596,#15636,#15676,#15698,#15720,#15732));
#15596 = ADVANCED_FACE('',(#15597),#15631,.F.);
#15597 = FACE_BOUND('',#15598,.F.);
#15598 = EDGE_LOOP('',(#15599,#15609,#15617,#15625));
#15599 = ORIENTED_EDGE('',*,*,#15600,.F.);
#15600 = EDGE_CURVE('',#15601,#15603,#15605,.T.);
#15601 = VERTEX_POINT('',#15602);
#15602 = CARTESIAN_POINT('',(32.2,8.7,1.6));
#15603 = VERTEX_POINT('',#15604);
#15604 = CARTESIAN_POINT('',(32.2,8.7,1.635));
#15605 = LINE('',#15606,#15607);
#15606 = CARTESIAN_POINT('',(32.2,8.7,1.6));
#15607 = VECTOR('',#15608,1.);
#15608 = DIRECTION('',(0.,0.,1.));
#15609 = ORIENTED_EDGE('',*,*,#15610,.T.);
#15610 = EDGE_CURVE('',#15601,#15611,#15613,.T.);
#15611 = VERTEX_POINT('',#15612);
#15612 = CARTESIAN_POINT('',(32.2,9.3,1.6));
#15613 = LINE('',#15614,#15615);
#15614 = CARTESIAN_POINT('',(32.2,8.7,1.6));
#15615 = VECTOR('',#15616,1.);
#15616 = DIRECTION('',(0.,1.,0.));
#15617 = ORIENTED_EDGE('',*,*,#15618,.T.);
#15618 = EDGE_CURVE('',#15611,#15619,#15621,.T.);
#15619 = VERTEX_POINT('',#15620);
#15620 = CARTESIAN_POINT('',(32.2,9.3,1.635));
#15621 = LINE('',#15622,#15623);
#15622 = CARTESIAN_POINT('',(32.2,9.3,1.6));
#15623 = VECTOR('',#15624,1.);
#15624 = DIRECTION('',(0.,0.,1.));
#15625 = ORIENTED_EDGE('',*,*,#15626,.F.);
#15626 = EDGE_CURVE('',#15603,#15619,#15627,.T.);
#15627 = LINE('',#15628,#15629);
#15628 = CARTESIAN_POINT('',(32.2,8.7,1.635));
#15629 = VECTOR('',#15630,1.);
#15630 = DIRECTION('',(0.,1.,0.));
#15631 = PLANE('',#15632);
#15632 = AXIS2_PLACEMENT_3D('',#15633,#15634,#15635);
#15633 = CARTESIAN_POINT('',(32.2,8.7,1.6));
#15634 = DIRECTION('',(1.,0.,0.));
#15635 = DIRECTION('',(0.,0.,1.));
#15636 = ADVANCED_FACE('',(#15637),#15671,.T.);
#15637 = FACE_BOUND('',#15638,.T.);
#15638 = EDGE_LOOP('',(#15639,#15649,#15657,#15665));
#15639 = ORIENTED_EDGE('',*,*,#15640,.F.);
#15640 = EDGE_CURVE('',#15641,#15643,#15645,.T.);
#15641 = VERTEX_POINT('',#15642);
#15642 = CARTESIAN_POINT('',(33.525,8.7,1.6));
#15643 = VERTEX_POINT('',#15644);
#15644 = CARTESIAN_POINT('',(33.525,8.7,1.635));
#15645 = LINE('',#15646,#15647);
#15646 = CARTESIAN_POINT('',(33.525,8.7,1.6));
#15647 = VECTOR('',#15648,1.);
#15648 = DIRECTION('',(0.,0.,1.));
#15649 = ORIENTED_EDGE('',*,*,#15650,.T.);
#15650 = EDGE_CURVE('',#15641,#15651,#15653,.T.);
#15651 = VERTEX_POINT('',#15652);
#15652 = CARTESIAN_POINT('',(33.525,9.3,1.6));
#15653 = LINE('',#15654,#15655);
#15654 = CARTESIAN_POINT('',(33.525,8.7,1.6));
#15655 = VECTOR('',#15656,1.);
#15656 = DIRECTION('',(0.,1.,0.));
#15657 = ORIENTED_EDGE('',*,*,#15658,.T.);
#15658 = EDGE_CURVE('',#15651,#15659,#15661,.T.);
#15659 = VERTEX_POINT('',#15660);
#15660 = CARTESIAN_POINT('',(33.525,9.3,1.635));
#15661 = LINE('',#15662,#15663);
#15662 = CARTESIAN_POINT('',(33.525,9.3,1.6));
#15663 = VECTOR('',#15664,1.);
#15664 = DIRECTION('',(0.,0.,1.));
#15665 = ORIENTED_EDGE('',*,*,#15666,.F.);
#15666 = EDGE_CURVE('',#15643,#15659,#15667,.T.);
#15667 = LINE('',#15668,#15669);
#15668 = CARTESIAN_POINT('',(33.525,8.7,1.635));
#15669 = VECTOR('',#15670,1.);
#15670 = DIRECTION('',(0.,1.,0.));
#15671 = PLANE('',#15672);
#15672 = AXIS2_PLACEMENT_3D('',#15673,#15674,#15675);
#15673 = CARTESIAN_POINT('',(33.525,8.7,1.6));
#15674 = DIRECTION('',(1.,0.,0.));
#15675 = DIRECTION('',(0.,0.,1.));
#15676 = ADVANCED_FACE('',(#15677),#15693,.F.);
#15677 = FACE_BOUND('',#15678,.F.);
#15678 = EDGE_LOOP('',(#15679,#15685,#15686,#15692));
#15679 = ORIENTED_EDGE('',*,*,#15680,.F.);
#15680 = EDGE_CURVE('',#15601,#15641,#15681,.T.);
#15681 = LINE('',#15682,#15683);
#15682 = CARTESIAN_POINT('',(32.2,8.7,1.6));
#15683 = VECTOR('',#15684,1.);
#15684 = DIRECTION('',(1.,0.,0.));
#15685 = ORIENTED_EDGE('',*,*,#15600,.T.);
#15686 = ORIENTED_EDGE('',*,*,#15687,.T.);
#15687 = EDGE_CURVE('',#15603,#15643,#15688,.T.);
#15688 = LINE('',#15689,#15690);
#15689 = CARTESIAN_POINT('',(32.2,8.7,1.635));
#15690 = VECTOR('',#15691,1.);
#15691 = DIRECTION('',(1.,0.,0.));
#15692 = ORIENTED_EDGE('',*,*,#15640,.F.);
#15693 = PLANE('',#15694);
#15694 = AXIS2_PLACEMENT_3D('',#15695,#15696,#15697);
#15695 = CARTESIAN_POINT('',(32.2,8.7,1.6));
#15696 = DIRECTION('',(0.,1.,0.));
#15697 = DIRECTION('',(0.,0.,1.));
#15698 = ADVANCED_FACE('',(#15699),#15715,.T.);
#15699 = FACE_BOUND('',#15700,.T.);
#15700 = EDGE_LOOP('',(#15701,#15707,#15708,#15714));
#15701 = ORIENTED_EDGE('',*,*,#15702,.F.);
#15702 = EDGE_CURVE('',#15611,#15651,#15703,.T.);
#15703 = LINE('',#15704,#15705);
#15704 = CARTESIAN_POINT('',(32.2,9.3,1.6));
#15705 = VECTOR('',#15706,1.);
#15706 = DIRECTION('',(1.,0.,0.));
#15707 = ORIENTED_EDGE('',*,*,#15618,.T.);
#15708 = ORIENTED_EDGE('',*,*,#15709,.T.);
#15709 = EDGE_CURVE('',#15619,#15659,#15710,.T.);
#15710 = LINE('',#15711,#15712);
#15711 = CARTESIAN_POINT('',(32.2,9.3,1.635));
#15712 = VECTOR('',#15713,1.);
#15713 = DIRECTION('',(1.,0.,0.));
#15714 = ORIENTED_EDGE('',*,*,#15658,.F.);
#15715 = PLANE('',#15716);
#15716 = AXIS2_PLACEMENT_3D('',#15717,#15718,#15719);
#15717 = CARTESIAN_POINT('',(32.2,9.3,1.6));
#15718 = DIRECTION('',(0.,1.,0.));
#15719 = DIRECTION('',(0.,0.,1.));
#15720 = ADVANCED_FACE('',(#15721),#15727,.F.);
#15721 = FACE_BOUND('',#15722,.F.);
#15722 = EDGE_LOOP('',(#15723,#15724,#15725,#15726));
#15723 = ORIENTED_EDGE('',*,*,#15610,.F.);
#15724 = ORIENTED_EDGE('',*,*,#15680,.T.);
#15725 = ORIENTED_EDGE('',*,*,#15650,.T.);
#15726 = ORIENTED_EDGE('',*,*,#15702,.F.);
#15727 = PLANE('',#15728);
#15728 = AXIS2_PLACEMENT_3D('',#15729,#15730,#15731);
#15729 = CARTESIAN_POINT('',(32.2,8.7,1.6));
#15730 = DIRECTION('',(0.,0.,1.));
#15731 = DIRECTION('',(1.,0.,0.));
#15732 = ADVANCED_FACE('',(#15733),#15739,.T.);
#15733 = FACE_BOUND('',#15734,.T.);
#15734 = EDGE_LOOP('',(#15735,#15736,#15737,#15738));
#15735 = ORIENTED_EDGE('',*,*,#15626,.F.);
#15736 = ORIENTED_EDGE('',*,*,#15687,.T.);
#15737 = ORIENTED_EDGE('',*,*,#15666,.T.);
#15738 = ORIENTED_EDGE('',*,*,#15709,.F.);
#15739 = PLANE('',#15740);
#15740 = AXIS2_PLACEMENT_3D('',#15741,#15742,#15743);
#15741 = CARTESIAN_POINT('',(32.2,8.7,1.635));
#15742 = DIRECTION('',(0.,0.,1.));
#15743 = DIRECTION('',(1.,0.,0.));
#15744 = MANIFOLD_SOLID_BREP('',#15745);
#15745 = CLOSED_SHELL('',(#15746,#15786,#15826,#15848,#15870,#15882));
#15746 = ADVANCED_FACE('',(#15747),#15781,.F.);
#15747 = FACE_BOUND('',#15748,.F.);
#15748 = EDGE_LOOP('',(#15749,#15759,#15767,#15775));
#15749 = ORIENTED_EDGE('',*,*,#15750,.F.);
#15750 = EDGE_CURVE('',#15751,#15753,#15755,.T.);
#15751 = VERTEX_POINT('',#15752);
#15752 = CARTESIAN_POINT('',(32.2,7.75,1.6));
#15753 = VERTEX_POINT('',#15754);
#15754 = CARTESIAN_POINT('',(32.2,7.75,1.635));
#15755 = LINE('',#15756,#15757);
#15756 = CARTESIAN_POINT('',(32.2,7.75,1.6));
#15757 = VECTOR('',#15758,1.);
#15758 = DIRECTION('',(0.,0.,1.));
#15759 = ORIENTED_EDGE('',*,*,#15760,.T.);
#15760 = EDGE_CURVE('',#15751,#15761,#15763,.T.);
#15761 = VERTEX_POINT('',#15762);
#15762 = CARTESIAN_POINT('',(32.2,8.35,1.6));
#15763 = LINE('',#15764,#15765);
#15764 = CARTESIAN_POINT('',(32.2,7.75,1.6));
#15765 = VECTOR('',#15766,1.);
#15766 = DIRECTION('',(0.,1.,0.));
#15767 = ORIENTED_EDGE('',*,*,#15768,.T.);
#15768 = EDGE_CURVE('',#15761,#15769,#15771,.T.);
#15769 = VERTEX_POINT('',#15770);
#15770 = CARTESIAN_POINT('',(32.2,8.35,1.635));
#15771 = LINE('',#15772,#15773);
#15772 = CARTESIAN_POINT('',(32.2,8.35,1.6));
#15773 = VECTOR('',#15774,1.);
#15774 = DIRECTION('',(0.,0.,1.));
#15775 = ORIENTED_EDGE('',*,*,#15776,.F.);
#15776 = EDGE_CURVE('',#15753,#15769,#15777,.T.);
#15777 = LINE('',#15778,#15779);
#15778 = CARTESIAN_POINT('',(32.2,7.75,1.635));
#15779 = VECTOR('',#15780,1.);
#15780 = DIRECTION('',(0.,1.,0.));
#15781 = PLANE('',#15782);
#15782 = AXIS2_PLACEMENT_3D('',#15783,#15784,#15785);
#15783 = CARTESIAN_POINT('',(32.2,7.75,1.6));
#15784 = DIRECTION('',(1.,0.,0.));
#15785 = DIRECTION('',(0.,0.,1.));
#15786 = ADVANCED_FACE('',(#15787),#15821,.T.);
#15787 = FACE_BOUND('',#15788,.T.);
#15788 = EDGE_LOOP('',(#15789,#15799,#15807,#15815));
#15789 = ORIENTED_EDGE('',*,*,#15790,.F.);
#15790 = EDGE_CURVE('',#15791,#15793,#15795,.T.);
#15791 = VERTEX_POINT('',#15792);
#15792 = CARTESIAN_POINT('',(33.525,7.75,1.6));
#15793 = VERTEX_POINT('',#15794);
#15794 = CARTESIAN_POINT('',(33.525,7.75,1.635));
#15795 = LINE('',#15796,#15797);
#15796 = CARTESIAN_POINT('',(33.525,7.75,1.6));
#15797 = VECTOR('',#15798,1.);
#15798 = DIRECTION('',(0.,0.,1.));
#15799 = ORIENTED_EDGE('',*,*,#15800,.T.);
#15800 = EDGE_CURVE('',#15791,#15801,#15803,.T.);
#15801 = VERTEX_POINT('',#15802);
#15802 = CARTESIAN_POINT('',(33.525,8.35,1.6));
#15803 = LINE('',#15804,#15805);
#15804 = CARTESIAN_POINT('',(33.525,7.75,1.6));
#15805 = VECTOR('',#15806,1.);
#15806 = DIRECTION('',(0.,1.,0.));
#15807 = ORIENTED_EDGE('',*,*,#15808,.T.);
#15808 = EDGE_CURVE('',#15801,#15809,#15811,.T.);
#15809 = VERTEX_POINT('',#15810);
#15810 = CARTESIAN_POINT('',(33.525,8.35,1.635));
#15811 = LINE('',#15812,#15813);
#15812 = CARTESIAN_POINT('',(33.525,8.35,1.6));
#15813 = VECTOR('',#15814,1.);
#15814 = DIRECTION('',(0.,0.,1.));
#15815 = ORIENTED_EDGE('',*,*,#15816,.F.);
#15816 = EDGE_CURVE('',#15793,#15809,#15817,.T.);
#15817 = LINE('',#15818,#15819);
#15818 = CARTESIAN_POINT('',(33.525,7.75,1.635));
#15819 = VECTOR('',#15820,1.);
#15820 = DIRECTION('',(0.,1.,0.));
#15821 = PLANE('',#15822);
#15822 = AXIS2_PLACEMENT_3D('',#15823,#15824,#15825);
#15823 = CARTESIAN_POINT('',(33.525,7.75,1.6));
#15824 = DIRECTION('',(1.,0.,0.));
#15825 = DIRECTION('',(0.,0.,1.));
#15826 = ADVANCED_FACE('',(#15827),#15843,.F.);
#15827 = FACE_BOUND('',#15828,.F.);
#15828 = EDGE_LOOP('',(#15829,#15835,#15836,#15842));
#15829 = ORIENTED_EDGE('',*,*,#15830,.F.);
#15830 = EDGE_CURVE('',#15751,#15791,#15831,.T.);
#15831 = LINE('',#15832,#15833);
#15832 = CARTESIAN_POINT('',(32.2,7.75,1.6));
#15833 = VECTOR('',#15834,1.);
#15834 = DIRECTION('',(1.,0.,0.));
#15835 = ORIENTED_EDGE('',*,*,#15750,.T.);
#15836 = ORIENTED_EDGE('',*,*,#15837,.T.);
#15837 = EDGE_CURVE('',#15753,#15793,#15838,.T.);
#15838 = LINE('',#15839,#15840);
#15839 = CARTESIAN_POINT('',(32.2,7.75,1.635));
#15840 = VECTOR('',#15841,1.);
#15841 = DIRECTION('',(1.,0.,0.));
#15842 = ORIENTED_EDGE('',*,*,#15790,.F.);
#15843 = PLANE('',#15844);
#15844 = AXIS2_PLACEMENT_3D('',#15845,#15846,#15847);
#15845 = CARTESIAN_POINT('',(32.2,7.75,1.6));
#15846 = DIRECTION('',(0.,1.,0.));
#15847 = DIRECTION('',(0.,0.,1.));
#15848 = ADVANCED_FACE('',(#15849),#15865,.T.);
#15849 = FACE_BOUND('',#15850,.T.);
#15850 = EDGE_LOOP('',(#15851,#15857,#15858,#15864));
#15851 = ORIENTED_EDGE('',*,*,#15852,.F.);
#15852 = EDGE_CURVE('',#15761,#15801,#15853,.T.);
#15853 = LINE('',#15854,#15855);
#15854 = CARTESIAN_POINT('',(32.2,8.35,1.6));
#15855 = VECTOR('',#15856,1.);
#15856 = DIRECTION('',(1.,0.,0.));
#15857 = ORIENTED_EDGE('',*,*,#15768,.T.);
#15858 = ORIENTED_EDGE('',*,*,#15859,.T.);
#15859 = EDGE_CURVE('',#15769,#15809,#15860,.T.);
#15860 = LINE('',#15861,#15862);
#15861 = CARTESIAN_POINT('',(32.2,8.35,1.635));
#15862 = VECTOR('',#15863,1.);
#15863 = DIRECTION('',(1.,0.,0.));
#15864 = ORIENTED_EDGE('',*,*,#15808,.F.);
#15865 = PLANE('',#15866);
#15866 = AXIS2_PLACEMENT_3D('',#15867,#15868,#15869);
#15867 = CARTESIAN_POINT('',(32.2,8.35,1.6));
#15868 = DIRECTION('',(0.,1.,0.));
#15869 = DIRECTION('',(0.,0.,1.));
#15870 = ADVANCED_FACE('',(#15871),#15877,.F.);
#15871 = FACE_BOUND('',#15872,.F.);
#15872 = EDGE_LOOP('',(#15873,#15874,#15875,#15876));
#15873 = ORIENTED_EDGE('',*,*,#15760,.F.);
#15874 = ORIENTED_EDGE('',*,*,#15830,.T.);
#15875 = ORIENTED_EDGE('',*,*,#15800,.T.);
#15876 = ORIENTED_EDGE('',*,*,#15852,.F.);
#15877 = PLANE('',#15878);
#15878 = AXIS2_PLACEMENT_3D('',#15879,#15880,#15881);
#15879 = CARTESIAN_POINT('',(32.2,7.75,1.6));
#15880 = DIRECTION('',(0.,0.,1.));
#15881 = DIRECTION('',(1.,0.,0.));
#15882 = ADVANCED_FACE('',(#15883),#15889,.T.);
#15883 = FACE_BOUND('',#15884,.T.);
#15884 = EDGE_LOOP('',(#15885,#15886,#15887,#15888));
#15885 = ORIENTED_EDGE('',*,*,#15776,.F.);
#15886 = ORIENTED_EDGE('',*,*,#15837,.T.);
#15887 = ORIENTED_EDGE('',*,*,#15816,.T.);
#15888 = ORIENTED_EDGE('',*,*,#15859,.F.);
#15889 = PLANE('',#15890);
#15890 = AXIS2_PLACEMENT_3D('',#15891,#15892,#15893);
#15891 = CARTESIAN_POINT('',(32.2,7.75,1.635));
#15892 = DIRECTION('',(0.,0.,1.));
#15893 = DIRECTION('',(1.,0.,0.));
#15894 = MANIFOLD_SOLID_BREP('',#15895);
#15895 = CLOSED_SHELL('',(#15896,#15936,#15976,#15998,#16020,#16032));
#15896 = ADVANCED_FACE('',(#15897),#15931,.F.);
#15897 = FACE_BOUND('',#15898,.F.);
#15898 = EDGE_LOOP('',(#15899,#15909,#15917,#15925));
#15899 = ORIENTED_EDGE('',*,*,#15900,.F.);
#15900 = EDGE_CURVE('',#15901,#15903,#15905,.T.);
#15901 = VERTEX_POINT('',#15902);
#15902 = CARTESIAN_POINT('',(34.475,7.75,1.6));
#15903 = VERTEX_POINT('',#15904);
#15904 = CARTESIAN_POINT('',(34.475,7.75,1.635));
#15905 = LINE('',#15906,#15907);
#15906 = CARTESIAN_POINT('',(34.475,7.75,1.6));
#15907 = VECTOR('',#15908,1.);
#15908 = DIRECTION('',(0.,0.,1.));
#15909 = ORIENTED_EDGE('',*,*,#15910,.T.);
#15910 = EDGE_CURVE('',#15901,#15911,#15913,.T.);
#15911 = VERTEX_POINT('',#15912);
#15912 = CARTESIAN_POINT('',(34.475,8.35,1.6));
#15913 = LINE('',#15914,#15915);
#15914 = CARTESIAN_POINT('',(34.475,7.75,1.6));
#15915 = VECTOR('',#15916,1.);
#15916 = DIRECTION('',(0.,1.,0.));
#15917 = ORIENTED_EDGE('',*,*,#15918,.T.);
#15918 = EDGE_CURVE('',#15911,#15919,#15921,.T.);
#15919 = VERTEX_POINT('',#15920);
#15920 = CARTESIAN_POINT('',(34.475,8.35,1.635));
#15921 = LINE('',#15922,#15923);
#15922 = CARTESIAN_POINT('',(34.475,8.35,1.6));
#15923 = VECTOR('',#15924,1.);
#15924 = DIRECTION('',(0.,0.,1.));
#15925 = ORIENTED_EDGE('',*,*,#15926,.F.);
#15926 = EDGE_CURVE('',#15903,#15919,#15927,.T.);
#15927 = LINE('',#15928,#15929);
#15928 = CARTESIAN_POINT('',(34.475,7.75,1.635));
#15929 = VECTOR('',#15930,1.);
#15930 = DIRECTION('',(0.,1.,0.));
#15931 = PLANE('',#15932);
#15932 = AXIS2_PLACEMENT_3D('',#15933,#15934,#15935);
#15933 = CARTESIAN_POINT('',(34.475,7.75,1.6));
#15934 = DIRECTION('',(1.,0.,0.));
#15935 = DIRECTION('',(0.,0.,1.));
#15936 = ADVANCED_FACE('',(#15937),#15971,.T.);
#15937 = FACE_BOUND('',#15938,.T.);
#15938 = EDGE_LOOP('',(#15939,#15949,#15957,#15965));
#15939 = ORIENTED_EDGE('',*,*,#15940,.F.);
#15940 = EDGE_CURVE('',#15941,#15943,#15945,.T.);
#15941 = VERTEX_POINT('',#15942);
#15942 = CARTESIAN_POINT('',(35.8,7.75,1.6));
#15943 = VERTEX_POINT('',#15944);
#15944 = CARTESIAN_POINT('',(35.8,7.75,1.635));
#15945 = LINE('',#15946,#15947);
#15946 = CARTESIAN_POINT('',(35.8,7.75,1.6));
#15947 = VECTOR('',#15948,1.);
#15948 = DIRECTION('',(0.,0.,1.));
#15949 = ORIENTED_EDGE('',*,*,#15950,.T.);
#15950 = EDGE_CURVE('',#15941,#15951,#15953,.T.);
#15951 = VERTEX_POINT('',#15952);
#15952 = CARTESIAN_POINT('',(35.8,8.35,1.6));
#15953 = LINE('',#15954,#15955);
#15954 = CARTESIAN_POINT('',(35.8,7.75,1.6));
#15955 = VECTOR('',#15956,1.);
#15956 = DIRECTION('',(0.,1.,0.));
#15957 = ORIENTED_EDGE('',*,*,#15958,.T.);
#15958 = EDGE_CURVE('',#15951,#15959,#15961,.T.);
#15959 = VERTEX_POINT('',#15960);
#15960 = CARTESIAN_POINT('',(35.8,8.35,1.635));
#15961 = LINE('',#15962,#15963);
#15962 = CARTESIAN_POINT('',(35.8,8.35,1.6));
#15963 = VECTOR('',#15964,1.);
#15964 = DIRECTION('',(0.,0.,1.));
#15965 = ORIENTED_EDGE('',*,*,#15966,.F.);
#15966 = EDGE_CURVE('',#15943,#15959,#15967,.T.);
#15967 = LINE('',#15968,#15969);
#15968 = CARTESIAN_POINT('',(35.8,7.75,1.635));
#15969 = VECTOR('',#15970,1.);
#15970 = DIRECTION('',(0.,1.,0.));
#15971 = PLANE('',#15972);
#15972 = AXIS2_PLACEMENT_3D('',#15973,#15974,#15975);
#15973 = CARTESIAN_POINT('',(35.8,7.75,1.6));
#15974 = DIRECTION('',(1.,0.,0.));
#15975 = DIRECTION('',(0.,0.,1.));
#15976 = ADVANCED_FACE('',(#15977),#15993,.F.);
#15977 = FACE_BOUND('',#15978,.F.);
#15978 = EDGE_LOOP('',(#15979,#15985,#15986,#15992));
#15979 = ORIENTED_EDGE('',*,*,#15980,.F.);
#15980 = EDGE_CURVE('',#15901,#15941,#15981,.T.);
#15981 = LINE('',#15982,#15983);
#15982 = CARTESIAN_POINT('',(34.475,7.75,1.6));
#15983 = VECTOR('',#15984,1.);
#15984 = DIRECTION('',(1.,0.,0.));
#15985 = ORIENTED_EDGE('',*,*,#15900,.T.);
#15986 = ORIENTED_EDGE('',*,*,#15987,.T.);
#15987 = EDGE_CURVE('',#15903,#15943,#15988,.T.);
#15988 = LINE('',#15989,#15990);
#15989 = CARTESIAN_POINT('',(34.475,7.75,1.635));
#15990 = VECTOR('',#15991,1.);
#15991 = DIRECTION('',(1.,0.,0.));
#15992 = ORIENTED_EDGE('',*,*,#15940,.F.);
#15993 = PLANE('',#15994);
#15994 = AXIS2_PLACEMENT_3D('',#15995,#15996,#15997);
#15995 = CARTESIAN_POINT('',(34.475,7.75,1.6));
#15996 = DIRECTION('',(0.,1.,0.));
#15997 = DIRECTION('',(0.,0.,1.));
#15998 = ADVANCED_FACE('',(#15999),#16015,.T.);
#15999 = FACE_BOUND('',#16000,.T.);
#16000 = EDGE_LOOP('',(#16001,#16007,#16008,#16014));
#16001 = ORIENTED_EDGE('',*,*,#16002,.F.);
#16002 = EDGE_CURVE('',#15911,#15951,#16003,.T.);
#16003 = LINE('',#16004,#16005);
#16004 = CARTESIAN_POINT('',(34.475,8.35,1.6));
#16005 = VECTOR('',#16006,1.);
#16006 = DIRECTION('',(1.,0.,0.));
#16007 = ORIENTED_EDGE('',*,*,#15918,.T.);
#16008 = ORIENTED_EDGE('',*,*,#16009,.T.);
#16009 = EDGE_CURVE('',#15919,#15959,#16010,.T.);
#16010 = LINE('',#16011,#16012);
#16011 = CARTESIAN_POINT('',(34.475,8.35,1.635));
#16012 = VECTOR('',#16013,1.);
#16013 = DIRECTION('',(1.,0.,0.));
#16014 = ORIENTED_EDGE('',*,*,#15958,.F.);
#16015 = PLANE('',#16016);
#16016 = AXIS2_PLACEMENT_3D('',#16017,#16018,#16019);
#16017 = CARTESIAN_POINT('',(34.475,8.35,1.6));
#16018 = DIRECTION('',(0.,1.,0.));
#16019 = DIRECTION('',(0.,0.,1.));
#16020 = ADVANCED_FACE('',(#16021),#16027,.F.);
#16021 = FACE_BOUND('',#16022,.F.);
#16022 = EDGE_LOOP('',(#16023,#16024,#16025,#16026));
#16023 = ORIENTED_EDGE('',*,*,#15910,.F.);
#16024 = ORIENTED_EDGE('',*,*,#15980,.T.);
#16025 = ORIENTED_EDGE('',*,*,#15950,.T.);
#16026 = ORIENTED_EDGE('',*,*,#16002,.F.);
#16027 = PLANE('',#16028);
#16028 = AXIS2_PLACEMENT_3D('',#16029,#16030,#16031);
#16029 = CARTESIAN_POINT('',(34.475,7.75,1.6));
#16030 = DIRECTION('',(0.,0.,1.));
#16031 = DIRECTION('',(1.,0.,0.));
#16032 = ADVANCED_FACE('',(#16033),#16039,.T.);
#16033 = FACE_BOUND('',#16034,.T.);
#16034 = EDGE_LOOP('',(#16035,#16036,#16037,#16038));
#16035 = ORIENTED_EDGE('',*,*,#15926,.F.);
#16036 = ORIENTED_EDGE('',*,*,#15987,.T.);
#16037 = ORIENTED_EDGE('',*,*,#15966,.T.);
#16038 = ORIENTED_EDGE('',*,*,#16009,.F.);
#16039 = PLANE('',#16040);
#16040 = AXIS2_PLACEMENT_3D('',#16041,#16042,#16043);
#16041 = CARTESIAN_POINT('',(34.475,7.75,1.635));
#16042 = DIRECTION('',(0.,0.,1.));
#16043 = DIRECTION('',(1.,0.,0.));
#16044 = MANIFOLD_SOLID_BREP('',#16045);
#16045 = CLOSED_SHELL('',(#16046,#16086,#16126,#16148,#16170,#16182));
#16046 = ADVANCED_FACE('',(#16047),#16081,.F.);
#16047 = FACE_BOUND('',#16048,.F.);
#16048 = EDGE_LOOP('',(#16049,#16059,#16067,#16075));
#16049 = ORIENTED_EDGE('',*,*,#16050,.F.);
#16050 = EDGE_CURVE('',#16051,#16053,#16055,.T.);
#16051 = VERTEX_POINT('',#16052);
#16052 = CARTESIAN_POINT('',(34.475,9.65,1.6));
#16053 = VERTEX_POINT('',#16054);
#16054 = CARTESIAN_POINT('',(34.475,9.65,1.635));
#16055 = LINE('',#16056,#16057);
#16056 = CARTESIAN_POINT('',(34.475,9.65,1.6));
#16057 = VECTOR('',#16058,1.);
#16058 = DIRECTION('',(0.,0.,1.));
#16059 = ORIENTED_EDGE('',*,*,#16060,.T.);
#16060 = EDGE_CURVE('',#16051,#16061,#16063,.T.);
#16061 = VERTEX_POINT('',#16062);
#16062 = CARTESIAN_POINT('',(34.475,10.25,1.6));
#16063 = LINE('',#16064,#16065);
#16064 = CARTESIAN_POINT('',(34.475,9.65,1.6));
#16065 = VECTOR('',#16066,1.);
#16066 = DIRECTION('',(0.,1.,0.));
#16067 = ORIENTED_EDGE('',*,*,#16068,.T.);
#16068 = EDGE_CURVE('',#16061,#16069,#16071,.T.);
#16069 = VERTEX_POINT('',#16070);
#16070 = CARTESIAN_POINT('',(34.475,10.25,1.635));
#16071 = LINE('',#16072,#16073);
#16072 = CARTESIAN_POINT('',(34.475,10.25,1.6));
#16073 = VECTOR('',#16074,1.);
#16074 = DIRECTION('',(0.,0.,1.));
#16075 = ORIENTED_EDGE('',*,*,#16076,.F.);
#16076 = EDGE_CURVE('',#16053,#16069,#16077,.T.);
#16077 = LINE('',#16078,#16079);
#16078 = CARTESIAN_POINT('',(34.475,9.65,1.635));
#16079 = VECTOR('',#16080,1.);
#16080 = DIRECTION('',(0.,1.,0.));
#16081 = PLANE('',#16082);
#16082 = AXIS2_PLACEMENT_3D('',#16083,#16084,#16085);
#16083 = CARTESIAN_POINT('',(34.475,9.65,1.6));
#16084 = DIRECTION('',(1.,0.,0.));
#16085 = DIRECTION('',(0.,0.,1.));
#16086 = ADVANCED_FACE('',(#16087),#16121,.T.);
#16087 = FACE_BOUND('',#16088,.T.);
#16088 = EDGE_LOOP('',(#16089,#16099,#16107,#16115));
#16089 = ORIENTED_EDGE('',*,*,#16090,.F.);
#16090 = EDGE_CURVE('',#16091,#16093,#16095,.T.);
#16091 = VERTEX_POINT('',#16092);
#16092 = CARTESIAN_POINT('',(35.8,9.65,1.6));
#16093 = VERTEX_POINT('',#16094);
#16094 = CARTESIAN_POINT('',(35.8,9.65,1.635));
#16095 = LINE('',#16096,#16097);
#16096 = CARTESIAN_POINT('',(35.8,9.65,1.6));
#16097 = VECTOR('',#16098,1.);
#16098 = DIRECTION('',(0.,0.,1.));
#16099 = ORIENTED_EDGE('',*,*,#16100,.T.);
#16100 = EDGE_CURVE('',#16091,#16101,#16103,.T.);
#16101 = VERTEX_POINT('',#16102);
#16102 = CARTESIAN_POINT('',(35.8,10.25,1.6));
#16103 = LINE('',#16104,#16105);
#16104 = CARTESIAN_POINT('',(35.8,9.65,1.6));
#16105 = VECTOR('',#16106,1.);
#16106 = DIRECTION('',(0.,1.,0.));
#16107 = ORIENTED_EDGE('',*,*,#16108,.T.);
#16108 = EDGE_CURVE('',#16101,#16109,#16111,.T.);
#16109 = VERTEX_POINT('',#16110);
#16110 = CARTESIAN_POINT('',(35.8,10.25,1.635));
#16111 = LINE('',#16112,#16113);
#16112 = CARTESIAN_POINT('',(35.8,10.25,1.6));
#16113 = VECTOR('',#16114,1.);
#16114 = DIRECTION('',(0.,0.,1.));
#16115 = ORIENTED_EDGE('',*,*,#16116,.F.);
#16116 = EDGE_CURVE('',#16093,#16109,#16117,.T.);
#16117 = LINE('',#16118,#16119);
#16118 = CARTESIAN_POINT('',(35.8,9.65,1.635));
#16119 = VECTOR('',#16120,1.);
#16120 = DIRECTION('',(0.,1.,0.));
#16121 = PLANE('',#16122);
#16122 = AXIS2_PLACEMENT_3D('',#16123,#16124,#16125);
#16123 = CARTESIAN_POINT('',(35.8,9.65,1.6));
#16124 = DIRECTION('',(1.,0.,0.));
#16125 = DIRECTION('',(0.,0.,1.));
#16126 = ADVANCED_FACE('',(#16127),#16143,.F.);
#16127 = FACE_BOUND('',#16128,.F.);
#16128 = EDGE_LOOP('',(#16129,#16135,#16136,#16142));
#16129 = ORIENTED_EDGE('',*,*,#16130,.F.);
#16130 = EDGE_CURVE('',#16051,#16091,#16131,.T.);
#16131 = LINE('',#16132,#16133);
#16132 = CARTESIAN_POINT('',(34.475,9.65,1.6));
#16133 = VECTOR('',#16134,1.);
#16134 = DIRECTION('',(1.,0.,0.));
#16135 = ORIENTED_EDGE('',*,*,#16050,.T.);
#16136 = ORIENTED_EDGE('',*,*,#16137,.T.);
#16137 = EDGE_CURVE('',#16053,#16093,#16138,.T.);
#16138 = LINE('',#16139,#16140);
#16139 = CARTESIAN_POINT('',(34.475,9.65,1.635));
#16140 = VECTOR('',#16141,1.);
#16141 = DIRECTION('',(1.,0.,0.));
#16142 = ORIENTED_EDGE('',*,*,#16090,.F.);
#16143 = PLANE('',#16144);
#16144 = AXIS2_PLACEMENT_3D('',#16145,#16146,#16147);
#16145 = CARTESIAN_POINT('',(34.475,9.65,1.6));
#16146 = DIRECTION('',(0.,1.,0.));
#16147 = DIRECTION('',(0.,0.,1.));
#16148 = ADVANCED_FACE('',(#16149),#16165,.T.);
#16149 = FACE_BOUND('',#16150,.T.);
#16150 = EDGE_LOOP('',(#16151,#16157,#16158,#16164));
#16151 = ORIENTED_EDGE('',*,*,#16152,.F.);
#16152 = EDGE_CURVE('',#16061,#16101,#16153,.T.);
#16153 = LINE('',#16154,#16155);
#16154 = CARTESIAN_POINT('',(34.475,10.25,1.6));
#16155 = VECTOR('',#16156,1.);
#16156 = DIRECTION('',(1.,0.,0.));
#16157 = ORIENTED_EDGE('',*,*,#16068,.T.);
#16158 = ORIENTED_EDGE('',*,*,#16159,.T.);
#16159 = EDGE_CURVE('',#16069,#16109,#16160,.T.);
#16160 = LINE('',#16161,#16162);
#16161 = CARTESIAN_POINT('',(34.475,10.25,1.635));
#16162 = VECTOR('',#16163,1.);
#16163 = DIRECTION('',(1.,0.,0.));
#16164 = ORIENTED_EDGE('',*,*,#16108,.F.);
#16165 = PLANE('',#16166);
#16166 = AXIS2_PLACEMENT_3D('',#16167,#16168,#16169);
#16167 = CARTESIAN_POINT('',(34.475,10.25,1.6));
#16168 = DIRECTION('',(0.,1.,0.));
#16169 = DIRECTION('',(0.,0.,1.));
#16170 = ADVANCED_FACE('',(#16171),#16177,.F.);
#16171 = FACE_BOUND('',#16172,.F.);
#16172 = EDGE_LOOP('',(#16173,#16174,#16175,#16176));
#16173 = ORIENTED_EDGE('',*,*,#16060,.F.);
#16174 = ORIENTED_EDGE('',*,*,#16130,.T.);
#16175 = ORIENTED_EDGE('',*,*,#16100,.T.);
#16176 = ORIENTED_EDGE('',*,*,#16152,.F.);
#16177 = PLANE('',#16178);
#16178 = AXIS2_PLACEMENT_3D('',#16179,#16180,#16181);
#16179 = CARTESIAN_POINT('',(34.475,9.65,1.6));
#16180 = DIRECTION('',(0.,0.,1.));
#16181 = DIRECTION('',(1.,0.,0.));
#16182 = ADVANCED_FACE('',(#16183),#16189,.T.);
#16183 = FACE_BOUND('',#16184,.T.);
#16184 = EDGE_LOOP('',(#16185,#16186,#16187,#16188));
#16185 = ORIENTED_EDGE('',*,*,#16076,.F.);
#16186 = ORIENTED_EDGE('',*,*,#16137,.T.);
#16187 = ORIENTED_EDGE('',*,*,#16116,.T.);
#16188 = ORIENTED_EDGE('',*,*,#16159,.F.);
#16189 = PLANE('',#16190);
#16190 = AXIS2_PLACEMENT_3D('',#16191,#16192,#16193);
#16191 = CARTESIAN_POINT('',(34.475,9.65,1.635));
#16192 = DIRECTION('',(0.,0.,1.));
#16193 = DIRECTION('',(1.,0.,0.));
#16194 = MANIFOLD_SOLID_BREP('',#16195);
#16195 = CLOSED_SHELL('',(#16196,#16236,#16276,#16298,#16320,#16332));
#16196 = ADVANCED_FACE('',(#16197),#16231,.F.);
#16197 = FACE_BOUND('',#16198,.F.);
#16198 = EDGE_LOOP('',(#16199,#16209,#16217,#16225));
#16199 = ORIENTED_EDGE('',*,*,#16200,.F.);
#16200 = EDGE_CURVE('',#16201,#16203,#16205,.T.);
#16201 = VERTEX_POINT('',#16202);
#16202 = CARTESIAN_POINT('',(22.15,14.5375,1.6));
#16203 = VERTEX_POINT('',#16204);
#16204 = CARTESIAN_POINT('',(22.15,14.5375,2.15));
#16205 = LINE('',#16206,#16207);
#16206 = CARTESIAN_POINT('',(22.15,14.5375,1.6));
#16207 = VECTOR('',#16208,1.);
#16208 = DIRECTION('',(0.,0.,1.));
#16209 = ORIENTED_EDGE('',*,*,#16210,.T.);
#16210 = EDGE_CURVE('',#16201,#16211,#16213,.T.);
#16211 = VERTEX_POINT('',#16212);
#16212 = CARTESIAN_POINT('',(22.15,15.4625,1.6));
#16213 = LINE('',#16214,#16215);
#16214 = CARTESIAN_POINT('',(22.15,14.5375,1.6));
#16215 = VECTOR('',#16216,1.);
#16216 = DIRECTION('',(0.,1.,0.));
#16217 = ORIENTED_EDGE('',*,*,#16218,.T.);
#16218 = EDGE_CURVE('',#16211,#16219,#16221,.T.);
#16219 = VERTEX_POINT('',#16220);
#16220 = CARTESIAN_POINT('',(22.15,15.4625,2.15));
#16221 = LINE('',#16222,#16223);
#16222 = CARTESIAN_POINT('',(22.15,15.4625,1.6));
#16223 = VECTOR('',#16224,1.);
#16224 = DIRECTION('',(0.,0.,1.));
#16225 = ORIENTED_EDGE('',*,*,#16226,.F.);
#16226 = EDGE_CURVE('',#16203,#16219,#16227,.T.);
#16227 = LINE('',#16228,#16229);
#16228 = CARTESIAN_POINT('',(22.15,14.5375,2.15));
#16229 = VECTOR('',#16230,1.);
#16230 = DIRECTION('',(0.,1.,0.));
#16231 = PLANE('',#16232);
#16232 = AXIS2_PLACEMENT_3D('',#16233,#16234,#16235);
#16233 = CARTESIAN_POINT('',(22.15,14.5375,1.6));
#16234 = DIRECTION('',(1.,0.,0.));
#16235 = DIRECTION('',(0.,0.,1.));
#16236 = ADVANCED_FACE('',(#16237),#16271,.T.);
#16237 = FACE_BOUND('',#16238,.T.);
#16238 = EDGE_LOOP('',(#16239,#16249,#16257,#16265));
#16239 = ORIENTED_EDGE('',*,*,#16240,.F.);
#16240 = EDGE_CURVE('',#16241,#16243,#16245,.T.);
#16241 = VERTEX_POINT('',#16242);
#16242 = CARTESIAN_POINT('',(23.85,14.5375,1.6));
#16243 = VERTEX_POINT('',#16244);
#16244 = CARTESIAN_POINT('',(23.85,14.5375,2.15));
#16245 = LINE('',#16246,#16247);
#16246 = CARTESIAN_POINT('',(23.85,14.5375,1.6));
#16247 = VECTOR('',#16248,1.);
#16248 = DIRECTION('',(0.,0.,1.));
#16249 = ORIENTED_EDGE('',*,*,#16250,.T.);
#16250 = EDGE_CURVE('',#16241,#16251,#16253,.T.);
#16251 = VERTEX_POINT('',#16252);
#16252 = CARTESIAN_POINT('',(23.85,15.4625,1.6));
#16253 = LINE('',#16254,#16255);
#16254 = CARTESIAN_POINT('',(23.85,14.5375,1.6));
#16255 = VECTOR('',#16256,1.);
#16256 = DIRECTION('',(0.,1.,0.));
#16257 = ORIENTED_EDGE('',*,*,#16258,.T.);
#16258 = EDGE_CURVE('',#16251,#16259,#16261,.T.);
#16259 = VERTEX_POINT('',#16260);
#16260 = CARTESIAN_POINT('',(23.85,15.4625,2.15));
#16261 = LINE('',#16262,#16263);
#16262 = CARTESIAN_POINT('',(23.85,15.4625,1.6));
#16263 = VECTOR('',#16264,1.);
#16264 = DIRECTION('',(0.,0.,1.));
#16265 = ORIENTED_EDGE('',*,*,#16266,.F.);
#16266 = EDGE_CURVE('',#16243,#16259,#16267,.T.);
#16267 = LINE('',#16268,#16269);
#16268 = CARTESIAN_POINT('',(23.85,14.5375,2.15));
#16269 = VECTOR('',#16270,1.);
#16270 = DIRECTION('',(0.,1.,0.));
#16271 = PLANE('',#16272);
#16272 = AXIS2_PLACEMENT_3D('',#16273,#16274,#16275);
#16273 = CARTESIAN_POINT('',(23.85,14.5375,1.6));
#16274 = DIRECTION('',(1.,0.,0.));
#16275 = DIRECTION('',(0.,0.,1.));
#16276 = ADVANCED_FACE('',(#16277),#16293,.F.);
#16277 = FACE_BOUND('',#16278,.F.);
#16278 = EDGE_LOOP('',(#16279,#16285,#16286,#16292));
#16279 = ORIENTED_EDGE('',*,*,#16280,.F.);
#16280 = EDGE_CURVE('',#16201,#16241,#16281,.T.);
#16281 = LINE('',#16282,#16283);
#16282 = CARTESIAN_POINT('',(22.15,14.5375,1.6));
#16283 = VECTOR('',#16284,1.);
#16284 = DIRECTION('',(1.,0.,0.));
#16285 = ORIENTED_EDGE('',*,*,#16200,.T.);
#16286 = ORIENTED_EDGE('',*,*,#16287,.T.);
#16287 = EDGE_CURVE('',#16203,#16243,#16288,.T.);
#16288 = LINE('',#16289,#16290);
#16289 = CARTESIAN_POINT('',(22.15,14.5375,2.15));
#16290 = VECTOR('',#16291,1.);
#16291 = DIRECTION('',(1.,0.,0.));
#16292 = ORIENTED_EDGE('',*,*,#16240,.F.);
#16293 = PLANE('',#16294);
#16294 = AXIS2_PLACEMENT_3D('',#16295,#16296,#16297);
#16295 = CARTESIAN_POINT('',(22.15,14.5375,1.6));
#16296 = DIRECTION('',(0.,1.,0.));
#16297 = DIRECTION('',(0.,0.,1.));
#16298 = ADVANCED_FACE('',(#16299),#16315,.T.);
#16299 = FACE_BOUND('',#16300,.T.);
#16300 = EDGE_LOOP('',(#16301,#16307,#16308,#16314));
#16301 = ORIENTED_EDGE('',*,*,#16302,.F.);
#16302 = EDGE_CURVE('',#16211,#16251,#16303,.T.);
#16303 = LINE('',#16304,#16305);
#16304 = CARTESIAN_POINT('',(22.15,15.4625,1.6));
#16305 = VECTOR('',#16306,1.);
#16306 = DIRECTION('',(1.,0.,0.));
#16307 = ORIENTED_EDGE('',*,*,#16218,.T.);
#16308 = ORIENTED_EDGE('',*,*,#16309,.T.);
#16309 = EDGE_CURVE('',#16219,#16259,#16310,.T.);
#16310 = LINE('',#16311,#16312);
#16311 = CARTESIAN_POINT('',(22.15,15.4625,2.15));
#16312 = VECTOR('',#16313,1.);
#16313 = DIRECTION('',(1.,0.,0.));
#16314 = ORIENTED_EDGE('',*,*,#16258,.F.);
#16315 = PLANE('',#16316);
#16316 = AXIS2_PLACEMENT_3D('',#16317,#16318,#16319);
#16317 = CARTESIAN_POINT('',(22.15,15.4625,1.6));
#16318 = DIRECTION('',(0.,1.,0.));
#16319 = DIRECTION('',(0.,0.,1.));
#16320 = ADVANCED_FACE('',(#16321),#16327,.F.);
#16321 = FACE_BOUND('',#16322,.F.);
#16322 = EDGE_LOOP('',(#16323,#16324,#16325,#16326));
#16323 = ORIENTED_EDGE('',*,*,#16210,.F.);
#16324 = ORIENTED_EDGE('',*,*,#16280,.T.);
#16325 = ORIENTED_EDGE('',*,*,#16250,.T.);
#16326 = ORIENTED_EDGE('',*,*,#16302,.F.);
#16327 = PLANE('',#16328);
#16328 = AXIS2_PLACEMENT_3D('',#16329,#16330,#16331);
#16329 = CARTESIAN_POINT('',(22.15,14.5375,1.6));
#16330 = DIRECTION('',(0.,0.,1.));
#16331 = DIRECTION('',(1.,0.,0.));
#16332 = ADVANCED_FACE('',(#16333),#16339,.T.);
#16333 = FACE_BOUND('',#16334,.T.);
#16334 = EDGE_LOOP('',(#16335,#16336,#16337,#16338));
#16335 = ORIENTED_EDGE('',*,*,#16226,.F.);
#16336 = ORIENTED_EDGE('',*,*,#16287,.T.);
#16337 = ORIENTED_EDGE('',*,*,#16266,.T.);
#16338 = ORIENTED_EDGE('',*,*,#16309,.F.);
#16339 = PLANE('',#16340);
#16340 = AXIS2_PLACEMENT_3D('',#16341,#16342,#16343);
#16341 = CARTESIAN_POINT('',(22.15,14.5375,2.15));
#16342 = DIRECTION('',(0.,0.,1.));
#16343 = DIRECTION('',(1.,0.,0.));
#16344 = MANIFOLD_SOLID_BREP('',#16345);
#16345 = CLOSED_SHELL('',(#16346,#16386,#16426,#16448,#16470,#16482));
#16346 = ADVANCED_FACE('',(#16347),#16381,.F.);
#16347 = FACE_BOUND('',#16348,.F.);
#16348 = EDGE_LOOP('',(#16349,#16359,#16367,#16375));
#16349 = ORIENTED_EDGE('',*,*,#16350,.F.);
#16350 = EDGE_CURVE('',#16351,#16353,#16355,.T.);
#16351 = VERTEX_POINT('',#16352);
#16352 = CARTESIAN_POINT('',(21.775,14.525,1.6));
#16353 = VERTEX_POINT('',#16354);
#16354 = CARTESIAN_POINT('',(21.775,14.525,1.635));
#16355 = LINE('',#16356,#16357);
#16356 = CARTESIAN_POINT('',(21.775,14.525,1.6));
#16357 = VECTOR('',#16358,1.);
#16358 = DIRECTION('',(0.,0.,1.));
#16359 = ORIENTED_EDGE('',*,*,#16360,.T.);
#16360 = EDGE_CURVE('',#16351,#16361,#16363,.T.);
#16361 = VERTEX_POINT('',#16362);
#16362 = CARTESIAN_POINT('',(21.775,15.475,1.6));
#16363 = LINE('',#16364,#16365);
#16364 = CARTESIAN_POINT('',(21.775,14.525,1.6));
#16365 = VECTOR('',#16366,1.);
#16366 = DIRECTION('',(0.,1.,0.));
#16367 = ORIENTED_EDGE('',*,*,#16368,.T.);
#16368 = EDGE_CURVE('',#16361,#16369,#16371,.T.);
#16369 = VERTEX_POINT('',#16370);
#16370 = CARTESIAN_POINT('',(21.775,15.475,1.635));
#16371 = LINE('',#16372,#16373);
#16372 = CARTESIAN_POINT('',(21.775,15.475,1.6));
#16373 = VECTOR('',#16374,1.);
#16374 = DIRECTION('',(0.,0.,1.));
#16375 = ORIENTED_EDGE('',*,*,#16376,.F.);
#16376 = EDGE_CURVE('',#16353,#16369,#16377,.T.);
#16377 = LINE('',#16378,#16379);
#16378 = CARTESIAN_POINT('',(21.775,14.525,1.635));
#16379 = VECTOR('',#16380,1.);
#16380 = DIRECTION('',(0.,1.,0.));
#16381 = PLANE('',#16382);
#16382 = AXIS2_PLACEMENT_3D('',#16383,#16384,#16385);
#16383 = CARTESIAN_POINT('',(21.775,14.525,1.6));
#16384 = DIRECTION('',(1.,0.,0.));
#16385 = DIRECTION('',(0.,0.,1.));
#16386 = ADVANCED_FACE('',(#16387),#16421,.T.);
#16387 = FACE_BOUND('',#16388,.T.);
#16388 = EDGE_LOOP('',(#16389,#16399,#16407,#16415));
#16389 = ORIENTED_EDGE('',*,*,#16390,.F.);
#16390 = EDGE_CURVE('',#16391,#16393,#16395,.T.);
#16391 = VERTEX_POINT('',#16392);
#16392 = CARTESIAN_POINT('',(22.575,14.525,1.6));
#16393 = VERTEX_POINT('',#16394);
#16394 = CARTESIAN_POINT('',(22.575,14.525,1.635));
#16395 = LINE('',#16396,#16397);
#16396 = CARTESIAN_POINT('',(22.575,14.525,1.6));
#16397 = VECTOR('',#16398,1.);
#16398 = DIRECTION('',(0.,0.,1.));
#16399 = ORIENTED_EDGE('',*,*,#16400,.T.);
#16400 = EDGE_CURVE('',#16391,#16401,#16403,.T.);
#16401 = VERTEX_POINT('',#16402);
#16402 = CARTESIAN_POINT('',(22.575,15.475,1.6));
#16403 = LINE('',#16404,#16405);
#16404 = CARTESIAN_POINT('',(22.575,14.525,1.6));
#16405 = VECTOR('',#16406,1.);
#16406 = DIRECTION('',(0.,1.,0.));
#16407 = ORIENTED_EDGE('',*,*,#16408,.T.);
#16408 = EDGE_CURVE('',#16401,#16409,#16411,.T.);
#16409 = VERTEX_POINT('',#16410);
#16410 = CARTESIAN_POINT('',(22.575,15.475,1.635));
#16411 = LINE('',#16412,#16413);
#16412 = CARTESIAN_POINT('',(22.575,15.475,1.6));
#16413 = VECTOR('',#16414,1.);
#16414 = DIRECTION('',(0.,0.,1.));
#16415 = ORIENTED_EDGE('',*,*,#16416,.F.);
#16416 = EDGE_CURVE('',#16393,#16409,#16417,.T.);
#16417 = LINE('',#16418,#16419);
#16418 = CARTESIAN_POINT('',(22.575,14.525,1.635));
#16419 = VECTOR('',#16420,1.);
#16420 = DIRECTION('',(0.,1.,0.));
#16421 = PLANE('',#16422);
#16422 = AXIS2_PLACEMENT_3D('',#16423,#16424,#16425);
#16423 = CARTESIAN_POINT('',(22.575,14.525,1.6));
#16424 = DIRECTION('',(1.,0.,0.));
#16425 = DIRECTION('',(0.,0.,1.));
#16426 = ADVANCED_FACE('',(#16427),#16443,.F.);
#16427 = FACE_BOUND('',#16428,.F.);
#16428 = EDGE_LOOP('',(#16429,#16435,#16436,#16442));
#16429 = ORIENTED_EDGE('',*,*,#16430,.F.);
#16430 = EDGE_CURVE('',#16351,#16391,#16431,.T.);
#16431 = LINE('',#16432,#16433);
#16432 = CARTESIAN_POINT('',(21.775,14.525,1.6));
#16433 = VECTOR('',#16434,1.);
#16434 = DIRECTION('',(1.,0.,0.));
#16435 = ORIENTED_EDGE('',*,*,#16350,.T.);
#16436 = ORIENTED_EDGE('',*,*,#16437,.T.);
#16437 = EDGE_CURVE('',#16353,#16393,#16438,.T.);
#16438 = LINE('',#16439,#16440);
#16439 = CARTESIAN_POINT('',(21.775,14.525,1.635));
#16440 = VECTOR('',#16441,1.);
#16441 = DIRECTION('',(1.,0.,0.));
#16442 = ORIENTED_EDGE('',*,*,#16390,.F.);
#16443 = PLANE('',#16444);
#16444 = AXIS2_PLACEMENT_3D('',#16445,#16446,#16447);
#16445 = CARTESIAN_POINT('',(21.775,14.525,1.6));
#16446 = DIRECTION('',(0.,1.,0.));
#16447 = DIRECTION('',(0.,0.,1.));
#16448 = ADVANCED_FACE('',(#16449),#16465,.T.);
#16449 = FACE_BOUND('',#16450,.T.);
#16450 = EDGE_LOOP('',(#16451,#16457,#16458,#16464));
#16451 = ORIENTED_EDGE('',*,*,#16452,.F.);
#16452 = EDGE_CURVE('',#16361,#16401,#16453,.T.);
#16453 = LINE('',#16454,#16455);
#16454 = CARTESIAN_POINT('',(21.775,15.475,1.6));
#16455 = VECTOR('',#16456,1.);
#16456 = DIRECTION('',(1.,0.,0.));
#16457 = ORIENTED_EDGE('',*,*,#16368,.T.);
#16458 = ORIENTED_EDGE('',*,*,#16459,.T.);
#16459 = EDGE_CURVE('',#16369,#16409,#16460,.T.);
#16460 = LINE('',#16461,#16462);
#16461 = CARTESIAN_POINT('',(21.775,15.475,1.635));
#16462 = VECTOR('',#16463,1.);
#16463 = DIRECTION('',(1.,0.,0.));
#16464 = ORIENTED_EDGE('',*,*,#16408,.F.);
#16465 = PLANE('',#16466);
#16466 = AXIS2_PLACEMENT_3D('',#16467,#16468,#16469);
#16467 = CARTESIAN_POINT('',(21.775,15.475,1.6));
#16468 = DIRECTION('',(0.,1.,0.));
#16469 = DIRECTION('',(0.,0.,1.));
#16470 = ADVANCED_FACE('',(#16471),#16477,.F.);
#16471 = FACE_BOUND('',#16472,.F.);
#16472 = EDGE_LOOP('',(#16473,#16474,#16475,#16476));
#16473 = ORIENTED_EDGE('',*,*,#16360,.F.);
#16474 = ORIENTED_EDGE('',*,*,#16430,.T.);
#16475 = ORIENTED_EDGE('',*,*,#16400,.T.);
#16476 = ORIENTED_EDGE('',*,*,#16452,.F.);
#16477 = PLANE('',#16478);
#16478 = AXIS2_PLACEMENT_3D('',#16479,#16480,#16481);
#16479 = CARTESIAN_POINT('',(21.775,14.525,1.6));
#16480 = DIRECTION('',(0.,0.,1.));
#16481 = DIRECTION('',(1.,0.,0.));
#16482 = ADVANCED_FACE('',(#16483),#16489,.T.);
#16483 = FACE_BOUND('',#16484,.T.);
#16484 = EDGE_LOOP('',(#16485,#16486,#16487,#16488));
#16485 = ORIENTED_EDGE('',*,*,#16376,.F.);
#16486 = ORIENTED_EDGE('',*,*,#16437,.T.);
#16487 = ORIENTED_EDGE('',*,*,#16416,.T.);
#16488 = ORIENTED_EDGE('',*,*,#16459,.F.);
#16489 = PLANE('',#16490);
#16490 = AXIS2_PLACEMENT_3D('',#16491,#16492,#16493);
#16491 = CARTESIAN_POINT('',(21.775,14.525,1.635));
#16492 = DIRECTION('',(0.,0.,1.));
#16493 = DIRECTION('',(1.,0.,0.));
#16494 = MANIFOLD_SOLID_BREP('',#16495);
#16495 = CLOSED_SHELL('',(#16496,#16536,#16576,#16598,#16620,#16632));
#16496 = ADVANCED_FACE('',(#16497),#16531,.F.);
#16497 = FACE_BOUND('',#16498,.F.);
#16498 = EDGE_LOOP('',(#16499,#16509,#16517,#16525));
#16499 = ORIENTED_EDGE('',*,*,#16500,.F.);
#16500 = EDGE_CURVE('',#16501,#16503,#16505,.T.);
#16501 = VERTEX_POINT('',#16502);
#16502 = CARTESIAN_POINT('',(23.425,14.525,1.6));
#16503 = VERTEX_POINT('',#16504);
#16504 = CARTESIAN_POINT('',(23.425,14.525,1.635));
#16505 = LINE('',#16506,#16507);
#16506 = CARTESIAN_POINT('',(23.425,14.525,1.6));
#16507 = VECTOR('',#16508,1.);
#16508 = DIRECTION('',(0.,0.,1.));
#16509 = ORIENTED_EDGE('',*,*,#16510,.T.);
#16510 = EDGE_CURVE('',#16501,#16511,#16513,.T.);
#16511 = VERTEX_POINT('',#16512);
#16512 = CARTESIAN_POINT('',(23.425,15.475,1.6));
#16513 = LINE('',#16514,#16515);
#16514 = CARTESIAN_POINT('',(23.425,14.525,1.6));
#16515 = VECTOR('',#16516,1.);
#16516 = DIRECTION('',(0.,1.,0.));
#16517 = ORIENTED_EDGE('',*,*,#16518,.T.);
#16518 = EDGE_CURVE('',#16511,#16519,#16521,.T.);
#16519 = VERTEX_POINT('',#16520);
#16520 = CARTESIAN_POINT('',(23.425,15.475,1.635));
#16521 = LINE('',#16522,#16523);
#16522 = CARTESIAN_POINT('',(23.425,15.475,1.6));
#16523 = VECTOR('',#16524,1.);
#16524 = DIRECTION('',(0.,0.,1.));
#16525 = ORIENTED_EDGE('',*,*,#16526,.F.);
#16526 = EDGE_CURVE('',#16503,#16519,#16527,.T.);
#16527 = LINE('',#16528,#16529);
#16528 = CARTESIAN_POINT('',(23.425,14.525,1.635));
#16529 = VECTOR('',#16530,1.);
#16530 = DIRECTION('',(0.,1.,0.));
#16531 = PLANE('',#16532);
#16532 = AXIS2_PLACEMENT_3D('',#16533,#16534,#16535);
#16533 = CARTESIAN_POINT('',(23.425,14.525,1.6));
#16534 = DIRECTION('',(1.,0.,0.));
#16535 = DIRECTION('',(0.,0.,1.));
#16536 = ADVANCED_FACE('',(#16537),#16571,.T.);
#16537 = FACE_BOUND('',#16538,.T.);
#16538 = EDGE_LOOP('',(#16539,#16549,#16557,#16565));
#16539 = ORIENTED_EDGE('',*,*,#16540,.F.);
#16540 = EDGE_CURVE('',#16541,#16543,#16545,.T.);
#16541 = VERTEX_POINT('',#16542);
#16542 = CARTESIAN_POINT('',(24.225,14.525,1.6));
#16543 = VERTEX_POINT('',#16544);
#16544 = CARTESIAN_POINT('',(24.225,14.525,1.635));
#16545 = LINE('',#16546,#16547);
#16546 = CARTESIAN_POINT('',(24.225,14.525,1.6));
#16547 = VECTOR('',#16548,1.);
#16548 = DIRECTION('',(0.,0.,1.));
#16549 = ORIENTED_EDGE('',*,*,#16550,.T.);
#16550 = EDGE_CURVE('',#16541,#16551,#16553,.T.);
#16551 = VERTEX_POINT('',#16552);
#16552 = CARTESIAN_POINT('',(24.225,15.475,1.6));
#16553 = LINE('',#16554,#16555);
#16554 = CARTESIAN_POINT('',(24.225,14.525,1.6));
#16555 = VECTOR('',#16556,1.);
#16556 = DIRECTION('',(0.,1.,0.));
#16557 = ORIENTED_EDGE('',*,*,#16558,.T.);
#16558 = EDGE_CURVE('',#16551,#16559,#16561,.T.);
#16559 = VERTEX_POINT('',#16560);
#16560 = CARTESIAN_POINT('',(24.225,15.475,1.635));
#16561 = LINE('',#16562,#16563);
#16562 = CARTESIAN_POINT('',(24.225,15.475,1.6));
#16563 = VECTOR('',#16564,1.);
#16564 = DIRECTION('',(0.,0.,1.));
#16565 = ORIENTED_EDGE('',*,*,#16566,.F.);
#16566 = EDGE_CURVE('',#16543,#16559,#16567,.T.);
#16567 = LINE('',#16568,#16569);
#16568 = CARTESIAN_POINT('',(24.225,14.525,1.635));
#16569 = VECTOR('',#16570,1.);
#16570 = DIRECTION('',(0.,1.,0.));
#16571 = PLANE('',#16572);
#16572 = AXIS2_PLACEMENT_3D('',#16573,#16574,#16575);
#16573 = CARTESIAN_POINT('',(24.225,14.525,1.6));
#16574 = DIRECTION('',(1.,0.,0.));
#16575 = DIRECTION('',(0.,0.,1.));
#16576 = ADVANCED_FACE('',(#16577),#16593,.F.);
#16577 = FACE_BOUND('',#16578,.F.);
#16578 = EDGE_LOOP('',(#16579,#16585,#16586,#16592));
#16579 = ORIENTED_EDGE('',*,*,#16580,.F.);
#16580 = EDGE_CURVE('',#16501,#16541,#16581,.T.);
#16581 = LINE('',#16582,#16583);
#16582 = CARTESIAN_POINT('',(23.425,14.525,1.6));
#16583 = VECTOR('',#16584,1.);
#16584 = DIRECTION('',(1.,0.,0.));
#16585 = ORIENTED_EDGE('',*,*,#16500,.T.);
#16586 = ORIENTED_EDGE('',*,*,#16587,.T.);
#16587 = EDGE_CURVE('',#16503,#16543,#16588,.T.);
#16588 = LINE('',#16589,#16590);
#16589 = CARTESIAN_POINT('',(23.425,14.525,1.635));
#16590 = VECTOR('',#16591,1.);
#16591 = DIRECTION('',(1.,0.,0.));
#16592 = ORIENTED_EDGE('',*,*,#16540,.F.);
#16593 = PLANE('',#16594);
#16594 = AXIS2_PLACEMENT_3D('',#16595,#16596,#16597);
#16595 = CARTESIAN_POINT('',(23.425,14.525,1.6));
#16596 = DIRECTION('',(0.,1.,0.));
#16597 = DIRECTION('',(0.,0.,1.));
#16598 = ADVANCED_FACE('',(#16599),#16615,.T.);
#16599 = FACE_BOUND('',#16600,.T.);
#16600 = EDGE_LOOP('',(#16601,#16607,#16608,#16614));
#16601 = ORIENTED_EDGE('',*,*,#16602,.F.);
#16602 = EDGE_CURVE('',#16511,#16551,#16603,.T.);
#16603 = LINE('',#16604,#16605);
#16604 = CARTESIAN_POINT('',(23.425,15.475,1.6));
#16605 = VECTOR('',#16606,1.);
#16606 = DIRECTION('',(1.,0.,0.));
#16607 = ORIENTED_EDGE('',*,*,#16518,.T.);
#16608 = ORIENTED_EDGE('',*,*,#16609,.T.);
#16609 = EDGE_CURVE('',#16519,#16559,#16610,.T.);
#16610 = LINE('',#16611,#16612);
#16611 = CARTESIAN_POINT('',(23.425,15.475,1.635));
#16612 = VECTOR('',#16613,1.);
#16613 = DIRECTION('',(1.,0.,0.));
#16614 = ORIENTED_EDGE('',*,*,#16558,.F.);
#16615 = PLANE('',#16616);
#16616 = AXIS2_PLACEMENT_3D('',#16617,#16618,#16619);
#16617 = CARTESIAN_POINT('',(23.425,15.475,1.6));
#16618 = DIRECTION('',(0.,1.,0.));
#16619 = DIRECTION('',(0.,0.,1.));
#16620 = ADVANCED_FACE('',(#16621),#16627,.F.);
#16621 = FACE_BOUND('',#16622,.F.);
#16622 = EDGE_LOOP('',(#16623,#16624,#16625,#16626));
#16623 = ORIENTED_EDGE('',*,*,#16510,.F.);
#16624 = ORIENTED_EDGE('',*,*,#16580,.T.);
#16625 = ORIENTED_EDGE('',*,*,#16550,.T.);
#16626 = ORIENTED_EDGE('',*,*,#16602,.F.);
#16627 = PLANE('',#16628);
#16628 = AXIS2_PLACEMENT_3D('',#16629,#16630,#16631);
#16629 = CARTESIAN_POINT('',(23.425,14.525,1.6));
#16630 = DIRECTION('',(0.,0.,1.));
#16631 = DIRECTION('',(1.,0.,0.));
#16632 = ADVANCED_FACE('',(#16633),#16639,.T.);
#16633 = FACE_BOUND('',#16634,.T.);
#16634 = EDGE_LOOP('',(#16635,#16636,#16637,#16638));
#16635 = ORIENTED_EDGE('',*,*,#16526,.F.);
#16636 = ORIENTED_EDGE('',*,*,#16587,.T.);
#16637 = ORIENTED_EDGE('',*,*,#16566,.T.);
#16638 = ORIENTED_EDGE('',*,*,#16609,.F.);
#16639 = PLANE('',#16640);
#16640 = AXIS2_PLACEMENT_3D('',#16641,#16642,#16643);
#16641 = CARTESIAN_POINT('',(23.425,14.525,1.635));
#16642 = DIRECTION('',(0.,0.,1.));
#16643 = DIRECTION('',(1.,0.,0.));
#16644 = MANIFOLD_SOLID_BREP('',#16645);
#16645 = CLOSED_SHELL('',(#16646,#16686,#16726,#16748,#16770,#16782));
#16646 = ADVANCED_FACE('',(#16647),#16681,.F.);
#16647 = FACE_BOUND('',#16648,.F.);
#16648 = EDGE_LOOP('',(#16649,#16659,#16667,#16675));
#16649 = ORIENTED_EDGE('',*,*,#16650,.F.);
#16650 = EDGE_CURVE('',#16651,#16653,#16655,.T.);
#16651 = VERTEX_POINT('',#16652);
#16652 = CARTESIAN_POINT('',(21.15,21.5375,1.6));
#16653 = VERTEX_POINT('',#16654);
#16654 = CARTESIAN_POINT('',(21.15,21.5375,2.15));
#16655 = LINE('',#16656,#16657);
#16656 = CARTESIAN_POINT('',(21.15,21.5375,1.6));
#16657 = VECTOR('',#16658,1.);
#16658 = DIRECTION('',(0.,0.,1.));
#16659 = ORIENTED_EDGE('',*,*,#16660,.T.);
#16660 = EDGE_CURVE('',#16651,#16661,#16663,.T.);
#16661 = VERTEX_POINT('',#16662);
#16662 = CARTESIAN_POINT('',(21.15,22.4625,1.6));
#16663 = LINE('',#16664,#16665);
#16664 = CARTESIAN_POINT('',(21.15,21.5375,1.6));
#16665 = VECTOR('',#16666,1.);
#16666 = DIRECTION('',(0.,1.,0.));
#16667 = ORIENTED_EDGE('',*,*,#16668,.T.);
#16668 = EDGE_CURVE('',#16661,#16669,#16671,.T.);
#16669 = VERTEX_POINT('',#16670);
#16670 = CARTESIAN_POINT('',(21.15,22.4625,2.15));
#16671 = LINE('',#16672,#16673);
#16672 = CARTESIAN_POINT('',(21.15,22.4625,1.6));
#16673 = VECTOR('',#16674,1.);
#16674 = DIRECTION('',(0.,0.,1.));
#16675 = ORIENTED_EDGE('',*,*,#16676,.F.);
#16676 = EDGE_CURVE('',#16653,#16669,#16677,.T.);
#16677 = LINE('',#16678,#16679);
#16678 = CARTESIAN_POINT('',(21.15,21.5375,2.15));
#16679 = VECTOR('',#16680,1.);
#16680 = DIRECTION('',(0.,1.,0.));
#16681 = PLANE('',#16682);
#16682 = AXIS2_PLACEMENT_3D('',#16683,#16684,#16685);
#16683 = CARTESIAN_POINT('',(21.15,21.5375,1.6));
#16684 = DIRECTION('',(1.,0.,0.));
#16685 = DIRECTION('',(0.,0.,1.));
#16686 = ADVANCED_FACE('',(#16687),#16721,.T.);
#16687 = FACE_BOUND('',#16688,.T.);
#16688 = EDGE_LOOP('',(#16689,#16699,#16707,#16715));
#16689 = ORIENTED_EDGE('',*,*,#16690,.F.);
#16690 = EDGE_CURVE('',#16691,#16693,#16695,.T.);
#16691 = VERTEX_POINT('',#16692);
#16692 = CARTESIAN_POINT('',(22.85,21.5375,1.6));
#16693 = VERTEX_POINT('',#16694);
#16694 = CARTESIAN_POINT('',(22.85,21.5375,2.15));
#16695 = LINE('',#16696,#16697);
#16696 = CARTESIAN_POINT('',(22.85,21.5375,1.6));
#16697 = VECTOR('',#16698,1.);
#16698 = DIRECTION('',(0.,0.,1.));
#16699 = ORIENTED_EDGE('',*,*,#16700,.T.);
#16700 = EDGE_CURVE('',#16691,#16701,#16703,.T.);
#16701 = VERTEX_POINT('',#16702);
#16702 = CARTESIAN_POINT('',(22.85,22.4625,1.6));
#16703 = LINE('',#16704,#16705);
#16704 = CARTESIAN_POINT('',(22.85,21.5375,1.6));
#16705 = VECTOR('',#16706,1.);
#16706 = DIRECTION('',(0.,1.,0.));
#16707 = ORIENTED_EDGE('',*,*,#16708,.T.);
#16708 = EDGE_CURVE('',#16701,#16709,#16711,.T.);
#16709 = VERTEX_POINT('',#16710);
#16710 = CARTESIAN_POINT('',(22.85,22.4625,2.15));
#16711 = LINE('',#16712,#16713);
#16712 = CARTESIAN_POINT('',(22.85,22.4625,1.6));
#16713 = VECTOR('',#16714,1.);
#16714 = DIRECTION('',(0.,0.,1.));
#16715 = ORIENTED_EDGE('',*,*,#16716,.F.);
#16716 = EDGE_CURVE('',#16693,#16709,#16717,.T.);
#16717 = LINE('',#16718,#16719);
#16718 = CARTESIAN_POINT('',(22.85,21.5375,2.15));
#16719 = VECTOR('',#16720,1.);
#16720 = DIRECTION('',(0.,1.,0.));
#16721 = PLANE('',#16722);
#16722 = AXIS2_PLACEMENT_3D('',#16723,#16724,#16725);
#16723 = CARTESIAN_POINT('',(22.85,21.5375,1.6));
#16724 = DIRECTION('',(1.,0.,0.));
#16725 = DIRECTION('',(0.,0.,1.));
#16726 = ADVANCED_FACE('',(#16727),#16743,.F.);
#16727 = FACE_BOUND('',#16728,.F.);
#16728 = EDGE_LOOP('',(#16729,#16735,#16736,#16742));
#16729 = ORIENTED_EDGE('',*,*,#16730,.F.);
#16730 = EDGE_CURVE('',#16651,#16691,#16731,.T.);
#16731 = LINE('',#16732,#16733);
#16732 = CARTESIAN_POINT('',(21.15,21.5375,1.6));
#16733 = VECTOR('',#16734,1.);
#16734 = DIRECTION('',(1.,0.,0.));
#16735 = ORIENTED_EDGE('',*,*,#16650,.T.);
#16736 = ORIENTED_EDGE('',*,*,#16737,.T.);
#16737 = EDGE_CURVE('',#16653,#16693,#16738,.T.);
#16738 = LINE('',#16739,#16740);
#16739 = CARTESIAN_POINT('',(21.15,21.5375,2.15));
#16740 = VECTOR('',#16741,1.);
#16741 = DIRECTION('',(1.,0.,0.));
#16742 = ORIENTED_EDGE('',*,*,#16690,.F.);
#16743 = PLANE('',#16744);
#16744 = AXIS2_PLACEMENT_3D('',#16745,#16746,#16747);
#16745 = CARTESIAN_POINT('',(21.15,21.5375,1.6));
#16746 = DIRECTION('',(0.,1.,0.));
#16747 = DIRECTION('',(0.,0.,1.));
#16748 = ADVANCED_FACE('',(#16749),#16765,.T.);
#16749 = FACE_BOUND('',#16750,.T.);
#16750 = EDGE_LOOP('',(#16751,#16757,#16758,#16764));
#16751 = ORIENTED_EDGE('',*,*,#16752,.F.);
#16752 = EDGE_CURVE('',#16661,#16701,#16753,.T.);
#16753 = LINE('',#16754,#16755);
#16754 = CARTESIAN_POINT('',(21.15,22.4625,1.6));
#16755 = VECTOR('',#16756,1.);
#16756 = DIRECTION('',(1.,0.,0.));
#16757 = ORIENTED_EDGE('',*,*,#16668,.T.);
#16758 = ORIENTED_EDGE('',*,*,#16759,.T.);
#16759 = EDGE_CURVE('',#16669,#16709,#16760,.T.);
#16760 = LINE('',#16761,#16762);
#16761 = CARTESIAN_POINT('',(21.15,22.4625,2.15));
#16762 = VECTOR('',#16763,1.);
#16763 = DIRECTION('',(1.,0.,0.));
#16764 = ORIENTED_EDGE('',*,*,#16708,.F.);
#16765 = PLANE('',#16766);
#16766 = AXIS2_PLACEMENT_3D('',#16767,#16768,#16769);
#16767 = CARTESIAN_POINT('',(21.15,22.4625,1.6));
#16768 = DIRECTION('',(0.,1.,0.));
#16769 = DIRECTION('',(0.,0.,1.));
#16770 = ADVANCED_FACE('',(#16771),#16777,.F.);
#16771 = FACE_BOUND('',#16772,.F.);
#16772 = EDGE_LOOP('',(#16773,#16774,#16775,#16776));
#16773 = ORIENTED_EDGE('',*,*,#16660,.F.);
#16774 = ORIENTED_EDGE('',*,*,#16730,.T.);
#16775 = ORIENTED_EDGE('',*,*,#16700,.T.);
#16776 = ORIENTED_EDGE('',*,*,#16752,.F.);
#16777 = PLANE('',#16778);
#16778 = AXIS2_PLACEMENT_3D('',#16779,#16780,#16781);
#16779 = CARTESIAN_POINT('',(21.15,21.5375,1.6));
#16780 = DIRECTION('',(0.,0.,1.));
#16781 = DIRECTION('',(1.,0.,0.));
#16782 = ADVANCED_FACE('',(#16783),#16789,.T.);
#16783 = FACE_BOUND('',#16784,.T.);
#16784 = EDGE_LOOP('',(#16785,#16786,#16787,#16788));
#16785 = ORIENTED_EDGE('',*,*,#16676,.F.);
#16786 = ORIENTED_EDGE('',*,*,#16737,.T.);
#16787 = ORIENTED_EDGE('',*,*,#16716,.T.);
#16788 = ORIENTED_EDGE('',*,*,#16759,.F.);
#16789 = PLANE('',#16790);
#16790 = AXIS2_PLACEMENT_3D('',#16791,#16792,#16793);
#16791 = CARTESIAN_POINT('',(21.15,21.5375,2.15));
#16792 = DIRECTION('',(0.,0.,1.));
#16793 = DIRECTION('',(1.,0.,0.));
#16794 = MANIFOLD_SOLID_BREP('',#16795);
#16795 = CLOSED_SHELL('',(#16796,#16836,#16876,#16898,#16920,#16932));
#16796 = ADVANCED_FACE('',(#16797),#16831,.F.);
#16797 = FACE_BOUND('',#16798,.F.);
#16798 = EDGE_LOOP('',(#16799,#16809,#16817,#16825));
#16799 = ORIENTED_EDGE('',*,*,#16800,.F.);
#16800 = EDGE_CURVE('',#16801,#16803,#16805,.T.);
#16801 = VERTEX_POINT('',#16802);
#16802 = CARTESIAN_POINT('',(20.775,21.525,1.6));
#16803 = VERTEX_POINT('',#16804);
#16804 = CARTESIAN_POINT('',(20.775,21.525,1.635));
#16805 = LINE('',#16806,#16807);
#16806 = CARTESIAN_POINT('',(20.775,21.525,1.6));
#16807 = VECTOR('',#16808,1.);
#16808 = DIRECTION('',(0.,0.,1.));
#16809 = ORIENTED_EDGE('',*,*,#16810,.T.);
#16810 = EDGE_CURVE('',#16801,#16811,#16813,.T.);
#16811 = VERTEX_POINT('',#16812);
#16812 = CARTESIAN_POINT('',(20.775,22.475,1.6));
#16813 = LINE('',#16814,#16815);
#16814 = CARTESIAN_POINT('',(20.775,21.525,1.6));
#16815 = VECTOR('',#16816,1.);
#16816 = DIRECTION('',(0.,1.,0.));
#16817 = ORIENTED_EDGE('',*,*,#16818,.T.);
#16818 = EDGE_CURVE('',#16811,#16819,#16821,.T.);
#16819 = VERTEX_POINT('',#16820);
#16820 = CARTESIAN_POINT('',(20.775,22.475,1.635));
#16821 = LINE('',#16822,#16823);
#16822 = CARTESIAN_POINT('',(20.775,22.475,1.6));
#16823 = VECTOR('',#16824,1.);
#16824 = DIRECTION('',(0.,0.,1.));
#16825 = ORIENTED_EDGE('',*,*,#16826,.F.);
#16826 = EDGE_CURVE('',#16803,#16819,#16827,.T.);
#16827 = LINE('',#16828,#16829);
#16828 = CARTESIAN_POINT('',(20.775,21.525,1.635));
#16829 = VECTOR('',#16830,1.);
#16830 = DIRECTION('',(0.,1.,0.));
#16831 = PLANE('',#16832);
#16832 = AXIS2_PLACEMENT_3D('',#16833,#16834,#16835);
#16833 = CARTESIAN_POINT('',(20.775,21.525,1.6));
#16834 = DIRECTION('',(1.,0.,0.));
#16835 = DIRECTION('',(0.,0.,1.));
#16836 = ADVANCED_FACE('',(#16837),#16871,.T.);
#16837 = FACE_BOUND('',#16838,.T.);
#16838 = EDGE_LOOP('',(#16839,#16849,#16857,#16865));
#16839 = ORIENTED_EDGE('',*,*,#16840,.F.);
#16840 = EDGE_CURVE('',#16841,#16843,#16845,.T.);
#16841 = VERTEX_POINT('',#16842);
#16842 = CARTESIAN_POINT('',(21.575,21.525,1.6));
#16843 = VERTEX_POINT('',#16844);
#16844 = CARTESIAN_POINT('',(21.575,21.525,1.635));
#16845 = LINE('',#16846,#16847);
#16846 = CARTESIAN_POINT('',(21.575,21.525,1.6));
#16847 = VECTOR('',#16848,1.);
#16848 = DIRECTION('',(0.,0.,1.));
#16849 = ORIENTED_EDGE('',*,*,#16850,.T.);
#16850 = EDGE_CURVE('',#16841,#16851,#16853,.T.);
#16851 = VERTEX_POINT('',#16852);
#16852 = CARTESIAN_POINT('',(21.575,22.475,1.6));
#16853 = LINE('',#16854,#16855);
#16854 = CARTESIAN_POINT('',(21.575,21.525,1.6));
#16855 = VECTOR('',#16856,1.);
#16856 = DIRECTION('',(0.,1.,0.));
#16857 = ORIENTED_EDGE('',*,*,#16858,.T.);
#16858 = EDGE_CURVE('',#16851,#16859,#16861,.T.);
#16859 = VERTEX_POINT('',#16860);
#16860 = CARTESIAN_POINT('',(21.575,22.475,1.635));
#16861 = LINE('',#16862,#16863);
#16862 = CARTESIAN_POINT('',(21.575,22.475,1.6));
#16863 = VECTOR('',#16864,1.);
#16864 = DIRECTION('',(0.,0.,1.));
#16865 = ORIENTED_EDGE('',*,*,#16866,.F.);
#16866 = EDGE_CURVE('',#16843,#16859,#16867,.T.);
#16867 = LINE('',#16868,#16869);
#16868 = CARTESIAN_POINT('',(21.575,21.525,1.635));
#16869 = VECTOR('',#16870,1.);
#16870 = DIRECTION('',(0.,1.,0.));
#16871 = PLANE('',#16872);
#16872 = AXIS2_PLACEMENT_3D('',#16873,#16874,#16875);
#16873 = CARTESIAN_POINT('',(21.575,21.525,1.6));
#16874 = DIRECTION('',(1.,0.,0.));
#16875 = DIRECTION('',(0.,0.,1.));
#16876 = ADVANCED_FACE('',(#16877),#16893,.F.);
#16877 = FACE_BOUND('',#16878,.F.);
#16878 = EDGE_LOOP('',(#16879,#16885,#16886,#16892));
#16879 = ORIENTED_EDGE('',*,*,#16880,.F.);
#16880 = EDGE_CURVE('',#16801,#16841,#16881,.T.);
#16881 = LINE('',#16882,#16883);
#16882 = CARTESIAN_POINT('',(20.775,21.525,1.6));
#16883 = VECTOR('',#16884,1.);
#16884 = DIRECTION('',(1.,0.,0.));
#16885 = ORIENTED_EDGE('',*,*,#16800,.T.);
#16886 = ORIENTED_EDGE('',*,*,#16887,.T.);
#16887 = EDGE_CURVE('',#16803,#16843,#16888,.T.);
#16888 = LINE('',#16889,#16890);
#16889 = CARTESIAN_POINT('',(20.775,21.525,1.635));
#16890 = VECTOR('',#16891,1.);
#16891 = DIRECTION('',(1.,0.,0.));
#16892 = ORIENTED_EDGE('',*,*,#16840,.F.);
#16893 = PLANE('',#16894);
#16894 = AXIS2_PLACEMENT_3D('',#16895,#16896,#16897);
#16895 = CARTESIAN_POINT('',(20.775,21.525,1.6));
#16896 = DIRECTION('',(0.,1.,0.));
#16897 = DIRECTION('',(0.,0.,1.));
#16898 = ADVANCED_FACE('',(#16899),#16915,.T.);
#16899 = FACE_BOUND('',#16900,.T.);
#16900 = EDGE_LOOP('',(#16901,#16907,#16908,#16914));
#16901 = ORIENTED_EDGE('',*,*,#16902,.F.);
#16902 = EDGE_CURVE('',#16811,#16851,#16903,.T.);
#16903 = LINE('',#16904,#16905);
#16904 = CARTESIAN_POINT('',(20.775,22.475,1.6));
#16905 = VECTOR('',#16906,1.);
#16906 = DIRECTION('',(1.,0.,0.));
#16907 = ORIENTED_EDGE('',*,*,#16818,.T.);
#16908 = ORIENTED_EDGE('',*,*,#16909,.T.);
#16909 = EDGE_CURVE('',#16819,#16859,#16910,.T.);
#16910 = LINE('',#16911,#16912);
#16911 = CARTESIAN_POINT('',(20.775,22.475,1.635));
#16912 = VECTOR('',#16913,1.);
#16913 = DIRECTION('',(1.,0.,0.));
#16914 = ORIENTED_EDGE('',*,*,#16858,.F.);
#16915 = PLANE('',#16916);
#16916 = AXIS2_PLACEMENT_3D('',#16917,#16918,#16919);
#16917 = CARTESIAN_POINT('',(20.775,22.475,1.6));
#16918 = DIRECTION('',(0.,1.,0.));
#16919 = DIRECTION('',(0.,0.,1.));
#16920 = ADVANCED_FACE('',(#16921),#16927,.F.);
#16921 = FACE_BOUND('',#16922,.F.);
#16922 = EDGE_LOOP('',(#16923,#16924,#16925,#16926));
#16923 = ORIENTED_EDGE('',*,*,#16810,.F.);
#16924 = ORIENTED_EDGE('',*,*,#16880,.T.);
#16925 = ORIENTED_EDGE('',*,*,#16850,.T.);
#16926 = ORIENTED_EDGE('',*,*,#16902,.F.);
#16927 = PLANE('',#16928);
#16928 = AXIS2_PLACEMENT_3D('',#16929,#16930,#16931);
#16929 = CARTESIAN_POINT('',(20.775,21.525,1.6));
#16930 = DIRECTION('',(0.,0.,1.));
#16931 = DIRECTION('',(1.,0.,0.));
#16932 = ADVANCED_FACE('',(#16933),#16939,.T.);
#16933 = FACE_BOUND('',#16934,.T.);
#16934 = EDGE_LOOP('',(#16935,#16936,#16937,#16938));
#16935 = ORIENTED_EDGE('',*,*,#16826,.F.);
#16936 = ORIENTED_EDGE('',*,*,#16887,.T.);
#16937 = ORIENTED_EDGE('',*,*,#16866,.T.);
#16938 = ORIENTED_EDGE('',*,*,#16909,.F.);
#16939 = PLANE('',#16940);
#16940 = AXIS2_PLACEMENT_3D('',#16941,#16942,#16943);
#16941 = CARTESIAN_POINT('',(20.775,21.525,1.635));
#16942 = DIRECTION('',(0.,0.,1.));
#16943 = DIRECTION('',(1.,0.,0.));
#16944 = MANIFOLD_SOLID_BREP('',#16945);
#16945 = CLOSED_SHELL('',(#16946,#16986,#17026,#17048,#17070,#17082));
#16946 = ADVANCED_FACE('',(#16947),#16981,.F.);
#16947 = FACE_BOUND('',#16948,.F.);
#16948 = EDGE_LOOP('',(#16949,#16959,#16967,#16975));
#16949 = ORIENTED_EDGE('',*,*,#16950,.F.);
#16950 = EDGE_CURVE('',#16951,#16953,#16955,.T.);
#16951 = VERTEX_POINT('',#16952);
#16952 = CARTESIAN_POINT('',(22.425,21.525,1.6));
#16953 = VERTEX_POINT('',#16954);
#16954 = CARTESIAN_POINT('',(22.425,21.525,1.635));
#16955 = LINE('',#16956,#16957);
#16956 = CARTESIAN_POINT('',(22.425,21.525,1.6));
#16957 = VECTOR('',#16958,1.);
#16958 = DIRECTION('',(0.,0.,1.));
#16959 = ORIENTED_EDGE('',*,*,#16960,.T.);
#16960 = EDGE_CURVE('',#16951,#16961,#16963,.T.);
#16961 = VERTEX_POINT('',#16962);
#16962 = CARTESIAN_POINT('',(22.425,22.475,1.6));
#16963 = LINE('',#16964,#16965);
#16964 = CARTESIAN_POINT('',(22.425,21.525,1.6));
#16965 = VECTOR('',#16966,1.);
#16966 = DIRECTION('',(0.,1.,0.));
#16967 = ORIENTED_EDGE('',*,*,#16968,.T.);
#16968 = EDGE_CURVE('',#16961,#16969,#16971,.T.);
#16969 = VERTEX_POINT('',#16970);
#16970 = CARTESIAN_POINT('',(22.425,22.475,1.635));
#16971 = LINE('',#16972,#16973);
#16972 = CARTESIAN_POINT('',(22.425,22.475,1.6));
#16973 = VECTOR('',#16974,1.);
#16974 = DIRECTION('',(0.,0.,1.));
#16975 = ORIENTED_EDGE('',*,*,#16976,.F.);
#16976 = EDGE_CURVE('',#16953,#16969,#16977,.T.);
#16977 = LINE('',#16978,#16979);
#16978 = CARTESIAN_POINT('',(22.425,21.525,1.635));
#16979 = VECTOR('',#16980,1.);
#16980 = DIRECTION('',(0.,1.,0.));
#16981 = PLANE('',#16982);
#16982 = AXIS2_PLACEMENT_3D('',#16983,#16984,#16985);
#16983 = CARTESIAN_POINT('',(22.425,21.525,1.6));
#16984 = DIRECTION('',(1.,0.,0.));
#16985 = DIRECTION('',(0.,0.,1.));
#16986 = ADVANCED_FACE('',(#16987),#17021,.T.);
#16987 = FACE_BOUND('',#16988,.T.);
#16988 = EDGE_LOOP('',(#16989,#16999,#17007,#17015));
#16989 = ORIENTED_EDGE('',*,*,#16990,.F.);
#16990 = EDGE_CURVE('',#16991,#16993,#16995,.T.);
#16991 = VERTEX_POINT('',#16992);
#16992 = CARTESIAN_POINT('',(23.225,21.525,1.6));
#16993 = VERTEX_POINT('',#16994);
#16994 = CARTESIAN_POINT('',(23.225,21.525,1.635));
#16995 = LINE('',#16996,#16997);
#16996 = CARTESIAN_POINT('',(23.225,21.525,1.6));
#16997 = VECTOR('',#16998,1.);
#16998 = DIRECTION('',(0.,0.,1.));
#16999 = ORIENTED_EDGE('',*,*,#17000,.T.);
#17000 = EDGE_CURVE('',#16991,#17001,#17003,.T.);
#17001 = VERTEX_POINT('',#17002);
#17002 = CARTESIAN_POINT('',(23.225,22.475,1.6));
#17003 = LINE('',#17004,#17005);
#17004 = CARTESIAN_POINT('',(23.225,21.525,1.6));
#17005 = VECTOR('',#17006,1.);
#17006 = DIRECTION('',(0.,1.,0.));
#17007 = ORIENTED_EDGE('',*,*,#17008,.T.);
#17008 = EDGE_CURVE('',#17001,#17009,#17011,.T.);
#17009 = VERTEX_POINT('',#17010);
#17010 = CARTESIAN_POINT('',(23.225,22.475,1.635));
#17011 = LINE('',#17012,#17013);
#17012 = CARTESIAN_POINT('',(23.225,22.475,1.6));
#17013 = VECTOR('',#17014,1.);
#17014 = DIRECTION('',(0.,0.,1.));
#17015 = ORIENTED_EDGE('',*,*,#17016,.F.);
#17016 = EDGE_CURVE('',#16993,#17009,#17017,.T.);
#17017 = LINE('',#17018,#17019);
#17018 = CARTESIAN_POINT('',(23.225,21.525,1.635));
#17019 = VECTOR('',#17020,1.);
#17020 = DIRECTION('',(0.,1.,0.));
#17021 = PLANE('',#17022);
#17022 = AXIS2_PLACEMENT_3D('',#17023,#17024,#17025);
#17023 = CARTESIAN_POINT('',(23.225,21.525,1.6));
#17024 = DIRECTION('',(1.,0.,0.));
#17025 = DIRECTION('',(0.,0.,1.));
#17026 = ADVANCED_FACE('',(#17027),#17043,.F.);
#17027 = FACE_BOUND('',#17028,.F.);
#17028 = EDGE_LOOP('',(#17029,#17035,#17036,#17042));
#17029 = ORIENTED_EDGE('',*,*,#17030,.F.);
#17030 = EDGE_CURVE('',#16951,#16991,#17031,.T.);
#17031 = LINE('',#17032,#17033);
#17032 = CARTESIAN_POINT('',(22.425,21.525,1.6));
#17033 = VECTOR('',#17034,1.);
#17034 = DIRECTION('',(1.,0.,0.));
#17035 = ORIENTED_EDGE('',*,*,#16950,.T.);
#17036 = ORIENTED_EDGE('',*,*,#17037,.T.);
#17037 = EDGE_CURVE('',#16953,#16993,#17038,.T.);
#17038 = LINE('',#17039,#17040);
#17039 = CARTESIAN_POINT('',(22.425,21.525,1.635));
#17040 = VECTOR('',#17041,1.);
#17041 = DIRECTION('',(1.,0.,0.));
#17042 = ORIENTED_EDGE('',*,*,#16990,.F.);
#17043 = PLANE('',#17044);
#17044 = AXIS2_PLACEMENT_3D('',#17045,#17046,#17047);
#17045 = CARTESIAN_POINT('',(22.425,21.525,1.6));
#17046 = DIRECTION('',(0.,1.,0.));
#17047 = DIRECTION('',(0.,0.,1.));
#17048 = ADVANCED_FACE('',(#17049),#17065,.T.);
#17049 = FACE_BOUND('',#17050,.T.);
#17050 = EDGE_LOOP('',(#17051,#17057,#17058,#17064));
#17051 = ORIENTED_EDGE('',*,*,#17052,.F.);
#17052 = EDGE_CURVE('',#16961,#17001,#17053,.T.);
#17053 = LINE('',#17054,#17055);
#17054 = CARTESIAN_POINT('',(22.425,22.475,1.6));
#17055 = VECTOR('',#17056,1.);
#17056 = DIRECTION('',(1.,0.,0.));
#17057 = ORIENTED_EDGE('',*,*,#16968,.T.);
#17058 = ORIENTED_EDGE('',*,*,#17059,.T.);
#17059 = EDGE_CURVE('',#16969,#17009,#17060,.T.);
#17060 = LINE('',#17061,#17062);
#17061 = CARTESIAN_POINT('',(22.425,22.475,1.635));
#17062 = VECTOR('',#17063,1.);
#17063 = DIRECTION('',(1.,0.,0.));
#17064 = ORIENTED_EDGE('',*,*,#17008,.F.);
#17065 = PLANE('',#17066);
#17066 = AXIS2_PLACEMENT_3D('',#17067,#17068,#17069);
#17067 = CARTESIAN_POINT('',(22.425,22.475,1.6));
#17068 = DIRECTION('',(0.,1.,0.));
#17069 = DIRECTION('',(0.,0.,1.));
#17070 = ADVANCED_FACE('',(#17071),#17077,.F.);
#17071 = FACE_BOUND('',#17072,.F.);
#17072 = EDGE_LOOP('',(#17073,#17074,#17075,#17076));
#17073 = ORIENTED_EDGE('',*,*,#16960,.F.);
#17074 = ORIENTED_EDGE('',*,*,#17030,.T.);
#17075 = ORIENTED_EDGE('',*,*,#17000,.T.);
#17076 = ORIENTED_EDGE('',*,*,#17052,.F.);
#17077 = PLANE('',#17078);
#17078 = AXIS2_PLACEMENT_3D('',#17079,#17080,#17081);
#17079 = CARTESIAN_POINT('',(22.425,21.525,1.6));
#17080 = DIRECTION('',(0.,0.,1.));
#17081 = DIRECTION('',(1.,0.,0.));
#17082 = ADVANCED_FACE('',(#17083),#17089,.T.);
#17083 = FACE_BOUND('',#17084,.T.);
#17084 = EDGE_LOOP('',(#17085,#17086,#17087,#17088));
#17085 = ORIENTED_EDGE('',*,*,#16976,.F.);
#17086 = ORIENTED_EDGE('',*,*,#17037,.T.);
#17087 = ORIENTED_EDGE('',*,*,#17016,.T.);
#17088 = ORIENTED_EDGE('',*,*,#17059,.F.);
#17089 = PLANE('',#17090);
#17090 = AXIS2_PLACEMENT_3D('',#17091,#17092,#17093);
#17091 = CARTESIAN_POINT('',(22.425,21.525,1.635));
#17092 = DIRECTION('',(0.,0.,1.));
#17093 = DIRECTION('',(1.,0.,0.));
#17094 = ( GEOMETRIC_REPRESENTATION_CONTEXT(3) 
GLOBAL_UNCERTAINTY_ASSIGNED_CONTEXT((#17098)) 
GLOBAL_UNIT_ASSIGNED_CONTEXT((#17095,#17096,#17097)) 
REPRESENTATION_CONTEXT('Context #1',
  '3D Context with UNIT and UNCERTAINTY') );
#17095 = ( LENGTH_UNIT() NAMED_UNIT(*) SI_UNIT(.MILLI.,.METRE.) );
#17096 = ( NAMED_UNIT(*) PLANE_ANGLE_UNIT() SI_UNIT($,.RADIAN.) );
#17097 = ( NAMED_UNIT(*) SI_UNIT($,.STERADIAN.) SOLID_ANGLE_UNIT() );
#17098 = UNCERTAINTY_MEASURE_WITH_UNIT(LENGTH_MEASURE(1.E-07),#17095,
  'distance_accuracy_value','confusion accuracy');
#17099 = PRODUCT_RELATED_PRODUCT_CATEGORY('part',$,(#7));
ENDSEC;
END-ISO-10303-21;
