ISO-10303-21;
HEADER;
FILE_DESCRIPTION(('FreeCAD Model'),'2;1');
FILE_NAME('Open CASCADE Shape Model','2026-09-30T01:44:43',('FreeCAD'),(
    'FreeCAD'),'Open CASCADE STEP processor 7.8','FreeCAD','Unknown');
FILE_SCHEMA(('AUTOMOTIVE_DESIGN { 1 0 10303 214 1 1 1 1 }'));
ENDSEC;
DATA;
#1 = APPLICATION_PROTOCOL_DEFINITION('international standard',
  'automotive_design',2000,#2);
#2 = APPLICATION_CONTEXT(
  'core data for automotive mechanical design processes');
#3 = SHAPE_DEFINITION_REPRESENTATION(#4,#10);
#4 = PRODUCT_DEFINITION_SHAPE('','',#5);
#5 = PRODUCT_DEFINITION('design','',#6,#9);
#6 = PRODUCT_DEFINITION_FORMATION('','',#7);
#7 = PRODUCT('Open CASCADE STEP translator 7.8 18',
  'Open CASCADE STEP translator 7.8 18','',(#8));
#8 = PRODUCT_CONTEXT('',#2,'mechanical');
#9 = PRODUCT_DEFINITION_CONTEXT('part definition',#2,'design');
#10 = ADVANCED_BREP_SHAPE_REPRESENTATION('',(#11,#15),#3736);
#11 = AXIS2_PLACEMENT_3D('',#12,#13,#14);
#12 = CARTESIAN_POINT('',(0.,0.,0.));
#13 = DIRECTION('',(0.,0.,1.));
#14 = DIRECTION('',(1.,0.,-0.));
#15 = MANIFOLD_SOLID_BREP('',#16);
#16 = CLOSED_SHELL('',(#17,#44,#96,#121,#246,#257,#283,#360,#386,#412,
    #438,#492,#509,#554,#605,#615,#666,#676,#727,#737,#788,#798,#849,
    #859,#919,#930,#956,#1001,#1027,#1072,#1098,#1143,#1169,#1214,#1240,
    #1294,#1311,#1356,#1407,#1417,#1468,#1478,#1529,#1539,#1590,#1600,
    #1651,#1661,#1721,#1732,#1758,#1803,#1829,#1874,#1891,#1950,#1961,
    #1987,#2032,#2058,#2112,#2129,#2174,#2225,#2235,#2286,#2296,#2347,
    #2357,#2408,#2418,#2469,#2479,#2539,#2550,#2576,#2621,#2647,#2692,
    #2718,#2763,#2789,#2834,#2860,#2914,#2931,#2976,#3027,#3037,#3088,
    #3098,#3149,#3159,#3210,#3220,#3271,#3281,#3341,#3352,#3378,#3423,
    #3449,#3512,#3538,#3608,#3619,#3671,#3688,#3699,#3719));
#17 = ADVANCED_FACE('',(#18),#39,.T.);
#18 = FACE_BOUND('',#19,.T.);
#19 = EDGE_LOOP('',(#20,#31,#32));
#20 = ORIENTED_EDGE('',*,*,#21,.T.);
#21 = EDGE_CURVE('',#22,#24,#26,.T.);
#22 = VERTEX_POINT('',#23);
#23 = CARTESIAN_POINT('',(20.276997600392,40.95,36.992440178475));
#24 = VERTEX_POINT('',#25);
#25 = CARTESIAN_POINT('',(20.,40.95,37.065));
#26 = CIRCLE('',#27,0.565);
#27 = AXIS2_PLACEMENT_3D('',#28,#29,#30);
#28 = CARTESIAN_POINT('',(20.,40.95,36.5));
#29 = DIRECTION('',(-2.449293598295E-16,-1.,0.));
#30 = DIRECTION('',(1.,-2.449293598295E-16,0.));
#31 = ORIENTED_EDGE('',*,*,#21,.F.);
#32 = ORIENTED_EDGE('',*,*,#33,.F.);
#33 = EDGE_CURVE('',#22,#22,#34,.T.);
#34 = CIRCLE('',#35,0.565);
#35 = AXIS2_PLACEMENT_3D('',#36,#37,#38);
#36 = CARTESIAN_POINT('',(20.,40.95,36.5));
#37 = DIRECTION('',(0.829773287317,-0.305978899698,-0.466747474116));
#38 = DIRECTION('',(0.490261239633,0.,0.871575537125));
#39 = SPHERICAL_SURFACE('',#40,0.565);
#40 = AXIS2_PLACEMENT_3D('',#41,#42,#43);
#41 = CARTESIAN_POINT('',(20.,40.95,36.5));
#42 = DIRECTION('',(0.,0.,1.));
#43 = DIRECTION('',(1.,0.,0.));
#44 = ADVANCED_FACE('',(#45),#91,.T.);
#45 = FACE_BOUND('',#46,.T.);
#46 = EDGE_LOOP('',(#47,#55,#64,#73,#82,#89,#90));
#47 = ORIENTED_EDGE('',*,*,#48,.T.);
#48 = EDGE_CURVE('',#22,#49,#51,.T.);
#49 = VERTEX_POINT('',#50);
#50 = CARTESIAN_POINT('',(28.276997600392,38.,32.492440178475));
#51 = LINE('',#52,#53);
#52 = CARTESIAN_POINT('',(20.276997600392,40.95,36.992440178475));
#53 = VECTOR('',#54,1.);
#54 = DIRECTION('',(0.829773287317,-0.305978899698,-0.466747474116));
#55 = ORIENTED_EDGE('',*,*,#56,.F.);
#56 = EDGE_CURVE('',#57,#49,#59,.T.);
#57 = VERTEX_POINT('',#58);
#58 = CARTESIAN_POINT('',(27.764417048488,38.122053782935,
    31.501172828499));
#59 = CIRCLE('',#60,0.565);
#60 = AXIS2_PLACEMENT_3D('',#61,#62,#63);
#61 = CARTESIAN_POINT('',(28.,38.,32.));
#62 = DIRECTION('',(0.829773287317,-0.305978899698,-0.466747474116));
#63 = DIRECTION('',(0.490261239633,0.,0.871575537125));
#64 = ORIENTED_EDGE('',*,*,#65,.F.);
#65 = EDGE_CURVE('',#66,#57,#68,.T.);
#66 = VERTEX_POINT('',#67);
#67 = CARTESIAN_POINT('',(27.659236008745,37.537397746649,
    31.947649100962));
#68 = ELLIPSE('',#69,0.57723784508,0.565);
#69 = AXIS2_PLACEMENT_3D('',#70,#71,#72);
#70 = CARTESIAN_POINT('',(28.,38.,32.));
#71 = DIRECTION('',(0.736198508898,-0.489403770714,-0.467435241191));
#72 = DIRECTION('',(0.533062191384,0.844877156845,-4.502543678503E-02));
#73 = ORIENTED_EDGE('',*,*,#74,.F.);
#74 = EDGE_CURVE('',#75,#66,#77,.T.);
#75 = VERTEX_POINT('',#76);
#76 = CARTESIAN_POINT('',(28.235582951512,37.877946217065,
    32.498827171501));
#77 = ELLIPSE('',#78,0.57723784508,0.565);
#78 = AXIS2_PLACEMENT_3D('',#79,#80,#81);
#79 = CARTESIAN_POINT('',(28.,38.,32.));
#80 = DIRECTION('',(0.736198508898,-0.489403770714,-0.467435241191));
#81 = DIRECTION('',(0.533062191384,0.844877156845,-4.502543678503E-02));
#82 = ORIENTED_EDGE('',*,*,#83,.F.);
#83 = EDGE_CURVE('',#49,#75,#84,.T.);
#84 = CIRCLE('',#85,0.565);
#85 = AXIS2_PLACEMENT_3D('',#86,#87,#88);
#86 = CARTESIAN_POINT('',(28.,38.,32.));
#87 = DIRECTION('',(0.829773287317,-0.305978899698,-0.466747474116));
#88 = DIRECTION('',(0.490261239633,0.,0.871575537125));
#89 = ORIENTED_EDGE('',*,*,#48,.F.);
#90 = ORIENTED_EDGE('',*,*,#33,.T.);
#91 = CYLINDRICAL_SURFACE('',#92,0.565);
#92 = AXIS2_PLACEMENT_3D('',#93,#94,#95);
#93 = CARTESIAN_POINT('',(20.,40.95,36.5));
#94 = DIRECTION('',(0.829773287317,-0.305978899698,-0.466747474116));
#95 = DIRECTION('',(0.490261239633,0.,0.871575537125));
#96 = ADVANCED_FACE('',(#97),#116,.T.);
#97 = FACE_BOUND('',#98,.T.);
#98 = EDGE_LOOP('',(#99,#108,#109));
#99 = ORIENTED_EDGE('',*,*,#100,.T.);
#100 = EDGE_CURVE('',#101,#49,#103,.T.);
#101 = VERTEX_POINT('',#102);
#102 = CARTESIAN_POINT('',(28.334090092674,38.,32.45564109777));
#103 = CIRCLE('',#104,0.565);
#104 = AXIS2_PLACEMENT_3D('',#105,#106,#107);
#105 = CARTESIAN_POINT('',(28.,38.,32.));
#106 = DIRECTION('',(-2.449293598295E-16,-1.,0.));
#107 = DIRECTION('',(1.,-2.449293598295E-16,0.));
#108 = ORIENTED_EDGE('',*,*,#83,.T.);
#109 = ORIENTED_EDGE('',*,*,#110,.F.);
#110 = EDGE_CURVE('',#101,#75,#111,.T.);
#111 = CIRCLE('',#112,0.565);
#112 = AXIS2_PLACEMENT_3D('',#113,#114,#115);
#113 = CARTESIAN_POINT('',(28.,38.,32.));
#114 = DIRECTION('',(0.611407886346,-0.652077238895,-0.44830310174));
#115 = DIRECTION('',(-0.729489490689,-0.683992019672,2.775557561563E-17)
  );
#116 = SPHERICAL_SURFACE('',#117,0.565);
#117 = AXIS2_PLACEMENT_3D('',#118,#119,#120);
#118 = CARTESIAN_POINT('',(28.,38.,32.));
#119 = DIRECTION('',(0.,0.,1.));
#120 = DIRECTION('',(1.,0.,0.));
#121 = ADVANCED_FACE('',(#122),#241,.T.);
#122 = FACE_BOUND('',#123,.T.);
#123 = EDGE_LOOP('',(#124,#125,#132,#133,#134,#142,#151,#160,#169,#224,
    #233,#240));
#124 = ORIENTED_EDGE('',*,*,#65,.T.);
#125 = ORIENTED_EDGE('',*,*,#126,.T.);
#126 = EDGE_CURVE('',#57,#101,#127,.T.);
#127 = CIRCLE('',#128,0.565);
#128 = AXIS2_PLACEMENT_3D('',#129,#130,#131);
#129 = CARTESIAN_POINT('',(28.,38.,32.));
#130 = DIRECTION('',(0.611407886346,-0.652077238895,-0.44830310174));
#131 = DIRECTION('',(-0.729489490689,-0.683992019672,2.775557561563E-17)
  );
#132 = ORIENTED_EDGE('',*,*,#110,.T.);
#133 = ORIENTED_EDGE('',*,*,#74,.T.);
#134 = ORIENTED_EDGE('',*,*,#135,.T.);
#135 = EDGE_CURVE('',#66,#136,#138,.T.);
#136 = VERTEX_POINT('',#137);
#137 = CARTESIAN_POINT('',(35.088887085094,29.613544508885,26.5));
#138 = LINE('',#139,#140);
#139 = CARTESIAN_POINT('',(27.587838437761,37.613544508885,32.));
#140 = VECTOR('',#141,1.);
#141 = DIRECTION('',(0.611407886346,-0.652077238895,-0.44830310174));
#142 = ORIENTED_EDGE('',*,*,#143,.F.);
#143 = EDGE_CURVE('',#144,#136,#146,.T.);
#144 = VERTEX_POINT('',#145);
#145 = CARTESIAN_POINT('',(35.835138740007,30.,26.95564109777));
#146 = CIRCLE('',#147,0.565);
#147 = AXIS2_PLACEMENT_3D('',#148,#149,#150);
#148 = CARTESIAN_POINT('',(35.501048647333,30.,26.5));
#149 = DIRECTION('',(0.611407886346,-0.652077238895,-0.44830310174));
#150 = DIRECTION('',(-0.729489490689,-0.683992019672,2.775557561563E-17)
  );
#151 = ORIENTED_EDGE('',*,*,#152,.F.);
#152 = EDGE_CURVE('',#153,#144,#155,.T.);
#153 = VERTEX_POINT('',#154);
#154 = CARTESIAN_POINT('',(35.852274943865,30.02556427272,
    26.941827519044));
#155 = CIRCLE('',#156,0.565);
#156 = AXIS2_PLACEMENT_3D('',#157,#158,#159);
#157 = CARTESIAN_POINT('',(35.501048647333,30.,26.5));
#158 = DIRECTION('',(0.611407886346,-0.652077238895,-0.44830310174));
#159 = DIRECTION('',(-0.729489490689,-0.683992019672,2.775557561563E-17)
  );
#160 = ORIENTED_EDGE('',*,*,#161,.F.);
#161 = EDGE_CURVE('',#162,#153,#164,.T.);
#162 = VERTEX_POINT('',#163);
#163 = CARTESIAN_POINT('',(35.386100886158,30.910232966341,
    27.062908712752));
#164 = ELLIPSE('',#165,1.446203229892,0.565);
#165 = AXIS2_PLACEMENT_3D('',#166,#167,#168);
#166 = CARTESIAN_POINT('',(35.501048647333,30.,26.5));
#167 = DIRECTION('',(0.689588306246,0.441903850773,-0.573749905936));
#168 = DIRECTION('',(0.371527046216,-0.89592061081,-0.243503414875));
#169 = ORIENTED_EDGE('',*,*,#170,.F.);
#170 = EDGE_CURVE('',#171,#162,#173,.T.);
#171 = VERTEX_POINT('',#172);
#172 = CARTESIAN_POINT('',(34.88775859537,30.807138732344,
    26.384549115296));
#173 = B_SPLINE_CURVE_WITH_KNOTS('',7,(#174,#175,#176,#177,#178,#179,
    #180,#181,#182,#183,#184,#185,#186,#187,#188,#189,#190,#191,#192,
    #193,#194,#195,#196,#197,#198,#199,#200,#201,#202,#203,#204,#205,
    #206,#207,#208,#209,#210,#211,#212,#213,#214,#215,#216,#217,#218,
    #219,#220,#221,#222,#223),.UNSPECIFIED.,.F.,.F.,(8,6,6,6,6,6,6,6,8),
  (0.,3.862825296182E-02,0.347821139737,0.423288930249,0.517587857787,
    0.603915634358,0.658789361436,0.888071595913,1.),.UNSPECIFIED.);
#174 = CARTESIAN_POINT('',(34.920974627382,30.741342807626,
    26.345148244201));
#175 = CARTESIAN_POINT('',(34.916549138486,30.749712073702,
    26.350147705101));
#176 = CARTESIAN_POINT('',(34.912177251706,30.758095357739,
    26.355156972322));
#177 = CARTESIAN_POINT('',(34.907859058669,30.766491335167,
    26.360176472681));
#178 = CARTESIAN_POINT('',(34.903594713056,30.774898701811,
    26.365206643238));
#179 = CARTESIAN_POINT('',(34.899384430599,30.783316173886,
    26.370247931298));
#180 = CARTESIAN_POINT('',(34.895228489089,30.791742488005,
    26.375300794408));
#181 = CARTESIAN_POINT('',(34.858299426296,30.8676841386,26.420906826947
    ));
#182 = CARTESIAN_POINT('',(34.82954511956,30.934504835116,
    26.461514679735));
#183 = CARTESIAN_POINT('',(34.804223392224,31.001204185907,
    26.503123517163));
#184 = CARTESIAN_POINT('',(34.782600973969,31.067917664167,
    26.546381379846));
#185 = CARTESIAN_POINT('',(34.765731101204,31.133618823212,
    26.591558796262));
#186 = CARTESIAN_POINT('',(34.755379262014,31.195981315625,
    26.638440978816));
#187 = CARTESIAN_POINT('',(34.75340020459,31.264928638575,
    26.698037491315));
#188 = CARTESIAN_POINT('',(34.753532423325,31.278089927211,
    26.709832183311));
#189 = CARTESIAN_POINT('',(34.754224874111,31.290823161098,
    26.721715998279));
#190 = CARTESIAN_POINT('',(34.755518741177,31.303060731921,
    26.73367379485));
#191 = CARTESIAN_POINT('',(34.757456657178,31.314729773857,
    26.745688431712));
#192 = CARTESIAN_POINT('',(34.760082703193,31.325752163577,
    26.757740767605));
#193 = CARTESIAN_POINT('',(34.767640446421,31.348905082204,
    26.784890051603));
#194 = CARTESIAN_POINT('',(34.77299729557,31.36066727948,26.800044843132
    ));
#195 = CARTESIAN_POINT('',(34.779586344498,31.371068415456,
    26.815131539519));
#196 = CARTESIAN_POINT('',(34.787446719391,31.379895778695,
    26.830025189305));
#197 = CARTESIAN_POINT('',(34.796584611408,31.386986804632,
    26.844617404318));
#198 = CARTESIAN_POINT('',(34.806974603777,31.392229237257,
    26.858815378032));
#199 = CARTESIAN_POINT('',(34.829167988354,31.398611683648,
    26.885106201984));
#200 = CARTESIAN_POINT('',(34.840706428442,31.400040811646,
    26.89719144191));
#201 = CARTESIAN_POINT('',(34.853106036116,31.399837982573,
    26.908741440669));
#202 = CARTESIAN_POINT('',(34.866269940073,31.398034397062,
    26.919710742288));
#203 = CARTESIAN_POINT('',(34.880076458686,31.394704005902,
    26.930064235226));
#204 = CARTESIAN_POINT('',(34.894380877926,31.389964367342,
    26.939777769749));
#205 = CARTESIAN_POINT('',(34.918320737175,31.380171991304,
    26.95459834848));
#206 = CARTESIAN_POINT('',(34.92777258363,31.375856656203,
    26.960103019275));
#207 = CARTESIAN_POINT('',(34.93735064642,31.371062120274,
    26.965360207611));
#208 = CARTESIAN_POINT('',(34.947033316411,31.365818998438,
    26.970377393679));
#209 = CARTESIAN_POINT('',(34.956799497568,31.360157899344,
    26.975162117937));
#210 = CARTESIAN_POINT('',(34.96662860696,31.354109425377,
    26.979721981115));
#211 = CARTESIAN_POINT('',(35.017749218787,31.320940715262,
    27.002209857813));
#212 = CARTESIAN_POINT('',(35.05994618349,31.287818095221,
    27.016651303591));
#213 = CARTESIAN_POINT('',(35.102064525541,31.250183581422,27.0280651555
    ));
#214 = CARTESIAN_POINT('',(35.143475206471,31.209414350252,
    27.03705193771));
#215 = CARTESIAN_POINT('',(35.183921680018,31.166367012764,
    27.044109801283));
#216 = CARTESIAN_POINT('',(35.223458229403,31.121350794217,
    27.049626631927));
#217 = CARTESIAN_POINT('',(35.281338801548,31.05106990321,
    27.055972714251));
#218 = CARTESIAN_POINT('',(35.300095963537,31.027581436836,
    27.057747635142));
#219 = CARTESIAN_POINT('',(35.318605377938,31.003700341818,
    27.059248062638));
#220 = CARTESIAN_POINT('',(35.336851745484,30.979458820287,
    27.060503366671));
#221 = CARTESIAN_POINT('',(35.354821811627,30.954879945718,
    27.061540482549));
#222 = CARTESIAN_POINT('',(35.372503547951,30.929977707097,
    27.062384417556));
#223 = CARTESIAN_POINT('',(35.389885333581,30.904757053087,
    27.063058757551));
#224 = ORIENTED_EDGE('',*,*,#225,.F.);
#225 = EDGE_CURVE('',#226,#171,#228,.T.);
#226 = VERTEX_POINT('',#227);
#227 = CARTESIAN_POINT('',(35.149822350801,29.97443572728,
    26.058172480956));
#228 = ELLIPSE('',#229,1.446203229892,0.565);
#229 = AXIS2_PLACEMENT_3D('',#230,#231,#232);
#230 = CARTESIAN_POINT('',(35.501048647333,30.,26.5));
#231 = DIRECTION('',(0.689588306246,0.441903850773,-0.573749905936));
#232 = DIRECTION('',(0.371527046216,-0.89592061081,-0.243503414875));
#233 = ORIENTED_EDGE('',*,*,#234,.F.);
#234 = EDGE_CURVE('',#136,#226,#235,.T.);
#235 = CIRCLE('',#236,0.565);
#236 = AXIS2_PLACEMENT_3D('',#237,#238,#239);
#237 = CARTESIAN_POINT('',(35.501048647333,30.,26.5));
#238 = DIRECTION('',(0.611407886346,-0.652077238895,-0.44830310174));
#239 = DIRECTION('',(-0.729489490689,-0.683992019672,2.775557561563E-17)
  );
#240 = ORIENTED_EDGE('',*,*,#135,.F.);
#241 = CYLINDRICAL_SURFACE('',#242,0.565);
#242 = AXIS2_PLACEMENT_3D('',#243,#244,#245);
#243 = CARTESIAN_POINT('',(28.,38.,32.));
#244 = DIRECTION('',(0.611407886346,-0.652077238895,-0.44830310174));
#245 = DIRECTION('',(-0.729489490689,-0.683992019672,-2.775557561563E-17
    ));
#246 = ADVANCED_FACE('',(#247),#252,.T.);
#247 = FACE_BOUND('',#248,.T.);
#248 = EDGE_LOOP('',(#249,#250,#251));
#249 = ORIENTED_EDGE('',*,*,#56,.T.);
#250 = ORIENTED_EDGE('',*,*,#100,.F.);
#251 = ORIENTED_EDGE('',*,*,#126,.F.);
#252 = SPHERICAL_SURFACE('',#253,0.565);
#253 = AXIS2_PLACEMENT_3D('',#254,#255,#256);
#254 = CARTESIAN_POINT('',(28.,38.,32.));
#255 = DIRECTION('',(0.,0.,1.));
#256 = DIRECTION('',(1.,0.,0.));
#257 = ADVANCED_FACE('',(#258),#278,.T.);
#258 = FACE_BOUND('',#259,.T.);
#259 = EDGE_LOOP('',(#260,#261,#262,#271));
#260 = ORIENTED_EDGE('',*,*,#143,.T.);
#261 = ORIENTED_EDGE('',*,*,#234,.T.);
#262 = ORIENTED_EDGE('',*,*,#263,.F.);
#263 = EDGE_CURVE('',#264,#226,#266,.T.);
#264 = VERTEX_POINT('',#265);
#265 = CARTESIAN_POINT('',(35.501048647333,30.,25.935));
#266 = CIRCLE('',#267,0.565);
#267 = AXIS2_PLACEMENT_3D('',#268,#269,#270);
#268 = CARTESIAN_POINT('',(35.501048647333,30.,26.5));
#269 = DIRECTION('',(-7.259372112247E-02,0.997361595237,0.));
#270 = DIRECTION('',(0.997361595237,7.259372112247E-02,0.));
#271 = ORIENTED_EDGE('',*,*,#272,.T.);
#272 = EDGE_CURVE('',#264,#144,#273,.T.);
#273 = CIRCLE('',#274,0.565);
#274 = AXIS2_PLACEMENT_3D('',#275,#276,#277);
#275 = CARTESIAN_POINT('',(35.501048647333,30.,26.5));
#276 = DIRECTION('',(-2.449293598295E-16,-1.,0.));
#277 = DIRECTION('',(1.,-2.449293598295E-16,0.));
#278 = SPHERICAL_SURFACE('',#279,0.565);
#279 = AXIS2_PLACEMENT_3D('',#280,#281,#282);
#280 = CARTESIAN_POINT('',(35.501048647333,30.,26.5));
#281 = DIRECTION('',(0.,0.,1.));
#282 = DIRECTION('',(1.,0.,0.));
#283 = ADVANCED_FACE('',(#284),#355,.T.);
#284 = FACE_BOUND('',#285,.T.);
#285 = EDGE_LOOP('',(#286,#295,#304,#312,#321,#330,#337,#338,#347,#354)
  );
#286 = ORIENTED_EDGE('',*,*,#287,.T.);
#287 = EDGE_CURVE('',#162,#288,#290,.T.);
#288 = VERTEX_POINT('',#289);
#289 = CARTESIAN_POINT('',(35.434074289811,30.920157432703,27.065));
#290 = ELLIPSE('',#291,0.569908382558,0.565);
#291 = AXIS2_PLACEMENT_3D('',#292,#293,#294);
#292 = CARTESIAN_POINT('',(35.434074289811,30.920157432703,26.5));
#293 = DIRECTION('',(-0.202584748515,0.979264734211,0.));
#294 = DIRECTION('',(0.979264734211,0.202584748515,0.));
#295 = ORIENTED_EDGE('',*,*,#296,.T.);
#296 = EDGE_CURVE('',#288,#297,#299,.T.);
#297 = VERTEX_POINT('',#298);
#298 = CARTESIAN_POINT('',(35.967603720851,31.106091147272,26.5));
#299 = CIRCLE('',#300,0.565);
#300 = AXIS2_PLACEMENT_3D('',#301,#302,#303);
#301 = CARTESIAN_POINT('',(35.434074289811,30.920157432703,26.5));
#302 = DIRECTION('',(-0.329086220475,0.944299877948,0.));
#303 = DIRECTION('',(0.944299877948,0.329086220475,0.));
#304 = ORIENTED_EDGE('',*,*,#305,.T.);
#305 = EDGE_CURVE('',#297,#306,#308,.T.);
#306 = VERTEX_POINT('',#307);
#307 = CARTESIAN_POINT('',(35.65934591826,31.990624704902,26.5));
#308 = LINE('',#309,#310);
#309 = CARTESIAN_POINT('',(35.967603720851,31.106091147272,26.5));
#310 = VECTOR('',#311,1.);
#311 = DIRECTION('',(-0.329086220475,0.944299877948,0.));
#312 = ORIENTED_EDGE('',*,*,#313,.F.);
#313 = EDGE_CURVE('',#314,#306,#316,.T.);
#314 = VERTEX_POINT('',#315);
#315 = CARTESIAN_POINT('',(35.125816487219,31.804690990333,27.065));
#316 = CIRCLE('',#317,0.565);
#317 = AXIS2_PLACEMENT_3D('',#318,#319,#320);
#318 = CARTESIAN_POINT('',(35.125816487219,31.804690990333,26.5));
#319 = DIRECTION('',(-0.329086220475,0.944299877948,0.));
#320 = DIRECTION('',(0.944299877948,0.329086220475,0.));
#321 = ORIENTED_EDGE('',*,*,#322,.F.);
#322 = EDGE_CURVE('',#323,#314,#325,.T.);
#323 = VERTEX_POINT('',#324);
#324 = CARTESIAN_POINT('',(35.125816487219,31.804690990333,25.935));
#325 = ELLIPSE('',#326,0.569907400416,0.565);
#326 = AXIS2_PLACEMENT_3D('',#327,#328,#329);
#327 = CARTESIAN_POINT('',(35.125816487219,31.804690990333,26.5));
#328 = DIRECTION('',(-0.449907477083,0.893075171564,0.));
#329 = DIRECTION('',(0.893075171564,0.449907477083,0.));
#330 = ORIENTED_EDGE('',*,*,#331,.F.);
#331 = EDGE_CURVE('',#306,#323,#332,.T.);
#332 = CIRCLE('',#333,0.565);
#333 = AXIS2_PLACEMENT_3D('',#334,#335,#336);
#334 = CARTESIAN_POINT('',(35.125816487219,31.804690990333,26.5));
#335 = DIRECTION('',(-0.329086220475,0.944299877948,0.));
#336 = DIRECTION('',(0.944299877948,0.329086220475,0.));
#337 = ORIENTED_EDGE('',*,*,#305,.F.);
#338 = ORIENTED_EDGE('',*,*,#339,.T.);
#339 = EDGE_CURVE('',#297,#340,#342,.T.);
#340 = VERTEX_POINT('',#341);
#341 = CARTESIAN_POINT('',(35.434074289811,30.920157432703,25.935));
#342 = CIRCLE('',#343,0.565);
#343 = AXIS2_PLACEMENT_3D('',#344,#345,#346);
#344 = CARTESIAN_POINT('',(35.434074289811,30.920157432703,26.5));
#345 = DIRECTION('',(-0.329086220475,0.944299877948,0.));
#346 = DIRECTION('',(0.944299877948,0.329086220475,0.));
#347 = ORIENTED_EDGE('',*,*,#348,.T.);
#348 = EDGE_CURVE('',#340,#171,#349,.T.);
#349 = ELLIPSE('',#350,0.569908382558,0.565);
#350 = AXIS2_PLACEMENT_3D('',#351,#352,#353);
#351 = CARTESIAN_POINT('',(35.434074289811,30.920157432703,26.5));
#352 = DIRECTION('',(-0.202584748515,0.979264734211,0.));
#353 = DIRECTION('',(0.979264734211,0.202584748515,0.));
#354 = ORIENTED_EDGE('',*,*,#170,.T.);
#355 = CYLINDRICAL_SURFACE('',#356,0.565);
#356 = AXIS2_PLACEMENT_3D('',#357,#358,#359);
#357 = CARTESIAN_POINT('',(35.434074289811,30.920157432703,26.5));
#358 = DIRECTION('',(-0.329086220475,0.944299877948,0.));
#359 = DIRECTION('',(0.944299877948,0.329086220475,0.));
#360 = ADVANCED_FACE('',(#361),#381,.T.);
#361 = FACE_BOUND('',#362,.T.);
#362 = EDGE_LOOP('',(#363,#364,#365,#374));
#363 = ORIENTED_EDGE('',*,*,#152,.T.);
#364 = ORIENTED_EDGE('',*,*,#272,.F.);
#365 = ORIENTED_EDGE('',*,*,#366,.F.);
#366 = EDGE_CURVE('',#367,#264,#369,.T.);
#367 = VERTEX_POINT('',#368);
#368 = CARTESIAN_POINT('',(36.064557948642,30.041015452434,26.5));
#369 = CIRCLE('',#370,0.565);
#370 = AXIS2_PLACEMENT_3D('',#371,#372,#373);
#371 = CARTESIAN_POINT('',(35.501048647333,30.,26.5));
#372 = DIRECTION('',(-7.259372112247E-02,0.997361595237,0.));
#373 = DIRECTION('',(0.997361595237,7.259372112247E-02,0.));
#374 = ORIENTED_EDGE('',*,*,#375,.F.);
#375 = EDGE_CURVE('',#153,#367,#376,.T.);
#376 = CIRCLE('',#377,0.565);
#377 = AXIS2_PLACEMENT_3D('',#378,#379,#380);
#378 = CARTESIAN_POINT('',(35.501048647333,30.,26.5));
#379 = DIRECTION('',(-7.259372112247E-02,0.997361595237,0.));
#380 = DIRECTION('',(0.997361595237,7.259372112247E-02,0.));
#381 = SPHERICAL_SURFACE('',#382,0.565);
#382 = AXIS2_PLACEMENT_3D('',#383,#384,#385);
#383 = CARTESIAN_POINT('',(35.501048647333,30.,26.5));
#384 = DIRECTION('',(0.,0.,1.));
#385 = DIRECTION('',(1.,0.,0.));
#386 = ADVANCED_FACE('',(#387),#407,.T.);
#387 = FACE_BOUND('',#388,.T.);
#388 = EDGE_LOOP('',(#389,#398,#405,#406));
#389 = ORIENTED_EDGE('',*,*,#390,.T.);
#390 = EDGE_CURVE('',#288,#391,#393,.T.);
#391 = VERTEX_POINT('',#392);
#392 = CARTESIAN_POINT('',(35.997583591119,30.961172885137,26.5));
#393 = CIRCLE('',#394,0.565);
#394 = AXIS2_PLACEMENT_3D('',#395,#396,#397);
#395 = CARTESIAN_POINT('',(35.434074289811,30.920157432703,26.5));
#396 = DIRECTION('',(-7.259372112247E-02,0.997361595237,0.));
#397 = DIRECTION('',(0.997361595237,7.259372112247E-02,0.));
#398 = ORIENTED_EDGE('',*,*,#399,.T.);
#399 = EDGE_CURVE('',#391,#340,#400,.T.);
#400 = CIRCLE('',#401,0.565);
#401 = AXIS2_PLACEMENT_3D('',#402,#403,#404);
#402 = CARTESIAN_POINT('',(35.434074289811,30.920157432703,26.5));
#403 = DIRECTION('',(-7.259372112247E-02,0.997361595237,0.));
#404 = DIRECTION('',(0.997361595237,7.259372112247E-02,0.));
#405 = ORIENTED_EDGE('',*,*,#339,.F.);
#406 = ORIENTED_EDGE('',*,*,#296,.F.);
#407 = SPHERICAL_SURFACE('',#408,0.565);
#408 = AXIS2_PLACEMENT_3D('',#409,#410,#411);
#409 = CARTESIAN_POINT('',(35.434074289811,30.920157432703,26.5));
#410 = DIRECTION('',(0.,0.,1.));
#411 = DIRECTION('',(1.,0.,0.));
#412 = ADVANCED_FACE('',(#413),#433,.T.);
#413 = FACE_BOUND('',#414,.T.);
#414 = EDGE_LOOP('',(#415,#416,#425,#432));
#415 = ORIENTED_EDGE('',*,*,#331,.T.);
#416 = ORIENTED_EDGE('',*,*,#417,.F.);
#417 = EDGE_CURVE('',#418,#323,#420,.T.);
#418 = VERTEX_POINT('',#419);
#419 = CARTESIAN_POINT('',(35.59277212247,32.122774996072,26.5));
#420 = CIRCLE('',#421,0.565);
#421 = AXIS2_PLACEMENT_3D('',#422,#423,#424);
#422 = CARTESIAN_POINT('',(35.125816487219,31.804690990333,26.5));
#423 = DIRECTION('',(-0.562980541131,0.826470150887,0.));
#424 = DIRECTION('',(0.826470150887,0.562980541131,0.));
#425 = ORIENTED_EDGE('',*,*,#426,.F.);
#426 = EDGE_CURVE('',#314,#418,#427,.T.);
#427 = CIRCLE('',#428,0.565);
#428 = AXIS2_PLACEMENT_3D('',#429,#430,#431);
#429 = CARTESIAN_POINT('',(35.125816487219,31.804690990333,26.5));
#430 = DIRECTION('',(-0.562980541131,0.826470150887,0.));
#431 = DIRECTION('',(0.826470150887,0.562980541131,0.));
#432 = ORIENTED_EDGE('',*,*,#313,.T.);
#433 = SPHERICAL_SURFACE('',#434,0.565);
#434 = AXIS2_PLACEMENT_3D('',#435,#436,#437);
#435 = CARTESIAN_POINT('',(35.125816487219,31.804690990333,26.5));
#436 = DIRECTION('',(0.,0.,1.));
#437 = DIRECTION('',(1.,0.,0.));
#438 = ADVANCED_FACE('',(#439),#487,.T.);
#439 = FACE_BOUND('',#440,.T.);
#440 = EDGE_LOOP('',(#441,#442,#443,#451,#460,#469,#478,#485,#486));
#441 = ORIENTED_EDGE('',*,*,#322,.T.);
#442 = ORIENTED_EDGE('',*,*,#426,.T.);
#443 = ORIENTED_EDGE('',*,*,#444,.T.);
#444 = EDGE_CURVE('',#418,#445,#447,.T.);
#445 = VERTEX_POINT('',#446);
#446 = CARTESIAN_POINT('',(35.057475726987,32.908604097475,26.5));
#447 = LINE('',#448,#449);
#448 = CARTESIAN_POINT('',(35.59277212247,32.122774996072,26.5));
#449 = VECTOR('',#450,1.);
#450 = DIRECTION('',(-0.562980541131,0.826470150887,0.));
#451 = ORIENTED_EDGE('',*,*,#452,.F.);
#452 = EDGE_CURVE('',#453,#445,#455,.T.);
#453 = VERTEX_POINT('',#454);
#454 = CARTESIAN_POINT('',(34.590520091736,32.590520091736,27.065));
#455 = CIRCLE('',#456,0.565);
#456 = AXIS2_PLACEMENT_3D('',#457,#458,#459);
#457 = CARTESIAN_POINT('',(34.590520091736,32.590520091736,26.5));
#458 = DIRECTION('',(-0.562980541131,0.826470150887,0.));
#459 = DIRECTION('',(0.826470150887,0.562980541131,0.));
#460 = ORIENTED_EDGE('',*,*,#461,.F.);
#461 = EDGE_CURVE('',#462,#453,#464,.T.);
#462 = VERTEX_POINT('',#463);
#463 = CARTESIAN_POINT('',(34.16557493351,32.210763607553,26.5));
#464 = ELLIPSE('',#465,0.569906461428,0.565);
#465 = AXIS2_PLACEMENT_3D('',#466,#467,#468);
#466 = CARTESIAN_POINT('',(34.590520091736,32.590520091736,26.5));
#467 = DIRECTION('',(-0.666348795614,0.745640183053,0.));
#468 = DIRECTION('',(0.745640183053,0.666348795614,0.));
#469 = ORIENTED_EDGE('',*,*,#470,.F.);
#470 = EDGE_CURVE('',#471,#462,#473,.T.);
#471 = VERTEX_POINT('',#472);
#472 = CARTESIAN_POINT('',(34.590520091736,32.590520091736,25.935));
#473 = ELLIPSE('',#474,0.569906461428,0.565);
#474 = AXIS2_PLACEMENT_3D('',#475,#476,#477);
#475 = CARTESIAN_POINT('',(34.590520091736,32.590520091736,26.5));
#476 = DIRECTION('',(-0.666348795614,0.745640183053,0.));
#477 = DIRECTION('',(0.745640183053,0.666348795614,0.));
#478 = ORIENTED_EDGE('',*,*,#479,.F.);
#479 = EDGE_CURVE('',#445,#471,#480,.T.);
#480 = CIRCLE('',#481,0.565);
#481 = AXIS2_PLACEMENT_3D('',#482,#483,#484);
#482 = CARTESIAN_POINT('',(34.590520091736,32.590520091736,26.5));
#483 = DIRECTION('',(-0.562980541131,0.826470150887,0.));
#484 = DIRECTION('',(0.826470150887,0.562980541131,0.));
#485 = ORIENTED_EDGE('',*,*,#444,.F.);
#486 = ORIENTED_EDGE('',*,*,#417,.T.);
#487 = CYLINDRICAL_SURFACE('',#488,0.565);
#488 = AXIS2_PLACEMENT_3D('',#489,#490,#491);
#489 = CARTESIAN_POINT('',(35.125816487219,31.804690990333,26.5));
#490 = DIRECTION('',(-0.562980541131,0.826470150887,0.));
#491 = DIRECTION('',(0.826470150887,0.562980541131,0.));
#492 = ADVANCED_FACE('',(#493),#504,.T.);
#493 = FACE_BOUND('',#494,.T.);
#494 = EDGE_LOOP('',(#495,#496,#503));
#495 = ORIENTED_EDGE('',*,*,#479,.T.);
#496 = ORIENTED_EDGE('',*,*,#497,.F.);
#497 = EDGE_CURVE('',#453,#471,#498,.T.);
#498 = CIRCLE('',#499,0.565);
#499 = AXIS2_PLACEMENT_3D('',#500,#501,#502);
#500 = CARTESIAN_POINT('',(34.590520091736,32.590520091736,26.5));
#501 = DIRECTION('',(-0.758243536863,0.651971424838,0.));
#502 = DIRECTION('',(-0.651971424838,-0.758243536863,0.));
#503 = ORIENTED_EDGE('',*,*,#452,.T.);
#504 = SPHERICAL_SURFACE('',#505,0.565);
#505 = AXIS2_PLACEMENT_3D('',#506,#507,#508);
#506 = CARTESIAN_POINT('',(34.590520091736,32.590520091736,26.5));
#507 = DIRECTION('',(0.,0.,1.));
#508 = DIRECTION('',(1.,0.,0.));
#509 = ADVANCED_FACE('',(#510),#549,.T.);
#510 = FACE_BOUND('',#511,.T.);
#511 = EDGE_LOOP('',(#512,#513,#514,#522,#531,#540,#547,#548));
#512 = ORIENTED_EDGE('',*,*,#497,.T.);
#513 = ORIENTED_EDGE('',*,*,#470,.T.);
#514 = ORIENTED_EDGE('',*,*,#515,.T.);
#515 = EDGE_CURVE('',#462,#516,#518,.T.);
#516 = VERTEX_POINT('',#517);
#517 = CARTESIAN_POINT('',(33.547069902802,32.742581666707,26.5));
#518 = LINE('',#519,#520);
#519 = CARTESIAN_POINT('',(34.222156236702,32.162112493408,26.5));
#520 = VECTOR('',#521,1.);
#521 = DIRECTION('',(-0.758243536863,0.651971424838,0.));
#522 = ORIENTED_EDGE('',*,*,#523,.F.);
#523 = EDGE_CURVE('',#524,#516,#526,.T.);
#524 = VERTEX_POINT('',#525);
#525 = CARTESIAN_POINT('',(33.858857657,33.219635905962,25.935));
#526 = ELLIPSE('',#527,0.569905563106,0.565);
#527 = AXIS2_PLACEMENT_3D('',#528,#529,#530);
#528 = CARTESIAN_POINT('',(33.858857657,33.219635905962,26.5));
#529 = DIRECTION('',(-0.837075947557,0.547086700644,0.));
#530 = DIRECTION('',(0.547086700644,0.837075947557,0.));
#531 = ORIENTED_EDGE('',*,*,#532,.F.);
#532 = EDGE_CURVE('',#533,#524,#535,.T.);
#533 = VERTEX_POINT('',#534);
#534 = CARTESIAN_POINT('',(33.858857657,33.219635905962,27.065));
#535 = CIRCLE('',#536,0.565);
#536 = AXIS2_PLACEMENT_3D('',#537,#538,#539);
#537 = CARTESIAN_POINT('',(33.858857657,33.219635905962,26.5));
#538 = DIRECTION('',(-0.758243536863,0.651971424838,0.));
#539 = DIRECTION('',(-0.651971424838,-0.758243536863,0.));
#540 = ORIENTED_EDGE('',*,*,#541,.F.);
#541 = EDGE_CURVE('',#516,#533,#542,.T.);
#542 = ELLIPSE('',#543,0.569905563106,0.565);
#543 = AXIS2_PLACEMENT_3D('',#544,#545,#546);
#544 = CARTESIAN_POINT('',(33.858857657,33.219635905962,26.5));
#545 = DIRECTION('',(-0.837075947557,0.547086700644,0.));
#546 = DIRECTION('',(0.547086700644,0.837075947557,0.));
#547 = ORIENTED_EDGE('',*,*,#515,.F.);
#548 = ORIENTED_EDGE('',*,*,#461,.T.);
#549 = CYLINDRICAL_SURFACE('',#550,0.565);
#550 = AXIS2_PLACEMENT_3D('',#551,#552,#553);
#551 = CARTESIAN_POINT('',(34.590520091736,32.590520091736,26.5));
#552 = DIRECTION('',(-0.758243536863,0.651971424838,0.));
#553 = DIRECTION('',(-0.651971424838,-0.758243536863,0.));
#554 = ADVANCED_FACE('',(#555),#600,.T.);
#555 = FACE_BOUND('',#556,.T.);
#556 = EDGE_LOOP('',(#557,#564,#565,#573,#582,#591,#598,#599));
#557 = ORIENTED_EDGE('',*,*,#558,.T.);
#558 = EDGE_CURVE('',#533,#524,#559,.T.);
#559 = CIRCLE('',#560,0.565);
#560 = AXIS2_PLACEMENT_3D('',#561,#562,#563);
#561 = CARTESIAN_POINT('',(33.858857657,33.219635905962,26.5));
#562 = DIRECTION('',(-0.9014977992,0.43278368504,0.));
#563 = DIRECTION('',(-0.43278368504,-0.9014977992,0.));
#564 = ORIENTED_EDGE('',*,*,#523,.T.);
#565 = ORIENTED_EDGE('',*,*,#566,.T.);
#566 = EDGE_CURVE('',#516,#567,#569,.T.);
#567 = VERTEX_POINT('',#568);
#568 = CARTESIAN_POINT('',(32.798971160884,33.101722787837,26.5));
#569 = LINE('',#570,#571);
#570 = CARTESIAN_POINT('',(33.614334874952,32.710289649414,26.5));
#571 = VECTOR('',#572,1.);
#572 = DIRECTION('',(-0.9014977992,0.43278368504,0.));
#573 = ORIENTED_EDGE('',*,*,#574,.F.);
#574 = EDGE_CURVE('',#575,#567,#577,.T.);
#575 = VERTEX_POINT('',#576);
#576 = CARTESIAN_POINT('',(32.976234892475,33.64335821884,25.935));
#577 = ELLIPSE('',#578,0.569904703135,0.565);
#578 = AXIS2_PLACEMENT_3D('',#579,#580,#581);
#579 = CARTESIAN_POINT('',(32.976234892475,33.64335821884,26.5));
#580 = DIRECTION('',(-0.950396492648,0.311041004955,0.));
#581 = DIRECTION('',(0.311041004955,0.950396492648,0.));
#582 = ORIENTED_EDGE('',*,*,#583,.F.);
#583 = EDGE_CURVE('',#584,#575,#586,.T.);
#584 = VERTEX_POINT('',#585);
#585 = CARTESIAN_POINT('',(32.976234892475,33.64335821884,27.065));
#586 = CIRCLE('',#587,0.565);
#587 = AXIS2_PLACEMENT_3D('',#588,#589,#590);
#588 = CARTESIAN_POINT('',(32.976234892475,33.64335821884,26.5));
#589 = DIRECTION('',(-0.9014977992,0.43278368504,0.));
#590 = DIRECTION('',(-0.43278368504,-0.9014977992,0.));
#591 = ORIENTED_EDGE('',*,*,#592,.F.);
#592 = EDGE_CURVE('',#567,#584,#593,.T.);
#593 = ELLIPSE('',#594,0.569904703135,0.565);
#594 = AXIS2_PLACEMENT_3D('',#595,#596,#597);
#595 = CARTESIAN_POINT('',(32.976234892475,33.64335821884,26.5));
#596 = DIRECTION('',(-0.950396492648,0.311041004955,0.));
#597 = DIRECTION('',(0.311041004955,0.950396492648,0.));
#598 = ORIENTED_EDGE('',*,*,#566,.F.);
#599 = ORIENTED_EDGE('',*,*,#541,.T.);
#600 = CYLINDRICAL_SURFACE('',#601,0.565);
#601 = AXIS2_PLACEMENT_3D('',#602,#603,#604);
#602 = CARTESIAN_POINT('',(33.858857657,33.219635905962,26.5));
#603 = DIRECTION('',(-0.9014977992,0.43278368504,0.));
#604 = DIRECTION('',(-0.43278368504,-0.9014977992,0.));
#605 = ADVANCED_FACE('',(#606),#610,.T.);
#606 = FACE_BOUND('',#607,.T.);
#607 = EDGE_LOOP('',(#608,#609));
#608 = ORIENTED_EDGE('',*,*,#532,.T.);
#609 = ORIENTED_EDGE('',*,*,#558,.F.);
#610 = SPHERICAL_SURFACE('',#611,0.565);
#611 = AXIS2_PLACEMENT_3D('',#612,#613,#614);
#612 = CARTESIAN_POINT('',(33.858857657,33.219635905962,26.5));
#613 = DIRECTION('',(0.,0.,1.));
#614 = DIRECTION('',(1.,0.,0.));
#615 = ADVANCED_FACE('',(#616),#661,.T.);
#616 = FACE_BOUND('',#617,.T.);
#617 = EDGE_LOOP('',(#618,#625,#626,#634,#643,#652,#659,#660));
#618 = ORIENTED_EDGE('',*,*,#619,.T.);
#619 = EDGE_CURVE('',#584,#575,#620,.T.);
#620 = CIRCLE('',#621,0.565);
#621 = AXIS2_PLACEMENT_3D('',#622,#623,#624);
#622 = CARTESIAN_POINT('',(32.976234892475,33.64335821884,26.5));
#623 = DIRECTION('',(-0.982936617263,0.183944574378,0.));
#624 = DIRECTION('',(-0.183944574378,-0.982936617263,0.));
#625 = ORIENTED_EDGE('',*,*,#574,.T.);
#626 = ORIENTED_EDGE('',*,*,#627,.T.);
#627 = EDGE_CURVE('',#567,#628,#630,.T.);
#628 = VERTEX_POINT('',#629);
#629 = CARTESIAN_POINT('',(31.969400177164,33.256966858347,26.5));
#630 = LINE('',#631,#632);
#631 = CARTESIAN_POINT('',(32.872306207952,33.087999030086,26.5));
#632 = VECTOR('',#633,1.);
#633 = DIRECTION('',(-0.982936617263,0.183944574378,6.162975822039E-33)
  );
#634 = ORIENTED_EDGE('',*,*,#635,.F.);
#635 = EDGE_CURVE('',#636,#628,#638,.T.);
#636 = VERTEX_POINT('',#637);
#637 = CARTESIAN_POINT('',(32.,33.826048647333,25.935));
#638 = ELLIPSE('',#639,0.569903879363,0.565);
#639 = AXIS2_PLACEMENT_3D('',#640,#641,#642);
#640 = CARTESIAN_POINT('',(32.,33.826048647333,26.5));
#641 = DIRECTION('',(-0.998557492927,5.369295410011E-02,0.));
#642 = DIRECTION('',(5.369295410011E-02,0.998557492927,0.));
#643 = ORIENTED_EDGE('',*,*,#644,.F.);
#644 = EDGE_CURVE('',#645,#636,#647,.T.);
#645 = VERTEX_POINT('',#646);
#646 = CARTESIAN_POINT('',(32.,33.826048647333,27.065));
#647 = CIRCLE('',#648,0.565);
#648 = AXIS2_PLACEMENT_3D('',#649,#650,#651);
#649 = CARTESIAN_POINT('',(32.,33.826048647333,26.5));
#650 = DIRECTION('',(-0.982936617263,0.183944574378,0.));
#651 = DIRECTION('',(-0.183944574378,-0.982936617263,0.));
#652 = ORIENTED_EDGE('',*,*,#653,.F.);
#653 = EDGE_CURVE('',#628,#645,#654,.T.);
#654 = ELLIPSE('',#655,0.569903879363,0.565);
#655 = AXIS2_PLACEMENT_3D('',#656,#657,#658);
#656 = CARTESIAN_POINT('',(32.,33.826048647333,26.5));
#657 = DIRECTION('',(-0.998557492927,5.369295410011E-02,0.));
#658 = DIRECTION('',(5.369295410011E-02,0.998557492927,0.));
#659 = ORIENTED_EDGE('',*,*,#627,.F.);
#660 = ORIENTED_EDGE('',*,*,#592,.T.);
#661 = CYLINDRICAL_SURFACE('',#662,0.565);
#662 = AXIS2_PLACEMENT_3D('',#663,#664,#665);
#663 = CARTESIAN_POINT('',(32.976234892475,33.64335821884,26.5));
#664 = DIRECTION('',(-0.982936617263,0.183944574378,0.));
#665 = DIRECTION('',(-0.183944574378,-0.982936617263,0.));
#666 = ADVANCED_FACE('',(#667),#671,.T.);
#667 = FACE_BOUND('',#668,.T.);
#668 = EDGE_LOOP('',(#669,#670));
#669 = ORIENTED_EDGE('',*,*,#583,.T.);
#670 = ORIENTED_EDGE('',*,*,#619,.F.);
#671 = SPHERICAL_SURFACE('',#672,0.565);
#672 = AXIS2_PLACEMENT_3D('',#673,#674,#675);
#673 = CARTESIAN_POINT('',(32.976234892475,33.64335821884,26.5));
#674 = DIRECTION('',(0.,0.,1.));
#675 = DIRECTION('',(1.,0.,0.));
#676 = ADVANCED_FACE('',(#677),#722,.T.);
#677 = FACE_BOUND('',#678,.T.);
#678 = EDGE_LOOP('',(#679,#686,#687,#695,#704,#713,#720,#721));
#679 = ORIENTED_EDGE('',*,*,#680,.T.);
#680 = EDGE_CURVE('',#645,#636,#681,.T.);
#681 = CIRCLE('',#682,0.565);
#682 = AXIS2_PLACEMENT_3D('',#683,#684,#685);
#683 = CARTESIAN_POINT('',(32.,33.826048647333,26.5));
#684 = DIRECTION('',(-0.996993697069,-7.748269487489E-02,0.));
#685 = DIRECTION('',(7.748269487489E-02,-0.996993697069,0.));
#686 = ORIENTED_EDGE('',*,*,#635,.T.);
#687 = ORIENTED_EDGE('',*,*,#688,.T.);
#688 = EDGE_CURVE('',#628,#689,#691,.T.);
#689 = VERTEX_POINT('',#690);
#690 = CARTESIAN_POINT('',(31.113875631801,33.190478627276,26.5));
#691 = LINE('',#692,#693);
#692 = CARTESIAN_POINT('',(32.043777722604,33.262747208489,26.5));
#693 = VECTOR('',#694,1.);
#694 = DIRECTION('',(-0.996993697069,-7.748269487489E-02,0.));
#695 = ORIENTED_EDGE('',*,*,#696,.F.);
#696 = EDGE_CURVE('',#697,#689,#699,.T.);
#697 = VERTEX_POINT('',#698);
#698 = CARTESIAN_POINT('',(30.995726377638,33.748000183355,25.935));
#699 = ELLIPSE('',#700,0.569903089789,0.565);
#700 = AXIS2_PLACEMENT_3D('',#701,#702,#703);
#701 = CARTESIAN_POINT('',(30.995726377638,33.748000183355,26.5));
#702 = DIRECTION('',(-0.978274317278,-0.207314640471,-0.));
#703 = DIRECTION('',(-0.207314640471,0.978274317278,0.));
#704 = ORIENTED_EDGE('',*,*,#705,.F.);
#705 = EDGE_CURVE('',#706,#697,#708,.T.);
#706 = VERTEX_POINT('',#707);
#707 = CARTESIAN_POINT('',(30.995726377638,33.748000183355,27.065));
#708 = CIRCLE('',#709,0.565);
#709 = AXIS2_PLACEMENT_3D('',#710,#711,#712);
#710 = CARTESIAN_POINT('',(30.995726377638,33.748000183355,26.5));
#711 = DIRECTION('',(-0.996993697069,-7.748269487489E-02,0.));
#712 = DIRECTION('',(7.748269487489E-02,-0.996993697069,0.));
#713 = ORIENTED_EDGE('',*,*,#714,.F.);
#714 = EDGE_CURVE('',#689,#706,#715,.T.);
#715 = ELLIPSE('',#716,0.569903089789,0.565);
#716 = AXIS2_PLACEMENT_3D('',#717,#718,#719);
#717 = CARTESIAN_POINT('',(30.995726377638,33.748000183355,26.5));
#718 = DIRECTION('',(-0.978274317278,-0.207314640471,-0.));
#719 = DIRECTION('',(-0.207314640471,0.978274317278,0.));
#720 = ORIENTED_EDGE('',*,*,#688,.F.);
#721 = ORIENTED_EDGE('',*,*,#653,.T.);
#722 = CYLINDRICAL_SURFACE('',#723,0.565);
#723 = AXIS2_PLACEMENT_3D('',#724,#725,#726);
#724 = CARTESIAN_POINT('',(32.,33.826048647333,26.5));
#725 = DIRECTION('',(-0.996993697069,-7.748269487489E-02,0.));
#726 = DIRECTION('',(7.748269487489E-02,-0.996993697069,0.));
#727 = ADVANCED_FACE('',(#728),#732,.T.);
#728 = FACE_BOUND('',#729,.T.);
#729 = EDGE_LOOP('',(#730,#731));
#730 = ORIENTED_EDGE('',*,*,#644,.T.);
#731 = ORIENTED_EDGE('',*,*,#680,.F.);
#732 = SPHERICAL_SURFACE('',#733,0.565);
#733 = AXIS2_PLACEMENT_3D('',#734,#735,#736);
#734 = CARTESIAN_POINT('',(32.,33.826048647333,26.5));
#735 = DIRECTION('',(0.,0.,1.));
#736 = DIRECTION('',(1.,0.,0.));
#737 = ADVANCED_FACE('',(#738),#783,.T.);
#738 = FACE_BOUND('',#739,.T.);
#739 = EDGE_LOOP('',(#740,#747,#748,#756,#765,#774,#781,#782));
#740 = ORIENTED_EDGE('',*,*,#741,.T.);
#741 = EDGE_CURVE('',#706,#697,#742,.T.);
#742 = CIRCLE('',#743,0.565);
#743 = AXIS2_PLACEMENT_3D('',#744,#745,#746);
#744 = CARTESIAN_POINT('',(30.995726377638,33.748000183355,26.5));
#745 = DIRECTION('',(-0.942722016586,-0.333579375027,0.));
#746 = DIRECTION('',(0.333579375027,-0.942722016586,0.));
#747 = ORIENTED_EDGE('',*,*,#696,.T.);
#748 = ORIENTED_EDGE('',*,*,#749,.T.);
#749 = EDGE_CURVE('',#689,#750,#752,.T.);
#750 = VERTEX_POINT('',#751);
#751 = CARTESIAN_POINT('',(30.291598995192,32.89951849087,26.5));
#752 = LINE('',#753,#754);
#753 = CARTESIAN_POINT('',(31.184198724529,33.215362243983,26.5));
#754 = VECTOR('',#755,1.);
#755 = DIRECTION('',(-0.942722016586,-0.333579375027,-1.232595164408E-32
    ));
#756 = ORIENTED_EDGE('',*,*,#757,.F.);
#757 = EDGE_CURVE('',#758,#750,#760,.T.);
#758 = VERTEX_POINT('',#759);
#759 = CARTESIAN_POINT('',(30.032809009667,33.407274743449,25.935));
#760 = ELLIPSE('',#761,0.569902332546,0.565);
#761 = AXIS2_PLACEMENT_3D('',#762,#763,#764);
#762 = CARTESIAN_POINT('',(30.032809009667,33.407274743449,26.5));
#763 = DIRECTION('',(-0.890953104737,-0.45409532607,-0.));
#764 = DIRECTION('',(-0.45409532607,0.890953104737,0.));
#765 = ORIENTED_EDGE('',*,*,#766,.F.);
#766 = EDGE_CURVE('',#767,#758,#769,.T.);
#767 = VERTEX_POINT('',#768);
#768 = CARTESIAN_POINT('',(30.032809009667,33.407274743449,27.065));
#769 = CIRCLE('',#770,0.565);
#770 = AXIS2_PLACEMENT_3D('',#771,#772,#773);
#771 = CARTESIAN_POINT('',(30.032809009667,33.407274743449,26.5));
#772 = DIRECTION('',(-0.942722016586,-0.333579375027,0.));
#773 = DIRECTION('',(0.333579375027,-0.942722016586,0.));
#774 = ORIENTED_EDGE('',*,*,#775,.F.);
#775 = EDGE_CURVE('',#750,#767,#776,.T.);
#776 = ELLIPSE('',#777,0.569902332546,0.565);
#777 = AXIS2_PLACEMENT_3D('',#778,#779,#780);
#778 = CARTESIAN_POINT('',(30.032809009667,33.407274743449,26.5));
#779 = DIRECTION('',(-0.890953104737,-0.45409532607,-0.));
#780 = DIRECTION('',(-0.45409532607,0.890953104737,0.));
#781 = ORIENTED_EDGE('',*,*,#749,.F.);
#782 = ORIENTED_EDGE('',*,*,#714,.T.);
#783 = CYLINDRICAL_SURFACE('',#784,0.565);
#784 = AXIS2_PLACEMENT_3D('',#785,#786,#787);
#785 = CARTESIAN_POINT('',(30.995726377638,33.748000183355,26.5));
#786 = DIRECTION('',(-0.942722016586,-0.333579375027,0.));
#787 = DIRECTION('',(0.333579375027,-0.942722016586,0.));
#788 = ADVANCED_FACE('',(#789),#793,.T.);
#789 = FACE_BOUND('',#790,.T.);
#790 = EDGE_LOOP('',(#791,#792));
#791 = ORIENTED_EDGE('',*,*,#705,.T.);
#792 = ORIENTED_EDGE('',*,*,#741,.F.);
#793 = SPHERICAL_SURFACE('',#794,0.565);
#794 = AXIS2_PLACEMENT_3D('',#795,#796,#797);
#795 = CARTESIAN_POINT('',(30.995726377638,33.748000183355,26.5));
#796 = DIRECTION('',(0.,0.,1.));
#797 = DIRECTION('',(1.,0.,0.));
#798 = ADVANCED_FACE('',(#799),#844,.T.);
#799 = FACE_BOUND('',#800,.T.);
#800 = EDGE_LOOP('',(#801,#808,#809,#817,#826,#835,#842,#843));
#801 = ORIENTED_EDGE('',*,*,#802,.T.);
#802 = EDGE_CURVE('',#767,#758,#803,.T.);
#803 = CIRCLE('',#804,0.565);
#804 = AXIS2_PLACEMENT_3D('',#805,#806,#807);
#805 = CARTESIAN_POINT('',(30.032809009667,33.407274743449,26.5));
#806 = DIRECTION('',(-0.823856133491,-0.566798969044,0.));
#807 = DIRECTION('',(0.566798969044,-0.823856133491,0.));
#808 = ORIENTED_EDGE('',*,*,#757,.T.);
#809 = ORIENTED_EDGE('',*,*,#810,.T.);
#810 = EDGE_CURVE('',#750,#811,#813,.T.);
#811 = VERTEX_POINT('',#812);
#812 = CARTESIAN_POINT('',(29.561358479682,32.39712547039,26.5));
#813 = LINE('',#814,#815);
#814 = CARTESIAN_POINT('',(30.353050427177,32.941796028026,26.5));
#815 = VECTOR('',#816,1.);
#816 = DIRECTION('',(-0.823856133491,-0.566798969044,0.));
#817 = ORIENTED_EDGE('',*,*,#818,.F.);
#818 = EDGE_CURVE('',#819,#811,#821,.T.);
#819 = VERTEX_POINT('',#820);
#820 = CARTESIAN_POINT('',(29.179670204378,32.820329795622,25.935));
#821 = ELLIPSE('',#822,0.569901605892,0.565);
#822 = AXIS2_PLACEMENT_3D('',#823,#824,#825);
#823 = CARTESIAN_POINT('',(29.179670204378,32.820329795622,26.5));
#824 = DIRECTION('',(-0.742591915615,-0.669744165233,-0.));
#825 = DIRECTION('',(-0.669744165233,0.742591915615,0.));
#826 = ORIENTED_EDGE('',*,*,#827,.F.);
#827 = EDGE_CURVE('',#828,#819,#830,.T.);
#828 = VERTEX_POINT('',#829);
#829 = CARTESIAN_POINT('',(29.179670204378,32.820329795622,27.065));
#830 = CIRCLE('',#831,0.565);
#831 = AXIS2_PLACEMENT_3D('',#832,#833,#834);
#832 = CARTESIAN_POINT('',(29.179670204378,32.820329795622,26.5));
#833 = DIRECTION('',(-0.823856133491,-0.566798969044,0.));
#834 = DIRECTION('',(0.566798969044,-0.823856133491,0.));
#835 = ORIENTED_EDGE('',*,*,#836,.F.);
#836 = EDGE_CURVE('',#811,#828,#837,.T.);
#837 = ELLIPSE('',#838,0.569901605892,0.565);
#838 = AXIS2_PLACEMENT_3D('',#839,#840,#841);
#839 = CARTESIAN_POINT('',(29.179670204378,32.820329795622,26.5));
#840 = DIRECTION('',(-0.742591915615,-0.669744165233,-0.));
#841 = DIRECTION('',(-0.669744165233,0.742591915615,0.));
#842 = ORIENTED_EDGE('',*,*,#810,.F.);
#843 = ORIENTED_EDGE('',*,*,#775,.T.);
#844 = CYLINDRICAL_SURFACE('',#845,0.565);
#845 = AXIS2_PLACEMENT_3D('',#846,#847,#848);
#846 = CARTESIAN_POINT('',(30.032809009667,33.407274743449,26.5));
#847 = DIRECTION('',(-0.823856133491,-0.566798969044,0.));
#848 = DIRECTION('',(0.566798969044,-0.823856133491,0.));
#849 = ADVANCED_FACE('',(#850),#854,.T.);
#850 = FACE_BOUND('',#851,.T.);
#851 = EDGE_LOOP('',(#852,#853));
#852 = ORIENTED_EDGE('',*,*,#766,.T.);
#853 = ORIENTED_EDGE('',*,*,#802,.F.);
#854 = SPHERICAL_SURFACE('',#855,0.565);
#855 = AXIS2_PLACEMENT_3D('',#856,#857,#858);
#856 = CARTESIAN_POINT('',(30.032809009667,33.407274743449,26.5));
#857 = DIRECTION('',(0.,0.,1.));
#858 = DIRECTION('',(1.,0.,0.));
#859 = ADVANCED_FACE('',(#860),#914,.T.);
#860 = FACE_BOUND('',#861,.T.);
#861 = EDGE_LOOP('',(#862,#863,#872,#880,#889,#898,#905,#906,#913));
#862 = ORIENTED_EDGE('',*,*,#836,.T.);
#863 = ORIENTED_EDGE('',*,*,#864,.T.);
#864 = EDGE_CURVE('',#828,#865,#867,.T.);
#865 = VERTEX_POINT('',#866);
#866 = CARTESIAN_POINT('',(28.749609889323,33.186762770958,26.5));
#867 = CIRCLE('',#868,0.565);
#868 = AXIS2_PLACEMENT_3D('',#869,#870,#871);
#869 = CARTESIAN_POINT('',(29.179670204378,32.820329795622,26.5));
#870 = DIRECTION('',(-0.648553938649,-0.761168699214,-0.));
#871 = DIRECTION('',(-0.761168699214,0.648553938649,0.));
#872 = ORIENTED_EDGE('',*,*,#873,.T.);
#873 = EDGE_CURVE('',#865,#874,#876,.T.);
#874 = VERTEX_POINT('',#875);
#875 = CARTESIAN_POINT('',(28.068845522752,32.387790632336,26.5));
#876 = LINE('',#877,#878);
#877 = CARTESIAN_POINT('',(28.749609889323,33.186762770958,26.5));
#878 = VECTOR('',#879,1.);
#879 = DIRECTION('',(-0.648553938649,-0.761168699214,0.));
#880 = ORIENTED_EDGE('',*,*,#881,.F.);
#881 = EDGE_CURVE('',#882,#874,#884,.T.);
#882 = VERTEX_POINT('',#883);
#883 = CARTESIAN_POINT('',(28.498905837808,32.021357657,27.065));
#884 = CIRCLE('',#885,0.565);
#885 = AXIS2_PLACEMENT_3D('',#886,#887,#888);
#886 = CARTESIAN_POINT('',(28.498905837808,32.021357657,26.5));
#887 = DIRECTION('',(-0.648553938649,-0.761168699214,-0.));
#888 = DIRECTION('',(-0.761168699214,0.648553938649,0.));
#889 = ORIENTED_EDGE('',*,*,#890,.F.);
#890 = EDGE_CURVE('',#891,#882,#893,.T.);
#891 = VERTEX_POINT('',#892);
#892 = CARTESIAN_POINT('',(28.498905837808,32.021357657,25.935));
#893 = ELLIPSE('',#894,0.569900908204,0.565);
#894 = AXIS2_PLACEMENT_3D('',#895,#896,#897);
#895 = CARTESIAN_POINT('',(28.498905837808,32.021357657,26.5));
#896 = DIRECTION('',(-0.543367590674,-0.839494884681,-0.));
#897 = DIRECTION('',(-0.839494884681,0.543367590674,0.));
#898 = ORIENTED_EDGE('',*,*,#899,.F.);
#899 = EDGE_CURVE('',#874,#891,#900,.T.);
#900 = CIRCLE('',#901,0.565);
#901 = AXIS2_PLACEMENT_3D('',#902,#903,#904);
#902 = CARTESIAN_POINT('',(28.498905837808,32.021357657,26.5));
#903 = DIRECTION('',(-0.648553938649,-0.761168699214,-0.));
#904 = DIRECTION('',(-0.761168699214,0.648553938649,0.));
#905 = ORIENTED_EDGE('',*,*,#873,.F.);
#906 = ORIENTED_EDGE('',*,*,#907,.T.);
#907 = EDGE_CURVE('',#865,#819,#908,.T.);
#908 = CIRCLE('',#909,0.565);
#909 = AXIS2_PLACEMENT_3D('',#910,#911,#912);
#910 = CARTESIAN_POINT('',(29.179670204378,32.820329795622,26.5));
#911 = DIRECTION('',(-0.648553938649,-0.761168699214,-0.));
#912 = DIRECTION('',(-0.761168699214,0.648553938649,0.));
#913 = ORIENTED_EDGE('',*,*,#818,.T.);
#914 = CYLINDRICAL_SURFACE('',#915,0.565);
#915 = AXIS2_PLACEMENT_3D('',#916,#917,#918);
#916 = CARTESIAN_POINT('',(29.179670204378,32.820329795622,26.5));
#917 = DIRECTION('',(-0.648553938649,-0.761168699214,0.));
#918 = DIRECTION('',(-0.761168699214,0.648553938649,0.));
#919 = ADVANCED_FACE('',(#920),#925,.T.);
#920 = FACE_BOUND('',#921,.T.);
#921 = EDGE_LOOP('',(#922,#923,#924));
#922 = ORIENTED_EDGE('',*,*,#827,.T.);
#923 = ORIENTED_EDGE('',*,*,#907,.F.);
#924 = ORIENTED_EDGE('',*,*,#864,.F.);
#925 = SPHERICAL_SURFACE('',#926,0.565);
#926 = AXIS2_PLACEMENT_3D('',#927,#928,#929);
#927 = CARTESIAN_POINT('',(29.179670204378,32.820329795622,26.5));
#928 = DIRECTION('',(0.,0.,1.));
#929 = DIRECTION('',(1.,0.,0.));
#930 = ADVANCED_FACE('',(#931),#951,.T.);
#931 = FACE_BOUND('',#932,.T.);
#932 = EDGE_LOOP('',(#933,#934,#943,#950));
#933 = ORIENTED_EDGE('',*,*,#899,.T.);
#934 = ORIENTED_EDGE('',*,*,#935,.F.);
#935 = EDGE_CURVE('',#936,#891,#938,.T.);
#936 = VERTEX_POINT('',#937);
#937 = CARTESIAN_POINT('',(27.988494745627,32.263649871028,26.5));
#938 = CIRCLE('',#939,0.565);
#939 = AXIS2_PLACEMENT_3D('',#940,#941,#942);
#940 = CARTESIAN_POINT('',(28.498905837808,32.021357657,26.5));
#941 = DIRECTION('',(-0.42883577704,-0.903382464037,-0.));
#942 = DIRECTION('',(-0.903382464037,0.42883577704,0.));
#943 = ORIENTED_EDGE('',*,*,#944,.F.);
#944 = EDGE_CURVE('',#882,#936,#945,.T.);
#945 = CIRCLE('',#946,0.565);
#946 = AXIS2_PLACEMENT_3D('',#947,#948,#949);
#947 = CARTESIAN_POINT('',(28.498905837808,32.021357657,26.5));
#948 = DIRECTION('',(-0.42883577704,-0.903382464037,-0.));
#949 = DIRECTION('',(-0.903382464037,0.42883577704,0.));
#950 = ORIENTED_EDGE('',*,*,#881,.T.);
#951 = SPHERICAL_SURFACE('',#952,0.565);
#952 = AXIS2_PLACEMENT_3D('',#953,#954,#955);
#953 = CARTESIAN_POINT('',(28.498905837808,32.021357657,26.5));
#954 = DIRECTION('',(0.,0.,1.));
#955 = DIRECTION('',(1.,0.,0.));
#956 = ADVANCED_FACE('',(#957),#996,.T.);
#957 = FACE_BOUND('',#958,.T.);
#958 = EDGE_LOOP('',(#959,#960,#961,#969,#978,#987,#994,#995));
#959 = ORIENTED_EDGE('',*,*,#890,.T.);
#960 = ORIENTED_EDGE('',*,*,#944,.T.);
#961 = ORIENTED_EDGE('',*,*,#962,.T.);
#962 = EDGE_CURVE('',#936,#963,#965,.T.);
#963 = VERTEX_POINT('',#964);
#964 = CARTESIAN_POINT('',(27.532304795435,31.302643296161,26.5));
#965 = LINE('',#966,#967);
#966 = CARTESIAN_POINT('',(27.988494745627,32.263649871028,26.5));
#967 = VECTOR('',#968,1.);
#968 = DIRECTION('',(-0.42883577704,-0.903382464037,0.));
#969 = ORIENTED_EDGE('',*,*,#970,.F.);
#970 = EDGE_CURVE('',#971,#963,#973,.T.);
#971 = VERTEX_POINT('',#972);
#972 = CARTESIAN_POINT('',(28.042715887616,31.060351082134,27.065));
#973 = CIRCLE('',#974,0.565);
#974 = AXIS2_PLACEMENT_3D('',#975,#976,#977);
#975 = CARTESIAN_POINT('',(28.042715887616,31.060351082134,26.5));
#976 = DIRECTION('',(-0.42883577704,-0.903382464037,-0.));
#977 = DIRECTION('',(-0.903382464037,0.42883577704,0.));
#978 = ORIENTED_EDGE('',*,*,#979,.F.);
#979 = EDGE_CURVE('',#980,#971,#982,.T.);
#980 = VERTEX_POINT('',#981);
#981 = CARTESIAN_POINT('',(28.042715887616,31.060351082134,25.935));
#982 = ELLIPSE('',#983,0.569900237963,0.565);
#983 = AXIS2_PLACEMENT_3D('',#984,#985,#986);
#984 = CARTESIAN_POINT('',(28.042715887616,31.060351082134,26.5));
#985 = DIRECTION('',(-0.306936828575,-0.951729889866,-0.));
#986 = DIRECTION('',(-0.951729889866,0.306936828575,0.));
#987 = ORIENTED_EDGE('',*,*,#988,.F.);
#988 = EDGE_CURVE('',#963,#980,#989,.T.);
#989 = CIRCLE('',#990,0.565);
#990 = AXIS2_PLACEMENT_3D('',#991,#992,#993);
#991 = CARTESIAN_POINT('',(28.042715887616,31.060351082134,26.5));
#992 = DIRECTION('',(-0.42883577704,-0.903382464037,-0.));
#993 = DIRECTION('',(-0.903382464037,0.42883577704,0.));
#994 = ORIENTED_EDGE('',*,*,#962,.F.);
#995 = ORIENTED_EDGE('',*,*,#935,.T.);
#996 = CYLINDRICAL_SURFACE('',#997,0.565);
#997 = AXIS2_PLACEMENT_3D('',#998,#999,#1000);
#998 = CARTESIAN_POINT('',(28.498905837808,32.021357657,26.5));
#999 = DIRECTION('',(-0.42883577704,-0.903382464037,0.));
#1000 = DIRECTION('',(-0.903382464037,0.42883577704,0.));
#1001 = ADVANCED_FACE('',(#1002),#1022,.T.);
#1002 = FACE_BOUND('',#1003,.T.);
#1003 = EDGE_LOOP('',(#1004,#1005,#1014,#1021));
#1004 = ORIENTED_EDGE('',*,*,#988,.T.);
#1005 = ORIENTED_EDGE('',*,*,#1006,.F.);
#1006 = EDGE_CURVE('',#1007,#980,#1009,.T.);
#1007 = VERTEX_POINT('',#1008);
#1008 = CARTESIAN_POINT('',(27.486919409228,31.161915222517,26.5));
#1009 = CIRCLE('',#1010,0.565);
#1010 = AXIS2_PLACEMENT_3D('',#1011,#1012,#1013);
#1011 = CARTESIAN_POINT('',(28.042715887616,31.060351082134,26.5));
#1012 = DIRECTION('',(-0.179759540501,-0.983710581217,-0.));
#1013 = DIRECTION('',(-0.983710581217,0.179759540501,0.));
#1014 = ORIENTED_EDGE('',*,*,#1015,.F.);
#1015 = EDGE_CURVE('',#971,#1007,#1016,.T.);
#1016 = CIRCLE('',#1017,0.565);
#1017 = AXIS2_PLACEMENT_3D('',#1018,#1019,#1020);
#1018 = CARTESIAN_POINT('',(28.042715887616,31.060351082134,26.5));
#1019 = DIRECTION('',(-0.179759540501,-0.983710581217,-0.));
#1020 = DIRECTION('',(-0.983710581217,0.179759540501,0.));
#1021 = ORIENTED_EDGE('',*,*,#970,.T.);
#1022 = SPHERICAL_SURFACE('',#1023,0.565);
#1023 = AXIS2_PLACEMENT_3D('',#1024,#1025,#1026);
#1024 = CARTESIAN_POINT('',(28.042715887616,31.060351082134,26.5));
#1025 = DIRECTION('',(0.,0.,1.));
#1026 = DIRECTION('',(1.,0.,0.));
#1027 = ADVANCED_FACE('',(#1028),#1067,.T.);
#1028 = FACE_BOUND('',#1029,.T.);
#1029 = EDGE_LOOP('',(#1030,#1031,#1032,#1040,#1049,#1058,#1065,#1066));
#1030 = ORIENTED_EDGE('',*,*,#979,.T.);
#1031 = ORIENTED_EDGE('',*,*,#1015,.T.);
#1032 = ORIENTED_EDGE('',*,*,#1033,.T.);
#1033 = EDGE_CURVE('',#1007,#1034,#1036,.T.);
#1034 = VERTEX_POINT('',#1035);
#1035 = CARTESIAN_POINT('',(27.293154874279,30.101564140383,26.5));
#1036 = LINE('',#1037,#1038);
#1037 = CARTESIAN_POINT('',(27.486919409228,31.161915222517,26.5));
#1038 = VECTOR('',#1039,1.);
#1039 = DIRECTION('',(-0.179759540501,-0.983710581217,0.));
#1040 = ORIENTED_EDGE('',*,*,#1041,.F.);
#1041 = EDGE_CURVE('',#1042,#1034,#1044,.T.);
#1042 = VERTEX_POINT('',#1043);
#1043 = CARTESIAN_POINT('',(27.848951352667,30.,27.065));
#1044 = CIRCLE('',#1045,0.565);
#1045 = AXIS2_PLACEMENT_3D('',#1046,#1047,#1048);
#1046 = CARTESIAN_POINT('',(27.848951352667,30.,26.5));
#1047 = DIRECTION('',(-0.179759540501,-0.983710581217,-0.));
#1048 = DIRECTION('',(-0.983710581217,0.179759540501,0.));
#1049 = ORIENTED_EDGE('',*,*,#1050,.F.);
#1050 = EDGE_CURVE('',#1051,#1042,#1053,.T.);
#1051 = VERTEX_POINT('',#1052);
#1052 = CARTESIAN_POINT('',(27.848951352667,30.,25.935));
#1053 = ELLIPSE('',#1054,0.569899593747,0.565);
#1054 = AXIS2_PLACEMENT_3D('',#1055,#1056,#1057);
#1055 = CARTESIAN_POINT('',(27.848951352667,30.,26.5));
#1056 = DIRECTION('',(-4.949951278659E-02,-0.99877414776,-0.));
#1057 = DIRECTION('',(-0.99877414776,4.949951278659E-02,0.));
#1058 = ORIENTED_EDGE('',*,*,#1059,.F.);
#1059 = EDGE_CURVE('',#1034,#1051,#1060,.T.);
#1060 = CIRCLE('',#1061,0.565);
#1061 = AXIS2_PLACEMENT_3D('',#1062,#1063,#1064);
#1062 = CARTESIAN_POINT('',(27.848951352667,30.,26.5));
#1063 = DIRECTION('',(-0.179759540501,-0.983710581217,-0.));
#1064 = DIRECTION('',(-0.983710581217,0.179759540501,0.));
#1065 = ORIENTED_EDGE('',*,*,#1033,.F.);
#1066 = ORIENTED_EDGE('',*,*,#1006,.T.);
#1067 = CYLINDRICAL_SURFACE('',#1068,0.565);
#1068 = AXIS2_PLACEMENT_3D('',#1069,#1070,#1071);
#1069 = CARTESIAN_POINT('',(28.042715887616,31.060351082134,26.5));
#1070 = DIRECTION('',(-0.179759540501,-0.983710581217,0.));
#1071 = DIRECTION('',(-0.983710581217,0.179759540501,0.));
#1072 = ADVANCED_FACE('',(#1073),#1093,.T.);
#1073 = FACE_BOUND('',#1074,.T.);
#1074 = EDGE_LOOP('',(#1075,#1076,#1085,#1092));
#1075 = ORIENTED_EDGE('',*,*,#1059,.T.);
#1076 = ORIENTED_EDGE('',*,*,#1077,.F.);
#1077 = EDGE_CURVE('',#1078,#1051,#1080,.T.);
#1078 = VERTEX_POINT('',#1079);
#1079 = CARTESIAN_POINT('',(27.285836076013,29.953889424219,26.5));
#1080 = CIRCLE('',#1081,0.565);
#1081 = AXIS2_PLACEMENT_3D('',#1082,#1083,#1084);
#1082 = CARTESIAN_POINT('',(27.848951352667,30.,26.5));
#1083 = DIRECTION('',(8.161163855026E-02,-0.996664206467,0.));
#1084 = DIRECTION('',(-0.996664206467,-8.161163855026E-02,0.));
#1085 = ORIENTED_EDGE('',*,*,#1086,.F.);
#1086 = EDGE_CURVE('',#1042,#1078,#1087,.T.);
#1087 = CIRCLE('',#1088,0.565);
#1088 = AXIS2_PLACEMENT_3D('',#1089,#1090,#1091);
#1089 = CARTESIAN_POINT('',(27.848951352667,30.,26.5));
#1090 = DIRECTION('',(8.161163855026E-02,-0.996664206467,0.));
#1091 = DIRECTION('',(-0.996664206467,-8.161163855026E-02,0.));
#1092 = ORIENTED_EDGE('',*,*,#1041,.T.);
#1093 = SPHERICAL_SURFACE('',#1094,0.565);
#1094 = AXIS2_PLACEMENT_3D('',#1095,#1096,#1097);
#1095 = CARTESIAN_POINT('',(27.848951352667,30.,26.5));
#1096 = DIRECTION('',(0.,0.,1.));
#1097 = DIRECTION('',(1.,0.,0.));
#1098 = ADVANCED_FACE('',(#1099),#1138,.T.);
#1099 = FACE_BOUND('',#1100,.T.);
#1100 = EDGE_LOOP('',(#1101,#1102,#1103,#1111,#1120,#1129,#1136,#1137));
#1101 = ORIENTED_EDGE('',*,*,#1050,.T.);
#1102 = ORIENTED_EDGE('',*,*,#1086,.T.);
#1103 = ORIENTED_EDGE('',*,*,#1104,.T.);
#1104 = EDGE_CURVE('',#1078,#1105,#1107,.T.);
#1105 = VERTEX_POINT('',#1106);
#1106 = CARTESIAN_POINT('',(27.374958646447,28.865499612199,26.5));
#1107 = LINE('',#1108,#1109);
#1108 = CARTESIAN_POINT('',(27.285836076013,29.953889424219,26.5));
#1109 = VECTOR('',#1110,1.);
#1110 = DIRECTION('',(8.161163855026E-02,-0.996664206467,0.));
#1111 = ORIENTED_EDGE('',*,*,#1112,.F.);
#1112 = EDGE_CURVE('',#1113,#1105,#1115,.T.);
#1113 = VERTEX_POINT('',#1114);
#1114 = CARTESIAN_POINT('',(27.938073923101,28.91161018798,27.065));
#1115 = CIRCLE('',#1116,0.565);
#1116 = AXIS2_PLACEMENT_3D('',#1117,#1118,#1119);
#1117 = CARTESIAN_POINT('',(27.938073923101,28.91161018798,26.5));
#1118 = DIRECTION('',(8.161163855026E-02,-0.996664206467,0.));
#1119 = DIRECTION('',(-0.996664206467,-8.161163855026E-02,0.));
#1120 = ORIENTED_EDGE('',*,*,#1121,.F.);
#1121 = EDGE_CURVE('',#1122,#1113,#1124,.T.);
#1122 = VERTEX_POINT('',#1123);
#1123 = CARTESIAN_POINT('',(27.938073923101,28.91161018798,25.935));
#1124 = ELLIPSE('',#1125,0.569898974228,0.565);
#1125 = AXIS2_PLACEMENT_3D('',#1126,#1127,#1128);
#1126 = CARTESIAN_POINT('',(27.938073923101,28.91161018798,26.5));
#1127 = DIRECTION('',(0.211311460736,-0.977418777475,0.));
#1128 = DIRECTION('',(-0.977418777475,-0.211311460736,0.));
#1129 = ORIENTED_EDGE('',*,*,#1130,.F.);
#1130 = EDGE_CURVE('',#1105,#1122,#1131,.T.);
#1131 = CIRCLE('',#1132,0.565);
#1132 = AXIS2_PLACEMENT_3D('',#1133,#1134,#1135);
#1133 = CARTESIAN_POINT('',(27.938073923101,28.91161018798,26.5));
#1134 = DIRECTION('',(8.161163855026E-02,-0.996664206467,0.));
#1135 = DIRECTION('',(-0.996664206467,-8.161163855026E-02,0.));
#1136 = ORIENTED_EDGE('',*,*,#1104,.F.);
#1137 = ORIENTED_EDGE('',*,*,#1077,.T.);
#1138 = CYLINDRICAL_SURFACE('',#1139,0.565);
#1139 = AXIS2_PLACEMENT_3D('',#1140,#1141,#1142);
#1140 = CARTESIAN_POINT('',(27.848951352667,30.,26.5));
#1141 = DIRECTION('',(8.161163855026E-02,-0.996664206467,0.));
#1142 = DIRECTION('',(-0.996664206467,-8.161163855026E-02,0.));
#1143 = ADVANCED_FACE('',(#1144),#1164,.T.);
#1144 = FACE_BOUND('',#1145,.T.);
#1145 = EDGE_LOOP('',(#1146,#1147,#1156,#1163));
#1146 = ORIENTED_EDGE('',*,*,#1130,.T.);
#1147 = ORIENTED_EDGE('',*,*,#1148,.F.);
#1148 = EDGE_CURVE('',#1149,#1122,#1151,.T.);
#1149 = VERTEX_POINT('',#1150);
#1150 = CARTESIAN_POINT('',(27.406200356646,28.720991434164,26.5));
#1151 = CIRCLE('',#1152,0.565);
#1152 = AXIS2_PLACEMENT_3D('',#1153,#1154,#1155);
#1153 = CARTESIAN_POINT('',(27.938073923101,28.91161018798,26.5));
#1154 = DIRECTION('',(0.337378325338,-0.941369144168,0.));
#1155 = DIRECTION('',(-0.941369144168,-0.337378325338,0.));
#1156 = ORIENTED_EDGE('',*,*,#1157,.F.);
#1157 = EDGE_CURVE('',#1113,#1149,#1158,.T.);
#1158 = CIRCLE('',#1159,0.565);
#1159 = AXIS2_PLACEMENT_3D('',#1160,#1161,#1162);
#1160 = CARTESIAN_POINT('',(27.938073923101,28.91161018798,26.5));
#1161 = DIRECTION('',(0.337378325338,-0.941369144168,0.));
#1162 = DIRECTION('',(-0.941369144168,-0.337378325338,0.));
#1163 = ORIENTED_EDGE('',*,*,#1112,.T.);
#1164 = SPHERICAL_SURFACE('',#1165,0.565);
#1165 = AXIS2_PLACEMENT_3D('',#1166,#1167,#1168);
#1166 = CARTESIAN_POINT('',(27.938073923101,28.91161018798,26.5));
#1167 = DIRECTION('',(0.,0.,1.));
#1168 = DIRECTION('',(1.,0.,0.));
#1169 = ADVANCED_FACE('',(#1170),#1209,.T.);
#1170 = FACE_BOUND('',#1171,.T.);
#1171 = EDGE_LOOP('',(#1172,#1173,#1174,#1182,#1191,#1200,#1207,#1208));
#1172 = ORIENTED_EDGE('',*,*,#1121,.T.);
#1173 = ORIENTED_EDGE('',*,*,#1157,.T.);
#1174 = ORIENTED_EDGE('',*,*,#1175,.T.);
#1175 = EDGE_CURVE('',#1149,#1176,#1178,.T.);
#1176 = VERTEX_POINT('',#1177);
#1177 = CARTESIAN_POINT('',(27.779393433866,27.679690255851,26.5));
#1178 = LINE('',#1179,#1180);
#1179 = CARTESIAN_POINT('',(27.406200356646,28.720991434164,26.5));
#1180 = VECTOR('',#1181,1.);
#1181 = DIRECTION('',(0.337378325338,-0.941369144168,0.));
#1182 = ORIENTED_EDGE('',*,*,#1183,.F.);
#1183 = EDGE_CURVE('',#1184,#1176,#1186,.T.);
#1184 = VERTEX_POINT('',#1185);
#1185 = CARTESIAN_POINT('',(28.311267000321,27.870309009667,27.065));
#1186 = CIRCLE('',#1187,0.565);
#1187 = AXIS2_PLACEMENT_3D('',#1188,#1189,#1190);
#1188 = CARTESIAN_POINT('',(28.311267000321,27.870309009667,26.5));
#1189 = DIRECTION('',(0.337378325338,-0.941369144168,0.));
#1190 = DIRECTION('',(-0.941369144168,-0.337378325338,0.));
#1191 = ORIENTED_EDGE('',*,*,#1192,.F.);
#1192 = EDGE_CURVE('',#1193,#1184,#1195,.T.);
#1193 = VERTEX_POINT('',#1194);
#1194 = CARTESIAN_POINT('',(28.311267000321,27.870309009667,25.935));
#1195 = ELLIPSE('',#1196,0.569898378159,0.565);
#1196 = AXIS2_PLACEMENT_3D('',#1197,#1198,#1199);
#1197 = CARTESIAN_POINT('',(28.311267000321,27.870309009667,26.5));
#1198 = DIRECTION('',(0.457637789663,-0.889138714415,0.));
#1199 = DIRECTION('',(-0.889138714415,-0.457637789663,0.));
#1200 = ORIENTED_EDGE('',*,*,#1201,.F.);
#1201 = EDGE_CURVE('',#1176,#1193,#1202,.T.);
#1202 = CIRCLE('',#1203,0.565);
#1203 = AXIS2_PLACEMENT_3D('',#1204,#1205,#1206);
#1204 = CARTESIAN_POINT('',(28.311267000321,27.870309009667,26.5));
#1205 = DIRECTION('',(0.337378325338,-0.941369144168,0.));
#1206 = DIRECTION('',(-0.941369144168,-0.337378325338,0.));
#1207 = ORIENTED_EDGE('',*,*,#1175,.F.);
#1208 = ORIENTED_EDGE('',*,*,#1148,.T.);
#1209 = CYLINDRICAL_SURFACE('',#1210,0.565);
#1210 = AXIS2_PLACEMENT_3D('',#1211,#1212,#1213);
#1211 = CARTESIAN_POINT('',(27.938073923101,28.91161018798,26.5));
#1212 = DIRECTION('',(0.337378325338,-0.941369144168,0.));
#1213 = DIRECTION('',(-0.941369144168,-0.337378325338,0.));
#1214 = ADVANCED_FACE('',(#1215),#1235,.T.);
#1215 = FACE_BOUND('',#1216,.T.);
#1216 = EDGE_LOOP('',(#1217,#1218,#1227,#1234));
#1217 = ORIENTED_EDGE('',*,*,#1201,.T.);
#1218 = ORIENTED_EDGE('',*,*,#1219,.F.);
#1219 = EDGE_CURVE('',#1220,#1193,#1222,.T.);
#1220 = VERTEX_POINT('',#1221);
#1221 = CARTESIAN_POINT('',(27.847049624998,27.548241891742,26.5));
#1222 = CIRCLE('',#1223,0.565);
#1223 = AXIS2_PLACEMENT_3D('',#1224,#1225,#1226);
#1224 = CARTESIAN_POINT('',(28.311267000321,27.870309009667,26.5));
#1225 = DIRECTION('',(0.570030297212,-0.821623673138,0.));
#1226 = DIRECTION('',(-0.821623673138,-0.570030297212,0.));
#1227 = ORIENTED_EDGE('',*,*,#1228,.F.);
#1228 = EDGE_CURVE('',#1184,#1220,#1229,.T.);
#1229 = CIRCLE('',#1230,0.565);
#1230 = AXIS2_PLACEMENT_3D('',#1231,#1232,#1233);
#1231 = CARTESIAN_POINT('',(28.311267000321,27.870309009667,26.5));
#1232 = DIRECTION('',(0.570030297212,-0.821623673138,0.));
#1233 = DIRECTION('',(-0.821623673138,-0.570030297212,0.));
#1234 = ORIENTED_EDGE('',*,*,#1183,.T.);
#1235 = SPHERICAL_SURFACE('',#1236,0.565);
#1236 = AXIS2_PLACEMENT_3D('',#1237,#1238,#1239);
#1237 = CARTESIAN_POINT('',(28.311267000321,27.870309009667,26.5));
#1238 = DIRECTION('',(0.,0.,1.));
#1239 = DIRECTION('',(1.,0.,0.));
#1240 = ADVANCED_FACE('',(#1241),#1289,.T.);
#1241 = FACE_BOUND('',#1242,.T.);
#1242 = EDGE_LOOP('',(#1243,#1244,#1245,#1253,#1262,#1271,#1280,#1287,
    #1288));
#1243 = ORIENTED_EDGE('',*,*,#1192,.T.);
#1244 = ORIENTED_EDGE('',*,*,#1228,.T.);
#1245 = ORIENTED_EDGE('',*,*,#1246,.T.);
#1246 = EDGE_CURVE('',#1220,#1247,#1249,.T.);
#1247 = VERTEX_POINT('',#1248);
#1248 = CARTESIAN_POINT('',(28.48564312517,26.627793382568,26.5));
#1249 = LINE('',#1250,#1251);
#1250 = CARTESIAN_POINT('',(27.847049624998,27.548241891742,26.5));
#1251 = VECTOR('',#1252,1.);
#1252 = DIRECTION('',(0.570030297212,-0.821623673138,-2.465190328816E-32
    ));
#1253 = ORIENTED_EDGE('',*,*,#1254,.F.);
#1254 = EDGE_CURVE('',#1255,#1247,#1257,.T.);
#1255 = VERTEX_POINT('',#1256);
#1256 = CARTESIAN_POINT('',(28.949860500493,26.949860500493,27.065));
#1257 = CIRCLE('',#1258,0.565);
#1258 = AXIS2_PLACEMENT_3D('',#1259,#1260,#1261);
#1259 = CARTESIAN_POINT('',(28.949860500493,26.949860500493,26.5));
#1260 = DIRECTION('',(0.570030297212,-0.821623673138,0.));
#1261 = DIRECTION('',(-0.821623673138,-0.570030297212,0.));
#1262 = ORIENTED_EDGE('',*,*,#1263,.F.);
#1263 = EDGE_CURVE('',#1264,#1255,#1266,.T.);
#1264 = VERTEX_POINT('',#1265);
#1265 = CARTESIAN_POINT('',(29.371579039915,27.333184098693,26.5));
#1266 = ELLIPSE('',#1267,0.569897804373,0.565);
#1267 = AXIS2_PLACEMENT_3D('',#1268,#1269,#1270);
#1268 = CARTESIAN_POINT('',(28.949860500493,26.949860500493,26.5));
#1269 = DIRECTION('',(0.672618134795,-0.739989759892,0.));
#1270 = DIRECTION('',(-0.739989759892,-0.672618134795,0.));
#1271 = ORIENTED_EDGE('',*,*,#1272,.F.);
#1272 = EDGE_CURVE('',#1273,#1264,#1275,.T.);
#1273 = VERTEX_POINT('',#1274);
#1274 = CARTESIAN_POINT('',(28.949860500493,26.949860500493,25.935));
#1275 = ELLIPSE('',#1276,0.569897804373,0.565);
#1276 = AXIS2_PLACEMENT_3D('',#1277,#1278,#1279);
#1277 = CARTESIAN_POINT('',(28.949860500493,26.949860500493,26.5));
#1278 = DIRECTION('',(0.672618134795,-0.739989759892,0.));
#1279 = DIRECTION('',(-0.739989759892,-0.672618134795,0.));
#1280 = ORIENTED_EDGE('',*,*,#1281,.F.);
#1281 = EDGE_CURVE('',#1247,#1273,#1282,.T.);
#1282 = CIRCLE('',#1283,0.565);
#1283 = AXIS2_PLACEMENT_3D('',#1284,#1285,#1286);
#1284 = CARTESIAN_POINT('',(28.949860500493,26.949860500493,26.5));
#1285 = DIRECTION('',(0.570030297212,-0.821623673138,0.));
#1286 = DIRECTION('',(-0.821623673138,-0.570030297212,0.));
#1287 = ORIENTED_EDGE('',*,*,#1246,.F.);
#1288 = ORIENTED_EDGE('',*,*,#1219,.T.);
#1289 = CYLINDRICAL_SURFACE('',#1290,0.565);
#1290 = AXIS2_PLACEMENT_3D('',#1291,#1292,#1293);
#1291 = CARTESIAN_POINT('',(28.311267000321,27.870309009667,26.5));
#1292 = DIRECTION('',(0.570030297212,-0.821623673138,0.));
#1293 = DIRECTION('',(-0.821623673138,-0.570030297212,0.));
#1294 = ADVANCED_FACE('',(#1295),#1306,.T.);
#1295 = FACE_BOUND('',#1296,.T.);
#1296 = EDGE_LOOP('',(#1297,#1298,#1305));
#1297 = ORIENTED_EDGE('',*,*,#1281,.T.);
#1298 = ORIENTED_EDGE('',*,*,#1299,.F.);
#1299 = EDGE_CURVE('',#1255,#1273,#1300,.T.);
#1300 = CIRCLE('',#1301,0.565);
#1301 = AXIS2_PLACEMENT_3D('',#1302,#1303,#1304);
#1302 = CARTESIAN_POINT('',(28.949860500493,26.949860500493,26.5));
#1303 = DIRECTION('',(0.763644769592,-0.6456366361,0.));
#1304 = DIRECTION('',(0.6456366361,0.763644769592,0.));
#1305 = ORIENTED_EDGE('',*,*,#1254,.T.);
#1306 = SPHERICAL_SURFACE('',#1307,0.565);
#1307 = AXIS2_PLACEMENT_3D('',#1308,#1309,#1310);
#1308 = CARTESIAN_POINT('',(28.949860500493,26.949860500493,26.5));
#1309 = DIRECTION('',(0.,0.,1.));
#1310 = DIRECTION('',(1.,0.,0.));
#1311 = ADVANCED_FACE('',(#1312),#1351,.T.);
#1312 = FACE_BOUND('',#1313,.T.);
#1313 = EDGE_LOOP('',(#1314,#1315,#1316,#1324,#1333,#1342,#1349,#1350));
#1314 = ORIENTED_EDGE('',*,*,#1299,.T.);
#1315 = ORIENTED_EDGE('',*,*,#1272,.T.);
#1316 = ORIENTED_EDGE('',*,*,#1317,.T.);
#1317 = EDGE_CURVE('',#1264,#1318,#1320,.T.);
#1318 = VERTEX_POINT('',#1319);
#1319 = CARTESIAN_POINT('',(30.123996428141,26.697039845735,26.5));
#1320 = LINE('',#1321,#1322);
#1321 = CARTESIAN_POINT('',(29.314645199889,27.381319795312,26.5));
#1322 = VECTOR('',#1323,1.);
#1323 = DIRECTION('',(0.763644769592,-0.6456366361,0.));
#1324 = ORIENTED_EDGE('',*,*,#1325,.F.);
#1325 = EDGE_CURVE('',#1326,#1318,#1328,.T.);
#1326 = VERTEX_POINT('',#1327);
#1327 = CARTESIAN_POINT('',(29.816142343,26.217447581578,25.935));
#1328 = ELLIPSE('',#1329,0.569897251772,0.565);
#1329 = AXIS2_PLACEMENT_3D('',#1330,#1331,#1332);
#1330 = CARTESIAN_POINT('',(29.816142343,26.217447581578,26.5));
#1331 = DIRECTION('',(0.841541633454,-0.540192261296,0.));
#1332 = DIRECTION('',(-0.540192261296,-0.841541633454,0.));
#1333 = ORIENTED_EDGE('',*,*,#1334,.F.);
#1334 = EDGE_CURVE('',#1335,#1326,#1337,.T.);
#1335 = VERTEX_POINT('',#1336);
#1336 = CARTESIAN_POINT('',(29.816142343,26.217447581578,27.065));
#1337 = CIRCLE('',#1338,0.565);
#1338 = AXIS2_PLACEMENT_3D('',#1339,#1340,#1341);
#1339 = CARTESIAN_POINT('',(29.816142343,26.217447581578,26.5));
#1340 = DIRECTION('',(0.763644769592,-0.6456366361,0.));
#1341 = DIRECTION('',(0.6456366361,0.763644769592,0.));
#1342 = ORIENTED_EDGE('',*,*,#1343,.F.);
#1343 = EDGE_CURVE('',#1318,#1335,#1344,.T.);
#1344 = ELLIPSE('',#1345,0.569897251772,0.565);
#1345 = AXIS2_PLACEMENT_3D('',#1346,#1347,#1348);
#1346 = CARTESIAN_POINT('',(29.816142343,26.217447581578,26.5));
#1347 = DIRECTION('',(0.841541633454,-0.540192261296,0.));
#1348 = DIRECTION('',(-0.540192261296,-0.841541633454,0.));
#1349 = ORIENTED_EDGE('',*,*,#1317,.F.);
#1350 = ORIENTED_EDGE('',*,*,#1263,.T.);
#1351 = CYLINDRICAL_SURFACE('',#1352,0.565);
#1352 = AXIS2_PLACEMENT_3D('',#1353,#1354,#1355);
#1353 = CARTESIAN_POINT('',(28.949860500493,26.949860500493,26.5));
#1354 = DIRECTION('',(0.763644769592,-0.6456366361,0.));
#1355 = DIRECTION('',(0.6456366361,0.763644769592,0.));
#1356 = ADVANCED_FACE('',(#1357),#1402,.T.);
#1357 = FACE_BOUND('',#1358,.T.);
#1358 = EDGE_LOOP('',(#1359,#1366,#1367,#1375,#1384,#1393,#1400,#1401));
#1359 = ORIENTED_EDGE('',*,*,#1360,.T.);
#1360 = EDGE_CURVE('',#1335,#1326,#1361,.T.);
#1361 = CIRCLE('',#1362,0.565);
#1362 = AXIS2_PLACEMENT_3D('',#1363,#1364,#1365);
#1363 = CARTESIAN_POINT('',(29.816142343,26.217447581578,26.5));
#1364 = DIRECTION('',(0.904975394563,-0.425463905913,0.));
#1365 = DIRECTION('',(0.425463905913,0.904975394563,0.));
#1366 = ORIENTED_EDGE('',*,*,#1325,.T.);
#1367 = ORIENTED_EDGE('',*,*,#1368,.T.);
#1368 = EDGE_CURVE('',#1318,#1369,#1371,.T.);
#1369 = VERTEX_POINT('',#1370);
#1370 = CARTESIAN_POINT('',(31.028456540293,26.271818193996,26.5));
#1371 = LINE('',#1372,#1373);
#1372 = CARTESIAN_POINT('',(30.056529449841,26.728758679506,26.5));
#1373 = VECTOR('',#1374,1.);
#1374 = DIRECTION('',(0.904975394563,-0.425463905913,-1.232595164408E-32
    ));
#1375 = ORIENTED_EDGE('',*,*,#1376,.F.);
#1376 = EDGE_CURVE('',#1377,#1369,#1379,.T.);
#1377 = VERTEX_POINT('',#1378);
#1378 = CARTESIAN_POINT('',(30.855532728208,25.728789994072,25.935));
#1379 = ELLIPSE('',#1380,0.569896719326,0.565);
#1380 = AXIS2_PLACEMENT_3D('',#1381,#1382,#1383);
#1381 = CARTESIAN_POINT('',(30.855532728208,25.728789994072,26.5));
#1382 = DIRECTION('',(0.952853704029,-0.303430088682,0.));
#1383 = DIRECTION('',(-0.303430088682,-0.952853704029,0.));
#1384 = ORIENTED_EDGE('',*,*,#1385,.F.);
#1385 = EDGE_CURVE('',#1386,#1377,#1388,.T.);
#1386 = VERTEX_POINT('',#1387);
#1387 = CARTESIAN_POINT('',(30.855532728208,25.728789994072,27.065));
#1388 = CIRCLE('',#1389,0.565);
#1389 = AXIS2_PLACEMENT_3D('',#1390,#1391,#1392);
#1390 = CARTESIAN_POINT('',(30.855532728208,25.728789994072,26.5));
#1391 = DIRECTION('',(0.904975394563,-0.425463905913,0.));
#1392 = DIRECTION('',(0.425463905913,0.904975394563,0.));
#1393 = ORIENTED_EDGE('',*,*,#1394,.F.);
#1394 = EDGE_CURVE('',#1369,#1386,#1395,.T.);
#1395 = ELLIPSE('',#1396,0.569896719326,0.565);
#1396 = AXIS2_PLACEMENT_3D('',#1397,#1398,#1399);
#1397 = CARTESIAN_POINT('',(30.855532728208,25.728789994072,26.5));
#1398 = DIRECTION('',(0.952853704029,-0.303430088682,0.));
#1399 = DIRECTION('',(-0.303430088682,-0.952853704029,0.));
#1400 = ORIENTED_EDGE('',*,*,#1368,.F.);
#1401 = ORIENTED_EDGE('',*,*,#1343,.T.);
#1402 = CYLINDRICAL_SURFACE('',#1403,0.565);
#1403 = AXIS2_PLACEMENT_3D('',#1404,#1405,#1406);
#1404 = CARTESIAN_POINT('',(29.816142343,26.217447581578,26.5));
#1405 = DIRECTION('',(0.904975394563,-0.425463905913,0.));
#1406 = DIRECTION('',(0.425463905913,0.904975394563,0.));
#1407 = ADVANCED_FACE('',(#1408),#1412,.T.);
#1408 = FACE_BOUND('',#1409,.T.);
#1409 = EDGE_LOOP('',(#1410,#1411));
#1410 = ORIENTED_EDGE('',*,*,#1334,.T.);
#1411 = ORIENTED_EDGE('',*,*,#1360,.F.);
#1412 = SPHERICAL_SURFACE('',#1413,0.565);
#1413 = AXIS2_PLACEMENT_3D('',#1414,#1415,#1416);
#1414 = CARTESIAN_POINT('',(29.816142343,26.217447581578,26.5));
#1415 = DIRECTION('',(0.,0.,1.));
#1416 = DIRECTION('',(1.,0.,0.));
#1417 = ADVANCED_FACE('',(#1418),#1463,.T.);
#1418 = FACE_BOUND('',#1419,.T.);
#1419 = EDGE_LOOP('',(#1420,#1427,#1428,#1436,#1445,#1454,#1461,#1462));
#1420 = ORIENTED_EDGE('',*,*,#1421,.T.);
#1421 = EDGE_CURVE('',#1386,#1377,#1422,.T.);
#1422 = CIRCLE('',#1423,0.565);
#1423 = AXIS2_PLACEMENT_3D('',#1424,#1425,#1426);
#1424 = CARTESIAN_POINT('',(30.855532728208,25.728789994072,26.5));
#1425 = DIRECTION('',(0.984357617964,-0.17618195128,0.));
#1426 = DIRECTION('',(0.17618195128,0.984357617964,0.));
#1427 = ORIENTED_EDGE('',*,*,#1376,.T.);
#1428 = ORIENTED_EDGE('',*,*,#1429,.T.);
#1429 = EDGE_CURVE('',#1369,#1430,#1432,.T.);
#1430 = VERTEX_POINT('',#1431);
#1431 = CARTESIAN_POINT('',(32.026165655334,26.093246569731,26.5));
#1432 = LINE('',#1433,#1434);
#1433 = CARTESIAN_POINT('',(30.955075530681,26.284952048222,26.5));
#1434 = VECTOR('',#1435,1.);
#1435 = DIRECTION('',(0.984357617964,-0.17618195128,6.162975822039E-33)
  );
#1436 = ORIENTED_EDGE('',*,*,#1437,.F.);
#1437 = EDGE_CURVE('',#1438,#1430,#1440,.T.);
#1438 = VERTEX_POINT('',#1439);
#1439 = CARTESIAN_POINT('',(32.,25.523951352667,25.935));
#1440 = ELLIPSE('',#1441,0.569896206068,0.565);
#1441 = AXIS2_PLACEMENT_3D('',#1442,#1443,#1444);
#1442 = CARTESIAN_POINT('',(32.,25.523951352667,26.5));
#1443 = DIRECTION('',(0.998945441296,-4.591301899461E-02,0.));
#1444 = DIRECTION('',(-4.591301899461E-02,-0.998945441296,0.));
#1445 = ORIENTED_EDGE('',*,*,#1446,.F.);
#1446 = EDGE_CURVE('',#1447,#1438,#1449,.T.);
#1447 = VERTEX_POINT('',#1448);
#1448 = CARTESIAN_POINT('',(32.,25.523951352667,27.065));
#1449 = CIRCLE('',#1450,0.565);
#1450 = AXIS2_PLACEMENT_3D('',#1451,#1452,#1453);
#1451 = CARTESIAN_POINT('',(32.,25.523951352667,26.5));
#1452 = DIRECTION('',(0.984357617964,-0.17618195128,0.));
#1453 = DIRECTION('',(0.17618195128,0.984357617964,0.));
#1454 = ORIENTED_EDGE('',*,*,#1455,.F.);
#1455 = EDGE_CURVE('',#1430,#1447,#1456,.T.);
#1456 = ELLIPSE('',#1457,0.569896206068,0.565);
#1457 = AXIS2_PLACEMENT_3D('',#1458,#1459,#1460);
#1458 = CARTESIAN_POINT('',(32.,25.523951352667,26.5));
#1459 = DIRECTION('',(0.998945441296,-4.591301899461E-02,0.));
#1460 = DIRECTION('',(-4.591301899461E-02,-0.998945441296,0.));
#1461 = ORIENTED_EDGE('',*,*,#1429,.F.);
#1462 = ORIENTED_EDGE('',*,*,#1394,.T.);
#1463 = CYLINDRICAL_SURFACE('',#1464,0.565);
#1464 = AXIS2_PLACEMENT_3D('',#1465,#1466,#1467);
#1465 = CARTESIAN_POINT('',(30.855532728208,25.728789994072,26.5));
#1466 = DIRECTION('',(0.984357617964,-0.17618195128,0.));
#1467 = DIRECTION('',(0.17618195128,0.984357617964,0.));
#1468 = ADVANCED_FACE('',(#1469),#1473,.T.);
#1469 = FACE_BOUND('',#1470,.T.);
#1470 = EDGE_LOOP('',(#1471,#1472));
#1471 = ORIENTED_EDGE('',*,*,#1385,.T.);
#1472 = ORIENTED_EDGE('',*,*,#1421,.F.);
#1473 = SPHERICAL_SURFACE('',#1474,0.565);
#1474 = AXIS2_PLACEMENT_3D('',#1475,#1476,#1477);
#1475 = CARTESIAN_POINT('',(30.855532728208,25.728789994072,26.5));
#1476 = DIRECTION('',(0.,0.,1.));
#1477 = DIRECTION('',(1.,0.,0.));
#1478 = ADVANCED_FACE('',(#1479),#1524,.T.);
#1479 = FACE_BOUND('',#1480,.T.);
#1480 = EDGE_LOOP('',(#1481,#1488,#1489,#1497,#1506,#1515,#1522,#1523));
#1481 = ORIENTED_EDGE('',*,*,#1482,.T.);
#1482 = EDGE_CURVE('',#1447,#1438,#1483,.T.);
#1483 = CIRCLE('',#1484,0.565);
#1484 = AXIS2_PLACEMENT_3D('',#1485,#1486,#1487);
#1485 = CARTESIAN_POINT('',(32.,25.523951352667,26.5));
#1486 = DIRECTION('',(0.996368585591,8.514482748184E-02,-0.));
#1487 = DIRECTION('',(-8.514482748184E-02,0.996368585591,0.));
#1488 = ORIENTED_EDGE('',*,*,#1437,.T.);
#1489 = ORIENTED_EDGE('',*,*,#1490,.T.);
#1490 = EDGE_CURVE('',#1430,#1491,#1493,.T.);
#1491 = VERTEX_POINT('',#1492);
#1492 = CARTESIAN_POINT('',(33.050130461864,26.180749636427,26.5));
#1493 = LINE('',#1494,#1495);
#1494 = CARTESIAN_POINT('',(31.951893172473,26.086899603526,26.5));
#1495 = VECTOR('',#1496,1.);
#1496 = DIRECTION('',(0.996368585591,8.514482748184E-02,0.));
#1497 = ORIENTED_EDGE('',*,*,#1498,.F.);
#1498 = EDGE_CURVE('',#1499,#1491,#1501,.T.);
#1499 = VERTEX_POINT('',#1500);
#1500 = CARTESIAN_POINT('',(33.172506001678,25.624148029558,25.935));
#1501 = ELLIPSE('',#1502,0.569895711086,0.565);
#1502 = AXIS2_PLACEMENT_3D('',#1503,#1504,#1505);
#1503 = CARTESIAN_POINT('',(33.172506001678,25.624148029558,26.5));
#1504 = DIRECTION('',(0.976672742121,0.214733217733,0.));
#1505 = DIRECTION('',(0.214733217733,-0.976672742121,0.));
#1506 = ORIENTED_EDGE('',*,*,#1507,.F.);
#1507 = EDGE_CURVE('',#1508,#1499,#1510,.T.);
#1508 = VERTEX_POINT('',#1509);
#1509 = CARTESIAN_POINT('',(33.172506001678,25.624148029558,27.065));
#1510 = CIRCLE('',#1511,0.565);
#1511 = AXIS2_PLACEMENT_3D('',#1512,#1513,#1514);
#1512 = CARTESIAN_POINT('',(33.172506001678,25.624148029558,26.5));
#1513 = DIRECTION('',(0.996368585591,8.514482748184E-02,-0.));
#1514 = DIRECTION('',(-8.514482748184E-02,0.996368585591,0.));
#1515 = ORIENTED_EDGE('',*,*,#1516,.F.);
#1516 = EDGE_CURVE('',#1491,#1508,#1517,.T.);
#1517 = ELLIPSE('',#1518,0.569895711086,0.565);
#1518 = AXIS2_PLACEMENT_3D('',#1519,#1520,#1521);
#1519 = CARTESIAN_POINT('',(33.172506001678,25.624148029558,26.5));
#1520 = DIRECTION('',(0.976672742121,0.214733217733,0.));
#1521 = DIRECTION('',(0.214733217733,-0.976672742121,0.));
#1522 = ORIENTED_EDGE('',*,*,#1490,.F.);
#1523 = ORIENTED_EDGE('',*,*,#1455,.T.);
#1524 = CYLINDRICAL_SURFACE('',#1525,0.565);
#1525 = AXIS2_PLACEMENT_3D('',#1526,#1527,#1528);
#1526 = CARTESIAN_POINT('',(32.,25.523951352667,26.5));
#1527 = DIRECTION('',(0.996368585591,8.514482748184E-02,0.));
#1528 = DIRECTION('',(-8.514482748184E-02,0.996368585591,0.));
#1529 = ADVANCED_FACE('',(#1530),#1534,.T.);
#1530 = FACE_BOUND('',#1531,.T.);
#1531 = EDGE_LOOP('',(#1532,#1533));
#1532 = ORIENTED_EDGE('',*,*,#1446,.T.);
#1533 = ORIENTED_EDGE('',*,*,#1482,.F.);
#1534 = SPHERICAL_SURFACE('',#1535,0.565);
#1535 = AXIS2_PLACEMENT_3D('',#1536,#1537,#1538);
#1536 = CARTESIAN_POINT('',(32.,25.523951352667,26.5));
#1537 = DIRECTION('',(0.,0.,1.));
#1538 = DIRECTION('',(1.,0.,0.));
#1539 = ADVANCED_FACE('',(#1540),#1585,.T.);
#1540 = FACE_BOUND('',#1541,.T.);
#1541 = EDGE_LOOP('',(#1542,#1549,#1550,#1558,#1567,#1576,#1583,#1584));
#1542 = ORIENTED_EDGE('',*,*,#1543,.T.);
#1543 = EDGE_CURVE('',#1508,#1499,#1544,.T.);
#1544 = CIRCLE('',#1545,0.565);
#1545 = AXIS2_PLACEMENT_3D('',#1546,#1547,#1548);
#1546 = CARTESIAN_POINT('',(33.172506001678,25.624148029558,26.5));
#1547 = DIRECTION('',(0.94019660893,0.340632260006,-0.));
#1548 = DIRECTION('',(-0.340632260006,0.94019660893,0.));
#1549 = ORIENTED_EDGE('',*,*,#1498,.T.);
#1550 = ORIENTED_EDGE('',*,*,#1551,.T.);
#1551 = EDGE_CURVE('',#1491,#1552,#1554,.T.);
#1552 = VERTEX_POINT('',#1553);
#1553 = CARTESIAN_POINT('',(34.029655509296,26.535630549069,26.5));
#1554 = LINE('',#1555,#1556);
#1555 = CARTESIAN_POINT('',(32.980048774775,26.155359113603,26.5));
#1556 = VECTOR('',#1557,1.);
#1557 = DIRECTION('',(0.94019660893,0.340632260006,-1.232595164408E-32)
  );
#1558 = ORIENTED_EDGE('',*,*,#1559,.F.);
#1559 = EDGE_CURVE('',#1560,#1552,#1562,.T.);
#1560 = VERTEX_POINT('',#1561);
#1561 = CARTESIAN_POINT('',(34.292190990333,26.029808744091,25.935));
#1562 = ELLIPSE('',#1563,0.569895233524,0.565);
#1563 = AXIS2_PLACEMENT_3D('',#1564,#1565,#1566);
#1564 = CARTESIAN_POINT('',(34.292190990333,26.029808744091,26.5));
#1565 = DIRECTION('',(0.887569811471,0.460673235347,0.));
#1566 = DIRECTION('',(0.460673235347,-0.887569811471,0.));
#1567 = ORIENTED_EDGE('',*,*,#1568,.F.);
#1568 = EDGE_CURVE('',#1569,#1560,#1571,.T.);
#1569 = VERTEX_POINT('',#1570);
#1570 = CARTESIAN_POINT('',(34.292190990333,26.029808744091,27.065));
#1571 = CIRCLE('',#1572,0.565);
#1572 = AXIS2_PLACEMENT_3D('',#1573,#1574,#1575);
#1573 = CARTESIAN_POINT('',(34.292190990333,26.029808744091,26.5));
#1574 = DIRECTION('',(0.94019660893,0.340632260006,-0.));
#1575 = DIRECTION('',(-0.340632260006,0.94019660893,0.));
#1576 = ORIENTED_EDGE('',*,*,#1577,.F.);
#1577 = EDGE_CURVE('',#1552,#1569,#1578,.T.);
#1578 = ELLIPSE('',#1579,0.569895233524,0.565);
#1579 = AXIS2_PLACEMENT_3D('',#1580,#1581,#1582);
#1580 = CARTESIAN_POINT('',(34.292190990333,26.029808744091,26.5));
#1581 = DIRECTION('',(0.887569811471,0.460673235347,0.));
#1582 = DIRECTION('',(0.460673235347,-0.887569811471,0.));
#1583 = ORIENTED_EDGE('',*,*,#1551,.F.);
#1584 = ORIENTED_EDGE('',*,*,#1516,.T.);
#1585 = CYLINDRICAL_SURFACE('',#1586,0.565);
#1586 = AXIS2_PLACEMENT_3D('',#1587,#1588,#1589);
#1587 = CARTESIAN_POINT('',(33.172506001678,25.624148029558,26.5));
#1588 = DIRECTION('',(0.94019660893,0.340632260006,0.));
#1589 = DIRECTION('',(-0.340632260006,0.94019660893,0.));
#1590 = ADVANCED_FACE('',(#1591),#1595,.T.);
#1591 = FACE_BOUND('',#1592,.T.);
#1592 = EDGE_LOOP('',(#1593,#1594));
#1593 = ORIENTED_EDGE('',*,*,#1507,.T.);
#1594 = ORIENTED_EDGE('',*,*,#1543,.F.);
#1595 = SPHERICAL_SURFACE('',#1596,0.565);
#1596 = AXIS2_PLACEMENT_3D('',#1597,#1598,#1599);
#1597 = CARTESIAN_POINT('',(33.172506001678,25.624148029558,26.5));
#1598 = DIRECTION('',(0.,0.,1.));
#1599 = DIRECTION('',(1.,0.,0.));
#1600 = ADVANCED_FACE('',(#1601),#1646,.T.);
#1601 = FACE_BOUND('',#1602,.T.);
#1602 = EDGE_LOOP('',(#1603,#1610,#1611,#1619,#1628,#1637,#1644,#1645));
#1603 = ORIENTED_EDGE('',*,*,#1604,.T.);
#1604 = EDGE_CURVE('',#1569,#1560,#1605,.T.);
#1605 = CIRCLE('',#1606,0.565);
#1606 = AXIS2_PLACEMENT_3D('',#1607,#1608,#1609);
#1607 = CARTESIAN_POINT('',(34.292190990333,26.029808744091,26.5));
#1608 = DIRECTION('',(0.819695083372,0.572800113736,-0.));
#1609 = DIRECTION('',(-0.572800113736,0.819695083372,0.));
#1610 = ORIENTED_EDGE('',*,*,#1559,.T.);
#1611 = ORIENTED_EDGE('',*,*,#1612,.T.);
#1612 = EDGE_CURVE('',#1552,#1613,#1615,.T.);
#1613 = VERTEX_POINT('',#1614);
#1614 = CARTESIAN_POINT('',(34.895223444903,27.14048645466,26.5));
#1615 = LINE('',#1616,#1617);
#1616 = CARTESIAN_POINT('',(33.968558926072,26.492936466197,26.5));
#1617 = VECTOR('',#1618,1.);
#1618 = DIRECTION('',(0.819695083372,0.572800113736,0.));
#1619 = ORIENTED_EDGE('',*,*,#1620,.F.);
#1620 = EDGE_CURVE('',#1621,#1613,#1623,.T.);
#1621 = VERTEX_POINT('',#1622);
#1622 = CARTESIAN_POINT('',(35.279949203393,26.720050796607,25.935));
#1623 = ELLIPSE('',#1624,0.569894772574,0.565);
#1624 = AXIS2_PLACEMENT_3D('',#1625,#1626,#1627);
#1625 = CARTESIAN_POINT('',(35.279949203393,26.720050796607,26.5));
#1626 = DIRECTION('',(0.737742611944,0.675082097616,0.));
#1627 = DIRECTION('',(0.675082097616,-0.737742611944,0.));
#1628 = ORIENTED_EDGE('',*,*,#1629,.F.);
#1629 = EDGE_CURVE('',#1630,#1621,#1632,.T.);
#1630 = VERTEX_POINT('',#1631);
#1631 = CARTESIAN_POINT('',(35.279949203393,26.720050796607,27.065));
#1632 = CIRCLE('',#1633,0.565);
#1633 = AXIS2_PLACEMENT_3D('',#1634,#1635,#1636);
#1634 = CARTESIAN_POINT('',(35.279949203393,26.720050796607,26.5));
#1635 = DIRECTION('',(0.819695083372,0.572800113736,-0.));
#1636 = DIRECTION('',(-0.572800113736,0.819695083372,0.));
#1637 = ORIENTED_EDGE('',*,*,#1638,.F.);
#1638 = EDGE_CURVE('',#1613,#1630,#1639,.T.);
#1639 = ELLIPSE('',#1640,0.569894772574,0.565);
#1640 = AXIS2_PLACEMENT_3D('',#1641,#1642,#1643);
#1641 = CARTESIAN_POINT('',(35.279949203393,26.720050796607,26.5));
#1642 = DIRECTION('',(0.737742611944,0.675082097616,0.));
#1643 = DIRECTION('',(0.675082097616,-0.737742611944,0.));
#1644 = ORIENTED_EDGE('',*,*,#1612,.F.);
#1645 = ORIENTED_EDGE('',*,*,#1577,.T.);
#1646 = CYLINDRICAL_SURFACE('',#1647,0.565);
#1647 = AXIS2_PLACEMENT_3D('',#1648,#1649,#1650);
#1648 = CARTESIAN_POINT('',(34.292190990333,26.029808744091,26.5));
#1649 = DIRECTION('',(0.819695083372,0.572800113736,0.));
#1650 = DIRECTION('',(-0.572800113736,0.819695083372,0.));
#1651 = ADVANCED_FACE('',(#1652),#1656,.T.);
#1652 = FACE_BOUND('',#1653,.T.);
#1653 = EDGE_LOOP('',(#1654,#1655));
#1654 = ORIENTED_EDGE('',*,*,#1568,.T.);
#1655 = ORIENTED_EDGE('',*,*,#1604,.F.);
#1656 = SPHERICAL_SURFACE('',#1657,0.565);
#1657 = AXIS2_PLACEMENT_3D('',#1658,#1659,#1660);
#1658 = CARTESIAN_POINT('',(34.292190990333,26.029808744091,26.5));
#1659 = DIRECTION('',(0.,0.,1.));
#1660 = DIRECTION('',(1.,0.,0.));
#1661 = ADVANCED_FACE('',(#1662),#1716,.T.);
#1662 = FACE_BOUND('',#1663,.T.);
#1663 = EDGE_LOOP('',(#1664,#1665,#1674,#1682,#1691,#1700,#1707,#1708,
    #1715));
#1664 = ORIENTED_EDGE('',*,*,#1638,.T.);
#1665 = ORIENTED_EDGE('',*,*,#1666,.T.);
#1666 = EDGE_CURVE('',#1630,#1667,#1669,.T.);
#1667 = VERTEX_POINT('',#1668);
#1668 = CARTESIAN_POINT('',(35.712607924668,26.356689501331,26.5));
#1669 = CIRCLE('',#1670,0.565);
#1670 = AXIS2_PLACEMENT_3D('',#1671,#1672,#1673);
#1671 = CARTESIAN_POINT('',(35.279949203393,26.720050796607,26.5));
#1672 = DIRECTION('',(0.643117336772,0.765767648274,0.));
#1673 = DIRECTION('',(0.765767648274,-0.643117336772,0.));
#1674 = ORIENTED_EDGE('',*,*,#1675,.T.);
#1675 = EDGE_CURVE('',#1667,#1676,#1678,.T.);
#1676 = VERTEX_POINT('',#1677);
#1677 = CARTESIAN_POINT('',(36.496669395927,27.290281047724,26.5));
#1678 = LINE('',#1679,#1680);
#1679 = CARTESIAN_POINT('',(35.712607924668,26.356689501331,26.5));
#1680 = VECTOR('',#1681,1.);
#1681 = DIRECTION('',(0.643117336772,0.765767648274,0.));
#1682 = ORIENTED_EDGE('',*,*,#1683,.F.);
#1683 = EDGE_CURVE('',#1684,#1676,#1686,.T.);
#1684 = VERTEX_POINT('',#1685);
#1685 = CARTESIAN_POINT('',(36.064010674652,27.653642343,27.065));
#1686 = CIRCLE('',#1687,0.565);
#1687 = AXIS2_PLACEMENT_3D('',#1688,#1689,#1690);
#1688 = CARTESIAN_POINT('',(36.064010674652,27.653642343,26.5));
#1689 = DIRECTION('',(0.643117336772,0.765767648274,0.));
#1690 = DIRECTION('',(0.765767648274,-0.643117336772,0.));
#1691 = ORIENTED_EDGE('',*,*,#1692,.F.);
#1692 = EDGE_CURVE('',#1693,#1684,#1695,.T.);
#1693 = VERTEX_POINT('',#1694);
#1694 = CARTESIAN_POINT('',(36.064010674652,27.653642343,25.935));
#1695 = ELLIPSE('',#1696,0.569894327475,0.565);
#1696 = AXIS2_PLACEMENT_3D('',#1697,#1698,#1699);
#1697 = CARTESIAN_POINT('',(36.064010674652,27.653642343,26.5));
#1698 = DIRECTION('',(0.537449705979,0.843295804296,0.));
#1699 = DIRECTION('',(0.843295804296,-0.537449705979,0.));
#1700 = ORIENTED_EDGE('',*,*,#1701,.F.);
#1701 = EDGE_CURVE('',#1676,#1693,#1702,.T.);
#1702 = CIRCLE('',#1703,0.565);
#1703 = AXIS2_PLACEMENT_3D('',#1704,#1705,#1706);
#1704 = CARTESIAN_POINT('',(36.064010674652,27.653642343,26.5));
#1705 = DIRECTION('',(0.643117336772,0.765767648274,0.));
#1706 = DIRECTION('',(0.765767648274,-0.643117336772,0.));
#1707 = ORIENTED_EDGE('',*,*,#1675,.F.);
#1708 = ORIENTED_EDGE('',*,*,#1709,.T.);
#1709 = EDGE_CURVE('',#1667,#1621,#1710,.T.);
#1710 = CIRCLE('',#1711,0.565);
#1711 = AXIS2_PLACEMENT_3D('',#1712,#1713,#1714);
#1712 = CARTESIAN_POINT('',(35.279949203393,26.720050796607,26.5));
#1713 = DIRECTION('',(0.643117336772,0.765767648274,0.));
#1714 = DIRECTION('',(0.765767648274,-0.643117336772,0.));
#1715 = ORIENTED_EDGE('',*,*,#1620,.T.);
#1716 = CYLINDRICAL_SURFACE('',#1717,0.565);
#1717 = AXIS2_PLACEMENT_3D('',#1718,#1719,#1720);
#1718 = CARTESIAN_POINT('',(35.279949203393,26.720050796607,26.5));
#1719 = DIRECTION('',(0.643117336772,0.765767648274,0.));
#1720 = DIRECTION('',(0.765767648274,-0.643117336772,0.));
#1721 = ADVANCED_FACE('',(#1722),#1727,.T.);
#1722 = FACE_BOUND('',#1723,.T.);
#1723 = EDGE_LOOP('',(#1724,#1725,#1726));
#1724 = ORIENTED_EDGE('',*,*,#1629,.T.);
#1725 = ORIENTED_EDGE('',*,*,#1709,.F.);
#1726 = ORIENTED_EDGE('',*,*,#1666,.F.);
#1727 = SPHERICAL_SURFACE('',#1728,0.565);
#1728 = AXIS2_PLACEMENT_3D('',#1729,#1730,#1731);
#1729 = CARTESIAN_POINT('',(35.279949203393,26.720050796607,26.5));
#1730 = DIRECTION('',(0.,0.,1.));
#1731 = DIRECTION('',(1.,0.,0.));
#1732 = ADVANCED_FACE('',(#1733),#1753,.T.);
#1733 = FACE_BOUND('',#1734,.T.);
#1734 = EDGE_LOOP('',(#1735,#1736,#1745,#1752));
#1735 = ORIENTED_EDGE('',*,*,#1701,.T.);
#1736 = ORIENTED_EDGE('',*,*,#1737,.F.);
#1737 = EDGE_CURVE('',#1738,#1693,#1740,.T.);
#1738 = VERTEX_POINT('',#1739);
#1739 = CARTESIAN_POINT('',(36.576092373304,27.41490119886,26.5));
#1740 = CIRCLE('',#1741,0.565);
#1741 = AXIS2_PLACEMENT_3D('',#1742,#1743,#1744);
#1742 = CARTESIAN_POINT('',(36.064010674652,27.653642343,26.5));
#1743 = DIRECTION('',(0.422550697594,0.90633928965,0.));
#1744 = DIRECTION('',(0.90633928965,-0.422550697594,0.));
#1745 = ORIENTED_EDGE('',*,*,#1746,.F.);
#1746 = EDGE_CURVE('',#1684,#1738,#1747,.T.);
#1747 = CIRCLE('',#1748,0.565);
#1748 = AXIS2_PLACEMENT_3D('',#1749,#1750,#1751);
#1749 = CARTESIAN_POINT('',(36.064010674652,27.653642343,26.5));
#1750 = DIRECTION('',(0.422550697594,0.90633928965,0.));
#1751 = DIRECTION('',(0.90633928965,-0.422550697594,0.));
#1752 = ORIENTED_EDGE('',*,*,#1683,.T.);
#1753 = SPHERICAL_SURFACE('',#1754,0.565);
#1754 = AXIS2_PLACEMENT_3D('',#1755,#1756,#1757);
#1755 = CARTESIAN_POINT('',(36.064010674652,27.653642343,26.5));
#1756 = DIRECTION('',(0.,0.,1.));
#1757 = DIRECTION('',(1.,0.,0.));
#1758 = ADVANCED_FACE('',(#1759),#1798,.T.);
#1759 = FACE_BOUND('',#1760,.T.);
#1760 = EDGE_LOOP('',(#1761,#1762,#1763,#1771,#1780,#1789,#1796,#1797));
#1761 = ORIENTED_EDGE('',*,*,#1692,.T.);
#1762 = ORIENTED_EDGE('',*,*,#1746,.T.);
#1763 = ORIENTED_EDGE('',*,*,#1764,.T.);
#1764 = EDGE_CURVE('',#1738,#1765,#1767,.T.);
#1765 = VERTEX_POINT('',#1766);
#1766 = CARTESIAN_POINT('',(37.097217598124,28.532675394409,26.5));
#1767 = LINE('',#1768,#1769);
#1768 = CARTESIAN_POINT('',(36.576092373304,27.41490119886,26.5));
#1769 = VECTOR('',#1770,1.);
#1770 = DIRECTION('',(0.422550697594,0.90633928965,-1.232595164408E-32)
  );
#1771 = ORIENTED_EDGE('',*,*,#1772,.F.);
#1772 = EDGE_CURVE('',#1773,#1765,#1775,.T.);
#1773 = VERTEX_POINT('',#1774);
#1774 = CARTESIAN_POINT('',(36.585135899472,28.77141653855,27.065));
#1775 = CIRCLE('',#1776,0.565);
#1776 = AXIS2_PLACEMENT_3D('',#1777,#1778,#1779);
#1777 = CARTESIAN_POINT('',(36.585135899472,28.77141653855,26.5));
#1778 = DIRECTION('',(0.422550697594,0.90633928965,0.));
#1779 = DIRECTION('',(0.90633928965,-0.422550697594,0.));
#1780 = ORIENTED_EDGE('',*,*,#1781,.F.);
#1781 = EDGE_CURVE('',#1782,#1773,#1784,.T.);
#1782 = VERTEX_POINT('',#1783);
#1783 = CARTESIAN_POINT('',(36.585135899472,28.77141653855,25.935));
#1784 = ELLIPSE('',#1785,0.569893897507,0.565);
#1785 = AXIS2_PLACEMENT_3D('',#1786,#1787,#1788);
#1786 = CARTESIAN_POINT('',(36.585135899472,28.77141653855,26.5));
#1787 = DIRECTION('',(0.300399302779,0.953813534654,0.));
#1788 = DIRECTION('',(0.953813534654,-0.300399302779,0.));
#1789 = ORIENTED_EDGE('',*,*,#1790,.F.);
#1790 = EDGE_CURVE('',#1765,#1782,#1791,.T.);
#1791 = CIRCLE('',#1792,0.565);
#1792 = AXIS2_PLACEMENT_3D('',#1793,#1794,#1795);
#1793 = CARTESIAN_POINT('',(36.585135899472,28.77141653855,26.5));
#1794 = DIRECTION('',(0.422550697594,0.90633928965,0.));
#1795 = DIRECTION('',(0.90633928965,-0.422550697594,0.));
#1796 = ORIENTED_EDGE('',*,*,#1764,.F.);
#1797 = ORIENTED_EDGE('',*,*,#1737,.T.);
#1798 = CYLINDRICAL_SURFACE('',#1799,0.565);
#1799 = AXIS2_PLACEMENT_3D('',#1800,#1801,#1802);
#1800 = CARTESIAN_POINT('',(36.064010674652,27.653642343,26.5));
#1801 = DIRECTION('',(0.422550697594,0.90633928965,0.));
#1802 = DIRECTION('',(0.90633928965,-0.422550697594,0.));
#1803 = ADVANCED_FACE('',(#1804),#1824,.T.);
#1804 = FACE_BOUND('',#1805,.T.);
#1805 = EDGE_LOOP('',(#1806,#1807,#1816,#1823));
#1806 = ORIENTED_EDGE('',*,*,#1790,.T.);
#1807 = ORIENTED_EDGE('',*,*,#1808,.F.);
#1808 = EDGE_CURVE('',#1809,#1782,#1811,.T.);
#1809 = VERTEX_POINT('',#1810);
#1810 = CARTESIAN_POINT('',(37.141607933126,28.673621468321,26.5));
#1811 = CIRCLE('',#1812,0.565);
#1812 = AXIS2_PLACEMENT_3D('',#1813,#1814,#1815);
#1813 = CARTESIAN_POINT('',(36.585135899472,28.77141653855,26.5));
#1814 = DIRECTION('',(0.173088619873,0.984906254255,0.));
#1815 = DIRECTION('',(0.984906254255,-0.173088619873,0.));
#1816 = ORIENTED_EDGE('',*,*,#1817,.F.);
#1817 = EDGE_CURVE('',#1773,#1809,#1818,.T.);
#1818 = CIRCLE('',#1819,0.565);
#1819 = AXIS2_PLACEMENT_3D('',#1820,#1821,#1822);
#1820 = CARTESIAN_POINT('',(36.585135899472,28.77141653855,26.5));
#1821 = DIRECTION('',(0.173088619873,0.984906254255,0.));
#1822 = DIRECTION('',(0.984906254255,-0.173088619873,0.));
#1823 = ORIENTED_EDGE('',*,*,#1772,.T.);
#1824 = SPHERICAL_SURFACE('',#1825,0.565);
#1825 = AXIS2_PLACEMENT_3D('',#1826,#1827,#1828);
#1826 = CARTESIAN_POINT('',(36.585135899472,28.77141653855,26.5));
#1827 = DIRECTION('',(0.,0.,1.));
#1828 = DIRECTION('',(1.,0.,0.));
#1829 = ADVANCED_FACE('',(#1830),#1869,.T.);
#1830 = FACE_BOUND('',#1831,.T.);
#1831 = EDGE_LOOP('',(#1832,#1833,#1834,#1842,#1851,#1860,#1867,#1868));
#1832 = ORIENTED_EDGE('',*,*,#1781,.T.);
#1833 = ORIENTED_EDGE('',*,*,#1817,.T.);
#1834 = ORIENTED_EDGE('',*,*,#1835,.T.);
#1835 = EDGE_CURVE('',#1809,#1836,#1838,.T.);
#1836 = VERTEX_POINT('',#1837);
#1837 = CARTESIAN_POINT('',(37.357520680987,29.902204929771,26.5));
#1838 = LINE('',#1839,#1840);
#1839 = CARTESIAN_POINT('',(37.141607933126,28.673621468321,26.5));
#1840 = VECTOR('',#1841,1.);
#1841 = DIRECTION('',(0.173088619873,0.984906254255,0.));
#1842 = ORIENTED_EDGE('',*,*,#1843,.F.);
#1843 = EDGE_CURVE('',#1844,#1836,#1846,.T.);
#1844 = VERTEX_POINT('',#1845);
#1845 = CARTESIAN_POINT('',(36.801048647333,30.,27.065));
#1846 = CIRCLE('',#1847,0.565);
#1847 = AXIS2_PLACEMENT_3D('',#1848,#1849,#1850);
#1848 = CARTESIAN_POINT('',(36.801048647333,30.,26.5));
#1849 = DIRECTION('',(0.173088619873,0.984906254255,0.));
#1850 = DIRECTION('',(0.984906254255,-0.173088619873,0.));
#1851 = ORIENTED_EDGE('',*,*,#1852,.F.);
#1852 = EDGE_CURVE('',#1853,#1844,#1855,.T.);
#1853 = VERTEX_POINT('',#1854);
#1854 = CARTESIAN_POINT('',(36.801048647333,30.,25.935));
#1855 = ELLIPSE('',#1856,0.569893481994,0.565);
#1856 = AXIS2_PLACEMENT_3D('',#1857,#1858,#1859);
#1857 = CARTESIAN_POINT('',(36.801048647333,30.,26.5));
#1858 = DIRECTION('',(4.281070284062E-02,0.999083201601,0.));
#1859 = DIRECTION('',(0.999083201601,-4.281070284062E-02,0.));
#1860 = ORIENTED_EDGE('',*,*,#1861,.F.);
#1861 = EDGE_CURVE('',#1836,#1853,#1862,.T.);
#1862 = CIRCLE('',#1863,0.565);
#1863 = AXIS2_PLACEMENT_3D('',#1864,#1865,#1866);
#1864 = CARTESIAN_POINT('',(36.801048647333,30.,26.5));
#1865 = DIRECTION('',(0.173088619873,0.984906254255,0.));
#1866 = DIRECTION('',(0.984906254255,-0.173088619873,0.));
#1867 = ORIENTED_EDGE('',*,*,#1835,.F.);
#1868 = ORIENTED_EDGE('',*,*,#1808,.T.);
#1869 = CYLINDRICAL_SURFACE('',#1870,0.565);
#1870 = AXIS2_PLACEMENT_3D('',#1871,#1872,#1873);
#1871 = CARTESIAN_POINT('',(36.585135899472,28.77141653855,26.5));
#1872 = DIRECTION('',(0.173088619873,0.984906254255,0.));
#1873 = DIRECTION('',(0.984906254255,-0.173088619873,0.));
#1874 = ADVANCED_FACE('',(#1875),#1886,.T.);
#1875 = FACE_BOUND('',#1876,.T.);
#1876 = EDGE_LOOP('',(#1877,#1884,#1885));
#1877 = ORIENTED_EDGE('',*,*,#1878,.T.);
#1878 = EDGE_CURVE('',#1853,#1844,#1879,.T.);
#1879 = CIRCLE('',#1880,0.565);
#1880 = AXIS2_PLACEMENT_3D('',#1881,#1882,#1883);
#1881 = CARTESIAN_POINT('',(36.801048647333,30.,26.5));
#1882 = DIRECTION('',(-2.449293598295E-16,-1.,0.));
#1883 = DIRECTION('',(1.,-2.449293598295E-16,0.));
#1884 = ORIENTED_EDGE('',*,*,#1843,.T.);
#1885 = ORIENTED_EDGE('',*,*,#1861,.T.);
#1886 = SPHERICAL_SURFACE('',#1887,0.565);
#1887 = AXIS2_PLACEMENT_3D('',#1888,#1889,#1890);
#1888 = CARTESIAN_POINT('',(36.801048647333,30.,26.5));
#1889 = DIRECTION('',(0.,0.,1.));
#1890 = DIRECTION('',(1.,0.,0.));
#1891 = ADVANCED_FACE('',(#1892),#1945,.T.);
#1892 = FACE_BOUND('',#1893,.T.);
#1893 = EDGE_LOOP('',(#1894,#1895,#1904,#1912,#1921,#1930,#1937,#1938));
#1894 = ORIENTED_EDGE('',*,*,#1852,.T.);
#1895 = ORIENTED_EDGE('',*,*,#1896,.T.);
#1896 = EDGE_CURVE('',#1844,#1897,#1899,.T.);
#1897 = VERTEX_POINT('',#1898);
#1898 = CARTESIAN_POINT('',(37.363846600467,30.049834365128,26.5));
#1899 = CIRCLE('',#1900,0.565);
#1900 = AXIS2_PLACEMENT_3D('',#1901,#1902,#1903);
#1901 = CARTESIAN_POINT('',(36.801048647333,30.,26.5));
#1902 = DIRECTION('',(-8.820241615586E-02,0.996102571919,0.));
#1903 = DIRECTION('',(0.996102571919,8.820241615586E-02,0.));
#1904 = ORIENTED_EDGE('',*,*,#1905,.T.);
#1905 = EDGE_CURVE('',#1897,#1906,#1908,.T.);
#1906 = VERTEX_POINT('',#1907);
#1907 = CARTESIAN_POINT('',(37.252575817121,31.306456556465,26.5));
#1908 = LINE('',#1909,#1910);
#1909 = CARTESIAN_POINT('',(37.363846600467,30.049834365128,26.5));
#1910 = VECTOR('',#1911,1.);
#1911 = DIRECTION('',(-8.820241615586E-02,0.996102571919,
    3.08148791102E-33));
#1912 = ORIENTED_EDGE('',*,*,#1913,.F.);
#1913 = EDGE_CURVE('',#1914,#1906,#1916,.T.);
#1914 = VERTEX_POINT('',#1915);
#1915 = CARTESIAN_POINT('',(36.689777863986,31.256622191337,27.065));
#1916 = CIRCLE('',#1917,0.565);
#1917 = AXIS2_PLACEMENT_3D('',#1918,#1919,#1920);
#1918 = CARTESIAN_POINT('',(36.689777863986,31.256622191337,26.5));
#1919 = DIRECTION('',(-8.820241615586E-02,0.996102571919,0.));
#1920 = DIRECTION('',(0.996102571919,8.820241615586E-02,0.));
#1921 = ORIENTED_EDGE('',*,*,#1922,.F.);
#1922 = EDGE_CURVE('',#1923,#1914,#1925,.T.);
#1923 = VERTEX_POINT('',#1924);
#1924 = CARTESIAN_POINT('',(36.689777863986,31.256622191337,25.935));
#1925 = ELLIPSE('',#1926,0.569893080295,0.565);
#1926 = AXIS2_PLACEMENT_3D('',#1927,#1928,#1929);
#1927 = CARTESIAN_POINT('',(36.689777863986,31.256622191337,26.5));
#1928 = DIRECTION('',(-0.217695590725,0.976016715932,0.));
#1929 = DIRECTION('',(0.976016715932,0.217695590725,0.));
#1930 = ORIENTED_EDGE('',*,*,#1931,.F.);
#1931 = EDGE_CURVE('',#1906,#1923,#1932,.T.);
#1932 = CIRCLE('',#1933,0.565);
#1933 = AXIS2_PLACEMENT_3D('',#1934,#1935,#1936);
#1934 = CARTESIAN_POINT('',(36.689777863986,31.256622191337,26.5));
#1935 = DIRECTION('',(-8.820241615586E-02,0.996102571919,0.));
#1936 = DIRECTION('',(0.996102571919,8.820241615586E-02,0.));
#1937 = ORIENTED_EDGE('',*,*,#1905,.F.);
#1938 = ORIENTED_EDGE('',*,*,#1939,.T.);
#1939 = EDGE_CURVE('',#1897,#1853,#1940,.T.);
#1940 = CIRCLE('',#1941,0.565);
#1941 = AXIS2_PLACEMENT_3D('',#1942,#1943,#1944);
#1942 = CARTESIAN_POINT('',(36.801048647333,30.,26.5));
#1943 = DIRECTION('',(-8.820241615586E-02,0.996102571919,0.));
#1944 = DIRECTION('',(0.996102571919,8.820241615586E-02,0.));
#1945 = CYLINDRICAL_SURFACE('',#1946,0.565);
#1946 = AXIS2_PLACEMENT_3D('',#1947,#1948,#1949);
#1947 = CARTESIAN_POINT('',(36.801048647333,30.,26.5));
#1948 = DIRECTION('',(-8.820241615586E-02,0.996102571919,0.));
#1949 = DIRECTION('',(0.996102571919,8.820241615586E-02,0.));
#1950 = ADVANCED_FACE('',(#1951),#1956,.T.);
#1951 = FACE_BOUND('',#1952,.T.);
#1952 = EDGE_LOOP('',(#1953,#1954,#1955));
#1953 = ORIENTED_EDGE('',*,*,#1878,.F.);
#1954 = ORIENTED_EDGE('',*,*,#1939,.F.);
#1955 = ORIENTED_EDGE('',*,*,#1896,.F.);
#1956 = SPHERICAL_SURFACE('',#1957,0.565);
#1957 = AXIS2_PLACEMENT_3D('',#1958,#1959,#1960);
#1958 = CARTESIAN_POINT('',(36.801048647333,30.,26.5));
#1959 = DIRECTION('',(0.,0.,1.));
#1960 = DIRECTION('',(1.,0.,0.));
#1961 = ADVANCED_FACE('',(#1962),#1982,.T.);
#1962 = FACE_BOUND('',#1963,.T.);
#1963 = EDGE_LOOP('',(#1964,#1965,#1974,#1981));
#1964 = ORIENTED_EDGE('',*,*,#1931,.T.);
#1965 = ORIENTED_EDGE('',*,*,#1966,.F.);
#1966 = EDGE_CURVE('',#1967,#1923,#1969,.T.);
#1967 = VERTEX_POINT('',#1968);
#1968 = CARTESIAN_POINT('',(37.220409351976,31.450671731285,26.5));
#1969 = CIRCLE('',#1970,0.565);
#1970 = AXIS2_PLACEMENT_3D('',#1971,#1972,#1973);
#1971 = CARTESIAN_POINT('',(36.689777863986,31.256622191337,26.5));
#1972 = DIRECTION('',(-0.343450513182,0.939170775203,0.));
#1973 = DIRECTION('',(0.939170775203,0.343450513182,0.));
#1974 = ORIENTED_EDGE('',*,*,#1975,.F.);
#1975 = EDGE_CURVE('',#1914,#1967,#1976,.T.);
#1976 = CIRCLE('',#1977,0.565);
#1977 = AXIS2_PLACEMENT_3D('',#1978,#1979,#1980);
#1978 = CARTESIAN_POINT('',(36.689777863986,31.256622191337,26.5));
#1979 = DIRECTION('',(-0.343450513182,0.939170775203,0.));
#1980 = DIRECTION('',(0.939170775203,0.343450513182,0.));
#1981 = ORIENTED_EDGE('',*,*,#1913,.T.);
#1982 = SPHERICAL_SURFACE('',#1983,0.565);
#1983 = AXIS2_PLACEMENT_3D('',#1984,#1985,#1986);
#1984 = CARTESIAN_POINT('',(36.689777863986,31.256622191337,26.5));
#1985 = DIRECTION('',(0.,0.,1.));
#1986 = DIRECTION('',(1.,0.,0.));
#1987 = ADVANCED_FACE('',(#1988),#2027,.T.);
#1988 = FACE_BOUND('',#1989,.T.);
#1989 = EDGE_LOOP('',(#1990,#1991,#1992,#2000,#2009,#2018,#2025,#2026));
#1990 = ORIENTED_EDGE('',*,*,#1922,.T.);
#1991 = ORIENTED_EDGE('',*,*,#1975,.T.);
#1992 = ORIENTED_EDGE('',*,*,#1993,.T.);
#1993 = EDGE_CURVE('',#1967,#1994,#1996,.T.);
#1994 = VERTEX_POINT('',#1995);
#1995 = CARTESIAN_POINT('',(36.782281000128,32.648740530281,26.5));
#1996 = LINE('',#1997,#1998);
#1997 = CARTESIAN_POINT('',(37.220409351976,31.450671731285,26.5));
#1998 = VECTOR('',#1999,1.);
#1999 = DIRECTION('',(-0.343450513182,0.939170775203,0.));
#2000 = ORIENTED_EDGE('',*,*,#2001,.F.);
#2001 = EDGE_CURVE('',#2002,#1994,#2004,.T.);
#2002 = VERTEX_POINT('',#2003);
#2003 = CARTESIAN_POINT('',(36.251649512139,32.454690990333,27.065));
#2004 = CIRCLE('',#2005,0.565);
#2005 = AXIS2_PLACEMENT_3D('',#2006,#2007,#2008);
#2006 = CARTESIAN_POINT('',(36.251649512139,32.454690990333,26.5));
#2007 = DIRECTION('',(-0.343450513182,0.939170775203,0.));
#2008 = DIRECTION('',(0.939170775203,0.343450513182,0.));
#2009 = ORIENTED_EDGE('',*,*,#2010,.F.);
#2010 = EDGE_CURVE('',#2011,#2002,#2013,.T.);
#2011 = VERTEX_POINT('',#2012);
#2012 = CARTESIAN_POINT('',(36.251649512139,32.454690990333,25.935));
#2013 = ELLIPSE('',#2014,0.569892691803,0.565);
#2014 = AXIS2_PLACEMENT_3D('',#2015,#2016,#2017);
#2015 = CARTESIAN_POINT('',(36.251649512139,32.454690990333,26.5));
#2016 = DIRECTION('',(-0.463303149129,0.886199860081,0.));
#2017 = DIRECTION('',(0.886199860081,0.463303149129,0.));
#2018 = ORIENTED_EDGE('',*,*,#2019,.F.);
#2019 = EDGE_CURVE('',#1994,#2011,#2020,.T.);
#2020 = CIRCLE('',#2021,0.565);
#2021 = AXIS2_PLACEMENT_3D('',#2022,#2023,#2024);
#2022 = CARTESIAN_POINT('',(36.251649512139,32.454690990333,26.5));
#2023 = DIRECTION('',(-0.343450513182,0.939170775203,0.));
#2024 = DIRECTION('',(0.939170775203,0.343450513182,0.));
#2025 = ORIENTED_EDGE('',*,*,#1993,.F.);
#2026 = ORIENTED_EDGE('',*,*,#1966,.T.);
#2027 = CYLINDRICAL_SURFACE('',#2028,0.565);
#2028 = AXIS2_PLACEMENT_3D('',#2029,#2030,#2031);
#2029 = CARTESIAN_POINT('',(36.689777863986,31.256622191337,26.5));
#2030 = DIRECTION('',(-0.343450513182,0.939170775203,0.));
#2031 = DIRECTION('',(0.939170775203,0.343450513182,0.));
#2032 = ADVANCED_FACE('',(#2033),#2053,.T.);
#2033 = FACE_BOUND('',#2034,.T.);
#2034 = EDGE_LOOP('',(#2035,#2036,#2045,#2052));
#2035 = ORIENTED_EDGE('',*,*,#2019,.T.);
#2036 = ORIENTED_EDGE('',*,*,#2037,.F.);
#2037 = EDGE_CURVE('',#2038,#2011,#2040,.T.);
#2038 = VERTEX_POINT('',#2039);
#2039 = CARTESIAN_POINT('',(36.71382651039,32.779679332105,26.5));
#2040 = CIRCLE('',#2041,0.565);
#2041 = AXIS2_PLACEMENT_3D('',#2042,#2043,#2044);
#2042 = CARTESIAN_POINT('',(36.251649512139,32.454690990333,26.5));
#2043 = DIRECTION('',(-0.575200604906,0.818012386285,0.));
#2044 = DIRECTION('',(0.818012386285,0.575200604906,0.));
#2045 = ORIENTED_EDGE('',*,*,#2046,.F.);
#2046 = EDGE_CURVE('',#2002,#2038,#2047,.T.);
#2047 = CIRCLE('',#2048,0.565);
#2048 = AXIS2_PLACEMENT_3D('',#2049,#2050,#2051);
#2049 = CARTESIAN_POINT('',(36.251649512139,32.454690990333,26.5));
#2050 = DIRECTION('',(-0.575200604906,0.818012386285,0.));
#2051 = DIRECTION('',(0.818012386285,0.575200604906,0.));
#2052 = ORIENTED_EDGE('',*,*,#2001,.T.);
#2053 = SPHERICAL_SURFACE('',#2054,0.565);
#2054 = AXIS2_PLACEMENT_3D('',#2055,#2056,#2057);
#2055 = CARTESIAN_POINT('',(36.251649512139,32.454690990333,26.5));
#2056 = DIRECTION('',(0.,0.,1.));
#2057 = DIRECTION('',(1.,0.,0.));
#2058 = ADVANCED_FACE('',(#2059),#2107,.T.);
#2059 = FACE_BOUND('',#2060,.T.);
#2060 = EDGE_LOOP('',(#2061,#2062,#2063,#2071,#2080,#2089,#2098,#2105,
    #2106));
#2061 = ORIENTED_EDGE('',*,*,#2010,.T.);
#2062 = ORIENTED_EDGE('',*,*,#2046,.T.);
#2063 = ORIENTED_EDGE('',*,*,#2064,.T.);
#2064 = EDGE_CURVE('',#2038,#2065,#2067,.T.);
#2065 = VERTEX_POINT('',#2066);
#2066 = CARTESIAN_POINT('',(35.971935905529,33.83474724905,26.5));
#2067 = LINE('',#2068,#2069);
#2068 = CARTESIAN_POINT('',(36.71382651039,32.779679332105,26.5));
#2069 = VECTOR('',#2070,1.);
#2070 = DIRECTION('',(-0.575200604906,0.818012386285,0.));
#2071 = ORIENTED_EDGE('',*,*,#2072,.F.);
#2072 = EDGE_CURVE('',#2073,#2065,#2075,.T.);
#2073 = VERTEX_POINT('',#2074);
#2074 = CARTESIAN_POINT('',(35.509758907278,33.509758907278,27.065));
#2075 = CIRCLE('',#2076,0.565);
#2076 = AXIS2_PLACEMENT_3D('',#2077,#2078,#2079);
#2077 = CARTESIAN_POINT('',(35.509758907278,33.509758907278,26.5));
#2078 = DIRECTION('',(-0.575200604906,0.818012386285,0.));
#2079 = DIRECTION('',(0.818012386285,0.575200604906,0.));
#2080 = ORIENTED_EDGE('',*,*,#2081,.F.);
#2081 = EDGE_CURVE('',#2082,#2073,#2084,.T.);
#2082 = VERTEX_POINT('',#2083);
#2083 = CARTESIAN_POINT('',(35.090442081065,33.123817653938,26.5));
#2084 = ELLIPSE('',#2085,0.569892315947,0.565);
#2085 = AXIS2_PLACEMENT_3D('',#2086,#2087,#2088);
#2086 = CARTESIAN_POINT('',(35.509758907278,33.509758907278,26.5));
#2087 = DIRECTION('',(-0.677217857727,0.735782558353,0.));
#2088 = DIRECTION('',(0.735782558353,0.677217857727,0.));
#2089 = ORIENTED_EDGE('',*,*,#2090,.F.);
#2090 = EDGE_CURVE('',#2091,#2082,#2093,.T.);
#2091 = VERTEX_POINT('',#2092);
#2092 = CARTESIAN_POINT('',(35.509758907278,33.509758907278,25.935));
#2093 = ELLIPSE('',#2094,0.569892315947,0.565);
#2094 = AXIS2_PLACEMENT_3D('',#2095,#2096,#2097);
#2095 = CARTESIAN_POINT('',(35.509758907278,33.509758907278,26.5));
#2096 = DIRECTION('',(-0.677217857727,0.735782558353,0.));
#2097 = DIRECTION('',(0.735782558353,0.677217857727,0.));
#2098 = ORIENTED_EDGE('',*,*,#2099,.F.);
#2099 = EDGE_CURVE('',#2065,#2091,#2100,.T.);
#2100 = CIRCLE('',#2101,0.565);
#2101 = AXIS2_PLACEMENT_3D('',#2102,#2103,#2104);
#2102 = CARTESIAN_POINT('',(35.509758907278,33.509758907278,26.5));
#2103 = DIRECTION('',(-0.575200604906,0.818012386285,0.));
#2104 = DIRECTION('',(0.818012386285,0.575200604906,0.));
#2105 = ORIENTED_EDGE('',*,*,#2064,.F.);
#2106 = ORIENTED_EDGE('',*,*,#2037,.T.);
#2107 = CYLINDRICAL_SURFACE('',#2108,0.565);
#2108 = AXIS2_PLACEMENT_3D('',#2109,#2110,#2111);
#2109 = CARTESIAN_POINT('',(36.251649512139,32.454690990333,26.5));
#2110 = DIRECTION('',(-0.575200604906,0.818012386285,0.));
#2111 = DIRECTION('',(0.818012386285,0.575200604906,0.));
#2112 = ADVANCED_FACE('',(#2113),#2124,.T.);
#2113 = FACE_BOUND('',#2114,.T.);
#2114 = EDGE_LOOP('',(#2115,#2116,#2123));
#2115 = ORIENTED_EDGE('',*,*,#2099,.T.);
#2116 = ORIENTED_EDGE('',*,*,#2117,.F.);
#2117 = EDGE_CURVE('',#2073,#2091,#2118,.T.);
#2118 = CIRCLE('',#2119,0.565);
#2119 = AXIS2_PLACEMENT_3D('',#2120,#2121,#2122);
#2120 = CARTESIAN_POINT('',(35.509758907278,33.509758907278,26.5));
#2121 = DIRECTION('',(-0.767607778041,0.64091988508,0.));
#2122 = DIRECTION('',(-0.64091988508,-0.767607778041,0.));
#2123 = ORIENTED_EDGE('',*,*,#2072,.T.);
#2124 = SPHERICAL_SURFACE('',#2125,0.565);
#2125 = AXIS2_PLACEMENT_3D('',#2126,#2127,#2128);
#2126 = CARTESIAN_POINT('',(35.509758907278,33.509758907278,26.5));
#2127 = DIRECTION('',(0.,0.,1.));
#2128 = DIRECTION('',(1.,0.,0.));
#2129 = ADVANCED_FACE('',(#2130),#2169,.T.);
#2130 = FACE_BOUND('',#2131,.T.);
#2131 = EDGE_LOOP('',(#2132,#2133,#2134,#2142,#2151,#2160,#2167,#2168));
#2132 = ORIENTED_EDGE('',*,*,#2117,.T.);
#2133 = ORIENTED_EDGE('',*,*,#2090,.T.);
#2134 = ORIENTED_EDGE('',*,*,#2135,.T.);
#2135 = EDGE_CURVE('',#2082,#2136,#2138,.T.);
#2136 = VERTEX_POINT('',#2137);
#2137 = CARTESIAN_POINT('',(34.203932877457,33.864015178185,26.5));
#2138 = LINE('',#2139,#2140);
#2139 = CARTESIAN_POINT('',(35.147639172208,33.076060512685,26.5));
#2140 = VECTOR('',#2141,1.);
#2141 = DIRECTION('',(-0.767607778041,0.64091988508,2.465190328816E-32)
  );
#2142 = ORIENTED_EDGE('',*,*,#2143,.F.);
#2143 = EDGE_CURVE('',#2144,#2136,#2146,.T.);
#2144 = VERTEX_POINT('',#2145);
#2145 = CARTESIAN_POINT('',(34.508857657,34.345468930882,25.935));
#2146 = ELLIPSE('',#2147,0.569891952185,0.565);
#2147 = AXIS2_PLACEMENT_3D('',#2148,#2149,#2150);
#2148 = CARTESIAN_POINT('',(34.508857657,34.345468930882,26.5));
#2149 = DIRECTION('',(-0.844815847725,0.535057177722,0.));
#2150 = DIRECTION('',(0.535057177722,0.844815847725,0.));
#2151 = ORIENTED_EDGE('',*,*,#2152,.F.);
#2152 = EDGE_CURVE('',#2153,#2144,#2155,.T.);
#2153 = VERTEX_POINT('',#2154);
#2154 = CARTESIAN_POINT('',(34.508857657,34.345468930882,27.065));
#2155 = CIRCLE('',#2156,0.565);
#2156 = AXIS2_PLACEMENT_3D('',#2157,#2158,#2159);
#2157 = CARTESIAN_POINT('',(34.508857657,34.345468930882,26.5));
#2158 = DIRECTION('',(-0.767607778041,0.64091988508,0.));
#2159 = DIRECTION('',(-0.64091988508,-0.767607778041,0.));
#2160 = ORIENTED_EDGE('',*,*,#2161,.F.);
#2161 = EDGE_CURVE('',#2136,#2153,#2162,.T.);
#2162 = ELLIPSE('',#2163,0.569891952185,0.565);
#2163 = AXIS2_PLACEMENT_3D('',#2164,#2165,#2166);
#2164 = CARTESIAN_POINT('',(34.508857657,34.345468930882,26.5));
#2165 = DIRECTION('',(-0.844815847725,0.535057177722,0.));
#2166 = DIRECTION('',(0.535057177722,0.844815847725,0.));
#2167 = ORIENTED_EDGE('',*,*,#2135,.F.);
#2168 = ORIENTED_EDGE('',*,*,#2081,.T.);
#2169 = CYLINDRICAL_SURFACE('',#2170,0.565);
#2170 = AXIS2_PLACEMENT_3D('',#2171,#2172,#2173);
#2171 = CARTESIAN_POINT('',(35.509758907278,33.509758907278,26.5));
#2172 = DIRECTION('',(-0.767607778041,0.64091988508,0.));
#2173 = DIRECTION('',(-0.64091988508,-0.767607778041,0.));
#2174 = ADVANCED_FACE('',(#2175),#2220,.T.);
#2175 = FACE_BOUND('',#2176,.T.);
#2176 = EDGE_LOOP('',(#2177,#2184,#2185,#2193,#2202,#2211,#2218,#2219));
#2177 = ORIENTED_EDGE('',*,*,#2178,.T.);
#2178 = EDGE_CURVE('',#2153,#2144,#2179,.T.);
#2179 = CIRCLE('',#2180,0.565);
#2180 = AXIS2_PLACEMENT_3D('',#2181,#2182,#2183);
#2181 = CARTESIAN_POINT('',(34.508857657,34.345468930882,26.5));
#2182 = DIRECTION('',(-0.907520119921,0.420008609362,0.));
#2183 = DIRECTION('',(-0.420008609362,-0.907520119921,0.));
#2184 = ORIENTED_EDGE('',*,*,#2143,.T.);
#2185 = ORIENTED_EDGE('',*,*,#2186,.T.);
#2186 = EDGE_CURVE('',#2136,#2187,#2189,.T.);
#2187 = VERTEX_POINT('',#2188);
#2188 = CARTESIAN_POINT('',(33.143012257489,34.355018941578,26.5));
#2189 = LINE('',#2190,#2191);
#2190 = CARTESIAN_POINT('',(34.27155279271,33.832720063126,26.5));
#2191 = VECTOR('',#2192,1.);
#2192 = DIRECTION('',(-0.907520119921,0.420008609362,-1.232595164408E-32
    ));
#2193 = ORIENTED_EDGE('',*,*,#2194,.F.);
#2194 = EDGE_CURVE('',#2195,#2187,#2197,.T.);
#2195 = VERTEX_POINT('',#2196);
#2196 = CARTESIAN_POINT('',(33.312699651109,34.899061793016,25.935));
#2197 = ELLIPSE('',#2198,0.569891600003,0.565);
#2198 = AXIS2_PLACEMENT_3D('',#2199,#2200,#2201);
#2199 = CARTESIAN_POINT('',(33.312699651109,34.899061793016,26.5));
#2200 = DIRECTION('',(-0.954642692461,0.297753807249,0.));
#2201 = DIRECTION('',(0.297753807249,0.954642692461,0.));
#2202 = ORIENTED_EDGE('',*,*,#2203,.F.);
#2203 = EDGE_CURVE('',#2204,#2195,#2206,.T.);
#2204 = VERTEX_POINT('',#2205);
#2205 = CARTESIAN_POINT('',(33.312699651109,34.899061793016,27.065));
#2206 = CIRCLE('',#2207,0.565);
#2207 = AXIS2_PLACEMENT_3D('',#2208,#2209,#2210);
#2208 = CARTESIAN_POINT('',(33.312699651109,34.899061793016,26.5));
#2209 = DIRECTION('',(-0.907520119921,0.420008609362,0.));
#2210 = DIRECTION('',(-0.420008609362,-0.907520119921,0.));
#2211 = ORIENTED_EDGE('',*,*,#2212,.F.);
#2212 = EDGE_CURVE('',#2187,#2204,#2213,.T.);
#2213 = ELLIPSE('',#2214,0.569891600003,0.565);
#2214 = AXIS2_PLACEMENT_3D('',#2215,#2216,#2217);
#2215 = CARTESIAN_POINT('',(33.312699651109,34.899061793016,26.5));
#2216 = DIRECTION('',(-0.954642692461,0.297753807249,0.));
#2217 = DIRECTION('',(0.297753807249,0.954642692461,0.));
#2218 = ORIENTED_EDGE('',*,*,#2186,.F.);
#2219 = ORIENTED_EDGE('',*,*,#2161,.T.);
#2220 = CYLINDRICAL_SURFACE('',#2221,0.565);
#2221 = AXIS2_PLACEMENT_3D('',#2222,#2223,#2224);
#2222 = CARTESIAN_POINT('',(34.508857657,34.345468930882,26.5));
#2223 = DIRECTION('',(-0.907520119921,0.420008609362,0.));
#2224 = DIRECTION('',(-0.420008609362,-0.907520119921,0.));
#2225 = ADVANCED_FACE('',(#2226),#2230,.T.);
#2226 = FACE_BOUND('',#2227,.T.);
#2227 = EDGE_LOOP('',(#2228,#2229));
#2228 = ORIENTED_EDGE('',*,*,#2152,.T.);
#2229 = ORIENTED_EDGE('',*,*,#2178,.F.);
#2230 = SPHERICAL_SURFACE('',#2231,0.565);
#2231 = AXIS2_PLACEMENT_3D('',#2232,#2233,#2234);
#2232 = CARTESIAN_POINT('',(34.508857657,34.345468930882,26.5));
#2233 = DIRECTION('',(0.,0.,1.));
#2234 = DIRECTION('',(1.,0.,0.));
#2235 = ADVANCED_FACE('',(#2236),#2281,.T.);
#2236 = FACE_BOUND('',#2237,.T.);
#2237 = EDGE_LOOP('',(#2238,#2245,#2246,#2254,#2263,#2272,#2279,#2280));
#2238 = ORIENTED_EDGE('',*,*,#2239,.T.);
#2239 = EDGE_CURVE('',#2204,#2195,#2240,.T.);
#2240 = CIRCLE('',#2241,0.565);
#2241 = AXIS2_PLACEMENT_3D('',#2242,#2243,#2244);
#2242 = CARTESIAN_POINT('',(33.312699651109,34.899061793016,26.5));
#2243 = DIRECTION('',(-0.985377130142,0.170387532973,0.));
#2244 = DIRECTION('',(-0.170387532973,-0.985377130142,0.));
#2245 = ORIENTED_EDGE('',*,*,#2194,.T.);
#2246 = ORIENTED_EDGE('',*,*,#2247,.T.);
#2247 = EDGE_CURVE('',#2187,#2248,#2250,.T.);
#2248 = VERTEX_POINT('',#2249);
#2249 = CARTESIAN_POINT('',(31.977146910577,34.55661578624,26.5));
#2250 = LINE('',#2251,#2252);
#2251 = CARTESIAN_POINT('',(33.216430694979,34.342323714485,26.5));
#2252 = VECTOR('',#2253,1.);
#2253 = DIRECTION('',(-0.985377130142,0.170387532973,0.));
#2254 = ORIENTED_EDGE('',*,*,#2255,.F.);
#2255 = EDGE_CURVE('',#2256,#2248,#2258,.T.);
#2256 = VERTEX_POINT('',#2257);
#2257 = CARTESIAN_POINT('',(32.,35.126048647333,25.935));
#2258 = ELLIPSE('',#2259,0.569891258916,0.565);
#2259 = AXIS2_PLACEMENT_3D('',#2260,#2261,#2262);
#2260 = CARTESIAN_POINT('',(32.,35.126048647333,26.5));
#2261 = DIRECTION('',(-0.999195639842,4.010078951931E-02,0.));
#2262 = DIRECTION('',(4.010078951931E-02,0.999195639842,0.));
#2263 = ORIENTED_EDGE('',*,*,#2264,.F.);
#2264 = EDGE_CURVE('',#2265,#2256,#2267,.T.);
#2265 = VERTEX_POINT('',#2266);
#2266 = CARTESIAN_POINT('',(32.,35.126048647333,27.065));
#2267 = CIRCLE('',#2268,0.565);
#2268 = AXIS2_PLACEMENT_3D('',#2269,#2270,#2271);
#2269 = CARTESIAN_POINT('',(32.,35.126048647333,26.5));
#2270 = DIRECTION('',(-0.985377130142,0.170387532973,0.));
#2271 = DIRECTION('',(-0.170387532973,-0.985377130142,0.));
#2272 = ORIENTED_EDGE('',*,*,#2273,.F.);
#2273 = EDGE_CURVE('',#2248,#2265,#2274,.T.);
#2274 = ELLIPSE('',#2275,0.569891258916,0.565);
#2275 = AXIS2_PLACEMENT_3D('',#2276,#2277,#2278);
#2276 = CARTESIAN_POINT('',(32.,35.126048647333,26.5));
#2277 = DIRECTION('',(-0.999195639842,4.010078951931E-02,0.));
#2278 = DIRECTION('',(4.010078951931E-02,0.999195639842,0.));
#2279 = ORIENTED_EDGE('',*,*,#2247,.F.);
#2280 = ORIENTED_EDGE('',*,*,#2212,.T.);
#2281 = CYLINDRICAL_SURFACE('',#2282,0.565);
#2282 = AXIS2_PLACEMENT_3D('',#2283,#2284,#2285);
#2283 = CARTESIAN_POINT('',(33.312699651109,34.899061793016,26.5));
#2284 = DIRECTION('',(-0.985377130142,0.170387532973,0.));
#2285 = DIRECTION('',(-0.170387532973,-0.985377130142,0.));
#2286 = ADVANCED_FACE('',(#2287),#2291,.T.);
#2287 = FACE_BOUND('',#2288,.T.);
#2288 = EDGE_LOOP('',(#2289,#2290));
#2289 = ORIENTED_EDGE('',*,*,#2203,.T.);
#2290 = ORIENTED_EDGE('',*,*,#2239,.F.);
#2291 = SPHERICAL_SURFACE('',#2292,0.565);
#2292 = AXIS2_PLACEMENT_3D('',#2293,#2294,#2295);
#2293 = CARTESIAN_POINT('',(33.312699651109,34.899061793016,26.5));
#2294 = DIRECTION('',(0.,0.,1.));
#2295 = DIRECTION('',(1.,0.,0.));
#2296 = ADVANCED_FACE('',(#2297),#2342,.T.);
#2297 = FACE_BOUND('',#2298,.T.);
#2298 = EDGE_LOOP('',(#2299,#2306,#2307,#2315,#2324,#2333,#2340,#2341));
#2299 = ORIENTED_EDGE('',*,*,#2300,.T.);
#2300 = EDGE_CURVE('',#2265,#2256,#2301,.T.);
#2301 = CIRCLE('',#2302,0.565);
#2302 = AXIS2_PLACEMENT_3D('',#2303,#2304,#2305);
#2303 = CARTESIAN_POINT('',(32.,35.126048647333,26.5));
#2304 = DIRECTION('',(-0.995862370126,-9.087430751497E-02,0.));
#2305 = DIRECTION('',(9.087430751497E-02,-0.995862370126,0.));
#2306 = ORIENTED_EDGE('',*,*,#2255,.T.);
#2307 = ORIENTED_EDGE('',*,*,#2308,.T.);
#2308 = EDGE_CURVE('',#2248,#2309,#2311,.T.);
#2309 = VERTEX_POINT('',#2310);
#2310 = CARTESIAN_POINT('',(30.784800158691,34.447811910679,26.5));
#2311 = LINE('',#2312,#2313);
#2312 = CARTESIAN_POINT('',(32.051343983746,34.563386408212,26.5));
#2313 = VECTOR('',#2314,1.);
#2314 = DIRECTION('',(-0.995862370126,-9.087430751497E-02,
    -3.08148791102E-33));
#2315 = ORIENTED_EDGE('',*,*,#2316,.F.);
#2316 = EDGE_CURVE('',#2317,#2309,#2319,.T.);
#2317 = VERTEX_POINT('',#2318);
#2318 = CARTESIAN_POINT('',(30.659261619005,35.00370375753,25.935));
#2319 = ELLIPSE('',#2320,0.569890928461,0.565);
#2320 = AXIS2_PLACEMENT_3D('',#2321,#2322,#2323);
#2321 = CARTESIAN_POINT('',(30.659261619005,35.00370375753,26.5));
#2322 = DIRECTION('',(-0.975435507199,-0.220285204442,-0.));
#2323 = DIRECTION('',(-0.220285204442,0.975435507199,0.));
#2324 = ORIENTED_EDGE('',*,*,#2325,.F.);
#2325 = EDGE_CURVE('',#2326,#2317,#2328,.T.);
#2326 = VERTEX_POINT('',#2327);
#2327 = CARTESIAN_POINT('',(30.659261619005,35.00370375753,27.065));
#2328 = CIRCLE('',#2329,0.565);
#2329 = AXIS2_PLACEMENT_3D('',#2330,#2331,#2332);
#2330 = CARTESIAN_POINT('',(30.659261619005,35.00370375753,26.5));
#2331 = DIRECTION('',(-0.995862370126,-9.087430751497E-02,0.));
#2332 = DIRECTION('',(9.087430751497E-02,-0.995862370126,0.));
#2333 = ORIENTED_EDGE('',*,*,#2334,.F.);
#2334 = EDGE_CURVE('',#2309,#2326,#2335,.T.);
#2335 = ELLIPSE('',#2336,0.569890928461,0.565);
#2336 = AXIS2_PLACEMENT_3D('',#2337,#2338,#2339);
#2337 = CARTESIAN_POINT('',(30.659261619005,35.00370375753,26.5));
#2338 = DIRECTION('',(-0.975435507199,-0.220285204442,-0.));
#2339 = DIRECTION('',(-0.220285204442,0.975435507199,0.));
#2340 = ORIENTED_EDGE('',*,*,#2308,.F.);
#2341 = ORIENTED_EDGE('',*,*,#2273,.T.);
#2342 = CYLINDRICAL_SURFACE('',#2343,0.565);
#2343 = AXIS2_PLACEMENT_3D('',#2344,#2345,#2346);
#2344 = CARTESIAN_POINT('',(32.,35.126048647333,26.5));
#2345 = DIRECTION('',(-0.995862370126,-9.087430751497E-02,0.));
#2346 = DIRECTION('',(9.087430751497E-02,-0.995862370126,0.));
#2347 = ADVANCED_FACE('',(#2348),#2352,.T.);
#2348 = FACE_BOUND('',#2349,.T.);
#2349 = EDGE_LOOP('',(#2350,#2351));
#2350 = ORIENTED_EDGE('',*,*,#2264,.T.);
#2351 = ORIENTED_EDGE('',*,*,#2300,.F.);
#2352 = SPHERICAL_SURFACE('',#2353,0.565);
#2353 = AXIS2_PLACEMENT_3D('',#2354,#2355,#2356);
#2354 = CARTESIAN_POINT('',(32.,35.126048647333,26.5));
#2355 = DIRECTION('',(0.,0.,1.));
#2356 = DIRECTION('',(1.,0.,0.));
#2357 = ADVANCED_FACE('',(#2358),#2403,.T.);
#2358 = FACE_BOUND('',#2359,.T.);
#2359 = EDGE_LOOP('',(#2360,#2367,#2368,#2376,#2385,#2394,#2401,#2402));
#2360 = ORIENTED_EDGE('',*,*,#2361,.T.);
#2361 = EDGE_CURVE('',#2326,#2317,#2362,.T.);
#2362 = CIRCLE('',#2363,0.565);
#2363 = AXIS2_PLACEMENT_3D('',#2364,#2365,#2366);
#2364 = CARTESIAN_POINT('',(30.659261619005,35.00370375753,26.5));
#2365 = DIRECTION('',(-0.938265842987,-0.345915029862,0.));
#2366 = DIRECTION('',(0.345915029862,-0.938265842987,0.));
#2367 = ORIENTED_EDGE('',*,*,#2316,.T.);
#2368 = ORIENTED_EDGE('',*,*,#2369,.T.);
#2369 = EDGE_CURVE('',#2309,#2370,#2372,.T.);
#2370 = VERTEX_POINT('',#2371);
#2371 = CARTESIAN_POINT('',(29.648152155182,34.02875836523,26.5));
#2372 = LINE('',#2373,#2374);
#2373 = CARTESIAN_POINT('',(30.854703610877,34.473583556243,26.5));
#2374 = VECTOR('',#2375,1.);
#2375 = DIRECTION('',(-0.938265842987,-0.345915029862,
    -1.232595164408E-32));
#2376 = ORIENTED_EDGE('',*,*,#2377,.F.);
#2377 = EDGE_CURVE('',#2378,#2370,#2380,.T.);
#2378 = VERTEX_POINT('',#2379);
#2379 = CARTESIAN_POINT('',(29.382809009667,34.533107768368,25.935));
#2380 = ELLIPSE('',#2381,0.569890608203,0.565);
#2381 = AXIS2_PLACEMENT_3D('',#2382,#2383,#2384);
#2382 = CARTESIAN_POINT('',(29.382809009667,34.533107768368,26.5));
#2383 = DIRECTION('',(-0.884993358162,-0.465603646903,-0.));
#2384 = DIRECTION('',(-0.465603646903,0.884993358162,0.));
#2385 = ORIENTED_EDGE('',*,*,#2386,.F.);
#2386 = EDGE_CURVE('',#2387,#2378,#2389,.T.);
#2387 = VERTEX_POINT('',#2388);
#2388 = CARTESIAN_POINT('',(29.382809009667,34.533107768368,27.065));
#2389 = CIRCLE('',#2390,0.565);
#2390 = AXIS2_PLACEMENT_3D('',#2391,#2392,#2393);
#2391 = CARTESIAN_POINT('',(29.382809009667,34.533107768368,26.5));
#2392 = DIRECTION('',(-0.938265842987,-0.345915029862,0.));
#2393 = DIRECTION('',(0.345915029862,-0.938265842987,0.));
#2394 = ORIENTED_EDGE('',*,*,#2395,.F.);
#2395 = EDGE_CURVE('',#2370,#2387,#2396,.T.);
#2396 = ELLIPSE('',#2397,0.569890608203,0.565);
#2397 = AXIS2_PLACEMENT_3D('',#2398,#2399,#2400);
#2398 = CARTESIAN_POINT('',(29.382809009667,34.533107768368,26.5));
#2399 = DIRECTION('',(-0.884993358162,-0.465603646903,-0.));
#2400 = DIRECTION('',(-0.465603646903,0.884993358162,0.));
#2401 = ORIENTED_EDGE('',*,*,#2369,.F.);
#2402 = ORIENTED_EDGE('',*,*,#2334,.T.);
#2403 = CYLINDRICAL_SURFACE('',#2404,0.565);
#2404 = AXIS2_PLACEMENT_3D('',#2405,#2406,#2407);
#2405 = CARTESIAN_POINT('',(30.659261619005,35.00370375753,26.5));
#2406 = DIRECTION('',(-0.938265842987,-0.345915029862,0.));
#2407 = DIRECTION('',(0.345915029862,-0.938265842987,0.));
#2408 = ADVANCED_FACE('',(#2409),#2413,.T.);
#2409 = FACE_BOUND('',#2410,.T.);
#2410 = EDGE_LOOP('',(#2411,#2412));
#2411 = ORIENTED_EDGE('',*,*,#2325,.T.);
#2412 = ORIENTED_EDGE('',*,*,#2361,.F.);
#2413 = SPHERICAL_SURFACE('',#2414,0.565);
#2414 = AXIS2_PLACEMENT_3D('',#2415,#2416,#2417);
#2415 = CARTESIAN_POINT('',(30.659261619005,35.00370375753,26.5));
#2416 = DIRECTION('',(0.,0.,1.));
#2417 = DIRECTION('',(1.,0.,0.));
#2418 = ADVANCED_FACE('',(#2419),#2464,.T.);
#2419 = FACE_BOUND('',#2420,.T.);
#2420 = EDGE_LOOP('',(#2421,#2428,#2429,#2437,#2446,#2455,#2462,#2463));
#2421 = ORIENTED_EDGE('',*,*,#2422,.T.);
#2422 = EDGE_CURVE('',#2387,#2378,#2423,.T.);
#2423 = CIRCLE('',#2424,0.565);
#2424 = AXIS2_PLACEMENT_3D('',#2425,#2426,#2427);
#2425 = CARTESIAN_POINT('',(29.382809009667,34.533107768368,26.5));
#2426 = DIRECTION('',(-0.816531446754,-0.577300958307,0.));
#2427 = DIRECTION('',(0.577300958307,-0.816531446754,0.));
#2428 = ORIENTED_EDGE('',*,*,#2377,.T.);
#2429 = ORIENTED_EDGE('',*,*,#2430,.T.);
#2430 = EDGE_CURVE('',#2370,#2431,#2433,.T.);
#2431 = VERTEX_POINT('',#2432);
#2432 = CARTESIAN_POINT('',(28.647436386915,33.321236108359,26.5));
#2433 = LINE('',#2434,#2435);
#2434 = CARTESIAN_POINT('',(29.70898405111,34.071767500953,26.5));
#2435 = VECTOR('',#2436,1.);
#2436 = DIRECTION('',(-0.816531446754,-0.577300958307,0.));
#2437 = ORIENTED_EDGE('',*,*,#2438,.F.);
#2438 = EDGE_CURVE('',#2439,#2431,#2441,.T.);
#2439 = VERTEX_POINT('',#2440);
#2440 = CARTESIAN_POINT('',(28.260431388836,33.739568611164,25.935));
#2441 = ELLIPSE('',#2442,0.569890297725,0.565);
#2442 = AXIS2_PLACEMENT_3D('',#2443,#2444,#2445);
#2443 = CARTESIAN_POINT('',(28.260431388836,33.739568611164,26.5));
#2444 = DIRECTION('',(-0.734057948476,-0.679086834123,-0.));
#2445 = DIRECTION('',(-0.679086834123,0.734057948476,0.));
#2446 = ORIENTED_EDGE('',*,*,#2447,.F.);
#2447 = EDGE_CURVE('',#2448,#2439,#2450,.T.);
#2448 = VERTEX_POINT('',#2449);
#2449 = CARTESIAN_POINT('',(28.260431388836,33.739568611164,27.065));
#2450 = CIRCLE('',#2451,0.565);
#2451 = AXIS2_PLACEMENT_3D('',#2452,#2453,#2454);
#2452 = CARTESIAN_POINT('',(28.260431388836,33.739568611164,26.5));
#2453 = DIRECTION('',(-0.816531446754,-0.577300958307,0.));
#2454 = DIRECTION('',(0.577300958307,-0.816531446754,0.));
#2455 = ORIENTED_EDGE('',*,*,#2456,.F.);
#2456 = EDGE_CURVE('',#2431,#2448,#2457,.T.);
#2457 = ELLIPSE('',#2458,0.569890297725,0.565);
#2458 = AXIS2_PLACEMENT_3D('',#2459,#2460,#2461);
#2459 = CARTESIAN_POINT('',(28.260431388836,33.739568611164,26.5));
#2460 = DIRECTION('',(-0.734057948476,-0.679086834123,-0.));
#2461 = DIRECTION('',(-0.679086834123,0.734057948476,0.));
#2462 = ORIENTED_EDGE('',*,*,#2430,.F.);
#2463 = ORIENTED_EDGE('',*,*,#2395,.T.);
#2464 = CYLINDRICAL_SURFACE('',#2465,0.565);
#2465 = AXIS2_PLACEMENT_3D('',#2466,#2467,#2468);
#2466 = CARTESIAN_POINT('',(29.382809009667,34.533107768368,26.5));
#2467 = DIRECTION('',(-0.816531446754,-0.577300958307,0.));
#2468 = DIRECTION('',(0.577300958307,-0.816531446754,0.));
#2469 = ADVANCED_FACE('',(#2470),#2474,.T.);
#2470 = FACE_BOUND('',#2471,.T.);
#2471 = EDGE_LOOP('',(#2472,#2473));
#2472 = ORIENTED_EDGE('',*,*,#2386,.T.);
#2473 = ORIENTED_EDGE('',*,*,#2422,.F.);
#2474 = SPHERICAL_SURFACE('',#2475,0.565);
#2475 = AXIS2_PLACEMENT_3D('',#2476,#2477,#2478);
#2476 = CARTESIAN_POINT('',(29.382809009667,34.533107768368,26.5));
#2477 = DIRECTION('',(0.,0.,1.));
#2478 = DIRECTION('',(1.,0.,0.));
#2479 = ADVANCED_FACE('',(#2480),#2534,.T.);
#2480 = FACE_BOUND('',#2481,.T.);
#2481 = EDGE_LOOP('',(#2482,#2483,#2492,#2500,#2509,#2518,#2525,#2526,
    #2533));
#2482 = ORIENTED_EDGE('',*,*,#2456,.T.);
#2483 = ORIENTED_EDGE('',*,*,#2484,.T.);
#2484 = EDGE_CURVE('',#2448,#2485,#2487,.T.);
#2485 = VERTEX_POINT('',#2486);
#2486 = CARTESIAN_POINT('',(27.825823186598,34.10059591006,26.5));
#2487 = CIRCLE('',#2488,0.565);
#2488 = AXIS2_PLACEMENT_3D('',#2489,#2490,#2491);
#2489 = CARTESIAN_POINT('',(28.260431388836,33.739568611164,26.5));
#2490 = DIRECTION('',(-0.638986369727,-0.769218057058,-0.));
#2491 = DIRECTION('',(-0.769218057058,0.638986369727,0.));
#2492 = ORIENTED_EDGE('',*,*,#2493,.T.);
#2493 = EDGE_CURVE('',#2485,#2494,#2496,.T.);
#2494 = VERTEX_POINT('',#2495);
#2495 = CARTESIAN_POINT('',(26.938464610651,33.032384955895,26.5));
#2496 = LINE('',#2497,#2498);
#2497 = CARTESIAN_POINT('',(27.825823186598,34.10059591006,26.5));
#2498 = VECTOR('',#2499,1.);
#2499 = DIRECTION('',(-0.638986369727,-0.769218057058,0.));
#2500 = ORIENTED_EDGE('',*,*,#2501,.F.);
#2501 = EDGE_CURVE('',#2502,#2494,#2504,.T.);
#2502 = VERTEX_POINT('',#2503);
#2503 = CARTESIAN_POINT('',(27.373072812888,32.671357657,27.065));
#2504 = CIRCLE('',#2505,0.565);
#2505 = AXIS2_PLACEMENT_3D('',#2506,#2507,#2508);
#2506 = CARTESIAN_POINT('',(27.373072812888,32.671357657,26.5));
#2507 = DIRECTION('',(-0.638986369727,-0.769218057058,-0.));
#2508 = DIRECTION('',(-0.769218057058,0.638986369727,0.));
#2509 = ORIENTED_EDGE('',*,*,#2510,.F.);
#2510 = EDGE_CURVE('',#2511,#2502,#2513,.T.);
#2511 = VERTEX_POINT('',#2512);
#2512 = CARTESIAN_POINT('',(27.373072812888,32.671357657,25.935));
#2513 = ELLIPSE('',#2514,0.569889996634,0.565);
#2514 = AXIS2_PLACEMENT_3D('',#2515,#2516,#2517);
#2515 = CARTESIAN_POINT('',(27.373072812888,32.671357657,26.5));
#2516 = DIRECTION('',(-0.532951742483,-0.846145637691,-0.));
#2517 = DIRECTION('',(-0.846145637691,0.532951742483,0.));
#2518 = ORIENTED_EDGE('',*,*,#2519,.F.);
#2519 = EDGE_CURVE('',#2494,#2511,#2520,.T.);
#2520 = CIRCLE('',#2521,0.565);
#2521 = AXIS2_PLACEMENT_3D('',#2522,#2523,#2524);
#2522 = CARTESIAN_POINT('',(27.373072812888,32.671357657,26.5));
#2523 = DIRECTION('',(-0.638986369727,-0.769218057058,-0.));
#2524 = DIRECTION('',(-0.769218057058,0.638986369727,0.));
#2525 = ORIENTED_EDGE('',*,*,#2493,.F.);
#2526 = ORIENTED_EDGE('',*,*,#2527,.T.);
#2527 = EDGE_CURVE('',#2485,#2439,#2528,.T.);
#2528 = CIRCLE('',#2529,0.565);
#2529 = AXIS2_PLACEMENT_3D('',#2530,#2531,#2532);
#2530 = CARTESIAN_POINT('',(28.260431388836,33.739568611164,26.5));
#2531 = DIRECTION('',(-0.638986369727,-0.769218057058,-0.));
#2532 = DIRECTION('',(-0.769218057058,0.638986369727,0.));
#2533 = ORIENTED_EDGE('',*,*,#2438,.T.);
#2534 = CYLINDRICAL_SURFACE('',#2535,0.565);
#2535 = AXIS2_PLACEMENT_3D('',#2536,#2537,#2538);
#2536 = CARTESIAN_POINT('',(28.260431388836,33.739568611164,26.5));
#2537 = DIRECTION('',(-0.638986369727,-0.769218057058,0.));
#2538 = DIRECTION('',(-0.769218057058,0.638986369727,0.));
#2539 = ADVANCED_FACE('',(#2540),#2545,.T.);
#2540 = FACE_BOUND('',#2541,.T.);
#2541 = EDGE_LOOP('',(#2542,#2543,#2544));
#2542 = ORIENTED_EDGE('',*,*,#2447,.T.);
#2543 = ORIENTED_EDGE('',*,*,#2527,.F.);
#2544 = ORIENTED_EDGE('',*,*,#2484,.F.);
#2545 = SPHERICAL_SURFACE('',#2546,0.565);
#2546 = AXIS2_PLACEMENT_3D('',#2547,#2548,#2549);
#2547 = CARTESIAN_POINT('',(28.260431388836,33.739568611164,26.5));
#2548 = DIRECTION('',(0.,0.,1.));
#2549 = DIRECTION('',(1.,0.,0.));
#2550 = ADVANCED_FACE('',(#2551),#2571,.T.);
#2551 = FACE_BOUND('',#2552,.T.);
#2552 = EDGE_LOOP('',(#2553,#2554,#2563,#2570));
#2553 = ORIENTED_EDGE('',*,*,#2519,.T.);
#2554 = ORIENTED_EDGE('',*,*,#2555,.F.);
#2555 = EDGE_CURVE('',#2556,#2511,#2558,.T.);
#2556 = VERTEX_POINT('',#2557);
#2557 = CARTESIAN_POINT('',(26.859740736169,32.907398287,26.5));
#2558 = CIRCLE('',#2559,0.565);
#2559 = AXIS2_PLACEMENT_3D('',#2560,#2561,#2562);
#2560 = CARTESIAN_POINT('',(27.373072812888,32.671357657,26.5));
#2561 = DIRECTION('',(-0.417771026549,-0.908552348176,-0.));
#2562 = DIRECTION('',(-0.908552348176,0.417771026549,0.));
#2563 = ORIENTED_EDGE('',*,*,#2564,.F.);
#2564 = EDGE_CURVE('',#2502,#2556,#2565,.T.);
#2565 = CIRCLE('',#2566,0.565);
#2566 = AXIS2_PLACEMENT_3D('',#2567,#2568,#2569);
#2567 = CARTESIAN_POINT('',(27.373072812888,32.671357657,26.5));
#2568 = DIRECTION('',(-0.417771026549,-0.908552348176,-0.));
#2569 = DIRECTION('',(-0.908552348176,0.417771026549,0.));
#2570 = ORIENTED_EDGE('',*,*,#2501,.T.);
#2571 = SPHERICAL_SURFACE('',#2572,0.565);
#2572 = AXIS2_PLACEMENT_3D('',#2573,#2574,#2575);
#2573 = CARTESIAN_POINT('',(27.373072812888,32.671357657,26.5));
#2574 = DIRECTION('',(0.,0.,1.));
#2575 = DIRECTION('',(1.,0.,0.));
#2576 = ADVANCED_FACE('',(#2577),#2616,.T.);
#2577 = FACE_BOUND('',#2578,.T.);
#2578 = EDGE_LOOP('',(#2579,#2580,#2581,#2589,#2598,#2607,#2614,#2615));
#2579 = ORIENTED_EDGE('',*,*,#2510,.T.);
#2580 = ORIENTED_EDGE('',*,*,#2564,.T.);
#2581 = ORIENTED_EDGE('',*,*,#2582,.T.);
#2582 = EDGE_CURVE('',#2556,#2583,#2585,.T.);
#2583 = VERTEX_POINT('',#2584);
#2584 = CARTESIAN_POINT('',(26.273680236721,31.632856470767,26.5));
#2585 = LINE('',#2586,#2587);
#2586 = CARTESIAN_POINT('',(26.859740736169,32.907398287,26.5));
#2587 = VECTOR('',#2588,1.);
#2588 = DIRECTION('',(-0.417771026549,-0.908552348176,1.232595164408E-32
    ));
#2589 = ORIENTED_EDGE('',*,*,#2590,.F.);
#2590 = EDGE_CURVE('',#2591,#2583,#2593,.T.);
#2591 = VERTEX_POINT('',#2592);
#2592 = CARTESIAN_POINT('',(26.78701231344,31.396815840767,27.065));
#2593 = CIRCLE('',#2594,0.565);
#2594 = AXIS2_PLACEMENT_3D('',#2595,#2596,#2597);
#2595 = CARTESIAN_POINT('',(26.78701231344,31.396815840767,26.5));
#2596 = DIRECTION('',(-0.417771026549,-0.908552348176,-0.));
#2597 = DIRECTION('',(-0.908552348176,0.417771026549,0.));
#2598 = ORIENTED_EDGE('',*,*,#2599,.F.);
#2599 = EDGE_CURVE('',#2600,#2591,#2602,.T.);
#2600 = VERTEX_POINT('',#2601);
#2601 = CARTESIAN_POINT('',(26.78701231344,31.396815840767,25.935));
#2602 = ELLIPSE('',#2603,0.569889704555,0.565);
#2603 = AXIS2_PLACEMENT_3D('',#2604,#2605,#2606);
#2604 = CARTESIAN_POINT('',(26.78701231344,31.396815840767,26.5));
#2605 = DIRECTION('',(-0.295424574301,-0.955366066437,-0.));
#2606 = DIRECTION('',(-0.955366066437,0.295424574301,0.));
#2607 = ORIENTED_EDGE('',*,*,#2608,.F.);
#2608 = EDGE_CURVE('',#2583,#2600,#2609,.T.);
#2609 = CIRCLE('',#2610,0.565);
#2610 = AXIS2_PLACEMENT_3D('',#2611,#2612,#2613);
#2611 = CARTESIAN_POINT('',(26.78701231344,31.396815840767,26.5));
#2612 = DIRECTION('',(-0.417771026549,-0.908552348176,-0.));
#2613 = DIRECTION('',(-0.908552348176,0.417771026549,0.));
#2614 = ORIENTED_EDGE('',*,*,#2582,.F.);
#2615 = ORIENTED_EDGE('',*,*,#2555,.T.);
#2616 = CYLINDRICAL_SURFACE('',#2617,0.565);
#2617 = AXIS2_PLACEMENT_3D('',#2618,#2619,#2620);
#2618 = CARTESIAN_POINT('',(27.373072812888,32.671357657,26.5));
#2619 = DIRECTION('',(-0.417771026549,-0.908552348176,0.));
#2620 = DIRECTION('',(-0.908552348176,0.417771026549,0.));
#2621 = ADVANCED_FACE('',(#2622),#2642,.T.);
#2622 = FACE_BOUND('',#2623,.T.);
#2623 = EDGE_LOOP('',(#2624,#2625,#2634,#2641));
#2624 = ORIENTED_EDGE('',*,*,#2608,.T.);
#2625 = ORIENTED_EDGE('',*,*,#2626,.F.);
#2626 = EDGE_CURVE('',#2627,#2600,#2629,.T.);
#2627 = VERTEX_POINT('',#2628);
#2628 = CARTESIAN_POINT('',(26.230043487649,31.491740690499,26.5));
#2629 = CIRCLE('',#2630,0.565);
#2630 = AXIS2_PLACEMENT_3D('',#2631,#2632,#2633);
#2631 = CARTESIAN_POINT('',(26.78701231344,31.396815840767,26.5));
#2632 = DIRECTION('',(-0.168008583597,-0.985785532374,-0.));
#2633 = DIRECTION('',(-0.985785532374,0.168008583597,0.));
#2634 = ORIENTED_EDGE('',*,*,#2635,.F.);
#2635 = EDGE_CURVE('',#2591,#2627,#2636,.T.);
#2636 = CIRCLE('',#2637,0.565);
#2637 = AXIS2_PLACEMENT_3D('',#2638,#2639,#2640);
#2638 = CARTESIAN_POINT('',(26.78701231344,31.396815840767,26.5));
#2639 = DIRECTION('',(-0.168008583597,-0.985785532374,-0.));
#2640 = DIRECTION('',(-0.985785532374,0.168008583597,0.));
#2641 = ORIENTED_EDGE('',*,*,#2590,.T.);
#2642 = SPHERICAL_SURFACE('',#2643,0.565);
#2643 = AXIS2_PLACEMENT_3D('',#2644,#2645,#2646);
#2644 = CARTESIAN_POINT('',(26.78701231344,31.396815840767,26.5));
#2645 = DIRECTION('',(0.,0.,1.));
#2646 = DIRECTION('',(1.,0.,0.));
#2647 = ADVANCED_FACE('',(#2648),#2687,.T.);
#2648 = FACE_BOUND('',#2649,.T.);
#2649 = EDGE_LOOP('',(#2650,#2651,#2652,#2660,#2669,#2678,#2685,#2686));
#2650 = ORIENTED_EDGE('',*,*,#2599,.T.);
#2651 = ORIENTED_EDGE('',*,*,#2635,.T.);
#2652 = ORIENTED_EDGE('',*,*,#2653,.T.);
#2653 = EDGE_CURVE('',#2627,#2654,#2656,.T.);
#2654 = VERTEX_POINT('',#2655);
#2655 = CARTESIAN_POINT('',(25.991982526876,30.094924849732,26.5));
#2656 = LINE('',#2657,#2658);
#2657 = CARTESIAN_POINT('',(26.230043487649,31.491740690499,26.5));
#2658 = VECTOR('',#2659,1.);
#2659 = DIRECTION('',(-0.168008583597,-0.985785532374,0.));
#2660 = ORIENTED_EDGE('',*,*,#2661,.F.);
#2661 = EDGE_CURVE('',#2662,#2654,#2664,.T.);
#2662 = VERTEX_POINT('',#2663);
#2663 = CARTESIAN_POINT('',(26.548951352667,30.,27.065));
#2664 = CIRCLE('',#2665,0.565);
#2665 = AXIS2_PLACEMENT_3D('',#2666,#2667,#2668);
#2666 = CARTESIAN_POINT('',(26.548951352667,30.,26.5));
#2667 = DIRECTION('',(-0.168008583597,-0.985785532374,-0.));
#2668 = DIRECTION('',(-0.985785532374,0.168008583597,0.));
#2669 = ORIENTED_EDGE('',*,*,#2670,.F.);
#2670 = EDGE_CURVE('',#2671,#2662,#2673,.T.);
#2671 = VERTEX_POINT('',#2672);
#2672 = CARTESIAN_POINT('',(26.548951352667,30.,25.935));
#2673 = ELLIPSE('',#2674,0.569889421132,0.565);
#2674 = AXIS2_PLACEMENT_3D('',#2675,#2676,#2677);
#2675 = CARTESIAN_POINT('',(26.548951352667,30.,26.5));
#2676 = DIRECTION('',(-3.771330499164E-02,-0.999288600269,-0.));
#2677 = DIRECTION('',(-0.999288600269,3.771330499164E-02,0.));
#2678 = ORIENTED_EDGE('',*,*,#2679,.F.);
#2679 = EDGE_CURVE('',#2654,#2671,#2680,.T.);
#2680 = CIRCLE('',#2681,0.565);
#2681 = AXIS2_PLACEMENT_3D('',#2682,#2683,#2684);
#2682 = CARTESIAN_POINT('',(26.548951352667,30.,26.5));
#2683 = DIRECTION('',(-0.168008583597,-0.985785532374,-0.));
#2684 = DIRECTION('',(-0.985785532374,0.168008583597,0.));
#2685 = ORIENTED_EDGE('',*,*,#2653,.F.);
#2686 = ORIENTED_EDGE('',*,*,#2626,.T.);
#2687 = CYLINDRICAL_SURFACE('',#2688,0.565);
#2688 = AXIS2_PLACEMENT_3D('',#2689,#2690,#2691);
#2689 = CARTESIAN_POINT('',(26.78701231344,31.396815840767,26.5));
#2690 = DIRECTION('',(-0.168008583597,-0.985785532374,0.));
#2691 = DIRECTION('',(-0.985785532374,0.168008583597,0.));
#2692 = ADVANCED_FACE('',(#2693),#2713,.T.);
#2693 = FACE_BOUND('',#2694,.T.);
#2694 = EDGE_LOOP('',(#2695,#2696,#2705,#2712));
#2695 = ORIENTED_EDGE('',*,*,#2679,.T.);
#2696 = ORIENTED_EDGE('',*,*,#2697,.F.);
#2697 = EDGE_CURVE('',#2698,#2671,#2700,.T.);
#2698 = VERTEX_POINT('',#2699);
#2699 = CARTESIAN_POINT('',(25.98641210692,29.947325556538,26.5));
#2700 = CIRCLE('',#2701,0.565);
#2701 = AXIS2_PLACEMENT_3D('',#2702,#2703,#2704);
#2702 = CARTESIAN_POINT('',(26.548951352667,30.,26.5));
#2703 = DIRECTION('',(9.322910347288E-02,-0.995644682739,0.));
#2704 = DIRECTION('',(-0.995644682739,-9.322910347288E-02,0.));
#2705 = ORIENTED_EDGE('',*,*,#2706,.F.);
#2706 = EDGE_CURVE('',#2662,#2698,#2707,.T.);
#2707 = CIRCLE('',#2708,0.565);
#2708 = AXIS2_PLACEMENT_3D('',#2709,#2710,#2711);
#2709 = CARTESIAN_POINT('',(26.548951352667,30.,26.5));
#2710 = DIRECTION('',(9.322910347288E-02,-0.995644682739,0.));
#2711 = DIRECTION('',(-0.995644682739,-9.322910347288E-02,0.));
#2712 = ORIENTED_EDGE('',*,*,#2661,.T.);
#2713 = SPHERICAL_SURFACE('',#2714,0.565);
#2714 = AXIS2_PLACEMENT_3D('',#2715,#2716,#2717);
#2715 = CARTESIAN_POINT('',(26.548951352667,30.,26.5));
#2716 = DIRECTION('',(0.,0.,1.));
#2717 = DIRECTION('',(1.,0.,0.));
#2718 = ADVANCED_FACE('',(#2719),#2758,.T.);
#2719 = FACE_BOUND('',#2720,.T.);
#2720 = EDGE_LOOP('',(#2721,#2722,#2723,#2731,#2740,#2749,#2756,#2757));
#2721 = ORIENTED_EDGE('',*,*,#2670,.T.);
#2722 = ORIENTED_EDGE('',*,*,#2706,.T.);
#2723 = ORIENTED_EDGE('',*,*,#2724,.T.);
#2724 = EDGE_CURVE('',#2698,#2725,#2727,.T.);
#2725 = VERTEX_POINT('',#2726);
#2726 = CARTESIAN_POINT('',(26.119831103178,28.522470985885,26.5));
#2727 = LINE('',#2728,#2729);
#2728 = CARTESIAN_POINT('',(25.98641210692,29.947325556538,26.5));
#2729 = VECTOR('',#2730,1.);
#2730 = DIRECTION('',(9.322910347288E-02,-0.995644682739,0.));
#2731 = ORIENTED_EDGE('',*,*,#2732,.F.);
#2732 = EDGE_CURVE('',#2733,#2725,#2735,.T.);
#2733 = VERTEX_POINT('',#2734);
#2734 = CARTESIAN_POINT('',(26.682370348926,28.575145429347,27.065));
#2735 = CIRCLE('',#2736,0.565);
#2736 = AXIS2_PLACEMENT_3D('',#2737,#2738,#2739);
#2737 = CARTESIAN_POINT('',(26.682370348926,28.575145429347,26.5));
#2738 = DIRECTION('',(9.322910347288E-02,-0.995644682739,0.));
#2739 = DIRECTION('',(-0.995644682739,-9.322910347288E-02,0.));
#2740 = ORIENTED_EDGE('',*,*,#2741,.F.);
#2741 = EDGE_CURVE('',#2742,#2733,#2744,.T.);
#2742 = VERTEX_POINT('',#2743);
#2743 = CARTESIAN_POINT('',(26.682370348926,28.575145429347,25.935));
#2744 = ELLIPSE('',#2745,0.569889146026,0.565);
#2745 = AXIS2_PLACEMENT_3D('',#2746,#2747,#2748);
#2746 = CARTESIAN_POINT('',(26.682370348926,28.575145429347,26.5));
#2747 = DIRECTION('',(0.222568206158,-0.974917121404,0.));
#2748 = DIRECTION('',(-0.974917121404,-0.222568206158,0.));
#2749 = ORIENTED_EDGE('',*,*,#2750,.F.);
#2750 = EDGE_CURVE('',#2725,#2742,#2751,.T.);
#2751 = CIRCLE('',#2752,0.565);
#2752 = AXIS2_PLACEMENT_3D('',#2753,#2754,#2755);
#2753 = CARTESIAN_POINT('',(26.682370348926,28.575145429347,26.5));
#2754 = DIRECTION('',(9.322910347288E-02,-0.995644682739,0.));
#2755 = DIRECTION('',(-0.995644682739,-9.322910347288E-02,0.));
#2756 = ORIENTED_EDGE('',*,*,#2724,.F.);
#2757 = ORIENTED_EDGE('',*,*,#2697,.T.);
#2758 = CYLINDRICAL_SURFACE('',#2759,0.565);
#2759 = AXIS2_PLACEMENT_3D('',#2760,#2761,#2762);
#2760 = CARTESIAN_POINT('',(26.548951352667,30.,26.5));
#2761 = DIRECTION('',(9.322910347288E-02,-0.995644682739,0.));
#2762 = DIRECTION('',(-0.995644682739,-9.322910347288E-02,0.));
#2763 = ADVANCED_FACE('',(#2764),#2784,.T.);
#2764 = FACE_BOUND('',#2765,.T.);
#2765 = EDGE_LOOP('',(#2766,#2767,#2776,#2783));
#2766 = ORIENTED_EDGE('',*,*,#2750,.T.);
#2767 = ORIENTED_EDGE('',*,*,#2768,.F.);
#2768 = EDGE_CURVE('',#2769,#2742,#2771,.T.);
#2769 = VERTEX_POINT('',#2770);
#2770 = CARTESIAN_POINT('',(26.152704486889,28.378475465721,26.5));
#2771 = CIRCLE('',#2772,0.565);
#2772 = AXIS2_PLACEMENT_3D('',#2773,#2774,#2775);
#2773 = CARTESIAN_POINT('',(26.682370348926,28.575145429347,26.5));
#2774 = DIRECTION('',(0.348088431195,-0.937461702721,0.));
#2775 = DIRECTION('',(-0.937461702721,-0.348088431195,0.));
#2776 = ORIENTED_EDGE('',*,*,#2777,.F.);
#2777 = EDGE_CURVE('',#2733,#2769,#2778,.T.);
#2778 = CIRCLE('',#2779,0.565);
#2779 = AXIS2_PLACEMENT_3D('',#2780,#2781,#2782);
#2780 = CARTESIAN_POINT('',(26.682370348926,28.575145429347,26.5));
#2781 = DIRECTION('',(0.348088431195,-0.937461702721,0.));
#2782 = DIRECTION('',(-0.937461702721,-0.348088431195,0.));
#2783 = ORIENTED_EDGE('',*,*,#2732,.T.);
#2784 = SPHERICAL_SURFACE('',#2785,0.565);
#2785 = AXIS2_PLACEMENT_3D('',#2786,#2787,#2788);
#2786 = CARTESIAN_POINT('',(26.682370348926,28.575145429347,26.5));
#2787 = DIRECTION('',(0.,0.,1.));
#2788 = DIRECTION('',(1.,0.,0.));
#2789 = ADVANCED_FACE('',(#2790),#2829,.T.);
#2790 = FACE_BOUND('',#2791,.T.);
#2791 = EDGE_LOOP('',(#2792,#2793,#2794,#2802,#2811,#2820,#2827,#2828));
#2792 = ORIENTED_EDGE('',*,*,#2741,.T.);
#2793 = ORIENTED_EDGE('',*,*,#2777,.T.);
#2794 = ORIENTED_EDGE('',*,*,#2795,.T.);
#2795 = EDGE_CURVE('',#2769,#2796,#2798,.T.);
#2796 = VERTEX_POINT('',#2797);
#2797 = CARTESIAN_POINT('',(26.655768113364,27.023639046041,26.5));
#2798 = LINE('',#2799,#2800);
#2799 = CARTESIAN_POINT('',(26.152704486889,28.378475465721,26.5));
#2800 = VECTOR('',#2801,1.);
#2801 = DIRECTION('',(0.348088431195,-0.937461702721,1.232595164408E-32)
  );
#2802 = ORIENTED_EDGE('',*,*,#2803,.F.);
#2803 = EDGE_CURVE('',#2804,#2796,#2806,.T.);
#2804 = VERTEX_POINT('',#2805);
#2805 = CARTESIAN_POINT('',(27.185433975402,27.220309009667,27.065));
#2806 = CIRCLE('',#2807,0.565);
#2807 = AXIS2_PLACEMENT_3D('',#2808,#2809,#2810);
#2808 = CARTESIAN_POINT('',(27.185433975402,27.220309009667,26.5));
#2809 = DIRECTION('',(0.348088431195,-0.937461702721,0.));
#2810 = DIRECTION('',(-0.937461702721,-0.348088431195,0.));
#2811 = ORIENTED_EDGE('',*,*,#2812,.F.);
#2812 = EDGE_CURVE('',#2813,#2804,#2815,.T.);
#2813 = VERTEX_POINT('',#2814);
#2814 = CARTESIAN_POINT('',(27.185433975402,27.220309009667,25.935));
#2815 = ELLIPSE('',#2816,0.569888878916,0.565);
#2816 = AXIS2_PLACEMENT_3D('',#2817,#2818,#2819);
#2817 = CARTESIAN_POINT('',(27.185433975402,27.220309009667,26.5));
#2818 = DIRECTION('',(0.467632930529,-0.883922758098,0.));
#2819 = DIRECTION('',(-0.883922758098,-0.467632930529,0.));
#2820 = ORIENTED_EDGE('',*,*,#2821,.F.);
#2821 = EDGE_CURVE('',#2796,#2813,#2822,.T.);
#2822 = CIRCLE('',#2823,0.565);
#2823 = AXIS2_PLACEMENT_3D('',#2824,#2825,#2826);
#2824 = CARTESIAN_POINT('',(27.185433975402,27.220309009667,26.5));
#2825 = DIRECTION('',(0.348088431195,-0.937461702721,0.));
#2826 = DIRECTION('',(-0.937461702721,-0.348088431195,0.));
#2827 = ORIENTED_EDGE('',*,*,#2795,.F.);
#2828 = ORIENTED_EDGE('',*,*,#2768,.T.);
#2829 = CYLINDRICAL_SURFACE('',#2830,0.565);
#2830 = AXIS2_PLACEMENT_3D('',#2831,#2832,#2833);
#2831 = CARTESIAN_POINT('',(26.682370348926,28.575145429347,26.5));
#2832 = DIRECTION('',(0.348088431195,-0.937461702721,0.));
#2833 = DIRECTION('',(-0.937461702721,-0.348088431195,0.));
#2834 = ADVANCED_FACE('',(#2835),#2855,.T.);
#2835 = FACE_BOUND('',#2836,.T.);
#2836 = EDGE_LOOP('',(#2837,#2838,#2847,#2854));
#2837 = ORIENTED_EDGE('',*,*,#2821,.T.);
#2838 = ORIENTED_EDGE('',*,*,#2839,.F.);
#2839 = EDGE_CURVE('',#2840,#2813,#2842,.T.);
#2840 = VERTEX_POINT('',#2841);
#2841 = CARTESIAN_POINT('',(26.724835760025,26.893086938297,26.5));
#2842 = CIRCLE('',#2843,0.565);
#2843 = AXIS2_PLACEMENT_3D('',#2844,#2845,#2846);
#2844 = CARTESIAN_POINT('',(27.185433975402,27.220309009667,26.5));
#2845 = DIRECTION('',(0.57915410862,-0.815218080313,0.));
#2846 = DIRECTION('',(-0.815218080313,-0.57915410862,0.));
#2847 = ORIENTED_EDGE('',*,*,#2848,.F.);
#2848 = EDGE_CURVE('',#2804,#2840,#2849,.T.);
#2849 = CIRCLE('',#2850,0.565);
#2850 = AXIS2_PLACEMENT_3D('',#2851,#2852,#2853);
#2851 = CARTESIAN_POINT('',(27.185433975402,27.220309009667,26.5));
#2852 = DIRECTION('',(0.57915410862,-0.815218080313,0.));
#2853 = DIRECTION('',(-0.815218080313,-0.57915410862,0.));
#2854 = ORIENTED_EDGE('',*,*,#2803,.T.);
#2855 = SPHERICAL_SURFACE('',#2856,0.565);
#2856 = AXIS2_PLACEMENT_3D('',#2857,#2858,#2859);
#2857 = CARTESIAN_POINT('',(27.185433975402,27.220309009667,26.5));
#2858 = DIRECTION('',(0.,0.,1.));
#2859 = DIRECTION('',(1.,0.,0.));
#2860 = ADVANCED_FACE('',(#2861),#2909,.T.);
#2861 = FACE_BOUND('',#2862,.T.);
#2862 = EDGE_LOOP('',(#2863,#2864,#2865,#2873,#2882,#2891,#2900,#2907,
    #2908));
#2863 = ORIENTED_EDGE('',*,*,#2812,.T.);
#2864 = ORIENTED_EDGE('',*,*,#2848,.T.);
#2865 = ORIENTED_EDGE('',*,*,#2866,.T.);
#2866 = EDGE_CURVE('',#2840,#2867,#2869,.T.);
#2867 = VERTEX_POINT('',#2868);
#2868 = CARTESIAN_POINT('',(27.570023469574,25.70339961358,26.5));
#2869 = LINE('',#2870,#2871);
#2870 = CARTESIAN_POINT('',(26.724835760025,26.893086938297,26.5));
#2871 = VECTOR('',#2872,1.);
#2872 = DIRECTION('',(0.57915410862,-0.815218080313,0.));
#2873 = ORIENTED_EDGE('',*,*,#2874,.F.);
#2874 = EDGE_CURVE('',#2875,#2867,#2877,.T.);
#2875 = VERTEX_POINT('',#2876);
#2876 = CARTESIAN_POINT('',(28.03062168495,26.03062168495,27.065));
#2877 = CIRCLE('',#2878,0.565);
#2878 = AXIS2_PLACEMENT_3D('',#2879,#2880,#2881);
#2879 = CARTESIAN_POINT('',(28.03062168495,26.03062168495,26.5));
#2880 = DIRECTION('',(0.57915410862,-0.815218080313,0.));
#2881 = DIRECTION('',(-0.815218080313,-0.57915410862,0.));
#2882 = ORIENTED_EDGE('',*,*,#2883,.F.);
#2883 = EDGE_CURVE('',#2884,#2875,#2886,.T.);
#2884 = VERTEX_POINT('',#2885);
#2885 = CARTESIAN_POINT('',(28.448081515561,26.418565403105,26.5));
#2886 = ELLIPSE('',#2887,0.569888619494,0.565);
#2887 = AXIS2_PLACEMENT_3D('',#2888,#2889,#2890);
#2888 = CARTESIAN_POINT('',(28.03062168495,26.03062168495,26.5));
#2889 = DIRECTION('',(0.680736033121,-0.732528807086,0.));
#2890 = DIRECTION('',(-0.732528807086,-0.680736033121,0.));
#2891 = ORIENTED_EDGE('',*,*,#2892,.F.);
#2892 = EDGE_CURVE('',#2893,#2884,#2895,.T.);
#2893 = VERTEX_POINT('',#2894);
#2894 = CARTESIAN_POINT('',(28.03062168495,26.03062168495,25.935));
#2895 = ELLIPSE('',#2896,0.569888619494,0.565);
#2896 = AXIS2_PLACEMENT_3D('',#2897,#2898,#2899);
#2897 = CARTESIAN_POINT('',(28.03062168495,26.03062168495,26.5));
#2898 = DIRECTION('',(0.680736033121,-0.732528807086,0.));
#2899 = DIRECTION('',(-0.732528807086,-0.680736033121,0.));
#2900 = ORIENTED_EDGE('',*,*,#2901,.F.);
#2901 = EDGE_CURVE('',#2867,#2893,#2902,.T.);
#2902 = CIRCLE('',#2903,0.565);
#2903 = AXIS2_PLACEMENT_3D('',#2904,#2905,#2906);
#2904 = CARTESIAN_POINT('',(28.03062168495,26.03062168495,26.5));
#2905 = DIRECTION('',(0.57915410862,-0.815218080313,0.));
#2906 = DIRECTION('',(-0.815218080313,-0.57915410862,0.));
#2907 = ORIENTED_EDGE('',*,*,#2866,.F.);
#2908 = ORIENTED_EDGE('',*,*,#2839,.T.);
#2909 = CYLINDRICAL_SURFACE('',#2910,0.565);
#2910 = AXIS2_PLACEMENT_3D('',#2911,#2912,#2913);
#2911 = CARTESIAN_POINT('',(27.185433975402,27.220309009667,26.5));
#2912 = DIRECTION('',(0.57915410862,-0.815218080313,0.));
#2913 = DIRECTION('',(-0.815218080313,-0.57915410862,0.));
#2914 = ADVANCED_FACE('',(#2915),#2926,.T.);
#2915 = FACE_BOUND('',#2916,.T.);
#2916 = EDGE_LOOP('',(#2917,#2918,#2925));
#2917 = ORIENTED_EDGE('',*,*,#2901,.T.);
#2918 = ORIENTED_EDGE('',*,*,#2919,.F.);
#2919 = EDGE_CURVE('',#2875,#2893,#2920,.T.);
#2920 = CIRCLE('',#2921,0.565);
#2921 = AXIS2_PLACEMENT_3D('',#2922,#2923,#2924);
#2922 = CARTESIAN_POINT('',(28.03062168495,26.03062168495,26.5));
#2923 = DIRECTION('',(0.770638975703,-0.637271974221,0.));
#2924 = DIRECTION('',(0.637271974221,0.770638975703,0.));
#2925 = ORIENTED_EDGE('',*,*,#2874,.T.);
#2926 = SPHERICAL_SURFACE('',#2927,0.565);
#2927 = AXIS2_PLACEMENT_3D('',#2928,#2929,#2930);
#2928 = CARTESIAN_POINT('',(28.03062168495,26.03062168495,26.5));
#2929 = DIRECTION('',(0.,0.,1.));
#2930 = DIRECTION('',(1.,0.,0.));
#2931 = ADVANCED_FACE('',(#2932),#2971,.T.);
#2932 = FACE_BOUND('',#2933,.T.);
#2933 = EDGE_LOOP('',(#2934,#2935,#2936,#2944,#2953,#2962,#2969,#2970));
#2934 = ORIENTED_EDGE('',*,*,#2919,.T.);
#2935 = ORIENTED_EDGE('',*,*,#2892,.T.);
#2936 = ORIENTED_EDGE('',*,*,#2937,.T.);
#2937 = EDGE_CURVE('',#2884,#2938,#2940,.T.);
#2938 = VERTEX_POINT('',#2939);
#2939 = CARTESIAN_POINT('',(29.46880132927,25.574491652207,26.5));
#2940 = LINE('',#2941,#2942);
#2941 = CARTESIAN_POINT('',(28.390680350385,26.466032706222,26.5));
#2942 = VECTOR('',#2943,1.);
#2943 = DIRECTION('',(0.770638975703,-0.637271974221,-2.465190328816E-32
    ));
#2944 = ORIENTED_EDGE('',*,*,#2945,.F.);
#2945 = EDGE_CURVE('',#2946,#2938,#2948,.T.);
#2946 = VERTEX_POINT('',#2947);
#2947 = CARTESIAN_POINT('',(29.166142343,25.091614556658,25.935));
#2948 = ELLIPSE('',#2949,0.569888367468,0.565);
#2949 = AXIS2_PLACEMENT_3D('',#2950,#2951,#2952);
#2950 = CARTESIAN_POINT('',(29.166142343,25.091614556658,26.5));
#2951 = DIRECTION('',(0.847318743659,-0.531084688769,0.));
#2952 = DIRECTION('',(-0.531084688769,-0.847318743659,0.));
#2953 = ORIENTED_EDGE('',*,*,#2954,.F.);
#2954 = EDGE_CURVE('',#2955,#2946,#2957,.T.);
#2955 = VERTEX_POINT('',#2956);
#2956 = CARTESIAN_POINT('',(29.166142343,25.091614556658,27.065));
#2957 = CIRCLE('',#2958,0.565);
#2958 = AXIS2_PLACEMENT_3D('',#2959,#2960,#2961);
#2959 = CARTESIAN_POINT('',(29.166142343,25.091614556658,26.5));
#2960 = DIRECTION('',(0.770638975703,-0.637271974221,0.));
#2961 = DIRECTION('',(0.637271974221,0.770638975703,0.));
#2962 = ORIENTED_EDGE('',*,*,#2963,.F.);
#2963 = EDGE_CURVE('',#2938,#2955,#2964,.T.);
#2964 = ELLIPSE('',#2965,0.569888367468,0.565);
#2965 = AXIS2_PLACEMENT_3D('',#2966,#2967,#2968);
#2966 = CARTESIAN_POINT('',(29.166142343,25.091614556658,26.5));
#2967 = DIRECTION('',(0.847318743659,-0.531084688769,0.));
#2968 = DIRECTION('',(-0.531084688769,-0.847318743659,0.));
#2969 = ORIENTED_EDGE('',*,*,#2937,.F.);
#2970 = ORIENTED_EDGE('',*,*,#2883,.T.);
#2971 = CYLINDRICAL_SURFACE('',#2972,0.565);
#2972 = AXIS2_PLACEMENT_3D('',#2973,#2974,#2975);
#2973 = CARTESIAN_POINT('',(28.03062168495,26.03062168495,26.5));
#2974 = DIRECTION('',(0.770638975703,-0.637271974221,0.));
#2975 = DIRECTION('',(0.637271974221,0.770638975703,0.));
#2976 = ADVANCED_FACE('',(#2977),#3022,.T.);
#2977 = FACE_BOUND('',#2978,.T.);
#2978 = EDGE_LOOP('',(#2979,#2986,#2987,#2995,#3004,#3013,#3020,#3021));
#2979 = ORIENTED_EDGE('',*,*,#2980,.T.);
#2980 = EDGE_CURVE('',#2955,#2946,#2981,.T.);
#2981 = CIRCLE('',#2982,0.565);
#2982 = AXIS2_PLACEMENT_3D('',#2983,#2984,#2985);
#2983 = CARTESIAN_POINT('',(29.166142343,25.091614556658,26.5));
#2984 = DIRECTION('',(0.909462312534,-0.415786365915,0.));
#2985 = DIRECTION('',(0.415786365915,0.909462312534,0.));
#2986 = ORIENTED_EDGE('',*,*,#2945,.T.);
#2987 = ORIENTED_EDGE('',*,*,#2988,.T.);
#2988 = EDGE_CURVE('',#2938,#2989,#2991,.T.);
#2989 = VERTEX_POINT('',#2990);
#2990 = CARTESIAN_POINT('',(30.686249281003,25.017900958381,26.5));
#2991 = LINE('',#2992,#2993);
#2992 = CARTESIAN_POINT('',(29.401061639742,25.60546076324,26.5));
#2993 = VECTOR('',#2994,1.);
#2994 = DIRECTION('',(0.909462312534,-0.415786365915,0.));
#2995 = ORIENTED_EDGE('',*,*,#2996,.F.);
#2996 = EDGE_CURVE('',#2997,#2989,#2999,.T.);
#2997 = VERTEX_POINT('',#2998);
#2998 = CARTESIAN_POINT('',(30.519067969575,24.473086419896,25.935));
#2999 = ELLIPSE('',#3000,0.56988812256,0.565);
#3000 = AXIS2_PLACEMENT_3D('',#3001,#3002,#3003);
#3001 = CARTESIAN_POINT('',(30.519067969575,24.473086419896,26.5));
#3002 = DIRECTION('',(0.956002620369,-0.293358125587,0.));
#3003 = DIRECTION('',(-0.293358125587,-0.956002620369,0.));
#3004 = ORIENTED_EDGE('',*,*,#3005,.F.);
#3005 = EDGE_CURVE('',#3006,#2997,#3008,.T.);
#3006 = VERTEX_POINT('',#3007);
#3007 = CARTESIAN_POINT('',(30.519067969575,24.473086419896,27.065));
#3008 = CIRCLE('',#3009,0.565);
#3009 = AXIS2_PLACEMENT_3D('',#3010,#3011,#3012);
#3010 = CARTESIAN_POINT('',(30.519067969575,24.473086419896,26.5));
#3011 = DIRECTION('',(0.909462312534,-0.415786365915,0.));
#3012 = DIRECTION('',(0.415786365915,0.909462312534,0.));
#3013 = ORIENTED_EDGE('',*,*,#3014,.F.);
#3014 = EDGE_CURVE('',#2989,#3006,#3015,.T.);
#3015 = ELLIPSE('',#3016,0.56988812256,0.565);
#3016 = AXIS2_PLACEMENT_3D('',#3017,#3018,#3019);
#3017 = CARTESIAN_POINT('',(30.519067969575,24.473086419896,26.5));
#3018 = DIRECTION('',(0.956002620369,-0.293358125587,0.));
#3019 = DIRECTION('',(-0.293358125587,-0.956002620369,0.));
#3020 = ORIENTED_EDGE('',*,*,#2988,.F.);
#3021 = ORIENTED_EDGE('',*,*,#2963,.T.);
#3022 = CYLINDRICAL_SURFACE('',#3023,0.565);
#3023 = AXIS2_PLACEMENT_3D('',#3024,#3025,#3026);
#3024 = CARTESIAN_POINT('',(29.166142343,25.091614556658,26.5));
#3025 = DIRECTION('',(0.909462312534,-0.415786365915,0.));
#3026 = DIRECTION('',(0.415786365915,0.909462312534,0.));
#3027 = ADVANCED_FACE('',(#3028),#3032,.T.);
#3028 = FACE_BOUND('',#3029,.T.);
#3029 = EDGE_LOOP('',(#3030,#3031));
#3030 = ORIENTED_EDGE('',*,*,#2954,.T.);
#3031 = ORIENTED_EDGE('',*,*,#2980,.F.);
#3032 = SPHERICAL_SURFACE('',#3033,0.565);
#3033 = AXIS2_PLACEMENT_3D('',#3034,#3035,#3036);
#3034 = CARTESIAN_POINT('',(29.166142343,25.091614556658,26.5));
#3035 = DIRECTION('',(0.,0.,1.));
#3036 = DIRECTION('',(1.,0.,0.));
#3037 = ADVANCED_FACE('',(#3038),#3083,.T.);
#3038 = FACE_BOUND('',#3039,.T.);
#3039 = EDGE_LOOP('',(#3040,#3047,#3048,#3056,#3065,#3074,#3081,#3082));
#3040 = ORIENTED_EDGE('',*,*,#3041,.T.);
#3041 = EDGE_CURVE('',#3006,#2997,#3042,.T.);
#3042 = CIRCLE('',#3043,0.565);
#3043 = AXIS2_PLACEMENT_3D('',#3044,#3045,#3046);
#3044 = CARTESIAN_POINT('',(30.519067969575,24.473086419896,26.5));
#3045 = DIRECTION('',(0.986143014638,-0.165897422165,0.));
#3046 = DIRECTION('',(0.165897422165,0.986143014638,0.));
#3047 = ORIENTED_EDGE('',*,*,#2996,.T.);
#3048 = ORIENTED_EDGE('',*,*,#3049,.T.);
#3049 = EDGE_CURVE('',#2989,#3050,#3052,.T.);
#3050 = VERTEX_POINT('',#3051);
#3051 = CARTESIAN_POINT('',(32.020284571863,24.793478118543,26.5));
#3052 = LINE('',#3053,#3054);
#3053 = CARTESIAN_POINT('',(30.612800013098,25.030257223167,26.5));
#3054 = VECTOR('',#3055,1.);
#3055 = DIRECTION('',(0.986143014638,-0.165897422165,6.162975822039E-33)
  );
#3056 = ORIENTED_EDGE('',*,*,#3057,.F.);
#3057 = EDGE_CURVE('',#3058,#3050,#3060,.T.);
#3058 = VERTEX_POINT('',#3059);
#3059 = CARTESIAN_POINT('',(32.,24.223951352667,25.935));
#3060 = ELLIPSE('',#3061,0.569887884505,0.565);
#3061 = AXIS2_PLACEMENT_3D('',#3062,#3063,#3064);
#3062 = CARTESIAN_POINT('',(32.,24.223951352667,26.5));
#3063 = DIRECTION('',(0.999366333909,-3.559396929645E-02,0.));
#3064 = DIRECTION('',(-3.559396929645E-02,-0.999366333909,0.));
#3065 = ORIENTED_EDGE('',*,*,#3066,.F.);
#3066 = EDGE_CURVE('',#3067,#3058,#3069,.T.);
#3067 = VERTEX_POINT('',#3068);
#3068 = CARTESIAN_POINT('',(32.,24.223951352667,27.065));
#3069 = CIRCLE('',#3070,0.565);
#3070 = AXIS2_PLACEMENT_3D('',#3071,#3072,#3073);
#3071 = CARTESIAN_POINT('',(32.,24.223951352667,26.5));
#3072 = DIRECTION('',(0.986143014638,-0.165897422165,0.));
#3073 = DIRECTION('',(0.165897422165,0.986143014638,0.));
#3074 = ORIENTED_EDGE('',*,*,#3075,.F.);
#3075 = EDGE_CURVE('',#3050,#3067,#3076,.T.);
#3076 = ELLIPSE('',#3077,0.569887884505,0.565);
#3077 = AXIS2_PLACEMENT_3D('',#3078,#3079,#3080);
#3078 = CARTESIAN_POINT('',(32.,24.223951352667,26.5));
#3079 = DIRECTION('',(0.999366333909,-3.559396929645E-02,0.));
#3080 = DIRECTION('',(-3.559396929645E-02,-0.999366333909,0.));
#3081 = ORIENTED_EDGE('',*,*,#3049,.F.);
#3082 = ORIENTED_EDGE('',*,*,#3014,.T.);
#3083 = CYLINDRICAL_SURFACE('',#3084,0.565);
#3084 = AXIS2_PLACEMENT_3D('',#3085,#3086,#3087);
#3085 = CARTESIAN_POINT('',(30.519067969575,24.473086419896,26.5));
#3086 = DIRECTION('',(0.986143014638,-0.165897422165,0.));
#3087 = DIRECTION('',(0.165897422165,0.986143014638,0.));
#3088 = ADVANCED_FACE('',(#3089),#3093,.T.);
#3089 = FACE_BOUND('',#3090,.T.);
#3090 = EDGE_LOOP('',(#3091,#3092));
#3091 = ORIENTED_EDGE('',*,*,#3005,.T.);
#3092 = ORIENTED_EDGE('',*,*,#3041,.F.);
#3093 = SPHERICAL_SURFACE('',#3094,0.565);
#3094 = AXIS2_PLACEMENT_3D('',#3095,#3096,#3097);
#3095 = CARTESIAN_POINT('',(30.519067969575,24.473086419896,26.5));
#3096 = DIRECTION('',(0.,0.,1.));
#3097 = DIRECTION('',(1.,0.,0.));
#3098 = ADVANCED_FACE('',(#3099),#3144,.T.);
#3099 = FACE_BOUND('',#3100,.T.);
#3100 = EDGE_LOOP('',(#3101,#3108,#3109,#3117,#3126,#3135,#3142,#3143));
#3101 = ORIENTED_EDGE('',*,*,#3102,.T.);
#3102 = EDGE_CURVE('',#3067,#3058,#3103,.T.);
#3103 = CIRCLE('',#3104,0.565);
#3104 = AXIS2_PLACEMENT_3D('',#3105,#3106,#3107);
#3105 = CARTESIAN_POINT('',(32.,24.223951352667,26.5));
#3106 = DIRECTION('',(0.995446676988,9.532005704026E-02,-0.));
#3107 = DIRECTION('',(-9.532005704026E-02,0.995446676988,0.));
#3108 = ORIENTED_EDGE('',*,*,#3057,.T.);
#3109 = ORIENTED_EDGE('',*,*,#3110,.T.);
#3110 = EDGE_CURVE('',#3050,#3111,#3113,.T.);
#3111 = VERTEX_POINT('',#3112);
#3112 = CARTESIAN_POINT('',(33.380976286963,24.923772603317,26.5));
#3113 = LINE('',#3114,#3115);
#3114 = CARTESIAN_POINT('',(31.946144167772,24.786378725165,26.5));
#3115 = VECTOR('',#3116,1.);
#3116 = DIRECTION('',(0.995446676988,9.532005704026E-02,
    -3.08148791102E-33));
#3117 = ORIENTED_EDGE('',*,*,#3118,.F.);
#3118 = EDGE_CURVE('',#3119,#3111,#3121,.T.);
#3119 = VERTEX_POINT('',#3120);
#3120 = CARTESIAN_POINT('',(33.508970760311,24.368444455382,25.935));
#3121 = ELLIPSE('',#3122,0.569887653048,0.565);
#3122 = AXIS2_PLACEMENT_3D('',#3123,#3124,#3125);
#3123 = CARTESIAN_POINT('',(33.508970760311,24.368444455382,26.5));
#3124 = DIRECTION('',(0.974451973059,0.224595975477,0.));
#3125 = DIRECTION('',(0.224595975477,-0.974451973059,0.));
#3126 = ORIENTED_EDGE('',*,*,#3127,.F.);
#3127 = EDGE_CURVE('',#3128,#3119,#3130,.T.);
#3128 = VERTEX_POINT('',#3129);
#3129 = CARTESIAN_POINT('',(33.508970760311,24.368444455382,27.065));
#3130 = CIRCLE('',#3131,0.565);
#3131 = AXIS2_PLACEMENT_3D('',#3132,#3133,#3134);
#3132 = CARTESIAN_POINT('',(33.508970760311,24.368444455382,26.5));
#3133 = DIRECTION('',(0.995446676988,9.532005704026E-02,-0.));
#3134 = DIRECTION('',(-9.532005704026E-02,0.995446676988,0.));
#3135 = ORIENTED_EDGE('',*,*,#3136,.F.);
#3136 = EDGE_CURVE('',#3111,#3128,#3137,.T.);
#3137 = ELLIPSE('',#3138,0.569887653048,0.565);
#3138 = AXIS2_PLACEMENT_3D('',#3139,#3140,#3141);
#3139 = CARTESIAN_POINT('',(33.508970760311,24.368444455382,26.5));
#3140 = DIRECTION('',(0.974451973059,0.224595975477,0.));
#3141 = DIRECTION('',(0.224595975477,-0.974451973059,0.));
#3142 = ORIENTED_EDGE('',*,*,#3110,.F.);
#3143 = ORIENTED_EDGE('',*,*,#3075,.T.);
#3144 = CYLINDRICAL_SURFACE('',#3145,0.565);
#3145 = AXIS2_PLACEMENT_3D('',#3146,#3147,#3148);
#3146 = CARTESIAN_POINT('',(32.,24.223951352667,26.5));
#3147 = DIRECTION('',(0.995446676988,9.532005704026E-02,0.));
#3148 = DIRECTION('',(-9.532005704026E-02,0.995446676988,0.));
#3149 = ADVANCED_FACE('',(#3150),#3154,.T.);
#3150 = FACE_BOUND('',#3151,.T.);
#3151 = EDGE_LOOP('',(#3152,#3153));
#3152 = ORIENTED_EDGE('',*,*,#3066,.T.);
#3153 = ORIENTED_EDGE('',*,*,#3102,.F.);
#3154 = SPHERICAL_SURFACE('',#3155,0.565);
#3155 = AXIS2_PLACEMENT_3D('',#3156,#3157,#3158);
#3156 = CARTESIAN_POINT('',(32.,24.223951352667,26.5));
#3157 = DIRECTION('',(0.,0.,1.));
#3158 = DIRECTION('',(1.,0.,0.));
#3159 = ADVANCED_FACE('',(#3160),#3205,.T.);
#3160 = FACE_BOUND('',#3161,.T.);
#3161 = EDGE_LOOP('',(#3162,#3169,#3170,#3178,#3187,#3196,#3203,#3204));
#3162 = ORIENTED_EDGE('',*,*,#3163,.T.);
#3163 = EDGE_CURVE('',#3128,#3119,#3164,.T.);
#3164 = CIRCLE('',#3165,0.565);
#3165 = AXIS2_PLACEMENT_3D('',#3166,#3167,#3168);
#3166 = CARTESIAN_POINT('',(33.508970760311,24.368444455382,26.5));
#3167 = DIRECTION('',(0.936742454796,0.35001939001,-0.));
#3168 = DIRECTION('',(-0.35001939001,0.936742454796,0.));
#3169 = ORIENTED_EDGE('',*,*,#3118,.T.);
#3170 = ORIENTED_EDGE('',*,*,#3171,.T.);
#3171 = EDGE_CURVE('',#3111,#3172,#3174,.T.);
#3172 = VERTEX_POINT('',#3173);
#3173 = CARTESIAN_POINT('',(34.674665166442,25.407167148039,26.5));
#3174 = LINE('',#3175,#3176);
#3175 = CARTESIAN_POINT('',(33.311209804956,24.897703942341,26.5));
#3176 = VECTOR('',#3177,1.);
#3177 = DIRECTION('',(0.936742454796,0.35001939001,1.232595164408E-32));
#3178 = ORIENTED_EDGE('',*,*,#3179,.F.);
#3179 = EDGE_CURVE('',#3180,#3172,#3182,.T.);
#3180 = VERTEX_POINT('',#3181);
#3181 = CARTESIAN_POINT('',(34.942190990333,24.903975719172,25.935));
#3182 = ELLIPSE('',#3183,0.569887427949,0.565);
#3183 = AXIS2_PLACEMENT_3D('',#3184,#3185,#3186);
#3184 = CARTESIAN_POINT('',(34.942190990333,24.903975719172,26.5));
#3185 = DIRECTION('',(0.882966361758,0.469436261918,0.));
#3186 = DIRECTION('',(0.469436261918,-0.882966361758,0.));
#3187 = ORIENTED_EDGE('',*,*,#3188,.F.);
#3188 = EDGE_CURVE('',#3189,#3180,#3191,.T.);
#3189 = VERTEX_POINT('',#3190);
#3190 = CARTESIAN_POINT('',(34.942190990333,24.903975719172,27.065));
#3191 = CIRCLE('',#3192,0.565);
#3192 = AXIS2_PLACEMENT_3D('',#3193,#3194,#3195);
#3193 = CARTESIAN_POINT('',(34.942190990333,24.903975719172,26.5));
#3194 = DIRECTION('',(0.936742454796,0.35001939001,-0.));
#3195 = DIRECTION('',(-0.35001939001,0.936742454796,0.));
#3196 = ORIENTED_EDGE('',*,*,#3197,.F.);
#3197 = EDGE_CURVE('',#3172,#3189,#3198,.T.);
#3198 = ELLIPSE('',#3199,0.569887427949,0.565);
#3199 = AXIS2_PLACEMENT_3D('',#3200,#3201,#3202);
#3200 = CARTESIAN_POINT('',(34.942190990333,24.903975719172,26.5));
#3201 = DIRECTION('',(0.882966361758,0.469436261918,0.));
#3202 = DIRECTION('',(0.469436261918,-0.882966361758,0.));
#3203 = ORIENTED_EDGE('',*,*,#3171,.F.);
#3204 = ORIENTED_EDGE('',*,*,#3136,.T.);
#3205 = CYLINDRICAL_SURFACE('',#3206,0.565);
#3206 = AXIS2_PLACEMENT_3D('',#3207,#3208,#3209);
#3207 = CARTESIAN_POINT('',(33.508970760311,24.368444455382,26.5));
#3208 = DIRECTION('',(0.936742454796,0.35001939001,0.));
#3209 = DIRECTION('',(-0.35001939001,0.936742454796,0.));
#3210 = ADVANCED_FACE('',(#3211),#3215,.T.);
#3211 = FACE_BOUND('',#3212,.T.);
#3212 = EDGE_LOOP('',(#3213,#3214));
#3213 = ORIENTED_EDGE('',*,*,#3127,.T.);
#3214 = ORIENTED_EDGE('',*,*,#3163,.F.);
#3215 = SPHERICAL_SURFACE('',#3216,0.565);
#3216 = AXIS2_PLACEMENT_3D('',#3217,#3218,#3219);
#3217 = CARTESIAN_POINT('',(33.508970760311,24.368444455382,26.5));
#3218 = DIRECTION('',(0.,0.,1.));
#3219 = DIRECTION('',(1.,0.,0.));
#3220 = ADVANCED_FACE('',(#3221),#3266,.T.);
#3221 = FACE_BOUND('',#3222,.T.);
#3222 = EDGE_LOOP('',(#3223,#3230,#3231,#3239,#3248,#3257,#3264,#3265));
#3223 = ORIENTED_EDGE('',*,*,#3224,.T.);
#3224 = EDGE_CURVE('',#3189,#3180,#3225,.T.);
#3225 = CIRCLE('',#3226,0.565);
#3226 = AXIS2_PLACEMENT_3D('',#3227,#3228,#3229);
#3227 = CARTESIAN_POINT('',(34.942190990333,24.903975719172,26.5));
#3228 = DIRECTION('',(0.814045402338,0.580801242192,-0.));
#3229 = DIRECTION('',(-0.580801242192,0.814045402338,0.));
#3230 = ORIENTED_EDGE('',*,*,#3179,.T.);
#3231 = ORIENTED_EDGE('',*,*,#3232,.T.);
#3232 = EDGE_CURVE('',#3172,#3233,#3235,.T.);
#3233 = VERTEX_POINT('',#3234);
#3234 = CARTESIAN_POINT('',(35.810409803151,26.217492830021,26.5));
#3235 = LINE('',#3236,#3237);
#3236 = CARTESIAN_POINT('',(34.614038288494,25.363911371493,26.5));
#3237 = VECTOR('',#3238,1.);
#3238 = DIRECTION('',(0.814045402338,0.580801242192,-2.465190328816E-32)
  );
#3239 = ORIENTED_EDGE('',*,*,#3240,.F.);
#3240 = EDGE_CURVE('',#3241,#3233,#3243,.T.);
#3241 = VERTEX_POINT('',#3242);
#3242 = CARTESIAN_POINT('',(36.199188018935,25.800811981065,25.935));
#3243 = ELLIPSE('',#3244,0.569887208977,0.565);
#3244 = AXIS2_PLACEMENT_3D('',#3245,#3246,#3247);
#3245 = CARTESIAN_POINT('',(36.199188018935,25.800811981065,26.5));
#3246 = DIRECTION('',(0.731163715192,0.682202038685,0.));
#3247 = DIRECTION('',(0.682202038685,-0.731163715192,0.));
#3248 = ORIENTED_EDGE('',*,*,#3249,.F.);
#3249 = EDGE_CURVE('',#3250,#3241,#3252,.T.);
#3250 = VERTEX_POINT('',#3251);
#3251 = CARTESIAN_POINT('',(36.199188018935,25.800811981065,27.065));
#3252 = CIRCLE('',#3253,0.565);
#3253 = AXIS2_PLACEMENT_3D('',#3254,#3255,#3256);
#3254 = CARTESIAN_POINT('',(36.199188018935,25.800811981065,26.5));
#3255 = DIRECTION('',(0.814045402338,0.580801242192,-0.));
#3256 = DIRECTION('',(-0.580801242192,0.814045402338,0.));
#3257 = ORIENTED_EDGE('',*,*,#3258,.F.);
#3258 = EDGE_CURVE('',#3233,#3250,#3259,.T.);
#3259 = ELLIPSE('',#3260,0.569887208977,0.565);
#3260 = AXIS2_PLACEMENT_3D('',#3261,#3262,#3263);
#3261 = CARTESIAN_POINT('',(36.199188018935,25.800811981065,26.5));
#3262 = DIRECTION('',(0.731163715192,0.682202038685,0.));
#3263 = DIRECTION('',(0.682202038685,-0.731163715192,0.));
#3264 = ORIENTED_EDGE('',*,*,#3232,.F.);
#3265 = ORIENTED_EDGE('',*,*,#3197,.T.);
#3266 = CYLINDRICAL_SURFACE('',#3267,0.565);
#3267 = AXIS2_PLACEMENT_3D('',#3268,#3269,#3270);
#3268 = CARTESIAN_POINT('',(34.942190990333,24.903975719172,26.5));
#3269 = DIRECTION('',(0.814045402338,0.580801242192,0.));
#3270 = DIRECTION('',(-0.580801242192,0.814045402338,0.));
#3271 = ADVANCED_FACE('',(#3272),#3276,.T.);
#3272 = FACE_BOUND('',#3273,.T.);
#3273 = EDGE_LOOP('',(#3274,#3275));
#3274 = ORIENTED_EDGE('',*,*,#3188,.T.);
#3275 = ORIENTED_EDGE('',*,*,#3224,.F.);
#3276 = SPHERICAL_SURFACE('',#3277,0.565);
#3277 = AXIS2_PLACEMENT_3D('',#3278,#3279,#3280);
#3278 = CARTESIAN_POINT('',(34.942190990333,24.903975719172,26.5));
#3279 = DIRECTION('',(0.,0.,1.));
#3280 = DIRECTION('',(1.,0.,0.));
#3281 = ADVANCED_FACE('',(#3282),#3336,.T.);
#3282 = FACE_BOUND('',#3283,.T.);
#3283 = EDGE_LOOP('',(#3284,#3285,#3294,#3302,#3311,#3320,#3327,#3328,
    #3335));
#3284 = ORIENTED_EDGE('',*,*,#3258,.T.);
#3285 = ORIENTED_EDGE('',*,*,#3286,.T.);
#3286 = EDGE_CURVE('',#3250,#3287,#3289,.T.);
#3287 = VERTEX_POINT('',#3288);
#3288 = CARTESIAN_POINT('',(36.635312677139,25.441618046669,26.5));
#3289 = CIRCLE('',#3290,0.565);
#3290 = AXIS2_PLACEMENT_3D('',#3291,#3292,#3293);
#3291 = CARTESIAN_POINT('',(36.199188018935,25.800811981065,26.5));
#3292 = DIRECTION('',(0.635741476807,0.771902049917,0.));
#3293 = DIRECTION('',(0.771902049917,-0.635741476807,0.));
#3294 = ORIENTED_EDGE('',*,*,#3295,.T.);
#3295 = EDGE_CURVE('',#3287,#3296,#3298,.T.);
#3296 = VERTEX_POINT('',#3297);
#3297 = CARTESIAN_POINT('',(37.625968357775,26.644448408604,26.5));
#3298 = LINE('',#3299,#3300);
#3299 = CARTESIAN_POINT('',(36.635312677139,25.441618046669,26.5));
#3300 = VECTOR('',#3301,1.);
#3301 = DIRECTION('',(0.635741476807,0.771902049917,2.465190328816E-32)
  );
#3302 = ORIENTED_EDGE('',*,*,#3303,.F.);
#3303 = EDGE_CURVE('',#3304,#3296,#3306,.T.);
#3304 = VERTEX_POINT('',#3305);
#3305 = CARTESIAN_POINT('',(37.189843699572,27.003642343,27.065));
#3306 = CIRCLE('',#3307,0.565);
#3307 = AXIS2_PLACEMENT_3D('',#3308,#3309,#3310);
#3308 = CARTESIAN_POINT('',(37.189843699572,27.003642343,26.5));
#3309 = DIRECTION('',(0.635741476807,0.771902049917,0.));
#3310 = DIRECTION('',(0.771902049917,-0.635741476807,0.));
#3311 = ORIENTED_EDGE('',*,*,#3312,.F.);
#3312 = EDGE_CURVE('',#3313,#3304,#3315,.T.);
#3313 = VERTEX_POINT('',#3314);
#3314 = CARTESIAN_POINT('',(37.189843699572,27.003642343,25.935));
#3315 = ELLIPSE('',#3316,0.569886995911,0.565);
#3316 = AXIS2_PLACEMENT_3D('',#3317,#3318,#3319);
#3317 = CARTESIAN_POINT('',(37.189843699572,27.003642343,26.5));
#3318 = DIRECTION('',(0.529417727599,0.848361284892,0.));
#3319 = DIRECTION('',(0.848361284892,-0.529417727599,0.));
#3320 = ORIENTED_EDGE('',*,*,#3321,.F.);
#3321 = EDGE_CURVE('',#3296,#3313,#3322,.T.);
#3322 = CIRCLE('',#3323,0.565);
#3323 = AXIS2_PLACEMENT_3D('',#3324,#3325,#3326);
#3324 = CARTESIAN_POINT('',(37.189843699572,27.003642343,26.5));
#3325 = DIRECTION('',(0.635741476807,0.771902049917,0.));
#3326 = DIRECTION('',(0.771902049917,-0.635741476807,0.));
#3327 = ORIENTED_EDGE('',*,*,#3295,.F.);
#3328 = ORIENTED_EDGE('',*,*,#3329,.T.);
#3329 = EDGE_CURVE('',#3287,#3241,#3330,.T.);
#3330 = CIRCLE('',#3331,0.565);
#3331 = AXIS2_PLACEMENT_3D('',#3332,#3333,#3334);
#3332 = CARTESIAN_POINT('',(36.199188018935,25.800811981065,26.5));
#3333 = DIRECTION('',(0.635741476807,0.771902049917,0.));
#3334 = DIRECTION('',(0.771902049917,-0.635741476807,0.));
#3335 = ORIENTED_EDGE('',*,*,#3240,.T.);
#3336 = CYLINDRICAL_SURFACE('',#3337,0.565);
#3337 = AXIS2_PLACEMENT_3D('',#3338,#3339,#3340);
#3338 = CARTESIAN_POINT('',(36.199188018935,25.800811981065,26.5));
#3339 = DIRECTION('',(0.635741476807,0.771902049917,0.));
#3340 = DIRECTION('',(0.771902049917,-0.635741476807,0.));
#3341 = ADVANCED_FACE('',(#3342),#3347,.T.);
#3342 = FACE_BOUND('',#3343,.T.);
#3343 = EDGE_LOOP('',(#3344,#3345,#3346));
#3344 = ORIENTED_EDGE('',*,*,#3249,.T.);
#3345 = ORIENTED_EDGE('',*,*,#3329,.F.);
#3346 = ORIENTED_EDGE('',*,*,#3286,.F.);
#3347 = SPHERICAL_SURFACE('',#3348,0.565);
#3348 = AXIS2_PLACEMENT_3D('',#3349,#3350,#3351);
#3349 = CARTESIAN_POINT('',(36.199188018935,25.800811981065,26.5));
#3350 = DIRECTION('',(0.,0.,1.));
#3351 = DIRECTION('',(1.,0.,0.));
#3352 = ADVANCED_FACE('',(#3353),#3373,.T.);
#3353 = FACE_BOUND('',#3354,.T.);
#3354 = EDGE_LOOP('',(#3355,#3356,#3365,#3372));
#3355 = ORIENTED_EDGE('',*,*,#3321,.T.);
#3356 = ORIENTED_EDGE('',*,*,#3357,.F.);
#3357 = EDGE_CURVE('',#3358,#3313,#3360,.T.);
#3358 = VERTEX_POINT('',#3359);
#3359 = CARTESIAN_POINT('',(37.704146523002,26.76972439625,26.5));
#3360 = CIRCLE('',#3361,0.565);
#3361 = AXIS2_PLACEMENT_3D('',#3362,#3363,#3364);
#3362 = CARTESIAN_POINT('',(37.189843699572,27.003642343,26.5));
#3363 = DIRECTION('',(0.414014065045,0.910270483947,0.));
#3364 = DIRECTION('',(0.910270483947,-0.414014065045,0.));
#3365 = ORIENTED_EDGE('',*,*,#3366,.F.);
#3366 = EDGE_CURVE('',#3304,#3358,#3367,.T.);
#3367 = CIRCLE('',#3368,0.565);
#3368 = AXIS2_PLACEMENT_3D('',#3369,#3370,#3371);
#3369 = CARTESIAN_POINT('',(37.189843699572,27.003642343,26.5));
#3370 = DIRECTION('',(0.414014065045,0.910270483947,0.));
#3371 = DIRECTION('',(0.910270483947,-0.414014065045,0.));
#3372 = ORIENTED_EDGE('',*,*,#3303,.T.);
#3373 = SPHERICAL_SURFACE('',#3374,0.565);
#3374 = AXIS2_PLACEMENT_3D('',#3375,#3376,#3377);
#3375 = CARTESIAN_POINT('',(37.189843699572,27.003642343,26.5));
#3376 = DIRECTION('',(0.,0.,1.));
#3377 = DIRECTION('',(1.,0.,0.));
#3378 = ADVANCED_FACE('',(#3379),#3418,.T.);
#3379 = FACE_BOUND('',#3380,.T.);
#3380 = EDGE_LOOP('',(#3381,#3382,#3383,#3391,#3400,#3409,#3416,#3417));
#3381 = ORIENTED_EDGE('',*,*,#3312,.T.);
#3382 = ORIENTED_EDGE('',*,*,#3366,.T.);
#3383 = ORIENTED_EDGE('',*,*,#3384,.T.);
#3384 = EDGE_CURVE('',#3358,#3385,#3387,.T.);
#3385 = VERTEX_POINT('',#3386);
#3386 = CARTESIAN_POINT('',(38.355142297077,28.201033833166,26.5));
#3387 = LINE('',#3388,#3389);
#3388 = CARTESIAN_POINT('',(37.704146523002,26.76972439625,26.5));
#3389 = VECTOR('',#3390,1.);
#3390 = DIRECTION('',(0.414014065045,0.910270483947,1.232595164408E-32)
  );
#3391 = ORIENTED_EDGE('',*,*,#3392,.F.);
#3392 = EDGE_CURVE('',#3393,#3385,#3395,.T.);
#3393 = VERTEX_POINT('',#3394);
#3394 = CARTESIAN_POINT('',(37.840839473648,28.434951779916,27.065));
#3395 = CIRCLE('',#3396,0.565);
#3396 = AXIS2_PLACEMENT_3D('',#3397,#3398,#3399);
#3397 = CARTESIAN_POINT('',(37.840839473648,28.434951779916,26.5));
#3398 = DIRECTION('',(0.414014065045,0.910270483947,0.));
#3399 = DIRECTION('',(0.910270483947,-0.414014065045,0.));
#3400 = ORIENTED_EDGE('',*,*,#3401,.F.);
#3401 = EDGE_CURVE('',#3402,#3393,#3404,.T.);
#3402 = VERTEX_POINT('',#3403);
#3403 = CARTESIAN_POINT('',(37.840839473648,28.434951779916,25.935));
#3404 = ELLIPSE('',#3405,0.569886788541,0.565);
#3405 = AXIS2_PLACEMENT_3D('',#3406,#3407,#3408);
#3406 = CARTESIAN_POINT('',(37.840839473648,28.434951779916,26.5));
#3407 = DIRECTION('',(0.291512389758,0.95656705286,0.));
#3408 = DIRECTION('',(0.95656705286,-0.291512389758,0.));
#3409 = ORIENTED_EDGE('',*,*,#3410,.F.);
#3410 = EDGE_CURVE('',#3385,#3402,#3411,.T.);
#3411 = CIRCLE('',#3412,0.565);
#3412 = AXIS2_PLACEMENT_3D('',#3413,#3414,#3415);
#3413 = CARTESIAN_POINT('',(37.840839473648,28.434951779916,26.5));
#3414 = DIRECTION('',(0.414014065045,0.910270483947,0.));
#3415 = DIRECTION('',(0.910270483947,-0.414014065045,0.));
#3416 = ORIENTED_EDGE('',*,*,#3384,.F.);
#3417 = ORIENTED_EDGE('',*,*,#3357,.T.);
#3418 = CYLINDRICAL_SURFACE('',#3419,0.565);
#3419 = AXIS2_PLACEMENT_3D('',#3420,#3421,#3422);
#3420 = CARTESIAN_POINT('',(37.189843699572,27.003642343,26.5));
#3421 = DIRECTION('',(0.414014065045,0.910270483947,0.));
#3422 = DIRECTION('',(0.910270483947,-0.414014065045,0.));
#3423 = ADVANCED_FACE('',(#3424),#3444,.T.);
#3424 = FACE_BOUND('',#3425,.T.);
#3425 = EDGE_LOOP('',(#3426,#3427,#3436,#3443));
#3426 = ORIENTED_EDGE('',*,*,#3410,.T.);
#3427 = ORIENTED_EDGE('',*,*,#3428,.F.);
#3428 = EDGE_CURVE('',#3429,#3402,#3431,.T.);
#3429 = VERTEX_POINT('',#3430);
#3430 = CARTESIAN_POINT('',(38.398188506654,28.342285413812,26.5));
#3431 = CIRCLE('',#3432,0.565);
#3432 = AXIS2_PLACEMENT_3D('',#3433,#3434,#3435);
#3433 = CARTESIAN_POINT('',(37.840839473648,28.434951779916,26.5));
#3434 = DIRECTION('',(0.164011267441,0.986458465498,0.));
#3435 = DIRECTION('',(0.986458465498,-0.164011267441,0.));
#3436 = ORIENTED_EDGE('',*,*,#3437,.F.);
#3437 = EDGE_CURVE('',#3393,#3429,#3438,.T.);
#3438 = CIRCLE('',#3439,0.565);
#3439 = AXIS2_PLACEMENT_3D('',#3440,#3441,#3442);
#3440 = CARTESIAN_POINT('',(37.840839473648,28.434951779916,26.5));
#3441 = DIRECTION('',(0.164011267441,0.986458465498,0.));
#3442 = DIRECTION('',(0.986458465498,-0.164011267441,0.));
#3443 = ORIENTED_EDGE('',*,*,#3392,.T.);
#3444 = SPHERICAL_SURFACE('',#3445,0.565);
#3445 = AXIS2_PLACEMENT_3D('',#3446,#3447,#3448);
#3446 = CARTESIAN_POINT('',(37.840839473648,28.434951779916,26.5));
#3447 = DIRECTION('',(0.,0.,1.));
#3448 = DIRECTION('',(1.,0.,0.));
#3449 = ADVANCED_FACE('',(#3450),#3507,.T.);
#3450 = FACE_BOUND('',#3451,.T.);
#3451 = EDGE_LOOP('',(#3452,#3453,#3454,#3462,#3471,#3480,#3489,#3498,
    #3505,#3506));
#3452 = ORIENTED_EDGE('',*,*,#3401,.T.);
#3453 = ORIENTED_EDGE('',*,*,#3437,.T.);
#3454 = ORIENTED_EDGE('',*,*,#3455,.T.);
#3455 = EDGE_CURVE('',#3429,#3456,#3458,.T.);
#3456 = VERTEX_POINT('',#3457);
#3457 = CARTESIAN_POINT('',(38.658397680339,29.907333633896,26.5));
#3458 = LINE('',#3459,#3460);
#3459 = CARTESIAN_POINT('',(38.398188506654,28.342285413812,26.5));
#3460 = VECTOR('',#3461,1.);
#3461 = DIRECTION('',(0.164011267441,0.986458465498,0.));
#3462 = ORIENTED_EDGE('',*,*,#3463,.F.);
#3463 = EDGE_CURVE('',#3464,#3456,#3466,.T.);
#3464 = VERTEX_POINT('',#3465);
#3465 = CARTESIAN_POINT('',(38.101048647333,30.,27.065));
#3466 = CIRCLE('',#3467,0.565);
#3467 = AXIS2_PLACEMENT_3D('',#3468,#3469,#3470);
#3468 = CARTESIAN_POINT('',(38.101048647333,30.,26.5));
#3469 = DIRECTION('',(0.164011267441,0.986458465498,0.));
#3470 = DIRECTION('',(0.986458465498,-0.164011267441,0.));
#3471 = ORIENTED_EDGE('',*,*,#3472,.F.);
#3472 = EDGE_CURVE('',#3473,#3464,#3475,.T.);
#3473 = VERTEX_POINT('',#3474);
#3474 = CARTESIAN_POINT('',(37.586826713022,30.085495937378,
    26.717924865412));
#3475 = CIRCLE('',#3476,0.565);
#3476 = AXIS2_PLACEMENT_3D('',#3477,#3478,#3479);
#3477 = CARTESIAN_POINT('',(38.101048647333,30.,26.5));
#3478 = DIRECTION('',(0.164011267441,0.986458465498,0.));
#3479 = DIRECTION('',(0.986458465498,-0.164011267441,0.));
#3480 = ORIENTED_EDGE('',*,*,#3481,.F.);
#3481 = EDGE_CURVE('',#3482,#3473,#3484,.T.);
#3482 = VERTEX_POINT('',#3483);
#3483 = CARTESIAN_POINT('',(37.53760002329,29.960073100783,
    26.632390495548));
#3484 = ELLIPSE('',#3485,1.004104078985,0.565);
#3485 = AXIS2_PLACEMENT_3D('',#3486,#3487,#3488);
#3486 = CARTESIAN_POINT('',(38.101048647333,30.,26.5));
#3487 = DIRECTION('',(-0.222246697239,0.607366307339,-0.762700841927));
#3488 = DIRECTION('',(0.34967795434,0.779877139506,0.519150243692));
#3489 = ORIENTED_EDGE('',*,*,#3490,.F.);
#3490 = EDGE_CURVE('',#3491,#3482,#3493,.T.);
#3491 = VERTEX_POINT('',#3492);
#3492 = CARTESIAN_POINT('',(38.615270581644,29.914504062622,
    26.282075134588));
#3493 = ELLIPSE('',#3494,1.004104078985,0.565);
#3494 = AXIS2_PLACEMENT_3D('',#3495,#3496,#3497);
#3495 = CARTESIAN_POINT('',(38.101048647333,30.,26.5));
#3496 = DIRECTION('',(-0.222246697239,0.607366307339,-0.762700841927));
#3497 = DIRECTION('',(0.34967795434,0.779877139506,0.519150243692));
#3498 = ORIENTED_EDGE('',*,*,#3499,.F.);
#3499 = EDGE_CURVE('',#3456,#3491,#3500,.T.);
#3500 = CIRCLE('',#3501,0.565);
#3501 = AXIS2_PLACEMENT_3D('',#3502,#3503,#3504);
#3502 = CARTESIAN_POINT('',(38.101048647333,30.,26.5));
#3503 = DIRECTION('',(0.164011267441,0.986458465498,0.));
#3504 = DIRECTION('',(0.986458465498,-0.164011267441,0.));
#3505 = ORIENTED_EDGE('',*,*,#3455,.F.);
#3506 = ORIENTED_EDGE('',*,*,#3428,.T.);
#3507 = CYLINDRICAL_SURFACE('',#3508,0.565);
#3508 = AXIS2_PLACEMENT_3D('',#3509,#3510,#3511);
#3509 = CARTESIAN_POINT('',(37.840839473648,28.434951779916,26.5));
#3510 = DIRECTION('',(0.164011267441,0.986458465498,0.));
#3511 = DIRECTION('',(0.986458465498,-0.164011267441,0.));
#3512 = ADVANCED_FACE('',(#3513),#3533,.T.);
#3513 = FACE_BOUND('',#3514,.T.);
#3514 = EDGE_LOOP('',(#3515,#3524,#3531,#3532));
#3515 = ORIENTED_EDGE('',*,*,#3516,.F.);
#3516 = EDGE_CURVE('',#3517,#3491,#3519,.T.);
#3517 = VERTEX_POINT('',#3518);
#3518 = CARTESIAN_POINT('',(38.6099165527,30.,26.254483290003));
#3519 = CIRCLE('',#3520,0.565);
#3520 = AXIS2_PLACEMENT_3D('',#3521,#3522,#3523);
#3521 = CARTESIAN_POINT('',(38.101048647333,30.,26.5));
#3522 = DIRECTION('',(-0.414123554739,-0.302939752989,-0.858329300135));
#3523 = DIRECTION('',(-0.900651159941,-1.387778780781E-17,0.434542849552
    ));
#3524 = ORIENTED_EDGE('',*,*,#3525,.T.);
#3525 = EDGE_CURVE('',#3517,#3464,#3526,.T.);
#3526 = CIRCLE('',#3527,0.565);
#3527 = AXIS2_PLACEMENT_3D('',#3528,#3529,#3530);
#3528 = CARTESIAN_POINT('',(38.101048647333,30.,26.5));
#3529 = DIRECTION('',(-2.449293598295E-16,-1.,0.));
#3530 = DIRECTION('',(1.,-2.449293598295E-16,0.));
#3531 = ORIENTED_EDGE('',*,*,#3463,.T.);
#3532 = ORIENTED_EDGE('',*,*,#3499,.T.);
#3533 = SPHERICAL_SURFACE('',#3534,0.565);
#3534 = AXIS2_PLACEMENT_3D('',#3535,#3536,#3537);
#3535 = CARTESIAN_POINT('',(38.101048647333,30.,26.5));
#3536 = DIRECTION('',(0.,0.,1.));
#3537 = DIRECTION('',(1.,0.,0.));
#3538 = ADVANCED_FACE('',(#3539),#3603,.T.);
#3539 = FACE_BOUND('',#3540,.T.);
#3540 = EDGE_LOOP('',(#3541,#3542,#3543,#3551,#3560,#3569,#3578,#3587,
    #3594,#3595,#3596));
#3541 = ORIENTED_EDGE('',*,*,#3516,.T.);
#3542 = ORIENTED_EDGE('',*,*,#3490,.T.);
#3543 = ORIENTED_EDGE('',*,*,#3544,.T.);
#3544 = EDGE_CURVE('',#3482,#3545,#3547,.T.);
#3545 = VERTEX_POINT('',#3546);
#3546 = CARTESIAN_POINT('',(33.52321995313,27.023472917239,
    18.31202330884));
#3547 = LINE('',#3548,#3549);
#3548 = CARTESIAN_POINT('',(37.592180741966,30.,26.745516709997));
#3549 = VECTOR('',#3550,1.);
#3550 = DIRECTION('',(-0.414123554739,-0.302939752989,-0.858329300135));
#3551 = ORIENTED_EDGE('',*,*,#3552,.F.);
#3552 = EDGE_CURVE('',#3553,#3545,#3555,.T.);
#3553 = VERTEX_POINT('',#3554);
#3554 = CARTESIAN_POINT('',(33.534196690952,26.970003201942,
    18.328184453673));
#3555 = ELLIPSE('',#3556,0.570879565996,0.565);
#3556 = AXIS2_PLACEMENT_3D('',#3557,#3558,#3559);
#3557 = CARTESIAN_POINT('',(34.,27.,18.));
#3558 = DIRECTION('',(-0.526111319107,-0.343182994641,-0.77809531042));
#3559 = DIRECTION('',(0.744453749305,0.256433852849,-0.616465971695));
#3560 = ORIENTED_EDGE('',*,*,#3561,.F.);
#3561 = EDGE_CURVE('',#3562,#3553,#3564,.T.);
#3562 = VERTEX_POINT('',#3563);
#3563 = CARTESIAN_POINT('',(34.232266198377,26.489474081358,
    18.068122679677));
#3564 = ELLIPSE('',#3565,0.570879565996,0.565);
#3565 = AXIS2_PLACEMENT_3D('',#3566,#3567,#3568);
#3566 = CARTESIAN_POINT('',(34.,27.,18.));
#3567 = DIRECTION('',(-0.526111319107,-0.343182994641,-0.77809531042));
#3568 = DIRECTION('',(0.744453749305,0.256433852849,-0.616465971695));
#3569 = ORIENTED_EDGE('',*,*,#3570,.F.);
#3570 = EDGE_CURVE('',#3571,#3562,#3573,.T.);
#3571 = VERTEX_POINT('',#3572);
#3572 = CARTESIAN_POINT('',(34.508867905367,27.,17.754483290003));
#3573 = CIRCLE('',#3574,0.565);
#3574 = AXIS2_PLACEMENT_3D('',#3575,#3576,#3577);
#3575 = CARTESIAN_POINT('',(34.,27.,18.));
#3576 = DIRECTION('',(-0.414123554739,-0.302939752989,-0.858329300135));
#3577 = DIRECTION('',(-0.900651159941,-1.387778780781E-17,0.434542849552
    ));
#3578 = ORIENTED_EDGE('',*,*,#3579,.F.);
#3579 = EDGE_CURVE('',#3580,#3571,#3582,.T.);
#3580 = VERTEX_POINT('',#3581);
#3581 = CARTESIAN_POINT('',(33.767733801623,27.510525918642,
    17.931877320323));
#3582 = CIRCLE('',#3583,0.565);
#3583 = AXIS2_PLACEMENT_3D('',#3584,#3585,#3586);
#3584 = CARTESIAN_POINT('',(34.,27.,18.));
#3585 = DIRECTION('',(-0.414123554739,-0.302939752989,-0.858329300135));
#3586 = DIRECTION('',(-0.900651159941,-1.387778780781E-17,0.434542849552
    ));
#3587 = ORIENTED_EDGE('',*,*,#3588,.F.);
#3588 = EDGE_CURVE('',#3545,#3580,#3589,.T.);
#3589 = ELLIPSE('',#3590,0.570879565996,0.565);
#3590 = AXIS2_PLACEMENT_3D('',#3591,#3592,#3593);
#3591 = CARTESIAN_POINT('',(34.,27.,18.));
#3592 = DIRECTION('',(-0.526111319107,-0.343182994641,-0.77809531042));
#3593 = DIRECTION('',(0.744453749305,0.256433852849,-0.616465971695));
#3594 = ORIENTED_EDGE('',*,*,#3544,.F.);
#3595 = ORIENTED_EDGE('',*,*,#3481,.T.);
#3596 = ORIENTED_EDGE('',*,*,#3597,.T.);
#3597 = EDGE_CURVE('',#3473,#3517,#3598,.T.);
#3598 = CIRCLE('',#3599,0.565);
#3599 = AXIS2_PLACEMENT_3D('',#3600,#3601,#3602);
#3600 = CARTESIAN_POINT('',(38.101048647333,30.,26.5));
#3601 = DIRECTION('',(-0.414123554739,-0.302939752989,-0.858329300135));
#3602 = DIRECTION('',(-0.900651159941,-1.387778780781E-17,0.434542849552
    ));
#3603 = CYLINDRICAL_SURFACE('',#3604,0.565);
#3604 = AXIS2_PLACEMENT_3D('',#3605,#3606,#3607);
#3605 = CARTESIAN_POINT('',(38.101048647333,30.,26.5));
#3606 = DIRECTION('',(-0.414123554739,-0.302939752989,-0.858329300135));
#3607 = DIRECTION('',(-0.900651159941,-1.387778780781E-17,0.434542849552
    ));
#3608 = ADVANCED_FACE('',(#3609),#3614,.T.);
#3609 = FACE_BOUND('',#3610,.T.);
#3610 = EDGE_LOOP('',(#3611,#3612,#3613));
#3611 = ORIENTED_EDGE('',*,*,#3525,.F.);
#3612 = ORIENTED_EDGE('',*,*,#3597,.F.);
#3613 = ORIENTED_EDGE('',*,*,#3472,.T.);
#3614 = SPHERICAL_SURFACE('',#3615,0.565);
#3615 = AXIS2_PLACEMENT_3D('',#3616,#3617,#3618);
#3616 = CARTESIAN_POINT('',(38.101048647333,30.,26.5));
#3617 = DIRECTION('',(0.,0.,1.));
#3618 = DIRECTION('',(1.,0.,0.));
#3619 = ADVANCED_FACE('',(#3620),#3666,.T.);
#3620 = FACE_BOUND('',#3621,.T.);
#3621 = EDGE_LOOP('',(#3622,#3623,#3631,#3640,#3647,#3648,#3649,#3650,
    #3659));
#3622 = ORIENTED_EDGE('',*,*,#3561,.T.);
#3623 = ORIENTED_EDGE('',*,*,#3624,.T.);
#3624 = EDGE_CURVE('',#3553,#3625,#3627,.T.);
#3625 = VERTEX_POINT('',#3626);
#3626 = CARTESIAN_POINT('',(28.584191354383,24.,12.947528652822));
#3627 = LINE('',#3628,#3629);
#3628 = CARTESIAN_POINT('',(33.584191354383,27.,18.382528652822));
#3629 = VECTOR('',#3630,1.);
#3630 = DIRECTION('',(-0.627262099962,-0.376357259977,-0.681833902658));
#3631 = ORIENTED_EDGE('',*,*,#3632,.F.);
#3632 = EDGE_CURVE('',#3633,#3625,#3635,.T.);
#3633 = VERTEX_POINT('',#3634);
#3634 = CARTESIAN_POINT('',(29.415808645617,24.,12.182471347178));
#3635 = CIRCLE('',#3636,0.565);
#3636 = AXIS2_PLACEMENT_3D('',#3637,#3638,#3639);
#3637 = CARTESIAN_POINT('',(29.,24.,12.565));
#3638 = DIRECTION('',(-0.627262099962,-0.376357259977,-0.681833902658));
#3639 = DIRECTION('',(-0.735944505518,2.775557561563E-17,0.677041863402)
  );
#3640 = ORIENTED_EDGE('',*,*,#3641,.F.);
#3641 = EDGE_CURVE('',#3625,#3633,#3642,.T.);
#3642 = CIRCLE('',#3643,0.565);
#3643 = AXIS2_PLACEMENT_3D('',#3644,#3645,#3646);
#3644 = CARTESIAN_POINT('',(29.,24.,12.565));
#3645 = DIRECTION('',(-0.627262099962,-0.376357259977,-0.681833902658));
#3646 = DIRECTION('',(-0.735944505518,2.775557561563E-17,0.677041863402)
  );
#3647 = ORIENTED_EDGE('',*,*,#3624,.F.);
#3648 = ORIENTED_EDGE('',*,*,#3552,.T.);
#3649 = ORIENTED_EDGE('',*,*,#3588,.T.);
#3650 = ORIENTED_EDGE('',*,*,#3651,.T.);
#3651 = EDGE_CURVE('',#3580,#3652,#3654,.T.);
#3652 = VERTEX_POINT('',#3653);
#3653 = CARTESIAN_POINT('',(34.415808645617,27.,17.617471347178));
#3654 = CIRCLE('',#3655,0.565);
#3655 = AXIS2_PLACEMENT_3D('',#3656,#3657,#3658);
#3656 = CARTESIAN_POINT('',(34.,27.,18.));
#3657 = DIRECTION('',(-0.627262099962,-0.376357259977,-0.681833902658));
#3658 = DIRECTION('',(-0.735944505518,2.775557561563E-17,0.677041863402)
  );
#3659 = ORIENTED_EDGE('',*,*,#3660,.T.);
#3660 = EDGE_CURVE('',#3652,#3562,#3661,.T.);
#3661 = CIRCLE('',#3662,0.565);
#3662 = AXIS2_PLACEMENT_3D('',#3663,#3664,#3665);
#3663 = CARTESIAN_POINT('',(34.,27.,18.));
#3664 = DIRECTION('',(-0.627262099962,-0.376357259977,-0.681833902658));
#3665 = DIRECTION('',(-0.735944505518,2.775557561563E-17,0.677041863402)
  );
#3666 = CYLINDRICAL_SURFACE('',#3667,0.565);
#3667 = AXIS2_PLACEMENT_3D('',#3668,#3669,#3670);
#3668 = CARTESIAN_POINT('',(34.,27.,18.));
#3669 = DIRECTION('',(-0.627262099962,-0.376357259977,-0.681833902658));
#3670 = DIRECTION('',(-0.735944505518,-2.775557561563E-17,0.677041863402
    ));
#3671 = ADVANCED_FACE('',(#3672),#3683,.T.);
#3672 = FACE_BOUND('',#3673,.T.);
#3673 = EDGE_LOOP('',(#3674,#3675,#3676));
#3674 = ORIENTED_EDGE('',*,*,#3651,.F.);
#3675 = ORIENTED_EDGE('',*,*,#3579,.T.);
#3676 = ORIENTED_EDGE('',*,*,#3677,.F.);
#3677 = EDGE_CURVE('',#3652,#3571,#3678,.T.);
#3678 = CIRCLE('',#3679,0.565);
#3679 = AXIS2_PLACEMENT_3D('',#3680,#3681,#3682);
#3680 = CARTESIAN_POINT('',(34.,27.,18.));
#3681 = DIRECTION('',(-2.449293598295E-16,-1.,0.));
#3682 = DIRECTION('',(1.,-2.449293598295E-16,0.));
#3683 = SPHERICAL_SURFACE('',#3684,0.565);
#3684 = AXIS2_PLACEMENT_3D('',#3685,#3686,#3687);
#3685 = CARTESIAN_POINT('',(34.,27.,18.));
#3686 = DIRECTION('',(0.,0.,1.));
#3687 = DIRECTION('',(1.,0.,0.));
#3688 = ADVANCED_FACE('',(#3689),#3694,.T.);
#3689 = FACE_BOUND('',#3690,.T.);
#3690 = EDGE_LOOP('',(#3691,#3692,#3693));
#3691 = ORIENTED_EDGE('',*,*,#3570,.T.);
#3692 = ORIENTED_EDGE('',*,*,#3660,.F.);
#3693 = ORIENTED_EDGE('',*,*,#3677,.T.);
#3694 = SPHERICAL_SURFACE('',#3695,0.565);
#3695 = AXIS2_PLACEMENT_3D('',#3696,#3697,#3698);
#3696 = CARTESIAN_POINT('',(34.,27.,18.));
#3697 = DIRECTION('',(0.,0.,1.));
#3698 = DIRECTION('',(1.,0.,0.));
#3699 = ADVANCED_FACE('',(#3700),#3714,.T.);
#3700 = FACE_BOUND('',#3701,.T.);
#3701 = EDGE_LOOP('',(#3702,#3703,#3712,#3713));
#3702 = ORIENTED_EDGE('',*,*,#3641,.T.);
#3703 = ORIENTED_EDGE('',*,*,#3704,.F.);
#3704 = EDGE_CURVE('',#3705,#3633,#3707,.T.);
#3705 = VERTEX_POINT('',#3706);
#3706 = CARTESIAN_POINT('',(29.,24.,12.));
#3707 = CIRCLE('',#3708,0.565);
#3708 = AXIS2_PLACEMENT_3D('',#3709,#3710,#3711);
#3709 = CARTESIAN_POINT('',(29.,24.,12.565));
#3710 = DIRECTION('',(-2.449293598295E-16,-1.,0.));
#3711 = DIRECTION('',(1.,-2.449293598295E-16,0.));
#3712 = ORIENTED_EDGE('',*,*,#3704,.T.);
#3713 = ORIENTED_EDGE('',*,*,#3632,.T.);
#3714 = SPHERICAL_SURFACE('',#3715,0.565);
#3715 = AXIS2_PLACEMENT_3D('',#3716,#3717,#3718);
#3716 = CARTESIAN_POINT('',(29.,24.,12.565));
#3717 = DIRECTION('',(0.,0.,1.));
#3718 = DIRECTION('',(1.,0.,0.));
#3719 = ADVANCED_FACE('',(#3720),#3731,.T.);
#3720 = FACE_BOUND('',#3721,.T.);
#3721 = EDGE_LOOP('',(#3722,#3723,#3724,#3725,#3726,#3727,#3728,#3729,
    #3730));
#3722 = ORIENTED_EDGE('',*,*,#390,.F.);
#3723 = ORIENTED_EDGE('',*,*,#287,.F.);
#3724 = ORIENTED_EDGE('',*,*,#161,.T.);
#3725 = ORIENTED_EDGE('',*,*,#375,.T.);
#3726 = ORIENTED_EDGE('',*,*,#366,.T.);
#3727 = ORIENTED_EDGE('',*,*,#263,.T.);
#3728 = ORIENTED_EDGE('',*,*,#225,.T.);
#3729 = ORIENTED_EDGE('',*,*,#348,.F.);
#3730 = ORIENTED_EDGE('',*,*,#399,.F.);
#3731 = CYLINDRICAL_SURFACE('',#3732,0.565);
#3732 = AXIS2_PLACEMENT_3D('',#3733,#3734,#3735);
#3733 = CARTESIAN_POINT('',(35.501048647333,30.,26.5));
#3734 = DIRECTION('',(-7.259372112247E-02,0.997361595237,0.));
#3735 = DIRECTION('',(0.997361595237,7.259372112247E-02,0.));
#3736 = ( GEOMETRIC_REPRESENTATION_CONTEXT(3) 
GLOBAL_UNCERTAINTY_ASSIGNED_CONTEXT((#3740)) 
GLOBAL_UNIT_ASSIGNED_CONTEXT((#3737,#3738,#3739)) REPRESENTATION_CONTEXT
('Context #1','3D Context with UNIT and UNCERTAINTY') );
#3737 = ( LENGTH_UNIT() NAMED_UNIT(*) SI_UNIT(.MILLI.,.METRE.) );
#3738 = ( NAMED_UNIT(*) PLANE_ANGLE_UNIT() SI_UNIT($,.RADIAN.) );
#3739 = ( NAMED_UNIT(*) SI_UNIT($,.STERADIAN.) SOLID_ANGLE_UNIT() );
#3740 = UNCERTAINTY_MEASURE_WITH_UNIT(LENGTH_MEASURE(2.E-07),#3737,
  'distance_accuracy_value','confusion accuracy');
#3741 = PRODUCT_RELATED_PRODUCT_CATEGORY('part',$,(#7));
ENDSEC;
END-ISO-10303-21;
