ISO-10303-21;
HEADER;
FILE_DESCRIPTION(('FreeCAD Model'),'2;1');
FILE_NAME('Open CASCADE Shape Model','2026-09-30T01:44:39',('FreeCAD'),(
    'FreeCAD'),'Open CASCADE STEP processor 7.8','FreeCAD','Unknown');
FILE_SCHEMA(('AUTOMOTIVE_DESIGN { 1 0 10303 214 1 1 1 1 }'));
ENDSEC;
DATA;
#1 = APPLICATION_PROTOCOL_DEFINITION('international standard',
  'automotive_design',2000,#2);
#2 = APPLICATION_CONTEXT(
  'core data for automotive mechanical design processes');
#3 = SHAPE_DEFINITION_REPRESENTATION(#4,#10);
#4 = PRODUCT_DEFINITION_SHAPE('','',#5);
#5 = PRODUCT_DEFINITION('design','',#6,#9);
#6 = PRODUCT_DEFINITION_FORMATION('','',#7);
#7 = PRODUCT('Open CASCADE STEP translator 7.8 1',
  'Open CASCADE STEP translator 7.8 1','',(#8));
#8 = PRODUCT_CONTEXT('',#2,'mechanical');
#9 = PRODUCT_DEFINITION_CONTEXT('part definition',#2,'design');
#10 = ADVANCED_BREP_SHAPE_REPRESENTATION('',(#11,#15),#2621);
#11 = AXIS2_PLACEMENT_3D('',#12,#13,#14);
#12 = CARTESIAN_POINT('',(0.,0.,0.));
#13 = DIRECTION('',(0.,0.,1.));
#14 = DIRECTION('',(1.,0.,-0.));
#15 = MANIFOLD_SOLID_BREP('',#16);
#16 = CLOSED_SHELL('',(#17,#59,#195,#219,#424,#441,#458,#475,#492,#509,
    #521,#553,#577,#602,#694,#719,#777,#802,#921,#946,#977,#1001,#1025,
    #1042,#1067,#1098,#1122,#1146,#1163,#1188,#1219,#1243,#1267,#1284,
    #1309,#1431,#1462,#1486,#1510,#1527,#1558,#1582,#1606,#1623,#1654,
    #1678,#1702,#1719,#1750,#1774,#1798,#1815,#1846,#1870,#1894,#1911,
    #1964,#1988,#2012,#2051,#2071,#2091,#2111,#2131,#2156,#2173,#2198,
    #2215,#2232,#2257,#2274,#2299,#2311,#2323,#2335,#2347,#2359,#2371,
    #2388,#2405,#2425,#2445,#2465,#2485,#2510,#2535,#2560,#2585,#2594,
    #2603,#2612));
#17 = ADVANCED_FACE('',(#18),#54,.T.);
#18 = FACE_BOUND('',#19,.T.);
#19 = EDGE_LOOP('',(#20,#31,#39,#48));
#20 = ORIENTED_EDGE('',*,*,#21,.F.);
#21 = EDGE_CURVE('',#22,#24,#26,.T.);
#22 = VERTEX_POINT('',#23);
#23 = CARTESIAN_POINT('',(-44.,-30.,45.7));
#24 = VERTEX_POINT('',#25);
#25 = CARTESIAN_POINT('',(-30.,-44.,45.7));
#26 = CIRCLE('',#27,14.);
#27 = AXIS2_PLACEMENT_3D('',#28,#29,#30);
#28 = CARTESIAN_POINT('',(-30.,-30.,45.7));
#29 = DIRECTION('',(0.,0.,1.));
#30 = DIRECTION('',(1.,0.,0.));
#31 = ORIENTED_EDGE('',*,*,#32,.F.);
#32 = EDGE_CURVE('',#33,#22,#35,.T.);
#33 = VERTEX_POINT('',#34);
#34 = CARTESIAN_POINT('',(-44.,-30.,0.));
#35 = LINE('',#36,#37);
#36 = CARTESIAN_POINT('',(-44.,-30.,0.));
#37 = VECTOR('',#38,1.);
#38 = DIRECTION('',(0.,0.,1.));
#39 = ORIENTED_EDGE('',*,*,#40,.T.);
#40 = EDGE_CURVE('',#33,#41,#43,.T.);
#41 = VERTEX_POINT('',#42);
#42 = CARTESIAN_POINT('',(-30.,-44.,0.));
#43 = CIRCLE('',#44,14.);
#44 = AXIS2_PLACEMENT_3D('',#45,#46,#47);
#45 = CARTESIAN_POINT('',(-30.,-30.,0.));
#46 = DIRECTION('',(0.,0.,1.));
#47 = DIRECTION('',(1.,0.,0.));
#48 = ORIENTED_EDGE('',*,*,#49,.T.);
#49 = EDGE_CURVE('',#41,#24,#50,.T.);
#50 = LINE('',#51,#52);
#51 = CARTESIAN_POINT('',(-30.,-44.,0.));
#52 = VECTOR('',#53,1.);
#53 = DIRECTION('',(0.,0.,1.));
#54 = CYLINDRICAL_SURFACE('',#55,14.);
#55 = AXIS2_PLACEMENT_3D('',#56,#57,#58);
#56 = CARTESIAN_POINT('',(-30.,-30.,0.));
#57 = DIRECTION('',(0.,0.,1.));
#58 = DIRECTION('',(1.,0.,0.));
#59 = ADVANCED_FACE('',(#60,#120),#190,.T.);
#60 = FACE_BOUND('',#61,.T.);
#61 = EDGE_LOOP('',(#62,#63,#71,#80,#88,#97,#105,#114));
#62 = ORIENTED_EDGE('',*,*,#21,.T.);
#63 = ORIENTED_EDGE('',*,*,#64,.T.);
#64 = EDGE_CURVE('',#24,#65,#67,.T.);
#65 = VERTEX_POINT('',#66);
#66 = CARTESIAN_POINT('',(30.,-44.,45.7));
#67 = LINE('',#68,#69);
#68 = CARTESIAN_POINT('',(-30.,-44.,45.7));
#69 = VECTOR('',#70,1.);
#70 = DIRECTION('',(1.,0.,0.));
#71 = ORIENTED_EDGE('',*,*,#72,.T.);
#72 = EDGE_CURVE('',#65,#73,#75,.T.);
#73 = VERTEX_POINT('',#74);
#74 = CARTESIAN_POINT('',(44.,-30.,45.7));
#75 = CIRCLE('',#76,14.);
#76 = AXIS2_PLACEMENT_3D('',#77,#78,#79);
#77 = CARTESIAN_POINT('',(30.,-30.,45.7));
#78 = DIRECTION('',(0.,0.,1.));
#79 = DIRECTION('',(1.,0.,0.));
#80 = ORIENTED_EDGE('',*,*,#81,.T.);
#81 = EDGE_CURVE('',#73,#82,#84,.T.);
#82 = VERTEX_POINT('',#83);
#83 = CARTESIAN_POINT('',(44.,30.,45.7));
#84 = LINE('',#85,#86);
#85 = CARTESIAN_POINT('',(44.,-30.,45.7));
#86 = VECTOR('',#87,1.);
#87 = DIRECTION('',(0.,1.,0.));
#88 = ORIENTED_EDGE('',*,*,#89,.T.);
#89 = EDGE_CURVE('',#82,#90,#92,.T.);
#90 = VERTEX_POINT('',#91);
#91 = CARTESIAN_POINT('',(30.,44.,45.7));
#92 = CIRCLE('',#93,14.);
#93 = AXIS2_PLACEMENT_3D('',#94,#95,#96);
#94 = CARTESIAN_POINT('',(30.,30.,45.7));
#95 = DIRECTION('',(0.,0.,1.));
#96 = DIRECTION('',(1.,0.,0.));
#97 = ORIENTED_EDGE('',*,*,#98,.F.);
#98 = EDGE_CURVE('',#99,#90,#101,.T.);
#99 = VERTEX_POINT('',#100);
#100 = CARTESIAN_POINT('',(-30.,44.,45.7));
#101 = LINE('',#102,#103);
#102 = CARTESIAN_POINT('',(-30.,44.,45.7));
#103 = VECTOR('',#104,1.);
#104 = DIRECTION('',(1.,0.,0.));
#105 = ORIENTED_EDGE('',*,*,#106,.T.);
#106 = EDGE_CURVE('',#99,#107,#109,.T.);
#107 = VERTEX_POINT('',#108);
#108 = CARTESIAN_POINT('',(-44.,30.,45.7));
#109 = CIRCLE('',#110,14.);
#110 = AXIS2_PLACEMENT_3D('',#111,#112,#113);
#111 = CARTESIAN_POINT('',(-30.,30.,45.7));
#112 = DIRECTION('',(0.,0.,1.));
#113 = DIRECTION('',(1.,0.,0.));
#114 = ORIENTED_EDGE('',*,*,#115,.F.);
#115 = EDGE_CURVE('',#22,#107,#116,.T.);
#116 = LINE('',#117,#118);
#117 = CARTESIAN_POINT('',(-44.,-30.,45.7));
#118 = VECTOR('',#119,1.);
#119 = DIRECTION('',(0.,1.,0.));
#120 = FACE_BOUND('',#121,.T.);
#121 = EDGE_LOOP('',(#122,#133,#141,#150,#158,#167,#175,#184));
#122 = ORIENTED_EDGE('',*,*,#123,.F.);
#123 = EDGE_CURVE('',#124,#126,#128,.T.);
#124 = VERTEX_POINT('',#125);
#125 = CARTESIAN_POINT('',(-41.6,-30.,45.7));
#126 = VERTEX_POINT('',#127);
#127 = CARTESIAN_POINT('',(-30.,-41.6,45.7));
#128 = CIRCLE('',#129,11.6);
#129 = AXIS2_PLACEMENT_3D('',#130,#131,#132);
#130 = CARTESIAN_POINT('',(-30.,-30.,45.7));
#131 = DIRECTION('',(0.,0.,1.));
#132 = DIRECTION('',(1.,0.,0.));
#133 = ORIENTED_EDGE('',*,*,#134,.T.);
#134 = EDGE_CURVE('',#124,#135,#137,.T.);
#135 = VERTEX_POINT('',#136);
#136 = CARTESIAN_POINT('',(-41.6,30.,45.7));
#137 = LINE('',#138,#139);
#138 = CARTESIAN_POINT('',(-41.6,-15.,45.7));
#139 = VECTOR('',#140,1.);
#140 = DIRECTION('',(0.,1.,0.));
#141 = ORIENTED_EDGE('',*,*,#142,.F.);
#142 = EDGE_CURVE('',#143,#135,#145,.T.);
#143 = VERTEX_POINT('',#144);
#144 = CARTESIAN_POINT('',(-30.,41.6,45.7));
#145 = CIRCLE('',#146,11.6);
#146 = AXIS2_PLACEMENT_3D('',#147,#148,#149);
#147 = CARTESIAN_POINT('',(-30.,30.,45.7));
#148 = DIRECTION('',(0.,0.,1.));
#149 = DIRECTION('',(1.,0.,0.));
#150 = ORIENTED_EDGE('',*,*,#151,.F.);
#151 = EDGE_CURVE('',#152,#143,#154,.T.);
#152 = VERTEX_POINT('',#153);
#153 = CARTESIAN_POINT('',(30.,41.6,45.7));
#154 = LINE('',#155,#156);
#155 = CARTESIAN_POINT('',(-15.,41.6,45.7));
#156 = VECTOR('',#157,1.);
#157 = DIRECTION('',(-1.,0.,0.));
#158 = ORIENTED_EDGE('',*,*,#159,.F.);
#159 = EDGE_CURVE('',#160,#152,#162,.T.);
#160 = VERTEX_POINT('',#161);
#161 = CARTESIAN_POINT('',(41.6,30.,45.7));
#162 = CIRCLE('',#163,11.6);
#163 = AXIS2_PLACEMENT_3D('',#164,#165,#166);
#164 = CARTESIAN_POINT('',(30.,30.,45.7));
#165 = DIRECTION('',(0.,0.,1.));
#166 = DIRECTION('',(1.,0.,0.));
#167 = ORIENTED_EDGE('',*,*,#168,.F.);
#168 = EDGE_CURVE('',#169,#160,#171,.T.);
#169 = VERTEX_POINT('',#170);
#170 = CARTESIAN_POINT('',(41.6,-30.,45.7));
#171 = LINE('',#172,#173);
#172 = CARTESIAN_POINT('',(41.6,-15.,45.7));
#173 = VECTOR('',#174,1.);
#174 = DIRECTION('',(0.,1.,0.));
#175 = ORIENTED_EDGE('',*,*,#176,.F.);
#176 = EDGE_CURVE('',#177,#169,#179,.T.);
#177 = VERTEX_POINT('',#178);
#178 = CARTESIAN_POINT('',(30.,-41.6,45.7));
#179 = CIRCLE('',#180,11.6);
#180 = AXIS2_PLACEMENT_3D('',#181,#182,#183);
#181 = CARTESIAN_POINT('',(30.,-30.,45.7));
#182 = DIRECTION('',(0.,0.,1.));
#183 = DIRECTION('',(1.,0.,0.));
#184 = ORIENTED_EDGE('',*,*,#185,.T.);
#185 = EDGE_CURVE('',#177,#126,#186,.T.);
#186 = LINE('',#187,#188);
#187 = CARTESIAN_POINT('',(-15.,-41.6,45.7));
#188 = VECTOR('',#189,1.);
#189 = DIRECTION('',(-1.,0.,0.));
#190 = PLANE('',#191);
#191 = AXIS2_PLACEMENT_3D('',#192,#193,#194);
#192 = CARTESIAN_POINT('',(0.,-1.390821205758E-15,45.7));
#193 = DIRECTION('',(0.,0.,1.));
#194 = DIRECTION('',(1.,0.,0.));
#195 = ADVANCED_FACE('',(#196),#214,.F.);
#196 = FACE_BOUND('',#197,.F.);
#197 = EDGE_LOOP('',(#198,#206,#207,#208));
#198 = ORIENTED_EDGE('',*,*,#199,.F.);
#199 = EDGE_CURVE('',#41,#200,#202,.T.);
#200 = VERTEX_POINT('',#201);
#201 = CARTESIAN_POINT('',(30.,-44.,0.));
#202 = LINE('',#203,#204);
#203 = CARTESIAN_POINT('',(-30.,-44.,0.));
#204 = VECTOR('',#205,1.);
#205 = DIRECTION('',(1.,0.,0.));
#206 = ORIENTED_EDGE('',*,*,#49,.T.);
#207 = ORIENTED_EDGE('',*,*,#64,.T.);
#208 = ORIENTED_EDGE('',*,*,#209,.F.);
#209 = EDGE_CURVE('',#200,#65,#210,.T.);
#210 = LINE('',#211,#212);
#211 = CARTESIAN_POINT('',(30.,-44.,0.));
#212 = VECTOR('',#213,1.);
#213 = DIRECTION('',(0.,0.,1.));
#214 = PLANE('',#215);
#215 = AXIS2_PLACEMENT_3D('',#216,#217,#218);
#216 = CARTESIAN_POINT('',(-30.,-44.,0.));
#217 = DIRECTION('',(0.,1.,0.));
#218 = DIRECTION('',(0.,0.,1.));
#219 = ADVANCED_FACE('',(#220,#273,#284,#318,#329,#363,#374,#408),#419,
  .T.);
#220 = FACE_BOUND('',#221,.T.);
#221 = EDGE_LOOP('',(#222,#223,#231,#240,#248,#257,#265,#272));
#222 = ORIENTED_EDGE('',*,*,#40,.F.);
#223 = ORIENTED_EDGE('',*,*,#224,.T.);
#224 = EDGE_CURVE('',#33,#225,#227,.T.);
#225 = VERTEX_POINT('',#226);
#226 = CARTESIAN_POINT('',(-44.,30.,0.));
#227 = LINE('',#228,#229);
#228 = CARTESIAN_POINT('',(-44.,-30.,0.));
#229 = VECTOR('',#230,1.);
#230 = DIRECTION('',(0.,1.,0.));
#231 = ORIENTED_EDGE('',*,*,#232,.F.);
#232 = EDGE_CURVE('',#233,#225,#235,.T.);
#233 = VERTEX_POINT('',#234);
#234 = CARTESIAN_POINT('',(-30.,44.,0.));
#235 = CIRCLE('',#236,14.);
#236 = AXIS2_PLACEMENT_3D('',#237,#238,#239);
#237 = CARTESIAN_POINT('',(-30.,30.,0.));
#238 = DIRECTION('',(0.,0.,1.));
#239 = DIRECTION('',(1.,0.,0.));
#240 = ORIENTED_EDGE('',*,*,#241,.T.);
#241 = EDGE_CURVE('',#233,#242,#244,.T.);
#242 = VERTEX_POINT('',#243);
#243 = CARTESIAN_POINT('',(30.,44.,0.));
#244 = LINE('',#245,#246);
#245 = CARTESIAN_POINT('',(-30.,44.,0.));
#246 = VECTOR('',#247,1.);
#247 = DIRECTION('',(1.,0.,0.));
#248 = ORIENTED_EDGE('',*,*,#249,.F.);
#249 = EDGE_CURVE('',#250,#242,#252,.T.);
#250 = VERTEX_POINT('',#251);
#251 = CARTESIAN_POINT('',(44.,30.,0.));
#252 = CIRCLE('',#253,14.);
#253 = AXIS2_PLACEMENT_3D('',#254,#255,#256);
#254 = CARTESIAN_POINT('',(30.,30.,0.));
#255 = DIRECTION('',(0.,0.,1.));
#256 = DIRECTION('',(1.,0.,0.));
#257 = ORIENTED_EDGE('',*,*,#258,.F.);
#258 = EDGE_CURVE('',#259,#250,#261,.T.);
#259 = VERTEX_POINT('',#260);
#260 = CARTESIAN_POINT('',(44.,-30.,0.));
#261 = LINE('',#262,#263);
#262 = CARTESIAN_POINT('',(44.,-30.,0.));
#263 = VECTOR('',#264,1.);
#264 = DIRECTION('',(0.,1.,0.));
#265 = ORIENTED_EDGE('',*,*,#266,.F.);
#266 = EDGE_CURVE('',#200,#259,#267,.T.);
#267 = CIRCLE('',#268,14.);
#268 = AXIS2_PLACEMENT_3D('',#269,#270,#271);
#269 = CARTESIAN_POINT('',(30.,-30.,0.));
#270 = DIRECTION('',(0.,0.,1.));
#271 = DIRECTION('',(1.,0.,0.));
#272 = ORIENTED_EDGE('',*,*,#199,.F.);
#273 = FACE_BOUND('',#274,.T.);
#274 = EDGE_LOOP('',(#275));
#275 = ORIENTED_EDGE('',*,*,#276,.T.);
#276 = EDGE_CURVE('',#277,#277,#279,.T.);
#277 = VERTEX_POINT('',#278);
#278 = CARTESIAN_POINT('',(40.3,-24.,0.));
#279 = CIRCLE('',#280,2.3);
#280 = AXIS2_PLACEMENT_3D('',#281,#282,#283);
#281 = CARTESIAN_POINT('',(38.,-24.,0.));
#282 = DIRECTION('',(0.,0.,1.));
#283 = DIRECTION('',(1.,0.,0.));
#284 = FACE_BOUND('',#285,.T.);
#285 = EDGE_LOOP('',(#286,#296,#304,#312));
#286 = ORIENTED_EDGE('',*,*,#287,.F.);
#287 = EDGE_CURVE('',#288,#290,#292,.T.);
#288 = VERTEX_POINT('',#289);
#289 = CARTESIAN_POINT('',(14.833974596216,-3.555513627133,0.));
#290 = VERTEX_POINT('',#291);
#291 = CARTESIAN_POINT('',(16.566025403784,-4.555513627133,0.));
#292 = LINE('',#293,#294);
#293 = CARTESIAN_POINT('',(8.501442841485,0.100575286113,0.));
#294 = VECTOR('',#295,1.);
#295 = DIRECTION('',(0.866025403784,-0.5,0.));
#296 = ORIENTED_EDGE('',*,*,#297,.T.);
#297 = EDGE_CURVE('',#288,#298,#300,.T.);
#298 = VERTEX_POINT('',#299);
#299 = CARTESIAN_POINT('',(11.433974596216,-9.444486372867,0.));
#300 = LINE('',#301,#302);
#301 = CARTESIAN_POINT('',(12.049519052838,-8.378332099679,0.));
#302 = VECTOR('',#303,1.);
#303 = DIRECTION('',(-0.5,-0.866025403784,0.));
#304 = ORIENTED_EDGE('',*,*,#305,.T.);
#305 = EDGE_CURVE('',#298,#306,#308,.T.);
#306 = VERTEX_POINT('',#307);
#307 = CARTESIAN_POINT('',(13.166025403784,-10.44448637286,0.));
#308 = LINE('',#309,#310);
#309 = CARTESIAN_POINT('',(5.101442841485,-5.788397459622,0.));
#310 = VECTOR('',#311,1.);
#311 = DIRECTION('',(0.866025403784,-0.5,0.));
#312 = ORIENTED_EDGE('',*,*,#313,.F.);
#313 = EDGE_CURVE('',#290,#306,#314,.T.);
#314 = LINE('',#315,#316);
#315 = CARTESIAN_POINT('',(13.781569860407,-9.378332099679,0.));
#316 = VECTOR('',#317,1.);
#317 = DIRECTION('',(-0.5,-0.866025403784,0.));
#318 = FACE_BOUND('',#319,.T.);
#319 = EDGE_LOOP('',(#320));
#320 = ORIENTED_EDGE('',*,*,#321,.T.);
#321 = EDGE_CURVE('',#322,#322,#324,.T.);
#322 = VERTEX_POINT('',#323);
#323 = CARTESIAN_POINT('',(-35.7,-24.,0.));
#324 = CIRCLE('',#325,2.3);
#325 = AXIS2_PLACEMENT_3D('',#326,#327,#328);
#326 = CARTESIAN_POINT('',(-38.,-24.,0.));
#327 = DIRECTION('',(0.,0.,1.));
#328 = DIRECTION('',(1.,0.,0.));
#329 = FACE_BOUND('',#330,.T.);
#330 = EDGE_LOOP('',(#331,#341,#349,#357));
#331 = ORIENTED_EDGE('',*,*,#332,.F.);
#332 = EDGE_CURVE('',#333,#335,#337,.T.);
#333 = VERTEX_POINT('',#334);
#334 = CARTESIAN_POINT('',(-16.56602540378,-4.555513627133,0.));
#335 = VERTEX_POINT('',#336);
#336 = CARTESIAN_POINT('',(-14.83397459621,-3.555513627133,0.));
#337 = LINE('',#338,#339);
#338 = CARTESIAN_POINT('',(-9.367468245269,-0.399424713887,0.));
#339 = VECTOR('',#340,1.);
#340 = DIRECTION('',(0.866025403784,0.5,0.));
#341 = ORIENTED_EDGE('',*,*,#342,.T.);
#342 = EDGE_CURVE('',#333,#343,#345,.T.);
#343 = VERTEX_POINT('',#344);
#344 = CARTESIAN_POINT('',(-13.16602540378,-10.44448637286,0.));
#345 = LINE('',#346,#347);
#346 = CARTESIAN_POINT('',(-13.7815698604,-9.378332099679,0.));
#347 = VECTOR('',#348,1.);
#348 = DIRECTION('',(0.5,-0.866025403784,0.));
#349 = ORIENTED_EDGE('',*,*,#350,.T.);
#350 = EDGE_CURVE('',#343,#351,#353,.T.);
#351 = VERTEX_POINT('',#352);
#352 = CARTESIAN_POINT('',(-11.43397459621,-9.444486372867,0.));
#353 = LINE('',#354,#355);
#354 = CARTESIAN_POINT('',(-5.967468245269,-6.288397459622,0.));
#355 = VECTOR('',#356,1.);
#356 = DIRECTION('',(0.866025403784,0.5,0.));
#357 = ORIENTED_EDGE('',*,*,#358,.F.);
#358 = EDGE_CURVE('',#335,#351,#359,.T.);
#359 = LINE('',#360,#361);
#360 = CARTESIAN_POINT('',(-12.04951905283,-8.378332099679,0.));
#361 = VECTOR('',#362,1.);
#362 = DIRECTION('',(0.5,-0.866025403784,0.));
#363 = FACE_BOUND('',#364,.T.);
#364 = EDGE_LOOP('',(#365));
#365 = ORIENTED_EDGE('',*,*,#366,.T.);
#366 = EDGE_CURVE('',#367,#367,#369,.T.);
#367 = VERTEX_POINT('',#368);
#368 = CARTESIAN_POINT('',(40.3,24.,0.));
#369 = CIRCLE('',#370,2.3);
#370 = AXIS2_PLACEMENT_3D('',#371,#372,#373);
#371 = CARTESIAN_POINT('',(38.,24.,0.));
#372 = DIRECTION('',(0.,0.,1.));
#373 = DIRECTION('',(1.,0.,0.));
#374 = FACE_BOUND('',#375,.T.);
#375 = EDGE_LOOP('',(#376,#386,#394,#402));
#376 = ORIENTED_EDGE('',*,*,#377,.F.);
#377 = EDGE_CURVE('',#378,#380,#382,.T.);
#378 = VERTEX_POINT('',#379);
#379 = CARTESIAN_POINT('',(-1.,20.4,0.));
#380 = VERTEX_POINT('',#381);
#381 = CARTESIAN_POINT('',(1.,20.4,0.));
#382 = LINE('',#383,#384);
#383 = CARTESIAN_POINT('',(-0.5,20.4,0.));
#384 = VECTOR('',#385,1.);
#385 = DIRECTION('',(1.,0.,0.));
#386 = ORIENTED_EDGE('',*,*,#387,.T.);
#387 = EDGE_CURVE('',#378,#388,#390,.T.);
#388 = VERTEX_POINT('',#389);
#389 = CARTESIAN_POINT('',(-1.,13.6,0.));
#390 = LINE('',#391,#392);
#391 = CARTESIAN_POINT('',(-1.,6.8,0.));
#392 = VECTOR('',#393,1.);
#393 = DIRECTION('',(0.,-1.,0.));
#394 = ORIENTED_EDGE('',*,*,#395,.T.);
#395 = EDGE_CURVE('',#388,#396,#398,.T.);
#396 = VERTEX_POINT('',#397);
#397 = CARTESIAN_POINT('',(1.,13.6,0.));
#398 = LINE('',#399,#400);
#399 = CARTESIAN_POINT('',(-0.5,13.6,0.));
#400 = VECTOR('',#401,1.);
#401 = DIRECTION('',(1.,0.,0.));
#402 = ORIENTED_EDGE('',*,*,#403,.F.);
#403 = EDGE_CURVE('',#380,#396,#404,.T.);
#404 = LINE('',#405,#406);
#405 = CARTESIAN_POINT('',(1.,6.8,0.));
#406 = VECTOR('',#407,1.);
#407 = DIRECTION('',(0.,-1.,0.));
#408 = FACE_BOUND('',#409,.T.);
#409 = EDGE_LOOP('',(#410));
#410 = ORIENTED_EDGE('',*,*,#411,.T.);
#411 = EDGE_CURVE('',#412,#412,#414,.T.);
#412 = VERTEX_POINT('',#413);
#413 = CARTESIAN_POINT('',(-35.7,24.,0.));
#414 = CIRCLE('',#415,2.3);
#415 = AXIS2_PLACEMENT_3D('',#416,#417,#418);
#416 = CARTESIAN_POINT('',(-38.,24.,0.));
#417 = DIRECTION('',(0.,0.,1.));
#418 = DIRECTION('',(1.,0.,0.));
#419 = PLANE('',#420);
#420 = AXIS2_PLACEMENT_3D('',#421,#422,#423);
#421 = CARTESIAN_POINT('',(2.086231808637E-15,0.,0.));
#422 = DIRECTION('',(-0.,-0.,-1.));
#423 = DIRECTION('',(-1.,0.,0.));
#424 = ADVANCED_FACE('',(#425),#436,.F.);
#425 = FACE_BOUND('',#426,.F.);
#426 = EDGE_LOOP('',(#427,#428,#429,#435));
#427 = ORIENTED_EDGE('',*,*,#32,.F.);
#428 = ORIENTED_EDGE('',*,*,#224,.T.);
#429 = ORIENTED_EDGE('',*,*,#430,.T.);
#430 = EDGE_CURVE('',#225,#107,#431,.T.);
#431 = LINE('',#432,#433);
#432 = CARTESIAN_POINT('',(-44.,30.,0.));
#433 = VECTOR('',#434,1.);
#434 = DIRECTION('',(0.,0.,1.));
#435 = ORIENTED_EDGE('',*,*,#115,.F.);
#436 = PLANE('',#437);
#437 = AXIS2_PLACEMENT_3D('',#438,#439,#440);
#438 = CARTESIAN_POINT('',(-44.,-30.,0.));
#439 = DIRECTION('',(1.,0.,0.));
#440 = DIRECTION('',(0.,0.,1.));
#441 = ADVANCED_FACE('',(#442),#453,.T.);
#442 = FACE_BOUND('',#443,.T.);
#443 = EDGE_LOOP('',(#444,#445,#451,#452));
#444 = ORIENTED_EDGE('',*,*,#106,.F.);
#445 = ORIENTED_EDGE('',*,*,#446,.F.);
#446 = EDGE_CURVE('',#233,#99,#447,.T.);
#447 = LINE('',#448,#449);
#448 = CARTESIAN_POINT('',(-30.,44.,0.));
#449 = VECTOR('',#450,1.);
#450 = DIRECTION('',(0.,0.,1.));
#451 = ORIENTED_EDGE('',*,*,#232,.T.);
#452 = ORIENTED_EDGE('',*,*,#430,.T.);
#453 = CYLINDRICAL_SURFACE('',#454,14.);
#454 = AXIS2_PLACEMENT_3D('',#455,#456,#457);
#455 = CARTESIAN_POINT('',(-30.,30.,0.));
#456 = DIRECTION('',(0.,0.,1.));
#457 = DIRECTION('',(1.,0.,0.));
#458 = ADVANCED_FACE('',(#459),#470,.T.);
#459 = FACE_BOUND('',#460,.T.);
#460 = EDGE_LOOP('',(#461,#462,#463,#464));
#461 = ORIENTED_EDGE('',*,*,#72,.F.);
#462 = ORIENTED_EDGE('',*,*,#209,.F.);
#463 = ORIENTED_EDGE('',*,*,#266,.T.);
#464 = ORIENTED_EDGE('',*,*,#465,.T.);
#465 = EDGE_CURVE('',#259,#73,#466,.T.);
#466 = LINE('',#467,#468);
#467 = CARTESIAN_POINT('',(44.,-30.,0.));
#468 = VECTOR('',#469,1.);
#469 = DIRECTION('',(0.,0.,1.));
#470 = CYLINDRICAL_SURFACE('',#471,14.);
#471 = AXIS2_PLACEMENT_3D('',#472,#473,#474);
#472 = CARTESIAN_POINT('',(30.,-30.,0.));
#473 = DIRECTION('',(0.,0.,1.));
#474 = DIRECTION('',(1.,0.,0.));
#475 = ADVANCED_FACE('',(#476),#487,.T.);
#476 = FACE_BOUND('',#477,.T.);
#477 = EDGE_LOOP('',(#478,#479,#480,#481));
#478 = ORIENTED_EDGE('',*,*,#241,.F.);
#479 = ORIENTED_EDGE('',*,*,#446,.T.);
#480 = ORIENTED_EDGE('',*,*,#98,.T.);
#481 = ORIENTED_EDGE('',*,*,#482,.F.);
#482 = EDGE_CURVE('',#242,#90,#483,.T.);
#483 = LINE('',#484,#485);
#484 = CARTESIAN_POINT('',(30.,44.,0.));
#485 = VECTOR('',#486,1.);
#486 = DIRECTION('',(0.,0.,1.));
#487 = PLANE('',#488);
#488 = AXIS2_PLACEMENT_3D('',#489,#490,#491);
#489 = CARTESIAN_POINT('',(-30.,44.,0.));
#490 = DIRECTION('',(0.,1.,0.));
#491 = DIRECTION('',(0.,0.,1.));
#492 = ADVANCED_FACE('',(#493),#504,.T.);
#493 = FACE_BOUND('',#494,.T.);
#494 = EDGE_LOOP('',(#495,#496,#497,#503));
#495 = ORIENTED_EDGE('',*,*,#465,.F.);
#496 = ORIENTED_EDGE('',*,*,#258,.T.);
#497 = ORIENTED_EDGE('',*,*,#498,.T.);
#498 = EDGE_CURVE('',#250,#82,#499,.T.);
#499 = LINE('',#500,#501);
#500 = CARTESIAN_POINT('',(44.,30.,0.));
#501 = VECTOR('',#502,1.);
#502 = DIRECTION('',(0.,0.,1.));
#503 = ORIENTED_EDGE('',*,*,#81,.F.);
#504 = PLANE('',#505);
#505 = AXIS2_PLACEMENT_3D('',#506,#507,#508);
#506 = CARTESIAN_POINT('',(44.,-30.,0.));
#507 = DIRECTION('',(1.,0.,0.));
#508 = DIRECTION('',(0.,0.,1.));
#509 = ADVANCED_FACE('',(#510),#516,.T.);
#510 = FACE_BOUND('',#511,.T.);
#511 = EDGE_LOOP('',(#512,#513,#514,#515));
#512 = ORIENTED_EDGE('',*,*,#89,.F.);
#513 = ORIENTED_EDGE('',*,*,#498,.F.);
#514 = ORIENTED_EDGE('',*,*,#249,.T.);
#515 = ORIENTED_EDGE('',*,*,#482,.T.);
#516 = CYLINDRICAL_SURFACE('',#517,14.);
#517 = AXIS2_PLACEMENT_3D('',#518,#519,#520);
#518 = CARTESIAN_POINT('',(30.,30.,0.));
#519 = DIRECTION('',(0.,0.,1.));
#520 = DIRECTION('',(1.,0.,0.));
#521 = ADVANCED_FACE('',(#522),#548,.F.);
#522 = FACE_BOUND('',#523,.F.);
#523 = EDGE_LOOP('',(#524,#525,#533,#542));
#524 = ORIENTED_EDGE('',*,*,#123,.F.);
#525 = ORIENTED_EDGE('',*,*,#526,.F.);
#526 = EDGE_CURVE('',#527,#124,#529,.T.);
#527 = VERTEX_POINT('',#528);
#528 = CARTESIAN_POINT('',(-41.6,-30.,3.));
#529 = LINE('',#530,#531);
#530 = CARTESIAN_POINT('',(-41.6,-30.,3.));
#531 = VECTOR('',#532,1.);
#532 = DIRECTION('',(0.,0.,1.));
#533 = ORIENTED_EDGE('',*,*,#534,.T.);
#534 = EDGE_CURVE('',#527,#535,#537,.T.);
#535 = VERTEX_POINT('',#536);
#536 = CARTESIAN_POINT('',(-30.,-41.6,3.));
#537 = CIRCLE('',#538,11.6);
#538 = AXIS2_PLACEMENT_3D('',#539,#540,#541);
#539 = CARTESIAN_POINT('',(-30.,-30.,3.));
#540 = DIRECTION('',(0.,0.,1.));
#541 = DIRECTION('',(1.,0.,0.));
#542 = ORIENTED_EDGE('',*,*,#543,.T.);
#543 = EDGE_CURVE('',#535,#126,#544,.T.);
#544 = LINE('',#545,#546);
#545 = CARTESIAN_POINT('',(-30.,-41.6,3.));
#546 = VECTOR('',#547,1.);
#547 = DIRECTION('',(0.,0.,1.));
#548 = CYLINDRICAL_SURFACE('',#549,11.6);
#549 = AXIS2_PLACEMENT_3D('',#550,#551,#552);
#550 = CARTESIAN_POINT('',(-30.,-30.,3.));
#551 = DIRECTION('',(0.,0.,1.));
#552 = DIRECTION('',(1.,0.,0.));
#553 = ADVANCED_FACE('',(#554),#572,.T.);
#554 = FACE_BOUND('',#555,.T.);
#555 = EDGE_LOOP('',(#556,#564,#565,#566));
#556 = ORIENTED_EDGE('',*,*,#557,.F.);
#557 = EDGE_CURVE('',#535,#558,#560,.T.);
#558 = VERTEX_POINT('',#559);
#559 = CARTESIAN_POINT('',(30.,-41.6,3.));
#560 = LINE('',#561,#562);
#561 = CARTESIAN_POINT('',(-30.,-41.6,3.));
#562 = VECTOR('',#563,1.);
#563 = DIRECTION('',(1.,0.,0.));
#564 = ORIENTED_EDGE('',*,*,#543,.T.);
#565 = ORIENTED_EDGE('',*,*,#185,.F.);
#566 = ORIENTED_EDGE('',*,*,#567,.F.);
#567 = EDGE_CURVE('',#558,#177,#568,.T.);
#568 = LINE('',#569,#570);
#569 = CARTESIAN_POINT('',(30.,-41.6,3.));
#570 = VECTOR('',#571,1.);
#571 = DIRECTION('',(0.,0.,1.));
#572 = PLANE('',#573);
#573 = AXIS2_PLACEMENT_3D('',#574,#575,#576);
#574 = CARTESIAN_POINT('',(-30.,-41.6,3.));
#575 = DIRECTION('',(0.,1.,0.));
#576 = DIRECTION('',(0.,0.,1.));
#577 = ADVANCED_FACE('',(#578),#597,.F.);
#578 = FACE_BOUND('',#579,.F.);
#579 = EDGE_LOOP('',(#580,#589,#595,#596));
#580 = ORIENTED_EDGE('',*,*,#581,.T.);
#581 = EDGE_CURVE('',#558,#582,#584,.T.);
#582 = VERTEX_POINT('',#583);
#583 = CARTESIAN_POINT('',(41.6,-30.,3.));
#584 = CIRCLE('',#585,11.6);
#585 = AXIS2_PLACEMENT_3D('',#586,#587,#588);
#586 = CARTESIAN_POINT('',(30.,-30.,3.));
#587 = DIRECTION('',(0.,0.,1.));
#588 = DIRECTION('',(1.,0.,0.));
#589 = ORIENTED_EDGE('',*,*,#590,.T.);
#590 = EDGE_CURVE('',#582,#169,#591,.T.);
#591 = LINE('',#592,#593);
#592 = CARTESIAN_POINT('',(41.6,-30.,3.));
#593 = VECTOR('',#594,1.);
#594 = DIRECTION('',(0.,0.,1.));
#595 = ORIENTED_EDGE('',*,*,#176,.F.);
#596 = ORIENTED_EDGE('',*,*,#567,.F.);
#597 = CYLINDRICAL_SURFACE('',#598,11.6);
#598 = AXIS2_PLACEMENT_3D('',#599,#600,#601);
#599 = CARTESIAN_POINT('',(30.,-30.,3.));
#600 = DIRECTION('',(0.,0.,1.));
#601 = DIRECTION('',(1.,0.,0.));
#602 = ADVANCED_FACE('',(#603,#621,#655),#689,.F.);
#603 = FACE_BOUND('',#604,.F.);
#604 = EDGE_LOOP('',(#605,#606,#614,#620));
#605 = ORIENTED_EDGE('',*,*,#590,.F.);
#606 = ORIENTED_EDGE('',*,*,#607,.T.);
#607 = EDGE_CURVE('',#582,#608,#610,.T.);
#608 = VERTEX_POINT('',#609);
#609 = CARTESIAN_POINT('',(41.6,30.,3.));
#610 = LINE('',#611,#612);
#611 = CARTESIAN_POINT('',(41.6,-30.,3.));
#612 = VECTOR('',#613,1.);
#613 = DIRECTION('',(0.,1.,0.));
#614 = ORIENTED_EDGE('',*,*,#615,.T.);
#615 = EDGE_CURVE('',#608,#160,#616,.T.);
#616 = LINE('',#617,#618);
#617 = CARTESIAN_POINT('',(41.6,30.,3.));
#618 = VECTOR('',#619,1.);
#619 = DIRECTION('',(0.,0.,1.));
#620 = ORIENTED_EDGE('',*,*,#168,.F.);
#621 = FACE_BOUND('',#622,.F.);
#622 = EDGE_LOOP('',(#623,#633,#641,#649));
#623 = ORIENTED_EDGE('',*,*,#624,.T.);
#624 = EDGE_CURVE('',#625,#627,#629,.T.);
#625 = VERTEX_POINT('',#626);
#626 = CARTESIAN_POINT('',(41.6,21.5,30.));
#627 = VERTEX_POINT('',#628);
#628 = CARTESIAN_POINT('',(41.6,18.5,30.));
#629 = LINE('',#630,#631);
#630 = CARTESIAN_POINT('',(41.6,-5.75,30.));
#631 = VECTOR('',#632,1.);
#632 = DIRECTION('',(0.,-1.,0.));
#633 = ORIENTED_EDGE('',*,*,#634,.T.);
#634 = EDGE_CURVE('',#627,#635,#637,.T.);
#635 = VERTEX_POINT('',#636);
#636 = CARTESIAN_POINT('',(41.6,18.5,31.));
#637 = LINE('',#638,#639);
#638 = CARTESIAN_POINT('',(41.6,18.5,16.5));
#639 = VECTOR('',#640,1.);
#640 = DIRECTION('',(0.,0.,1.));
#641 = ORIENTED_EDGE('',*,*,#642,.F.);
#642 = EDGE_CURVE('',#643,#635,#645,.T.);
#643 = VERTEX_POINT('',#644);
#644 = CARTESIAN_POINT('',(41.6,21.5,31.));
#645 = LINE('',#646,#647);
#646 = CARTESIAN_POINT('',(41.6,-5.75,31.));
#647 = VECTOR('',#648,1.);
#648 = DIRECTION('',(0.,-1.,0.));
#649 = ORIENTED_EDGE('',*,*,#650,.F.);
#650 = EDGE_CURVE('',#625,#643,#651,.T.);
#651 = LINE('',#652,#653);
#652 = CARTESIAN_POINT('',(41.6,21.5,16.5));
#653 = VECTOR('',#654,1.);
#654 = DIRECTION('',(0.,0.,1.));
#655 = FACE_BOUND('',#656,.F.);
#656 = EDGE_LOOP('',(#657,#667,#675,#683));
#657 = ORIENTED_EDGE('',*,*,#658,.T.);
#658 = EDGE_CURVE('',#659,#661,#663,.T.);
#659 = VERTEX_POINT('',#660);
#660 = CARTESIAN_POINT('',(41.6,-18.5,30.));
#661 = VERTEX_POINT('',#662);
#662 = CARTESIAN_POINT('',(41.6,-21.5,30.));
#663 = LINE('',#664,#665);
#664 = CARTESIAN_POINT('',(41.6,-25.75,30.));
#665 = VECTOR('',#666,1.);
#666 = DIRECTION('',(0.,-1.,0.));
#667 = ORIENTED_EDGE('',*,*,#668,.T.);
#668 = EDGE_CURVE('',#661,#669,#671,.T.);
#669 = VERTEX_POINT('',#670);
#670 = CARTESIAN_POINT('',(41.6,-21.5,31.));
#671 = LINE('',#672,#673);
#672 = CARTESIAN_POINT('',(41.6,-21.5,16.5));
#673 = VECTOR('',#674,1.);
#674 = DIRECTION('',(0.,0.,1.));
#675 = ORIENTED_EDGE('',*,*,#676,.F.);
#676 = EDGE_CURVE('',#677,#669,#679,.T.);
#677 = VERTEX_POINT('',#678);
#678 = CARTESIAN_POINT('',(41.6,-18.5,31.));
#679 = LINE('',#680,#681);
#680 = CARTESIAN_POINT('',(41.6,-25.75,31.));
#681 = VECTOR('',#682,1.);
#682 = DIRECTION('',(0.,-1.,0.));
#683 = ORIENTED_EDGE('',*,*,#684,.F.);
#684 = EDGE_CURVE('',#659,#677,#685,.T.);
#685 = LINE('',#686,#687);
#686 = CARTESIAN_POINT('',(41.6,-18.5,16.5));
#687 = VECTOR('',#688,1.);
#688 = DIRECTION('',(0.,0.,1.));
#689 = PLANE('',#690);
#690 = AXIS2_PLACEMENT_3D('',#691,#692,#693);
#691 = CARTESIAN_POINT('',(41.6,-30.,3.));
#692 = DIRECTION('',(1.,0.,0.));
#693 = DIRECTION('',(0.,0.,1.));
#694 = ADVANCED_FACE('',(#695),#714,.F.);
#695 = FACE_BOUND('',#696,.F.);
#696 = EDGE_LOOP('',(#697,#698,#699,#708));
#697 = ORIENTED_EDGE('',*,*,#159,.F.);
#698 = ORIENTED_EDGE('',*,*,#615,.F.);
#699 = ORIENTED_EDGE('',*,*,#700,.T.);
#700 = EDGE_CURVE('',#608,#701,#703,.T.);
#701 = VERTEX_POINT('',#702);
#702 = CARTESIAN_POINT('',(30.,41.6,3.));
#703 = CIRCLE('',#704,11.6);
#704 = AXIS2_PLACEMENT_3D('',#705,#706,#707);
#705 = CARTESIAN_POINT('',(30.,30.,3.));
#706 = DIRECTION('',(0.,0.,1.));
#707 = DIRECTION('',(1.,0.,0.));
#708 = ORIENTED_EDGE('',*,*,#709,.T.);
#709 = EDGE_CURVE('',#701,#152,#710,.T.);
#710 = LINE('',#711,#712);
#711 = CARTESIAN_POINT('',(30.,41.6,3.));
#712 = VECTOR('',#713,1.);
#713 = DIRECTION('',(0.,0.,1.));
#714 = CYLINDRICAL_SURFACE('',#715,11.6);
#715 = AXIS2_PLACEMENT_3D('',#716,#717,#718);
#716 = CARTESIAN_POINT('',(30.,30.,3.));
#717 = DIRECTION('',(0.,0.,1.));
#718 = DIRECTION('',(1.,0.,0.));
#719 = ADVANCED_FACE('',(#720,#738),#772,.F.);
#720 = FACE_BOUND('',#721,.F.);
#721 = EDGE_LOOP('',(#722,#730,#736,#737));
#722 = ORIENTED_EDGE('',*,*,#723,.F.);
#723 = EDGE_CURVE('',#724,#701,#726,.T.);
#724 = VERTEX_POINT('',#725);
#725 = CARTESIAN_POINT('',(-30.,41.6,3.));
#726 = LINE('',#727,#728);
#727 = CARTESIAN_POINT('',(-30.,41.6,3.));
#728 = VECTOR('',#729,1.);
#729 = DIRECTION('',(1.,0.,0.));
#730 = ORIENTED_EDGE('',*,*,#731,.T.);
#731 = EDGE_CURVE('',#724,#143,#732,.T.);
#732 = LINE('',#733,#734);
#733 = CARTESIAN_POINT('',(-30.,41.6,3.));
#734 = VECTOR('',#735,1.);
#735 = DIRECTION('',(0.,0.,1.));
#736 = ORIENTED_EDGE('',*,*,#151,.F.);
#737 = ORIENTED_EDGE('',*,*,#709,.F.);
#738 = FACE_BOUND('',#739,.F.);
#739 = EDGE_LOOP('',(#740,#750,#758,#766));
#740 = ORIENTED_EDGE('',*,*,#741,.F.);
#741 = EDGE_CURVE('',#742,#744,#746,.T.);
#742 = VERTEX_POINT('',#743);
#743 = CARTESIAN_POINT('',(-26.,41.6,24.25));
#744 = VERTEX_POINT('',#745);
#745 = CARTESIAN_POINT('',(2.,41.6,24.25));
#746 = LINE('',#747,#748);
#747 = CARTESIAN_POINT('',(-28.,41.6,24.25));
#748 = VECTOR('',#749,1.);
#749 = DIRECTION('',(1.,0.,0.));
#750 = ORIENTED_EDGE('',*,*,#751,.T.);
#751 = EDGE_CURVE('',#742,#752,#754,.T.);
#752 = VERTEX_POINT('',#753);
#753 = CARTESIAN_POINT('',(-26.,41.6,22.75));
#754 = LINE('',#755,#756);
#755 = CARTESIAN_POINT('',(-26.,41.6,12.875));
#756 = VECTOR('',#757,1.);
#757 = DIRECTION('',(0.,0.,-1.));
#758 = ORIENTED_EDGE('',*,*,#759,.T.);
#759 = EDGE_CURVE('',#752,#760,#762,.T.);
#760 = VERTEX_POINT('',#761);
#761 = CARTESIAN_POINT('',(2.,41.6,22.75));
#762 = LINE('',#763,#764);
#763 = CARTESIAN_POINT('',(-28.,41.6,22.75));
#764 = VECTOR('',#765,1.);
#765 = DIRECTION('',(1.,0.,0.));
#766 = ORIENTED_EDGE('',*,*,#767,.F.);
#767 = EDGE_CURVE('',#744,#760,#768,.T.);
#768 = LINE('',#769,#770);
#769 = CARTESIAN_POINT('',(2.,41.6,12.875));
#770 = VECTOR('',#771,1.);
#771 = DIRECTION('',(0.,0.,-1.));
#772 = PLANE('',#773);
#773 = AXIS2_PLACEMENT_3D('',#774,#775,#776);
#774 = CARTESIAN_POINT('',(-30.,41.6,3.));
#775 = DIRECTION('',(0.,1.,0.));
#776 = DIRECTION('',(0.,0.,1.));
#777 = ADVANCED_FACE('',(#778),#797,.F.);
#778 = FACE_BOUND('',#779,.F.);
#779 = EDGE_LOOP('',(#780,#781,#782,#791));
#780 = ORIENTED_EDGE('',*,*,#142,.F.);
#781 = ORIENTED_EDGE('',*,*,#731,.F.);
#782 = ORIENTED_EDGE('',*,*,#783,.T.);
#783 = EDGE_CURVE('',#724,#784,#786,.T.);
#784 = VERTEX_POINT('',#785);
#785 = CARTESIAN_POINT('',(-41.6,30.,3.));
#786 = CIRCLE('',#787,11.6);
#787 = AXIS2_PLACEMENT_3D('',#788,#789,#790);
#788 = CARTESIAN_POINT('',(-30.,30.,3.));
#789 = DIRECTION('',(0.,0.,1.));
#790 = DIRECTION('',(1.,0.,0.));
#791 = ORIENTED_EDGE('',*,*,#792,.T.);
#792 = EDGE_CURVE('',#784,#135,#793,.T.);
#793 = LINE('',#794,#795);
#794 = CARTESIAN_POINT('',(-41.6,30.,3.));
#795 = VECTOR('',#796,1.);
#796 = DIRECTION('',(0.,0.,1.));
#797 = CYLINDRICAL_SURFACE('',#798,11.6);
#798 = AXIS2_PLACEMENT_3D('',#799,#800,#801);
#799 = CARTESIAN_POINT('',(-30.,30.,3.));
#800 = DIRECTION('',(0.,0.,1.));
#801 = DIRECTION('',(1.,0.,0.));
#802 = ADVANCED_FACE('',(#803,#814,#848,#882),#916,.T.);
#803 = FACE_BOUND('',#804,.T.);
#804 = EDGE_LOOP('',(#805,#806,#812,#813));
#805 = ORIENTED_EDGE('',*,*,#526,.F.);
#806 = ORIENTED_EDGE('',*,*,#807,.T.);
#807 = EDGE_CURVE('',#527,#784,#808,.T.);
#808 = LINE('',#809,#810);
#809 = CARTESIAN_POINT('',(-41.6,-30.,3.));
#810 = VECTOR('',#811,1.);
#811 = DIRECTION('',(0.,1.,0.));
#812 = ORIENTED_EDGE('',*,*,#792,.T.);
#813 = ORIENTED_EDGE('',*,*,#134,.F.);
#814 = FACE_BOUND('',#815,.T.);
#815 = EDGE_LOOP('',(#816,#826,#834,#842));
#816 = ORIENTED_EDGE('',*,*,#817,.T.);
#817 = EDGE_CURVE('',#818,#820,#822,.T.);
#818 = VERTEX_POINT('',#819);
#819 = CARTESIAN_POINT('',(-41.6,21.5,30.));
#820 = VERTEX_POINT('',#821);
#821 = CARTESIAN_POINT('',(-41.6,18.5,30.));
#822 = LINE('',#823,#824);
#823 = CARTESIAN_POINT('',(-41.6,-5.75,30.));
#824 = VECTOR('',#825,1.);
#825 = DIRECTION('',(0.,-1.,0.));
#826 = ORIENTED_EDGE('',*,*,#827,.T.);
#827 = EDGE_CURVE('',#820,#828,#830,.T.);
#828 = VERTEX_POINT('',#829);
#829 = CARTESIAN_POINT('',(-41.6,18.5,31.));
#830 = LINE('',#831,#832);
#831 = CARTESIAN_POINT('',(-41.6,18.5,16.5));
#832 = VECTOR('',#833,1.);
#833 = DIRECTION('',(0.,0.,1.));
#834 = ORIENTED_EDGE('',*,*,#835,.F.);
#835 = EDGE_CURVE('',#836,#828,#838,.T.);
#836 = VERTEX_POINT('',#837);
#837 = CARTESIAN_POINT('',(-41.6,21.5,31.));
#838 = LINE('',#839,#840);
#839 = CARTESIAN_POINT('',(-41.6,-5.75,31.));
#840 = VECTOR('',#841,1.);
#841 = DIRECTION('',(0.,-1.,0.));
#842 = ORIENTED_EDGE('',*,*,#843,.F.);
#843 = EDGE_CURVE('',#818,#836,#844,.T.);
#844 = LINE('',#845,#846);
#845 = CARTESIAN_POINT('',(-41.6,21.5,16.5));
#846 = VECTOR('',#847,1.);
#847 = DIRECTION('',(0.,0.,1.));
#848 = FACE_BOUND('',#849,.T.);
#849 = EDGE_LOOP('',(#850,#860,#868,#876));
#850 = ORIENTED_EDGE('',*,*,#851,.T.);
#851 = EDGE_CURVE('',#852,#854,#856,.T.);
#852 = VERTEX_POINT('',#853);
#853 = CARTESIAN_POINT('',(-41.6,-18.5,30.));
#854 = VERTEX_POINT('',#855);
#855 = CARTESIAN_POINT('',(-41.6,-21.5,30.));
#856 = LINE('',#857,#858);
#857 = CARTESIAN_POINT('',(-41.6,-25.75,30.));
#858 = VECTOR('',#859,1.);
#859 = DIRECTION('',(0.,-1.,0.));
#860 = ORIENTED_EDGE('',*,*,#861,.T.);
#861 = EDGE_CURVE('',#854,#862,#864,.T.);
#862 = VERTEX_POINT('',#863);
#863 = CARTESIAN_POINT('',(-41.6,-21.5,31.));
#864 = LINE('',#865,#866);
#865 = CARTESIAN_POINT('',(-41.6,-21.5,16.5));
#866 = VECTOR('',#867,1.);
#867 = DIRECTION('',(0.,0.,1.));
#868 = ORIENTED_EDGE('',*,*,#869,.F.);
#869 = EDGE_CURVE('',#870,#862,#872,.T.);
#870 = VERTEX_POINT('',#871);
#871 = CARTESIAN_POINT('',(-41.6,-18.5,31.));
#872 = LINE('',#873,#874);
#873 = CARTESIAN_POINT('',(-41.6,-25.75,31.));
#874 = VECTOR('',#875,1.);
#875 = DIRECTION('',(0.,-1.,0.));
#876 = ORIENTED_EDGE('',*,*,#877,.F.);
#877 = EDGE_CURVE('',#852,#870,#878,.T.);
#878 = LINE('',#879,#880);
#879 = CARTESIAN_POINT('',(-41.6,-18.5,16.5));
#880 = VECTOR('',#881,1.);
#881 = DIRECTION('',(0.,0.,1.));
#882 = FACE_BOUND('',#883,.T.);
#883 = EDGE_LOOP('',(#884,#894,#902,#910));
#884 = ORIENTED_EDGE('',*,*,#885,.T.);
#885 = EDGE_CURVE('',#886,#888,#890,.T.);
#886 = VERTEX_POINT('',#887);
#887 = CARTESIAN_POINT('',(-41.6,14.5,30.5));
#888 = VERTEX_POINT('',#889);
#889 = CARTESIAN_POINT('',(-41.6,-14.5,30.5));
#890 = LINE('',#891,#892);
#891 = CARTESIAN_POINT('',(-41.6,-22.25,30.5));
#892 = VECTOR('',#893,1.);
#893 = DIRECTION('',(0.,-1.,0.));
#894 = ORIENTED_EDGE('',*,*,#895,.T.);
#895 = EDGE_CURVE('',#888,#896,#898,.T.);
#896 = VERTEX_POINT('',#897);
#897 = CARTESIAN_POINT('',(-41.6,-14.5,32.));
#898 = LINE('',#899,#900);
#899 = CARTESIAN_POINT('',(-41.6,-14.5,16.75));
#900 = VECTOR('',#901,1.);
#901 = DIRECTION('',(0.,0.,1.));
#902 = ORIENTED_EDGE('',*,*,#903,.F.);
#903 = EDGE_CURVE('',#904,#896,#906,.T.);
#904 = VERTEX_POINT('',#905);
#905 = CARTESIAN_POINT('',(-41.6,14.5,32.));
#906 = LINE('',#907,#908);
#907 = CARTESIAN_POINT('',(-41.6,-22.25,32.));
#908 = VECTOR('',#909,1.);
#909 = DIRECTION('',(0.,-1.,0.));
#910 = ORIENTED_EDGE('',*,*,#911,.F.);
#911 = EDGE_CURVE('',#886,#904,#912,.T.);
#912 = LINE('',#913,#914);
#913 = CARTESIAN_POINT('',(-41.6,14.5,16.75));
#914 = VECTOR('',#915,1.);
#915 = DIRECTION('',(0.,0.,1.));
#916 = PLANE('',#917);
#917 = AXIS2_PLACEMENT_3D('',#918,#919,#920);
#918 = CARTESIAN_POINT('',(-41.6,-30.,3.));
#919 = DIRECTION('',(1.,0.,0.));
#920 = DIRECTION('',(0.,0.,1.));
#921 = ADVANCED_FACE('',(#922),#941,.F.);
#922 = FACE_BOUND('',#923,.F.);
#923 = EDGE_LOOP('',(#924,#932,#939,#940));
#924 = ORIENTED_EDGE('',*,*,#925,.T.);
#925 = EDGE_CURVE('',#277,#926,#928,.T.);
#926 = VERTEX_POINT('',#927);
#927 = CARTESIAN_POINT('',(40.3,-24.,1.));
#928 = LINE('',#929,#930);
#929 = CARTESIAN_POINT('',(40.3,-24.,-0.1));
#930 = VECTOR('',#931,1.);
#931 = DIRECTION('',(0.,0.,1.));
#932 = ORIENTED_EDGE('',*,*,#933,.F.);
#933 = EDGE_CURVE('',#926,#926,#934,.T.);
#934 = CIRCLE('',#935,2.3);
#935 = AXIS2_PLACEMENT_3D('',#936,#937,#938);
#936 = CARTESIAN_POINT('',(38.,-24.,1.));
#937 = DIRECTION('',(0.,0.,1.));
#938 = DIRECTION('',(1.,0.,0.));
#939 = ORIENTED_EDGE('',*,*,#925,.F.);
#940 = ORIENTED_EDGE('',*,*,#276,.T.);
#941 = CYLINDRICAL_SURFACE('',#942,2.3);
#942 = AXIS2_PLACEMENT_3D('',#943,#944,#945);
#943 = CARTESIAN_POINT('',(38.,-24.,-0.1));
#944 = DIRECTION('',(0.,0.,1.));
#945 = DIRECTION('',(1.,0.,0.));
#946 = ADVANCED_FACE('',(#947),#972,.F.);
#947 = FACE_BOUND('',#948,.F.);
#948 = EDGE_LOOP('',(#949,#957,#958,#966));
#949 = ORIENTED_EDGE('',*,*,#950,.F.);
#950 = EDGE_CURVE('',#290,#951,#953,.T.);
#951 = VERTEX_POINT('',#952);
#952 = CARTESIAN_POINT('',(16.566025403784,-4.555513627133,3.));
#953 = LINE('',#954,#955);
#954 = CARTESIAN_POINT('',(16.566025403784,-4.555513627133,-1.));
#955 = VECTOR('',#956,1.);
#956 = DIRECTION('',(0.,0.,1.));
#957 = ORIENTED_EDGE('',*,*,#287,.F.);
#958 = ORIENTED_EDGE('',*,*,#959,.T.);
#959 = EDGE_CURVE('',#288,#960,#962,.T.);
#960 = VERTEX_POINT('',#961);
#961 = CARTESIAN_POINT('',(14.833974596216,-3.555513627133,3.));
#962 = LINE('',#963,#964);
#963 = CARTESIAN_POINT('',(14.833974596216,-3.555513627133,-1.));
#964 = VECTOR('',#965,1.);
#965 = DIRECTION('',(0.,0.,1.));
#966 = ORIENTED_EDGE('',*,*,#967,.T.);
#967 = EDGE_CURVE('',#960,#951,#968,.T.);
#968 = LINE('',#969,#970);
#969 = CARTESIAN_POINT('',(8.501442841485,0.100575286113,3.));
#970 = VECTOR('',#971,1.);
#971 = DIRECTION('',(0.866025403784,-0.5,0.));
#972 = PLANE('',#973);
#973 = AXIS2_PLACEMENT_3D('',#974,#975,#976);
#974 = CARTESIAN_POINT('',(14.833974596216,-3.555513627133,-1.));
#975 = DIRECTION('',(0.5,0.866025403784,0.));
#976 = DIRECTION('',(0.,0.,1.));
#977 = ADVANCED_FACE('',(#978),#996,.T.);
#978 = FACE_BOUND('',#979,.T.);
#979 = EDGE_LOOP('',(#980,#988,#989,#990));
#980 = ORIENTED_EDGE('',*,*,#981,.F.);
#981 = EDGE_CURVE('',#298,#982,#984,.T.);
#982 = VERTEX_POINT('',#983);
#983 = CARTESIAN_POINT('',(11.433974596216,-9.444486372867,3.));
#984 = LINE('',#985,#986);
#985 = CARTESIAN_POINT('',(11.433974596216,-9.444486372867,-1.));
#986 = VECTOR('',#987,1.);
#987 = DIRECTION('',(0.,0.,1.));
#988 = ORIENTED_EDGE('',*,*,#297,.F.);
#989 = ORIENTED_EDGE('',*,*,#959,.T.);
#990 = ORIENTED_EDGE('',*,*,#991,.T.);
#991 = EDGE_CURVE('',#960,#982,#992,.T.);
#992 = LINE('',#993,#994);
#993 = CARTESIAN_POINT('',(12.049519052838,-8.378332099679,3.));
#994 = VECTOR('',#995,1.);
#995 = DIRECTION('',(-0.5,-0.866025403784,0.));
#996 = PLANE('',#997);
#997 = AXIS2_PLACEMENT_3D('',#998,#999,#1000);
#998 = CARTESIAN_POINT('',(11.433974596216,-9.444486372867,-1.));
#999 = DIRECTION('',(0.866025403784,-0.5,0.));
#1000 = DIRECTION('',(0.,0.,1.));
#1001 = ADVANCED_FACE('',(#1002),#1020,.F.);
#1002 = FACE_BOUND('',#1003,.F.);
#1003 = EDGE_LOOP('',(#1004,#1012,#1013,#1014));
#1004 = ORIENTED_EDGE('',*,*,#1005,.F.);
#1005 = EDGE_CURVE('',#306,#1006,#1008,.T.);
#1006 = VERTEX_POINT('',#1007);
#1007 = CARTESIAN_POINT('',(13.166025403784,-10.44448637286,3.));
#1008 = LINE('',#1009,#1010);
#1009 = CARTESIAN_POINT('',(13.166025403784,-10.44448637286,-1.));
#1010 = VECTOR('',#1011,1.);
#1011 = DIRECTION('',(0.,0.,1.));
#1012 = ORIENTED_EDGE('',*,*,#313,.F.);
#1013 = ORIENTED_EDGE('',*,*,#950,.T.);
#1014 = ORIENTED_EDGE('',*,*,#1015,.T.);
#1015 = EDGE_CURVE('',#951,#1006,#1016,.T.);
#1016 = LINE('',#1017,#1018);
#1017 = CARTESIAN_POINT('',(13.781569860407,-9.378332099679,3.));
#1018 = VECTOR('',#1019,1.);
#1019 = DIRECTION('',(-0.5,-0.866025403784,0.));
#1020 = PLANE('',#1021);
#1021 = AXIS2_PLACEMENT_3D('',#1022,#1023,#1024);
#1022 = CARTESIAN_POINT('',(13.166025403784,-10.44448637286,-1.));
#1023 = DIRECTION('',(0.866025403784,-0.5,0.));
#1024 = DIRECTION('',(0.,0.,1.));
#1025 = ADVANCED_FACE('',(#1026),#1037,.T.);
#1026 = FACE_BOUND('',#1027,.T.);
#1027 = EDGE_LOOP('',(#1028,#1029,#1030,#1031));
#1028 = ORIENTED_EDGE('',*,*,#1005,.F.);
#1029 = ORIENTED_EDGE('',*,*,#305,.F.);
#1030 = ORIENTED_EDGE('',*,*,#981,.T.);
#1031 = ORIENTED_EDGE('',*,*,#1032,.T.);
#1032 = EDGE_CURVE('',#982,#1006,#1033,.T.);
#1033 = LINE('',#1034,#1035);
#1034 = CARTESIAN_POINT('',(5.101442841485,-5.788397459622,3.));
#1035 = VECTOR('',#1036,1.);
#1036 = DIRECTION('',(0.866025403784,-0.5,0.));
#1037 = PLANE('',#1038);
#1038 = AXIS2_PLACEMENT_3D('',#1039,#1040,#1041);
#1039 = CARTESIAN_POINT('',(11.433974596216,-9.444486372867,-1.));
#1040 = DIRECTION('',(0.5,0.866025403784,0.));
#1041 = DIRECTION('',(0.,0.,1.));
#1042 = ADVANCED_FACE('',(#1043),#1062,.F.);
#1043 = FACE_BOUND('',#1044,.F.);
#1044 = EDGE_LOOP('',(#1045,#1053,#1060,#1061));
#1045 = ORIENTED_EDGE('',*,*,#1046,.T.);
#1046 = EDGE_CURVE('',#322,#1047,#1049,.T.);
#1047 = VERTEX_POINT('',#1048);
#1048 = CARTESIAN_POINT('',(-35.7,-24.,1.));
#1049 = LINE('',#1050,#1051);
#1050 = CARTESIAN_POINT('',(-35.7,-24.,-0.1));
#1051 = VECTOR('',#1052,1.);
#1052 = DIRECTION('',(0.,0.,1.));
#1053 = ORIENTED_EDGE('',*,*,#1054,.F.);
#1054 = EDGE_CURVE('',#1047,#1047,#1055,.T.);
#1055 = CIRCLE('',#1056,2.3);
#1056 = AXIS2_PLACEMENT_3D('',#1057,#1058,#1059);
#1057 = CARTESIAN_POINT('',(-38.,-24.,1.));
#1058 = DIRECTION('',(0.,0.,1.));
#1059 = DIRECTION('',(1.,0.,0.));
#1060 = ORIENTED_EDGE('',*,*,#1046,.F.);
#1061 = ORIENTED_EDGE('',*,*,#321,.T.);
#1062 = CYLINDRICAL_SURFACE('',#1063,2.3);
#1063 = AXIS2_PLACEMENT_3D('',#1064,#1065,#1066);
#1064 = CARTESIAN_POINT('',(-38.,-24.,-0.1));
#1065 = DIRECTION('',(0.,0.,1.));
#1066 = DIRECTION('',(1.,0.,0.));
#1067 = ADVANCED_FACE('',(#1068),#1093,.F.);
#1068 = FACE_BOUND('',#1069,.F.);
#1069 = EDGE_LOOP('',(#1070,#1078,#1079,#1087));
#1070 = ORIENTED_EDGE('',*,*,#1071,.F.);
#1071 = EDGE_CURVE('',#335,#1072,#1074,.T.);
#1072 = VERTEX_POINT('',#1073);
#1073 = CARTESIAN_POINT('',(-14.83397459621,-3.555513627133,3.));
#1074 = LINE('',#1075,#1076);
#1075 = CARTESIAN_POINT('',(-14.83397459621,-3.555513627133,-1.));
#1076 = VECTOR('',#1077,1.);
#1077 = DIRECTION('',(0.,0.,1.));
#1078 = ORIENTED_EDGE('',*,*,#332,.F.);
#1079 = ORIENTED_EDGE('',*,*,#1080,.T.);
#1080 = EDGE_CURVE('',#333,#1081,#1083,.T.);
#1081 = VERTEX_POINT('',#1082);
#1082 = CARTESIAN_POINT('',(-16.56602540378,-4.555513627133,3.));
#1083 = LINE('',#1084,#1085);
#1084 = CARTESIAN_POINT('',(-16.56602540378,-4.555513627133,-1.));
#1085 = VECTOR('',#1086,1.);
#1086 = DIRECTION('',(0.,0.,1.));
#1087 = ORIENTED_EDGE('',*,*,#1088,.T.);
#1088 = EDGE_CURVE('',#1081,#1072,#1089,.T.);
#1089 = LINE('',#1090,#1091);
#1090 = CARTESIAN_POINT('',(-9.367468245269,-0.399424713887,3.));
#1091 = VECTOR('',#1092,1.);
#1092 = DIRECTION('',(0.866025403784,0.5,0.));
#1093 = PLANE('',#1094);
#1094 = AXIS2_PLACEMENT_3D('',#1095,#1096,#1097);
#1095 = CARTESIAN_POINT('',(-16.56602540378,-4.555513627133,-1.));
#1096 = DIRECTION('',(-0.5,0.866025403784,0.));
#1097 = DIRECTION('',(0.,0.,1.));
#1098 = ADVANCED_FACE('',(#1099),#1117,.T.);
#1099 = FACE_BOUND('',#1100,.T.);
#1100 = EDGE_LOOP('',(#1101,#1109,#1110,#1111));
#1101 = ORIENTED_EDGE('',*,*,#1102,.F.);
#1102 = EDGE_CURVE('',#343,#1103,#1105,.T.);
#1103 = VERTEX_POINT('',#1104);
#1104 = CARTESIAN_POINT('',(-13.16602540378,-10.44448637286,3.));
#1105 = LINE('',#1106,#1107);
#1106 = CARTESIAN_POINT('',(-13.16602540378,-10.44448637286,-1.));
#1107 = VECTOR('',#1108,1.);
#1108 = DIRECTION('',(0.,0.,1.));
#1109 = ORIENTED_EDGE('',*,*,#342,.F.);
#1110 = ORIENTED_EDGE('',*,*,#1080,.T.);
#1111 = ORIENTED_EDGE('',*,*,#1112,.T.);
#1112 = EDGE_CURVE('',#1081,#1103,#1113,.T.);
#1113 = LINE('',#1114,#1115);
#1114 = CARTESIAN_POINT('',(-13.7815698604,-9.378332099679,3.));
#1115 = VECTOR('',#1116,1.);
#1116 = DIRECTION('',(0.5,-0.866025403784,0.));
#1117 = PLANE('',#1118);
#1118 = AXIS2_PLACEMENT_3D('',#1119,#1120,#1121);
#1119 = CARTESIAN_POINT('',(-13.16602540378,-10.44448637286,-1.));
#1120 = DIRECTION('',(0.866025403784,0.5,0.));
#1121 = DIRECTION('',(0.,0.,1.));
#1122 = ADVANCED_FACE('',(#1123),#1141,.F.);
#1123 = FACE_BOUND('',#1124,.F.);
#1124 = EDGE_LOOP('',(#1125,#1133,#1134,#1135));
#1125 = ORIENTED_EDGE('',*,*,#1126,.F.);
#1126 = EDGE_CURVE('',#351,#1127,#1129,.T.);
#1127 = VERTEX_POINT('',#1128);
#1128 = CARTESIAN_POINT('',(-11.43397459621,-9.444486372867,3.));
#1129 = LINE('',#1130,#1131);
#1130 = CARTESIAN_POINT('',(-11.43397459621,-9.444486372867,-1.));
#1131 = VECTOR('',#1132,1.);
#1132 = DIRECTION('',(0.,0.,1.));
#1133 = ORIENTED_EDGE('',*,*,#358,.F.);
#1134 = ORIENTED_EDGE('',*,*,#1071,.T.);
#1135 = ORIENTED_EDGE('',*,*,#1136,.T.);
#1136 = EDGE_CURVE('',#1072,#1127,#1137,.T.);
#1137 = LINE('',#1138,#1139);
#1138 = CARTESIAN_POINT('',(-12.04951905283,-8.378332099679,3.));
#1139 = VECTOR('',#1140,1.);
#1140 = DIRECTION('',(0.5,-0.866025403784,0.));
#1141 = PLANE('',#1142);
#1142 = AXIS2_PLACEMENT_3D('',#1143,#1144,#1145);
#1143 = CARTESIAN_POINT('',(-11.43397459621,-9.444486372867,-1.));
#1144 = DIRECTION('',(0.866025403784,0.5,0.));
#1145 = DIRECTION('',(0.,0.,1.));
#1146 = ADVANCED_FACE('',(#1147),#1158,.T.);
#1147 = FACE_BOUND('',#1148,.T.);
#1148 = EDGE_LOOP('',(#1149,#1150,#1151,#1152));
#1149 = ORIENTED_EDGE('',*,*,#1126,.F.);
#1150 = ORIENTED_EDGE('',*,*,#350,.F.);
#1151 = ORIENTED_EDGE('',*,*,#1102,.T.);
#1152 = ORIENTED_EDGE('',*,*,#1153,.T.);
#1153 = EDGE_CURVE('',#1103,#1127,#1154,.T.);
#1154 = LINE('',#1155,#1156);
#1155 = CARTESIAN_POINT('',(-5.967468245269,-6.288397459622,3.));
#1156 = VECTOR('',#1157,1.);
#1157 = DIRECTION('',(0.866025403784,0.5,0.));
#1158 = PLANE('',#1159);
#1159 = AXIS2_PLACEMENT_3D('',#1160,#1161,#1162);
#1160 = CARTESIAN_POINT('',(-13.16602540378,-10.44448637286,-1.));
#1161 = DIRECTION('',(-0.5,0.866025403784,0.));
#1162 = DIRECTION('',(0.,0.,1.));
#1163 = ADVANCED_FACE('',(#1164),#1183,.F.);
#1164 = FACE_BOUND('',#1165,.F.);
#1165 = EDGE_LOOP('',(#1166,#1174,#1181,#1182));
#1166 = ORIENTED_EDGE('',*,*,#1167,.T.);
#1167 = EDGE_CURVE('',#367,#1168,#1170,.T.);
#1168 = VERTEX_POINT('',#1169);
#1169 = CARTESIAN_POINT('',(40.3,24.,1.));
#1170 = LINE('',#1171,#1172);
#1171 = CARTESIAN_POINT('',(40.3,24.,-0.1));
#1172 = VECTOR('',#1173,1.);
#1173 = DIRECTION('',(0.,0.,1.));
#1174 = ORIENTED_EDGE('',*,*,#1175,.F.);
#1175 = EDGE_CURVE('',#1168,#1168,#1176,.T.);
#1176 = CIRCLE('',#1177,2.3);
#1177 = AXIS2_PLACEMENT_3D('',#1178,#1179,#1180);
#1178 = CARTESIAN_POINT('',(38.,24.,1.));
#1179 = DIRECTION('',(0.,0.,1.));
#1180 = DIRECTION('',(1.,0.,0.));
#1181 = ORIENTED_EDGE('',*,*,#1167,.F.);
#1182 = ORIENTED_EDGE('',*,*,#366,.T.);
#1183 = CYLINDRICAL_SURFACE('',#1184,2.3);
#1184 = AXIS2_PLACEMENT_3D('',#1185,#1186,#1187);
#1185 = CARTESIAN_POINT('',(38.,24.,-0.1));
#1186 = DIRECTION('',(0.,0.,1.));
#1187 = DIRECTION('',(1.,0.,0.));
#1188 = ADVANCED_FACE('',(#1189),#1214,.F.);
#1189 = FACE_BOUND('',#1190,.F.);
#1190 = EDGE_LOOP('',(#1191,#1199,#1200,#1208));
#1191 = ORIENTED_EDGE('',*,*,#1192,.F.);
#1192 = EDGE_CURVE('',#380,#1193,#1195,.T.);
#1193 = VERTEX_POINT('',#1194);
#1194 = CARTESIAN_POINT('',(1.,20.4,3.));
#1195 = LINE('',#1196,#1197);
#1196 = CARTESIAN_POINT('',(1.,20.4,-1.));
#1197 = VECTOR('',#1198,1.);
#1198 = DIRECTION('',(0.,0.,1.));
#1199 = ORIENTED_EDGE('',*,*,#377,.F.);
#1200 = ORIENTED_EDGE('',*,*,#1201,.T.);
#1201 = EDGE_CURVE('',#378,#1202,#1204,.T.);
#1202 = VERTEX_POINT('',#1203);
#1203 = CARTESIAN_POINT('',(-1.,20.4,3.));
#1204 = LINE('',#1205,#1206);
#1205 = CARTESIAN_POINT('',(-1.,20.4,-1.));
#1206 = VECTOR('',#1207,1.);
#1207 = DIRECTION('',(0.,0.,1.));
#1208 = ORIENTED_EDGE('',*,*,#1209,.T.);
#1209 = EDGE_CURVE('',#1202,#1193,#1210,.T.);
#1210 = LINE('',#1211,#1212);
#1211 = CARTESIAN_POINT('',(-0.5,20.4,3.));
#1212 = VECTOR('',#1213,1.);
#1213 = DIRECTION('',(1.,0.,0.));
#1214 = PLANE('',#1215);
#1215 = AXIS2_PLACEMENT_3D('',#1216,#1217,#1218);
#1216 = CARTESIAN_POINT('',(-1.,20.4,-1.));
#1217 = DIRECTION('',(0.,1.,0.));
#1218 = DIRECTION('',(0.,0.,1.));
#1219 = ADVANCED_FACE('',(#1220),#1238,.T.);
#1220 = FACE_BOUND('',#1221,.T.);
#1221 = EDGE_LOOP('',(#1222,#1230,#1231,#1232));
#1222 = ORIENTED_EDGE('',*,*,#1223,.F.);
#1223 = EDGE_CURVE('',#388,#1224,#1226,.T.);
#1224 = VERTEX_POINT('',#1225);
#1225 = CARTESIAN_POINT('',(-1.,13.6,3.));
#1226 = LINE('',#1227,#1228);
#1227 = CARTESIAN_POINT('',(-1.,13.6,-1.));
#1228 = VECTOR('',#1229,1.);
#1229 = DIRECTION('',(0.,0.,1.));
#1230 = ORIENTED_EDGE('',*,*,#387,.F.);
#1231 = ORIENTED_EDGE('',*,*,#1201,.T.);
#1232 = ORIENTED_EDGE('',*,*,#1233,.T.);
#1233 = EDGE_CURVE('',#1202,#1224,#1234,.T.);
#1234 = LINE('',#1235,#1236);
#1235 = CARTESIAN_POINT('',(-1.,6.8,3.));
#1236 = VECTOR('',#1237,1.);
#1237 = DIRECTION('',(0.,-1.,0.));
#1238 = PLANE('',#1239);
#1239 = AXIS2_PLACEMENT_3D('',#1240,#1241,#1242);
#1240 = CARTESIAN_POINT('',(-1.,13.6,-1.));
#1241 = DIRECTION('',(1.,0.,0.));
#1242 = DIRECTION('',(0.,0.,1.));
#1243 = ADVANCED_FACE('',(#1244),#1262,.F.);
#1244 = FACE_BOUND('',#1245,.F.);
#1245 = EDGE_LOOP('',(#1246,#1254,#1255,#1256));
#1246 = ORIENTED_EDGE('',*,*,#1247,.F.);
#1247 = EDGE_CURVE('',#396,#1248,#1250,.T.);
#1248 = VERTEX_POINT('',#1249);
#1249 = CARTESIAN_POINT('',(1.,13.6,3.));
#1250 = LINE('',#1251,#1252);
#1251 = CARTESIAN_POINT('',(1.,13.6,-1.));
#1252 = VECTOR('',#1253,1.);
#1253 = DIRECTION('',(0.,0.,1.));
#1254 = ORIENTED_EDGE('',*,*,#403,.F.);
#1255 = ORIENTED_EDGE('',*,*,#1192,.T.);
#1256 = ORIENTED_EDGE('',*,*,#1257,.T.);
#1257 = EDGE_CURVE('',#1193,#1248,#1258,.T.);
#1258 = LINE('',#1259,#1260);
#1259 = CARTESIAN_POINT('',(1.,6.8,3.));
#1260 = VECTOR('',#1261,1.);
#1261 = DIRECTION('',(0.,-1.,0.));
#1262 = PLANE('',#1263);
#1263 = AXIS2_PLACEMENT_3D('',#1264,#1265,#1266);
#1264 = CARTESIAN_POINT('',(1.,13.6,-1.));
#1265 = DIRECTION('',(1.,0.,0.));
#1266 = DIRECTION('',(0.,0.,1.));
#1267 = ADVANCED_FACE('',(#1268),#1279,.T.);
#1268 = FACE_BOUND('',#1269,.T.);
#1269 = EDGE_LOOP('',(#1270,#1271,#1272,#1273));
#1270 = ORIENTED_EDGE('',*,*,#1247,.F.);
#1271 = ORIENTED_EDGE('',*,*,#395,.F.);
#1272 = ORIENTED_EDGE('',*,*,#1223,.T.);
#1273 = ORIENTED_EDGE('',*,*,#1274,.T.);
#1274 = EDGE_CURVE('',#1224,#1248,#1275,.T.);
#1275 = LINE('',#1276,#1277);
#1276 = CARTESIAN_POINT('',(-0.5,13.6,3.));
#1277 = VECTOR('',#1278,1.);
#1278 = DIRECTION('',(1.,0.,0.));
#1279 = PLANE('',#1280);
#1280 = AXIS2_PLACEMENT_3D('',#1281,#1282,#1283);
#1281 = CARTESIAN_POINT('',(-1.,13.6,-1.));
#1282 = DIRECTION('',(0.,1.,0.));
#1283 = DIRECTION('',(0.,0.,1.));
#1284 = ADVANCED_FACE('',(#1285),#1304,.F.);
#1285 = FACE_BOUND('',#1286,.F.);
#1286 = EDGE_LOOP('',(#1287,#1295,#1302,#1303));
#1287 = ORIENTED_EDGE('',*,*,#1288,.T.);
#1288 = EDGE_CURVE('',#412,#1289,#1291,.T.);
#1289 = VERTEX_POINT('',#1290);
#1290 = CARTESIAN_POINT('',(-35.7,24.,1.));
#1291 = LINE('',#1292,#1293);
#1292 = CARTESIAN_POINT('',(-35.7,24.,-0.1));
#1293 = VECTOR('',#1294,1.);
#1294 = DIRECTION('',(0.,0.,1.));
#1295 = ORIENTED_EDGE('',*,*,#1296,.F.);
#1296 = EDGE_CURVE('',#1289,#1289,#1297,.T.);
#1297 = CIRCLE('',#1298,2.3);
#1298 = AXIS2_PLACEMENT_3D('',#1299,#1300,#1301);
#1299 = CARTESIAN_POINT('',(-38.,24.,1.));
#1300 = DIRECTION('',(0.,0.,1.));
#1301 = DIRECTION('',(1.,0.,0.));
#1302 = ORIENTED_EDGE('',*,*,#1288,.F.);
#1303 = ORIENTED_EDGE('',*,*,#411,.T.);
#1304 = CYLINDRICAL_SURFACE('',#1305,2.3);
#1305 = AXIS2_PLACEMENT_3D('',#1306,#1307,#1308);
#1306 = CARTESIAN_POINT('',(-38.,24.,-0.1));
#1307 = DIRECTION('',(0.,0.,1.));
#1308 = DIRECTION('',(1.,0.,0.));
#1309 = ADVANCED_FACE('',(#1310,#1320,#1331,#1342,#1348,#1359,#1370,
    #1376,#1387,#1398,#1404,#1415),#1426,.F.);
#1310 = FACE_BOUND('',#1311,.F.);
#1311 = EDGE_LOOP('',(#1312,#1313,#1314,#1315,#1316,#1317,#1318,#1319));
#1312 = ORIENTED_EDGE('',*,*,#534,.F.);
#1313 = ORIENTED_EDGE('',*,*,#807,.T.);
#1314 = ORIENTED_EDGE('',*,*,#783,.F.);
#1315 = ORIENTED_EDGE('',*,*,#723,.T.);
#1316 = ORIENTED_EDGE('',*,*,#700,.F.);
#1317 = ORIENTED_EDGE('',*,*,#607,.F.);
#1318 = ORIENTED_EDGE('',*,*,#581,.F.);
#1319 = ORIENTED_EDGE('',*,*,#557,.F.);
#1320 = FACE_BOUND('',#1321,.F.);
#1321 = EDGE_LOOP('',(#1322));
#1322 = ORIENTED_EDGE('',*,*,#1323,.T.);
#1323 = EDGE_CURVE('',#1324,#1324,#1326,.T.);
#1324 = VERTEX_POINT('',#1325);
#1325 = CARTESIAN_POINT('',(34.1,-29.,3.));
#1326 = CIRCLE('',#1327,3.1);
#1327 = AXIS2_PLACEMENT_3D('',#1328,#1329,#1330);
#1328 = CARTESIAN_POINT('',(31.,-29.,3.));
#1329 = DIRECTION('',(0.,0.,1.));
#1330 = DIRECTION('',(1.,0.,0.));
#1331 = FACE_BOUND('',#1332,.F.);
#1332 = EDGE_LOOP('',(#1333));
#1333 = ORIENTED_EDGE('',*,*,#1334,.T.);
#1334 = EDGE_CURVE('',#1335,#1335,#1337,.T.);
#1335 = VERTEX_POINT('',#1336);
#1336 = CARTESIAN_POINT('',(39.5,-24.,3.));
#1337 = CIRCLE('',#1338,1.5);
#1338 = AXIS2_PLACEMENT_3D('',#1339,#1340,#1341);
#1339 = CARTESIAN_POINT('',(38.,-24.,3.));
#1340 = DIRECTION('',(0.,0.,1.));
#1341 = DIRECTION('',(1.,0.,0.));
#1342 = FACE_BOUND('',#1343,.F.);
#1343 = EDGE_LOOP('',(#1344,#1345,#1346,#1347));
#1344 = ORIENTED_EDGE('',*,*,#967,.F.);
#1345 = ORIENTED_EDGE('',*,*,#991,.T.);
#1346 = ORIENTED_EDGE('',*,*,#1032,.T.);
#1347 = ORIENTED_EDGE('',*,*,#1015,.F.);
#1348 = FACE_BOUND('',#1349,.F.);
#1349 = EDGE_LOOP('',(#1350));
#1350 = ORIENTED_EDGE('',*,*,#1351,.T.);
#1351 = EDGE_CURVE('',#1352,#1352,#1354,.T.);
#1352 = VERTEX_POINT('',#1353);
#1353 = CARTESIAN_POINT('',(-27.9,-29.,3.));
#1354 = CIRCLE('',#1355,3.1);
#1355 = AXIS2_PLACEMENT_3D('',#1356,#1357,#1358);
#1356 = CARTESIAN_POINT('',(-31.,-29.,3.));
#1357 = DIRECTION('',(0.,0.,1.));
#1358 = DIRECTION('',(1.,0.,0.));
#1359 = FACE_BOUND('',#1360,.F.);
#1360 = EDGE_LOOP('',(#1361));
#1361 = ORIENTED_EDGE('',*,*,#1362,.T.);
#1362 = EDGE_CURVE('',#1363,#1363,#1365,.T.);
#1363 = VERTEX_POINT('',#1364);
#1364 = CARTESIAN_POINT('',(-36.5,-24.,3.));
#1365 = CIRCLE('',#1366,1.5);
#1366 = AXIS2_PLACEMENT_3D('',#1367,#1368,#1369);
#1367 = CARTESIAN_POINT('',(-38.,-24.,3.));
#1368 = DIRECTION('',(0.,0.,1.));
#1369 = DIRECTION('',(1.,0.,0.));
#1370 = FACE_BOUND('',#1371,.F.);
#1371 = EDGE_LOOP('',(#1372,#1373,#1374,#1375));
#1372 = ORIENTED_EDGE('',*,*,#1088,.F.);
#1373 = ORIENTED_EDGE('',*,*,#1112,.T.);
#1374 = ORIENTED_EDGE('',*,*,#1153,.T.);
#1375 = ORIENTED_EDGE('',*,*,#1136,.F.);
#1376 = FACE_BOUND('',#1377,.F.);
#1377 = EDGE_LOOP('',(#1378));
#1378 = ORIENTED_EDGE('',*,*,#1379,.T.);
#1379 = EDGE_CURVE('',#1380,#1380,#1382,.T.);
#1380 = VERTEX_POINT('',#1381);
#1381 = CARTESIAN_POINT('',(39.5,24.,3.));
#1382 = CIRCLE('',#1383,1.5);
#1383 = AXIS2_PLACEMENT_3D('',#1384,#1385,#1386);
#1384 = CARTESIAN_POINT('',(38.,24.,3.));
#1385 = DIRECTION('',(0.,0.,1.));
#1386 = DIRECTION('',(1.,0.,0.));
#1387 = FACE_BOUND('',#1388,.F.);
#1388 = EDGE_LOOP('',(#1389));
#1389 = ORIENTED_EDGE('',*,*,#1390,.T.);
#1390 = EDGE_CURVE('',#1391,#1391,#1393,.T.);
#1391 = VERTEX_POINT('',#1392);
#1392 = CARTESIAN_POINT('',(34.1,29.,3.));
#1393 = CIRCLE('',#1394,3.1);
#1394 = AXIS2_PLACEMENT_3D('',#1395,#1396,#1397);
#1395 = CARTESIAN_POINT('',(31.,29.,3.));
#1396 = DIRECTION('',(0.,0.,1.));
#1397 = DIRECTION('',(1.,0.,0.));
#1398 = FACE_BOUND('',#1399,.F.);
#1399 = EDGE_LOOP('',(#1400,#1401,#1402,#1403));
#1400 = ORIENTED_EDGE('',*,*,#1209,.F.);
#1401 = ORIENTED_EDGE('',*,*,#1233,.T.);
#1402 = ORIENTED_EDGE('',*,*,#1274,.T.);
#1403 = ORIENTED_EDGE('',*,*,#1257,.F.);
#1404 = FACE_BOUND('',#1405,.F.);
#1405 = EDGE_LOOP('',(#1406));
#1406 = ORIENTED_EDGE('',*,*,#1407,.T.);
#1407 = EDGE_CURVE('',#1408,#1408,#1410,.T.);
#1408 = VERTEX_POINT('',#1409);
#1409 = CARTESIAN_POINT('',(-36.5,24.,3.));
#1410 = CIRCLE('',#1411,1.5);
#1411 = AXIS2_PLACEMENT_3D('',#1412,#1413,#1414);
#1412 = CARTESIAN_POINT('',(-38.,24.,3.));
#1413 = DIRECTION('',(0.,0.,1.));
#1414 = DIRECTION('',(1.,0.,0.));
#1415 = FACE_BOUND('',#1416,.F.);
#1416 = EDGE_LOOP('',(#1417));
#1417 = ORIENTED_EDGE('',*,*,#1418,.T.);
#1418 = EDGE_CURVE('',#1419,#1419,#1421,.T.);
#1419 = VERTEX_POINT('',#1420);
#1420 = CARTESIAN_POINT('',(-27.9,29.,3.));
#1421 = CIRCLE('',#1422,3.1);
#1422 = AXIS2_PLACEMENT_3D('',#1423,#1424,#1425);
#1423 = CARTESIAN_POINT('',(-31.,29.,3.));
#1424 = DIRECTION('',(0.,0.,1.));
#1425 = DIRECTION('',(1.,0.,0.));
#1426 = PLANE('',#1427);
#1427 = AXIS2_PLACEMENT_3D('',#1428,#1429,#1430);
#1428 = CARTESIAN_POINT('',(-2.550214857972E-15,1.457265633127E-15,3.));
#1429 = DIRECTION('',(-0.,-0.,-1.));
#1430 = DIRECTION('',(-1.,0.,0.));
#1431 = ADVANCED_FACE('',(#1432),#1457,.F.);
#1432 = FACE_BOUND('',#1433,.F.);
#1433 = EDGE_LOOP('',(#1434,#1442,#1450,#1456));
#1434 = ORIENTED_EDGE('',*,*,#1435,.F.);
#1435 = EDGE_CURVE('',#1436,#625,#1438,.T.);
#1436 = VERTEX_POINT('',#1437);
#1437 = CARTESIAN_POINT('',(25.,21.5,30.));
#1438 = LINE('',#1439,#1440);
#1439 = CARTESIAN_POINT('',(25.,21.5,30.));
#1440 = VECTOR('',#1441,1.);
#1441 = DIRECTION('',(1.,0.,0.));
#1442 = ORIENTED_EDGE('',*,*,#1443,.F.);
#1443 = EDGE_CURVE('',#1444,#1436,#1446,.T.);
#1444 = VERTEX_POINT('',#1445);
#1445 = CARTESIAN_POINT('',(25.,18.5,30.));
#1446 = LINE('',#1447,#1448);
#1447 = CARTESIAN_POINT('',(25.,18.5,30.));
#1448 = VECTOR('',#1449,1.);
#1449 = DIRECTION('',(0.,1.,0.));
#1450 = ORIENTED_EDGE('',*,*,#1451,.T.);
#1451 = EDGE_CURVE('',#1444,#627,#1452,.T.);
#1452 = LINE('',#1453,#1454);
#1453 = CARTESIAN_POINT('',(25.,18.5,30.));
#1454 = VECTOR('',#1455,1.);
#1455 = DIRECTION('',(1.,0.,0.));
#1456 = ORIENTED_EDGE('',*,*,#624,.F.);
#1457 = PLANE('',#1458);
#1458 = AXIS2_PLACEMENT_3D('',#1459,#1460,#1461);
#1459 = CARTESIAN_POINT('',(25.,18.5,30.));
#1460 = DIRECTION('',(0.,0.,1.));
#1461 = DIRECTION('',(1.,0.,0.));
#1462 = ADVANCED_FACE('',(#1463),#1481,.T.);
#1463 = FACE_BOUND('',#1464,.T.);
#1464 = EDGE_LOOP('',(#1465,#1466,#1474,#1480));
#1465 = ORIENTED_EDGE('',*,*,#1435,.F.);
#1466 = ORIENTED_EDGE('',*,*,#1467,.T.);
#1467 = EDGE_CURVE('',#1436,#1468,#1470,.T.);
#1468 = VERTEX_POINT('',#1469);
#1469 = CARTESIAN_POINT('',(25.,21.5,31.));
#1470 = LINE('',#1471,#1472);
#1471 = CARTESIAN_POINT('',(25.,21.5,30.));
#1472 = VECTOR('',#1473,1.);
#1473 = DIRECTION('',(0.,0.,1.));
#1474 = ORIENTED_EDGE('',*,*,#1475,.T.);
#1475 = EDGE_CURVE('',#1468,#643,#1476,.T.);
#1476 = LINE('',#1477,#1478);
#1477 = CARTESIAN_POINT('',(25.,21.5,31.));
#1478 = VECTOR('',#1479,1.);
#1479 = DIRECTION('',(1.,0.,0.));
#1480 = ORIENTED_EDGE('',*,*,#650,.F.);
#1481 = PLANE('',#1482);
#1482 = AXIS2_PLACEMENT_3D('',#1483,#1484,#1485);
#1483 = CARTESIAN_POINT('',(25.,21.5,30.));
#1484 = DIRECTION('',(0.,1.,0.));
#1485 = DIRECTION('',(0.,0.,1.));
#1486 = ADVANCED_FACE('',(#1487),#1505,.T.);
#1487 = FACE_BOUND('',#1488,.T.);
#1488 = EDGE_LOOP('',(#1489,#1490,#1498,#1504));
#1489 = ORIENTED_EDGE('',*,*,#1475,.F.);
#1490 = ORIENTED_EDGE('',*,*,#1491,.F.);
#1491 = EDGE_CURVE('',#1492,#1468,#1494,.T.);
#1492 = VERTEX_POINT('',#1493);
#1493 = CARTESIAN_POINT('',(25.,18.5,31.));
#1494 = LINE('',#1495,#1496);
#1495 = CARTESIAN_POINT('',(25.,18.5,31.));
#1496 = VECTOR('',#1497,1.);
#1497 = DIRECTION('',(0.,1.,0.));
#1498 = ORIENTED_EDGE('',*,*,#1499,.T.);
#1499 = EDGE_CURVE('',#1492,#635,#1500,.T.);
#1500 = LINE('',#1501,#1502);
#1501 = CARTESIAN_POINT('',(25.,18.5,31.));
#1502 = VECTOR('',#1503,1.);
#1503 = DIRECTION('',(1.,0.,0.));
#1504 = ORIENTED_EDGE('',*,*,#642,.F.);
#1505 = PLANE('',#1506);
#1506 = AXIS2_PLACEMENT_3D('',#1507,#1508,#1509);
#1507 = CARTESIAN_POINT('',(25.,18.5,31.));
#1508 = DIRECTION('',(0.,0.,1.));
#1509 = DIRECTION('',(1.,0.,0.));
#1510 = ADVANCED_FACE('',(#1511),#1522,.F.);
#1511 = FACE_BOUND('',#1512,.F.);
#1512 = EDGE_LOOP('',(#1513,#1514,#1520,#1521));
#1513 = ORIENTED_EDGE('',*,*,#1451,.F.);
#1514 = ORIENTED_EDGE('',*,*,#1515,.T.);
#1515 = EDGE_CURVE('',#1444,#1492,#1516,.T.);
#1516 = LINE('',#1517,#1518);
#1517 = CARTESIAN_POINT('',(25.,18.5,30.));
#1518 = VECTOR('',#1519,1.);
#1519 = DIRECTION('',(0.,0.,1.));
#1520 = ORIENTED_EDGE('',*,*,#1499,.T.);
#1521 = ORIENTED_EDGE('',*,*,#634,.F.);
#1522 = PLANE('',#1523);
#1523 = AXIS2_PLACEMENT_3D('',#1524,#1525,#1526);
#1524 = CARTESIAN_POINT('',(25.,18.5,30.));
#1525 = DIRECTION('',(0.,1.,0.));
#1526 = DIRECTION('',(0.,0.,1.));
#1527 = ADVANCED_FACE('',(#1528),#1553,.F.);
#1528 = FACE_BOUND('',#1529,.F.);
#1529 = EDGE_LOOP('',(#1530,#1538,#1546,#1552));
#1530 = ORIENTED_EDGE('',*,*,#1531,.F.);
#1531 = EDGE_CURVE('',#1532,#659,#1534,.T.);
#1532 = VERTEX_POINT('',#1533);
#1533 = CARTESIAN_POINT('',(25.,-18.5,30.));
#1534 = LINE('',#1535,#1536);
#1535 = CARTESIAN_POINT('',(25.,-18.5,30.));
#1536 = VECTOR('',#1537,1.);
#1537 = DIRECTION('',(1.,0.,0.));
#1538 = ORIENTED_EDGE('',*,*,#1539,.F.);
#1539 = EDGE_CURVE('',#1540,#1532,#1542,.T.);
#1540 = VERTEX_POINT('',#1541);
#1541 = CARTESIAN_POINT('',(25.,-21.5,30.));
#1542 = LINE('',#1543,#1544);
#1543 = CARTESIAN_POINT('',(25.,-21.5,30.));
#1544 = VECTOR('',#1545,1.);
#1545 = DIRECTION('',(0.,1.,0.));
#1546 = ORIENTED_EDGE('',*,*,#1547,.T.);
#1547 = EDGE_CURVE('',#1540,#661,#1548,.T.);
#1548 = LINE('',#1549,#1550);
#1549 = CARTESIAN_POINT('',(25.,-21.5,30.));
#1550 = VECTOR('',#1551,1.);
#1551 = DIRECTION('',(1.,0.,0.));
#1552 = ORIENTED_EDGE('',*,*,#658,.F.);
#1553 = PLANE('',#1554);
#1554 = AXIS2_PLACEMENT_3D('',#1555,#1556,#1557);
#1555 = CARTESIAN_POINT('',(25.,-21.5,30.));
#1556 = DIRECTION('',(0.,0.,1.));
#1557 = DIRECTION('',(1.,0.,0.));
#1558 = ADVANCED_FACE('',(#1559),#1577,.T.);
#1559 = FACE_BOUND('',#1560,.T.);
#1560 = EDGE_LOOP('',(#1561,#1562,#1570,#1576));
#1561 = ORIENTED_EDGE('',*,*,#1531,.F.);
#1562 = ORIENTED_EDGE('',*,*,#1563,.T.);
#1563 = EDGE_CURVE('',#1532,#1564,#1566,.T.);
#1564 = VERTEX_POINT('',#1565);
#1565 = CARTESIAN_POINT('',(25.,-18.5,31.));
#1566 = LINE('',#1567,#1568);
#1567 = CARTESIAN_POINT('',(25.,-18.5,30.));
#1568 = VECTOR('',#1569,1.);
#1569 = DIRECTION('',(0.,0.,1.));
#1570 = ORIENTED_EDGE('',*,*,#1571,.T.);
#1571 = EDGE_CURVE('',#1564,#677,#1572,.T.);
#1572 = LINE('',#1573,#1574);
#1573 = CARTESIAN_POINT('',(25.,-18.5,31.));
#1574 = VECTOR('',#1575,1.);
#1575 = DIRECTION('',(1.,0.,0.));
#1576 = ORIENTED_EDGE('',*,*,#684,.F.);
#1577 = PLANE('',#1578);
#1578 = AXIS2_PLACEMENT_3D('',#1579,#1580,#1581);
#1579 = CARTESIAN_POINT('',(25.,-18.5,30.));
#1580 = DIRECTION('',(0.,1.,0.));
#1581 = DIRECTION('',(0.,0.,1.));
#1582 = ADVANCED_FACE('',(#1583),#1601,.F.);
#1583 = FACE_BOUND('',#1584,.F.);
#1584 = EDGE_LOOP('',(#1585,#1586,#1594,#1600));
#1585 = ORIENTED_EDGE('',*,*,#1547,.F.);
#1586 = ORIENTED_EDGE('',*,*,#1587,.T.);
#1587 = EDGE_CURVE('',#1540,#1588,#1590,.T.);
#1588 = VERTEX_POINT('',#1589);
#1589 = CARTESIAN_POINT('',(25.,-21.5,31.));
#1590 = LINE('',#1591,#1592);
#1591 = CARTESIAN_POINT('',(25.,-21.5,30.));
#1592 = VECTOR('',#1593,1.);
#1593 = DIRECTION('',(0.,0.,1.));
#1594 = ORIENTED_EDGE('',*,*,#1595,.T.);
#1595 = EDGE_CURVE('',#1588,#669,#1596,.T.);
#1596 = LINE('',#1597,#1598);
#1597 = CARTESIAN_POINT('',(25.,-21.5,31.));
#1598 = VECTOR('',#1599,1.);
#1599 = DIRECTION('',(1.,0.,0.));
#1600 = ORIENTED_EDGE('',*,*,#668,.F.);
#1601 = PLANE('',#1602);
#1602 = AXIS2_PLACEMENT_3D('',#1603,#1604,#1605);
#1603 = CARTESIAN_POINT('',(25.,-21.5,30.));
#1604 = DIRECTION('',(0.,1.,0.));
#1605 = DIRECTION('',(0.,0.,1.));
#1606 = ADVANCED_FACE('',(#1607),#1618,.T.);
#1607 = FACE_BOUND('',#1608,.T.);
#1608 = EDGE_LOOP('',(#1609,#1610,#1616,#1617));
#1609 = ORIENTED_EDGE('',*,*,#1571,.F.);
#1610 = ORIENTED_EDGE('',*,*,#1611,.F.);
#1611 = EDGE_CURVE('',#1588,#1564,#1612,.T.);
#1612 = LINE('',#1613,#1614);
#1613 = CARTESIAN_POINT('',(25.,-21.5,31.));
#1614 = VECTOR('',#1615,1.);
#1615 = DIRECTION('',(0.,1.,0.));
#1616 = ORIENTED_EDGE('',*,*,#1595,.T.);
#1617 = ORIENTED_EDGE('',*,*,#676,.F.);
#1618 = PLANE('',#1619);
#1619 = AXIS2_PLACEMENT_3D('',#1620,#1621,#1622);
#1620 = CARTESIAN_POINT('',(25.,-21.5,31.));
#1621 = DIRECTION('',(0.,0.,1.));
#1622 = DIRECTION('',(1.,0.,0.));
#1623 = ADVANCED_FACE('',(#1624),#1649,.T.);
#1624 = FACE_BOUND('',#1625,.T.);
#1625 = EDGE_LOOP('',(#1626,#1634,#1642,#1648));
#1626 = ORIENTED_EDGE('',*,*,#1627,.F.);
#1627 = EDGE_CURVE('',#1628,#742,#1630,.T.);
#1628 = VERTEX_POINT('',#1629);
#1629 = CARTESIAN_POINT('',(-26.,34.,24.25));
#1630 = LINE('',#1631,#1632);
#1631 = CARTESIAN_POINT('',(-26.,34.,24.25));
#1632 = VECTOR('',#1633,1.);
#1633 = DIRECTION('',(0.,1.,0.));
#1634 = ORIENTED_EDGE('',*,*,#1635,.T.);
#1635 = EDGE_CURVE('',#1628,#1636,#1638,.T.);
#1636 = VERTEX_POINT('',#1637);
#1637 = CARTESIAN_POINT('',(2.,34.,24.25));
#1638 = LINE('',#1639,#1640);
#1639 = CARTESIAN_POINT('',(-26.,34.,24.25));
#1640 = VECTOR('',#1641,1.);
#1641 = DIRECTION('',(1.,0.,0.));
#1642 = ORIENTED_EDGE('',*,*,#1643,.T.);
#1643 = EDGE_CURVE('',#1636,#744,#1644,.T.);
#1644 = LINE('',#1645,#1646);
#1645 = CARTESIAN_POINT('',(2.,34.,24.25));
#1646 = VECTOR('',#1647,1.);
#1647 = DIRECTION('',(0.,1.,0.));
#1648 = ORIENTED_EDGE('',*,*,#741,.F.);
#1649 = PLANE('',#1650);
#1650 = AXIS2_PLACEMENT_3D('',#1651,#1652,#1653);
#1651 = CARTESIAN_POINT('',(-26.,34.,24.25));
#1652 = DIRECTION('',(0.,0.,1.));
#1653 = DIRECTION('',(1.,0.,0.));
#1654 = ADVANCED_FACE('',(#1655),#1673,.T.);
#1655 = FACE_BOUND('',#1656,.T.);
#1656 = EDGE_LOOP('',(#1657,#1658,#1666,#1672));
#1657 = ORIENTED_EDGE('',*,*,#1643,.F.);
#1658 = ORIENTED_EDGE('',*,*,#1659,.F.);
#1659 = EDGE_CURVE('',#1660,#1636,#1662,.T.);
#1660 = VERTEX_POINT('',#1661);
#1661 = CARTESIAN_POINT('',(2.,34.,22.75));
#1662 = LINE('',#1663,#1664);
#1663 = CARTESIAN_POINT('',(2.,34.,22.75));
#1664 = VECTOR('',#1665,1.);
#1665 = DIRECTION('',(0.,0.,1.));
#1666 = ORIENTED_EDGE('',*,*,#1667,.T.);
#1667 = EDGE_CURVE('',#1660,#760,#1668,.T.);
#1668 = LINE('',#1669,#1670);
#1669 = CARTESIAN_POINT('',(2.,34.,22.75));
#1670 = VECTOR('',#1671,1.);
#1671 = DIRECTION('',(0.,1.,0.));
#1672 = ORIENTED_EDGE('',*,*,#767,.F.);
#1673 = PLANE('',#1674);
#1674 = AXIS2_PLACEMENT_3D('',#1675,#1676,#1677);
#1675 = CARTESIAN_POINT('',(2.,34.,22.75));
#1676 = DIRECTION('',(1.,0.,0.));
#1677 = DIRECTION('',(0.,0.,1.));
#1678 = ADVANCED_FACE('',(#1679),#1697,.F.);
#1679 = FACE_BOUND('',#1680,.F.);
#1680 = EDGE_LOOP('',(#1681,#1689,#1695,#1696));
#1681 = ORIENTED_EDGE('',*,*,#1682,.F.);
#1682 = EDGE_CURVE('',#1683,#752,#1685,.T.);
#1683 = VERTEX_POINT('',#1684);
#1684 = CARTESIAN_POINT('',(-26.,34.,22.75));
#1685 = LINE('',#1686,#1687);
#1686 = CARTESIAN_POINT('',(-26.,34.,22.75));
#1687 = VECTOR('',#1688,1.);
#1688 = DIRECTION('',(0.,1.,0.));
#1689 = ORIENTED_EDGE('',*,*,#1690,.T.);
#1690 = EDGE_CURVE('',#1683,#1660,#1691,.T.);
#1691 = LINE('',#1692,#1693);
#1692 = CARTESIAN_POINT('',(-26.,34.,22.75));
#1693 = VECTOR('',#1694,1.);
#1694 = DIRECTION('',(1.,0.,0.));
#1695 = ORIENTED_EDGE('',*,*,#1667,.T.);
#1696 = ORIENTED_EDGE('',*,*,#759,.F.);
#1697 = PLANE('',#1698);
#1698 = AXIS2_PLACEMENT_3D('',#1699,#1700,#1701);
#1699 = CARTESIAN_POINT('',(-26.,34.,22.75));
#1700 = DIRECTION('',(0.,0.,1.));
#1701 = DIRECTION('',(1.,0.,0.));
#1702 = ADVANCED_FACE('',(#1703),#1714,.F.);
#1703 = FACE_BOUND('',#1704,.F.);
#1704 = EDGE_LOOP('',(#1705,#1706,#1712,#1713));
#1705 = ORIENTED_EDGE('',*,*,#1627,.F.);
#1706 = ORIENTED_EDGE('',*,*,#1707,.F.);
#1707 = EDGE_CURVE('',#1683,#1628,#1708,.T.);
#1708 = LINE('',#1709,#1710);
#1709 = CARTESIAN_POINT('',(-26.,34.,22.75));
#1710 = VECTOR('',#1711,1.);
#1711 = DIRECTION('',(0.,0.,1.));
#1712 = ORIENTED_EDGE('',*,*,#1682,.T.);
#1713 = ORIENTED_EDGE('',*,*,#751,.F.);
#1714 = PLANE('',#1715);
#1715 = AXIS2_PLACEMENT_3D('',#1716,#1717,#1718);
#1716 = CARTESIAN_POINT('',(-26.,34.,22.75));
#1717 = DIRECTION('',(1.,0.,0.));
#1718 = DIRECTION('',(0.,0.,1.));
#1719 = ADVANCED_FACE('',(#1720),#1745,.F.);
#1720 = FACE_BOUND('',#1721,.F.);
#1721 = EDGE_LOOP('',(#1722,#1730,#1731,#1739));
#1722 = ORIENTED_EDGE('',*,*,#1723,.F.);
#1723 = EDGE_CURVE('',#818,#1724,#1726,.T.);
#1724 = VERTEX_POINT('',#1725);
#1725 = CARTESIAN_POINT('',(-25.,21.5,30.));
#1726 = LINE('',#1727,#1728);
#1727 = CARTESIAN_POINT('',(-42.,21.5,30.));
#1728 = VECTOR('',#1729,1.);
#1729 = DIRECTION('',(1.,0.,0.));
#1730 = ORIENTED_EDGE('',*,*,#817,.T.);
#1731 = ORIENTED_EDGE('',*,*,#1732,.T.);
#1732 = EDGE_CURVE('',#820,#1733,#1735,.T.);
#1733 = VERTEX_POINT('',#1734);
#1734 = CARTESIAN_POINT('',(-25.,18.5,30.));
#1735 = LINE('',#1736,#1737);
#1736 = CARTESIAN_POINT('',(-42.,18.5,30.));
#1737 = VECTOR('',#1738,1.);
#1738 = DIRECTION('',(1.,0.,0.));
#1739 = ORIENTED_EDGE('',*,*,#1740,.T.);
#1740 = EDGE_CURVE('',#1733,#1724,#1741,.T.);
#1741 = LINE('',#1742,#1743);
#1742 = CARTESIAN_POINT('',(-25.,18.5,30.));
#1743 = VECTOR('',#1744,1.);
#1744 = DIRECTION('',(0.,1.,0.));
#1745 = PLANE('',#1746);
#1746 = AXIS2_PLACEMENT_3D('',#1747,#1748,#1749);
#1747 = CARTESIAN_POINT('',(-42.,18.5,30.));
#1748 = DIRECTION('',(0.,0.,1.));
#1749 = DIRECTION('',(1.,0.,0.));
#1750 = ADVANCED_FACE('',(#1751),#1769,.T.);
#1751 = FACE_BOUND('',#1752,.T.);
#1752 = EDGE_LOOP('',(#1753,#1754,#1755,#1763));
#1753 = ORIENTED_EDGE('',*,*,#1723,.F.);
#1754 = ORIENTED_EDGE('',*,*,#843,.T.);
#1755 = ORIENTED_EDGE('',*,*,#1756,.T.);
#1756 = EDGE_CURVE('',#836,#1757,#1759,.T.);
#1757 = VERTEX_POINT('',#1758);
#1758 = CARTESIAN_POINT('',(-25.,21.5,31.));
#1759 = LINE('',#1760,#1761);
#1760 = CARTESIAN_POINT('',(-42.,21.5,31.));
#1761 = VECTOR('',#1762,1.);
#1762 = DIRECTION('',(1.,0.,0.));
#1763 = ORIENTED_EDGE('',*,*,#1764,.F.);
#1764 = EDGE_CURVE('',#1724,#1757,#1765,.T.);
#1765 = LINE('',#1766,#1767);
#1766 = CARTESIAN_POINT('',(-25.,21.5,30.));
#1767 = VECTOR('',#1768,1.);
#1768 = DIRECTION('',(0.,0.,1.));
#1769 = PLANE('',#1770);
#1770 = AXIS2_PLACEMENT_3D('',#1771,#1772,#1773);
#1771 = CARTESIAN_POINT('',(-42.,21.5,30.));
#1772 = DIRECTION('',(0.,1.,0.));
#1773 = DIRECTION('',(0.,0.,1.));
#1774 = ADVANCED_FACE('',(#1775),#1793,.T.);
#1775 = FACE_BOUND('',#1776,.T.);
#1776 = EDGE_LOOP('',(#1777,#1778,#1779,#1787));
#1777 = ORIENTED_EDGE('',*,*,#1756,.F.);
#1778 = ORIENTED_EDGE('',*,*,#835,.T.);
#1779 = ORIENTED_EDGE('',*,*,#1780,.T.);
#1780 = EDGE_CURVE('',#828,#1781,#1783,.T.);
#1781 = VERTEX_POINT('',#1782);
#1782 = CARTESIAN_POINT('',(-25.,18.5,31.));
#1783 = LINE('',#1784,#1785);
#1784 = CARTESIAN_POINT('',(-42.,18.5,31.));
#1785 = VECTOR('',#1786,1.);
#1786 = DIRECTION('',(1.,0.,0.));
#1787 = ORIENTED_EDGE('',*,*,#1788,.T.);
#1788 = EDGE_CURVE('',#1781,#1757,#1789,.T.);
#1789 = LINE('',#1790,#1791);
#1790 = CARTESIAN_POINT('',(-25.,18.5,31.));
#1791 = VECTOR('',#1792,1.);
#1792 = DIRECTION('',(0.,1.,0.));
#1793 = PLANE('',#1794);
#1794 = AXIS2_PLACEMENT_3D('',#1795,#1796,#1797);
#1795 = CARTESIAN_POINT('',(-42.,18.5,31.));
#1796 = DIRECTION('',(0.,0.,1.));
#1797 = DIRECTION('',(1.,0.,0.));
#1798 = ADVANCED_FACE('',(#1799),#1810,.F.);
#1799 = FACE_BOUND('',#1800,.F.);
#1800 = EDGE_LOOP('',(#1801,#1802,#1803,#1804));
#1801 = ORIENTED_EDGE('',*,*,#1732,.F.);
#1802 = ORIENTED_EDGE('',*,*,#827,.T.);
#1803 = ORIENTED_EDGE('',*,*,#1780,.T.);
#1804 = ORIENTED_EDGE('',*,*,#1805,.F.);
#1805 = EDGE_CURVE('',#1733,#1781,#1806,.T.);
#1806 = LINE('',#1807,#1808);
#1807 = CARTESIAN_POINT('',(-25.,18.5,30.));
#1808 = VECTOR('',#1809,1.);
#1809 = DIRECTION('',(0.,0.,1.));
#1810 = PLANE('',#1811);
#1811 = AXIS2_PLACEMENT_3D('',#1812,#1813,#1814);
#1812 = CARTESIAN_POINT('',(-42.,18.5,30.));
#1813 = DIRECTION('',(0.,1.,0.));
#1814 = DIRECTION('',(0.,0.,1.));
#1815 = ADVANCED_FACE('',(#1816),#1841,.F.);
#1816 = FACE_BOUND('',#1817,.F.);
#1817 = EDGE_LOOP('',(#1818,#1826,#1827,#1835));
#1818 = ORIENTED_EDGE('',*,*,#1819,.F.);
#1819 = EDGE_CURVE('',#852,#1820,#1822,.T.);
#1820 = VERTEX_POINT('',#1821);
#1821 = CARTESIAN_POINT('',(-25.,-18.5,30.));
#1822 = LINE('',#1823,#1824);
#1823 = CARTESIAN_POINT('',(-42.,-18.5,30.));
#1824 = VECTOR('',#1825,1.);
#1825 = DIRECTION('',(1.,0.,0.));
#1826 = ORIENTED_EDGE('',*,*,#851,.T.);
#1827 = ORIENTED_EDGE('',*,*,#1828,.T.);
#1828 = EDGE_CURVE('',#854,#1829,#1831,.T.);
#1829 = VERTEX_POINT('',#1830);
#1830 = CARTESIAN_POINT('',(-25.,-21.5,30.));
#1831 = LINE('',#1832,#1833);
#1832 = CARTESIAN_POINT('',(-42.,-21.5,30.));
#1833 = VECTOR('',#1834,1.);
#1834 = DIRECTION('',(1.,0.,0.));
#1835 = ORIENTED_EDGE('',*,*,#1836,.T.);
#1836 = EDGE_CURVE('',#1829,#1820,#1837,.T.);
#1837 = LINE('',#1838,#1839);
#1838 = CARTESIAN_POINT('',(-25.,-21.5,30.));
#1839 = VECTOR('',#1840,1.);
#1840 = DIRECTION('',(0.,1.,0.));
#1841 = PLANE('',#1842);
#1842 = AXIS2_PLACEMENT_3D('',#1843,#1844,#1845);
#1843 = CARTESIAN_POINT('',(-42.,-21.5,30.));
#1844 = DIRECTION('',(0.,0.,1.));
#1845 = DIRECTION('',(1.,0.,0.));
#1846 = ADVANCED_FACE('',(#1847),#1865,.T.);
#1847 = FACE_BOUND('',#1848,.T.);
#1848 = EDGE_LOOP('',(#1849,#1850,#1851,#1859));
#1849 = ORIENTED_EDGE('',*,*,#1819,.F.);
#1850 = ORIENTED_EDGE('',*,*,#877,.T.);
#1851 = ORIENTED_EDGE('',*,*,#1852,.T.);
#1852 = EDGE_CURVE('',#870,#1853,#1855,.T.);
#1853 = VERTEX_POINT('',#1854);
#1854 = CARTESIAN_POINT('',(-25.,-18.5,31.));
#1855 = LINE('',#1856,#1857);
#1856 = CARTESIAN_POINT('',(-42.,-18.5,31.));
#1857 = VECTOR('',#1858,1.);
#1858 = DIRECTION('',(1.,0.,0.));
#1859 = ORIENTED_EDGE('',*,*,#1860,.F.);
#1860 = EDGE_CURVE('',#1820,#1853,#1861,.T.);
#1861 = LINE('',#1862,#1863);
#1862 = CARTESIAN_POINT('',(-25.,-18.5,30.));
#1863 = VECTOR('',#1864,1.);
#1864 = DIRECTION('',(0.,0.,1.));
#1865 = PLANE('',#1866);
#1866 = AXIS2_PLACEMENT_3D('',#1867,#1868,#1869);
#1867 = CARTESIAN_POINT('',(-42.,-18.5,30.));
#1868 = DIRECTION('',(0.,1.,0.));
#1869 = DIRECTION('',(0.,0.,1.));
#1870 = ADVANCED_FACE('',(#1871),#1889,.F.);
#1871 = FACE_BOUND('',#1872,.F.);
#1872 = EDGE_LOOP('',(#1873,#1874,#1875,#1883));
#1873 = ORIENTED_EDGE('',*,*,#1828,.F.);
#1874 = ORIENTED_EDGE('',*,*,#861,.T.);
#1875 = ORIENTED_EDGE('',*,*,#1876,.T.);
#1876 = EDGE_CURVE('',#862,#1877,#1879,.T.);
#1877 = VERTEX_POINT('',#1878);
#1878 = CARTESIAN_POINT('',(-25.,-21.5,31.));
#1879 = LINE('',#1880,#1881);
#1880 = CARTESIAN_POINT('',(-42.,-21.5,31.));
#1881 = VECTOR('',#1882,1.);
#1882 = DIRECTION('',(1.,0.,0.));
#1883 = ORIENTED_EDGE('',*,*,#1884,.F.);
#1884 = EDGE_CURVE('',#1829,#1877,#1885,.T.);
#1885 = LINE('',#1886,#1887);
#1886 = CARTESIAN_POINT('',(-25.,-21.5,30.));
#1887 = VECTOR('',#1888,1.);
#1888 = DIRECTION('',(0.,0.,1.));
#1889 = PLANE('',#1890);
#1890 = AXIS2_PLACEMENT_3D('',#1891,#1892,#1893);
#1891 = CARTESIAN_POINT('',(-42.,-21.5,30.));
#1892 = DIRECTION('',(0.,1.,0.));
#1893 = DIRECTION('',(0.,0.,1.));
#1894 = ADVANCED_FACE('',(#1895),#1906,.T.);
#1895 = FACE_BOUND('',#1896,.T.);
#1896 = EDGE_LOOP('',(#1897,#1898,#1899,#1900));
#1897 = ORIENTED_EDGE('',*,*,#1852,.F.);
#1898 = ORIENTED_EDGE('',*,*,#869,.T.);
#1899 = ORIENTED_EDGE('',*,*,#1876,.T.);
#1900 = ORIENTED_EDGE('',*,*,#1901,.T.);
#1901 = EDGE_CURVE('',#1877,#1853,#1902,.T.);
#1902 = LINE('',#1903,#1904);
#1903 = CARTESIAN_POINT('',(-25.,-21.5,31.));
#1904 = VECTOR('',#1905,1.);
#1905 = DIRECTION('',(0.,1.,0.));
#1906 = PLANE('',#1907);
#1907 = AXIS2_PLACEMENT_3D('',#1908,#1909,#1910);
#1908 = CARTESIAN_POINT('',(-42.,-21.5,31.));
#1909 = DIRECTION('',(0.,0.,1.));
#1910 = DIRECTION('',(1.,0.,0.));
#1911 = ADVANCED_FACE('',(#1912,#1937,#1948),#1959,.F.);
#1912 = FACE_BOUND('',#1913,.F.);
#1913 = EDGE_LOOP('',(#1914,#1922,#1923,#1931));
#1914 = ORIENTED_EDGE('',*,*,#1915,.F.);
#1915 = EDGE_CURVE('',#886,#1916,#1918,.T.);
#1916 = VERTEX_POINT('',#1917);
#1917 = CARTESIAN_POINT('',(-28.,14.5,30.5));
#1918 = LINE('',#1919,#1920);
#1919 = CARTESIAN_POINT('',(-42.,14.5,30.5));
#1920 = VECTOR('',#1921,1.);
#1921 = DIRECTION('',(1.,0.,0.));
#1922 = ORIENTED_EDGE('',*,*,#885,.T.);
#1923 = ORIENTED_EDGE('',*,*,#1924,.T.);
#1924 = EDGE_CURVE('',#888,#1925,#1927,.T.);
#1925 = VERTEX_POINT('',#1926);
#1926 = CARTESIAN_POINT('',(-28.,-14.5,30.5));
#1927 = LINE('',#1928,#1929);
#1928 = CARTESIAN_POINT('',(-42.,-14.5,30.5));
#1929 = VECTOR('',#1930,1.);
#1930 = DIRECTION('',(1.,0.,0.));
#1931 = ORIENTED_EDGE('',*,*,#1932,.T.);
#1932 = EDGE_CURVE('',#1925,#1916,#1933,.T.);
#1933 = LINE('',#1934,#1935);
#1934 = CARTESIAN_POINT('',(-28.,-14.5,30.5));
#1935 = VECTOR('',#1936,1.);
#1936 = DIRECTION('',(0.,1.,0.));
#1937 = FACE_BOUND('',#1938,.F.);
#1938 = EDGE_LOOP('',(#1939));
#1939 = ORIENTED_EDGE('',*,*,#1940,.F.);
#1940 = EDGE_CURVE('',#1941,#1941,#1943,.T.);
#1941 = VERTEX_POINT('',#1942);
#1942 = CARTESIAN_POINT('',(-32.4,-11.25,30.5));
#1943 = CIRCLE('',#1944,1.6);
#1944 = AXIS2_PLACEMENT_3D('',#1945,#1946,#1947);
#1945 = CARTESIAN_POINT('',(-34.,-11.25,30.5));
#1946 = DIRECTION('',(0.,0.,1.));
#1947 = DIRECTION('',(1.,0.,0.));
#1948 = FACE_BOUND('',#1949,.F.);
#1949 = EDGE_LOOP('',(#1950));
#1950 = ORIENTED_EDGE('',*,*,#1951,.F.);
#1951 = EDGE_CURVE('',#1952,#1952,#1954,.T.);
#1952 = VERTEX_POINT('',#1953);
#1953 = CARTESIAN_POINT('',(-32.4,11.25,30.5));
#1954 = CIRCLE('',#1955,1.6);
#1955 = AXIS2_PLACEMENT_3D('',#1956,#1957,#1958);
#1956 = CARTESIAN_POINT('',(-34.,11.25,30.5));
#1957 = DIRECTION('',(0.,0.,1.));
#1958 = DIRECTION('',(1.,0.,0.));
#1959 = PLANE('',#1960);
#1960 = AXIS2_PLACEMENT_3D('',#1961,#1962,#1963);
#1961 = CARTESIAN_POINT('',(-42.,-14.5,30.5));
#1962 = DIRECTION('',(0.,0.,1.));
#1963 = DIRECTION('',(1.,0.,0.));
#1964 = ADVANCED_FACE('',(#1965),#1983,.T.);
#1965 = FACE_BOUND('',#1966,.T.);
#1966 = EDGE_LOOP('',(#1967,#1968,#1969,#1977));
#1967 = ORIENTED_EDGE('',*,*,#1915,.F.);
#1968 = ORIENTED_EDGE('',*,*,#911,.T.);
#1969 = ORIENTED_EDGE('',*,*,#1970,.T.);
#1970 = EDGE_CURVE('',#904,#1971,#1973,.T.);
#1971 = VERTEX_POINT('',#1972);
#1972 = CARTESIAN_POINT('',(-28.,14.5,32.));
#1973 = LINE('',#1974,#1975);
#1974 = CARTESIAN_POINT('',(-42.,14.5,32.));
#1975 = VECTOR('',#1976,1.);
#1976 = DIRECTION('',(1.,0.,0.));
#1977 = ORIENTED_EDGE('',*,*,#1978,.F.);
#1978 = EDGE_CURVE('',#1916,#1971,#1979,.T.);
#1979 = LINE('',#1980,#1981);
#1980 = CARTESIAN_POINT('',(-28.,14.5,30.5));
#1981 = VECTOR('',#1982,1.);
#1982 = DIRECTION('',(0.,0.,1.));
#1983 = PLANE('',#1984);
#1984 = AXIS2_PLACEMENT_3D('',#1985,#1986,#1987);
#1985 = CARTESIAN_POINT('',(-42.,14.5,30.5));
#1986 = DIRECTION('',(0.,1.,0.));
#1987 = DIRECTION('',(0.,0.,1.));
#1988 = ADVANCED_FACE('',(#1989),#2007,.F.);
#1989 = FACE_BOUND('',#1990,.F.);
#1990 = EDGE_LOOP('',(#1991,#1992,#1993,#2001));
#1991 = ORIENTED_EDGE('',*,*,#1924,.F.);
#1992 = ORIENTED_EDGE('',*,*,#895,.T.);
#1993 = ORIENTED_EDGE('',*,*,#1994,.T.);
#1994 = EDGE_CURVE('',#896,#1995,#1997,.T.);
#1995 = VERTEX_POINT('',#1996);
#1996 = CARTESIAN_POINT('',(-28.,-14.5,32.));
#1997 = LINE('',#1998,#1999);
#1998 = CARTESIAN_POINT('',(-42.,-14.5,32.));
#1999 = VECTOR('',#2000,1.);
#2000 = DIRECTION('',(1.,0.,0.));
#2001 = ORIENTED_EDGE('',*,*,#2002,.F.);
#2002 = EDGE_CURVE('',#1925,#1995,#2003,.T.);
#2003 = LINE('',#2004,#2005);
#2004 = CARTESIAN_POINT('',(-28.,-14.5,30.5));
#2005 = VECTOR('',#2006,1.);
#2006 = DIRECTION('',(0.,0.,1.));
#2007 = PLANE('',#2008);
#2008 = AXIS2_PLACEMENT_3D('',#2009,#2010,#2011);
#2009 = CARTESIAN_POINT('',(-42.,-14.5,30.5));
#2010 = DIRECTION('',(0.,1.,0.));
#2011 = DIRECTION('',(0.,0.,1.));
#2012 = ADVANCED_FACE('',(#2013,#2024,#2035),#2046,.T.);
#2013 = FACE_BOUND('',#2014,.T.);
#2014 = EDGE_LOOP('',(#2015,#2016,#2017,#2018));
#2015 = ORIENTED_EDGE('',*,*,#1970,.F.);
#2016 = ORIENTED_EDGE('',*,*,#903,.T.);
#2017 = ORIENTED_EDGE('',*,*,#1994,.T.);
#2018 = ORIENTED_EDGE('',*,*,#2019,.T.);
#2019 = EDGE_CURVE('',#1995,#1971,#2020,.T.);
#2020 = LINE('',#2021,#2022);
#2021 = CARTESIAN_POINT('',(-28.,-14.5,32.));
#2022 = VECTOR('',#2023,1.);
#2023 = DIRECTION('',(0.,1.,0.));
#2024 = FACE_BOUND('',#2025,.T.);
#2025 = EDGE_LOOP('',(#2026));
#2026 = ORIENTED_EDGE('',*,*,#2027,.F.);
#2027 = EDGE_CURVE('',#2028,#2028,#2030,.T.);
#2028 = VERTEX_POINT('',#2029);
#2029 = CARTESIAN_POINT('',(-32.4,-11.25,32.));
#2030 = CIRCLE('',#2031,1.6);
#2031 = AXIS2_PLACEMENT_3D('',#2032,#2033,#2034);
#2032 = CARTESIAN_POINT('',(-34.,-11.25,32.));
#2033 = DIRECTION('',(0.,0.,1.));
#2034 = DIRECTION('',(1.,0.,0.));
#2035 = FACE_BOUND('',#2036,.T.);
#2036 = EDGE_LOOP('',(#2037));
#2037 = ORIENTED_EDGE('',*,*,#2038,.F.);
#2038 = EDGE_CURVE('',#2039,#2039,#2041,.T.);
#2039 = VERTEX_POINT('',#2040);
#2040 = CARTESIAN_POINT('',(-32.4,11.25,32.));
#2041 = CIRCLE('',#2042,1.6);
#2042 = AXIS2_PLACEMENT_3D('',#2043,#2044,#2045);
#2043 = CARTESIAN_POINT('',(-34.,11.25,32.));
#2044 = DIRECTION('',(0.,0.,1.));
#2045 = DIRECTION('',(1.,0.,0.));
#2046 = PLANE('',#2047);
#2047 = AXIS2_PLACEMENT_3D('',#2048,#2049,#2050);
#2048 = CARTESIAN_POINT('',(-42.,-14.5,32.));
#2049 = DIRECTION('',(0.,0.,1.));
#2050 = DIRECTION('',(1.,0.,0.));
#2051 = ADVANCED_FACE('',(#2052,#2055),#2066,.F.);
#2052 = FACE_BOUND('',#2053,.F.);
#2053 = EDGE_LOOP('',(#2054));
#2054 = ORIENTED_EDGE('',*,*,#933,.T.);
#2055 = FACE_BOUND('',#2056,.F.);
#2056 = EDGE_LOOP('',(#2057));
#2057 = ORIENTED_EDGE('',*,*,#2058,.F.);
#2058 = EDGE_CURVE('',#2059,#2059,#2061,.T.);
#2059 = VERTEX_POINT('',#2060);
#2060 = CARTESIAN_POINT('',(39.5,-24.,1.));
#2061 = CIRCLE('',#2062,1.5);
#2062 = AXIS2_PLACEMENT_3D('',#2063,#2064,#2065);
#2063 = CARTESIAN_POINT('',(38.,-24.,1.));
#2064 = DIRECTION('',(0.,0.,1.));
#2065 = DIRECTION('',(1.,0.,0.));
#2066 = PLANE('',#2067);
#2067 = AXIS2_PLACEMENT_3D('',#2068,#2069,#2070);
#2068 = CARTESIAN_POINT('',(38.,-24.,1.));
#2069 = DIRECTION('',(0.,0.,1.));
#2070 = DIRECTION('',(1.,0.,0.));
#2071 = ADVANCED_FACE('',(#2072,#2075),#2086,.F.);
#2072 = FACE_BOUND('',#2073,.F.);
#2073 = EDGE_LOOP('',(#2074));
#2074 = ORIENTED_EDGE('',*,*,#1054,.T.);
#2075 = FACE_BOUND('',#2076,.F.);
#2076 = EDGE_LOOP('',(#2077));
#2077 = ORIENTED_EDGE('',*,*,#2078,.F.);
#2078 = EDGE_CURVE('',#2079,#2079,#2081,.T.);
#2079 = VERTEX_POINT('',#2080);
#2080 = CARTESIAN_POINT('',(-36.5,-24.,1.));
#2081 = CIRCLE('',#2082,1.5);
#2082 = AXIS2_PLACEMENT_3D('',#2083,#2084,#2085);
#2083 = CARTESIAN_POINT('',(-38.,-24.,1.));
#2084 = DIRECTION('',(0.,0.,1.));
#2085 = DIRECTION('',(1.,0.,0.));
#2086 = PLANE('',#2087);
#2087 = AXIS2_PLACEMENT_3D('',#2088,#2089,#2090);
#2088 = CARTESIAN_POINT('',(-38.,-24.,1.));
#2089 = DIRECTION('',(0.,0.,1.));
#2090 = DIRECTION('',(1.,0.,0.));
#2091 = ADVANCED_FACE('',(#2092,#2095),#2106,.F.);
#2092 = FACE_BOUND('',#2093,.F.);
#2093 = EDGE_LOOP('',(#2094));
#2094 = ORIENTED_EDGE('',*,*,#1175,.T.);
#2095 = FACE_BOUND('',#2096,.F.);
#2096 = EDGE_LOOP('',(#2097));
#2097 = ORIENTED_EDGE('',*,*,#2098,.F.);
#2098 = EDGE_CURVE('',#2099,#2099,#2101,.T.);
#2099 = VERTEX_POINT('',#2100);
#2100 = CARTESIAN_POINT('',(39.5,24.,1.));
#2101 = CIRCLE('',#2102,1.5);
#2102 = AXIS2_PLACEMENT_3D('',#2103,#2104,#2105);
#2103 = CARTESIAN_POINT('',(38.,24.,1.));
#2104 = DIRECTION('',(0.,0.,1.));
#2105 = DIRECTION('',(1.,0.,0.));
#2106 = PLANE('',#2107);
#2107 = AXIS2_PLACEMENT_3D('',#2108,#2109,#2110);
#2108 = CARTESIAN_POINT('',(38.,24.,1.));
#2109 = DIRECTION('',(0.,0.,1.));
#2110 = DIRECTION('',(1.,0.,0.));
#2111 = ADVANCED_FACE('',(#2112,#2115),#2126,.F.);
#2112 = FACE_BOUND('',#2113,.F.);
#2113 = EDGE_LOOP('',(#2114));
#2114 = ORIENTED_EDGE('',*,*,#1296,.T.);
#2115 = FACE_BOUND('',#2116,.F.);
#2116 = EDGE_LOOP('',(#2117));
#2117 = ORIENTED_EDGE('',*,*,#2118,.F.);
#2118 = EDGE_CURVE('',#2119,#2119,#2121,.T.);
#2119 = VERTEX_POINT('',#2120);
#2120 = CARTESIAN_POINT('',(-36.5,24.,1.));
#2121 = CIRCLE('',#2122,1.5);
#2122 = AXIS2_PLACEMENT_3D('',#2123,#2124,#2125);
#2123 = CARTESIAN_POINT('',(-38.,24.,1.));
#2124 = DIRECTION('',(0.,0.,1.));
#2125 = DIRECTION('',(1.,0.,0.));
#2126 = PLANE('',#2127);
#2127 = AXIS2_PLACEMENT_3D('',#2128,#2129,#2130);
#2128 = CARTESIAN_POINT('',(-38.,24.,1.));
#2129 = DIRECTION('',(0.,0.,1.));
#2130 = DIRECTION('',(1.,0.,0.));
#2131 = ADVANCED_FACE('',(#2132),#2151,.T.);
#2132 = FACE_BOUND('',#2133,.T.);
#2133 = EDGE_LOOP('',(#2134,#2143,#2149,#2150));
#2134 = ORIENTED_EDGE('',*,*,#2135,.F.);
#2135 = EDGE_CURVE('',#2136,#2136,#2138,.T.);
#2136 = VERTEX_POINT('',#2137);
#2137 = CARTESIAN_POINT('',(34.1,-29.,8.));
#2138 = CIRCLE('',#2139,3.1);
#2139 = AXIS2_PLACEMENT_3D('',#2140,#2141,#2142);
#2140 = CARTESIAN_POINT('',(31.,-29.,8.));
#2141 = DIRECTION('',(0.,0.,1.));
#2142 = DIRECTION('',(1.,0.,0.));
#2143 = ORIENTED_EDGE('',*,*,#2144,.F.);
#2144 = EDGE_CURVE('',#1324,#2136,#2145,.T.);
#2145 = LINE('',#2146,#2147);
#2146 = CARTESIAN_POINT('',(34.1,-29.,3.));
#2147 = VECTOR('',#2148,1.);
#2148 = DIRECTION('',(0.,0.,1.));
#2149 = ORIENTED_EDGE('',*,*,#1323,.T.);
#2150 = ORIENTED_EDGE('',*,*,#2144,.T.);
#2151 = CYLINDRICAL_SURFACE('',#2152,3.1);
#2152 = AXIS2_PLACEMENT_3D('',#2153,#2154,#2155);
#2153 = CARTESIAN_POINT('',(31.,-29.,3.));
#2154 = DIRECTION('',(0.,0.,1.));
#2155 = DIRECTION('',(1.,0.,0.));
#2156 = ADVANCED_FACE('',(#2157),#2168,.F.);
#2157 = FACE_BOUND('',#2158,.F.);
#2158 = EDGE_LOOP('',(#2159,#2165,#2166,#2167));
#2159 = ORIENTED_EDGE('',*,*,#2160,.T.);
#2160 = EDGE_CURVE('',#2059,#1335,#2161,.T.);
#2161 = LINE('',#2162,#2163);
#2162 = CARTESIAN_POINT('',(39.5,-24.,-0.5));
#2163 = VECTOR('',#2164,1.);
#2164 = DIRECTION('',(0.,0.,1.));
#2165 = ORIENTED_EDGE('',*,*,#1334,.F.);
#2166 = ORIENTED_EDGE('',*,*,#2160,.F.);
#2167 = ORIENTED_EDGE('',*,*,#2058,.T.);
#2168 = CYLINDRICAL_SURFACE('',#2169,1.5);
#2169 = AXIS2_PLACEMENT_3D('',#2170,#2171,#2172);
#2170 = CARTESIAN_POINT('',(38.,-24.,-0.5));
#2171 = DIRECTION('',(0.,0.,1.));
#2172 = DIRECTION('',(1.,0.,0.));
#2173 = ADVANCED_FACE('',(#2174),#2193,.T.);
#2174 = FACE_BOUND('',#2175,.T.);
#2175 = EDGE_LOOP('',(#2176,#2185,#2191,#2192));
#2176 = ORIENTED_EDGE('',*,*,#2177,.F.);
#2177 = EDGE_CURVE('',#2178,#2178,#2180,.T.);
#2178 = VERTEX_POINT('',#2179);
#2179 = CARTESIAN_POINT('',(-27.9,-29.,8.));
#2180 = CIRCLE('',#2181,3.1);
#2181 = AXIS2_PLACEMENT_3D('',#2182,#2183,#2184);
#2182 = CARTESIAN_POINT('',(-31.,-29.,8.));
#2183 = DIRECTION('',(0.,0.,1.));
#2184 = DIRECTION('',(1.,0.,0.));
#2185 = ORIENTED_EDGE('',*,*,#2186,.F.);
#2186 = EDGE_CURVE('',#1352,#2178,#2187,.T.);
#2187 = LINE('',#2188,#2189);
#2188 = CARTESIAN_POINT('',(-27.9,-29.,3.));
#2189 = VECTOR('',#2190,1.);
#2190 = DIRECTION('',(0.,0.,1.));
#2191 = ORIENTED_EDGE('',*,*,#1351,.T.);
#2192 = ORIENTED_EDGE('',*,*,#2186,.T.);
#2193 = CYLINDRICAL_SURFACE('',#2194,3.1);
#2194 = AXIS2_PLACEMENT_3D('',#2195,#2196,#2197);
#2195 = CARTESIAN_POINT('',(-31.,-29.,3.));
#2196 = DIRECTION('',(0.,0.,1.));
#2197 = DIRECTION('',(1.,0.,0.));
#2198 = ADVANCED_FACE('',(#2199),#2210,.F.);
#2199 = FACE_BOUND('',#2200,.F.);
#2200 = EDGE_LOOP('',(#2201,#2207,#2208,#2209));
#2201 = ORIENTED_EDGE('',*,*,#2202,.T.);
#2202 = EDGE_CURVE('',#2079,#1363,#2203,.T.);
#2203 = LINE('',#2204,#2205);
#2204 = CARTESIAN_POINT('',(-36.5,-24.,-0.5));
#2205 = VECTOR('',#2206,1.);
#2206 = DIRECTION('',(0.,0.,1.));
#2207 = ORIENTED_EDGE('',*,*,#1362,.F.);
#2208 = ORIENTED_EDGE('',*,*,#2202,.F.);
#2209 = ORIENTED_EDGE('',*,*,#2078,.T.);
#2210 = CYLINDRICAL_SURFACE('',#2211,1.5);
#2211 = AXIS2_PLACEMENT_3D('',#2212,#2213,#2214);
#2212 = CARTESIAN_POINT('',(-38.,-24.,-0.5));
#2213 = DIRECTION('',(0.,0.,1.));
#2214 = DIRECTION('',(1.,0.,0.));
#2215 = ADVANCED_FACE('',(#2216),#2227,.F.);
#2216 = FACE_BOUND('',#2217,.F.);
#2217 = EDGE_LOOP('',(#2218,#2224,#2225,#2226));
#2218 = ORIENTED_EDGE('',*,*,#2219,.T.);
#2219 = EDGE_CURVE('',#2099,#1380,#2220,.T.);
#2220 = LINE('',#2221,#2222);
#2221 = CARTESIAN_POINT('',(39.5,24.,-0.5));
#2222 = VECTOR('',#2223,1.);
#2223 = DIRECTION('',(0.,0.,1.));
#2224 = ORIENTED_EDGE('',*,*,#1379,.F.);
#2225 = ORIENTED_EDGE('',*,*,#2219,.F.);
#2226 = ORIENTED_EDGE('',*,*,#2098,.T.);
#2227 = CYLINDRICAL_SURFACE('',#2228,1.5);
#2228 = AXIS2_PLACEMENT_3D('',#2229,#2230,#2231);
#2229 = CARTESIAN_POINT('',(38.,24.,-0.5));
#2230 = DIRECTION('',(0.,0.,1.));
#2231 = DIRECTION('',(1.,0.,0.));
#2232 = ADVANCED_FACE('',(#2233),#2252,.T.);
#2233 = FACE_BOUND('',#2234,.T.);
#2234 = EDGE_LOOP('',(#2235,#2244,#2250,#2251));
#2235 = ORIENTED_EDGE('',*,*,#2236,.F.);
#2236 = EDGE_CURVE('',#2237,#2237,#2239,.T.);
#2237 = VERTEX_POINT('',#2238);
#2238 = CARTESIAN_POINT('',(34.1,29.,8.));
#2239 = CIRCLE('',#2240,3.1);
#2240 = AXIS2_PLACEMENT_3D('',#2241,#2242,#2243);
#2241 = CARTESIAN_POINT('',(31.,29.,8.));
#2242 = DIRECTION('',(0.,0.,1.));
#2243 = DIRECTION('',(1.,0.,0.));
#2244 = ORIENTED_EDGE('',*,*,#2245,.F.);
#2245 = EDGE_CURVE('',#1391,#2237,#2246,.T.);
#2246 = LINE('',#2247,#2248);
#2247 = CARTESIAN_POINT('',(34.1,29.,3.));
#2248 = VECTOR('',#2249,1.);
#2249 = DIRECTION('',(0.,0.,1.));
#2250 = ORIENTED_EDGE('',*,*,#1390,.T.);
#2251 = ORIENTED_EDGE('',*,*,#2245,.T.);
#2252 = CYLINDRICAL_SURFACE('',#2253,3.1);
#2253 = AXIS2_PLACEMENT_3D('',#2254,#2255,#2256);
#2254 = CARTESIAN_POINT('',(31.,29.,3.));
#2255 = DIRECTION('',(0.,0.,1.));
#2256 = DIRECTION('',(1.,0.,0.));
#2257 = ADVANCED_FACE('',(#2258),#2269,.F.);
#2258 = FACE_BOUND('',#2259,.F.);
#2259 = EDGE_LOOP('',(#2260,#2266,#2267,#2268));
#2260 = ORIENTED_EDGE('',*,*,#2261,.T.);
#2261 = EDGE_CURVE('',#2119,#1408,#2262,.T.);
#2262 = LINE('',#2263,#2264);
#2263 = CARTESIAN_POINT('',(-36.5,24.,-0.5));
#2264 = VECTOR('',#2265,1.);
#2265 = DIRECTION('',(0.,0.,1.));
#2266 = ORIENTED_EDGE('',*,*,#1407,.F.);
#2267 = ORIENTED_EDGE('',*,*,#2261,.F.);
#2268 = ORIENTED_EDGE('',*,*,#2118,.T.);
#2269 = CYLINDRICAL_SURFACE('',#2270,1.5);
#2270 = AXIS2_PLACEMENT_3D('',#2271,#2272,#2273);
#2271 = CARTESIAN_POINT('',(-38.,24.,-0.5));
#2272 = DIRECTION('',(0.,0.,1.));
#2273 = DIRECTION('',(1.,0.,0.));
#2274 = ADVANCED_FACE('',(#2275),#2294,.T.);
#2275 = FACE_BOUND('',#2276,.T.);
#2276 = EDGE_LOOP('',(#2277,#2286,#2292,#2293));
#2277 = ORIENTED_EDGE('',*,*,#2278,.F.);
#2278 = EDGE_CURVE('',#2279,#2279,#2281,.T.);
#2279 = VERTEX_POINT('',#2280);
#2280 = CARTESIAN_POINT('',(-27.9,29.,8.));
#2281 = CIRCLE('',#2282,3.1);
#2282 = AXIS2_PLACEMENT_3D('',#2283,#2284,#2285);
#2283 = CARTESIAN_POINT('',(-31.,29.,8.));
#2284 = DIRECTION('',(0.,0.,1.));
#2285 = DIRECTION('',(1.,0.,0.));
#2286 = ORIENTED_EDGE('',*,*,#2287,.F.);
#2287 = EDGE_CURVE('',#1419,#2279,#2288,.T.);
#2288 = LINE('',#2289,#2290);
#2289 = CARTESIAN_POINT('',(-27.9,29.,3.));
#2290 = VECTOR('',#2291,1.);
#2291 = DIRECTION('',(0.,0.,1.));
#2292 = ORIENTED_EDGE('',*,*,#1418,.T.);
#2293 = ORIENTED_EDGE('',*,*,#2287,.T.);
#2294 = CYLINDRICAL_SURFACE('',#2295,3.1);
#2295 = AXIS2_PLACEMENT_3D('',#2296,#2297,#2298);
#2296 = CARTESIAN_POINT('',(-31.,29.,3.));
#2297 = DIRECTION('',(0.,0.,1.));
#2298 = DIRECTION('',(1.,0.,0.));
#2299 = ADVANCED_FACE('',(#2300),#2306,.F.);
#2300 = FACE_BOUND('',#2301,.F.);
#2301 = EDGE_LOOP('',(#2302,#2303,#2304,#2305));
#2302 = ORIENTED_EDGE('',*,*,#1515,.F.);
#2303 = ORIENTED_EDGE('',*,*,#1443,.T.);
#2304 = ORIENTED_EDGE('',*,*,#1467,.T.);
#2305 = ORIENTED_EDGE('',*,*,#1491,.F.);
#2306 = PLANE('',#2307);
#2307 = AXIS2_PLACEMENT_3D('',#2308,#2309,#2310);
#2308 = CARTESIAN_POINT('',(25.,18.5,30.));
#2309 = DIRECTION('',(1.,0.,0.));
#2310 = DIRECTION('',(0.,0.,1.));
#2311 = ADVANCED_FACE('',(#2312),#2318,.F.);
#2312 = FACE_BOUND('',#2313,.F.);
#2313 = EDGE_LOOP('',(#2314,#2315,#2316,#2317));
#2314 = ORIENTED_EDGE('',*,*,#1587,.F.);
#2315 = ORIENTED_EDGE('',*,*,#1539,.T.);
#2316 = ORIENTED_EDGE('',*,*,#1563,.T.);
#2317 = ORIENTED_EDGE('',*,*,#1611,.F.);
#2318 = PLANE('',#2319);
#2319 = AXIS2_PLACEMENT_3D('',#2320,#2321,#2322);
#2320 = CARTESIAN_POINT('',(25.,-21.5,30.));
#2321 = DIRECTION('',(1.,0.,0.));
#2322 = DIRECTION('',(0.,0.,1.));
#2323 = ADVANCED_FACE('',(#2324),#2330,.F.);
#2324 = FACE_BOUND('',#2325,.F.);
#2325 = EDGE_LOOP('',(#2326,#2327,#2328,#2329));
#2326 = ORIENTED_EDGE('',*,*,#1690,.F.);
#2327 = ORIENTED_EDGE('',*,*,#1707,.T.);
#2328 = ORIENTED_EDGE('',*,*,#1635,.T.);
#2329 = ORIENTED_EDGE('',*,*,#1659,.F.);
#2330 = PLANE('',#2331);
#2331 = AXIS2_PLACEMENT_3D('',#2332,#2333,#2334);
#2332 = CARTESIAN_POINT('',(-26.,34.,22.75));
#2333 = DIRECTION('',(0.,1.,0.));
#2334 = DIRECTION('',(0.,0.,1.));
#2335 = ADVANCED_FACE('',(#2336),#2342,.T.);
#2336 = FACE_BOUND('',#2337,.T.);
#2337 = EDGE_LOOP('',(#2338,#2339,#2340,#2341));
#2338 = ORIENTED_EDGE('',*,*,#1805,.F.);
#2339 = ORIENTED_EDGE('',*,*,#1740,.T.);
#2340 = ORIENTED_EDGE('',*,*,#1764,.T.);
#2341 = ORIENTED_EDGE('',*,*,#1788,.F.);
#2342 = PLANE('',#2343);
#2343 = AXIS2_PLACEMENT_3D('',#2344,#2345,#2346);
#2344 = CARTESIAN_POINT('',(-25.,18.5,30.));
#2345 = DIRECTION('',(1.,0.,0.));
#2346 = DIRECTION('',(0.,0.,1.));
#2347 = ADVANCED_FACE('',(#2348),#2354,.T.);
#2348 = FACE_BOUND('',#2349,.T.);
#2349 = EDGE_LOOP('',(#2350,#2351,#2352,#2353));
#2350 = ORIENTED_EDGE('',*,*,#1884,.F.);
#2351 = ORIENTED_EDGE('',*,*,#1836,.T.);
#2352 = ORIENTED_EDGE('',*,*,#1860,.T.);
#2353 = ORIENTED_EDGE('',*,*,#1901,.F.);
#2354 = PLANE('',#2355);
#2355 = AXIS2_PLACEMENT_3D('',#2356,#2357,#2358);
#2356 = CARTESIAN_POINT('',(-25.,-21.5,30.));
#2357 = DIRECTION('',(1.,0.,0.));
#2358 = DIRECTION('',(0.,0.,1.));
#2359 = ADVANCED_FACE('',(#2360),#2366,.T.);
#2360 = FACE_BOUND('',#2361,.T.);
#2361 = EDGE_LOOP('',(#2362,#2363,#2364,#2365));
#2362 = ORIENTED_EDGE('',*,*,#2002,.F.);
#2363 = ORIENTED_EDGE('',*,*,#1932,.T.);
#2364 = ORIENTED_EDGE('',*,*,#1978,.T.);
#2365 = ORIENTED_EDGE('',*,*,#2019,.F.);
#2366 = PLANE('',#2367);
#2367 = AXIS2_PLACEMENT_3D('',#2368,#2369,#2370);
#2368 = CARTESIAN_POINT('',(-28.,-14.5,30.5));
#2369 = DIRECTION('',(1.,0.,0.));
#2370 = DIRECTION('',(0.,0.,1.));
#2371 = ADVANCED_FACE('',(#2372),#2383,.F.);
#2372 = FACE_BOUND('',#2373,.F.);
#2373 = EDGE_LOOP('',(#2374,#2375,#2381,#2382));
#2374 = ORIENTED_EDGE('',*,*,#2027,.F.);
#2375 = ORIENTED_EDGE('',*,*,#2376,.F.);
#2376 = EDGE_CURVE('',#1941,#2028,#2377,.T.);
#2377 = LINE('',#2378,#2379);
#2378 = CARTESIAN_POINT('',(-32.4,-11.25,30.3));
#2379 = VECTOR('',#2380,1.);
#2380 = DIRECTION('',(0.,0.,1.));
#2381 = ORIENTED_EDGE('',*,*,#1940,.T.);
#2382 = ORIENTED_EDGE('',*,*,#2376,.T.);
#2383 = CYLINDRICAL_SURFACE('',#2384,1.6);
#2384 = AXIS2_PLACEMENT_3D('',#2385,#2386,#2387);
#2385 = CARTESIAN_POINT('',(-34.,-11.25,30.3));
#2386 = DIRECTION('',(0.,0.,1.));
#2387 = DIRECTION('',(1.,0.,0.));
#2388 = ADVANCED_FACE('',(#2389),#2400,.F.);
#2389 = FACE_BOUND('',#2390,.F.);
#2390 = EDGE_LOOP('',(#2391,#2392,#2398,#2399));
#2391 = ORIENTED_EDGE('',*,*,#2038,.F.);
#2392 = ORIENTED_EDGE('',*,*,#2393,.F.);
#2393 = EDGE_CURVE('',#1952,#2039,#2394,.T.);
#2394 = LINE('',#2395,#2396);
#2395 = CARTESIAN_POINT('',(-32.4,11.25,30.3));
#2396 = VECTOR('',#2397,1.);
#2397 = DIRECTION('',(0.,0.,1.));
#2398 = ORIENTED_EDGE('',*,*,#1951,.T.);
#2399 = ORIENTED_EDGE('',*,*,#2393,.T.);
#2400 = CYLINDRICAL_SURFACE('',#2401,1.6);
#2401 = AXIS2_PLACEMENT_3D('',#2402,#2403,#2404);
#2402 = CARTESIAN_POINT('',(-34.,11.25,30.3));
#2403 = DIRECTION('',(0.,0.,1.));
#2404 = DIRECTION('',(1.,0.,0.));
#2405 = ADVANCED_FACE('',(#2406,#2409),#2420,.T.);
#2406 = FACE_BOUND('',#2407,.T.);
#2407 = EDGE_LOOP('',(#2408));
#2408 = ORIENTED_EDGE('',*,*,#2135,.T.);
#2409 = FACE_BOUND('',#2410,.T.);
#2410 = EDGE_LOOP('',(#2411));
#2411 = ORIENTED_EDGE('',*,*,#2412,.F.);
#2412 = EDGE_CURVE('',#2413,#2413,#2415,.T.);
#2413 = VERTEX_POINT('',#2414);
#2414 = CARTESIAN_POINT('',(32.25,-29.,8.));
#2415 = CIRCLE('',#2416,1.25);
#2416 = AXIS2_PLACEMENT_3D('',#2417,#2418,#2419);
#2417 = CARTESIAN_POINT('',(31.,-29.,8.));
#2418 = DIRECTION('',(0.,0.,1.));
#2419 = DIRECTION('',(1.,0.,0.));
#2420 = PLANE('',#2421);
#2421 = AXIS2_PLACEMENT_3D('',#2422,#2423,#2424);
#2422 = CARTESIAN_POINT('',(31.,-29.,8.));
#2423 = DIRECTION('',(0.,0.,1.));
#2424 = DIRECTION('',(1.,0.,0.));
#2425 = ADVANCED_FACE('',(#2426,#2429),#2440,.T.);
#2426 = FACE_BOUND('',#2427,.T.);
#2427 = EDGE_LOOP('',(#2428));
#2428 = ORIENTED_EDGE('',*,*,#2177,.T.);
#2429 = FACE_BOUND('',#2430,.T.);
#2430 = EDGE_LOOP('',(#2431));
#2431 = ORIENTED_EDGE('',*,*,#2432,.F.);
#2432 = EDGE_CURVE('',#2433,#2433,#2435,.T.);
#2433 = VERTEX_POINT('',#2434);
#2434 = CARTESIAN_POINT('',(-29.75,-29.,8.));
#2435 = CIRCLE('',#2436,1.25);
#2436 = AXIS2_PLACEMENT_3D('',#2437,#2438,#2439);
#2437 = CARTESIAN_POINT('',(-31.,-29.,8.));
#2438 = DIRECTION('',(0.,0.,1.));
#2439 = DIRECTION('',(1.,0.,0.));
#2440 = PLANE('',#2441);
#2441 = AXIS2_PLACEMENT_3D('',#2442,#2443,#2444);
#2442 = CARTESIAN_POINT('',(-31.,-29.,8.));
#2443 = DIRECTION('',(0.,0.,1.));
#2444 = DIRECTION('',(1.,0.,0.));
#2445 = ADVANCED_FACE('',(#2446,#2449),#2460,.T.);
#2446 = FACE_BOUND('',#2447,.T.);
#2447 = EDGE_LOOP('',(#2448));
#2448 = ORIENTED_EDGE('',*,*,#2236,.T.);
#2449 = FACE_BOUND('',#2450,.T.);
#2450 = EDGE_LOOP('',(#2451));
#2451 = ORIENTED_EDGE('',*,*,#2452,.F.);
#2452 = EDGE_CURVE('',#2453,#2453,#2455,.T.);
#2453 = VERTEX_POINT('',#2454);
#2454 = CARTESIAN_POINT('',(32.25,29.,8.));
#2455 = CIRCLE('',#2456,1.25);
#2456 = AXIS2_PLACEMENT_3D('',#2457,#2458,#2459);
#2457 = CARTESIAN_POINT('',(31.,29.,8.));
#2458 = DIRECTION('',(0.,0.,1.));
#2459 = DIRECTION('',(1.,0.,0.));
#2460 = PLANE('',#2461);
#2461 = AXIS2_PLACEMENT_3D('',#2462,#2463,#2464);
#2462 = CARTESIAN_POINT('',(31.,29.,8.));
#2463 = DIRECTION('',(0.,0.,1.));
#2464 = DIRECTION('',(1.,0.,0.));
#2465 = ADVANCED_FACE('',(#2466,#2469),#2480,.T.);
#2466 = FACE_BOUND('',#2467,.T.);
#2467 = EDGE_LOOP('',(#2468));
#2468 = ORIENTED_EDGE('',*,*,#2278,.T.);
#2469 = FACE_BOUND('',#2470,.T.);
#2470 = EDGE_LOOP('',(#2471));
#2471 = ORIENTED_EDGE('',*,*,#2472,.F.);
#2472 = EDGE_CURVE('',#2473,#2473,#2475,.T.);
#2473 = VERTEX_POINT('',#2474);
#2474 = CARTESIAN_POINT('',(-29.75,29.,8.));
#2475 = CIRCLE('',#2476,1.25);
#2476 = AXIS2_PLACEMENT_3D('',#2477,#2478,#2479);
#2477 = CARTESIAN_POINT('',(-31.,29.,8.));
#2478 = DIRECTION('',(0.,0.,1.));
#2479 = DIRECTION('',(1.,0.,0.));
#2480 = PLANE('',#2481);
#2481 = AXIS2_PLACEMENT_3D('',#2482,#2483,#2484);
#2482 = CARTESIAN_POINT('',(-31.,29.,8.));
#2483 = DIRECTION('',(0.,0.,1.));
#2484 = DIRECTION('',(1.,0.,0.));
#2485 = ADVANCED_FACE('',(#2486),#2505,.F.);
#2486 = FACE_BOUND('',#2487,.F.);
#2487 = EDGE_LOOP('',(#2488,#2489,#2497,#2504));
#2488 = ORIENTED_EDGE('',*,*,#2412,.F.);
#2489 = ORIENTED_EDGE('',*,*,#2490,.F.);
#2490 = EDGE_CURVE('',#2491,#2413,#2493,.T.);
#2491 = VERTEX_POINT('',#2492);
#2492 = CARTESIAN_POINT('',(32.25,-29.,3.));
#2493 = LINE('',#2494,#2495);
#2494 = CARTESIAN_POINT('',(32.25,-29.,3.));
#2495 = VECTOR('',#2496,1.);
#2496 = DIRECTION('',(0.,0.,1.));
#2497 = ORIENTED_EDGE('',*,*,#2498,.T.);
#2498 = EDGE_CURVE('',#2491,#2491,#2499,.T.);
#2499 = CIRCLE('',#2500,1.25);
#2500 = AXIS2_PLACEMENT_3D('',#2501,#2502,#2503);
#2501 = CARTESIAN_POINT('',(31.,-29.,3.));
#2502 = DIRECTION('',(0.,0.,1.));
#2503 = DIRECTION('',(1.,0.,0.));
#2504 = ORIENTED_EDGE('',*,*,#2490,.T.);
#2505 = CYLINDRICAL_SURFACE('',#2506,1.25);
#2506 = AXIS2_PLACEMENT_3D('',#2507,#2508,#2509);
#2507 = CARTESIAN_POINT('',(31.,-29.,3.));
#2508 = DIRECTION('',(0.,0.,1.));
#2509 = DIRECTION('',(1.,0.,0.));
#2510 = ADVANCED_FACE('',(#2511),#2530,.F.);
#2511 = FACE_BOUND('',#2512,.F.);
#2512 = EDGE_LOOP('',(#2513,#2514,#2522,#2529));
#2513 = ORIENTED_EDGE('',*,*,#2432,.F.);
#2514 = ORIENTED_EDGE('',*,*,#2515,.F.);
#2515 = EDGE_CURVE('',#2516,#2433,#2518,.T.);
#2516 = VERTEX_POINT('',#2517);
#2517 = CARTESIAN_POINT('',(-29.75,-29.,3.));
#2518 = LINE('',#2519,#2520);
#2519 = CARTESIAN_POINT('',(-29.75,-29.,3.));
#2520 = VECTOR('',#2521,1.);
#2521 = DIRECTION('',(0.,0.,1.));
#2522 = ORIENTED_EDGE('',*,*,#2523,.T.);
#2523 = EDGE_CURVE('',#2516,#2516,#2524,.T.);
#2524 = CIRCLE('',#2525,1.25);
#2525 = AXIS2_PLACEMENT_3D('',#2526,#2527,#2528);
#2526 = CARTESIAN_POINT('',(-31.,-29.,3.));
#2527 = DIRECTION('',(0.,0.,1.));
#2528 = DIRECTION('',(1.,0.,0.));
#2529 = ORIENTED_EDGE('',*,*,#2515,.T.);
#2530 = CYLINDRICAL_SURFACE('',#2531,1.25);
#2531 = AXIS2_PLACEMENT_3D('',#2532,#2533,#2534);
#2532 = CARTESIAN_POINT('',(-31.,-29.,3.));
#2533 = DIRECTION('',(0.,0.,1.));
#2534 = DIRECTION('',(1.,0.,0.));
#2535 = ADVANCED_FACE('',(#2536),#2555,.F.);
#2536 = FACE_BOUND('',#2537,.F.);
#2537 = EDGE_LOOP('',(#2538,#2539,#2547,#2554));
#2538 = ORIENTED_EDGE('',*,*,#2452,.F.);
#2539 = ORIENTED_EDGE('',*,*,#2540,.F.);
#2540 = EDGE_CURVE('',#2541,#2453,#2543,.T.);
#2541 = VERTEX_POINT('',#2542);
#2542 = CARTESIAN_POINT('',(32.25,29.,3.));
#2543 = LINE('',#2544,#2545);
#2544 = CARTESIAN_POINT('',(32.25,29.,3.));
#2545 = VECTOR('',#2546,1.);
#2546 = DIRECTION('',(0.,0.,1.));
#2547 = ORIENTED_EDGE('',*,*,#2548,.T.);
#2548 = EDGE_CURVE('',#2541,#2541,#2549,.T.);
#2549 = CIRCLE('',#2550,1.25);
#2550 = AXIS2_PLACEMENT_3D('',#2551,#2552,#2553);
#2551 = CARTESIAN_POINT('',(31.,29.,3.));
#2552 = DIRECTION('',(0.,0.,1.));
#2553 = DIRECTION('',(1.,0.,0.));
#2554 = ORIENTED_EDGE('',*,*,#2540,.T.);
#2555 = CYLINDRICAL_SURFACE('',#2556,1.25);
#2556 = AXIS2_PLACEMENT_3D('',#2557,#2558,#2559);
#2557 = CARTESIAN_POINT('',(31.,29.,3.));
#2558 = DIRECTION('',(0.,0.,1.));
#2559 = DIRECTION('',(1.,0.,0.));
#2560 = ADVANCED_FACE('',(#2561),#2580,.F.);
#2561 = FACE_BOUND('',#2562,.F.);
#2562 = EDGE_LOOP('',(#2563,#2564,#2572,#2579));
#2563 = ORIENTED_EDGE('',*,*,#2472,.F.);
#2564 = ORIENTED_EDGE('',*,*,#2565,.F.);
#2565 = EDGE_CURVE('',#2566,#2473,#2568,.T.);
#2566 = VERTEX_POINT('',#2567);
#2567 = CARTESIAN_POINT('',(-29.75,29.,3.));
#2568 = LINE('',#2569,#2570);
#2569 = CARTESIAN_POINT('',(-29.75,29.,3.));
#2570 = VECTOR('',#2571,1.);
#2571 = DIRECTION('',(0.,0.,1.));
#2572 = ORIENTED_EDGE('',*,*,#2573,.T.);
#2573 = EDGE_CURVE('',#2566,#2566,#2574,.T.);
#2574 = CIRCLE('',#2575,1.25);
#2575 = AXIS2_PLACEMENT_3D('',#2576,#2577,#2578);
#2576 = CARTESIAN_POINT('',(-31.,29.,3.));
#2577 = DIRECTION('',(0.,0.,1.));
#2578 = DIRECTION('',(1.,0.,0.));
#2579 = ORIENTED_EDGE('',*,*,#2565,.T.);
#2580 = CYLINDRICAL_SURFACE('',#2581,1.25);
#2581 = AXIS2_PLACEMENT_3D('',#2582,#2583,#2584);
#2582 = CARTESIAN_POINT('',(-31.,29.,3.));
#2583 = DIRECTION('',(0.,0.,1.));
#2584 = DIRECTION('',(1.,0.,0.));
#2585 = ADVANCED_FACE('',(#2586),#2589,.F.);
#2586 = FACE_BOUND('',#2587,.F.);
#2587 = EDGE_LOOP('',(#2588));
#2588 = ORIENTED_EDGE('',*,*,#2498,.F.);
#2589 = PLANE('',#2590);
#2590 = AXIS2_PLACEMENT_3D('',#2591,#2592,#2593);
#2591 = CARTESIAN_POINT('',(-2.550214857972E-15,1.457265633127E-15,3.));
#2592 = DIRECTION('',(-0.,-0.,-1.));
#2593 = DIRECTION('',(-1.,0.,0.));
#2594 = ADVANCED_FACE('',(#2595),#2598,.F.);
#2595 = FACE_BOUND('',#2596,.F.);
#2596 = EDGE_LOOP('',(#2597));
#2597 = ORIENTED_EDGE('',*,*,#2523,.F.);
#2598 = PLANE('',#2599);
#2599 = AXIS2_PLACEMENT_3D('',#2600,#2601,#2602);
#2600 = CARTESIAN_POINT('',(-2.550214857972E-15,1.457265633127E-15,3.));
#2601 = DIRECTION('',(-0.,-0.,-1.));
#2602 = DIRECTION('',(-1.,0.,0.));
#2603 = ADVANCED_FACE('',(#2604),#2607,.F.);
#2604 = FACE_BOUND('',#2605,.F.);
#2605 = EDGE_LOOP('',(#2606));
#2606 = ORIENTED_EDGE('',*,*,#2548,.F.);
#2607 = PLANE('',#2608);
#2608 = AXIS2_PLACEMENT_3D('',#2609,#2610,#2611);
#2609 = CARTESIAN_POINT('',(-2.550214857972E-15,1.457265633127E-15,3.));
#2610 = DIRECTION('',(-0.,-0.,-1.));
#2611 = DIRECTION('',(-1.,0.,0.));
#2612 = ADVANCED_FACE('',(#2613),#2616,.F.);
#2613 = FACE_BOUND('',#2614,.F.);
#2614 = EDGE_LOOP('',(#2615));
#2615 = ORIENTED_EDGE('',*,*,#2573,.F.);
#2616 = PLANE('',#2617);
#2617 = AXIS2_PLACEMENT_3D('',#2618,#2619,#2620);
#2618 = CARTESIAN_POINT('',(-2.550214857972E-15,1.457265633127E-15,3.));
#2619 = DIRECTION('',(-0.,-0.,-1.));
#2620 = DIRECTION('',(-1.,0.,0.));
#2621 = ( GEOMETRIC_REPRESENTATION_CONTEXT(3) 
GLOBAL_UNCERTAINTY_ASSIGNED_CONTEXT((#2625)) 
GLOBAL_UNIT_ASSIGNED_CONTEXT((#2622,#2623,#2624)) REPRESENTATION_CONTEXT
('Context #1','3D Context with UNIT and UNCERTAINTY') );
#2622 = ( LENGTH_UNIT() NAMED_UNIT(*) SI_UNIT(.MILLI.,.METRE.) );
#2623 = ( NAMED_UNIT(*) PLANE_ANGLE_UNIT() SI_UNIT($,.RADIAN.) );
#2624 = ( NAMED_UNIT(*) SI_UNIT($,.STERADIAN.) SOLID_ANGLE_UNIT() );
#2625 = UNCERTAINTY_MEASURE_WITH_UNIT(LENGTH_MEASURE(1.E-07),#2622,
  'distance_accuracy_value','confusion accuracy');
#2626 = PRODUCT_RELATED_PRODUCT_CATEGORY('part',$,(#7));
ENDSEC;
END-ISO-10303-21;
