ISO-10303-21;
HEADER;
FILE_DESCRIPTION(('FreeCAD Model'),'2;1');
FILE_NAME('Open CASCADE Shape Model','2026-09-30T05:23:12',('FreeCAD'),(
    'FreeCAD'),'Open CASCADE STEP processor 7.8','FreeCAD','Unknown');
FILE_SCHEMA(('AUTOMOTIVE_DESIGN { 1 0 10303 214 1 1 1 1 }'));
ENDSEC;
DATA;
#1 = APPLICATION_PROTOCOL_DEFINITION('international standard',
  'automotive_design',2000,#2);
#2 = APPLICATION_CONTEXT(
  'core data for automotive mechanical design processes');
#3 = SHAPE_DEFINITION_REPRESENTATION(#4,#10);
#4 = PRODUCT_DEFINITION_SHAPE('','',#5);
#5 = PRODUCT_DEFINITION('design','',#6,#9);
#6 = PRODUCT_DEFINITION_FORMATION('','',#7);
#7 = PRODUCT('Open CASCADE STEP translator 7.8 5',
  'Open CASCADE STEP translator 7.8 5','',(#8));
#8 = PRODUCT_CONTEXT('',#2,'mechanical');
#9 = PRODUCT_DEFINITION_CONTEXT('part definition',#2,'design');
#10 = ADVANCED_BREP_SHAPE_REPRESENTATION('',(#11,#15),#6972);
#11 = AXIS2_PLACEMENT_3D('',#12,#13,#14);
#12 = CARTESIAN_POINT('',(0.,0.,0.));
#13 = DIRECTION('',(0.,0.,1.));
#14 = DIRECTION('',(1.,0.,-0.));
#15 = MANIFOLD_SOLID_BREP('',#16);
#16 = CLOSED_SHELL('',(#17,#59,#311,#510,#1162,#1211,#1236,#1337,#1361,
    #1538,#1643,#1668,#1747,#1787,#1844,#1916,#1940,#1980,#2016,#2052,
    #2293,#2318,#2381,#2405,#2461,#2478,#2503,#2534,#2624,#2730,#2747,
    #2772,#2796,#2820,#2837,#2855,#2883,#2895,#2913,#2931,#3054,#3090,
    #3108,#3126,#3249,#3285,#3316,#3372,#3419,#3443,#3483,#3539,#3579,
    #3603,#3627,#3658,#3705,#3745,#3769,#3793,#3833,#3880,#3920,#3944,
    #3968,#3999,#4037,#4061,#4117,#4148,#4173,#4190,#4240,#4265,#4293,
    #4320,#4344,#4356,#4365,#4476,#4500,#4516,#4528,#4552,#4593,#4626,
    #4810,#4850,#4937,#4954,#4978,#5009,#5025,#5037,#5054,#5073,#5098,
    #5115,#5198,#5266,#5301,#5325,#5366,#5391,#5408,#5420,#5437,#5564,
    #5624,#5659,#5683,#5724,#5749,#5766,#5778,#5795,#5804,#5844,#5868,
    #5908,#5937,#5949,#5958,#5996,#6042,#6054,#6080,#6092,#6116,#6133,
    #6150,#6167,#6186,#6195,#6211,#6281,#6292,#6303,#6314,#6331,#6343,
    #6355,#6367,#6379,#6391,#6417,#6441,#6460,#6472,#6484,#6496,#6508,
    #6526,#6538,#6571,#6583,#6606,#6619,#6645,#6669,#6694,#6711,#6723,
    #6740,#6751,#6777,#6789,#6800,#6826,#6838,#6852,#6864,#6884,#6904,
    #6929,#6954,#6963));
#17 = ADVANCED_FACE('',(#18),#54,.T.);
#18 = FACE_BOUND('',#19,.F.);
#19 = EDGE_LOOP('',(#20,#31,#39,#48));
#20 = ORIENTED_EDGE('',*,*,#21,.F.);
#21 = EDGE_CURVE('',#22,#24,#26,.T.);
#22 = VERTEX_POINT('',#23);
#23 = CARTESIAN_POINT('',(30.,-21.,57.));
#24 = VERTEX_POINT('',#25);
#25 = CARTESIAN_POINT('',(26.,-25.,57.));
#26 = CIRCLE('',#27,4.);
#27 = AXIS2_PLACEMENT_3D('',#28,#29,#30);
#28 = CARTESIAN_POINT('',(26.,-21.,57.));
#29 = DIRECTION('',(0.,0.,-1.));
#30 = DIRECTION('',(-1.,0.,0.));
#31 = ORIENTED_EDGE('',*,*,#32,.F.);
#32 = EDGE_CURVE('',#33,#22,#35,.T.);
#33 = VERTEX_POINT('',#34);
#34 = CARTESIAN_POINT('',(30.,-21.,41.));
#35 = LINE('',#36,#37);
#36 = CARTESIAN_POINT('',(30.,-21.,41.));
#37 = VECTOR('',#38,1.);
#38 = DIRECTION('',(0.,0.,1.));
#39 = ORIENTED_EDGE('',*,*,#40,.T.);
#40 = EDGE_CURVE('',#33,#41,#43,.T.);
#41 = VERTEX_POINT('',#42);
#42 = CARTESIAN_POINT('',(26.,-25.,41.));
#43 = CIRCLE('',#44,4.);
#44 = AXIS2_PLACEMENT_3D('',#45,#46,#47);
#45 = CARTESIAN_POINT('',(26.,-21.,41.));
#46 = DIRECTION('',(0.,0.,-1.));
#47 = DIRECTION('',(-1.,0.,0.));
#48 = ORIENTED_EDGE('',*,*,#49,.T.);
#49 = EDGE_CURVE('',#41,#24,#50,.T.);
#50 = LINE('',#51,#52);
#51 = CARTESIAN_POINT('',(26.,-25.,41.));
#52 = VECTOR('',#53,1.);
#53 = DIRECTION('',(0.,0.,1.));
#54 = CYLINDRICAL_SURFACE('',#55,4.);
#55 = AXIS2_PLACEMENT_3D('',#56,#57,#58);
#56 = CARTESIAN_POINT('',(26.,-21.,41.));
#57 = DIRECTION('',(0.,0.,1.));
#58 = DIRECTION('',(-1.,0.,0.));
#59 = ADVANCED_FACE('',(#60,#120,#131,#205,#216,#250,#261,#295),#306,.T.
  );
#60 = FACE_BOUND('',#61,.F.);
#61 = EDGE_LOOP('',(#62,#63,#71,#80,#88,#97,#105,#114));
#62 = ORIENTED_EDGE('',*,*,#21,.T.);
#63 = ORIENTED_EDGE('',*,*,#64,.T.);
#64 = EDGE_CURVE('',#24,#65,#67,.T.);
#65 = VERTEX_POINT('',#66);
#66 = CARTESIAN_POINT('',(-26.,-25.,57.));
#67 = LINE('',#68,#69);
#68 = CARTESIAN_POINT('',(26.,-25.,57.));
#69 = VECTOR('',#70,1.);
#70 = DIRECTION('',(-1.,0.,0.));
#71 = ORIENTED_EDGE('',*,*,#72,.T.);
#72 = EDGE_CURVE('',#65,#73,#75,.T.);
#73 = VERTEX_POINT('',#74);
#74 = CARTESIAN_POINT('',(-30.,-21.,57.));
#75 = CIRCLE('',#76,4.);
#76 = AXIS2_PLACEMENT_3D('',#77,#78,#79);
#77 = CARTESIAN_POINT('',(-26.,-21.,57.));
#78 = DIRECTION('',(0.,0.,-1.));
#79 = DIRECTION('',(-1.,0.,0.));
#80 = ORIENTED_EDGE('',*,*,#81,.T.);
#81 = EDGE_CURVE('',#73,#82,#84,.T.);
#82 = VERTEX_POINT('',#83);
#83 = CARTESIAN_POINT('',(-30.,21.,57.));
#84 = LINE('',#85,#86);
#85 = CARTESIAN_POINT('',(-30.,-21.,57.));
#86 = VECTOR('',#87,1.);
#87 = DIRECTION('',(0.,1.,0.));
#88 = ORIENTED_EDGE('',*,*,#89,.T.);
#89 = EDGE_CURVE('',#82,#90,#92,.T.);
#90 = VERTEX_POINT('',#91);
#91 = CARTESIAN_POINT('',(-26.,25.,57.));
#92 = CIRCLE('',#93,4.);
#93 = AXIS2_PLACEMENT_3D('',#94,#95,#96);
#94 = CARTESIAN_POINT('',(-26.,21.,57.));
#95 = DIRECTION('',(0.,0.,-1.));
#96 = DIRECTION('',(-1.,0.,0.));
#97 = ORIENTED_EDGE('',*,*,#98,.F.);
#98 = EDGE_CURVE('',#99,#90,#101,.T.);
#99 = VERTEX_POINT('',#100);
#100 = CARTESIAN_POINT('',(26.,25.,57.));
#101 = LINE('',#102,#103);
#102 = CARTESIAN_POINT('',(26.,25.,57.));
#103 = VECTOR('',#104,1.);
#104 = DIRECTION('',(-1.,0.,0.));
#105 = ORIENTED_EDGE('',*,*,#106,.T.);
#106 = EDGE_CURVE('',#99,#107,#109,.T.);
#107 = VERTEX_POINT('',#108);
#108 = CARTESIAN_POINT('',(30.,21.,57.));
#109 = CIRCLE('',#110,4.);
#110 = AXIS2_PLACEMENT_3D('',#111,#112,#113);
#111 = CARTESIAN_POINT('',(26.,21.,57.));
#112 = DIRECTION('',(0.,0.,-1.));
#113 = DIRECTION('',(-1.,0.,0.));
#114 = ORIENTED_EDGE('',*,*,#115,.F.);
#115 = EDGE_CURVE('',#22,#107,#116,.T.);
#116 = LINE('',#117,#118);
#117 = CARTESIAN_POINT('',(30.,-21.,57.));
#118 = VECTOR('',#119,1.);
#119 = DIRECTION('',(0.,1.,0.));
#120 = FACE_BOUND('',#121,.F.);
#121 = EDGE_LOOP('',(#122));
#122 = ORIENTED_EDGE('',*,*,#123,.F.);
#123 = EDGE_CURVE('',#124,#124,#126,.T.);
#124 = VERTEX_POINT('',#125);
#125 = CARTESIAN_POINT('',(24.,-21.,57.));
#126 = CIRCLE('',#127,2.);
#127 = AXIS2_PLACEMENT_3D('',#128,#129,#130);
#128 = CARTESIAN_POINT('',(26.,-21.,57.));
#129 = DIRECTION('',(0.,0.,-1.));
#130 = DIRECTION('',(-1.,0.,0.));
#131 = FACE_BOUND('',#132,.F.);
#132 = EDGE_LOOP('',(#133,#143,#151,#159,#167,#175,#183,#191,#199));
#133 = ORIENTED_EDGE('',*,*,#134,.F.);
#134 = EDGE_CURVE('',#135,#137,#139,.T.);
#135 = VERTEX_POINT('',#136);
#136 = CARTESIAN_POINT('',(0.330127018922,-9.428203230276,57.));
#137 = VERTEX_POINT('',#138);
#138 = CARTESIAN_POINT('',(8.330127018922,4.428203230276,57.));
#139 = LINE('',#140,#141);
#140 = CARTESIAN_POINT('',(2.330127018922,-5.964101615138,57.));
#141 = VECTOR('',#142,1.);
#142 = DIRECTION('',(0.5,0.866025403784,0.));
#143 = ORIENTED_EDGE('',*,*,#144,.T.);
#144 = EDGE_CURVE('',#135,#145,#147,.T.);
#145 = VERTEX_POINT('',#146);
#146 = CARTESIAN_POINT('',(8.124355652982,-13.92820323027,57.));
#147 = LINE('',#148,#149);
#148 = CARTESIAN_POINT('',(2.062177826491,-10.42820323027,57.));
#149 = VECTOR('',#150,1.);
#150 = DIRECTION('',(0.866025403784,-0.5,0.));
#151 = ORIENTED_EDGE('',*,*,#152,.T.);
#152 = EDGE_CURVE('',#145,#153,#155,.T.);
#153 = VERTEX_POINT('',#154);
#154 = CARTESIAN_POINT('',(12.627241335952,-6.128976446697,57.));
#155 = LINE('',#156,#157);
#156 = CARTESIAN_POINT('',(10.124355652982,-10.46410161513,57.));
#157 = VECTOR('',#158,1.);
#158 = DIRECTION('',(0.5,0.866025403784,0.));
#159 = ORIENTED_EDGE('',*,*,#160,.F.);
#160 = EDGE_CURVE('',#161,#153,#163,.T.);
#161 = VERTEX_POINT('',#162);
#162 = CARTESIAN_POINT('',(12.627241335952,-18.75,57.));
#163 = LINE('',#164,#165);
#164 = CARTESIAN_POINT('',(12.627241335952,-9.375,57.));
#165 = VECTOR('',#166,1.);
#166 = DIRECTION('',(0.,1.,0.));
#167 = ORIENTED_EDGE('',*,*,#168,.T.);
#168 = EDGE_CURVE('',#161,#169,#171,.T.);
#169 = VERTEX_POINT('',#170);
#170 = CARTESIAN_POINT('',(19.827241335952,-18.75,57.));
#171 = LINE('',#172,#173);
#172 = CARTESIAN_POINT('',(9.913620667976,-18.75,57.));
#173 = VECTOR('',#174,1.);
#174 = DIRECTION('',(1.,0.,0.));
#175 = ORIENTED_EDGE('',*,*,#176,.T.);
#176 = EDGE_CURVE('',#169,#177,#179,.T.);
#177 = VERTEX_POINT('',#178);
#178 = CARTESIAN_POINT('',(19.827241335952,9.25,57.));
#179 = LINE('',#180,#181);
#180 = CARTESIAN_POINT('',(19.827241335952,-9.375,57.));
#181 = VECTOR('',#182,1.);
#182 = DIRECTION('',(0.,1.,0.));
#183 = ORIENTED_EDGE('',*,*,#184,.F.);
#184 = EDGE_CURVE('',#185,#177,#187,.T.);
#185 = VERTEX_POINT('',#186);
#186 = CARTESIAN_POINT('',(12.627241335952,9.25,57.));
#187 = LINE('',#188,#189);
#188 = CARTESIAN_POINT('',(9.913620667976,9.25,57.));
#189 = VECTOR('',#190,1.);
#190 = DIRECTION('',(1.,0.,0.));
#191 = ORIENTED_EDGE('',*,*,#192,.F.);
#192 = EDGE_CURVE('',#193,#185,#195,.T.);
#193 = VERTEX_POINT('',#194);
#194 = CARTESIAN_POINT('',(12.627241335952,1.9472631226,57.));
#195 = LINE('',#196,#197);
#196 = CARTESIAN_POINT('',(12.627241335952,-9.375,57.));
#197 = VECTOR('',#198,1.);
#198 = DIRECTION('',(0.,1.,0.));
#199 = ORIENTED_EDGE('',*,*,#200,.F.);
#200 = EDGE_CURVE('',#137,#193,#201,.T.);
#201 = LINE('',#202,#203);
#202 = CARTESIAN_POINT('',(10.062177826491,3.428203230276,57.));
#203 = VECTOR('',#204,1.);
#204 = DIRECTION('',(0.866025403784,-0.5,0.));
#205 = FACE_BOUND('',#206,.F.);
#206 = EDGE_LOOP('',(#207));
#207 = ORIENTED_EDGE('',*,*,#208,.F.);
#208 = EDGE_CURVE('',#209,#209,#211,.T.);
#209 = VERTEX_POINT('',#210);
#210 = CARTESIAN_POINT('',(-28.,-21.,57.));
#211 = CIRCLE('',#212,2.);
#212 = AXIS2_PLACEMENT_3D('',#213,#214,#215);
#213 = CARTESIAN_POINT('',(-26.,-21.,57.));
#214 = DIRECTION('',(0.,0.,-1.));
#215 = DIRECTION('',(-1.,0.,0.));
#216 = FACE_BOUND('',#217,.F.);
#217 = EDGE_LOOP('',(#218,#228,#236,#244));
#218 = ORIENTED_EDGE('',*,*,#219,.T.);
#219 = EDGE_CURVE('',#220,#222,#224,.T.);
#220 = VERTEX_POINT('',#221);
#221 = CARTESIAN_POINT('',(-8.124355652982,-13.92820323027,57.));
#222 = VERTEX_POINT('',#223);
#223 = CARTESIAN_POINT('',(-0.330127018922,-9.428203230276,57.));
#224 = LINE('',#225,#226);
#225 = CARTESIAN_POINT('',(1.834936490539,-8.178203230276,57.));
#226 = VECTOR('',#227,1.);
#227 = DIRECTION('',(0.866025403784,0.5,0.));
#228 = ORIENTED_EDGE('',*,*,#229,.T.);
#229 = EDGE_CURVE('',#222,#230,#232,.T.);
#230 = VERTEX_POINT('',#231);
#231 = CARTESIAN_POINT('',(-8.330127018922,4.428203230276,57.));
#232 = LINE('',#233,#234);
#233 = CARTESIAN_POINT('',(-2.330127018922,-5.964101615138,57.));
#234 = VECTOR('',#235,1.);
#235 = DIRECTION('',(-0.5,0.866025403784,0.));
#236 = ORIENTED_EDGE('',*,*,#237,.F.);
#237 = EDGE_CURVE('',#238,#230,#240,.T.);
#238 = VERTEX_POINT('',#239);
#239 = CARTESIAN_POINT('',(-16.12435565298,-7.179676972449E-02,57.));
#240 = LINE('',#241,#242);
#241 = CARTESIAN_POINT('',(-6.165063509461,5.678203230276,57.));
#242 = VECTOR('',#243,1.);
#243 = DIRECTION('',(0.866025403784,0.5,0.));
#244 = ORIENTED_EDGE('',*,*,#245,.F.);
#245 = EDGE_CURVE('',#220,#238,#246,.T.);
#246 = LINE('',#247,#248);
#247 = CARTESIAN_POINT('',(-10.12435565298,-10.46410161513,57.));
#248 = VECTOR('',#249,1.);
#249 = DIRECTION('',(-0.5,0.866025403784,0.));
#250 = FACE_BOUND('',#251,.F.);
#251 = EDGE_LOOP('',(#252));
#252 = ORIENTED_EDGE('',*,*,#253,.F.);
#253 = EDGE_CURVE('',#254,#254,#256,.T.);
#254 = VERTEX_POINT('',#255);
#255 = CARTESIAN_POINT('',(24.,21.,57.));
#256 = CIRCLE('',#257,2.);
#257 = AXIS2_PLACEMENT_3D('',#258,#259,#260);
#258 = CARTESIAN_POINT('',(26.,21.,57.));
#259 = DIRECTION('',(0.,0.,-1.));
#260 = DIRECTION('',(-1.,0.,0.));
#261 = FACE_BOUND('',#262,.F.);
#262 = EDGE_LOOP('',(#263,#273,#281,#289));
#263 = ORIENTED_EDGE('',*,*,#264,.T.);
#264 = EDGE_CURVE('',#265,#267,#269,.T.);
#265 = VERTEX_POINT('',#266);
#266 = CARTESIAN_POINT('',(-4.5,3.1,57.));
#267 = VERTEX_POINT('',#268);
#268 = CARTESIAN_POINT('',(4.5,3.1,57.));
#269 = LINE('',#270,#271);
#270 = CARTESIAN_POINT('',(2.25,3.1,57.));
#271 = VECTOR('',#272,1.);
#272 = DIRECTION('',(1.,0.,0.));
#273 = ORIENTED_EDGE('',*,*,#274,.T.);
#274 = EDGE_CURVE('',#267,#275,#277,.T.);
#275 = VERTEX_POINT('',#276);
#276 = CARTESIAN_POINT('',(4.5,19.1,57.));
#277 = LINE('',#278,#279);
#278 = CARTESIAN_POINT('',(4.5,1.55,57.));
#279 = VECTOR('',#280,1.);
#280 = DIRECTION('',(0.,1.,0.));
#281 = ORIENTED_EDGE('',*,*,#282,.F.);
#282 = EDGE_CURVE('',#283,#275,#285,.T.);
#283 = VERTEX_POINT('',#284);
#284 = CARTESIAN_POINT('',(-4.5,19.1,57.));
#285 = LINE('',#286,#287);
#286 = CARTESIAN_POINT('',(2.25,19.1,57.));
#287 = VECTOR('',#288,1.);
#288 = DIRECTION('',(1.,0.,0.));
#289 = ORIENTED_EDGE('',*,*,#290,.F.);
#290 = EDGE_CURVE('',#265,#283,#291,.T.);
#291 = LINE('',#292,#293);
#292 = CARTESIAN_POINT('',(-4.5,1.55,57.));
#293 = VECTOR('',#294,1.);
#294 = DIRECTION('',(0.,1.,0.));
#295 = FACE_BOUND('',#296,.F.);
#296 = EDGE_LOOP('',(#297));
#297 = ORIENTED_EDGE('',*,*,#298,.F.);
#298 = EDGE_CURVE('',#299,#299,#301,.T.);
#299 = VERTEX_POINT('',#300);
#300 = CARTESIAN_POINT('',(-28.,21.,57.));
#301 = CIRCLE('',#302,2.);
#302 = AXIS2_PLACEMENT_3D('',#303,#304,#305);
#303 = CARTESIAN_POINT('',(-26.,21.,57.));
#304 = DIRECTION('',(0.,0.,-1.));
#305 = DIRECTION('',(-1.,0.,0.));
#306 = PLANE('',#307);
#307 = AXIS2_PLACEMENT_3D('',#308,#309,#310);
#308 = CARTESIAN_POINT('',(0.,-2.7E-16,57.));
#309 = DIRECTION('',(0.,0.,1.));
#310 = DIRECTION('',(1.,0.,0.));
#311 = ADVANCED_FACE('',(#312),#505,.F.);
#312 = FACE_BOUND('',#313,.T.);
#313 = EDGE_LOOP('',(#314,#322,#323,#324,#332,#340,#396,#459,#467,#475,
    #483,#491,#499));
#314 = ORIENTED_EDGE('',*,*,#315,.F.);
#315 = EDGE_CURVE('',#41,#316,#318,.T.);
#316 = VERTEX_POINT('',#317);
#317 = CARTESIAN_POINT('',(6.227241335952,-25.,41.));
#318 = LINE('',#319,#320);
#319 = CARTESIAN_POINT('',(26.,-25.,41.));
#320 = VECTOR('',#321,1.);
#321 = DIRECTION('',(-1.,0.,0.));
#322 = ORIENTED_EDGE('',*,*,#49,.T.);
#323 = ORIENTED_EDGE('',*,*,#64,.T.);
#324 = ORIENTED_EDGE('',*,*,#325,.F.);
#325 = EDGE_CURVE('',#326,#65,#328,.T.);
#326 = VERTEX_POINT('',#327);
#327 = CARTESIAN_POINT('',(-26.,-25.,52.415097169809));
#328 = LINE('',#329,#330);
#329 = CARTESIAN_POINT('',(-26.,-25.,41.));
#330 = VECTOR('',#331,1.);
#331 = DIRECTION('',(0.,0.,1.));
#332 = ORIENTED_EDGE('',*,*,#333,.F.);
#333 = EDGE_CURVE('',#334,#326,#336,.T.);
#334 = VERTEX_POINT('',#335);
#335 = CARTESIAN_POINT('',(10.227241335952,-25.,52.415097169808));
#336 = LINE('',#337,#338);
#337 = CARTESIAN_POINT('',(10.227241335952,-25.,52.415097169808));
#338 = VECTOR('',#339,1.);
#339 = DIRECTION('',(-1.,0.,0.));
#340 = ORIENTED_EDGE('',*,*,#341,.T.);
#341 = EDGE_CURVE('',#334,#342,#344,.T.);
#342 = VERTEX_POINT('',#343);
#343 = CARTESIAN_POINT('',(17.670526900809,-25.,51.));
#344 = B_SPLINE_CURVE_WITH_KNOTS('',8,(#345,#346,#347,#348,#349,#350,
    #351,#352,#353,#354,#355,#356,#357,#358,#359,#360,#361,#362,#363,
    #364,#365,#366,#367,#368,#369,#370,#371,#372,#373,#374,#375,#376,
    #377,#378,#379,#380,#381,#382,#383,#384,#385,#386,#387,#388,#389,
    #390,#391,#392,#393,#394,#395),.UNSPECIFIED.,.F.,.F.,(9,7,7,7,7,7,7,
    9),(0.,0.142011269381,0.218850194462,0.434633936809,0.656495045993,
    0.77524626357,0.846244076449,1.),.UNSPECIFIED.);
#345 = CARTESIAN_POINT('',(10.227241335952,-25.,52.415097169808));
#346 = CARTESIAN_POINT('',(10.389070658761,-25.,52.415097169808));
#347 = CARTESIAN_POINT('',(10.550782626717,-25.,52.425672176856));
#348 = CARTESIAN_POINT('',(10.711345608717,-25.,52.446796809322));
#349 = CARTESIAN_POINT('',(10.870235393096,-25.,52.477288802282));
#350 = CARTESIAN_POINT('',(11.027314074466,-25.,52.515111436863));
#351 = CARTESIAN_POINT('',(11.182611226731,-25.,52.55846839664));
#352 = CARTESIAN_POINT('',(11.336338860775,-25.,52.605788730757));
#353 = CARTESIAN_POINT('',(11.571429372858,-25.,52.682907396852));
#354 = CARTESIAN_POINT('',(11.653651717125,-25.,52.710789386478));
#355 = CARTESIAN_POINT('',(11.735619677052,-25.,52.739280806176));
#356 = CARTESIAN_POINT('',(11.817392505937,-25.,52.768205784091));
#357 = CARTESIAN_POINT('',(11.899025404222,-25.,52.797406479723));
#358 = CARTESIAN_POINT('',(11.980570431459,-25.,52.826741010352));
#359 = CARTESIAN_POINT('',(12.062077418287,-25.,52.856081377471));
#360 = CARTESIAN_POINT('',(12.37251716735,-25.,52.96739690103));
#361 = CARTESIAN_POINT('',(12.60139618493,-25.,53.048566111893));
#362 = CARTESIAN_POINT('',(12.831355425776,-25.,53.126264305449));
#363 = CARTESIAN_POINT('',(13.063043594081,-25.,53.198519098934));
#364 = CARTESIAN_POINT('',(13.296786455894,-25.,53.263577301449));
#365 = CARTESIAN_POINT('',(13.532637140124,-25.,53.319788847975));
#366 = CARTESIAN_POINT('',(13.770382538095,-25.,53.365596678685));
#367 = CARTESIAN_POINT('',(14.255480693498,-25.,53.434340796577));
#368 = CARTESIAN_POINT('',(14.502884375817,-25.,53.456592484891));
#369 = CARTESIAN_POINT('',(14.751236735661,-25.,53.464609552849));
#370 = CARTESIAN_POINT('',(14.999587444378,-25.,53.456806754684));
#371 = CARTESIAN_POINT('',(15.246577073707,-25.,53.431699841362));
#372 = CARTESIAN_POINT('',(15.490443750493,-25.,53.387981211678));
#373 = CARTESIAN_POINT('',(15.729032999946,-25.,53.324621913174));
#374 = CARTESIAN_POINT('',(16.083334644124,-25.,53.196241337831));
#375 = CARTESIAN_POINT('',(16.204600498544,-25.,53.145685049493));
#376 = CARTESIAN_POINT('',(16.32320042064,-25.,53.089246613549));
#377 = CARTESIAN_POINT('',(16.438698068127,-25.,53.026881833172));
#378 = CARTESIAN_POINT('',(16.550631614248,-25.,52.958592258523));
#379 = CARTESIAN_POINT('',(16.658518345805,-25.,52.884432439613));
#380 = CARTESIAN_POINT('',(16.761860921493,-25.,52.804519002509));
#381 = CARTESIAN_POINT('',(16.91892256351,-25.,52.667937127558));
#382 = CARTESIAN_POINT('',(16.97588607424,-25.,52.614843209097));
#383 = CARTESIAN_POINT('',(17.03093771375,-25.,52.559800793627));
#384 = CARTESIAN_POINT('',(17.083969948538,-25.,52.502858966489));
#385 = CARTESIAN_POINT('',(17.134876562191,-25.,52.444075411384));
#386 = CARTESIAN_POINT('',(17.183553396998,-25.,52.383516923512));
#387 = CARTESIAN_POINT('',(17.229899095568,-25.,52.321259922707));
#388 = CARTESIAN_POINT('',(17.368923842268,-25.,52.119073602439));
#389 = CARTESIAN_POINT('',(17.452696757502,-25.,51.973114621953));
#390 = CARTESIAN_POINT('',(17.524051903576,-25.,51.820474295611));
#391 = CARTESIAN_POINT('',(17.582114227965,-25.,51.662255327239));
#392 = CARTESIAN_POINT('',(17.626185923633,-25.,51.499687678118));
#393 = CARTESIAN_POINT('',(17.65575272705,-25.,51.33412116155));
#394 = CARTESIAN_POINT('',(17.670526900809,-25.,51.167025807883));
#395 = CARTESIAN_POINT('',(17.670526900809,-25.,51.));
#396 = ORIENTED_EDGE('',*,*,#397,.T.);
#397 = EDGE_CURVE('',#342,#398,#400,.T.);
#398 = VERTEX_POINT('',#399);
#399 = CARTESIAN_POINT('',(10.227241335952,-25.,49.584902830192));
#400 = B_SPLINE_CURVE_WITH_KNOTS('',8,(#401,#402,#403,#404,#405,#406,
    #407,#408,#409,#410,#411,#412,#413,#414,#415,#416,#417,#418,#419,
    #420,#421,#422,#423,#424,#425,#426,#427,#428,#429,#430,#431,#432,
    #433,#434,#435,#436,#437,#438,#439,#440,#441,#442,#443,#444,#445,
    #446,#447,#448,#449,#450,#451,#452,#453,#454,#455,#456,#457,#458),
  .UNSPECIFIED.,.F.,.F.,(9,7,7,7,7,7,7,7,9),(0.,0.131589257127,
    0.190542220252,0.284627928608,0.452432052174,0.729647082841,
    0.780981671187,0.882432551599,1.),.UNSPECIFIED.);
#401 = CARTESIAN_POINT('',(17.670526900809,-25.,51.));
#402 = CARTESIAN_POINT('',(17.670526900809,-25.,50.857060229122));
#403 = CARTESIAN_POINT('',(17.659706785711,-25.,50.714085698234));
#404 = CARTESIAN_POINT('',(17.638058314121,-25.,50.572060753252));
#405 = CARTESIAN_POINT('',(17.605732147193,-25.,50.431910467223));
#406 = CARTESIAN_POINT('',(17.563004700112,-25.,50.294502740199));
#407 = CARTESIAN_POINT('',(17.510260185979,-25.,50.160647548249));
#408 = CARTESIAN_POINT('',(17.447987852112,-25.,50.031093341627));
#409 = CARTESIAN_POINT('',(17.344899218138,-25.,49.850711076384));
#410 = CARTESIAN_POINT('',(17.311208812318,-25.,49.795893330933));
#411 = CARTESIAN_POINT('',(17.275774469448,-25.,49.742124829211));
#412 = CARTESIAN_POINT('',(17.238649956953,-25.,49.689458401138));
#413 = CARTESIAN_POINT('',(17.199891221534,-25.,49.637942395422));
#414 = CARTESIAN_POINT('',(17.159556079175,-25.,49.587620841919));
#415 = CARTESIAN_POINT('',(17.117703905145,-25.,49.538533613992));
#416 = CARTESIAN_POINT('',(17.00527719457,-25.,49.414403234364));
#417 = CARTESIAN_POINT('',(16.932447882291,-25.,49.341323567356));
#418 = CARTESIAN_POINT('',(16.856154224428,-25.,49.271623009652));
#419 = CARTESIAN_POINT('',(16.776645890134,-25.,49.205416357805));
#420 = CARTESIAN_POINT('',(16.694172942575,-25.,49.142790280139));
#421 = CARTESIAN_POINT('',(16.60898340106,-25.,49.083805811769));
#422 = CARTESIAN_POINT('',(16.521320803167,-25.,49.028500849628));
#423 = CARTESIAN_POINT('',(16.271084673599,-25.,48.884848177833));
#424 = CARTESIAN_POINT('',(16.103643453161,-25.,48.80456841992));
#425 = CARTESIAN_POINT('',(15.930416418472,-25.,48.736128681766));
#426 = CARTESIAN_POINT('',(15.75262327549,-25.,48.67939121414));
#427 = CARTESIAN_POINT('',(15.571366747153,-25.,48.634053285697));
#428 = CARTESIAN_POINT('',(15.387618569076,-25.,48.599687528225));
#429 = CARTESIAN_POINT('',(15.202209857006,-25.,48.575774551996));
#430 = CARTESIAN_POINT('',(14.707916551428,-25.,48.538522429365));
#431 = CARTESIAN_POINT('',(14.397456029727,-25.,48.542252334482));
#432 = CARTESIAN_POINT('',(14.087276505716,-25.,48.570226005107));
#433 = CARTESIAN_POINT('',(13.779365591178,-25.,48.619417801078));
#434 = CARTESIAN_POINT('',(13.474900704549,-25.,48.686605800119));
#435 = CARTESIAN_POINT('',(13.174227344614,-25.,48.76839583208));
#436 = CARTESIAN_POINT('',(12.876884912688,-25.,48.861358218281));
#437 = CARTESIAN_POINT('',(12.526600487378,-25.,48.979761288389));
#438 = CARTESIAN_POINT('',(12.471937395769,-25.,48.99849723289));
#439 = CARTESIAN_POINT('',(12.417333401257,-25.,49.017441614763));
#440 = CARTESIAN_POINT('',(12.362779320851,-25.,49.036565864467));
#441 = CARTESIAN_POINT('',(12.308265072396,-25.,49.055840119063));
#442 = CARTESIAN_POINT('',(12.253779580597,-25.,49.07523300617));
#443 = CARTESIAN_POINT('',(12.199310683039,-25.,49.094711427916));
#444 = CARTESIAN_POINT('',(12.037206346549,-25.,49.152834709553));
#445 = CARTESIAN_POINT('',(11.929597695623,-25.,49.191620276365));
#446 = CARTESIAN_POINT('',(11.821895634921,-25.,49.230332546759));
#447 = CARTESIAN_POINT('',(11.713979620888,-25.,49.268672354929));
#448 = CARTESIAN_POINT('',(11.605726670653,-25.,49.306292426636));
#449 = CARTESIAN_POINT('',(11.497007605481,-25.,49.342788535401));
#450 = CARTESIAN_POINT('',(11.387684881964,-25.,49.377695256085));
#451 = CARTESIAN_POINT('',(11.150052875564,-25.,49.448486589637));
#452 = CARTESIAN_POINT('',(11.021433923754,-25.,49.483661588844));
#453 = CARTESIAN_POINT('',(10.891611566144,-25.,49.515165195633));
#454 = CARTESIAN_POINT('',(10.760540945578,-25.,49.542021417421));
#455 = CARTESIAN_POINT('',(10.628283185907,-25.,49.563186744876));
#456 = CARTESIAN_POINT('',(10.49502067556,-25.,49.577663506793));
#457 = CARTESIAN_POINT('',(10.361135022843,-25.,49.584902830192));
#458 = CARTESIAN_POINT('',(10.227241335952,-25.,49.584902830192));
#459 = ORIENTED_EDGE('',*,*,#460,.T.);
#460 = EDGE_CURVE('',#398,#461,#463,.T.);
#461 = VERTEX_POINT('',#462);
#462 = CARTESIAN_POINT('',(-26.,-25.,49.584902830191));
#463 = LINE('',#464,#465);
#464 = CARTESIAN_POINT('',(10.227241335952,-25.,49.584902830192));
#465 = VECTOR('',#466,1.);
#466 = DIRECTION('',(-1.,0.,0.));
#467 = ORIENTED_EDGE('',*,*,#468,.F.);
#468 = EDGE_CURVE('',#469,#461,#471,.T.);
#469 = VERTEX_POINT('',#470);
#470 = CARTESIAN_POINT('',(-26.,-25.,41.));
#471 = LINE('',#472,#473);
#472 = CARTESIAN_POINT('',(-26.,-25.,41.));
#473 = VECTOR('',#474,1.);
#474 = DIRECTION('',(0.,0.,1.));
#475 = ORIENTED_EDGE('',*,*,#476,.F.);
#476 = EDGE_CURVE('',#477,#469,#479,.T.);
#477 = VERTEX_POINT('',#478);
#478 = CARTESIAN_POINT('',(-1.772758664048,-25.,41.));
#479 = LINE('',#480,#481);
#480 = CARTESIAN_POINT('',(26.,-25.,41.));
#481 = VECTOR('',#482,1.);
#482 = DIRECTION('',(-1.,0.,0.));
#483 = ORIENTED_EDGE('',*,*,#484,.F.);
#484 = EDGE_CURVE('',#485,#477,#487,.T.);
#485 = VERTEX_POINT('',#486);
#486 = CARTESIAN_POINT('',(-1.772758664048,-25.,44.));
#487 = LINE('',#488,#489);
#488 = CARTESIAN_POINT('',(-1.772758664048,-25.,41.));
#489 = VECTOR('',#490,1.);
#490 = DIRECTION('',(-0.,-0.,-1.));
#491 = ORIENTED_EDGE('',*,*,#492,.F.);
#492 = EDGE_CURVE('',#493,#485,#495,.T.);
#493 = VERTEX_POINT('',#494);
#494 = CARTESIAN_POINT('',(6.227241335952,-25.,44.));
#495 = LINE('',#496,#497);
#496 = CARTESIAN_POINT('',(16.113620667976,-25.,44.));
#497 = VECTOR('',#498,1.);
#498 = DIRECTION('',(-1.,0.,0.));
#499 = ORIENTED_EDGE('',*,*,#500,.T.);
#500 = EDGE_CURVE('',#493,#316,#501,.T.);
#501 = LINE('',#502,#503);
#502 = CARTESIAN_POINT('',(6.227241335952,-25.,41.));
#503 = VECTOR('',#504,1.);
#504 = DIRECTION('',(-0.,-0.,-1.));
#505 = PLANE('',#506);
#506 = AXIS2_PLACEMENT_3D('',#507,#508,#509);
#507 = CARTESIAN_POINT('',(26.,-25.,41.));
#508 = DIRECTION('',(0.,1.,0.));
#509 = DIRECTION('',(-0.,-0.,-1.));
#510 = ADVANCED_FACE('',(#511),#1157,.T.);
#511 = FACE_BOUND('',#512,.F.);
#512 = EDGE_LOOP('',(#513,#514,#522,#530,#539,#547,#555,#563,#571,#579,
    #587,#595,#603,#611,#619,#627,#635,#643,#651,#659,#667,#675,#683,
    #691,#699,#707,#715,#723,#731,#739,#747,#756,#765,#835,#844,#914,
    #923,#932,#940,#949,#958,#1021,#1030,#1100,#1109,#1118,#1126,#1133,
    #1134,#1142,#1150,#1156));
#513 = ORIENTED_EDGE('',*,*,#40,.F.);
#514 = ORIENTED_EDGE('',*,*,#515,.T.);
#515 = EDGE_CURVE('',#33,#516,#518,.T.);
#516 = VERTEX_POINT('',#517);
#517 = CARTESIAN_POINT('',(30.,15.026168953532,41.));
#518 = LINE('',#519,#520);
#519 = CARTESIAN_POINT('',(30.,-21.,41.));
#520 = VECTOR('',#521,1.);
#521 = DIRECTION('',(0.,1.,0.));
#522 = ORIENTED_EDGE('',*,*,#523,.F.);
#523 = EDGE_CURVE('',#524,#516,#526,.T.);
#524 = VERTEX_POINT('',#525);
#525 = CARTESIAN_POINT('',(20.863853065363,9.635842262096,41.));
#526 = LINE('',#527,#528);
#527 = CARTESIAN_POINT('',(16.429939481374,7.019833247543,41.));
#528 = VECTOR('',#529,1.);
#529 = DIRECTION('',(0.86126925759,0.508148861978,0.));
#530 = ORIENTED_EDGE('',*,*,#531,.F.);
#531 = EDGE_CURVE('',#532,#524,#534,.T.);
#532 = VERTEX_POINT('',#533);
#533 = CARTESIAN_POINT('',(20.,9.4,41.));
#534 = CIRCLE('',#535,1.7);
#535 = AXIS2_PLACEMENT_3D('',#536,#537,#538);
#536 = CARTESIAN_POINT('',(20.,11.1,41.));
#537 = DIRECTION('',(0.,0.,1.));
#538 = DIRECTION('',(1.,0.,0.));
#539 = ORIENTED_EDGE('',*,*,#540,.F.);
#540 = EDGE_CURVE('',#541,#532,#543,.T.);
#541 = VERTEX_POINT('',#542);
#542 = CARTESIAN_POINT('',(7.,9.4,41.));
#543 = LINE('',#544,#545);
#544 = CARTESIAN_POINT('',(9.943777717793,9.4,41.));
#545 = VECTOR('',#546,1.);
#546 = DIRECTION('',(1.,-1.2E-16,0.));
#547 = ORIENTED_EDGE('',*,*,#548,.T.);
#548 = EDGE_CURVE('',#541,#549,#551,.T.);
#549 = VERTEX_POINT('',#550);
#550 = CARTESIAN_POINT('',(7.,2.1,41.));
#551 = LINE('',#552,#553);
#552 = CARTESIAN_POINT('',(7.,1.05,41.));
#553 = VECTOR('',#554,1.);
#554 = DIRECTION('',(0.,-1.,0.));
#555 = ORIENTED_EDGE('',*,*,#556,.T.);
#556 = EDGE_CURVE('',#549,#557,#559,.T.);
#557 = VERTEX_POINT('',#558);
#558 = CARTESIAN_POINT('',(5.827241335952,2.1,41.));
#559 = LINE('',#560,#561);
#560 = CARTESIAN_POINT('',(3.5,2.1,41.));
#561 = VECTOR('',#562,1.);
#562 = DIRECTION('',(-1.,0.,0.));
#563 = ORIENTED_EDGE('',*,*,#564,.T.);
#564 = EDGE_CURVE('',#557,#565,#567,.T.);
#565 = VERTEX_POINT('',#566);
#566 = CARTESIAN_POINT('',(5.827241335952,1.55,41.));
#567 = LINE('',#568,#569);
#568 = CARTESIAN_POINT('',(5.827241335952,0.125,41.));
#569 = VECTOR('',#570,1.);
#570 = DIRECTION('',(0.,-1.,0.));
#571 = ORIENTED_EDGE('',*,*,#572,.F.);
#572 = EDGE_CURVE('',#573,#565,#575,.T.);
#573 = VERTEX_POINT('',#574);
#574 = CARTESIAN_POINT('',(14.827241335952,1.55,41.));
#575 = LINE('',#576,#577);
#576 = CARTESIAN_POINT('',(8.563620667976,1.55,41.));
#577 = VECTOR('',#578,1.);
#578 = DIRECTION('',(-1.,0.,0.));
#579 = ORIENTED_EDGE('',*,*,#580,.F.);
#580 = EDGE_CURVE('',#581,#573,#583,.T.);
#581 = VERTEX_POINT('',#582);
#582 = CARTESIAN_POINT('',(14.827241335952,3.25,41.));
#583 = LINE('',#584,#585);
#584 = CARTESIAN_POINT('',(14.827241335952,0.125,41.));
#585 = VECTOR('',#586,1.);
#586 = DIRECTION('',(0.,-1.,0.));
#587 = ORIENTED_EDGE('',*,*,#588,.F.);
#588 = EDGE_CURVE('',#589,#581,#591,.T.);
#589 = VERTEX_POINT('',#590);
#590 = CARTESIAN_POINT('',(17.827241335952,3.25,41.));
#591 = LINE('',#592,#593);
#592 = CARTESIAN_POINT('',(8.913620667976,3.25,41.));
#593 = VECTOR('',#594,1.);
#594 = DIRECTION('',(-1.,0.,0.));
#595 = ORIENTED_EDGE('',*,*,#596,.T.);
#596 = EDGE_CURVE('',#589,#597,#599,.T.);
#597 = VERTEX_POINT('',#598);
#598 = CARTESIAN_POINT('',(17.827241335952,0.25,41.));
#599 = LINE('',#600,#601);
#600 = CARTESIAN_POINT('',(17.827241335952,0.125,41.));
#601 = VECTOR('',#602,1.);
#602 = DIRECTION('',(0.,-1.,0.));
#603 = ORIENTED_EDGE('',*,*,#604,.T.);
#604 = EDGE_CURVE('',#597,#605,#607,.T.);
#605 = VERTEX_POINT('',#606);
#606 = CARTESIAN_POINT('',(17.127241335952,0.25,41.));
#607 = LINE('',#608,#609);
#608 = CARTESIAN_POINT('',(8.913620667976,0.25,41.));
#609 = VECTOR('',#610,1.);
#610 = DIRECTION('',(-1.,0.,0.));
#611 = ORIENTED_EDGE('',*,*,#612,.T.);
#612 = EDGE_CURVE('',#605,#613,#615,.T.);
#613 = VERTEX_POINT('',#614);
#614 = CARTESIAN_POINT('',(17.127241335952,-8.75,41.));
#615 = LINE('',#616,#617);
#616 = CARTESIAN_POINT('',(17.127241335952,-5.525,41.));
#617 = VECTOR('',#618,1.);
#618 = DIRECTION('',(0.,-1.,0.));
#619 = ORIENTED_EDGE('',*,*,#620,.F.);
#620 = EDGE_CURVE('',#621,#613,#623,.T.);
#621 = VERTEX_POINT('',#622);
#622 = CARTESIAN_POINT('',(17.827241335952,-8.75,41.));
#623 = LINE('',#624,#625);
#624 = CARTESIAN_POINT('',(8.913620667976,-8.75,41.));
#625 = VECTOR('',#626,1.);
#626 = DIRECTION('',(-1.,0.,0.));
#627 = ORIENTED_EDGE('',*,*,#628,.T.);
#628 = EDGE_CURVE('',#621,#629,#631,.T.);
#629 = VERTEX_POINT('',#630);
#630 = CARTESIAN_POINT('',(17.827241335952,-11.75,41.));
#631 = LINE('',#632,#633);
#632 = CARTESIAN_POINT('',(17.827241335952,-5.875,41.));
#633 = VECTOR('',#634,1.);
#634 = DIRECTION('',(0.,-1.,0.));
#635 = ORIENTED_EDGE('',*,*,#636,.T.);
#636 = EDGE_CURVE('',#629,#637,#639,.T.);
#637 = VERTEX_POINT('',#638);
#638 = CARTESIAN_POINT('',(14.827241335952,-11.75,41.));
#639 = LINE('',#640,#641);
#640 = CARTESIAN_POINT('',(8.913620667976,-11.75,41.));
#641 = VECTOR('',#642,1.);
#642 = DIRECTION('',(-1.,0.,0.));
#643 = ORIENTED_EDGE('',*,*,#644,.F.);
#644 = EDGE_CURVE('',#645,#637,#647,.T.);
#645 = VERTEX_POINT('',#646);
#646 = CARTESIAN_POINT('',(14.827241335952,-11.05,41.));
#647 = LINE('',#648,#649);
#648 = CARTESIAN_POINT('',(14.827241335952,-5.875,41.));
#649 = VECTOR('',#650,1.);
#650 = DIRECTION('',(0.,-1.,0.));
#651 = ORIENTED_EDGE('',*,*,#652,.T.);
#652 = EDGE_CURVE('',#645,#653,#655,.T.);
#653 = VERTEX_POINT('',#654);
#654 = CARTESIAN_POINT('',(5.827241335952,-11.05,41.));
#655 = LINE('',#656,#657);
#656 = CARTESIAN_POINT('',(8.563620667976,-11.05,41.));
#657 = VECTOR('',#658,1.);
#658 = DIRECTION('',(-1.,0.,0.));
#659 = ORIENTED_EDGE('',*,*,#660,.T.);
#660 = EDGE_CURVE('',#653,#661,#663,.T.);
#661 = VERTEX_POINT('',#662);
#662 = CARTESIAN_POINT('',(5.827241335952,-11.75,41.));
#663 = LINE('',#664,#665);
#664 = CARTESIAN_POINT('',(5.827241335952,-5.875,41.));
#665 = VECTOR('',#666,1.);
#666 = DIRECTION('',(0.,-1.,0.));
#667 = ORIENTED_EDGE('',*,*,#668,.T.);
#668 = EDGE_CURVE('',#661,#669,#671,.T.);
#669 = VERTEX_POINT('',#670);
#670 = CARTESIAN_POINT('',(2.827241335952,-11.75,41.));
#671 = LINE('',#672,#673);
#672 = CARTESIAN_POINT('',(2.913620667976,-11.75,41.));
#673 = VECTOR('',#674,1.);
#674 = DIRECTION('',(-1.,0.,0.));
#675 = ORIENTED_EDGE('',*,*,#676,.F.);
#676 = EDGE_CURVE('',#677,#669,#679,.T.);
#677 = VERTEX_POINT('',#678);
#678 = CARTESIAN_POINT('',(2.827241335952,-8.75,41.));
#679 = LINE('',#680,#681);
#680 = CARTESIAN_POINT('',(2.827241335952,-5.875,41.));
#681 = VECTOR('',#682,1.);
#682 = DIRECTION('',(0.,-1.,0.));
#683 = ORIENTED_EDGE('',*,*,#684,.F.);
#684 = EDGE_CURVE('',#685,#677,#687,.T.);
#685 = VERTEX_POINT('',#686);
#686 = CARTESIAN_POINT('',(4.527241335952,-8.75,41.));
#687 = LINE('',#688,#689);
#688 = CARTESIAN_POINT('',(2.913620667976,-8.75,41.));
#689 = VECTOR('',#690,1.);
#690 = DIRECTION('',(-1.,0.,0.));
#691 = ORIENTED_EDGE('',*,*,#692,.F.);
#692 = EDGE_CURVE('',#693,#685,#695,.T.);
#693 = VERTEX_POINT('',#694);
#694 = CARTESIAN_POINT('',(4.527241335952,0.25,41.));
#695 = LINE('',#696,#697);
#696 = CARTESIAN_POINT('',(4.527241335952,-5.525,41.));
#697 = VECTOR('',#698,1.);
#698 = DIRECTION('',(0.,-1.,0.));
#699 = ORIENTED_EDGE('',*,*,#700,.T.);
#700 = EDGE_CURVE('',#693,#701,#703,.T.);
#701 = VERTEX_POINT('',#702);
#702 = CARTESIAN_POINT('',(2.827241335952,0.25,41.));
#703 = LINE('',#704,#705);
#704 = CARTESIAN_POINT('',(2.913620667976,0.25,41.));
#705 = VECTOR('',#706,1.);
#706 = DIRECTION('',(-1.,0.,0.));
#707 = ORIENTED_EDGE('',*,*,#708,.F.);
#708 = EDGE_CURVE('',#709,#701,#711,.T.);
#709 = VERTEX_POINT('',#710);
#710 = CARTESIAN_POINT('',(2.827241335952,2.1,41.));
#711 = LINE('',#712,#713);
#712 = CARTESIAN_POINT('',(2.827241335952,0.125,41.));
#713 = VECTOR('',#714,1.);
#714 = DIRECTION('',(0.,-1.,0.));
#715 = ORIENTED_EDGE('',*,*,#716,.T.);
#716 = EDGE_CURVE('',#709,#717,#719,.T.);
#717 = VERTEX_POINT('',#718);
#718 = CARTESIAN_POINT('',(-7.,2.1,41.));
#719 = LINE('',#720,#721);
#720 = CARTESIAN_POINT('',(3.5,2.1,41.));
#721 = VECTOR('',#722,1.);
#722 = DIRECTION('',(-1.,0.,0.));
#723 = ORIENTED_EDGE('',*,*,#724,.F.);
#724 = EDGE_CURVE('',#725,#717,#727,.T.);
#725 = VERTEX_POINT('',#726);
#726 = CARTESIAN_POINT('',(-7.,9.4,41.));
#727 = LINE('',#728,#729);
#728 = CARTESIAN_POINT('',(-7.,1.05,41.));
#729 = VECTOR('',#730,1.);
#730 = DIRECTION('',(0.,-1.,0.));
#731 = ORIENTED_EDGE('',*,*,#732,.T.);
#732 = EDGE_CURVE('',#725,#733,#735,.T.);
#733 = VERTEX_POINT('',#734);
#734 = CARTESIAN_POINT('',(-30.,9.4,41.));
#735 = LINE('',#736,#737);
#736 = CARTESIAN_POINT('',(5.E-02,9.4,41.));
#737 = VECTOR('',#738,1.);
#738 = DIRECTION('',(-1.,0.,0.));
#739 = ORIENTED_EDGE('',*,*,#740,.F.);
#740 = EDGE_CURVE('',#741,#733,#743,.T.);
#741 = VERTEX_POINT('',#742);
#742 = CARTESIAN_POINT('',(-30.,5.428428635156,41.));
#743 = LINE('',#744,#745);
#744 = CARTESIAN_POINT('',(-30.,-21.,41.));
#745 = VECTOR('',#746,1.);
#746 = DIRECTION('',(0.,1.,0.));
#747 = ORIENTED_EDGE('',*,*,#748,.T.);
#748 = EDGE_CURVE('',#741,#749,#751,.T.);
#749 = VERTEX_POINT('',#750);
#750 = CARTESIAN_POINT('',(-21.42037498696,0.366430005975,41.));
#751 = CIRCLE('',#752,10.581910313961);
#752 = AXIS2_PLACEMENT_3D('',#753,#754,#755);
#753 = CARTESIAN_POINT('',(-30.4544826719,-5.143717381318,41.));
#754 = DIRECTION('',(0.,0.,-1.));
#755 = DIRECTION('',(0.,1.,0.));
#756 = ORIENTED_EDGE('',*,*,#757,.T.);
#757 = EDGE_CURVE('',#749,#758,#760,.T.);
#758 = VERTEX_POINT('',#759);
#759 = CARTESIAN_POINT('',(-14.22724133595,-3.671807067358,41.));
#760 = CIRCLE('',#761,8.425524448676);
#761 = AXIS2_PLACEMENT_3D('',#762,#763,#764);
#762 = CARTESIAN_POINT('',(-14.22724133595,4.753717381318,41.));
#763 = DIRECTION('',(0.,0.,1.));
#764 = DIRECTION('',(-0.853731265612,-0.520713862035,0.));
#765 = ORIENTED_EDGE('',*,*,#766,.F.);
#766 = EDGE_CURVE('',#767,#758,#769,.T.);
#767 = VERTEX_POINT('',#768);
#768 = CARTESIAN_POINT('',(-8.940326885598,-2.35385538857,41.));
#769 = B_SPLINE_CURVE_WITH_KNOTS('',8,(#770,#771,#772,#773,#774,#775,
    #776,#777,#778,#779,#780,#781,#782,#783,#784,#785,#786,#787,#788,
    #789,#790,#791,#792,#793,#794,#795,#796,#797,#798,#799,#800,#801,
    #802,#803,#804,#805,#806,#807,#808,#809,#810,#811,#812,#813,#814,
    #815,#816,#817,#818,#819,#820,#821,#822,#823,#824,#825,#826,#827,
    #828,#829,#830,#831,#832,#833,#834),.UNSPECIFIED.,.F.,.F.,(9,7,7,7,7
    ,7,7,7,7,9),(0.,0.136967782981,0.198014190509,0.297195045434,
    0.47243011017,0.749515138925,0.802265780681,0.880221069754,
    0.961488429623,1.),.UNSPECIFIED.);
#770 = CARTESIAN_POINT('',(-6.679890807455,-4.75,41.));
#771 = CARTESIAN_POINT('',(-6.679890807455,-4.597355405617,41.));
#772 = CARTESIAN_POINT('',(-6.692059962346,-4.444667992458,41.));
#773 = CARTESIAN_POINT('',(-6.71640888524,-4.293109935041,41.));
#774 = CARTESIAN_POINT('',(-6.752753487299,-4.143779681081,41.));
#775 = CARTESIAN_POINT('',(-6.800757787464,-3.997705235059,41.));
#776 = CARTESIAN_POINT('',(-6.859956566745,-3.855843331962,41.));
#777 = CARTESIAN_POINT('',(-6.92975786706,-3.719074501186,41.));
#778 = CARTESIAN_POINT('',(-7.044933047364,-3.529860717844,41.));
#779 = CARTESIAN_POINT('',(-7.082406637263,-3.472687383172,41.));
#780 = CARTESIAN_POINT('',(-7.121785102807,-3.416740009033,41.));
#781 = CARTESIAN_POINT('',(-7.163004600133,-3.36207899251,41.));
#782 = CARTESIAN_POINT('',(-7.205998806268,-3.308759337691,41.));
#783 = CARTESIAN_POINT('',(-7.250699282371,-3.256830858035,41.));
#784 = CARTESIAN_POINT('',(-7.297035836973,-3.206338378736,41.));
#785 = CARTESIAN_POINT('',(-7.422760753154,-3.077685927939,41.));
#786 = CARTESIAN_POINT('',(-7.50471646782,-3.001944111817,41.));
#787 = CARTESIAN_POINT('',(-7.590496421347,-2.930267672703,41.));
#788 = CARTESIAN_POINT('',(-7.679790629093,-2.862788460105,41.));
#789 = CARTESIAN_POINT('',(-7.772289766734,-2.799602376154,41.));
#790 = CARTESIAN_POINT('',(-7.867688203355,-2.740772760704,41.));
#791 = CARTESIAN_POINT('',(-7.965687034543,-2.686333776439,41.));
#792 = CARTESIAN_POINT('',(-8.24322732325,-2.547881977262,41.));
#793 = CARTESIAN_POINT('',(-8.427660128088,-2.473208276065,41.));
#794 = CARTESIAN_POINT('',(-8.617733009845,-2.412291504543,41.));
#795 = CARTESIAN_POINT('',(-8.812017944886,-2.364895787282,41.));
#796 = CARTESIAN_POINT('',(-9.009240249823,-2.330592412053,41.));
#797 = CARTESIAN_POINT('',(-9.208292442007,-2.30881157144,41.));
#798 = CARTESIAN_POINT('',(-9.408243116775,-2.298883993329,41.));
#799 = CARTESIAN_POINT('',(-9.924739182598,-2.301951686884,41.));
#800 = CARTESIAN_POINT('',(-10.24142988942,-2.331623579524,41.));
#801 = CARTESIAN_POINT('',(-10.55568754977,-2.386161800619,41.));
#802 = CARTESIAN_POINT('',(-10.86568759906,-2.462340917786,41.));
#803 = CARTESIAN_POINT('',(-11.17042698672,-2.556845030298,41.));
#804 = CARTESIAN_POINT('',(-11.46979600093,-2.66619841907,41.));
#805 = CARTESIAN_POINT('',(-11.76445283285,-2.787098648576,41.));
#806 = CARTESIAN_POINT('',(-12.11193043703,-2.93962693791,41.));
#807 = CARTESIAN_POINT('',(-12.16739672965,-2.964280311961,41.));
#808 = CARTESIAN_POINT('',(-12.22276948486,-2.989162617553,41.));
#809 = CARTESIAN_POINT('',(-12.27806221125,-3.014241853043,41.));
#810 = CARTESIAN_POINT('',(-12.33328989851,-3.039484112677,41.));
#811 = CARTESIAN_POINT('',(-12.38846927717,-3.064853101563,41.));
#812 = CARTESIAN_POINT('',(-12.44361907847,-3.090309650634,41.));
#813 = CARTESIAN_POINT('',(-12.58024839111,-3.153497656875,41.));
#814 = CARTESIAN_POINT('',(-12.66171049704,-3.191278977718,41.));
#815 = CARTESIAN_POINT('',(-12.74322223441,-3.229021214625,41.));
#816 = CARTESIAN_POINT('',(-12.82486270211,-3.266569795109,41.));
#817 = CARTESIAN_POINT('',(-12.90671706095,-3.303744522164,41.));
#818 = CARTESIAN_POINT('',(-12.98888035016,-3.340332265357,41.));
#819 = CARTESIAN_POINT('',(-13.07146253474,-3.376077374567,41.));
#820 = CARTESIAN_POINT('',(-13.24125905618,-3.446731980326,41.));
#821 = CARTESIAN_POINT('',(-13.3284777324,-3.481523375148,41.));
#822 = CARTESIAN_POINT('',(-13.41643720036,-3.514711236636,41.));
#823 = CARTESIAN_POINT('',(-13.50528005809,-3.545867247843,41.));
#824 = CARTESIAN_POINT('',(-13.5951081374,-3.574461783446,41.));
#825 = CARTESIAN_POINT('',(-13.68598519449,-3.599862262774,41.));
#826 = CARTESIAN_POINT('',(-13.77792199437,-3.62138152328,41.));
#827 = CARTESIAN_POINT('',(-13.9148527889,-3.64649745162,41.));
#828 = CARTESIAN_POINT('',(-13.95908626021,-3.65356526645,41.));
#829 = CARTESIAN_POINT('',(-14.00350439132,-3.659560082582,41.));
#830 = CARTESIAN_POINT('',(-14.04808019876,-3.664423266912,41.));
#831 = CARTESIAN_POINT('',(-14.09278183229,-3.668106257727,41.));
#832 = CARTESIAN_POINT('',(-14.13757215349,-3.670573781113,41.));
#833 = CARTESIAN_POINT('',(-14.18240831437,-3.671807067358,41.));
#834 = CARTESIAN_POINT('',(-14.22724133595,-3.671807067358,41.));
#835 = ORIENTED_EDGE('',*,*,#836,.T.);
#836 = EDGE_CURVE('',#767,#837,#839,.T.);
#837 = VERTEX_POINT('',#838);
#838 = CARTESIAN_POINT('',(-8.940326885598,-7.14614461143,41.));
#839 = CIRCLE('',#840,2.5);
#840 = AXIS2_PLACEMENT_3D('',#841,#842,#843);
#841 = CARTESIAN_POINT('',(-8.227241335952,-4.75,41.));
#842 = DIRECTION('',(0.,0.,-1.));
#843 = DIRECTION('',(-1.,0.,0.));
#844 = ORIENTED_EDGE('',*,*,#845,.T.);
#845 = EDGE_CURVE('',#837,#846,#848,.T.);
#846 = VERTEX_POINT('',#847);
#847 = CARTESIAN_POINT('',(-14.22724133595,-5.828192932642,41.));
#848 = B_SPLINE_CURVE_WITH_KNOTS('',8,(#849,#850,#851,#852,#853,#854,
    #855,#856,#857,#858,#859,#860,#861,#862,#863,#864,#865,#866,#867,
    #868,#869,#870,#871,#872,#873,#874,#875,#876,#877,#878,#879,#880,
    #881,#882,#883,#884,#885,#886,#887,#888,#889,#890,#891,#892,#893,
    #894,#895,#896,#897,#898,#899,#900,#901,#902,#903,#904,#905,#906,
    #907,#908,#909,#910,#911,#912,#913),.UNSPECIFIED.,.F.,.F.,(9,7,7,7,7
    ,7,7,7,7,9),(0.,0.13696778298,0.198014190508,0.297195045433,
    0.472430110168,0.749515138923,0.80226578068,0.880221069753,
    0.961488429622,1.),.UNSPECIFIED.);
#849 = CARTESIAN_POINT('',(-6.679890807455,-4.75,41.));
#850 = CARTESIAN_POINT('',(-6.679890807455,-4.902644594383,41.));
#851 = CARTESIAN_POINT('',(-6.692059962346,-5.055332007542,41.));
#852 = CARTESIAN_POINT('',(-6.71640888524,-5.206890064959,41.));
#853 = CARTESIAN_POINT('',(-6.752753487299,-5.356220318919,41.));
#854 = CARTESIAN_POINT('',(-6.800757787464,-5.502294764941,41.));
#855 = CARTESIAN_POINT('',(-6.859956566745,-5.644156668038,41.));
#856 = CARTESIAN_POINT('',(-6.92975786706,-5.780925498815,41.));
#857 = CARTESIAN_POINT('',(-7.044933047364,-5.970139282156,41.));
#858 = CARTESIAN_POINT('',(-7.082406637263,-6.027312616829,41.));
#859 = CARTESIAN_POINT('',(-7.121785102808,-6.083259990967,41.));
#860 = CARTESIAN_POINT('',(-7.163004600133,-6.13792100749,41.));
#861 = CARTESIAN_POINT('',(-7.205998806268,-6.191240662309,41.));
#862 = CARTESIAN_POINT('',(-7.250699282371,-6.243169141965,41.));
#863 = CARTESIAN_POINT('',(-7.297035836973,-6.293661621265,41.));
#864 = CARTESIAN_POINT('',(-7.422760753154,-6.422314072061,41.));
#865 = CARTESIAN_POINT('',(-7.504716467821,-6.498055888183,41.));
#866 = CARTESIAN_POINT('',(-7.590496421347,-6.569732327297,41.));
#867 = CARTESIAN_POINT('',(-7.679790629093,-6.637211539895,41.));
#868 = CARTESIAN_POINT('',(-7.772289766734,-6.700397623846,41.));
#869 = CARTESIAN_POINT('',(-7.867688203355,-6.759227239296,41.));
#870 = CARTESIAN_POINT('',(-7.965687034543,-6.813666223561,41.));
#871 = CARTESIAN_POINT('',(-8.24322732325,-6.952118022738,41.));
#872 = CARTESIAN_POINT('',(-8.427660128089,-7.026791723935,41.));
#873 = CARTESIAN_POINT('',(-8.617733009845,-7.087708495457,41.));
#874 = CARTESIAN_POINT('',(-8.812017944886,-7.135104212718,41.));
#875 = CARTESIAN_POINT('',(-9.009240249823,-7.169407587947,41.));
#876 = CARTESIAN_POINT('',(-9.208292442008,-7.19118842856,41.));
#877 = CARTESIAN_POINT('',(-9.408243116775,-7.201116006671,41.));
#878 = CARTESIAN_POINT('',(-9.924739182599,-7.198048313116,41.));
#879 = CARTESIAN_POINT('',(-10.24142988941,-7.168376420477,41.));
#880 = CARTESIAN_POINT('',(-10.55568754979,-7.113838199377,41.));
#881 = CARTESIAN_POINT('',(-10.86568759904,-7.03765908222,41.));
#882 = CARTESIAN_POINT('',(-11.17042698673,-6.943154969696,41.));
#883 = CARTESIAN_POINT('',(-11.46979600092,-6.833801580933,41.));
#884 = CARTESIAN_POINT('',(-11.76445283285,-6.712901351423,41.));
#885 = CARTESIAN_POINT('',(-12.11193043703,-6.56037306209,41.));
#886 = CARTESIAN_POINT('',(-12.16739672965,-6.535719688039,41.));
#887 = CARTESIAN_POINT('',(-12.22276948486,-6.510837382446,41.));
#888 = CARTESIAN_POINT('',(-12.27806221125,-6.485758146957,41.));
#889 = CARTESIAN_POINT('',(-12.33328989851,-6.460515887323,41.));
#890 = CARTESIAN_POINT('',(-12.38846927717,-6.435146898437,41.));
#891 = CARTESIAN_POINT('',(-12.44361907847,-6.409690349365,41.));
#892 = CARTESIAN_POINT('',(-12.58024839111,-6.346502343125,41.));
#893 = CARTESIAN_POINT('',(-12.66171049704,-6.308721022282,41.));
#894 = CARTESIAN_POINT('',(-12.74322223441,-6.270978785375,41.));
#895 = CARTESIAN_POINT('',(-12.82486270211,-6.233430204891,41.));
#896 = CARTESIAN_POINT('',(-12.90671706095,-6.196255477836,41.));
#897 = CARTESIAN_POINT('',(-12.98888035016,-6.159667734643,41.));
#898 = CARTESIAN_POINT('',(-13.07146253474,-6.123922625433,41.));
#899 = CARTESIAN_POINT('',(-13.24125905618,-6.053268019674,41.));
#900 = CARTESIAN_POINT('',(-13.3284777324,-6.018476624852,41.));
#901 = CARTESIAN_POINT('',(-13.41643720036,-5.985288763365,41.));
#902 = CARTESIAN_POINT('',(-13.50528005809,-5.954132752157,41.));
#903 = CARTESIAN_POINT('',(-13.5951081374,-5.925538216554,41.));
#904 = CARTESIAN_POINT('',(-13.68598519449,-5.900137737226,41.));
#905 = CARTESIAN_POINT('',(-13.77792199437,-5.87861847672,41.));
#906 = CARTESIAN_POINT('',(-13.9148527889,-5.85350254838,41.));
#907 = CARTESIAN_POINT('',(-13.95908626021,-5.84643473355,41.));
#908 = CARTESIAN_POINT('',(-14.00350439132,-5.840439917418,41.));
#909 = CARTESIAN_POINT('',(-14.04808019876,-5.835576733088,41.));
#910 = CARTESIAN_POINT('',(-14.09278183229,-5.831893742273,41.));
#911 = CARTESIAN_POINT('',(-14.13757215349,-5.829426218887,41.));
#912 = CARTESIAN_POINT('',(-14.18240831437,-5.828192932642,41.));
#913 = CARTESIAN_POINT('',(-14.22724133595,-5.828192932642,41.));
#914 = ORIENTED_EDGE('',*,*,#915,.F.);
#915 = EDGE_CURVE('',#916,#846,#918,.T.);
#916 = VERTEX_POINT('',#917);
#917 = CARTESIAN_POINT('',(-23.26134902088,-0.756430005975,41.));
#918 = CIRCLE('',#919,10.581910313961);
#919 = AXIS2_PLACEMENT_3D('',#920,#921,#922);
#920 = CARTESIAN_POINT('',(-14.22724133595,4.753717381318,41.));
#921 = DIRECTION('',(0.,0.,1.));
#922 = DIRECTION('',(-0.853731265612,-0.520713862035,0.));
#923 = ORIENTED_EDGE('',*,*,#924,.F.);
#924 = EDGE_CURVE('',#925,#916,#927,.T.);
#925 = VERTEX_POINT('',#926);
#926 = CARTESIAN_POINT('',(-30.,3.269540473768,41.));
#927 = CIRCLE('',#928,8.425524448676);
#928 = AXIS2_PLACEMENT_3D('',#929,#930,#931);
#929 = CARTESIAN_POINT('',(-30.4544826719,-5.143717381318,41.));
#930 = DIRECTION('',(0.,0.,-1.));
#931 = DIRECTION('',(0.,1.,0.));
#932 = ORIENTED_EDGE('',*,*,#933,.F.);
#933 = EDGE_CURVE('',#934,#925,#936,.T.);
#934 = VERTEX_POINT('',#935);
#935 = CARTESIAN_POINT('',(-30.,-3.722486979029,41.));
#936 = LINE('',#937,#938);
#937 = CARTESIAN_POINT('',(-30.,-21.,41.));
#938 = VECTOR('',#939,1.);
#939 = DIRECTION('',(0.,1.,0.));
#940 = ORIENTED_EDGE('',*,*,#941,.T.);
#941 = EDGE_CURVE('',#934,#942,#944,.T.);
#942 = VERTEX_POINT('',#943);
#943 = CARTESIAN_POINT('',(-19.98462943036,-11.91394406791,41.));
#944 = CIRCLE('',#945,21.540390735097);
#945 = AXIS2_PLACEMENT_3D('',#946,#947,#948);
#946 = CARTESIAN_POINT('',(-38.,-23.72219780245,41.));
#947 = DIRECTION('',(0.,0.,-1.));
#948 = DIRECTION('',(6.9E-16,1.,0.));
#949 = ORIENTED_EDGE('',*,*,#950,.T.);
#950 = EDGE_CURVE('',#942,#951,#953,.T.);
#951 = VERTEX_POINT('',#952);
#952 = CARTESIAN_POINT('',(-3.772758664048,-20.67180706735,41.));
#953 = CIRCLE('',#954,19.384004869812);
#954 = AXIS2_PLACEMENT_3D('',#955,#956,#957);
#955 = CARTESIAN_POINT('',(-3.772758664048,-1.287802197546,41.));
#956 = DIRECTION('',(0.,0.,1.));
#957 = DIRECTION('',(-0.836353007296,-0.548191250556,0.));
#958 = ORIENTED_EDGE('',*,*,#959,.T.);
#959 = EDGE_CURVE('',#951,#960,#962,.T.);
#960 = VERTEX_POINT('',#961);
#961 = CARTESIAN_POINT('',(1.514155786307,-19.35385538857,41.));
#962 = B_SPLINE_CURVE_WITH_KNOTS('',8,(#963,#964,#965,#966,#967,#968,
    #969,#970,#971,#972,#973,#974,#975,#976,#977,#978,#979,#980,#981,
    #982,#983,#984,#985,#986,#987,#988,#989,#990,#991,#992,#993,#994,
    #995,#996,#997,#998,#999,#1000,#1001,#1002,#1003,#1004,#1005,#1006,
    #1007,#1008,#1009,#1010,#1011,#1012,#1013,#1014,#1015,#1016,#1017,
    #1018,#1019,#1020),.UNSPECIFIED.,.F.,.F.,(9,7,7,7,7,7,7,7,9),(0.,
    0.108968184841,0.173790118534,0.19781047848,0.389894350485,
    0.63126257411,0.75975727925,0.836427209571,1.),.UNSPECIFIED.);
#963 = CARTESIAN_POINT('',(-3.772758664048,-20.67180706735,41.));
#964 = CARTESIAN_POINT('',(-3.645689442012,-20.67180706735,41.));
#965 = CARTESIAN_POINT('',(-3.518799683404,-20.6618989497,41.));
#966 = CARTESIAN_POINT('',(-3.393171226896,-20.64212773105,41.));
#967 = CARTESIAN_POINT('',(-3.269322418844,-20.61373035844,41.));
#968 = CARTESIAN_POINT('',(-3.147387311124,-20.57868738987,41.));
#969 = CARTESIAN_POINT('',(-3.027357869082,-20.53858057999,41.));
#970 = CARTESIAN_POINT('',(-2.909042484086,-20.494745426,41.));
#971 = CARTESIAN_POINT('',(-2.722484056711,-20.42042295014,41.));
#972 = CARTESIAN_POINT('',(-2.653346305597,-20.3917119166,41.));
#973 = CARTESIAN_POINT('',(-2.584579287685,-20.36221453876,41.));
#974 = CARTESIAN_POINT('',(-2.516115400496,-20.33210506151,41.));
#975 = CARTESIAN_POINT('',(-2.44789342596,-20.30153256333,41.));
#976 = CARTESIAN_POINT('',(-2.379856619562,-20.27062471228,41.));
#977 = CARTESIAN_POINT('',(-2.31195079948,-20.23949152196,41.));
#978 = CARTESIAN_POINT('',(-2.218988015641,-20.19664453405,41.));
#979 = CARTESIAN_POINT('',(-2.193864840678,-20.18504250024,41.));
#980 = CARTESIAN_POINT('',(-2.168750487607,-20.17342797087,41.));
#981 = CARTESIAN_POINT('',(-2.143642627684,-20.16180571643,41.));
#982 = CARTESIAN_POINT('',(-2.11853902664,-20.15018031308,41.));
#983 = CARTESIAN_POINT('',(-2.093437544691,-20.13855614265,41.));
#984 = CARTESIAN_POINT('',(-2.068336136528,-20.12693739262,41.));
#985 = CARTESIAN_POINT('',(-1.842489139211,-20.02249154943,41.));
#986 = CARTESIAN_POINT('',(-1.64168606307,-19.9302874933,41.));
#987 = CARTESIAN_POINT('',(-1.439737501853,-19.8407295304,41.));
#988 = CARTESIAN_POINT('',(-1.236014098178,-19.7552533511,41.));
#989 = CARTESIAN_POINT('',(-1.030130759705,-19.67512338786,41.));
#990 = CARTESIAN_POINT('',(-0.821890022961,-19.60154064589,41.));
#991 = CARTESIAN_POINT('',(-0.611285118459,-19.53563444366,41.));
#992 = CARTESIAN_POINT('',(-0.13104363707,-19.40675317748,41.));
#993 = CARTESIAN_POINT('',(0.139864093785,-19.34887083095,41.));
#994 = CARTESIAN_POINT('',(0.413954632058,-19.30707492723,41.));
#995 = CARTESIAN_POINT('',(0.690349096006,-19.28355065808,41.));
#996 = CARTESIAN_POINT('',(0.96760349471,-19.2804209495,41.));
#997 = CARTESIAN_POINT('',(1.243701719071,-19.29964149217,41.));
#998 = CARTESIAN_POINT('',(1.516046511464,-19.34285234326,41.));
#999 = CARTESIAN_POINT('',(1.922763386652,-19.44758754688,41.));
#1000 = CARTESIAN_POINT('',(2.062067451966,-19.49108983517,41.));
#1001 = CARTESIAN_POINT('',(2.198868056609,-19.54186761967,41.));
#1002 = CARTESIAN_POINT('',(2.33261167822,-19.60002920569,41.));
#1003 = CARTESIAN_POINT('',(2.46270396981,-19.66562370909,41.));
#1004 = CARTESIAN_POINT('',(2.588515437935,-19.73863005146,41.));
#1005 = CARTESIAN_POINT('',(2.709389430356,-19.81894300329,41.));
#1006 = CARTESIAN_POINT('',(2.893427301237,-19.95851382866,41.));
#1007 = CARTESIAN_POINT('',(2.960205471555,-20.01320002677,41.));
#1008 = CARTESIAN_POINT('',(3.024843175079,-20.07037027226,41.));
#1009 = CARTESIAN_POINT('',(3.087196692653,-20.12996875353,41.));
#1010 = CARTESIAN_POINT('',(3.147123400811,-20.19192763581,41.));
#1011 = CARTESIAN_POINT('',(3.204482817599,-20.25616625246,41.));
#1012 = CARTESIAN_POINT('',(3.259137648382,-20.32259029613,41.));
#1013 = CARTESIAN_POINT('',(3.421505098573,-20.53723504444,41.));
#1014 = CARTESIAN_POINT('',(3.519221557589,-20.69293977453,41.));
#1015 = CARTESIAN_POINT('',(3.602686075959,-20.85704513026,41.));
#1016 = CARTESIAN_POINT('',(3.670746002083,-21.02818915552,41.));
#1017 = CARTESIAN_POINT('',(3.72248795126,-21.20483713229,41.));
#1018 = CARTESIAN_POINT('',(3.757233956217,-21.38529249629,41.));
#1019 = CARTESIAN_POINT('',(3.774591864449,-21.56769355267,41.));
#1020 = CARTESIAN_POINT('',(3.774591864449,-21.75,41.));
#1021 = ORIENTED_EDGE('',*,*,#1022,.T.);
#1022 = EDGE_CURVE('',#960,#1023,#1025,.T.);
#1023 = VERTEX_POINT('',#1024);
#1024 = CARTESIAN_POINT('',(1.514155786307,-24.14614461143,41.));
#1025 = CIRCLE('',#1026,2.5);
#1026 = AXIS2_PLACEMENT_3D('',#1027,#1028,#1029);
#1027 = CARTESIAN_POINT('',(2.227241335952,-21.75,41.));
#1028 = DIRECTION('',(0.,0.,-1.));
#1029 = DIRECTION('',(-1.,0.,0.));
#1030 = ORIENTED_EDGE('',*,*,#1031,.T.);
#1031 = EDGE_CURVE('',#1023,#1032,#1034,.T.);
#1032 = VERTEX_POINT('',#1033);
#1033 = CARTESIAN_POINT('',(-3.772758664048,-22.82819293264,41.));
#1034 = B_SPLINE_CURVE_WITH_KNOTS('',8,(#1035,#1036,#1037,#1038,#1039,
    #1040,#1041,#1042,#1043,#1044,#1045,#1046,#1047,#1048,#1049,#1050,
    #1051,#1052,#1053,#1054,#1055,#1056,#1057,#1058,#1059,#1060,#1061,
    #1062,#1063,#1064,#1065,#1066,#1067,#1068,#1069,#1070,#1071,#1072,
    #1073,#1074,#1075,#1076,#1077,#1078,#1079,#1080,#1081,#1082,#1083,
    #1084,#1085,#1086,#1087,#1088,#1089,#1090,#1091,#1092,#1093,#1094,
    #1095,#1096,#1097,#1098,#1099),.UNSPECIFIED.,.F.,.F.,(9,7,7,7,7,7,7,
    7,7,9),(0.,0.136967782981,0.198014190508,0.297195045433,
    0.472430110169,0.749515138924,0.80226578068,0.880221069754,
    0.961488429623,1.),.UNSPECIFIED.);
#1035 = CARTESIAN_POINT('',(3.774591864449,-21.75,41.));
#1036 = CARTESIAN_POINT('',(3.774591864449,-21.90264459438,41.));
#1037 = CARTESIAN_POINT('',(3.762422709558,-22.05533200754,41.));
#1038 = CARTESIAN_POINT('',(3.738073786664,-22.20689006495,41.));
#1039 = CARTESIAN_POINT('',(3.701729184606,-22.35622031892,41.));
#1040 = CARTESIAN_POINT('',(3.65372488444,-22.50229476494,41.));
#1041 = CARTESIAN_POINT('',(3.594526105159,-22.64415666803,41.));
#1042 = CARTESIAN_POINT('',(3.524724804844,-22.78092549881,41.));
#1043 = CARTESIAN_POINT('',(3.40954962454,-22.97013928215,41.));
#1044 = CARTESIAN_POINT('',(3.372076034641,-23.02731261682,41.));
#1045 = CARTESIAN_POINT('',(3.332697569096,-23.08325999096,41.));
#1046 = CARTESIAN_POINT('',(3.291478071771,-23.13792100749,41.));
#1047 = CARTESIAN_POINT('',(3.248483865636,-23.1912406623,41.));
#1048 = CARTESIAN_POINT('',(3.203783389533,-23.24316914196,41.));
#1049 = CARTESIAN_POINT('',(3.157446834931,-23.29366162126,41.));
#1050 = CARTESIAN_POINT('',(3.03172191875,-23.42231407206,41.));
#1051 = CARTESIAN_POINT('',(2.949766204083,-23.49805588818,41.));
#1052 = CARTESIAN_POINT('',(2.863986250557,-23.56973232729,41.));
#1053 = CARTESIAN_POINT('',(2.774692042811,-23.63721153989,41.));
#1054 = CARTESIAN_POINT('',(2.68219290517,-23.70039762384,41.));
#1055 = CARTESIAN_POINT('',(2.586794468549,-23.75922723929,41.));
#1056 = CARTESIAN_POINT('',(2.488795637361,-23.81366622356,41.));
#1057 = CARTESIAN_POINT('',(2.211255348653,-23.95211802273,41.));
#1058 = CARTESIAN_POINT('',(2.026822543816,-24.02679172393,41.));
#1059 = CARTESIAN_POINT('',(1.836749662059,-24.08770849545,41.));
#1060 = CARTESIAN_POINT('',(1.642464727018,-24.13510421271,41.));
#1061 = CARTESIAN_POINT('',(1.445242422081,-24.16940758794,41.));
#1062 = CARTESIAN_POINT('',(1.246190229896,-24.19118842856,41.));
#1063 = CARTESIAN_POINT('',(1.046239555129,-24.20111600667,41.));
#1064 = CARTESIAN_POINT('',(0.529743489305,-24.19804831311,41.));
#1065 = CARTESIAN_POINT('',(0.213052782483,-24.16837642047,41.));
#1066 = CARTESIAN_POINT('',(-0.101204877881,-24.11383819937,41.));
#1067 = CARTESIAN_POINT('',(-0.411204927149,-24.03765908221,41.));
#1068 = CARTESIAN_POINT('',(-0.715944314824,-23.9431549697,41.));
#1069 = CARTESIAN_POINT('',(-1.015313329026,-23.83380158093,41.));
#1070 = CARTESIAN_POINT('',(-1.309970160948,-23.71290135142,41.));
#1071 = CARTESIAN_POINT('',(-1.657447765128,-23.56037306209,41.));
#1072 = CARTESIAN_POINT('',(-1.712914057754,-23.53571968803,41.));
#1073 = CARTESIAN_POINT('',(-1.768286812957,-23.51083738244,41.));
#1074 = CARTESIAN_POINT('',(-1.823579539355,-23.48575814695,41.));
#1075 = CARTESIAN_POINT('',(-1.878807226612,-23.46051588732,41.));
#1076 = CARTESIAN_POINT('',(-1.933986605269,-23.43514689843,41.));
#1077 = CARTESIAN_POINT('',(-1.989136406566,-23.40969034936,41.));
#1078 = CARTESIAN_POINT('',(-2.125765719213,-23.34650234312,41.));
#1079 = CARTESIAN_POINT('',(-2.207227825136,-23.30872102228,41.));
#1080 = CARTESIAN_POINT('',(-2.288739562507,-23.27097878537,41.));
#1081 = CARTESIAN_POINT('',(-2.370380030206,-23.23343020489,41.));
#1082 = CARTESIAN_POINT('',(-2.452234389052,-23.19625547783,41.));
#1083 = CARTESIAN_POINT('',(-2.53439767826,-23.15966773464,41.));
#1084 = CARTESIAN_POINT('',(-2.616979862839,-23.12392262543,41.));
#1085 = CARTESIAN_POINT('',(-2.786776384276,-23.05326801967,41.));
#1086 = CARTESIAN_POINT('',(-2.873995060505,-23.01847662485,41.));
#1087 = CARTESIAN_POINT('',(-2.961954528463,-22.98528876336,41.));
#1088 = CARTESIAN_POINT('',(-3.050797386195,-22.95413275215,41.));
#1089 = CARTESIAN_POINT('',(-3.140625465498,-22.92553821655,41.));
#1090 = CARTESIAN_POINT('',(-3.23150252259,-22.90013773722,41.));
#1091 = CARTESIAN_POINT('',(-3.323439322474,-22.87861847672,41.));
#1092 = CARTESIAN_POINT('',(-3.460370117002,-22.85350254838,41.));
#1093 = CARTESIAN_POINT('',(-3.504603588311,-22.84643473355,41.));
#1094 = CARTESIAN_POINT('',(-3.549021719423,-22.84043991741,41.));
#1095 = CARTESIAN_POINT('',(-3.593597526865,-22.83557673308,41.));
#1096 = CARTESIAN_POINT('',(-3.638299160394,-22.83189374227,41.));
#1097 = CARTESIAN_POINT('',(-3.683089481592,-22.82942621888,41.));
#1098 = CARTESIAN_POINT('',(-3.727925642468,-22.82819293264,41.));
#1099 = CARTESIAN_POINT('',(-3.772758664048,-22.82819293264,41.));
#1100 = ORIENTED_EDGE('',*,*,#1101,.F.);
#1101 = EDGE_CURVE('',#1102,#1032,#1104,.T.);
#1102 = VERTEX_POINT('',#1103);
#1103 = CARTESIAN_POINT('',(-21.78812923368,-13.09605593208,41.));
#1104 = CIRCLE('',#1105,21.540390735097);
#1105 = AXIS2_PLACEMENT_3D('',#1106,#1107,#1108);
#1106 = CARTESIAN_POINT('',(-3.772758664048,-1.287802197546,41.));
#1107 = DIRECTION('',(0.,0.,1.));
#1108 = DIRECTION('',(-0.836353007296,-0.548191250556,0.));
#1109 = ORIENTED_EDGE('',*,*,#1110,.F.);
#1110 = EDGE_CURVE('',#1111,#1102,#1113,.T.);
#1111 = VERTEX_POINT('',#1112);
#1112 = CARTESIAN_POINT('',(-30.,-6.066047463468,41.));
#1113 = CIRCLE('',#1114,19.384004869812);
#1114 = AXIS2_PLACEMENT_3D('',#1115,#1116,#1117);
#1115 = CARTESIAN_POINT('',(-38.,-23.72219780245,41.));
#1116 = DIRECTION('',(0.,0.,-1.));
#1117 = DIRECTION('',(6.9E-16,1.,0.));
#1118 = ORIENTED_EDGE('',*,*,#1119,.F.);
#1119 = EDGE_CURVE('',#1120,#1111,#1122,.T.);
#1120 = VERTEX_POINT('',#1121);
#1121 = CARTESIAN_POINT('',(-30.,-21.,41.));
#1122 = LINE('',#1123,#1124);
#1123 = CARTESIAN_POINT('',(-30.,-21.,41.));
#1124 = VECTOR('',#1125,1.);
#1125 = DIRECTION('',(0.,1.,0.));
#1126 = ORIENTED_EDGE('',*,*,#1127,.F.);
#1127 = EDGE_CURVE('',#469,#1120,#1128,.T.);
#1128 = CIRCLE('',#1129,4.);
#1129 = AXIS2_PLACEMENT_3D('',#1130,#1131,#1132);
#1130 = CARTESIAN_POINT('',(-26.,-21.,41.));
#1131 = DIRECTION('',(0.,0.,-1.));
#1132 = DIRECTION('',(-1.,0.,0.));
#1133 = ORIENTED_EDGE('',*,*,#476,.F.);
#1134 = ORIENTED_EDGE('',*,*,#1135,.F.);
#1135 = EDGE_CURVE('',#1136,#477,#1138,.T.);
#1136 = VERTEX_POINT('',#1137);
#1137 = CARTESIAN_POINT('',(-1.772758664048,-25.75,41.));
#1138 = LINE('',#1139,#1140);
#1139 = CARTESIAN_POINT('',(-1.772758664048,-25.75,41.));
#1140 = VECTOR('',#1141,1.);
#1141 = DIRECTION('',(0.,1.,0.));
#1142 = ORIENTED_EDGE('',*,*,#1143,.F.);
#1143 = EDGE_CURVE('',#1144,#1136,#1146,.T.);
#1144 = VERTEX_POINT('',#1145);
#1145 = CARTESIAN_POINT('',(6.227241335952,-25.75,41.));
#1146 = LINE('',#1147,#1148);
#1147 = CARTESIAN_POINT('',(6.227241335952,-25.75,41.));
#1148 = VECTOR('',#1149,1.);
#1149 = DIRECTION('',(-1.,0.,0.));
#1150 = ORIENTED_EDGE('',*,*,#1151,.T.);
#1151 = EDGE_CURVE('',#1144,#316,#1152,.T.);
#1152 = LINE('',#1153,#1154);
#1153 = CARTESIAN_POINT('',(6.227241335952,-25.75,41.));
#1154 = VECTOR('',#1155,1.);
#1155 = DIRECTION('',(0.,1.,0.));
#1156 = ORIENTED_EDGE('',*,*,#315,.F.);
#1157 = PLANE('',#1158);
#1158 = AXIS2_PLACEMENT_3D('',#1159,#1160,#1161);
#1159 = CARTESIAN_POINT('',(-0.112444564414,2.0775029818,41.));
#1160 = DIRECTION('',(-0.,-0.,-1.));
#1161 = DIRECTION('',(-1.,0.,0.));
#1162 = ADVANCED_FACE('',(#1163),#1206,.F.);
#1163 = FACE_BOUND('',#1164,.T.);
#1164 = EDGE_LOOP('',(#1165,#1166,#1167,#1175,#1183,#1191,#1199,#1205));
#1165 = ORIENTED_EDGE('',*,*,#32,.F.);
#1166 = ORIENTED_EDGE('',*,*,#515,.T.);
#1167 = ORIENTED_EDGE('',*,*,#1168,.F.);
#1168 = EDGE_CURVE('',#1169,#516,#1171,.T.);
#1169 = VERTEX_POINT('',#1170);
#1170 = CARTESIAN_POINT('',(30.,15.026168953532,42.2));
#1171 = LINE('',#1172,#1173);
#1172 = CARTESIAN_POINT('',(30.,15.026168953532,40.9));
#1173 = VECTOR('',#1174,1.);
#1174 = DIRECTION('',(0.,0.,-1.));
#1175 = ORIENTED_EDGE('',*,*,#1176,.F.);
#1176 = EDGE_CURVE('',#1177,#1169,#1179,.T.);
#1177 = VERTEX_POINT('',#1178);
#1178 = CARTESIAN_POINT('',(30.,18.7,42.2));
#1179 = LINE('',#1180,#1181);
#1180 = CARTESIAN_POINT('',(30.,-3.525939699762,42.2));
#1181 = VECTOR('',#1182,1.);
#1182 = DIRECTION('',(0.,-1.,0.));
#1183 = ORIENTED_EDGE('',*,*,#1184,.F.);
#1184 = EDGE_CURVE('',#1185,#1177,#1187,.T.);
#1185 = VERTEX_POINT('',#1186);
#1186 = CARTESIAN_POINT('',(30.,18.7,41.));
#1187 = LINE('',#1188,#1189);
#1188 = CARTESIAN_POINT('',(30.,18.7,40.8));
#1189 = VECTOR('',#1190,1.);
#1190 = DIRECTION('',(0.,0.,1.));
#1191 = ORIENTED_EDGE('',*,*,#1192,.T.);
#1192 = EDGE_CURVE('',#1185,#1193,#1195,.T.);
#1193 = VERTEX_POINT('',#1194);
#1194 = CARTESIAN_POINT('',(30.,21.,41.));
#1195 = LINE('',#1196,#1197);
#1196 = CARTESIAN_POINT('',(30.,-21.,41.));
#1197 = VECTOR('',#1198,1.);
#1198 = DIRECTION('',(0.,1.,0.));
#1199 = ORIENTED_EDGE('',*,*,#1200,.T.);
#1200 = EDGE_CURVE('',#1193,#107,#1201,.T.);
#1201 = LINE('',#1202,#1203);
#1202 = CARTESIAN_POINT('',(30.,21.,41.));
#1203 = VECTOR('',#1204,1.);
#1204 = DIRECTION('',(0.,0.,1.));
#1205 = ORIENTED_EDGE('',*,*,#115,.F.);
#1206 = PLANE('',#1207);
#1207 = AXIS2_PLACEMENT_3D('',#1208,#1209,#1210);
#1208 = CARTESIAN_POINT('',(30.,-21.,41.));
#1209 = DIRECTION('',(-1.,0.,0.));
#1210 = DIRECTION('',(0.,0.,-1.));
#1211 = ADVANCED_FACE('',(#1212),#1231,.T.);
#1212 = FACE_BOUND('',#1213,.F.);
#1213 = EDGE_LOOP('',(#1214,#1215,#1223,#1230));
#1214 = ORIENTED_EDGE('',*,*,#106,.F.);
#1215 = ORIENTED_EDGE('',*,*,#1216,.F.);
#1216 = EDGE_CURVE('',#1217,#99,#1219,.T.);
#1217 = VERTEX_POINT('',#1218);
#1218 = CARTESIAN_POINT('',(26.,25.,41.));
#1219 = LINE('',#1220,#1221);
#1220 = CARTESIAN_POINT('',(26.,25.,41.));
#1221 = VECTOR('',#1222,1.);
#1222 = DIRECTION('',(0.,0.,1.));
#1223 = ORIENTED_EDGE('',*,*,#1224,.T.);
#1224 = EDGE_CURVE('',#1217,#1193,#1225,.T.);
#1225 = CIRCLE('',#1226,4.);
#1226 = AXIS2_PLACEMENT_3D('',#1227,#1228,#1229);
#1227 = CARTESIAN_POINT('',(26.,21.,41.));
#1228 = DIRECTION('',(0.,0.,-1.));
#1229 = DIRECTION('',(-1.,0.,0.));
#1230 = ORIENTED_EDGE('',*,*,#1200,.T.);
#1231 = CYLINDRICAL_SURFACE('',#1232,4.);
#1232 = AXIS2_PLACEMENT_3D('',#1233,#1234,#1235);
#1233 = CARTESIAN_POINT('',(26.,21.,41.));
#1234 = DIRECTION('',(0.,0.,1.));
#1235 = DIRECTION('',(-1.,0.,0.));
#1236 = ADVANCED_FACE('',(#1237),#1332,.T.);
#1237 = FACE_BOUND('',#1238,.F.);
#1238 = EDGE_LOOP('',(#1239,#1240,#1241,#1324,#1325,#1326));
#1239 = ORIENTED_EDGE('',*,*,#72,.F.);
#1240 = ORIENTED_EDGE('',*,*,#325,.F.);
#1241 = ORIENTED_EDGE('',*,*,#1242,.T.);
#1242 = EDGE_CURVE('',#326,#461,#1243,.T.);
#1243 = B_SPLINE_CURVE_WITH_KNOTS('',7,(#1244,#1245,#1246,#1247,#1248,
    #1249,#1250,#1251,#1252,#1253,#1254,#1255,#1256,#1257,#1258,#1259,
    #1260,#1261,#1262,#1263,#1264,#1265,#1266,#1267,#1268,#1269,#1270,
    #1271,#1272,#1273,#1274,#1275,#1276,#1277,#1278,#1279,#1280,#1281,
    #1282,#1283,#1284,#1285,#1286,#1287,#1288,#1289,#1290,#1291,#1292,
    #1293,#1294,#1295,#1296,#1297,#1298,#1299,#1300,#1301,#1302,#1303,
    #1304,#1305,#1306,#1307,#1308,#1309,#1310,#1311,#1312,#1313,#1314,
    #1315,#1316,#1317,#1318,#1319,#1320,#1321,#1322,#1323),
  .UNSPECIFIED.,.F.,.F.,(8,6,6,6,6,6,6,6,6,6,6,6,6,8),(0.,0.245553371441
    ,0.31489176804,0.359043681845,0.391908637538,0.417668271203,
    0.438769637916,0.500027145224,0.582046031153,0.607733430553,
    0.640470693002,0.686008189229,0.755246506283,1.),.UNSPECIFIED.);
#1244 = CARTESIAN_POINT('',(-26.,-25.,52.415097169808));
#1245 = CARTESIAN_POINT('',(-26.18502015974,-25.,52.415097169808));
#1246 = CARTESIAN_POINT('',(-26.37087888752,-24.99001585445,
    52.400986594627));
#1247 = CARTESIAN_POINT('',(-26.55531155271,-24.96988246646,
    52.372529908273));
#1248 = CARTESIAN_POINT('',(-26.73584818979,-24.94001906148,
    52.328996656796));
#1249 = CARTESIAN_POINT('',(-26.9099111765,-24.90151175044,
    52.269121790038));
#1250 = CARTESIAN_POINT('',(-27.0746914276,-24.85623305005,
    52.191139219407));
#1251 = CARTESIAN_POINT('',(-27.26958443848,-24.79344015759,
    52.065154652551));
#1252 = CARTESIAN_POINT('',(-27.31140788488,-24.77934208443,
    52.035843340061));
#1253 = CARTESIAN_POINT('',(-27.35201780051,-24.76505952347,
    52.004954514121));
#1254 = CARTESIAN_POINT('',(-27.39129867155,-24.75068709498,
    51.972487865948));
#1255 = CARTESIAN_POINT('',(-27.42914125833,-24.73632548409,
    51.938450767425));
#1256 = CARTESIAN_POINT('',(-27.46544237015,-24.72207962962,
    51.902858566331));
#1257 = CARTESIAN_POINT('',(-27.52217618529,-24.6991278084,
    51.84209600599));
#1258 = CARTESIAN_POINT('',(-27.54357935958,-24.69029056322,
    51.817840284765));
#1259 = CARTESIAN_POINT('',(-27.56428456517,-24.68157520506,
    51.79297939222));
#1260 = CARTESIAN_POINT('',(-27.58426396847,-24.67301149595,
    51.767527176299));
#1261 = CARTESIAN_POINT('',(-27.60349150008,-24.66462893212,
    51.741499658563));
#1262 = CARTESIAN_POINT('',(-27.62194285477,-24.6564567441,
    51.714915034189));
#1263 = CARTESIAN_POINT('',(-27.65273542306,-24.64261899558,
    51.667605591985));
#1264 = CARTESIAN_POINT('',(-27.66543229482,-24.63684679778,
    51.647120890089));
#1265 = CARTESIAN_POINT('',(-27.67767643234,-24.63121935654,
    51.626348642392));
#1266 = CARTESIAN_POINT('',(-27.68945873587,-24.62574834955,
    51.605298697225));
#1267 = CARTESIAN_POINT('',(-27.70077068033,-24.62044507882,
    51.583981675141));
#1268 = CARTESIAN_POINT('',(-27.71160431536,-24.61532047069,
    51.562408968918));
#1269 = CARTESIAN_POINT('',(-27.73006301406,-24.60651670118,
    51.523493132083));
#1270 = CARTESIAN_POINT('',(-27.73787540174,-24.6027645232,
    51.506243868963));
#1271 = CARTESIAN_POINT('',(-27.74538589339,-24.59913359408,
    51.488850800421));
#1272 = CARTESIAN_POINT('',(-27.75259118968,-24.59562873244,
    51.471319990104));
#1273 = CARTESIAN_POINT('',(-27.75948822688,-24.59225452329,
    51.453657719083));
#1274 = CARTESIAN_POINT('',(-27.76607417687,-24.58901531811,
    51.435870485853));
#1275 = CARTESIAN_POINT('',(-27.77748446567,-24.58337575792,
    51.403297480602));
#1276 = CARTESIAN_POINT('',(-27.7824119965,-24.58092962445,
    51.388550590107));
#1277 = CARTESIAN_POINT('',(-27.78712761651,-24.57857909067,
    51.373728019546));
#1278 = CARTESIAN_POINT('',(-27.79163000465,-24.57632628377,
    51.358833522225));
#1279 = CARTESIAN_POINT('',(-27.79591794193,-24.57417320191,
    51.343870920059));
#1280 = CARTESIAN_POINT('',(-27.79999031142,-24.57212171421,
    51.328844103566));
#1281 = CARTESIAN_POINT('',(-27.81503949126,-24.56451804904,
    51.269959091343));
#1282 = CARTESIAN_POINT('',(-27.82440720567,-24.55973352893,
    51.225654623713));
#1283 = CARTESIAN_POINT('',(-27.83192505329,-24.55586223057,
    51.180939631153));
#1284 = CARTESIAN_POINT('',(-27.83757512381,-24.55293661106,
    51.135913224215));
#1285 = CARTESIAN_POINT('',(-27.84134564767,-24.55097879247,
    51.090677467148));
#1286 = CARTESIAN_POINT('',(-27.84323085911,-24.55,51.045337223214));
#1287 = CARTESIAN_POINT('',(-27.84323085911,-24.55,50.939297096756));
#1288 = CARTESIAN_POINT('',(-27.83985131575,-24.55175446942,
    50.878586138661));
#1289 = CARTESIAN_POINT('',(-27.83309093646,-24.55526508072,
    50.818124175665));
#1290 = CARTESIAN_POINT('',(-27.82296866527,-24.56049499608,
    50.758165348687));
#1291 = CARTESIAN_POINT('',(-27.80952351464,-24.56737254287,
    50.698954717629));
#1292 = CARTESIAN_POINT('',(-27.79281439739,-24.57579488902,
    50.640722089391));
#1293 = CARTESIAN_POINT('',(-27.76668924235,-24.58871250367,
    50.565809599293));
#1294 = CARTESIAN_POINT('',(-27.76014637443,-24.59193192407,
    50.548060524416));
#1295 = CARTESIAN_POINT('',(-27.75329391402,-24.59528590924,
    50.530435291943));
#1296 = CARTESIAN_POINT('',(-27.74613465346,-24.59877015668,
    50.51294035853));
#1297 = CARTESIAN_POINT('',(-27.73867161816,-24.60238013186,
    50.495581966796));
#1298 = CARTESIAN_POINT('',(-27.73090806664,-24.60611106822,
    50.478366145327));
#1299 = CARTESIAN_POINT('',(-27.71257470281,-24.61486064097,
    50.439547143078));
#1300 = CARTESIAN_POINT('',(-27.70181945424,-24.61995173633,
    50.418036512023));
#1301 = CARTESIAN_POINT('',(-27.69058900571,-24.62522084883,
    50.396778875334));
#1302 = CARTESIAN_POINT('',(-27.67889118584,-24.63065719976,
    50.375785534886));
#1303 = CARTESIAN_POINT('',(-27.6667343909,-24.63624963612,50.3550670346
    ));
#1304 = CARTESIAN_POINT('',(-27.65412758477,-24.64198663063,
    50.334633160447));
#1305 = CARTESIAN_POINT('',(-27.6229315387,-24.65602096002,
    50.286477916465));
#1306 = CARTESIAN_POINT('',(-27.60393151776,-24.66444193771,
    50.259032641706));
#1307 = CARTESIAN_POINT('',(-27.58410494865,-24.67308789788,
    50.232179602914));
#1308 = CARTESIAN_POINT('',(-27.56347844351,-24.68192665971,
    50.205938786358));
#1309 = CARTESIAN_POINT('',(-27.54208057675,-24.69092555766,
    50.180327704975));
#1310 = CARTESIAN_POINT('',(-27.51994194773,-24.70005182081,
    50.155361425516));
#1311 = CARTESIAN_POINT('',(-27.46235755485,-24.72329338911,
    50.094091791829));
#1312 = CARTESIAN_POINT('',(-27.42599218269,-24.73752943124,
    50.058660692565));
#1313 = CARTESIAN_POINT('',(-27.38809618784,-24.75187435462,
    50.024781956278));
#1314 = CARTESIAN_POINT('',(-27.34877235561,-24.76622396402,
    49.992470107518));
#1315 = CARTESIAN_POINT('',(-27.30812941546,-24.78047837024,
    49.961731829337));
#1316 = CARTESIAN_POINT('',(-27.26628226079,-24.79454376772,
    49.932566255626));
#1317 = CARTESIAN_POINT('',(-27.07159674683,-24.85708264494,
    49.807397333534));
#1318 = CARTESIAN_POINT('',(-26.90718209731,-24.90211488923,
    49.729940969378));
#1319 = CARTESIAN_POINT('',(-26.73358375899,-24.94039284504,
    49.670458412541));
#1320 = CARTESIAN_POINT('',(-26.55357634276,-24.97007175933,
    49.627202522507));
#1321 = CARTESIAN_POINT('',(-26.36971093498,-24.99007890668,
    49.598924289308));
#1322 = CARTESIAN_POINT('',(-26.18443497778,-25.,49.584902830192));
#1323 = CARTESIAN_POINT('',(-26.,-25.,49.584902830192));
#1324 = ORIENTED_EDGE('',*,*,#468,.F.);
#1325 = ORIENTED_EDGE('',*,*,#1127,.T.);
#1326 = ORIENTED_EDGE('',*,*,#1327,.T.);
#1327 = EDGE_CURVE('',#1120,#73,#1328,.T.);
#1328 = LINE('',#1329,#1330);
#1329 = CARTESIAN_POINT('',(-30.,-21.,41.));
#1330 = VECTOR('',#1331,1.);
#1331 = DIRECTION('',(0.,0.,1.));
#1332 = CYLINDRICAL_SURFACE('',#1333,4.);
#1333 = AXIS2_PLACEMENT_3D('',#1334,#1335,#1336);
#1334 = CARTESIAN_POINT('',(-26.,-21.,41.));
#1335 = DIRECTION('',(0.,0.,1.));
#1336 = DIRECTION('',(-1.,0.,0.));
#1337 = ADVANCED_FACE('',(#1338),#1356,.T.);
#1338 = FACE_BOUND('',#1339,.F.);
#1339 = EDGE_LOOP('',(#1340,#1348,#1349,#1350));
#1340 = ORIENTED_EDGE('',*,*,#1341,.F.);
#1341 = EDGE_CURVE('',#1217,#1342,#1344,.T.);
#1342 = VERTEX_POINT('',#1343);
#1343 = CARTESIAN_POINT('',(-26.,25.,41.));
#1344 = LINE('',#1345,#1346);
#1345 = CARTESIAN_POINT('',(26.,25.,41.));
#1346 = VECTOR('',#1347,1.);
#1347 = DIRECTION('',(-1.,0.,0.));
#1348 = ORIENTED_EDGE('',*,*,#1216,.T.);
#1349 = ORIENTED_EDGE('',*,*,#98,.T.);
#1350 = ORIENTED_EDGE('',*,*,#1351,.F.);
#1351 = EDGE_CURVE('',#1342,#90,#1352,.T.);
#1352 = LINE('',#1353,#1354);
#1353 = CARTESIAN_POINT('',(-26.,25.,41.));
#1354 = VECTOR('',#1355,1.);
#1355 = DIRECTION('',(0.,0.,1.));
#1356 = PLANE('',#1357);
#1357 = AXIS2_PLACEMENT_3D('',#1358,#1359,#1360);
#1358 = CARTESIAN_POINT('',(26.,25.,41.));
#1359 = DIRECTION('',(0.,1.,0.));
#1360 = DIRECTION('',(-0.,-0.,-1.));
#1361 = ADVANCED_FACE('',(#1362),#1533,.T.);
#1362 = FACE_BOUND('',#1363,.F.);
#1363 = EDGE_LOOP('',(#1364,#1365,#1366,#1425,#1426,#1476,#1477,#1485,
    #1493,#1501,#1509,#1517,#1526,#1532));
#1364 = ORIENTED_EDGE('',*,*,#1327,.F.);
#1365 = ORIENTED_EDGE('',*,*,#1119,.T.);
#1366 = ORIENTED_EDGE('',*,*,#1367,.T.);
#1367 = EDGE_CURVE('',#1111,#934,#1368,.T.);
#1368 = B_SPLINE_CURVE_WITH_KNOTS('',7,(#1369,#1370,#1371,#1372,#1373,
    #1374,#1375,#1376,#1377,#1378,#1379,#1380,#1381,#1382,#1383,#1384,
    #1385,#1386,#1387,#1388,#1389,#1390,#1391,#1392,#1393,#1394,#1395,
    #1396,#1397,#1398,#1399,#1400,#1401,#1402,#1403,#1404,#1405,#1406,
    #1407,#1408,#1409,#1410,#1411,#1412,#1413,#1414,#1415,#1416,#1417,
    #1418,#1419,#1420,#1421,#1422,#1423,#1424),.UNSPECIFIED.,.F.,.F.,(8,
    6,6,6,6,6,6,6,6,8),(0.,0.160607848831,0.246273910852,0.304137334221,
    0.345403371365,0.447915947931,0.591715057008,0.65926911748,
    0.764018082091,1.),.UNSPECIFIED.);
#1369 = CARTESIAN_POINT('',(-30.,-7.500840081207,39.4));
#1370 = CARTESIAN_POINT('',(-30.,-7.45864311644,39.549827363631));
#1371 = CARTESIAN_POINT('',(-30.,-7.404326468831,39.69634148076));
#1372 = CARTESIAN_POINT('',(-30.,-7.338399836749,39.838418419057));
#1373 = CARTESIAN_POINT('',(-30.,-7.261551139808,39.975109505988));
#1374 = CARTESIAN_POINT('',(-30.,-7.174569445986,40.105611090189));
#1375 = CARTESIAN_POINT('',(-30.,-7.078297289406,40.229244171307));
#1376 = CARTESIAN_POINT('',(-30.,-6.917774858344,40.407423266639));
#1377 = CARTESIAN_POINT('',(-30.,-6.859538728881,40.467293462181));
#1378 = CARTESIAN_POINT('',(-30.,-6.799032543723,40.524972257916));
#1379 = CARTESIAN_POINT('',(-30.,-6.736385369621,40.580386662392));
#1380 = CARTESIAN_POINT('',(-30.,-6.67172584678,40.63347193933));
#1381 = CARTESIAN_POINT('',(-30.,-6.605181248877,40.684170627224));
#1382 = CARTESIAN_POINT('',(-30.,-6.490739904863,40.765029564036));
#1383 = CARTESIAN_POINT('',(-30.,-6.443800302704,40.796515277931));
#1384 = CARTESIAN_POINT('',(-30.,-6.396096321258,40.826873066337));
#1385 = CARTESIAN_POINT('',(-30.,-6.347666185368,40.856088360469));
#1386 = CARTESIAN_POINT('',(-30.,-6.298547760053,40.884147657068));
#1387 = CARTESIAN_POINT('',(-30.,-6.248778550511,40.911038518397));
#1388 = CARTESIAN_POINT('',(-30.,-6.162464532264,40.955085737668));
#1389 = CARTESIAN_POINT('',(-30.,-6.126221274314,40.972821813015));
#1390 = CARTESIAN_POINT('',(-30.,-6.089679391582,40.989953645437));
#1391 = CARTESIAN_POINT('',(-30.,-6.052852270312,41.006477290826));
#1392 = CARTESIAN_POINT('',(-30.,-6.015753219687,41.022389013808));
#1393 = CARTESIAN_POINT('',(-30.,-5.978395471816,41.037685287746));
#1394 = CARTESIAN_POINT('',(-30.,-5.847378555936,41.088824475184));
#1395 = CARTESIAN_POINT('',(-30.,-5.752450495498,41.121467232794));
#1396 = CARTESIAN_POINT('',(-30.,-5.656208437872,41.150240686199));
#1397 = CARTESIAN_POINT('',(-30.,-5.558851927629,41.175100624273));
#1398 = CARTESIAN_POINT('',(-30.,-5.460579616478,41.196009006136));
#1399 = CARTESIAN_POINT('',(-30.,-5.361589263259,41.212933961156));
#1400 = CARTESIAN_POINT('',(-30.,-5.12248833197,41.243967415016));
#1401 = CARTESIAN_POINT('',(-30.,-4.981876746339,41.25419578098));
#1402 = CARTESIAN_POINT('',(-30.,-4.840785930058,41.256464150857));
#1403 = CARTESIAN_POINT('',(-30.,-4.699767676459,41.250723405592));
#1404 = CARTESIAN_POINT('',(-30.,-4.559382683543,41.236950792858));
#1405 = CARTESIAN_POINT('',(-30.,-4.42020061832,41.21515467685));
#1406 = CARTESIAN_POINT('',(-30.,-4.218252093866,41.171391382143));
#1407 = CARTESIAN_POINT('',(-30.,-4.154097863962,41.155642744637));
#1408 = CARTESIAN_POINT('',(-30.,-4.090398036687,41.138137917952));
#1409 = CARTESIAN_POINT('',(-30.,-4.02721371067,41.1188836079));
#1410 = CARTESIAN_POINT('',(-30.,-3.964606537912,41.097888683727));
#1411 = CARTESIAN_POINT('',(-30.,-3.902638723777,41.075164178109));
#1412 = CARTESIAN_POINT('',(-30.,-3.746374765484,41.012825372448));
#1413 = CARTESIAN_POINT('',(-30.,-3.653064075833,40.970800670877));
#1414 = CARTESIAN_POINT('',(-30.,-3.561675519214,40.924699679665));
#1415 = CARTESIAN_POINT('',(-30.,-3.472446100055,40.874587001387));
#1416 = CARTESIAN_POINT('',(-30.,-3.385613954217,40.820543342643));
#1417 = CARTESIAN_POINT('',(-30.,-3.301417037161,40.762667512733));
#1418 = CARTESIAN_POINT('',(-30.,-3.036879666315,40.56232849072));
#1419 = CARTESIAN_POINT('',(-30.,-2.868119927583,40.404640297179));
#1420 = CARTESIAN_POINT('',(-30.,-2.716716514434,40.229458821603));
#1421 = CARTESIAN_POINT('',(-30.,-2.585286485751,40.038725281333));
#1422 = CARTESIAN_POINT('',(-30.,-2.476127021372,39.834854691999));
#1423 = CARTESIAN_POINT('',(-30.,-2.391180817473,39.620756906395));
#1424 = CARTESIAN_POINT('',(-30.,-2.331647751255,39.4));
#1425 = ORIENTED_EDGE('',*,*,#933,.T.);
#1426 = ORIENTED_EDGE('',*,*,#1427,.T.);
#1427 = EDGE_CURVE('',#925,#741,#1428,.T.);
#1428 = B_SPLINE_CURVE_WITH_KNOTS('',6,(#1429,#1430,#1431,#1432,#1433,
    #1434,#1435,#1436,#1437,#1438,#1439,#1440,#1441,#1442,#1443,#1444,
    #1445,#1446,#1447,#1448,#1449,#1450,#1451,#1452,#1453,#1454,#1455,
    #1456,#1457,#1458,#1459,#1460,#1461,#1462,#1463,#1464,#1465,#1466,
    #1467,#1468,#1469,#1470,#1471,#1472,#1473,#1474,#1475),
  .UNSPECIFIED.,.F.,.F.,(7,5,5,5,5,5,5,5,5,7),(0.,0.14774804355,
    0.223719619113,0.273585085234,0.399453886265,0.525323525285,
    0.587063359301,0.696274918094,0.812578058901,1.),.UNSPECIFIED.);
#1429 = CARTESIAN_POINT('',(-30.,1.970102244295,39.399999992636));
#1430 = CARTESIAN_POINT('',(-30.,2.009306939478,39.554895249584));
#1431 = CARTESIAN_POINT('',(-30.,2.060655245983,39.706726664368));
#1432 = CARTESIAN_POINT('',(-30.,2.123839922971,39.854288292232));
#1433 = CARTESIAN_POINT('',(-30.,2.198395533475,39.996445526304));
#1434 = CARTESIAN_POINT('',(-30.,2.283725093657,40.132128653935));
#1435 = CARTESIAN_POINT('',(-30.,2.428113593193,40.326277272005));
#1436 = CARTESIAN_POINT('',(-30.,2.479798204254,40.390235449003));
#1437 = CARTESIAN_POINT('',(-30.,2.534035100448,40.452088695557));
#1438 = CARTESIAN_POINT('',(-30.,2.590715884207,40.511711215105));
#1439 = CARTESIAN_POINT('',(-30.,2.649724079897,40.568984781578));
#1440 = CARTESIAN_POINT('',(-30.,2.751112235742,40.65977697911));
#1441 = CARTESIAN_POINT('',(-30.,2.792238506361,40.694695683255));
#1442 = CARTESIAN_POINT('',(-30.,2.834278807996,40.728523643308));
#1443 = CARTESIAN_POINT('',(-30.,2.87719675893,40.761231272695));
#1444 = CARTESIAN_POINT('',(-30.,2.920954733395,40.792790606797));
#1445 = CARTESIAN_POINT('',(-30.,3.077988575562,40.899871372832));
#1446 = CARTESIAN_POINT('',(-30.,3.19557079551,40.969085067396));
#1447 = CARTESIAN_POINT('',(-30.,3.31763047178,41.030389945214));
#1448 = CARTESIAN_POINT('',(-30.,3.443500722275,41.083433934975));
#1449 = CARTESIAN_POINT('',(-30.,3.572480262537,41.127940399884));
#1450 = CARTESIAN_POINT('',(-30.,3.83519228365,41.199478242363));
#1451 = CARTESIAN_POINT('',(-30.,3.968931105613,41.226511222089));
#1452 = CARTESIAN_POINT('',(-30.,4.104318701827,41.244608852626));
#1453 = CARTESIAN_POINT('',(-30.,4.240610365422,41.253654077321));
#1454 = CARTESIAN_POINT('',(-30.,4.377052903135,41.253612571911));
#1455 = CARTESIAN_POINT('',(-30.,4.579514843451,41.240079779092));
#1456 = CARTESIAN_POINT('',(-30.,4.645997005514,41.233451847454));
#1457 = CARTESIAN_POINT('',(-30.,4.71224475245,41.224655240872));
#1458 = CARTESIAN_POINT('',(-30.,4.778169780431,41.213700530167));
#1459 = CARTESIAN_POINT('',(-30.,4.843684471444,41.200603066143));
#1460 = CARTESIAN_POINT('',(-30.,5.023711175429,41.158460176761));
#1461 = CARTESIAN_POINT('',(-30.,5.137166459495,41.124895119576));
#1462 = CARTESIAN_POINT('',(-30.,5.248584447681,41.084800014772));
#1463 = CARTESIAN_POINT('',(-30.,5.357497693241,41.038331705427));
#1464 = CARTESIAN_POINT('',(-30.,5.46345581394,40.985691351846));
#1465 = CARTESIAN_POINT('',(-30.,5.675257971636,40.864753847194));
#1466 = CARTESIAN_POINT('',(-30.,5.780651476464,40.795659863701));
#1467 = CARTESIAN_POINT('',(-30.,5.881685075048,40.720139008432));
#1468 = CARTESIAN_POINT('',(-30.,5.977873044042,40.638537317938));
#1469 = CARTESIAN_POINT('',(-30.,6.068767567897,40.551249041112));
#1470 = CARTESIAN_POINT('',(-30.,6.291247774319,40.309598573874));
#1471 = CARTESIAN_POINT('',(-30.,6.41375022042,40.146836924171));
#1472 = CARTESIAN_POINT('',(-30.,6.519726758321,39.97230044258));
#1473 = CARTESIAN_POINT('',(-30.,6.607830019398,39.788096061806));
#1474 = CARTESIAN_POINT('',(-30.,6.677026790238,39.596501881902));
#1475 = CARTESIAN_POINT('',(-30.,6.726697501142,39.399999992636));
#1476 = ORIENTED_EDGE('',*,*,#740,.T.);
#1477 = ORIENTED_EDGE('',*,*,#1478,.T.);
#1478 = EDGE_CURVE('',#733,#1479,#1481,.T.);
#1479 = VERTEX_POINT('',#1480);
#1480 = CARTESIAN_POINT('',(-30.,9.4,44.4));
#1481 = LINE('',#1482,#1483);
#1482 = CARTESIAN_POINT('',(-30.,9.4,40.95));
#1483 = VECTOR('',#1484,1.);
#1484 = DIRECTION('',(0.,0.,1.));
#1485 = ORIENTED_EDGE('',*,*,#1486,.F.);
#1486 = EDGE_CURVE('',#1487,#1479,#1489,.T.);
#1487 = VERTEX_POINT('',#1488);
#1488 = CARTESIAN_POINT('',(-30.,12.8,44.4));
#1489 = LINE('',#1490,#1491);
#1490 = CARTESIAN_POINT('',(-30.,-5.8,44.4));
#1491 = VECTOR('',#1492,1.);
#1492 = DIRECTION('',(0.,-1.,0.));
#1493 = ORIENTED_EDGE('',*,*,#1494,.F.);
#1494 = EDGE_CURVE('',#1495,#1487,#1497,.T.);
#1495 = VERTEX_POINT('',#1496);
#1496 = CARTESIAN_POINT('',(-30.,12.8,41.));
#1497 = LINE('',#1498,#1499);
#1498 = CARTESIAN_POINT('',(-30.,12.8,40.95));
#1499 = VECTOR('',#1500,1.);
#1500 = DIRECTION('',(0.,0.,1.));
#1501 = ORIENTED_EDGE('',*,*,#1502,.T.);
#1502 = EDGE_CURVE('',#1495,#1503,#1505,.T.);
#1503 = VERTEX_POINT('',#1504);
#1504 = CARTESIAN_POINT('',(-30.,21.,41.));
#1505 = LINE('',#1506,#1507);
#1506 = CARTESIAN_POINT('',(-30.,-21.,41.));
#1507 = VECTOR('',#1508,1.);
#1508 = DIRECTION('',(0.,1.,0.));
#1509 = ORIENTED_EDGE('',*,*,#1510,.T.);
#1510 = EDGE_CURVE('',#1503,#1511,#1513,.T.);
#1511 = VERTEX_POINT('',#1512);
#1512 = CARTESIAN_POINT('',(-30.,21.,48.763373075365));
#1513 = LINE('',#1514,#1515);
#1514 = CARTESIAN_POINT('',(-30.,21.,41.));
#1515 = VECTOR('',#1516,1.);
#1516 = DIRECTION('',(0.,0.,1.));
#1517 = ORIENTED_EDGE('',*,*,#1518,.F.);
#1518 = EDGE_CURVE('',#1519,#1511,#1521,.T.);
#1519 = VERTEX_POINT('',#1520);
#1520 = CARTESIAN_POINT('',(-30.,21.,53.236626924635));
#1521 = CIRCLE('',#1522,2.45);
#1522 = AXIS2_PLACEMENT_3D('',#1523,#1524,#1525);
#1523 = CARTESIAN_POINT('',(-30.,22.,51.));
#1524 = DIRECTION('',(1.,-0.,0.));
#1525 = DIRECTION('',(0.,0.,-1.));
#1526 = ORIENTED_EDGE('',*,*,#1527,.T.);
#1527 = EDGE_CURVE('',#1519,#82,#1528,.T.);
#1528 = LINE('',#1529,#1530);
#1529 = CARTESIAN_POINT('',(-30.,21.,41.));
#1530 = VECTOR('',#1531,1.);
#1531 = DIRECTION('',(0.,0.,1.));
#1532 = ORIENTED_EDGE('',*,*,#81,.F.);
#1533 = PLANE('',#1534);
#1534 = AXIS2_PLACEMENT_3D('',#1535,#1536,#1537);
#1535 = CARTESIAN_POINT('',(-30.,-21.,41.));
#1536 = DIRECTION('',(-1.,0.,0.));
#1537 = DIRECTION('',(0.,0.,-1.));
#1538 = ADVANCED_FACE('',(#1539),#1638,.T.);
#1539 = FACE_BOUND('',#1540,.F.);
#1540 = EDGE_LOOP('',(#1541,#1542,#1543,#1616,#1629,#1630,#1637));
#1541 = ORIENTED_EDGE('',*,*,#89,.F.);
#1542 = ORIENTED_EDGE('',*,*,#1527,.F.);
#1543 = ORIENTED_EDGE('',*,*,#1544,.F.);
#1544 = EDGE_CURVE('',#1545,#1519,#1547,.T.);
#1545 = VERTEX_POINT('',#1546);
#1546 = CARTESIAN_POINT('',(-29.8729833462,22.,48.55));
#1547 = B_SPLINE_CURVE_WITH_KNOTS('',7,(#1548,#1549,#1550,#1551,#1552,
    #1553,#1554,#1555,#1556,#1557,#1558,#1559,#1560,#1561,#1562,#1563,
    #1564,#1565,#1566,#1567,#1568,#1569,#1570,#1571,#1572,#1573,#1574,
    #1575,#1576,#1577,#1578,#1579,#1580,#1581,#1582,#1583,#1584,#1585,
    #1586,#1587,#1588,#1589,#1590,#1591,#1592,#1593,#1594,#1595,#1596,
    #1597,#1598,#1599,#1600,#1601,#1602,#1603,#1604,#1605,#1606,#1607,
    #1608,#1609,#1610,#1611,#1612,#1613,#1614,#1615),.UNSPECIFIED.,.F.,
  .F.,(8,6,6,6,6,6,6,6,6,6,6,8),(0.,7.961120938568E-02,0.246377157845,
    0.377315925965,0.406379802983,0.45369912703,0.501502615765,
    0.528961126489,0.660697883303,0.784984547623,0.896026906796,1.),
  .UNSPECIFIED.);
#1548 = CARTESIAN_POINT('',(-29.8729833462,22.,48.55));
#1549 = CARTESIAN_POINT('',(-29.84118911098,22.123138543529,48.55));
#1550 = CARTESIAN_POINT('',(-29.80514313014,22.243874119485,
    48.557220704939));
#1551 = CARTESIAN_POINT('',(-29.76516515904,22.36164460606,
    48.571154172227));
#1552 = CARTESIAN_POINT('',(-29.7216654889,22.475939006326,
    48.591245089149));
#1553 = CARTESIAN_POINT('',(-29.67513713492,22.586296261635,
    48.616885630589));
#1554 = CARTESIAN_POINT('',(-29.62614802439,22.692304065018,
    48.64741031675));
#1555 = CARTESIAN_POINT('',(-29.46888856466,23.005782930944,
    48.754738121755));
#1556 = CARTESIAN_POINT('',(-29.35368864721,23.198765024902,
    48.846127231677));
#1557 = CARTESIAN_POINT('',(-29.2330777921,23.373239017551,
    48.951586694685));
#1558 = CARTESIAN_POINT('',(-29.1096970335,23.530539091128,
    49.068010106092));
#1559 = CARTESIAN_POINT('',(-28.9854614111,23.672194755721,
    49.193561156008));
#1560 = CARTESIAN_POINT('',(-28.86183725582,23.799561527905,
    49.327465731243));
#1561 = CARTESIAN_POINT('',(-28.6455957267,24.00297743689,
    49.581865407375));
#1562 = CARTESIAN_POINT('',(-28.5522253579,24.083982522246,
    49.698824031842));
#1563 = CARTESIAN_POINT('',(-28.46155920791,24.156945322151,
    49.820849266538));
#1564 = CARTESIAN_POINT('',(-28.37472055237,24.222110965015,
    49.948313041326));
#1565 = CARTESIAN_POINT('',(-28.29347979503,24.279221634188,
    50.081587801506));
#1566 = CARTESIAN_POINT('',(-28.22064979096,24.327752880966,
    50.220976957719));
#1567 = CARTESIAN_POINT('',(-28.1463058008,24.375444981753,
    50.399262973609));
#1568 = CARTESIAN_POINT('',(-28.13339301786,24.383639407173,
    50.431966877137));
#1569 = CARTESIAN_POINT('',(-28.12111788352,24.391350605144,
    50.464976836986));
#1570 = CARTESIAN_POINT('',(-28.10952539007,24.398565237626,
    50.498281781332));
#1571 = CARTESIAN_POINT('',(-28.09865926256,24.405270822532,
    50.531872434468));
#1572 = CARTESIAN_POINT('',(-28.08856182552,24.41145536508,
    50.565741319897));
#1573 = CARTESIAN_POINT('',(-28.0641520124,24.426308481107,
    50.655468947889));
#1574 = CARTESIAN_POINT('',(-28.05115714701,24.43410838171,
    50.711846210308));
#1575 = CARTESIAN_POINT('',(-28.04051880825,24.440423767023,
    50.768832699345));
#1576 = CARTESIAN_POINT('',(-28.03241270157,24.445198233403,
    50.826272920948));
#1577 = CARTESIAN_POINT('',(-28.02696026782,24.448396664792,
    50.884030290734));
#1578 = CARTESIAN_POINT('',(-28.024228248,24.45,50.941979686379));
#1579 = CARTESIAN_POINT('',(-28.024228248,24.45,51.058613969335));
#1580 = CARTESIAN_POINT('',(-28.02701645722,24.448363676202,
    51.117153544921));
#1581 = CARTESIAN_POINT('',(-28.03258057599,24.44509975386,
    51.175494878927));
#1582 = CARTESIAN_POINT('',(-28.0408511513,24.440228024992,
    51.233509893949));
#1583 = CARTESIAN_POINT('',(-28.05170204649,24.433784879153,
    51.291058511229));
#1584 = CARTESIAN_POINT('',(-28.06495091086,24.425828834203,
    51.347980878869));
#1585 = CARTESIAN_POINT('',(-28.08921048896,24.411056568992,
    51.436318668726));
#1586 = CARTESIAN_POINT('',(-28.09878089806,24.405192407323,
    51.468304267945));
#1587 = CARTESIAN_POINT('',(-28.10903624784,24.398863283887,
    51.5000413388));
#1588 = CARTESIAN_POINT('',(-28.11994081341,24.392079447432,
    51.531523377184));
#1589 = CARTESIAN_POINT('',(-28.13145777382,24.384851693649,
    51.562742433789));
#1590 = CARTESIAN_POINT('',(-28.14354921205,24.377191365168,
    51.593689114094));
#1591 = CARTESIAN_POINT('',(-28.2167557751,24.330340349248,
    51.771465631148));
#1592 = CARTESIAN_POINT('',(-28.28964391126,24.281902058354,
    51.912016435865));
#1593 = CARTESIAN_POINT('',(-28.37120711914,24.224722050449,
    52.046455247701));
#1594 = CARTESIAN_POINT('',(-28.4585288138,24.159350836948,
    52.174973791158));
#1595 = CARTESIAN_POINT('',(-28.54965506456,24.086130065888,
    52.297841985845));
#1596 = CARTESIAN_POINT('',(-28.64343342654,24.00491917518,
    52.41549439077));
#1597 = CARTESIAN_POINT('',(-28.82960029737,23.829972179482,
    52.634698210017));
#1598 = CARTESIAN_POINT('',(-28.9214323941,23.737518885306,
    52.736390080673));
#1599 = CARTESIAN_POINT('',(-29.01389257398,23.637208124832,
    52.833397231914));
#1600 = CARTESIAN_POINT('',(-29.106291626,23.528564284704,
    52.925478824356));
#1601 = CARTESIAN_POINT('',(-29.19790317308,23.411011759494,
    53.012098384019));
#1602 = CARTESIAN_POINT('',(-29.2878470665,23.283954686595,
    53.092371427418));
#1603 = CARTESIAN_POINT('',(-29.45292887253,23.024437053163,
    53.229850312195));
#1604 = CARTESIAN_POINT('',(-29.52912638335,22.893204652918,
    53.289021697935));
#1605 = CARTESIAN_POINT('',(-29.60236385043,22.753333740871,
    53.341053869249));
#1606 = CARTESIAN_POINT('',(-29.67138911913,22.605095603277,
    53.384471602868));
#1607 = CARTESIAN_POINT('',(-29.73497885243,22.448914926077,
    53.41774610085));
#1608 = CARTESIAN_POINT('',(-29.7919745325,22.285403954009,
    53.439263520216));
#1609 = CARTESIAN_POINT('',(-29.88755408997,21.956239892013,
    53.45478650333));
#1610 = CARTESIAN_POINT('',(-29.92676677435,21.792461136639,
    53.450405292278));
#1611 = CARTESIAN_POINT('',(-29.95774193708,21.626780053121,
    53.432903664661));
#1612 = CARTESIAN_POINT('',(-29.979993463,21.461979374241,
    53.401885016786));
#1613 = CARTESIAN_POINT('',(-29.99377917047,21.300844317676,
    53.357784967777));
#1614 = CARTESIAN_POINT('',(-30.,21.14604842892,53.301925445059));
#1615 = CARTESIAN_POINT('',(-30.,21.,53.236626924634));
#1616 = ORIENTED_EDGE('',*,*,#1617,.F.);
#1617 = EDGE_CURVE('',#1511,#1545,#1618,.T.);
#1618 = B_SPLINE_CURVE_WITH_KNOTS('',5,(#1619,#1620,#1621,#1622,#1623,
    #1624,#1625,#1626,#1627,#1628),.UNSPECIFIED.,.F.,.F.,(6,4,6),(0.,
    0.662921300249,1.),.UNSPECIFIED.);
#1619 = CARTESIAN_POINT('',(-30.,21.,48.763373075365));
#1620 = CARTESIAN_POINT('',(-30.,21.12178843554,48.708921242474));
#1621 = CARTESIAN_POINT('',(-29.99536546097,21.249765328519,
    48.661649734556));
#1622 = CARTESIAN_POINT('',(-29.98515046513,21.382346692701,
    48.623073752263));
#1623 = CARTESIAN_POINT('',(-29.96875911617,21.517757670014,
    48.593980228218));
#1624 = CARTESIAN_POINT('',(-29.9346445599,21.723544120712,
    48.564639321062));
#1625 = CARTESIAN_POINT('',(-29.92155068123,21.793083611959,
    48.557254733239));
#1626 = CARTESIAN_POINT('',(-29.90686854143,21.862521538134,
    48.552388024297));
#1627 = CARTESIAN_POINT('',(-29.89064817952,21.931584394766,48.55));
#1628 = CARTESIAN_POINT('',(-29.8729833462,22.,48.55));
#1629 = ORIENTED_EDGE('',*,*,#1510,.F.);
#1630 = ORIENTED_EDGE('',*,*,#1631,.T.);
#1631 = EDGE_CURVE('',#1503,#1342,#1632,.T.);
#1632 = CIRCLE('',#1633,4.);
#1633 = AXIS2_PLACEMENT_3D('',#1634,#1635,#1636);
#1634 = CARTESIAN_POINT('',(-26.,21.,41.));
#1635 = DIRECTION('',(0.,0.,-1.));
#1636 = DIRECTION('',(-1.,0.,0.));
#1637 = ORIENTED_EDGE('',*,*,#1351,.T.);
#1638 = CYLINDRICAL_SURFACE('',#1639,4.);
#1639 = AXIS2_PLACEMENT_3D('',#1640,#1641,#1642);
#1640 = CARTESIAN_POINT('',(-26.,21.,41.));
#1641 = DIRECTION('',(0.,0.,1.));
#1642 = DIRECTION('',(-1.,0.,0.));
#1643 = ADVANCED_FACE('',(#1644),#1663,.T.);
#1644 = FACE_BOUND('',#1645,.F.);
#1645 = EDGE_LOOP('',(#1646,#1655,#1661,#1662));
#1646 = ORIENTED_EDGE('',*,*,#1647,.F.);
#1647 = EDGE_CURVE('',#1648,#1648,#1650,.T.);
#1648 = VERTEX_POINT('',#1649);
#1649 = CARTESIAN_POINT('',(24.,-21.,62.6));
#1650 = CIRCLE('',#1651,2.);
#1651 = AXIS2_PLACEMENT_3D('',#1652,#1653,#1654);
#1652 = CARTESIAN_POINT('',(26.,-21.,62.6));
#1653 = DIRECTION('',(0.,0.,-1.));
#1654 = DIRECTION('',(-1.,0.,0.));
#1655 = ORIENTED_EDGE('',*,*,#1656,.F.);
#1656 = EDGE_CURVE('',#124,#1648,#1657,.T.);
#1657 = LINE('',#1658,#1659);
#1658 = CARTESIAN_POINT('',(24.,-21.,57.));
#1659 = VECTOR('',#1660,1.);
#1660 = DIRECTION('',(0.,0.,1.));
#1661 = ORIENTED_EDGE('',*,*,#123,.T.);
#1662 = ORIENTED_EDGE('',*,*,#1656,.T.);
#1663 = CYLINDRICAL_SURFACE('',#1664,2.);
#1664 = AXIS2_PLACEMENT_3D('',#1665,#1666,#1667);
#1665 = CARTESIAN_POINT('',(26.,-21.,57.));
#1666 = DIRECTION('',(0.,0.,1.));
#1667 = DIRECTION('',(-1.,0.,0.));
#1668 = ADVANCED_FACE('',(#1669),#1742,.F.);
#1669 = FACE_BOUND('',#1670,.T.);
#1670 = EDGE_LOOP('',(#1671,#1679,#1687,#1695,#1703,#1711,#1719,#1727,
    #1735,#1741));
#1671 = ORIENTED_EDGE('',*,*,#1672,.F.);
#1672 = EDGE_CURVE('',#1673,#135,#1675,.T.);
#1673 = VERTEX_POINT('',#1674);
#1674 = CARTESIAN_POINT('',(0.330127018922,-9.428203230276,46.));
#1675 = LINE('',#1676,#1677);
#1676 = CARTESIAN_POINT('',(0.330127018922,-9.428203230276,44.));
#1677 = VECTOR('',#1678,1.);
#1678 = DIRECTION('',(0.,0.,1.));
#1679 = ORIENTED_EDGE('',*,*,#1680,.F.);
#1680 = EDGE_CURVE('',#1681,#1673,#1683,.T.);
#1681 = VERTEX_POINT('',#1682);
#1682 = CARTESIAN_POINT('',(2.453738644056,-5.75,46.));
#1683 = LINE('',#1684,#1685);
#1684 = CARTESIAN_POINT('',(-2.1875,-13.78886114155,46.));
#1685 = VECTOR('',#1686,1.);
#1686 = DIRECTION('',(-0.5,-0.866025403784,0.));
#1687 = ORIENTED_EDGE('',*,*,#1688,.F.);
#1688 = EDGE_CURVE('',#1689,#1681,#1691,.T.);
#1689 = VERTEX_POINT('',#1690);
#1690 = CARTESIAN_POINT('',(2.453738644056,-5.75,44.1));
#1691 = LINE('',#1692,#1693);
#1692 = CARTESIAN_POINT('',(2.453738644056,-5.75,44.));
#1693 = VECTOR('',#1694,1.);
#1694 = DIRECTION('',(0.,0.,1.));
#1695 = ORIENTED_EDGE('',*,*,#1696,.F.);
#1696 = EDGE_CURVE('',#1697,#1689,#1699,.T.);
#1697 = VERTEX_POINT('',#1698);
#1698 = CARTESIAN_POINT('',(4.527241335952,-2.158587988005,44.1));
#1699 = LINE('',#1700,#1701);
#1700 = CARTESIAN_POINT('',(0.924038105677,-8.399519052838,44.1));
#1701 = VECTOR('',#1702,1.);
#1702 = DIRECTION('',(-0.5,-0.866025403784,0.));
#1703 = ORIENTED_EDGE('',*,*,#1704,.F.);
#1704 = EDGE_CURVE('',#1705,#1697,#1707,.T.);
#1705 = VERTEX_POINT('',#1706);
#1706 = CARTESIAN_POINT('',(4.527241335952,-2.158587988005,44.5));
#1707 = LINE('',#1708,#1709);
#1708 = CARTESIAN_POINT('',(4.527241335952,-2.158587988005,42.45));
#1709 = VECTOR('',#1710,1.);
#1710 = DIRECTION('',(-0.,-0.,-1.));
#1711 = ORIENTED_EDGE('',*,*,#1712,.F.);
#1712 = EDGE_CURVE('',#1713,#1705,#1715,.T.);
#1713 = VERTEX_POINT('',#1714);
#1714 = CARTESIAN_POINT('',(6.66839560914,1.55,44.5));
#1715 = LINE('',#1716,#1717);
#1716 = CARTESIAN_POINT('',(2.078637007962,-6.399695091717,44.5));
#1717 = VECTOR('',#1718,1.);
#1718 = DIRECTION('',(-0.5,-0.866025403784,0.));
#1719 = ORIENTED_EDGE('',*,*,#1720,.F.);
#1720 = EDGE_CURVE('',#1721,#1713,#1723,.T.);
#1721 = VERTEX_POINT('',#1722);
#1722 = CARTESIAN_POINT('',(6.66839560914,1.55,44.1));
#1723 = LINE('',#1724,#1725);
#1724 = CARTESIAN_POINT('',(6.66839560914,1.55,42.45));
#1725 = VECTOR('',#1726,1.);
#1726 = DIRECTION('',(0.,0.,1.));
#1727 = ORIENTED_EDGE('',*,*,#1728,.F.);
#1728 = EDGE_CURVE('',#1729,#1721,#1731,.T.);
#1729 = VERTEX_POINT('',#1730);
#1730 = CARTESIAN_POINT('',(8.330127018922,4.428203230276,44.1));
#1731 = LINE('',#1732,#1733);
#1732 = CARTESIAN_POINT('',(0.924038105677,-8.399519052838,44.1));
#1733 = VECTOR('',#1734,1.);
#1734 = DIRECTION('',(-0.5,-0.866025403784,0.));
#1735 = ORIENTED_EDGE('',*,*,#1736,.T.);
#1736 = EDGE_CURVE('',#1729,#137,#1737,.T.);
#1737 = LINE('',#1738,#1739);
#1738 = CARTESIAN_POINT('',(8.330127018922,4.428203230276,44.));
#1739 = VECTOR('',#1740,1.);
#1740 = DIRECTION('',(0.,0.,1.));
#1741 = ORIENTED_EDGE('',*,*,#134,.F.);
#1742 = PLANE('',#1743);
#1743 = AXIS2_PLACEMENT_3D('',#1744,#1745,#1746);
#1744 = CARTESIAN_POINT('',(0.330127018922,-9.428203230276,44.));
#1745 = DIRECTION('',(-0.866025403784,0.5,0.));
#1746 = DIRECTION('',(0.,0.,-1.));
#1747 = ADVANCED_FACE('',(#1748),#1782,.T.);
#1748 = FACE_BOUND('',#1749,.F.);
#1749 = EDGE_LOOP('',(#1750,#1751,#1759,#1767,#1775,#1781));
#1750 = ORIENTED_EDGE('',*,*,#1672,.F.);
#1751 = ORIENTED_EDGE('',*,*,#1752,.F.);
#1752 = EDGE_CURVE('',#1753,#1673,#1755,.T.);
#1753 = VERTEX_POINT('',#1754);
#1754 = CARTESIAN_POINT('',(6.727241335952,-13.12157890325,46.));
#1755 = LINE('',#1756,#1757);
#1756 = CARTESIAN_POINT('',(9.943425513389,-14.97844370385,46.));
#1757 = VECTOR('',#1758,1.);
#1758 = DIRECTION('',(-0.866025403784,0.5,0.));
#1759 = ORIENTED_EDGE('',*,*,#1760,.T.);
#1760 = EDGE_CURVE('',#1753,#1761,#1763,.T.);
#1761 = VERTEX_POINT('',#1762);
#1762 = CARTESIAN_POINT('',(6.727241335952,-13.12157890325,44.1));
#1763 = LINE('',#1764,#1765);
#1764 = CARTESIAN_POINT('',(6.727241335952,-13.12157890325,44.));
#1765 = VECTOR('',#1766,1.);
#1766 = DIRECTION('',(-0.,-0.,-1.));
#1767 = ORIENTED_EDGE('',*,*,#1768,.F.);
#1768 = EDGE_CURVE('',#1769,#1761,#1771,.T.);
#1769 = VERTEX_POINT('',#1770);
#1770 = CARTESIAN_POINT('',(8.124355652982,-13.92820323027,44.1));
#1771 = LINE('',#1772,#1773);
#1772 = CARTESIAN_POINT('',(14.081887407713,-17.36778579257,44.1));
#1773 = VECTOR('',#1774,1.);
#1774 = DIRECTION('',(-0.866025403784,0.5,0.));
#1775 = ORIENTED_EDGE('',*,*,#1776,.T.);
#1776 = EDGE_CURVE('',#1769,#145,#1777,.T.);
#1777 = LINE('',#1778,#1779);
#1778 = CARTESIAN_POINT('',(8.124355652982,-13.92820323027,44.));
#1779 = VECTOR('',#1780,1.);
#1780 = DIRECTION('',(0.,0.,1.));
#1781 = ORIENTED_EDGE('',*,*,#144,.F.);
#1782 = PLANE('',#1783);
#1783 = AXIS2_PLACEMENT_3D('',#1784,#1785,#1786);
#1784 = CARTESIAN_POINT('',(8.124355652982,-13.92820323027,44.));
#1785 = DIRECTION('',(0.5,0.866025403784,0.));
#1786 = DIRECTION('',(0.,-0.,-1.));
#1787 = ADVANCED_FACE('',(#1788),#1839,.F.);
#1788 = FACE_BOUND('',#1789,.T.);
#1789 = EDGE_LOOP('',(#1790,#1791,#1799,#1807,#1815,#1823,#1832,#1838));
#1790 = ORIENTED_EDGE('',*,*,#1736,.F.);
#1791 = ORIENTED_EDGE('',*,*,#1792,.F.);
#1792 = EDGE_CURVE('',#1793,#1729,#1795,.T.);
#1793 = VERTEX_POINT('',#1794);
#1794 = CARTESIAN_POINT('',(13.315321248268,1.55,44.1));
#1795 = LINE('',#1796,#1797);
#1796 = CARTESIAN_POINT('',(22.081887407713,-3.511379332024,44.1));
#1797 = VECTOR('',#1798,1.);
#1798 = DIRECTION('',(-0.866025403784,0.5,0.));
#1799 = ORIENTED_EDGE('',*,*,#1800,.F.);
#1800 = EDGE_CURVE('',#1801,#1793,#1803,.T.);
#1801 = VERTEX_POINT('',#1802);
#1802 = CARTESIAN_POINT('',(13.315321248268,1.55,44.5));
#1803 = LINE('',#1804,#1805);
#1804 = CARTESIAN_POINT('',(13.315321248268,1.55,42.45));
#1805 = VECTOR('',#1806,1.);
#1806 = DIRECTION('',(0.,0.,-1.));
#1807 = ORIENTED_EDGE('',*,*,#1808,.F.);
#1808 = EDGE_CURVE('',#1809,#1801,#1811,.T.);
#1809 = VERTEX_POINT('',#1810);
#1810 = CARTESIAN_POINT('',(16.124355652982,-7.179676972449E-02,44.5));
#1811 = LINE('',#1812,#1813);
#1812 = CARTESIAN_POINT('',(18.877288505428,-1.661203293145,44.5));
#1813 = VECTOR('',#1814,1.);
#1814 = DIRECTION('',(-0.866025403784,0.5,0.));
#1815 = ORIENTED_EDGE('',*,*,#1816,.T.);
#1816 = EDGE_CURVE('',#1809,#1817,#1819,.T.);
#1817 = VERTEX_POINT('',#1818);
#1818 = CARTESIAN_POINT('',(16.124355652982,-7.179676972449E-02,
    47.401470503631));
#1819 = LINE('',#1820,#1821);
#1820 = CARTESIAN_POINT('',(16.124355652982,-7.179676972449E-02,44.));
#1821 = VECTOR('',#1822,1.);
#1822 = DIRECTION('',(0.,0.,1.));
#1823 = ORIENTED_EDGE('',*,*,#1824,.F.);
#1824 = EDGE_CURVE('',#1825,#1817,#1827,.T.);
#1825 = VERTEX_POINT('',#1826);
#1826 = CARTESIAN_POINT('',(12.627241335952,1.9472631226,51.));
#1827 = ELLIPSE('',#1828,4.156921938165,3.6);
#1828 = AXIS2_PLACEMENT_3D('',#1829,#1830,#1831);
#1829 = CARTESIAN_POINT('',(16.227241335952,-0.131197846483,51.));
#1830 = DIRECTION('',(-0.5,-0.866025403784,-0.));
#1831 = DIRECTION('',(-0.866025403784,0.5,0.));
#1832 = ORIENTED_EDGE('',*,*,#1833,.F.);
#1833 = EDGE_CURVE('',#193,#1825,#1834,.T.);
#1834 = LINE('',#1835,#1836);
#1835 = CARTESIAN_POINT('',(12.627241335952,1.9472631226,47.5));
#1836 = VECTOR('',#1837,1.);
#1837 = DIRECTION('',(-0.,-0.,-1.));
#1838 = ORIENTED_EDGE('',*,*,#200,.F.);
#1839 = PLANE('',#1840);
#1840 = AXIS2_PLACEMENT_3D('',#1841,#1842,#1843);
#1841 = CARTESIAN_POINT('',(16.124355652982,-7.179676972449E-02,44.));
#1842 = DIRECTION('',(0.5,0.866025403784,0.));
#1843 = DIRECTION('',(0.,-0.,-1.));
#1844 = ADVANCED_FACE('',(#1845),#1911,.T.);
#1845 = FACE_BOUND('',#1846,.F.);
#1846 = EDGE_LOOP('',(#1847,#1848,#1856,#1864,#1872,#1880,#1888,#1896,
    #1904,#1910));
#1847 = ORIENTED_EDGE('',*,*,#1776,.F.);
#1848 = ORIENTED_EDGE('',*,*,#1849,.F.);
#1849 = EDGE_CURVE('',#1850,#1769,#1852,.T.);
#1850 = VERTEX_POINT('',#1851);
#1851 = CARTESIAN_POINT('',(9.786087062764,-11.05,44.1));
#1852 = LINE('',#1853,#1854);
#1853 = CARTESIAN_POINT('',(8.718266739737,-12.89951905283,44.1));
#1854 = VECTOR('',#1855,1.);
#1855 = DIRECTION('',(-0.5,-0.866025403784,0.));
#1856 = ORIENTED_EDGE('',*,*,#1857,.T.);
#1857 = EDGE_CURVE('',#1850,#1858,#1860,.T.);
#1858 = VERTEX_POINT('',#1859);
#1859 = CARTESIAN_POINT('',(9.786087062764,-11.05,44.5));
#1860 = LINE('',#1861,#1862);
#1861 = CARTESIAN_POINT('',(9.786087062764,-11.05,42.45));
#1862 = VECTOR('',#1863,1.);
#1863 = DIRECTION('',(0.,0.,1.));
#1864 = ORIENTED_EDGE('',*,*,#1865,.F.);
#1865 = EDGE_CURVE('',#1866,#1858,#1868,.T.);
#1866 = VERTEX_POINT('',#1867);
#1867 = CARTESIAN_POINT('',(11.980018085685,-7.25,44.5));
#1868 = LINE('',#1869,#1870);
#1869 = CARTESIAN_POINT('',(9.872865642022,-10.89969509171,44.5));
#1870 = VECTOR('',#1871,1.);
#1871 = DIRECTION('',(-0.5,-0.866025403784,0.));
#1872 = ORIENTED_EDGE('',*,*,#1873,.T.);
#1873 = EDGE_CURVE('',#1866,#1874,#1876,.T.);
#1874 = VERTEX_POINT('',#1875);
#1875 = CARTESIAN_POINT('',(11.980018085685,-7.25,45.5));
#1876 = LINE('',#1877,#1878);
#1877 = CARTESIAN_POINT('',(11.980018085685,-7.25,44.));
#1878 = VECTOR('',#1879,1.);
#1879 = DIRECTION('',(0.,0.,1.));
#1880 = ORIENTED_EDGE('',*,*,#1881,.F.);
#1881 = EDGE_CURVE('',#1882,#1874,#1884,.T.);
#1882 = VERTEX_POINT('',#1883);
#1883 = CARTESIAN_POINT('',(12.527241335952,-6.302181527454,45.5));
#1884 = LINE('',#1885,#1886);
#1885 = CARTESIAN_POINT('',(10.520589775617,-9.777803983042,45.5));
#1886 = VECTOR('',#1887,1.);
#1887 = DIRECTION('',(-0.5,-0.866025403784,0.));
#1888 = ORIENTED_EDGE('',*,*,#1889,.F.);
#1889 = EDGE_CURVE('',#1890,#1882,#1892,.T.);
#1890 = VERTEX_POINT('',#1891);
#1891 = CARTESIAN_POINT('',(12.527241335952,-6.302181527454,52.));
#1892 = LINE('',#1893,#1894);
#1893 = CARTESIAN_POINT('',(12.527241335952,-6.302181527454,44.));
#1894 = VECTOR('',#1895,1.);
#1895 = DIRECTION('',(-0.,-0.,-1.));
#1896 = ORIENTED_EDGE('',*,*,#1897,.F.);
#1897 = EDGE_CURVE('',#1898,#1890,#1900,.T.);
#1898 = VERTEX_POINT('',#1899);
#1899 = CARTESIAN_POINT('',(12.627241335952,-6.128976446697,52.));
#1900 = LINE('',#1901,#1902);
#1901 = CARTESIAN_POINT('',(10.327288505428,-10.11261160417,52.));
#1902 = VECTOR('',#1903,1.);
#1903 = DIRECTION('',(-0.5,-0.866025403784,0.));
#1904 = ORIENTED_EDGE('',*,*,#1905,.F.);
#1905 = EDGE_CURVE('',#153,#1898,#1906,.T.);
#1906 = LINE('',#1907,#1908);
#1907 = CARTESIAN_POINT('',(12.627241335952,-6.128976446697,47.5));
#1908 = VECTOR('',#1909,1.);
#1909 = DIRECTION('',(-0.,-0.,-1.));
#1910 = ORIENTED_EDGE('',*,*,#152,.F.);
#1911 = PLANE('',#1912);
#1912 = AXIS2_PLACEMENT_3D('',#1913,#1914,#1915);
#1913 = CARTESIAN_POINT('',(8.124355652982,-13.92820323027,44.));
#1914 = DIRECTION('',(-0.866025403784,0.5,0.));
#1915 = DIRECTION('',(0.,0.,-1.));
#1916 = ADVANCED_FACE('',(#1917),#1935,.F.);
#1917 = FACE_BOUND('',#1918,.T.);
#1918 = EDGE_LOOP('',(#1919,#1920,#1928,#1934));
#1919 = ORIENTED_EDGE('',*,*,#1833,.T.);
#1920 = ORIENTED_EDGE('',*,*,#1921,.T.);
#1921 = EDGE_CURVE('',#1825,#1922,#1924,.T.);
#1922 = VERTEX_POINT('',#1923);
#1923 = CARTESIAN_POINT('',(12.627241335952,9.25,51.));
#1924 = LINE('',#1925,#1926);
#1925 = CARTESIAN_POINT('',(12.627241335952,-18.75,51.));
#1926 = VECTOR('',#1927,1.);
#1927 = DIRECTION('',(0.,1.,0.));
#1928 = ORIENTED_EDGE('',*,*,#1929,.T.);
#1929 = EDGE_CURVE('',#1922,#185,#1930,.T.);
#1930 = LINE('',#1931,#1932);
#1931 = CARTESIAN_POINT('',(12.627241335952,9.25,51.));
#1932 = VECTOR('',#1933,1.);
#1933 = DIRECTION('',(0.,0.,1.));
#1934 = ORIENTED_EDGE('',*,*,#192,.F.);
#1935 = PLANE('',#1936);
#1936 = AXIS2_PLACEMENT_3D('',#1937,#1938,#1939);
#1937 = CARTESIAN_POINT('',(12.627241335952,-18.75,51.));
#1938 = DIRECTION('',(-1.,0.,0.));
#1939 = DIRECTION('',(0.,0.,-1.));
#1940 = ADVANCED_FACE('',(#1941),#1975,.F.);
#1941 = FACE_BOUND('',#1942,.T.);
#1942 = EDGE_LOOP('',(#1943,#1951,#1959,#1967,#1973,#1974));
#1943 = ORIENTED_EDGE('',*,*,#1944,.F.);
#1944 = EDGE_CURVE('',#1945,#161,#1947,.T.);
#1945 = VERTEX_POINT('',#1946);
#1946 = CARTESIAN_POINT('',(12.627241335952,-18.75,51.));
#1947 = LINE('',#1948,#1949);
#1948 = CARTESIAN_POINT('',(12.627241335952,-18.75,51.));
#1949 = VECTOR('',#1950,1.);
#1950 = DIRECTION('',(0.,0.,1.));
#1951 = ORIENTED_EDGE('',*,*,#1952,.T.);
#1952 = EDGE_CURVE('',#1945,#1953,#1955,.T.);
#1953 = VERTEX_POINT('',#1954);
#1954 = CARTESIAN_POINT('',(12.627241335952,-7.45,51.));
#1955 = LINE('',#1956,#1957);
#1956 = CARTESIAN_POINT('',(12.627241335952,-18.75,51.));
#1957 = VECTOR('',#1958,1.);
#1958 = DIRECTION('',(0.,1.,0.));
#1959 = ORIENTED_EDGE('',*,*,#1960,.T.);
#1960 = EDGE_CURVE('',#1953,#1961,#1963,.T.);
#1961 = VERTEX_POINT('',#1962);
#1962 = CARTESIAN_POINT('',(12.627241335952,-7.45,52.));
#1963 = LINE('',#1964,#1965);
#1964 = CARTESIAN_POINT('',(12.627241335952,-7.45,47.5));
#1965 = VECTOR('',#1966,1.);
#1966 = DIRECTION('',(0.,0.,1.));
#1967 = ORIENTED_EDGE('',*,*,#1968,.F.);
#1968 = EDGE_CURVE('',#1898,#1961,#1969,.T.);
#1969 = LINE('',#1970,#1971);
#1970 = CARTESIAN_POINT('',(12.627241335952,-13.1,52.));
#1971 = VECTOR('',#1972,1.);
#1972 = DIRECTION('',(0.,-1.,0.));
#1973 = ORIENTED_EDGE('',*,*,#1905,.F.);
#1974 = ORIENTED_EDGE('',*,*,#160,.F.);
#1975 = PLANE('',#1976);
#1976 = AXIS2_PLACEMENT_3D('',#1977,#1978,#1979);
#1977 = CARTESIAN_POINT('',(12.627241335952,-18.75,51.));
#1978 = DIRECTION('',(-1.,0.,0.));
#1979 = DIRECTION('',(0.,0.,-1.));
#1980 = ADVANCED_FACE('',(#1981,#2000),#2011,.T.);
#1981 = FACE_BOUND('',#1982,.F.);
#1982 = EDGE_LOOP('',(#1983,#1984,#1985,#1993));
#1983 = ORIENTED_EDGE('',*,*,#1929,.T.);
#1984 = ORIENTED_EDGE('',*,*,#184,.T.);
#1985 = ORIENTED_EDGE('',*,*,#1986,.F.);
#1986 = EDGE_CURVE('',#1987,#177,#1989,.T.);
#1987 = VERTEX_POINT('',#1988);
#1988 = CARTESIAN_POINT('',(19.827241335952,9.25,51.));
#1989 = LINE('',#1990,#1991);
#1990 = CARTESIAN_POINT('',(19.827241335952,9.25,51.));
#1991 = VECTOR('',#1992,1.);
#1992 = DIRECTION('',(0.,0.,1.));
#1993 = ORIENTED_EDGE('',*,*,#1994,.F.);
#1994 = EDGE_CURVE('',#1922,#1987,#1995,.T.);
#1995 = CIRCLE('',#1996,3.6);
#1996 = AXIS2_PLACEMENT_3D('',#1997,#1998,#1999);
#1997 = CARTESIAN_POINT('',(16.227241335952,9.25,51.));
#1998 = DIRECTION('',(0.,-1.,0.));
#1999 = DIRECTION('',(0.,0.,1.));
#2000 = FACE_BOUND('',#2001,.F.);
#2001 = EDGE_LOOP('',(#2002));
#2002 = ORIENTED_EDGE('',*,*,#2003,.T.);
#2003 = EDGE_CURVE('',#2004,#2004,#2006,.T.);
#2004 = VERTEX_POINT('',#2005);
#2005 = CARTESIAN_POINT('',(16.227241335952,9.25,48.55));
#2006 = CIRCLE('',#2007,2.45);
#2007 = AXIS2_PLACEMENT_3D('',#2008,#2009,#2010);
#2008 = CARTESIAN_POINT('',(16.227241335952,9.25,51.));
#2009 = DIRECTION('',(0.,-1.,0.));
#2010 = DIRECTION('',(0.,0.,-1.));
#2011 = PLANE('',#2012);
#2012 = AXIS2_PLACEMENT_3D('',#2013,#2014,#2015);
#2013 = CARTESIAN_POINT('',(16.227241335952,9.25,52.89175405113));
#2014 = DIRECTION('',(-0.,-1.,-0.));
#2015 = DIRECTION('',(0.,0.,1.));
#2016 = ADVANCED_FACE('',(#2017,#2036),#2047,.T.);
#2017 = FACE_BOUND('',#2018,.F.);
#2018 = EDGE_LOOP('',(#2019,#2020,#2029,#2035));
#2019 = ORIENTED_EDGE('',*,*,#1944,.F.);
#2020 = ORIENTED_EDGE('',*,*,#2021,.T.);
#2021 = EDGE_CURVE('',#1945,#2022,#2024,.T.);
#2022 = VERTEX_POINT('',#2023);
#2023 = CARTESIAN_POINT('',(19.827241335952,-18.75,51.));
#2024 = CIRCLE('',#2025,3.6);
#2025 = AXIS2_PLACEMENT_3D('',#2026,#2027,#2028);
#2026 = CARTESIAN_POINT('',(16.227241335952,-18.75,51.));
#2027 = DIRECTION('',(0.,-1.,0.));
#2028 = DIRECTION('',(0.,0.,1.));
#2029 = ORIENTED_EDGE('',*,*,#2030,.T.);
#2030 = EDGE_CURVE('',#2022,#169,#2031,.T.);
#2031 = LINE('',#2032,#2033);
#2032 = CARTESIAN_POINT('',(19.827241335952,-18.75,51.));
#2033 = VECTOR('',#2034,1.);
#2034 = DIRECTION('',(0.,0.,1.));
#2035 = ORIENTED_EDGE('',*,*,#168,.F.);
#2036 = FACE_BOUND('',#2037,.F.);
#2037 = EDGE_LOOP('',(#2038));
#2038 = ORIENTED_EDGE('',*,*,#2039,.F.);
#2039 = EDGE_CURVE('',#2040,#2040,#2042,.T.);
#2040 = VERTEX_POINT('',#2041);
#2041 = CARTESIAN_POINT('',(18.677241335952,-18.75,51.));
#2042 = CIRCLE('',#2043,2.45);
#2043 = AXIS2_PLACEMENT_3D('',#2044,#2045,#2046);
#2044 = CARTESIAN_POINT('',(16.227241335952,-18.75,51.));
#2045 = DIRECTION('',(0.,-1.,0.));
#2046 = DIRECTION('',(1.,0.,0.));
#2047 = PLANE('',#2048);
#2048 = AXIS2_PLACEMENT_3D('',#2049,#2050,#2051);
#2049 = CARTESIAN_POINT('',(16.227241335952,-18.75,52.89175405113));
#2050 = DIRECTION('',(0.,1.,0.));
#2051 = DIRECTION('',(0.,0.,-1.));
#2052 = ADVANCED_FACE('',(#2053),#2288,.T.);
#2053 = FACE_BOUND('',#2054,.F.);
#2054 = EDGE_LOOP('',(#2055,#2056,#2064,#2072,#2080,#2088,#2096,#2104,
    #2112,#2120,#2128,#2136,#2144,#2152,#2160,#2168,#2176,#2184,#2192,
    #2200,#2208,#2216,#2224,#2232,#2240,#2248,#2256,#2264,#2272,#2280,
    #2286,#2287));
#2055 = ORIENTED_EDGE('',*,*,#2030,.F.);
#2056 = ORIENTED_EDGE('',*,*,#2057,.T.);
#2057 = EDGE_CURVE('',#2022,#2058,#2060,.T.);
#2058 = VERTEX_POINT('',#2059);
#2059 = CARTESIAN_POINT('',(19.827241335952,-13.1782856857,51.));
#2060 = LINE('',#2061,#2062);
#2061 = CARTESIAN_POINT('',(19.827241335952,-18.75,51.));
#2062 = VECTOR('',#2063,1.);
#2063 = DIRECTION('',(0.,1.,0.));
#2064 = ORIENTED_EDGE('',*,*,#2065,.T.);
#2065 = EDGE_CURVE('',#2058,#2066,#2068,.T.);
#2066 = VERTEX_POINT('',#2067);
#2067 = CARTESIAN_POINT('',(19.827241335952,-13.1782856857,52.));
#2068 = LINE('',#2069,#2070);
#2069 = CARTESIAN_POINT('',(19.827241335952,-13.1782856857,41.));
#2070 = VECTOR('',#2071,1.);
#2071 = DIRECTION('',(0.,0.,1.));
#2072 = ORIENTED_EDGE('',*,*,#2073,.T.);
#2073 = EDGE_CURVE('',#2066,#2074,#2076,.T.);
#2074 = VERTEX_POINT('',#2075);
#2075 = CARTESIAN_POINT('',(19.827241335952,-13.75,52.));
#2076 = LINE('',#2077,#2078);
#2077 = CARTESIAN_POINT('',(19.827241335952,-16.35,52.));
#2078 = VECTOR('',#2079,1.);
#2079 = DIRECTION('',(0.,-1.,0.));
#2080 = ORIENTED_EDGE('',*,*,#2081,.T.);
#2081 = EDGE_CURVE('',#2074,#2082,#2084,.T.);
#2082 = VERTEX_POINT('',#2083);
#2083 = CARTESIAN_POINT('',(19.827241335952,-13.95,52.));
#2084 = LINE('',#2085,#2086);
#2085 = CARTESIAN_POINT('',(19.827241335952,-16.35,52.));
#2086 = VECTOR('',#2087,1.);
#2087 = DIRECTION('',(0.,-1.,0.));
#2088 = ORIENTED_EDGE('',*,*,#2089,.T.);
#2089 = EDGE_CURVE('',#2082,#2090,#2092,.T.);
#2090 = VERTEX_POINT('',#2091);
#2091 = CARTESIAN_POINT('',(19.827241335952,-13.95,54.4));
#2092 = LINE('',#2093,#2094);
#2093 = CARTESIAN_POINT('',(19.827241335952,-13.95,51.5));
#2094 = VECTOR('',#2095,1.);
#2095 = DIRECTION('',(0.,0.,1.));
#2096 = ORIENTED_EDGE('',*,*,#2097,.F.);
#2097 = EDGE_CURVE('',#2098,#2090,#2100,.T.);
#2098 = VERTEX_POINT('',#2099);
#2099 = CARTESIAN_POINT('',(19.827241335952,-12.28851648071,54.4));
#2100 = LINE('',#2101,#2102);
#2101 = CARTESIAN_POINT('',(19.827241335952,-16.35,54.4));
#2102 = VECTOR('',#2103,1.);
#2103 = DIRECTION('',(0.,-1.,0.));
#2104 = ORIENTED_EDGE('',*,*,#2105,.T.);
#2105 = EDGE_CURVE('',#2098,#2106,#2108,.T.);
#2106 = VERTEX_POINT('',#2107);
#2107 = CARTESIAN_POINT('',(19.827241335952,-12.28851648071,56.3));
#2108 = LINE('',#2109,#2110);
#2109 = CARTESIAN_POINT('',(19.827241335952,-12.28851648071,54.3));
#2110 = VECTOR('',#2111,1.);
#2111 = DIRECTION('',(0.,0.,1.));
#2112 = ORIENTED_EDGE('',*,*,#2113,.F.);
#2113 = EDGE_CURVE('',#2114,#2106,#2116,.T.);
#2114 = VERTEX_POINT('',#2115);
#2115 = CARTESIAN_POINT('',(19.827241335952,-11.21148351928,56.3));
#2116 = LINE('',#2117,#2118);
#2117 = CARTESIAN_POINT('',(19.827241335952,-15.25,56.3));
#2118 = VECTOR('',#2119,1.);
#2119 = DIRECTION('',(0.,-1.,0.));
#2120 = ORIENTED_EDGE('',*,*,#2121,.F.);
#2121 = EDGE_CURVE('',#2122,#2114,#2124,.T.);
#2122 = VERTEX_POINT('',#2123);
#2123 = CARTESIAN_POINT('',(19.827241335952,-11.21148351928,54.4));
#2124 = LINE('',#2125,#2126);
#2125 = CARTESIAN_POINT('',(19.827241335952,-11.21148351928,54.3));
#2126 = VECTOR('',#2127,1.);
#2127 = DIRECTION('',(0.,0.,1.));
#2128 = ORIENTED_EDGE('',*,*,#2129,.F.);
#2129 = EDGE_CURVE('',#2130,#2122,#2132,.T.);
#2130 = VERTEX_POINT('',#2131);
#2131 = CARTESIAN_POINT('',(19.827241335952,-9.55,54.4));
#2132 = LINE('',#2133,#2134);
#2133 = CARTESIAN_POINT('',(19.827241335952,-16.35,54.4));
#2134 = VECTOR('',#2135,1.);
#2135 = DIRECTION('',(0.,-1.,0.));
#2136 = ORIENTED_EDGE('',*,*,#2137,.F.);
#2137 = EDGE_CURVE('',#2138,#2130,#2140,.T.);
#2138 = VERTEX_POINT('',#2139);
#2139 = CARTESIAN_POINT('',(19.827241335952,-9.55,52.));
#2140 = LINE('',#2141,#2142);
#2141 = CARTESIAN_POINT('',(19.827241335952,-9.55,51.5));
#2142 = VECTOR('',#2143,1.);
#2143 = DIRECTION('',(0.,0.,1.));
#2144 = ORIENTED_EDGE('',*,*,#2145,.T.);
#2145 = EDGE_CURVE('',#2138,#2146,#2148,.T.);
#2146 = VERTEX_POINT('',#2147);
#2147 = CARTESIAN_POINT('',(19.827241335952,-9.75,52.));
#2148 = LINE('',#2149,#2150);
#2149 = CARTESIAN_POINT('',(19.827241335952,-16.35,52.));
#2150 = VECTOR('',#2151,1.);
#2151 = DIRECTION('',(0.,-1.,0.));
#2152 = ORIENTED_EDGE('',*,*,#2153,.T.);
#2153 = EDGE_CURVE('',#2146,#2154,#2156,.T.);
#2154 = VERTEX_POINT('',#2155);
#2155 = CARTESIAN_POINT('',(19.827241335952,-10.32171431429,52.));
#2156 = LINE('',#2157,#2158);
#2157 = CARTESIAN_POINT('',(19.827241335952,-16.35,52.));
#2158 = VECTOR('',#2159,1.);
#2159 = DIRECTION('',(0.,-1.,0.));
#2160 = ORIENTED_EDGE('',*,*,#2161,.F.);
#2161 = EDGE_CURVE('',#2162,#2154,#2164,.T.);
#2162 = VERTEX_POINT('',#2163);
#2163 = CARTESIAN_POINT('',(19.827241335952,-10.32171431429,51.));
#2164 = LINE('',#2165,#2166);
#2165 = CARTESIAN_POINT('',(19.827241335952,-10.32171431429,41.));
#2166 = VECTOR('',#2167,1.);
#2167 = DIRECTION('',(0.,0.,1.));
#2168 = ORIENTED_EDGE('',*,*,#2169,.T.);
#2169 = EDGE_CURVE('',#2162,#2170,#2172,.T.);
#2170 = VERTEX_POINT('',#2171);
#2171 = CARTESIAN_POINT('',(19.827241335952,2.821714314291,51.));
#2172 = LINE('',#2173,#2174);
#2173 = CARTESIAN_POINT('',(19.827241335952,-18.75,51.));
#2174 = VECTOR('',#2175,1.);
#2175 = DIRECTION('',(0.,1.,0.));
#2176 = ORIENTED_EDGE('',*,*,#2177,.T.);
#2177 = EDGE_CURVE('',#2170,#2178,#2180,.T.);
#2178 = VERTEX_POINT('',#2179);
#2179 = CARTESIAN_POINT('',(19.827241335952,2.821714314291,52.));
#2180 = LINE('',#2181,#2182);
#2181 = CARTESIAN_POINT('',(19.827241335952,2.821714314291,41.));
#2182 = VECTOR('',#2183,1.);
#2183 = DIRECTION('',(0.,0.,1.));
#2184 = ORIENTED_EDGE('',*,*,#2185,.T.);
#2185 = EDGE_CURVE('',#2178,#2186,#2188,.T.);
#2186 = VERTEX_POINT('',#2187);
#2187 = CARTESIAN_POINT('',(19.827241335952,2.25,52.));
#2188 = LINE('',#2189,#2190);
#2189 = CARTESIAN_POINT('',(19.827241335952,-8.35,52.));
#2190 = VECTOR('',#2191,1.);
#2191 = DIRECTION('',(0.,-1.,0.));
#2192 = ORIENTED_EDGE('',*,*,#2193,.T.);
#2193 = EDGE_CURVE('',#2186,#2194,#2196,.T.);
#2194 = VERTEX_POINT('',#2195);
#2195 = CARTESIAN_POINT('',(19.827241335952,2.05,52.));
#2196 = LINE('',#2197,#2198);
#2197 = CARTESIAN_POINT('',(19.827241335952,-8.35,52.));
#2198 = VECTOR('',#2199,1.);
#2199 = DIRECTION('',(0.,-1.,0.));
#2200 = ORIENTED_EDGE('',*,*,#2201,.T.);
#2201 = EDGE_CURVE('',#2194,#2202,#2204,.T.);
#2202 = VERTEX_POINT('',#2203);
#2203 = CARTESIAN_POINT('',(19.827241335952,2.05,54.4));
#2204 = LINE('',#2205,#2206);
#2205 = CARTESIAN_POINT('',(19.827241335952,2.05,51.5));
#2206 = VECTOR('',#2207,1.);
#2207 = DIRECTION('',(0.,0.,1.));
#2208 = ORIENTED_EDGE('',*,*,#2209,.F.);
#2209 = EDGE_CURVE('',#2210,#2202,#2212,.T.);
#2210 = VERTEX_POINT('',#2211);
#2211 = CARTESIAN_POINT('',(19.827241335952,3.711483519287,54.4));
#2212 = LINE('',#2213,#2214);
#2213 = CARTESIAN_POINT('',(19.827241335952,-8.35,54.4));
#2214 = VECTOR('',#2215,1.);
#2215 = DIRECTION('',(0.,-1.,0.));
#2216 = ORIENTED_EDGE('',*,*,#2217,.T.);
#2217 = EDGE_CURVE('',#2210,#2218,#2220,.T.);
#2218 = VERTEX_POINT('',#2219);
#2219 = CARTESIAN_POINT('',(19.827241335952,3.711483519287,56.3));
#2220 = LINE('',#2221,#2222);
#2221 = CARTESIAN_POINT('',(19.827241335952,3.711483519287,54.3));
#2222 = VECTOR('',#2223,1.);
#2223 = DIRECTION('',(0.,0.,1.));
#2224 = ORIENTED_EDGE('',*,*,#2225,.F.);
#2225 = EDGE_CURVE('',#2226,#2218,#2228,.T.);
#2226 = VERTEX_POINT('',#2227);
#2227 = CARTESIAN_POINT('',(19.827241335952,4.788516480713,56.3));
#2228 = LINE('',#2229,#2230);
#2229 = CARTESIAN_POINT('',(19.827241335952,-7.25,56.3));
#2230 = VECTOR('',#2231,1.);
#2231 = DIRECTION('',(0.,-1.,0.));
#2232 = ORIENTED_EDGE('',*,*,#2233,.F.);
#2233 = EDGE_CURVE('',#2234,#2226,#2236,.T.);
#2234 = VERTEX_POINT('',#2235);
#2235 = CARTESIAN_POINT('',(19.827241335952,4.788516480713,54.4));
#2236 = LINE('',#2237,#2238);
#2237 = CARTESIAN_POINT('',(19.827241335952,4.788516480713,54.3));
#2238 = VECTOR('',#2239,1.);
#2239 = DIRECTION('',(0.,0.,1.));
#2240 = ORIENTED_EDGE('',*,*,#2241,.F.);
#2241 = EDGE_CURVE('',#2242,#2234,#2244,.T.);
#2242 = VERTEX_POINT('',#2243);
#2243 = CARTESIAN_POINT('',(19.827241335952,6.45,54.4));
#2244 = LINE('',#2245,#2246);
#2245 = CARTESIAN_POINT('',(19.827241335952,-8.35,54.4));
#2246 = VECTOR('',#2247,1.);
#2247 = DIRECTION('',(0.,-1.,0.));
#2248 = ORIENTED_EDGE('',*,*,#2249,.F.);
#2249 = EDGE_CURVE('',#2250,#2242,#2252,.T.);
#2250 = VERTEX_POINT('',#2251);
#2251 = CARTESIAN_POINT('',(19.827241335952,6.45,52.));
#2252 = LINE('',#2253,#2254);
#2253 = CARTESIAN_POINT('',(19.827241335952,6.45,51.5));
#2254 = VECTOR('',#2255,1.);
#2255 = DIRECTION('',(0.,0.,1.));
#2256 = ORIENTED_EDGE('',*,*,#2257,.T.);
#2257 = EDGE_CURVE('',#2250,#2258,#2260,.T.);
#2258 = VERTEX_POINT('',#2259);
#2259 = CARTESIAN_POINT('',(19.827241335952,6.25,52.));
#2260 = LINE('',#2261,#2262);
#2261 = CARTESIAN_POINT('',(19.827241335952,-8.35,52.));
#2262 = VECTOR('',#2263,1.);
#2263 = DIRECTION('',(0.,-1.,0.));
#2264 = ORIENTED_EDGE('',*,*,#2265,.T.);
#2265 = EDGE_CURVE('',#2258,#2266,#2268,.T.);
#2266 = VERTEX_POINT('',#2267);
#2267 = CARTESIAN_POINT('',(19.827241335952,5.678285685709,52.));
#2268 = LINE('',#2269,#2270);
#2269 = CARTESIAN_POINT('',(19.827241335952,-8.35,52.));
#2270 = VECTOR('',#2271,1.);
#2271 = DIRECTION('',(0.,-1.,0.));
#2272 = ORIENTED_EDGE('',*,*,#2273,.F.);
#2273 = EDGE_CURVE('',#2274,#2266,#2276,.T.);
#2274 = VERTEX_POINT('',#2275);
#2275 = CARTESIAN_POINT('',(19.827241335952,5.678285685709,51.));
#2276 = LINE('',#2277,#2278);
#2277 = CARTESIAN_POINT('',(19.827241335952,5.678285685709,41.));
#2278 = VECTOR('',#2279,1.);
#2279 = DIRECTION('',(0.,0.,1.));
#2280 = ORIENTED_EDGE('',*,*,#2281,.T.);
#2281 = EDGE_CURVE('',#2274,#1987,#2282,.T.);
#2282 = LINE('',#2283,#2284);
#2283 = CARTESIAN_POINT('',(19.827241335952,-18.75,51.));
#2284 = VECTOR('',#2285,1.);
#2285 = DIRECTION('',(0.,1.,0.));
#2286 = ORIENTED_EDGE('',*,*,#1986,.T.);
#2287 = ORIENTED_EDGE('',*,*,#176,.F.);
#2288 = PLANE('',#2289);
#2289 = AXIS2_PLACEMENT_3D('',#2290,#2291,#2292);
#2290 = CARTESIAN_POINT('',(19.827241335952,-18.75,51.));
#2291 = DIRECTION('',(-1.,0.,0.));
#2292 = DIRECTION('',(0.,0.,-1.));
#2293 = ADVANCED_FACE('',(#2294),#2313,.T.);
#2294 = FACE_BOUND('',#2295,.F.);
#2295 = EDGE_LOOP('',(#2296,#2305,#2311,#2312));
#2296 = ORIENTED_EDGE('',*,*,#2297,.F.);
#2297 = EDGE_CURVE('',#2298,#2298,#2300,.T.);
#2298 = VERTEX_POINT('',#2299);
#2299 = CARTESIAN_POINT('',(-28.,-21.,62.6));
#2300 = CIRCLE('',#2301,2.);
#2301 = AXIS2_PLACEMENT_3D('',#2302,#2303,#2304);
#2302 = CARTESIAN_POINT('',(-26.,-21.,62.6));
#2303 = DIRECTION('',(0.,0.,-1.));
#2304 = DIRECTION('',(-1.,0.,0.));
#2305 = ORIENTED_EDGE('',*,*,#2306,.F.);
#2306 = EDGE_CURVE('',#209,#2298,#2307,.T.);
#2307 = LINE('',#2308,#2309);
#2308 = CARTESIAN_POINT('',(-28.,-21.,57.));
#2309 = VECTOR('',#2310,1.);
#2310 = DIRECTION('',(0.,0.,1.));
#2311 = ORIENTED_EDGE('',*,*,#208,.T.);
#2312 = ORIENTED_EDGE('',*,*,#2306,.T.);
#2313 = CYLINDRICAL_SURFACE('',#2314,2.);
#2314 = AXIS2_PLACEMENT_3D('',#2315,#2316,#2317);
#2315 = CARTESIAN_POINT('',(-26.,-21.,57.));
#2316 = DIRECTION('',(0.,0.,1.));
#2317 = DIRECTION('',(-1.,0.,0.));
#2318 = ADVANCED_FACE('',(#2319),#2376,.T.);
#2319 = FACE_BOUND('',#2320,.F.);
#2320 = EDGE_LOOP('',(#2321,#2329,#2337,#2345,#2353,#2361,#2369,#2375));
#2321 = ORIENTED_EDGE('',*,*,#2322,.F.);
#2322 = EDGE_CURVE('',#2323,#220,#2325,.T.);
#2323 = VERTEX_POINT('',#2324);
#2324 = CARTESIAN_POINT('',(-8.124355652982,-13.92820323027,44.));
#2325 = LINE('',#2326,#2327);
#2326 = CARTESIAN_POINT('',(-8.124355652982,-13.92820323027,44.));
#2327 = VECTOR('',#2328,1.);
#2328 = DIRECTION('',(0.,0.,1.));
#2329 = ORIENTED_EDGE('',*,*,#2330,.F.);
#2330 = EDGE_CURVE('',#2331,#2323,#2333,.T.);
#2331 = VERTEX_POINT('',#2332);
#2332 = CARTESIAN_POINT('',(-4.772758664048,-11.99315780649,44.));
#2333 = LINE('',#2334,#2335);
#2334 = CARTESIAN_POINT('',(-0.330127018922,-9.428203230276,44.));
#2335 = VECTOR('',#2336,1.);
#2336 = DIRECTION('',(-0.866025403784,-0.5,-0.));
#2337 = ORIENTED_EDGE('',*,*,#2338,.F.);
#2338 = EDGE_CURVE('',#2339,#2331,#2341,.T.);
#2339 = VERTEX_POINT('',#2340);
#2340 = CARTESIAN_POINT('',(-4.772758664048,-11.99315780649,44.1));
#2341 = LINE('',#2342,#2343);
#2342 = CARTESIAN_POINT('',(-4.772758664048,-11.99315780649,43.75));
#2343 = VECTOR('',#2344,1.);
#2344 = DIRECTION('',(-0.,-0.,-1.));
#2345 = ORIENTED_EDGE('',*,*,#2346,.F.);
#2346 = EDGE_CURVE('',#2347,#2339,#2349,.T.);
#2347 = VERTEX_POINT('',#2348);
#2348 = CARTESIAN_POINT('',(-2.272758664048,-10.54978213352,44.1));
#2349 = LINE('',#2350,#2351);
#2350 = CARTESIAN_POINT('',(5.735657911281,-5.926120667976,44.1));
#2351 = VECTOR('',#2352,1.);
#2352 = DIRECTION('',(-0.866025403784,-0.5,0.));
#2353 = ORIENTED_EDGE('',*,*,#2354,.F.);
#2354 = EDGE_CURVE('',#2355,#2347,#2357,.T.);
#2355 = VERTEX_POINT('',#2356);
#2356 = CARTESIAN_POINT('',(-2.272758664048,-10.54978213352,46.));
#2357 = LINE('',#2358,#2359);
#2358 = CARTESIAN_POINT('',(-2.272758664048,-10.54978213352,44.));
#2359 = VECTOR('',#2360,1.);
#2360 = DIRECTION('',(-0.,-0.,-1.));
#2361 = ORIENTED_EDGE('',*,*,#2362,.F.);
#2362 = EDGE_CURVE('',#2363,#2355,#2365,.T.);
#2363 = VERTEX_POINT('',#2364);
#2364 = CARTESIAN_POINT('',(-0.330127018922,-9.428203230276,46.));
#2365 = LINE('',#2366,#2367);
#2366 = CARTESIAN_POINT('',(-1.000880194395,-9.815462756695,46.));
#2367 = VECTOR('',#2368,1.);
#2368 = DIRECTION('',(-0.866025403784,-0.5,0.));
#2369 = ORIENTED_EDGE('',*,*,#2370,.T.);
#2370 = EDGE_CURVE('',#2363,#222,#2371,.T.);
#2371 = LINE('',#2372,#2373);
#2372 = CARTESIAN_POINT('',(-0.330127018922,-9.428203230276,44.));
#2373 = VECTOR('',#2374,1.);
#2374 = DIRECTION('',(0.,0.,1.));
#2375 = ORIENTED_EDGE('',*,*,#219,.F.);
#2376 = PLANE('',#2377);
#2377 = AXIS2_PLACEMENT_3D('',#2378,#2379,#2380);
#2378 = CARTESIAN_POINT('',(-0.330127018922,-9.428203230276,44.));
#2379 = DIRECTION('',(-0.5,0.866025403784,0.));
#2380 = DIRECTION('',(0.,-0.,-1.));
#2381 = ADVANCED_FACE('',(#2382),#2400,.F.);
#2382 = FACE_BOUND('',#2383,.T.);
#2383 = EDGE_LOOP('',(#2384,#2385,#2393,#2399));
#2384 = ORIENTED_EDGE('',*,*,#2322,.F.);
#2385 = ORIENTED_EDGE('',*,*,#2386,.T.);
#2386 = EDGE_CURVE('',#2323,#2387,#2389,.T.);
#2387 = VERTEX_POINT('',#2388);
#2388 = CARTESIAN_POINT('',(-16.12435565298,-7.179676972449E-02,44.));
#2389 = LINE('',#2390,#2391);
#2390 = CARTESIAN_POINT('',(-8.124355652982,-13.92820323027,44.));
#2391 = VECTOR('',#2392,1.);
#2392 = DIRECTION('',(-0.5,0.866025403784,0.));
#2393 = ORIENTED_EDGE('',*,*,#2394,.T.);
#2394 = EDGE_CURVE('',#2387,#238,#2395,.T.);
#2395 = LINE('',#2396,#2397);
#2396 = CARTESIAN_POINT('',(-16.12435565298,-7.179676972449E-02,44.));
#2397 = VECTOR('',#2398,1.);
#2398 = DIRECTION('',(0.,0.,1.));
#2399 = ORIENTED_EDGE('',*,*,#245,.F.);
#2400 = PLANE('',#2401);
#2401 = AXIS2_PLACEMENT_3D('',#2402,#2403,#2404);
#2402 = CARTESIAN_POINT('',(-8.124355652982,-13.92820323027,44.));
#2403 = DIRECTION('',(-0.866025403784,-0.5,-0.));
#2404 = DIRECTION('',(0.,-0.,-1.));
#2405 = ADVANCED_FACE('',(#2406),#2456,.T.);
#2406 = FACE_BOUND('',#2407,.F.);
#2407 = EDGE_LOOP('',(#2408,#2409,#2417,#2425,#2433,#2441,#2449,#2455));
#2408 = ORIENTED_EDGE('',*,*,#2370,.F.);
#2409 = ORIENTED_EDGE('',*,*,#2410,.F.);
#2410 = EDGE_CURVE('',#2411,#2363,#2413,.T.);
#2411 = VERTEX_POINT('',#2412);
#2412 = CARTESIAN_POINT('',(-2.272758664048,-6.063466520527,46.));
#2413 = LINE('',#2414,#2415);
#2414 = CARTESIAN_POINT('',(3.869310333988,-16.70184208871,46.));
#2415 = VECTOR('',#2416,1.);
#2416 = DIRECTION('',(0.5,-0.866025403784,0.));
#2417 = ORIENTED_EDGE('',*,*,#2418,.F.);
#2418 = EDGE_CURVE('',#2419,#2411,#2421,.T.);
#2419 = VERTEX_POINT('',#2420);
#2420 = CARTESIAN_POINT('',(-2.272758664048,-6.063466520527,44.1));
#2421 = LINE('',#2422,#2423);
#2422 = CARTESIAN_POINT('',(-2.272758664048,-6.063466520527,44.));
#2423 = VECTOR('',#2424,1.);
#2424 = DIRECTION('',(0.,0.,1.));
#2425 = ORIENTED_EDGE('',*,*,#2426,.F.);
#2426 = EDGE_CURVE('',#2427,#2419,#2429,.T.);
#2427 = VERTEX_POINT('',#2428);
#2428 = CARTESIAN_POINT('',(-4.772758664048,-1.733339501605,44.1));
#2429 = LINE('',#2430,#2431);
#2430 = CARTESIAN_POINT('',(4.382772228311,-17.59118417743,44.1));
#2431 = VECTOR('',#2432,1.);
#2432 = DIRECTION('',(0.5,-0.866025403784,0.));
#2433 = ORIENTED_EDGE('',*,*,#2434,.F.);
#2434 = EDGE_CURVE('',#2435,#2427,#2437,.T.);
#2435 = VERTEX_POINT('',#2436);
#2436 = CARTESIAN_POINT('',(-4.772758664048,-1.733339501605,44.));
#2437 = LINE('',#2438,#2439);
#2438 = CARTESIAN_POINT('',(-4.772758664048,-1.733339501605,43.75));
#2439 = VECTOR('',#2440,1.);
#2440 = DIRECTION('',(0.,0.,1.));
#2441 = ORIENTED_EDGE('',*,*,#2442,.T.);
#2442 = EDGE_CURVE('',#2435,#2443,#2445,.T.);
#2443 = VERTEX_POINT('',#2444);
#2444 = CARTESIAN_POINT('',(-8.330127018922,4.428203230276,44.));
#2445 = LINE('',#2446,#2447);
#2446 = CARTESIAN_POINT('',(-0.330127018922,-9.428203230276,44.));
#2447 = VECTOR('',#2448,1.);
#2448 = DIRECTION('',(-0.5,0.866025403784,0.));
#2449 = ORIENTED_EDGE('',*,*,#2450,.T.);
#2450 = EDGE_CURVE('',#2443,#230,#2451,.T.);
#2451 = LINE('',#2452,#2453);
#2452 = CARTESIAN_POINT('',(-8.330127018922,4.428203230276,44.));
#2453 = VECTOR('',#2454,1.);
#2454 = DIRECTION('',(0.,0.,1.));
#2455 = ORIENTED_EDGE('',*,*,#229,.F.);
#2456 = PLANE('',#2457);
#2457 = AXIS2_PLACEMENT_3D('',#2458,#2459,#2460);
#2458 = CARTESIAN_POINT('',(-0.330127018922,-9.428203230276,44.));
#2459 = DIRECTION('',(-0.866025403784,-0.5,-0.));
#2460 = DIRECTION('',(0.,-0.,-1.));
#2461 = ADVANCED_FACE('',(#2462),#2473,.F.);
#2462 = FACE_BOUND('',#2463,.T.);
#2463 = EDGE_LOOP('',(#2464,#2465,#2471,#2472));
#2464 = ORIENTED_EDGE('',*,*,#2394,.F.);
#2465 = ORIENTED_EDGE('',*,*,#2466,.F.);
#2466 = EDGE_CURVE('',#2443,#2387,#2467,.T.);
#2467 = LINE('',#2468,#2469);
#2468 = CARTESIAN_POINT('',(-8.330127018922,4.428203230276,44.));
#2469 = VECTOR('',#2470,1.);
#2470 = DIRECTION('',(-0.866025403784,-0.5,-0.));
#2471 = ORIENTED_EDGE('',*,*,#2450,.T.);
#2472 = ORIENTED_EDGE('',*,*,#237,.F.);
#2473 = PLANE('',#2474);
#2474 = AXIS2_PLACEMENT_3D('',#2475,#2476,#2477);
#2475 = CARTESIAN_POINT('',(-8.330127018922,4.428203230276,44.));
#2476 = DIRECTION('',(-0.5,0.866025403784,0.));
#2477 = DIRECTION('',(0.,-0.,-1.));
#2478 = ADVANCED_FACE('',(#2479),#2498,.T.);
#2479 = FACE_BOUND('',#2480,.F.);
#2480 = EDGE_LOOP('',(#2481,#2490,#2496,#2497));
#2481 = ORIENTED_EDGE('',*,*,#2482,.F.);
#2482 = EDGE_CURVE('',#2483,#2483,#2485,.T.);
#2483 = VERTEX_POINT('',#2484);
#2484 = CARTESIAN_POINT('',(24.,21.,62.6));
#2485 = CIRCLE('',#2486,2.);
#2486 = AXIS2_PLACEMENT_3D('',#2487,#2488,#2489);
#2487 = CARTESIAN_POINT('',(26.,21.,62.6));
#2488 = DIRECTION('',(0.,0.,-1.));
#2489 = DIRECTION('',(-1.,0.,0.));
#2490 = ORIENTED_EDGE('',*,*,#2491,.F.);
#2491 = EDGE_CURVE('',#254,#2483,#2492,.T.);
#2492 = LINE('',#2493,#2494);
#2493 = CARTESIAN_POINT('',(24.,21.,57.));
#2494 = VECTOR('',#2495,1.);
#2495 = DIRECTION('',(0.,0.,1.));
#2496 = ORIENTED_EDGE('',*,*,#253,.T.);
#2497 = ORIENTED_EDGE('',*,*,#2491,.T.);
#2498 = CYLINDRICAL_SURFACE('',#2499,2.);
#2499 = AXIS2_PLACEMENT_3D('',#2500,#2501,#2502);
#2500 = CARTESIAN_POINT('',(26.,21.,57.));
#2501 = DIRECTION('',(0.,0.,1.));
#2502 = DIRECTION('',(-1.,0.,0.));
#2503 = ADVANCED_FACE('',(#2504),#2529,.T.);
#2504 = FACE_BOUND('',#2505,.F.);
#2505 = EDGE_LOOP('',(#2506,#2514,#2522,#2528));
#2506 = ORIENTED_EDGE('',*,*,#2507,.F.);
#2507 = EDGE_CURVE('',#2508,#265,#2510,.T.);
#2508 = VERTEX_POINT('',#2509);
#2509 = CARTESIAN_POINT('',(-4.5,3.1,44.1));
#2510 = LINE('',#2511,#2512);
#2511 = CARTESIAN_POINT('',(-4.5,3.1,40.5));
#2512 = VECTOR('',#2513,1.);
#2513 = DIRECTION('',(0.,0.,1.));
#2514 = ORIENTED_EDGE('',*,*,#2515,.F.);
#2515 = EDGE_CURVE('',#2516,#2508,#2518,.T.);
#2516 = VERTEX_POINT('',#2517);
#2517 = CARTESIAN_POINT('',(4.5,3.1,44.1));
#2518 = LINE('',#2519,#2520);
#2519 = CARTESIAN_POINT('',(12.863620667976,3.1,44.1));
#2520 = VECTOR('',#2521,1.);
#2521 = DIRECTION('',(-1.,-0.,-0.));
#2522 = ORIENTED_EDGE('',*,*,#2523,.T.);
#2523 = EDGE_CURVE('',#2516,#267,#2524,.T.);
#2524 = LINE('',#2525,#2526);
#2525 = CARTESIAN_POINT('',(4.5,3.1,40.5));
#2526 = VECTOR('',#2527,1.);
#2527 = DIRECTION('',(0.,0.,1.));
#2528 = ORIENTED_EDGE('',*,*,#264,.F.);
#2529 = PLANE('',#2530);
#2530 = AXIS2_PLACEMENT_3D('',#2531,#2532,#2533);
#2531 = CARTESIAN_POINT('',(4.5,3.1,40.5));
#2532 = DIRECTION('',(0.,1.,0.));
#2533 = DIRECTION('',(0.,0.,-1.));
#2534 = ADVANCED_FACE('',(#2535,#2585),#2619,.F.);
#2535 = FACE_BOUND('',#2536,.T.);
#2536 = EDGE_LOOP('',(#2537,#2547,#2555,#2561,#2562,#2563,#2571,#2579));
#2537 = ORIENTED_EDGE('',*,*,#2538,.F.);
#2538 = EDGE_CURVE('',#2539,#2541,#2543,.T.);
#2539 = VERTEX_POINT('',#2540);
#2540 = CARTESIAN_POINT('',(-4.5,3.1,40.5));
#2541 = VERTEX_POINT('',#2542);
#2542 = CARTESIAN_POINT('',(-4.5,3.1,43.5));
#2543 = LINE('',#2544,#2545);
#2544 = CARTESIAN_POINT('',(-4.5,3.1,40.5));
#2545 = VECTOR('',#2546,1.);
#2546 = DIRECTION('',(0.,0.,1.));
#2547 = ORIENTED_EDGE('',*,*,#2548,.T.);
#2548 = EDGE_CURVE('',#2539,#2549,#2551,.T.);
#2549 = VERTEX_POINT('',#2550);
#2550 = CARTESIAN_POINT('',(-4.5,19.1,40.5));
#2551 = LINE('',#2552,#2553);
#2552 = CARTESIAN_POINT('',(-4.5,3.1,40.5));
#2553 = VECTOR('',#2554,1.);
#2554 = DIRECTION('',(0.,1.,0.));
#2555 = ORIENTED_EDGE('',*,*,#2556,.T.);
#2556 = EDGE_CURVE('',#2549,#283,#2557,.T.);
#2557 = LINE('',#2558,#2559);
#2558 = CARTESIAN_POINT('',(-4.5,19.1,40.5));
#2559 = VECTOR('',#2560,1.);
#2560 = DIRECTION('',(0.,0.,1.));
#2561 = ORIENTED_EDGE('',*,*,#290,.F.);
#2562 = ORIENTED_EDGE('',*,*,#2507,.F.);
#2563 = ORIENTED_EDGE('',*,*,#2564,.F.);
#2564 = EDGE_CURVE('',#2565,#2508,#2567,.T.);
#2565 = VERTEX_POINT('',#2566);
#2566 = CARTESIAN_POINT('',(-4.5,9.25,44.1));
#2567 = LINE('',#2568,#2569);
#2568 = CARTESIAN_POINT('',(-4.5,-7.825,44.1));
#2569 = VECTOR('',#2570,1.);
#2570 = DIRECTION('',(0.,-1.,0.));
#2571 = ORIENTED_EDGE('',*,*,#2572,.F.);
#2572 = EDGE_CURVE('',#2573,#2565,#2575,.T.);
#2573 = VERTEX_POINT('',#2574);
#2574 = CARTESIAN_POINT('',(-4.5,9.25,43.5));
#2575 = LINE('',#2576,#2577);
#2576 = CARTESIAN_POINT('',(-4.5,9.25,42.));
#2577 = VECTOR('',#2578,1.);
#2578 = DIRECTION('',(0.,0.,1.));
#2579 = ORIENTED_EDGE('',*,*,#2580,.T.);
#2580 = EDGE_CURVE('',#2573,#2541,#2581,.T.);
#2581 = LINE('',#2582,#2583);
#2582 = CARTESIAN_POINT('',(-4.5,-7.825,43.5));
#2583 = VECTOR('',#2584,1.);
#2584 = DIRECTION('',(0.,-1.,0.));
#2585 = FACE_BOUND('',#2586,.T.);
#2586 = EDGE_LOOP('',(#2587,#2597,#2605,#2613));
#2587 = ORIENTED_EDGE('',*,*,#2588,.T.);
#2588 = EDGE_CURVE('',#2589,#2591,#2593,.T.);
#2589 = VERTEX_POINT('',#2590);
#2590 = CARTESIAN_POINT('',(-4.5,12.8,40.9));
#2591 = VERTEX_POINT('',#2592);
#2592 = CARTESIAN_POINT('',(-4.5,9.4,40.9));
#2593 = LINE('',#2594,#2595);
#2594 = CARTESIAN_POINT('',(-4.5,6.25,40.9));
#2595 = VECTOR('',#2596,1.);
#2596 = DIRECTION('',(0.,-1.,0.));
#2597 = ORIENTED_EDGE('',*,*,#2598,.T.);
#2598 = EDGE_CURVE('',#2591,#2599,#2601,.T.);
#2599 = VERTEX_POINT('',#2600);
#2600 = CARTESIAN_POINT('',(-4.5,9.4,44.4));
#2601 = LINE('',#2602,#2603);
#2602 = CARTESIAN_POINT('',(-4.5,9.4,40.7));
#2603 = VECTOR('',#2604,1.);
#2604 = DIRECTION('',(0.,0.,1.));
#2605 = ORIENTED_EDGE('',*,*,#2606,.F.);
#2606 = EDGE_CURVE('',#2607,#2599,#2609,.T.);
#2607 = VERTEX_POINT('',#2608);
#2608 = CARTESIAN_POINT('',(-4.5,12.8,44.4));
#2609 = LINE('',#2610,#2611);
#2610 = CARTESIAN_POINT('',(-4.5,6.25,44.4));
#2611 = VECTOR('',#2612,1.);
#2612 = DIRECTION('',(0.,-1.,0.));
#2613 = ORIENTED_EDGE('',*,*,#2614,.F.);
#2614 = EDGE_CURVE('',#2589,#2607,#2615,.T.);
#2615 = LINE('',#2616,#2617);
#2616 = CARTESIAN_POINT('',(-4.5,12.8,40.7));
#2617 = VECTOR('',#2618,1.);
#2618 = DIRECTION('',(0.,0.,1.));
#2619 = PLANE('',#2620);
#2620 = AXIS2_PLACEMENT_3D('',#2621,#2622,#2623);
#2621 = CARTESIAN_POINT('',(-4.5,3.1,40.5));
#2622 = DIRECTION('',(-1.,-0.,-0.));
#2623 = DIRECTION('',(0.,0.,-1.));
#2624 = ADVANCED_FACE('',(#2625,#2691),#2725,.T.);
#2625 = FACE_BOUND('',#2626,.F.);
#2626 = EDGE_LOOP('',(#2627,#2637,#2645,#2653,#2661,#2667,#2668,#2669,
    #2677,#2685));
#2627 = ORIENTED_EDGE('',*,*,#2628,.F.);
#2628 = EDGE_CURVE('',#2629,#2631,#2633,.T.);
#2629 = VERTEX_POINT('',#2630);
#2630 = CARTESIAN_POINT('',(4.5,3.1,41.8));
#2631 = VERTEX_POINT('',#2632);
#2632 = CARTESIAN_POINT('',(4.5,3.1,43.5));
#2633 = LINE('',#2634,#2635);
#2634 = CARTESIAN_POINT('',(4.5,3.1,40.5));
#2635 = VECTOR('',#2636,1.);
#2636 = DIRECTION('',(0.,0.,1.));
#2637 = ORIENTED_EDGE('',*,*,#2638,.F.);
#2638 = EDGE_CURVE('',#2639,#2629,#2641,.T.);
#2639 = VERTEX_POINT('',#2640);
#2640 = CARTESIAN_POINT('',(4.5,3.25,41.8));
#2641 = LINE('',#2642,#2643);
#2642 = CARTESIAN_POINT('',(4.5,1.675,41.8));
#2643 = VECTOR('',#2644,1.);
#2644 = DIRECTION('',(0.,-1.,0.));
#2645 = ORIENTED_EDGE('',*,*,#2646,.F.);
#2646 = EDGE_CURVE('',#2647,#2639,#2649,.T.);
#2647 = VERTEX_POINT('',#2648);
#2648 = CARTESIAN_POINT('',(4.5,3.25,40.5));
#2649 = LINE('',#2650,#2651);
#2650 = CARTESIAN_POINT('',(4.5,3.25,40.25));
#2651 = VECTOR('',#2652,1.);
#2652 = DIRECTION('',(0.,0.,1.));
#2653 = ORIENTED_EDGE('',*,*,#2654,.T.);
#2654 = EDGE_CURVE('',#2647,#2655,#2657,.T.);
#2655 = VERTEX_POINT('',#2656);
#2656 = CARTESIAN_POINT('',(4.5,19.1,40.5));
#2657 = LINE('',#2658,#2659);
#2658 = CARTESIAN_POINT('',(4.5,3.1,40.5));
#2659 = VECTOR('',#2660,1.);
#2660 = DIRECTION('',(0.,1.,0.));
#2661 = ORIENTED_EDGE('',*,*,#2662,.T.);
#2662 = EDGE_CURVE('',#2655,#275,#2663,.T.);
#2663 = LINE('',#2664,#2665);
#2664 = CARTESIAN_POINT('',(4.5,19.1,40.5));
#2665 = VECTOR('',#2666,1.);
#2666 = DIRECTION('',(0.,0.,1.));
#2667 = ORIENTED_EDGE('',*,*,#274,.F.);
#2668 = ORIENTED_EDGE('',*,*,#2523,.F.);
#2669 = ORIENTED_EDGE('',*,*,#2670,.F.);
#2670 = EDGE_CURVE('',#2671,#2516,#2673,.T.);
#2671 = VERTEX_POINT('',#2672);
#2672 = CARTESIAN_POINT('',(4.5,9.25,44.1));
#2673 = LINE('',#2674,#2675);
#2674 = CARTESIAN_POINT('',(4.5,-7.825,44.1));
#2675 = VECTOR('',#2676,1.);
#2676 = DIRECTION('',(0.,-1.,0.));
#2677 = ORIENTED_EDGE('',*,*,#2678,.F.);
#2678 = EDGE_CURVE('',#2679,#2671,#2681,.T.);
#2679 = VERTEX_POINT('',#2680);
#2680 = CARTESIAN_POINT('',(4.5,9.25,43.5));
#2681 = LINE('',#2682,#2683);
#2682 = CARTESIAN_POINT('',(4.5,9.25,42.));
#2683 = VECTOR('',#2684,1.);
#2684 = DIRECTION('',(0.,0.,1.));
#2685 = ORIENTED_EDGE('',*,*,#2686,.T.);
#2686 = EDGE_CURVE('',#2679,#2631,#2687,.T.);
#2687 = LINE('',#2688,#2689);
#2688 = CARTESIAN_POINT('',(4.5,-7.825,43.5));
#2689 = VECTOR('',#2690,1.);
#2690 = DIRECTION('',(0.,-1.,0.));
#2691 = FACE_BOUND('',#2692,.F.);
#2692 = EDGE_LOOP('',(#2693,#2703,#2711,#2719));
#2693 = ORIENTED_EDGE('',*,*,#2694,.F.);
#2694 = EDGE_CURVE('',#2695,#2697,#2699,.T.);
#2695 = VERTEX_POINT('',#2696);
#2696 = CARTESIAN_POINT('',(4.5,9.4,42.2));
#2697 = VERTEX_POINT('',#2698);
#2698 = CARTESIAN_POINT('',(4.5,9.4,40.8));
#2699 = LINE('',#2700,#2701);
#2700 = CARTESIAN_POINT('',(4.5,9.4,40.65));
#2701 = VECTOR('',#2702,1.);
#2702 = DIRECTION('',(0.,0.,-1.));
#2703 = ORIENTED_EDGE('',*,*,#2704,.F.);
#2704 = EDGE_CURVE('',#2705,#2695,#2707,.T.);
#2705 = VERTEX_POINT('',#2706);
#2706 = CARTESIAN_POINT('',(4.5,12.8,42.2));
#2707 = LINE('',#2708,#2709);
#2708 = CARTESIAN_POINT('',(4.5,8.524060300238,42.2));
#2709 = VECTOR('',#2710,1.);
#2710 = DIRECTION('',(0.,-1.,0.));
#2711 = ORIENTED_EDGE('',*,*,#2712,.T.);
#2712 = EDGE_CURVE('',#2705,#2713,#2715,.T.);
#2713 = VERTEX_POINT('',#2714);
#2714 = CARTESIAN_POINT('',(4.5,12.8,40.8));
#2715 = LINE('',#2716,#2717);
#2716 = CARTESIAN_POINT('',(4.5,12.8,40.65));
#2717 = VECTOR('',#2718,1.);
#2718 = DIRECTION('',(0.,0.,-1.));
#2719 = ORIENTED_EDGE('',*,*,#2720,.F.);
#2720 = EDGE_CURVE('',#2697,#2713,#2721,.T.);
#2721 = LINE('',#2722,#2723);
#2722 = CARTESIAN_POINT('',(4.5,8.461511509968,40.8));
#2723 = VECTOR('',#2724,1.);
#2724 = DIRECTION('',(0.,1.,0.));
#2725 = PLANE('',#2726);
#2726 = AXIS2_PLACEMENT_3D('',#2727,#2728,#2729);
#2727 = CARTESIAN_POINT('',(4.5,3.1,40.5));
#2728 = DIRECTION('',(-1.,-0.,-0.));
#2729 = DIRECTION('',(0.,0.,-1.));
#2730 = ADVANCED_FACE('',(#2731),#2742,.F.);
#2731 = FACE_BOUND('',#2732,.T.);
#2732 = EDGE_LOOP('',(#2733,#2734,#2740,#2741));
#2733 = ORIENTED_EDGE('',*,*,#2556,.F.);
#2734 = ORIENTED_EDGE('',*,*,#2735,.F.);
#2735 = EDGE_CURVE('',#2655,#2549,#2736,.T.);
#2736 = LINE('',#2737,#2738);
#2737 = CARTESIAN_POINT('',(4.5,19.1,40.5));
#2738 = VECTOR('',#2739,1.);
#2739 = DIRECTION('',(-1.,-0.,-0.));
#2740 = ORIENTED_EDGE('',*,*,#2662,.T.);
#2741 = ORIENTED_EDGE('',*,*,#282,.F.);
#2742 = PLANE('',#2743);
#2743 = AXIS2_PLACEMENT_3D('',#2744,#2745,#2746);
#2744 = CARTESIAN_POINT('',(4.5,19.1,40.5));
#2745 = DIRECTION('',(0.,1.,0.));
#2746 = DIRECTION('',(0.,0.,-1.));
#2747 = ADVANCED_FACE('',(#2748),#2767,.T.);
#2748 = FACE_BOUND('',#2749,.F.);
#2749 = EDGE_LOOP('',(#2750,#2759,#2765,#2766));
#2750 = ORIENTED_EDGE('',*,*,#2751,.F.);
#2751 = EDGE_CURVE('',#2752,#2752,#2754,.T.);
#2752 = VERTEX_POINT('',#2753);
#2753 = CARTESIAN_POINT('',(-28.,21.,62.6));
#2754 = CIRCLE('',#2755,2.);
#2755 = AXIS2_PLACEMENT_3D('',#2756,#2757,#2758);
#2756 = CARTESIAN_POINT('',(-26.,21.,62.6));
#2757 = DIRECTION('',(0.,0.,-1.));
#2758 = DIRECTION('',(-1.,0.,0.));
#2759 = ORIENTED_EDGE('',*,*,#2760,.F.);
#2760 = EDGE_CURVE('',#299,#2752,#2761,.T.);
#2761 = LINE('',#2762,#2763);
#2762 = CARTESIAN_POINT('',(-28.,21.,57.));
#2763 = VECTOR('',#2764,1.);
#2764 = DIRECTION('',(0.,0.,1.));
#2765 = ORIENTED_EDGE('',*,*,#298,.T.);
#2766 = ORIENTED_EDGE('',*,*,#2760,.T.);
#2767 = CYLINDRICAL_SURFACE('',#2768,2.);
#2768 = AXIS2_PLACEMENT_3D('',#2769,#2770,#2771);
#2769 = CARTESIAN_POINT('',(-26.,21.,57.));
#2770 = DIRECTION('',(0.,0.,1.));
#2771 = DIRECTION('',(-1.,0.,0.));
#2772 = ADVANCED_FACE('',(#2773),#2791,.F.);
#2773 = FACE_BOUND('',#2774,.T.);
#2774 = EDGE_LOOP('',(#2775,#2783,#2789,#2790));
#2775 = ORIENTED_EDGE('',*,*,#2776,.F.);
#2776 = EDGE_CURVE('',#2777,#493,#2779,.T.);
#2777 = VERTEX_POINT('',#2778);
#2778 = CARTESIAN_POINT('',(6.227241335952,-25.75,44.));
#2779 = LINE('',#2780,#2781);
#2780 = CARTESIAN_POINT('',(6.227241335952,-25.75,44.));
#2781 = VECTOR('',#2782,1.);
#2782 = DIRECTION('',(0.,1.,0.));
#2783 = ORIENTED_EDGE('',*,*,#2784,.F.);
#2784 = EDGE_CURVE('',#1144,#2777,#2785,.T.);
#2785 = LINE('',#2786,#2787);
#2786 = CARTESIAN_POINT('',(6.227241335952,-25.75,41.));
#2787 = VECTOR('',#2788,1.);
#2788 = DIRECTION('',(0.,0.,1.));
#2789 = ORIENTED_EDGE('',*,*,#1151,.T.);
#2790 = ORIENTED_EDGE('',*,*,#500,.F.);
#2791 = PLANE('',#2792);
#2792 = AXIS2_PLACEMENT_3D('',#2793,#2794,#2795);
#2793 = CARTESIAN_POINT('',(6.227241335952,-25.75,41.));
#2794 = DIRECTION('',(-1.,0.,0.));
#2795 = DIRECTION('',(0.,0.,-1.));
#2796 = ADVANCED_FACE('',(#2797),#2815,.T.);
#2797 = FACE_BOUND('',#2798,.F.);
#2798 = EDGE_LOOP('',(#2799,#2800,#2808,#2814));
#2799 = ORIENTED_EDGE('',*,*,#2776,.F.);
#2800 = ORIENTED_EDGE('',*,*,#2801,.T.);
#2801 = EDGE_CURVE('',#2777,#2802,#2804,.T.);
#2802 = VERTEX_POINT('',#2803);
#2803 = CARTESIAN_POINT('',(-1.772758664048,-25.75,44.));
#2804 = LINE('',#2805,#2806);
#2805 = CARTESIAN_POINT('',(6.227241335952,-25.75,44.));
#2806 = VECTOR('',#2807,1.);
#2807 = DIRECTION('',(-1.,0.,0.));
#2808 = ORIENTED_EDGE('',*,*,#2809,.T.);
#2809 = EDGE_CURVE('',#2802,#485,#2810,.T.);
#2810 = LINE('',#2811,#2812);
#2811 = CARTESIAN_POINT('',(-1.772758664048,-25.75,44.));
#2812 = VECTOR('',#2813,1.);
#2813 = DIRECTION('',(0.,1.,0.));
#2814 = ORIENTED_EDGE('',*,*,#492,.F.);
#2815 = PLANE('',#2816);
#2816 = AXIS2_PLACEMENT_3D('',#2817,#2818,#2819);
#2817 = CARTESIAN_POINT('',(6.227241335952,-25.75,44.));
#2818 = DIRECTION('',(0.,0.,1.));
#2819 = DIRECTION('',(1.,0.,0.));
#2820 = ADVANCED_FACE('',(#2821),#2832,.T.);
#2821 = FACE_BOUND('',#2822,.F.);
#2822 = EDGE_LOOP('',(#2823,#2824,#2830,#2831));
#2823 = ORIENTED_EDGE('',*,*,#2809,.F.);
#2824 = ORIENTED_EDGE('',*,*,#2825,.F.);
#2825 = EDGE_CURVE('',#1136,#2802,#2826,.T.);
#2826 = LINE('',#2827,#2828);
#2827 = CARTESIAN_POINT('',(-1.772758664048,-25.75,41.));
#2828 = VECTOR('',#2829,1.);
#2829 = DIRECTION('',(0.,0.,1.));
#2830 = ORIENTED_EDGE('',*,*,#1135,.T.);
#2831 = ORIENTED_EDGE('',*,*,#484,.F.);
#2832 = PLANE('',#2833);
#2833 = AXIS2_PLACEMENT_3D('',#2834,#2835,#2836);
#2834 = CARTESIAN_POINT('',(-1.772758664048,-25.75,41.));
#2835 = DIRECTION('',(-1.,0.,0.));
#2836 = DIRECTION('',(0.,0.,-1.));
#2837 = ADVANCED_FACE('',(#2838),#2850,.F.);
#2838 = FACE_BOUND('',#2839,.F.);
#2839 = EDGE_LOOP('',(#2840,#2847,#2848,#2849));
#2840 = ORIENTED_EDGE('',*,*,#2841,.F.);
#2841 = EDGE_CURVE('',#398,#334,#2842,.T.);
#2842 = CIRCLE('',#2843,2.45);
#2843 = AXIS2_PLACEMENT_3D('',#2844,#2845,#2846);
#2844 = CARTESIAN_POINT('',(10.227241335952,-27.,51.));
#2845 = DIRECTION('',(1.,8.8E-16,0.));
#2846 = DIRECTION('',(8.8E-16,-1.,0.));
#2847 = ORIENTED_EDGE('',*,*,#460,.T.);
#2848 = ORIENTED_EDGE('',*,*,#1242,.F.);
#2849 = ORIENTED_EDGE('',*,*,#333,.F.);
#2850 = CYLINDRICAL_SURFACE('',#2851,2.45);
#2851 = AXIS2_PLACEMENT_3D('',#2852,#2853,#2854);
#2852 = CARTESIAN_POINT('',(10.227241335952,-27.,51.));
#2853 = DIRECTION('',(-1.,0.,0.));
#2854 = DIRECTION('',(0.,-1.,0.));
#2855 = ADVANCED_FACE('',(#2856),#2878,.F.);
#2856 = FACE_BOUND('',#2857,.F.);
#2857 = EDGE_LOOP('',(#2858,#2867,#2874,#2875,#2876,#2877));
#2858 = ORIENTED_EDGE('',*,*,#2859,.T.);
#2859 = EDGE_CURVE('',#2860,#2860,#2862,.T.);
#2860 = VERTEX_POINT('',#2861);
#2861 = CARTESIAN_POINT('',(18.677241335952,-21.,51.));
#2862 = CIRCLE('',#2863,2.45);
#2863 = AXIS2_PLACEMENT_3D('',#2864,#2865,#2866);
#2864 = CARTESIAN_POINT('',(16.227241335952,-21.,51.));
#2865 = DIRECTION('',(0.,-1.,0.));
#2866 = DIRECTION('',(1.,0.,0.));
#2867 = ORIENTED_EDGE('',*,*,#2868,.T.);
#2868 = EDGE_CURVE('',#2860,#342,#2869,.T.);
#2869 = CIRCLE('',#2870,8.45);
#2870 = AXIS2_PLACEMENT_3D('',#2871,#2872,#2873);
#2871 = CARTESIAN_POINT('',(10.227241335952,-21.,51.));
#2872 = DIRECTION('',(0.,-0.,-1.));
#2873 = DIRECTION('',(1.,-1.18E-15,0.));
#2874 = ORIENTED_EDGE('',*,*,#397,.T.);
#2875 = ORIENTED_EDGE('',*,*,#2841,.T.);
#2876 = ORIENTED_EDGE('',*,*,#341,.T.);
#2877 = ORIENTED_EDGE('',*,*,#2868,.F.);
#2878 = TOROIDAL_SURFACE('',#2879,6.,2.45);
#2879 = AXIS2_PLACEMENT_3D('',#2880,#2881,#2882);
#2880 = CARTESIAN_POINT('',(10.227241335952,-21.,51.));
#2881 = DIRECTION('',(0.,0.,-1.));
#2882 = DIRECTION('',(1.,-1.18E-15,0.));
#2883 = ADVANCED_FACE('',(#2884),#2890,.F.);
#2884 = FACE_BOUND('',#2885,.T.);
#2885 = EDGE_LOOP('',(#2886,#2887,#2888,#2889));
#2886 = ORIENTED_EDGE('',*,*,#1143,.F.);
#2887 = ORIENTED_EDGE('',*,*,#2784,.T.);
#2888 = ORIENTED_EDGE('',*,*,#2801,.T.);
#2889 = ORIENTED_EDGE('',*,*,#2825,.F.);
#2890 = PLANE('',#2891);
#2891 = AXIS2_PLACEMENT_3D('',#2892,#2893,#2894);
#2892 = CARTESIAN_POINT('',(6.227241335952,-25.75,41.));
#2893 = DIRECTION('',(0.,1.,0.));
#2894 = DIRECTION('',(-0.,-0.,-1.));
#2895 = ADVANCED_FACE('',(#2896),#2908,.F.);
#2896 = FACE_BOUND('',#2897,.F.);
#2897 = EDGE_LOOP('',(#2898,#2899,#2906,#2907));
#2898 = ORIENTED_EDGE('',*,*,#1110,.T.);
#2899 = ORIENTED_EDGE('',*,*,#2900,.T.);
#2900 = EDGE_CURVE('',#1102,#942,#2901,.T.);
#2901 = CIRCLE('',#2902,2.45);
#2902 = AXIS2_PLACEMENT_3D('',#2903,#2904,#2905);
#2903 = CARTESIAN_POINT('',(-20.88637933202,-12.505,38.8));
#2904 = DIRECTION('',(-0.548191250556,0.836353007296,0.));
#2905 = DIRECTION('',(0.836353007296,0.548191250556,0.));
#2906 = ORIENTED_EDGE('',*,*,#941,.F.);
#2907 = ORIENTED_EDGE('',*,*,#1367,.F.);
#2908 = TOROIDAL_SURFACE('',#2909,20.462197802454,2.45);
#2909 = AXIS2_PLACEMENT_3D('',#2910,#2911,#2912);
#2910 = CARTESIAN_POINT('',(-38.,-23.72219780245,38.8));
#2911 = DIRECTION('',(0.,0.,-1.));
#2912 = DIRECTION('',(6.9E-16,1.,0.));
#2913 = ADVANCED_FACE('',(#2914),#2926,.F.);
#2914 = FACE_BOUND('',#2915,.F.);
#2915 = EDGE_LOOP('',(#2916,#2917,#2918,#2925));
#2916 = ORIENTED_EDGE('',*,*,#2900,.F.);
#2917 = ORIENTED_EDGE('',*,*,#1101,.T.);
#2918 = ORIENTED_EDGE('',*,*,#2919,.T.);
#2919 = EDGE_CURVE('',#1032,#951,#2920,.T.);
#2920 = CIRCLE('',#2921,2.45);
#2921 = AXIS2_PLACEMENT_3D('',#2922,#2923,#2924);
#2922 = CARTESIAN_POINT('',(-3.772758664048,-21.75,38.8));
#2923 = DIRECTION('',(-1.,5.E-16,0.));
#2924 = DIRECTION('',(-5.E-16,-1.,0.));
#2925 = ORIENTED_EDGE('',*,*,#950,.F.);
#2926 = TOROIDAL_SURFACE('',#2927,20.462197802454,2.45);
#2927 = AXIS2_PLACEMENT_3D('',#2928,#2929,#2930);
#2928 = CARTESIAN_POINT('',(-3.772758664048,-1.287802197546,38.8));
#2929 = DIRECTION('',(0.,0.,1.));
#2930 = DIRECTION('',(-0.836353007296,-0.548191250556,0.));
#2931 = ADVANCED_FACE('',(#2932),#3049,.F.);
#2932 = FACE_BOUND('',#2933,.F.);
#2933 = EDGE_LOOP('',(#2934,#2935,#2936,#2978,#2987,#3004,#3013,#3048));
#2934 = ORIENTED_EDGE('',*,*,#2919,.F.);
#2935 = ORIENTED_EDGE('',*,*,#1031,.F.);
#2936 = ORIENTED_EDGE('',*,*,#2937,.T.);
#2937 = EDGE_CURVE('',#1023,#2938,#2940,.T.);
#2938 = VERTEX_POINT('',#2939);
#2939 = CARTESIAN_POINT('',(1.110186189375,-23.98655713083,
    43.725156428991));
#2940 = B_SPLINE_CURVE_WITH_KNOTS('',8,(#2941,#2942,#2943,#2944,#2945,
    #2946,#2947,#2948,#2949,#2950,#2951,#2952,#2953,#2954,#2955,#2956,
    #2957,#2958,#2959,#2960,#2961,#2962,#2963,#2964,#2965,#2966,#2967,
    #2968,#2969,#2970,#2971,#2972,#2973,#2974,#2975,#2976,#2977),
  .UNSPECIFIED.,.F.,.F.,(9,7,7,7,7,9),(0.,3.229351849941E-02,
    0.545742245795,0.714290459755,0.777522740956,1.),.UNSPECIFIED.);
#2941 = CARTESIAN_POINT('',(1.514155627697,-24.14614456422,40.9999994));
#2942 = CARTESIAN_POINT('',(1.517194360438,-24.14704888217,
    41.011494526486));
#2943 = CARTESIAN_POINT('',(1.520215278195,-24.14794310482,
    41.022992947606));
#2944 = CARTESIAN_POINT('',(1.52321829358,-24.14882731016,
    41.034494725938));
#2945 = CARTESIAN_POINT('',(1.526203250873,-24.14970155876,
    41.045999753384));
#2946 = CARTESIAN_POINT('',(1.529170037175,-24.15056592183,
    41.057508044354));
#2947 = CARTESIAN_POINT('',(1.532118545027,-24.15142047164,
    41.069019633022));
#2948 = CARTESIAN_POINT('',(1.535048623173,-24.15226526903,
    41.080534441766));
#2949 = CARTESIAN_POINT('',(1.584251820081,-24.16637821997,
    41.275182924875));
#2950 = CARTESIAN_POINT('',(1.625774293734,-24.17718457658,
    41.458817867315));
#2951 = CARTESIAN_POINT('',(1.662118203739,-24.1858283907,
    41.643227655606));
#2952 = CARTESIAN_POINT('',(1.692589507188,-24.19249003072,
    41.828499196158));
#2953 = CARTESIAN_POINT('',(1.71621759355,-24.19733829086,
    42.014537516881));
#2954 = CARTESIAN_POINT('',(1.731412022006,-24.2002891734,
    42.201063185889));
#2955 = CARTESIAN_POINT('',(1.735954135967,-24.20127735509,
    42.387614529997));
#2956 = CARTESIAN_POINT('',(1.721477263844,-24.19830881268,
    42.63465778971));
#2957 = CARTESIAN_POINT('',(1.71623816395,-24.19722829029,
    42.695608308528));
#2958 = CARTESIAN_POINT('',(1.709171608716,-24.19575669786,
    42.756429900892));
#2959 = CARTESIAN_POINT('',(1.700086899374,-24.19383653822,
    42.817067069557));
#2960 = CARTESIAN_POINT('',(1.6887642002,-24.19139255084,42.87743313482)
  );
#2961 = CARTESIAN_POINT('',(1.674957146053,-24.18832599994,
    42.937410339472));
#2962 = CARTESIAN_POINT('',(1.658402654435,-24.1845077079,
    42.996851102777));
#2963 = CARTESIAN_POINT('',(1.631498075552,-24.17799238068,
    43.077613222454));
#2964 = CARTESIAN_POINT('',(1.623735389819,-24.1760857037,43.09954339037
    ));
#2965 = CARTESIAN_POINT('',(1.615536693976,-24.17404114071,
    43.12136051079));
#2966 = CARTESIAN_POINT('',(1.606889124189,-24.1718493302,
    43.143053054096));
#2967 = CARTESIAN_POINT('',(1.597780520248,-24.16950026371,
    43.164608488102));
#2968 = CARTESIAN_POINT('',(1.588199802126,-24.16698333809,
    43.18601338868));
#2969 = CARTESIAN_POINT('',(1.578137346534,-24.16428740782,
    43.20725355039));
#2970 = CARTESIAN_POINT('',(1.53045913266,-24.15124469088,
    43.302413791449));
#2971 = CARTESIAN_POINT('',(1.487158842643,-24.13869778432,
    43.37451597866));
#2972 = CARTESIAN_POINT('',(1.437446349959,-24.12327226114,
    43.443635783641));
#2973 = CARTESIAN_POINT('',(1.381375615892,-24.10443041569,
    43.50894925618));
#2974 = CARTESIAN_POINT('',(1.319472364946,-24.08161980177,
    43.569911974978));
#2975 = CARTESIAN_POINT('',(1.252731368208,-24.05441495245,
    43.626268023529));
#2976 = CARTESIAN_POINT('',(1.182483684146,-24.02266633078,
    43.67798571322));
#2977 = CARTESIAN_POINT('',(1.110186189375,-23.98655713083,
    43.725156428991));
#2978 = ORIENTED_EDGE('',*,*,#2979,.T.);
#2979 = EDGE_CURVE('',#2938,#2980,#2982,.T.);
#2980 = VERTEX_POINT('',#2981);
#2981 = CARTESIAN_POINT('',(-0.138410384818,-22.650155345,44.));
#2982 = CIRCLE('',#2983,2.45);
#2983 = AXIS2_PLACEMENT_3D('',#2984,#2985,#2986);
#2984 = CARTESIAN_POINT('',(2.08695808643,-21.75,43.510147448671));
#2985 = DIRECTION('',(-0.214975425221,-0.,-0.976619458413));
#2986 = DIRECTION('',(0.976619458413,0.,-0.214975425221));
#2987 = ORIENTED_EDGE('',*,*,#2988,.T.);
#2988 = EDGE_CURVE('',#2980,#2989,#2991,.T.);
#2989 = VERTEX_POINT('',#2990);
#2990 = CARTESIAN_POINT('',(-0.138410384818,-20.849844655,44.));
#2991 = B_SPLINE_CURVE_WITH_KNOTS('',6,(#2992,#2993,#2994,#2995,#2996,
    #2997,#2998,#2999,#3000,#3001,#3002,#3003),.UNSPECIFIED.,.F.,.F.,(7,
    5,7),(0.,0.501025358577,1.),.UNSPECIFIED.);
#2992 = CARTESIAN_POINT('',(-0.138410384818,-22.650155345,44.));
#2993 = CARTESIAN_POINT('',(-0.196209901621,-22.50726309527,44.));
#2994 = CARTESIAN_POINT('',(-0.243114246601,-22.35996458562,44.));
#2995 = CARTESIAN_POINT('',(-0.278620498631,-22.2092920684,44.));
#2996 = CARTESIAN_POINT('',(-0.30237926801,-22.05632962148,44.));
#2997 = CARTESIAN_POINT('',(-0.314195362507,-21.90220823654,44.));
#2998 = CARTESIAN_POINT('',(-0.313951523165,-21.59463774919,44.));
#2999 = CARTESIAN_POINT('',(-0.301989099342,-21.44116612466,44.));
#3000 = CARTESIAN_POINT('',(-0.278183899024,-21.28885777542,44.));
#3001 = CARTESIAN_POINT('',(-0.24273005204,-21.13882958077,44.));
#3002 = CARTESIAN_POINT('',(-0.195973337603,-20.99215206999,44.));
#3003 = CARTESIAN_POINT('',(-0.138410384818,-20.849844655,44.));
#3004 = ORIENTED_EDGE('',*,*,#3005,.T.);
#3005 = EDGE_CURVE('',#2989,#3006,#3008,.T.);
#3006 = VERTEX_POINT('',#3007);
#3007 = CARTESIAN_POINT('',(1.110186189375,-19.51344286916,
    43.725156428991));
#3008 = CIRCLE('',#3009,2.45);
#3009 = AXIS2_PLACEMENT_3D('',#3010,#3011,#3012);
#3010 = CARTESIAN_POINT('',(2.08695808643,-21.75,43.510147448671));
#3011 = DIRECTION('',(-0.214975425221,-0.,-0.976619458413));
#3012 = DIRECTION('',(0.976619458413,0.,-0.214975425221));
#3013 = ORIENTED_EDGE('',*,*,#3014,.T.);
#3014 = EDGE_CURVE('',#3006,#960,#3015,.T.);
#3015 = B_SPLINE_CURVE_WITH_KNOTS('',7,(#3016,#3017,#3018,#3019,#3020,
    #3021,#3022,#3023,#3024,#3025,#3026,#3027,#3028,#3029,#3030,#3031,
    #3032,#3033,#3034,#3035,#3036,#3037,#3038,#3039,#3040,#3041,#3042,
    #3043,#3044,#3045,#3046,#3047),.UNSPECIFIED.,.F.,.F.,(8,6,6,6,6,8),(
    0.,0.106826033713,0.242658985327,0.330890064338,0.650891491123,1.),
  .UNSPECIFIED.);
#3016 = CARTESIAN_POINT('',(1.110186189375,-19.51344286916,
    43.725156428991));
#3017 = CARTESIAN_POINT('',(1.149874341964,-19.49362050267,
    43.69926177564));
#3018 = CARTESIAN_POINT('',(1.188868807915,-19.47517089994,
    43.67200970362));
#3019 = CARTESIAN_POINT('',(1.226959748928,-19.45809730875,
    43.643362208746));
#3020 = CARTESIAN_POINT('',(1.26393209825,-19.44238313829,
    43.613297537028));
#3021 = CARTESIAN_POINT('',(1.299578677927,-19.42799338121,
    43.581819955914));
#3022 = CARTESIAN_POINT('',(1.33371331606,-19.41487603573,43.54896952554
    ));
#3023 = CARTESIAN_POINT('',(1.407471502357,-19.38781636674,
    43.471424674603));
#3024 = CARTESIAN_POINT('',(1.446085921352,-19.37461140304,
    43.42591860235));
#3025 = CARTESIAN_POINT('',(1.481697775015,-19.36321878833,
    43.378497209701));
#3026 = CARTESIAN_POINT('',(1.514149344167,-19.35344208405,
    43.329388919356));
#3027 = CARTESIAN_POINT('',(1.543430908909,-19.34507229008,
    43.278851179934));
#3028 = CARTESIAN_POINT('',(1.569641614639,-19.3379173901,
    43.227149830161));
#3029 = CARTESIAN_POINT('',(1.608065240398,-19.32783864284,
    43.140356534959));
#3030 = CARTESIAN_POINT('',(1.621968540253,-19.32430979295,
    43.105784584923));
#3031 = CARTESIAN_POINT('',(1.634691045033,-19.32117336884,
    43.070876148166));
#3032 = CARTESIAN_POINT('',(1.646287340597,-19.3183869119,
    43.035683904738));
#3033 = CARTESIAN_POINT('',(1.6568167274,-19.31591291163,43.000254006722
    ));
#3034 = CARTESIAN_POINT('',(1.666339563039,-19.31371871744,
    42.964625200927));
#3035 = CARTESIAN_POINT('',(1.706010420403,-19.30473212774,
    42.79899647957));
#3036 = CARTESIAN_POINT('',(1.724570566572,-19.30101361883,
    42.667187683162));
#3037 = CARTESIAN_POINT('',(1.73356474574,-19.29924028091,
    42.534445037371));
#3038 = CARTESIAN_POINT('',(1.735099105099,-19.29893466516,
    42.401478927201));
#3039 = CARTESIAN_POINT('',(1.730572565649,-19.29981123689,42.2686755887
    ));
#3040 = CARTESIAN_POINT('',(1.720996711153,-19.30175157564,
    42.136122929308));
#3041 = CARTESIAN_POINT('',(1.691787888878,-19.30796552716,
    41.85904725387));
#3042 = CARTESIAN_POINT('',(1.671347612017,-19.31242980726,
    41.714792337568));
#3043 = CARTESIAN_POINT('',(1.646631585952,-19.31806285698,
    41.570907604949));
#3044 = CARTESIAN_POINT('',(1.618193567134,-19.32492068606,
    41.427453848835));
#3045 = CARTESIAN_POINT('',(1.586446606358,-19.33308853976,
    41.284473592813));
#3046 = CARTESIAN_POINT('',(1.551690514716,-19.3426851617,
    41.141988992151));
#3047 = CARTESIAN_POINT('',(1.514155627697,-19.35385543577,40.9999994));
#3048 = ORIENTED_EDGE('',*,*,#959,.F.);
#3049 = TOROIDAL_SURFACE('',#3050,6.,2.45);
#3050 = AXIS2_PLACEMENT_3D('',#3051,#3052,#3053);
#3051 = CARTESIAN_POINT('',(-3.772758664048,-21.75,44.8));
#3052 = DIRECTION('',(0.,-1.,0.));
#3053 = DIRECTION('',(5.2E-16,0.,-1.));
#3054 = ADVANCED_FACE('',(#3055),#3085,.F.);
#3055 = FACE_BOUND('',#3056,.T.);
#3056 = EDGE_LOOP('',(#3057,#3058,#3059,#3060,#3069,#3078));
#3057 = ORIENTED_EDGE('',*,*,#3014,.T.);
#3058 = ORIENTED_EDGE('',*,*,#1022,.T.);
#3059 = ORIENTED_EDGE('',*,*,#2937,.T.);
#3060 = ORIENTED_EDGE('',*,*,#3061,.F.);
#3061 = EDGE_CURVE('',#3062,#2938,#3064,.T.);
#3062 = VERTEX_POINT('',#3063);
#3063 = CARTESIAN_POINT('',(-0.138410384818,-22.55851217431,44.));
#3064 = ELLIPSE('',#3065,2.559850695646,2.5);
#3065 = AXIS2_PLACEMENT_3D('',#3066,#3067,#3068);
#3066 = CARTESIAN_POINT('',(2.227241335952,-21.75,43.47926801968));
#3067 = DIRECTION('',(0.214975425221,0.,0.976619458413));
#3068 = DIRECTION('',(-0.976619458413,0.,0.214975425221));
#3069 = ORIENTED_EDGE('',*,*,#3070,.F.);
#3070 = EDGE_CURVE('',#3071,#3062,#3073,.T.);
#3071 = VERTEX_POINT('',#3072);
#3072 = CARTESIAN_POINT('',(-0.138410384818,-20.94148782568,44.));
#3073 = CIRCLE('',#3074,2.5);
#3074 = AXIS2_PLACEMENT_3D('',#3075,#3076,#3077);
#3075 = CARTESIAN_POINT('',(2.227241335952,-21.75,44.));
#3076 = DIRECTION('',(0.,0.,-1.));
#3077 = DIRECTION('',(-1.,0.,0.));
#3078 = ORIENTED_EDGE('',*,*,#3079,.F.);
#3079 = EDGE_CURVE('',#3006,#3071,#3080,.T.);
#3080 = ELLIPSE('',#3081,2.559850695646,2.5);
#3081 = AXIS2_PLACEMENT_3D('',#3082,#3083,#3084);
#3082 = CARTESIAN_POINT('',(2.227241335952,-21.75,43.47926801968));
#3083 = DIRECTION('',(0.214975425221,0.,0.976619458413));
#3084 = DIRECTION('',(-0.976619458413,0.,0.214975425221));
#3085 = CYLINDRICAL_SURFACE('',#3086,2.5);
#3086 = AXIS2_PLACEMENT_3D('',#3087,#3088,#3089);
#3087 = CARTESIAN_POINT('',(2.227241335952,-21.75,40.9));
#3088 = DIRECTION('',(0.,0.,1.));
#3089 = DIRECTION('',(-1.,0.,0.));
#3090 = ADVANCED_FACE('',(#3091),#3103,.F.);
#3091 = FACE_BOUND('',#3092,.F.);
#3092 = EDGE_LOOP('',(#3093,#3094,#3101,#3102));
#3093 = ORIENTED_EDGE('',*,*,#924,.T.);
#3094 = ORIENTED_EDGE('',*,*,#3095,.T.);
#3095 = EDGE_CURVE('',#916,#749,#3096,.T.);
#3096 = CIRCLE('',#3097,2.45);
#3097 = AXIS2_PLACEMENT_3D('',#3098,#3099,#3100);
#3098 = CARTESIAN_POINT('',(-22.34086200392,-0.195,38.8));
#3099 = DIRECTION('',(-0.520713862035,0.853731265612,0.));
#3100 = DIRECTION('',(0.853731265612,0.520713862035,0.));
#3101 = ORIENTED_EDGE('',*,*,#748,.F.);
#3102 = ORIENTED_EDGE('',*,*,#1427,.F.);
#3103 = TOROIDAL_SURFACE('',#3104,9.503717381318,2.45);
#3104 = AXIS2_PLACEMENT_3D('',#3105,#3106,#3107);
#3105 = CARTESIAN_POINT('',(-30.4544826719,-5.143717381318,38.8));
#3106 = DIRECTION('',(0.,0.,-1.));
#3107 = DIRECTION('',(0.,1.,0.));
#3108 = ADVANCED_FACE('',(#3109),#3121,.F.);
#3109 = FACE_BOUND('',#3110,.F.);
#3110 = EDGE_LOOP('',(#3111,#3112,#3113,#3120));
#3111 = ORIENTED_EDGE('',*,*,#3095,.F.);
#3112 = ORIENTED_EDGE('',*,*,#915,.T.);
#3113 = ORIENTED_EDGE('',*,*,#3114,.T.);
#3114 = EDGE_CURVE('',#846,#758,#3115,.T.);
#3115 = CIRCLE('',#3116,2.45);
#3116 = AXIS2_PLACEMENT_3D('',#3117,#3118,#3119);
#3117 = CARTESIAN_POINT('',(-14.22724133595,-4.75,38.8));
#3118 = DIRECTION('',(-1.,1.83E-15,0.));
#3119 = DIRECTION('',(-1.83E-15,-1.,0.));
#3120 = ORIENTED_EDGE('',*,*,#757,.F.);
#3121 = TOROIDAL_SURFACE('',#3122,9.503717381318,2.45);
#3122 = AXIS2_PLACEMENT_3D('',#3123,#3124,#3125);
#3123 = CARTESIAN_POINT('',(-14.22724133595,4.753717381318,38.8));
#3124 = DIRECTION('',(0.,0.,1.));
#3125 = DIRECTION('',(-0.853731265612,-0.520713862035,0.));
#3126 = ADVANCED_FACE('',(#3127),#3244,.F.);
#3127 = FACE_BOUND('',#3128,.F.);
#3128 = EDGE_LOOP('',(#3129,#3130,#3131,#3173,#3182,#3199,#3208,#3243));
#3129 = ORIENTED_EDGE('',*,*,#3114,.F.);
#3130 = ORIENTED_EDGE('',*,*,#845,.F.);
#3131 = ORIENTED_EDGE('',*,*,#3132,.T.);
#3132 = EDGE_CURVE('',#837,#3133,#3135,.T.);
#3133 = VERTEX_POINT('',#3134);
#3134 = CARTESIAN_POINT('',(-9.344296482529,-6.986557130839,
    43.725156428991));
#3135 = B_SPLINE_CURVE_WITH_KNOTS('',8,(#3136,#3137,#3138,#3139,#3140,
    #3141,#3142,#3143,#3144,#3145,#3146,#3147,#3148,#3149,#3150,#3151,
    #3152,#3153,#3154,#3155,#3156,#3157,#3158,#3159,#3160,#3161,#3162,
    #3163,#3164,#3165,#3166,#3167,#3168,#3169,#3170,#3171,#3172),
  .UNSPECIFIED.,.F.,.F.,(9,7,7,7,7,9),(0.,3.229351849916E-02,
    0.545742245795,0.714290459755,0.777522740956,1.),.UNSPECIFIED.);
#3136 = CARTESIAN_POINT('',(-8.940327044207,-7.146144564229,40.9999994)
  );
#3137 = CARTESIAN_POINT('',(-8.937288311466,-7.147048882171,
    41.011494526486));
#3138 = CARTESIAN_POINT('',(-8.934267393709,-7.147943104825,
    41.022992947606));
#3139 = CARTESIAN_POINT('',(-8.931264378325,-7.148827310167,
    41.034494725938));
#3140 = CARTESIAN_POINT('',(-8.928279421031,-7.149701558764,
    41.045999753383));
#3141 = CARTESIAN_POINT('',(-8.92531263473,-7.150565921831,
    41.057508044354));
#3142 = CARTESIAN_POINT('',(-8.922364126878,-7.151420471641,
    41.069019633021));
#3143 = CARTESIAN_POINT('',(-8.919434048732,-7.152265269031,
    41.080534441765));
#3144 = CARTESIAN_POINT('',(-8.870230851823,-7.166378219974,
    41.275182924873));
#3145 = CARTESIAN_POINT('',(-8.82870837817,-7.177184576582,
    41.458817867316));
#3146 = CARTESIAN_POINT('',(-8.792364468166,-7.185828390707,
    41.643227655603));
#3147 = CARTESIAN_POINT('',(-8.761893164716,-7.192490030728,
    41.82849919616));
#3148 = CARTESIAN_POINT('',(-8.738265078355,-7.197338290869,
    42.014537516878));
#3149 = CARTESIAN_POINT('',(-8.723070649898,-7.200289173406,
    42.201063185889));
#3150 = CARTESIAN_POINT('',(-8.718528535938,-7.201277355096,
    42.387614529995));
#3151 = CARTESIAN_POINT('',(-8.73300540806,-7.198308812686,
    42.634657789709));
#3152 = CARTESIAN_POINT('',(-8.738244507954,-7.197228290294,
    42.695608308527));
#3153 = CARTESIAN_POINT('',(-8.745311063188,-7.195756697866,
    42.756429900891));
#3154 = CARTESIAN_POINT('',(-8.75439577253,-7.193836538228,
    42.817067069556));
#3155 = CARTESIAN_POINT('',(-8.765718471704,-7.191392550848,
    42.877433134819));
#3156 = CARTESIAN_POINT('',(-8.779525525851,-7.188325999944,
    42.937410339471));
#3157 = CARTESIAN_POINT('',(-8.796080017469,-7.184507707901,
    42.996851102776));
#3158 = CARTESIAN_POINT('',(-8.822984596352,-7.177992380686,
    43.077613222453));
#3159 = CARTESIAN_POINT('',(-8.830747282085,-7.1760857037,
    43.099543390369));
#3160 = CARTESIAN_POINT('',(-8.838945977928,-7.174041140716,
    43.121360510789));
#3161 = CARTESIAN_POINT('',(-8.847593547715,-7.171849330209,
    43.143053054095));
#3162 = CARTESIAN_POINT('',(-8.856702151655,-7.169500263712,
    43.164608488101));
#3163 = CARTESIAN_POINT('',(-8.866282869778,-7.16698333809,
    43.186013388679));
#3164 = CARTESIAN_POINT('',(-8.87634532537,-7.16428740782,
    43.207253550389));
#3165 = CARTESIAN_POINT('',(-8.924023539244,-7.151244690884,
    43.302413791448));
#3166 = CARTESIAN_POINT('',(-8.967323829261,-7.138697784327,
    43.37451597866));
#3167 = CARTESIAN_POINT('',(-9.017036321945,-7.123272261144,
    43.44363578364));
#3168 = CARTESIAN_POINT('',(-9.073107056012,-7.104430415698,
    43.508949256179));
#3169 = CARTESIAN_POINT('',(-9.135010306958,-7.081619801776,
    43.569911974978));
#3170 = CARTESIAN_POINT('',(-9.201751303695,-7.054414952455,
    43.626268023529));
#3171 = CARTESIAN_POINT('',(-9.271998987759,-7.02266633078,
    43.67798571322));
#3172 = CARTESIAN_POINT('',(-9.344296482529,-6.986557130839,
    43.725156428991));
#3173 = ORIENTED_EDGE('',*,*,#3174,.T.);
#3174 = EDGE_CURVE('',#3133,#3175,#3177,.T.);
#3175 = VERTEX_POINT('',#3176);
#3176 = CARTESIAN_POINT('',(-10.59289305672,-5.650155345,44.));
#3177 = CIRCLE('',#3178,2.45);
#3178 = AXIS2_PLACEMENT_3D('',#3179,#3180,#3181);
#3179 = CARTESIAN_POINT('',(-8.367524585474,-4.75,43.510147448671));
#3180 = DIRECTION('',(-0.214975425221,-0.,-0.976619458413));
#3181 = DIRECTION('',(0.976619458413,0.,-0.214975425221));
#3182 = ORIENTED_EDGE('',*,*,#3183,.T.);
#3183 = EDGE_CURVE('',#3175,#3184,#3186,.T.);
#3184 = VERTEX_POINT('',#3185);
#3185 = CARTESIAN_POINT('',(-10.59289305672,-3.849844655,44.));
#3186 = B_SPLINE_CURVE_WITH_KNOTS('',6,(#3187,#3188,#3189,#3190,#3191,
    #3192,#3193,#3194,#3195,#3196,#3197,#3198),.UNSPECIFIED.,.F.,.F.,(7,
    5,7),(0.,0.501025358577,1.),.UNSPECIFIED.);
#3187 = CARTESIAN_POINT('',(-10.59289305672,-5.650155345,44.));
#3188 = CARTESIAN_POINT('',(-10.65069257352,-5.507263095278,44.));
#3189 = CARTESIAN_POINT('',(-10.6975969185,-5.359964585625,44.));
#3190 = CARTESIAN_POINT('',(-10.73310317053,-5.209292068403,44.));
#3191 = CARTESIAN_POINT('',(-10.75686193991,-5.056329621486,44.));
#3192 = CARTESIAN_POINT('',(-10.76867803441,-4.902208236549,44.));
#3193 = CARTESIAN_POINT('',(-10.76843419506,-4.594637749194,44.));
#3194 = CARTESIAN_POINT('',(-10.75647177124,-4.441166124667,44.));
#3195 = CARTESIAN_POINT('',(-10.73266657092,-4.288857775424,44.));
#3196 = CARTESIAN_POINT('',(-10.69721272394,-4.138829580776,44.));
#3197 = CARTESIAN_POINT('',(-10.6504560095,-3.992152069993,44.));
#3198 = CARTESIAN_POINT('',(-10.59289305672,-3.849844655,44.));
#3199 = ORIENTED_EDGE('',*,*,#3200,.T.);
#3200 = EDGE_CURVE('',#3184,#3201,#3203,.T.);
#3201 = VERTEX_POINT('',#3202);
#3202 = CARTESIAN_POINT('',(-9.344296482529,-2.513442869161,
    43.725156428991));
#3203 = CIRCLE('',#3204,2.45);
#3204 = AXIS2_PLACEMENT_3D('',#3205,#3206,#3207);
#3205 = CARTESIAN_POINT('',(-8.367524585474,-4.75,43.510147448671));
#3206 = DIRECTION('',(-0.214975425221,-0.,-0.976619458413));
#3207 = DIRECTION('',(0.976619458413,0.,-0.214975425221));
#3208 = ORIENTED_EDGE('',*,*,#3209,.T.);
#3209 = EDGE_CURVE('',#3201,#767,#3210,.T.);
#3210 = B_SPLINE_CURVE_WITH_KNOTS('',7,(#3211,#3212,#3213,#3214,#3215,
    #3216,#3217,#3218,#3219,#3220,#3221,#3222,#3223,#3224,#3225,#3226,
    #3227,#3228,#3229,#3230,#3231,#3232,#3233,#3234,#3235,#3236,#3237,
    #3238,#3239,#3240,#3241,#3242),.UNSPECIFIED.,.F.,.F.,(8,6,6,6,6,8),(
    0.,0.106826033713,0.242658985327,0.330890064338,0.650891491123,1.),
  .UNSPECIFIED.);
#3211 = CARTESIAN_POINT('',(-9.344296482529,-2.513442869161,
    43.725156428991));
#3212 = CARTESIAN_POINT('',(-9.304608329941,-2.493620502678,
    43.69926177564));
#3213 = CARTESIAN_POINT('',(-9.26561386399,-2.475170899947,
    43.67200970362));
#3214 = CARTESIAN_POINT('',(-9.227522922976,-2.458097308759,
    43.643362208746));
#3215 = CARTESIAN_POINT('',(-9.190550573654,-2.442383138297,
    43.613297537028));
#3216 = CARTESIAN_POINT('',(-9.154903993977,-2.427993381217,
    43.581819955914));
#3217 = CARTESIAN_POINT('',(-9.120769355844,-2.414876035732,
    43.54896952554));
#3218 = CARTESIAN_POINT('',(-9.047011169548,-2.387816366742,
    43.471424674603));
#3219 = CARTESIAN_POINT('',(-9.008396750552,-2.374611403041,
    43.42591860235));
#3220 = CARTESIAN_POINT('',(-8.97278489689,-2.363218788333,
    43.378497209701));
#3221 = CARTESIAN_POINT('',(-8.940333327738,-2.353442084053,
    43.329388919356));
#3222 = CARTESIAN_POINT('',(-8.911051762995,-2.345072290086,
    43.278851179934));
#3223 = CARTESIAN_POINT('',(-8.884841057265,-2.337917390104,
    43.227149830162));
#3224 = CARTESIAN_POINT('',(-8.846417431507,-2.327838642849,
    43.140356534959));
#3225 = CARTESIAN_POINT('',(-8.832514131651,-2.324309792954,
    43.105784584923));
#3226 = CARTESIAN_POINT('',(-8.819791626871,-2.321173368849,
    43.070876148166));
#3227 = CARTESIAN_POINT('',(-8.808195331307,-2.318386911908,
    43.035683904738));
#3228 = CARTESIAN_POINT('',(-8.797665944504,-2.315912911632,
    43.000254006722));
#3229 = CARTESIAN_POINT('',(-8.788143108866,-2.313718717443,
    42.964625200927));
#3230 = CARTESIAN_POINT('',(-8.748472251501,-2.304732127741,
    42.79899647957));
#3231 = CARTESIAN_POINT('',(-8.729912105332,-2.30101361883,
    42.667187683162));
#3232 = CARTESIAN_POINT('',(-8.720917926164,-2.299240280911,
    42.53444503737));
#3233 = CARTESIAN_POINT('',(-8.719383566806,-2.298934665167,
    42.401478927201));
#3234 = CARTESIAN_POINT('',(-8.723910106256,-2.299811236892,
    42.2686755887));
#3235 = CARTESIAN_POINT('',(-8.733485960751,-2.301751575642,
    42.136122929308));
#3236 = CARTESIAN_POINT('',(-8.762694783026,-2.307965527163,
    41.85904725387));
#3237 = CARTESIAN_POINT('',(-8.783135059887,-2.312429807262,
    41.714792337568));
#3238 = CARTESIAN_POINT('',(-8.807851085953,-2.318062856981,
    41.57090760495));
#3239 = CARTESIAN_POINT('',(-8.83628910477,-2.324920686061,
    41.427453848834));
#3240 = CARTESIAN_POINT('',(-8.868036065547,-2.333088539767,
    41.284473592813));
#3241 = CARTESIAN_POINT('',(-8.902792157188,-2.342685161701,
    41.141988992151));
#3242 = CARTESIAN_POINT('',(-8.940327044207,-2.353855435771,40.9999994)
  );
#3243 = ORIENTED_EDGE('',*,*,#766,.T.);
#3244 = TOROIDAL_SURFACE('',#3245,6.,2.45);
#3245 = AXIS2_PLACEMENT_3D('',#3246,#3247,#3248);
#3246 = CARTESIAN_POINT('',(-14.22724133595,-4.75,44.8));
#3247 = DIRECTION('',(0.,-1.,0.));
#3248 = DIRECTION('',(5.9E-16,0.,-1.));
#3249 = ADVANCED_FACE('',(#3250),#3280,.F.);
#3250 = FACE_BOUND('',#3251,.T.);
#3251 = EDGE_LOOP('',(#3252,#3263,#3270,#3271,#3272,#3273));
#3252 = ORIENTED_EDGE('',*,*,#3253,.F.);
#3253 = EDGE_CURVE('',#3254,#3256,#3258,.T.);
#3254 = VERTEX_POINT('',#3255);
#3255 = CARTESIAN_POINT('',(-10.59289305672,-3.941487825684,44.));
#3256 = VERTEX_POINT('',#3257);
#3257 = CARTESIAN_POINT('',(-10.59289305672,-5.558512174316,44.));
#3258 = CIRCLE('',#3259,2.5);
#3259 = AXIS2_PLACEMENT_3D('',#3260,#3261,#3262);
#3260 = CARTESIAN_POINT('',(-8.227241335952,-4.75,44.));
#3261 = DIRECTION('',(0.,0.,-1.));
#3262 = DIRECTION('',(-1.,0.,0.));
#3263 = ORIENTED_EDGE('',*,*,#3264,.F.);
#3264 = EDGE_CURVE('',#3201,#3254,#3265,.T.);
#3265 = ELLIPSE('',#3266,2.559850695646,2.5);
#3266 = AXIS2_PLACEMENT_3D('',#3267,#3268,#3269);
#3267 = CARTESIAN_POINT('',(-8.227241335952,-4.75,43.47926801968));
#3268 = DIRECTION('',(0.214975425221,0.,0.976619458413));
#3269 = DIRECTION('',(-0.976619458413,0.,0.214975425221));
#3270 = ORIENTED_EDGE('',*,*,#3209,.T.);
#3271 = ORIENTED_EDGE('',*,*,#836,.T.);
#3272 = ORIENTED_EDGE('',*,*,#3132,.T.);
#3273 = ORIENTED_EDGE('',*,*,#3274,.F.);
#3274 = EDGE_CURVE('',#3256,#3133,#3275,.T.);
#3275 = ELLIPSE('',#3276,2.559850695646,2.5);
#3276 = AXIS2_PLACEMENT_3D('',#3277,#3278,#3279);
#3277 = CARTESIAN_POINT('',(-8.227241335952,-4.75,43.47926801968));
#3278 = DIRECTION('',(0.214975425221,0.,0.976619458413));
#3279 = DIRECTION('',(-0.976619458413,0.,0.214975425221));
#3280 = CYLINDRICAL_SURFACE('',#3281,2.5);
#3281 = AXIS2_PLACEMENT_3D('',#3282,#3283,#3284);
#3282 = CARTESIAN_POINT('',(-8.227241335952,-4.75,40.9));
#3283 = DIRECTION('',(0.,0.,1.));
#3284 = DIRECTION('',(-1.,0.,0.));
#3285 = ADVANCED_FACE('',(#3286),#3311,.T.);
#3286 = FACE_BOUND('',#3287,.F.);
#3287 = EDGE_LOOP('',(#3288,#3296,#3297,#3303,#3304,#3305));
#3288 = ORIENTED_EDGE('',*,*,#3289,.F.);
#3289 = EDGE_CURVE('',#2591,#3290,#3292,.T.);
#3290 = VERTEX_POINT('',#3291);
#3291 = CARTESIAN_POINT('',(-7.,9.4,40.9));
#3292 = LINE('',#3293,#3294);
#3293 = CARTESIAN_POINT('',(0.1,9.4,40.9));
#3294 = VECTOR('',#3295,1.);
#3295 = DIRECTION('',(-1.,0.,0.));
#3296 = ORIENTED_EDGE('',*,*,#2598,.T.);
#3297 = ORIENTED_EDGE('',*,*,#3298,.T.);
#3298 = EDGE_CURVE('',#2599,#1479,#3299,.T.);
#3299 = LINE('',#3300,#3301);
#3300 = CARTESIAN_POINT('',(0.1,9.4,44.4));
#3301 = VECTOR('',#3302,1.);
#3302 = DIRECTION('',(-1.,0.,0.));
#3303 = ORIENTED_EDGE('',*,*,#1478,.F.);
#3304 = ORIENTED_EDGE('',*,*,#732,.F.);
#3305 = ORIENTED_EDGE('',*,*,#3306,.F.);
#3306 = EDGE_CURVE('',#3290,#725,#3307,.T.);
#3307 = LINE('',#3308,#3309);
#3308 = CARTESIAN_POINT('',(-7.,9.4,39.7));
#3309 = VECTOR('',#3310,1.);
#3310 = DIRECTION('',(0.,0.,1.));
#3311 = PLANE('',#3312);
#3312 = AXIS2_PLACEMENT_3D('',#3313,#3314,#3315);
#3313 = CARTESIAN_POINT('',(0.1,9.4,40.9));
#3314 = DIRECTION('',(0.,1.,0.));
#3315 = DIRECTION('',(-0.,-0.,-1.));
#3316 = ADVANCED_FACE('',(#3317),#3367,.T.);
#3317 = FACE_BOUND('',#3318,.F.);
#3318 = EDGE_LOOP('',(#3319,#3327,#3335,#3343,#3351,#3359,#3365,#3366));
#3319 = ORIENTED_EDGE('',*,*,#3320,.F.);
#3320 = EDGE_CURVE('',#3321,#717,#3323,.T.);
#3321 = VERTEX_POINT('',#3322);
#3322 = CARTESIAN_POINT('',(-7.,2.1,38.5));
#3323 = LINE('',#3324,#3325);
#3324 = CARTESIAN_POINT('',(-7.,2.1,38.5));
#3325 = VECTOR('',#3326,1.);
#3326 = DIRECTION('',(0.,0.,1.));
#3327 = ORIENTED_EDGE('',*,*,#3328,.T.);
#3328 = EDGE_CURVE('',#3321,#3329,#3331,.T.);
#3329 = VERTEX_POINT('',#3330);
#3330 = CARTESIAN_POINT('',(-7.,20.1,38.5));
#3331 = LINE('',#3332,#3333);
#3332 = CARTESIAN_POINT('',(-7.,2.1,38.5));
#3333 = VECTOR('',#3334,1.);
#3334 = DIRECTION('',(0.,1.,0.));
#3335 = ORIENTED_EDGE('',*,*,#3336,.T.);
#3336 = EDGE_CURVE('',#3329,#3337,#3339,.T.);
#3337 = VERTEX_POINT('',#3338);
#3338 = CARTESIAN_POINT('',(-7.,20.1,41.));
#3339 = LINE('',#3340,#3341);
#3340 = CARTESIAN_POINT('',(-7.,20.1,38.5));
#3341 = VECTOR('',#3342,1.);
#3342 = DIRECTION('',(0.,0.,1.));
#3343 = ORIENTED_EDGE('',*,*,#3344,.T.);
#3344 = EDGE_CURVE('',#3337,#3345,#3347,.T.);
#3345 = VERTEX_POINT('',#3346);
#3346 = CARTESIAN_POINT('',(-7.,12.8,41.));
#3347 = LINE('',#3348,#3349);
#3348 = CARTESIAN_POINT('',(-7.,1.05,41.));
#3349 = VECTOR('',#3350,1.);
#3350 = DIRECTION('',(0.,-1.,0.));
#3351 = ORIENTED_EDGE('',*,*,#3352,.F.);
#3352 = EDGE_CURVE('',#3353,#3345,#3355,.T.);
#3353 = VERTEX_POINT('',#3354);
#3354 = CARTESIAN_POINT('',(-7.,12.8,40.9));
#3355 = LINE('',#3356,#3357);
#3356 = CARTESIAN_POINT('',(-7.,12.8,39.7));
#3357 = VECTOR('',#3358,1.);
#3358 = DIRECTION('',(0.,0.,1.));
#3359 = ORIENTED_EDGE('',*,*,#3360,.T.);
#3360 = EDGE_CURVE('',#3353,#3290,#3361,.T.);
#3361 = LINE('',#3362,#3363);
#3362 = CARTESIAN_POINT('',(-7.,5.75,40.9));
#3363 = VECTOR('',#3364,1.);
#3364 = DIRECTION('',(0.,-1.,0.));
#3365 = ORIENTED_EDGE('',*,*,#3306,.T.);
#3366 = ORIENTED_EDGE('',*,*,#724,.T.);
#3367 = PLANE('',#3368);
#3368 = AXIS2_PLACEMENT_3D('',#3369,#3370,#3371);
#3369 = CARTESIAN_POINT('',(-7.,2.1,38.5));
#3370 = DIRECTION('',(-1.,0.,0.));
#3371 = DIRECTION('',(0.,0.,-1.));
#3372 = ADVANCED_FACE('',(#3373),#3414,.F.);
#3373 = FACE_BOUND('',#3374,.T.);
#3374 = EDGE_LOOP('',(#3375,#3376,#3384,#3390,#3391,#3399,#3407,#3413));
#3375 = ORIENTED_EDGE('',*,*,#3320,.F.);
#3376 = ORIENTED_EDGE('',*,*,#3377,.F.);
#3377 = EDGE_CURVE('',#3378,#3321,#3380,.T.);
#3378 = VERTEX_POINT('',#3379);
#3379 = CARTESIAN_POINT('',(7.,2.1,38.5));
#3380 = LINE('',#3381,#3382);
#3381 = CARTESIAN_POINT('',(7.,2.1,38.5));
#3382 = VECTOR('',#3383,1.);
#3383 = DIRECTION('',(-1.,0.,0.));
#3384 = ORIENTED_EDGE('',*,*,#3385,.T.);
#3385 = EDGE_CURVE('',#3378,#549,#3386,.T.);
#3386 = LINE('',#3387,#3388);
#3387 = CARTESIAN_POINT('',(7.,2.1,38.5));
#3388 = VECTOR('',#3389,1.);
#3389 = DIRECTION('',(0.,0.,1.));
#3390 = ORIENTED_EDGE('',*,*,#556,.T.);
#3391 = ORIENTED_EDGE('',*,*,#3392,.T.);
#3392 = EDGE_CURVE('',#557,#3393,#3395,.T.);
#3393 = VERTEX_POINT('',#3394);
#3394 = CARTESIAN_POINT('',(5.827241335952,2.1,40.));
#3395 = LINE('',#3396,#3397);
#3396 = CARTESIAN_POINT('',(5.827241335952,2.1,39.25));
#3397 = VECTOR('',#3398,1.);
#3398 = DIRECTION('',(-0.,-0.,-1.));
#3399 = ORIENTED_EDGE('',*,*,#3400,.T.);
#3400 = EDGE_CURVE('',#3393,#3401,#3403,.T.);
#3401 = VERTEX_POINT('',#3402);
#3402 = CARTESIAN_POINT('',(2.827241335952,2.1,40.));
#3403 = LINE('',#3404,#3405);
#3404 = CARTESIAN_POINT('',(6.413620667976,2.1,40.));
#3405 = VECTOR('',#3406,1.);
#3406 = DIRECTION('',(-1.,0.,0.));
#3407 = ORIENTED_EDGE('',*,*,#3408,.F.);
#3408 = EDGE_CURVE('',#709,#3401,#3409,.T.);
#3409 = LINE('',#3410,#3411);
#3410 = CARTESIAN_POINT('',(2.827241335952,2.1,39.25));
#3411 = VECTOR('',#3412,1.);
#3412 = DIRECTION('',(-0.,-0.,-1.));
#3413 = ORIENTED_EDGE('',*,*,#716,.T.);
#3414 = PLANE('',#3415);
#3415 = AXIS2_PLACEMENT_3D('',#3416,#3417,#3418);
#3416 = CARTESIAN_POINT('',(7.,2.1,38.5));
#3417 = DIRECTION('',(0.,1.,0.));
#3418 = DIRECTION('',(-0.,-0.,-1.));
#3419 = ADVANCED_FACE('',(#3420),#3438,.T.);
#3420 = FACE_BOUND('',#3421,.F.);
#3421 = EDGE_LOOP('',(#3422,#3430,#3436,#3437));
#3422 = ORIENTED_EDGE('',*,*,#3423,.F.);
#3423 = EDGE_CURVE('',#3424,#701,#3426,.T.);
#3424 = VERTEX_POINT('',#3425);
#3425 = CARTESIAN_POINT('',(2.827241335952,0.25,40.));
#3426 = LINE('',#3427,#3428);
#3427 = CARTESIAN_POINT('',(2.827241335952,0.25,40.));
#3428 = VECTOR('',#3429,1.);
#3429 = DIRECTION('',(0.,0.,1.));
#3430 = ORIENTED_EDGE('',*,*,#3431,.T.);
#3431 = EDGE_CURVE('',#3424,#3401,#3432,.T.);
#3432 = LINE('',#3433,#3434);
#3433 = CARTESIAN_POINT('',(2.827241335952,0.25,40.));
#3434 = VECTOR('',#3435,1.);
#3435 = DIRECTION('',(0.,1.,0.));
#3436 = ORIENTED_EDGE('',*,*,#3408,.F.);
#3437 = ORIENTED_EDGE('',*,*,#708,.T.);
#3438 = PLANE('',#3439);
#3439 = AXIS2_PLACEMENT_3D('',#3440,#3441,#3442);
#3440 = CARTESIAN_POINT('',(2.827241335952,0.25,40.));
#3441 = DIRECTION('',(-1.,0.,0.));
#3442 = DIRECTION('',(0.,0.,-1.));
#3443 = ADVANCED_FACE('',(#3444),#3478,.F.);
#3444 = FACE_BOUND('',#3445,.T.);
#3445 = EDGE_LOOP('',(#3446,#3447,#3455,#3463,#3471,#3477));
#3446 = ORIENTED_EDGE('',*,*,#3423,.F.);
#3447 = ORIENTED_EDGE('',*,*,#3448,.F.);
#3448 = EDGE_CURVE('',#3449,#3424,#3451,.T.);
#3449 = VERTEX_POINT('',#3450);
#3450 = CARTESIAN_POINT('',(5.827241335952,0.25,40.));
#3451 = LINE('',#3452,#3453);
#3452 = CARTESIAN_POINT('',(5.827241335952,0.25,40.));
#3453 = VECTOR('',#3454,1.);
#3454 = DIRECTION('',(-1.,0.,0.));
#3455 = ORIENTED_EDGE('',*,*,#3456,.T.);
#3456 = EDGE_CURVE('',#3449,#3457,#3459,.T.);
#3457 = VERTEX_POINT('',#3458);
#3458 = CARTESIAN_POINT('',(5.827241335952,0.25,41.8));
#3459 = LINE('',#3460,#3461);
#3460 = CARTESIAN_POINT('',(5.827241335952,0.25,40.));
#3461 = VECTOR('',#3462,1.);
#3462 = DIRECTION('',(0.,0.,1.));
#3463 = ORIENTED_EDGE('',*,*,#3464,.T.);
#3464 = EDGE_CURVE('',#3457,#3465,#3467,.T.);
#3465 = VERTEX_POINT('',#3466);
#3466 = CARTESIAN_POINT('',(4.527241335952,0.25,41.8));
#3467 = LINE('',#3468,#3469);
#3468 = CARTESIAN_POINT('',(5.827241335952,0.25,41.8));
#3469 = VECTOR('',#3470,1.);
#3470 = DIRECTION('',(-1.,0.,0.));
#3471 = ORIENTED_EDGE('',*,*,#3472,.F.);
#3472 = EDGE_CURVE('',#693,#3465,#3473,.T.);
#3473 = LINE('',#3474,#3475);
#3474 = CARTESIAN_POINT('',(4.527241335952,0.25,40.45));
#3475 = VECTOR('',#3476,1.);
#3476 = DIRECTION('',(0.,0.,1.));
#3477 = ORIENTED_EDGE('',*,*,#700,.T.);
#3478 = PLANE('',#3479);
#3479 = AXIS2_PLACEMENT_3D('',#3480,#3481,#3482);
#3480 = CARTESIAN_POINT('',(5.827241335952,0.25,40.));
#3481 = DIRECTION('',(0.,1.,0.));
#3482 = DIRECTION('',(-0.,-0.,-1.));
#3483 = ADVANCED_FACE('',(#3484),#3534,.F.);
#3484 = FACE_BOUND('',#3485,.T.);
#3485 = EDGE_LOOP('',(#3486,#3496,#3504,#3510,#3511,#3512,#3520,#3528));
#3486 = ORIENTED_EDGE('',*,*,#3487,.F.);
#3487 = EDGE_CURVE('',#3488,#3490,#3492,.T.);
#3488 = VERTEX_POINT('',#3489);
#3489 = CARTESIAN_POINT('',(4.527241335952,-11.05,41.8));
#3490 = VERTEX_POINT('',#3491);
#3491 = CARTESIAN_POINT('',(4.527241335952,-11.05,43.5));
#3492 = LINE('',#3493,#3494);
#3493 = CARTESIAN_POINT('',(4.527241335952,-11.05,40.9));
#3494 = VECTOR('',#3495,1.);
#3495 = DIRECTION('',(0.,0.,1.));
#3496 = ORIENTED_EDGE('',*,*,#3497,.F.);
#3497 = EDGE_CURVE('',#3498,#3488,#3500,.T.);
#3498 = VERTEX_POINT('',#3499);
#3499 = CARTESIAN_POINT('',(4.527241335952,-8.75,41.8));
#3500 = LINE('',#3501,#3502);
#3501 = CARTESIAN_POINT('',(4.527241335952,-11.4,41.8));
#3502 = VECTOR('',#3503,1.);
#3503 = DIRECTION('',(0.,-1.,0.));
#3504 = ORIENTED_EDGE('',*,*,#3505,.F.);
#3505 = EDGE_CURVE('',#685,#3498,#3506,.T.);
#3506 = LINE('',#3507,#3508);
#3507 = CARTESIAN_POINT('',(4.527241335952,-8.75,40.45));
#3508 = VECTOR('',#3509,1.);
#3509 = DIRECTION('',(0.,0.,1.));
#3510 = ORIENTED_EDGE('',*,*,#692,.F.);
#3511 = ORIENTED_EDGE('',*,*,#3472,.T.);
#3512 = ORIENTED_EDGE('',*,*,#3513,.F.);
#3513 = EDGE_CURVE('',#3514,#3465,#3516,.T.);
#3514 = VERTEX_POINT('',#3515);
#3515 = CARTESIAN_POINT('',(4.527241335952,1.55,41.8));
#3516 = LINE('',#3517,#3518);
#3517 = CARTESIAN_POINT('',(4.527241335952,-5.4,41.8));
#3518 = VECTOR('',#3519,1.);
#3519 = DIRECTION('',(0.,-1.,0.));
#3520 = ORIENTED_EDGE('',*,*,#3521,.T.);
#3521 = EDGE_CURVE('',#3514,#3522,#3524,.T.);
#3522 = VERTEX_POINT('',#3523);
#3523 = CARTESIAN_POINT('',(4.527241335952,1.55,43.5));
#3524 = LINE('',#3525,#3526);
#3525 = CARTESIAN_POINT('',(4.527241335952,1.55,40.9));
#3526 = VECTOR('',#3527,1.);
#3527 = DIRECTION('',(0.,0.,1.));
#3528 = ORIENTED_EDGE('',*,*,#3529,.F.);
#3529 = EDGE_CURVE('',#3490,#3522,#3530,.T.);
#3530 = LINE('',#3531,#3532);
#3531 = CARTESIAN_POINT('',(4.527241335952,-14.9,43.5));
#3532 = VECTOR('',#3533,1.);
#3533 = DIRECTION('',(0.,1.,0.));
#3534 = PLANE('',#3535);
#3535 = AXIS2_PLACEMENT_3D('',#3536,#3537,#3538);
#3536 = CARTESIAN_POINT('',(4.527241335952,-11.05,40.9));
#3537 = DIRECTION('',(-1.,0.,0.));
#3538 = DIRECTION('',(0.,0.,-1.));
#3539 = ADVANCED_FACE('',(#3540),#3574,.T.);
#3540 = FACE_BOUND('',#3541,.F.);
#3541 = EDGE_LOOP('',(#3542,#3550,#3558,#3566,#3572,#3573));
#3542 = ORIENTED_EDGE('',*,*,#3543,.F.);
#3543 = EDGE_CURVE('',#3544,#677,#3546,.T.);
#3544 = VERTEX_POINT('',#3545);
#3545 = CARTESIAN_POINT('',(2.827241335952,-8.75,40.));
#3546 = LINE('',#3547,#3548);
#3547 = CARTESIAN_POINT('',(2.827241335952,-8.75,40.));
#3548 = VECTOR('',#3549,1.);
#3549 = DIRECTION('',(0.,0.,1.));
#3550 = ORIENTED_EDGE('',*,*,#3551,.F.);
#3551 = EDGE_CURVE('',#3552,#3544,#3554,.T.);
#3552 = VERTEX_POINT('',#3553);
#3553 = CARTESIAN_POINT('',(5.827241335952,-8.75,40.));
#3554 = LINE('',#3555,#3556);
#3555 = CARTESIAN_POINT('',(5.827241335952,-8.75,40.));
#3556 = VECTOR('',#3557,1.);
#3557 = DIRECTION('',(-1.,0.,0.));
#3558 = ORIENTED_EDGE('',*,*,#3559,.T.);
#3559 = EDGE_CURVE('',#3552,#3560,#3562,.T.);
#3560 = VERTEX_POINT('',#3561);
#3561 = CARTESIAN_POINT('',(5.827241335952,-8.75,41.8));
#3562 = LINE('',#3563,#3564);
#3563 = CARTESIAN_POINT('',(5.827241335952,-8.75,40.));
#3564 = VECTOR('',#3565,1.);
#3565 = DIRECTION('',(0.,0.,1.));
#3566 = ORIENTED_EDGE('',*,*,#3567,.T.);
#3567 = EDGE_CURVE('',#3560,#3498,#3568,.T.);
#3568 = LINE('',#3569,#3570);
#3569 = CARTESIAN_POINT('',(5.827241335952,-8.75,41.8));
#3570 = VECTOR('',#3571,1.);
#3571 = DIRECTION('',(-1.,0.,0.));
#3572 = ORIENTED_EDGE('',*,*,#3505,.F.);
#3573 = ORIENTED_EDGE('',*,*,#684,.T.);
#3574 = PLANE('',#3575);
#3575 = AXIS2_PLACEMENT_3D('',#3576,#3577,#3578);
#3576 = CARTESIAN_POINT('',(5.827241335952,-8.75,40.));
#3577 = DIRECTION('',(0.,1.,0.));
#3578 = DIRECTION('',(-0.,-0.,-1.));
#3579 = ADVANCED_FACE('',(#3580),#3598,.T.);
#3580 = FACE_BOUND('',#3581,.F.);
#3581 = EDGE_LOOP('',(#3582,#3590,#3596,#3597));
#3582 = ORIENTED_EDGE('',*,*,#3583,.F.);
#3583 = EDGE_CURVE('',#3584,#669,#3586,.T.);
#3584 = VERTEX_POINT('',#3585);
#3585 = CARTESIAN_POINT('',(2.827241335952,-11.75,40.));
#3586 = LINE('',#3587,#3588);
#3587 = CARTESIAN_POINT('',(2.827241335952,-11.75,40.));
#3588 = VECTOR('',#3589,1.);
#3589 = DIRECTION('',(0.,0.,1.));
#3590 = ORIENTED_EDGE('',*,*,#3591,.T.);
#3591 = EDGE_CURVE('',#3584,#3544,#3592,.T.);
#3592 = LINE('',#3593,#3594);
#3593 = CARTESIAN_POINT('',(2.827241335952,-11.75,40.));
#3594 = VECTOR('',#3595,1.);
#3595 = DIRECTION('',(0.,1.,0.));
#3596 = ORIENTED_EDGE('',*,*,#3543,.T.);
#3597 = ORIENTED_EDGE('',*,*,#676,.T.);
#3598 = PLANE('',#3599);
#3599 = AXIS2_PLACEMENT_3D('',#3600,#3601,#3602);
#3600 = CARTESIAN_POINT('',(2.827241335952,-11.75,40.));
#3601 = DIRECTION('',(-1.,0.,0.));
#3602 = DIRECTION('',(0.,0.,-1.));
#3603 = ADVANCED_FACE('',(#3604),#3622,.F.);
#3604 = FACE_BOUND('',#3605,.T.);
#3605 = EDGE_LOOP('',(#3606,#3607,#3615,#3621));
#3606 = ORIENTED_EDGE('',*,*,#3583,.F.);
#3607 = ORIENTED_EDGE('',*,*,#3608,.F.);
#3608 = EDGE_CURVE('',#3609,#3584,#3611,.T.);
#3609 = VERTEX_POINT('',#3610);
#3610 = CARTESIAN_POINT('',(5.827241335952,-11.75,40.));
#3611 = LINE('',#3612,#3613);
#3612 = CARTESIAN_POINT('',(5.827241335952,-11.75,40.));
#3613 = VECTOR('',#3614,1.);
#3614 = DIRECTION('',(-1.,0.,0.));
#3615 = ORIENTED_EDGE('',*,*,#3616,.T.);
#3616 = EDGE_CURVE('',#3609,#661,#3617,.T.);
#3617 = LINE('',#3618,#3619);
#3618 = CARTESIAN_POINT('',(5.827241335952,-11.75,40.));
#3619 = VECTOR('',#3620,1.);
#3620 = DIRECTION('',(0.,0.,1.));
#3621 = ORIENTED_EDGE('',*,*,#668,.T.);
#3622 = PLANE('',#3623);
#3623 = AXIS2_PLACEMENT_3D('',#3624,#3625,#3626);
#3624 = CARTESIAN_POINT('',(5.827241335952,-11.75,40.));
#3625 = DIRECTION('',(0.,1.,0.));
#3626 = DIRECTION('',(-0.,-0.,-1.));
#3627 = ADVANCED_FACE('',(#3628),#3653,.F.);
#3628 = FACE_BOUND('',#3629,.T.);
#3629 = EDGE_LOOP('',(#3630,#3631,#3637,#3638,#3646,#3652));
#3630 = ORIENTED_EDGE('',*,*,#3616,.F.);
#3631 = ORIENTED_EDGE('',*,*,#3632,.T.);
#3632 = EDGE_CURVE('',#3609,#3552,#3633,.T.);
#3633 = LINE('',#3634,#3635);
#3634 = CARTESIAN_POINT('',(5.827241335952,-11.75,40.));
#3635 = VECTOR('',#3636,1.);
#3636 = DIRECTION('',(0.,1.,0.));
#3637 = ORIENTED_EDGE('',*,*,#3559,.T.);
#3638 = ORIENTED_EDGE('',*,*,#3639,.F.);
#3639 = EDGE_CURVE('',#3640,#3560,#3642,.T.);
#3640 = VERTEX_POINT('',#3641);
#3641 = CARTESIAN_POINT('',(5.827241335952,-11.05,41.8));
#3642 = LINE('',#3643,#3644);
#3643 = CARTESIAN_POINT('',(5.827241335952,-11.75,41.8));
#3644 = VECTOR('',#3645,1.);
#3645 = DIRECTION('',(0.,1.,0.));
#3646 = ORIENTED_EDGE('',*,*,#3647,.T.);
#3647 = EDGE_CURVE('',#3640,#653,#3648,.T.);
#3648 = LINE('',#3649,#3650);
#3649 = CARTESIAN_POINT('',(5.827241335952,-11.05,40.45));
#3650 = VECTOR('',#3651,1.);
#3651 = DIRECTION('',(-0.,-0.,-1.));
#3652 = ORIENTED_EDGE('',*,*,#660,.T.);
#3653 = PLANE('',#3654);
#3654 = AXIS2_PLACEMENT_3D('',#3655,#3656,#3657);
#3655 = CARTESIAN_POINT('',(5.827241335952,-11.75,40.));
#3656 = DIRECTION('',(-1.,0.,0.));
#3657 = DIRECTION('',(0.,0.,-1.));
#3658 = ADVANCED_FACE('',(#3659),#3700,.T.);
#3659 = FACE_BOUND('',#3660,.F.);
#3660 = EDGE_LOOP('',(#3661,#3662,#3668,#3669,#3670,#3678,#3686,#3694));
#3661 = ORIENTED_EDGE('',*,*,#3487,.F.);
#3662 = ORIENTED_EDGE('',*,*,#3663,.F.);
#3663 = EDGE_CURVE('',#3640,#3488,#3664,.T.);
#3664 = LINE('',#3665,#3666);
#3665 = CARTESIAN_POINT('',(11.477241335952,-11.05,41.8));
#3666 = VECTOR('',#3667,1.);
#3667 = DIRECTION('',(-1.,0.,0.));
#3668 = ORIENTED_EDGE('',*,*,#3647,.T.);
#3669 = ORIENTED_EDGE('',*,*,#652,.F.);
#3670 = ORIENTED_EDGE('',*,*,#3671,.F.);
#3671 = EDGE_CURVE('',#3672,#645,#3674,.T.);
#3672 = VERTEX_POINT('',#3673);
#3673 = CARTESIAN_POINT('',(14.827241335952,-11.05,41.8));
#3674 = LINE('',#3675,#3676);
#3675 = CARTESIAN_POINT('',(14.827241335952,-11.05,40.45));
#3676 = VECTOR('',#3677,1.);
#3677 = DIRECTION('',(-0.,-0.,-1.));
#3678 = ORIENTED_EDGE('',*,*,#3679,.F.);
#3679 = EDGE_CURVE('',#3680,#3672,#3682,.T.);
#3680 = VERTEX_POINT('',#3681);
#3681 = CARTESIAN_POINT('',(17.127241335952,-11.05,41.8));
#3682 = LINE('',#3683,#3684);
#3683 = CARTESIAN_POINT('',(17.477241335952,-11.05,41.8));
#3684 = VECTOR('',#3685,1.);
#3685 = DIRECTION('',(-1.,0.,0.));
#3686 = ORIENTED_EDGE('',*,*,#3687,.T.);
#3687 = EDGE_CURVE('',#3680,#3688,#3690,.T.);
#3688 = VERTEX_POINT('',#3689);
#3689 = CARTESIAN_POINT('',(17.127241335952,-11.05,43.5));
#3690 = LINE('',#3691,#3692);
#3691 = CARTESIAN_POINT('',(17.127241335952,-11.05,40.9));
#3692 = VECTOR('',#3693,1.);
#3693 = DIRECTION('',(0.,0.,1.));
#3694 = ORIENTED_EDGE('',*,*,#3695,.F.);
#3695 = EDGE_CURVE('',#3490,#3688,#3696,.T.);
#3696 = LINE('',#3697,#3698);
#3697 = CARTESIAN_POINT('',(19.177241335952,-11.05,43.5));
#3698 = VECTOR('',#3699,1.);
#3699 = DIRECTION('',(1.,0.,0.));
#3700 = PLANE('',#3701);
#3701 = AXIS2_PLACEMENT_3D('',#3702,#3703,#3704);
#3702 = CARTESIAN_POINT('',(17.127241335952,-11.05,40.9));
#3703 = DIRECTION('',(0.,1.,0.));
#3704 = DIRECTION('',(-0.,-0.,-1.));
#3705 = ADVANCED_FACE('',(#3706),#3740,.T.);
#3706 = FACE_BOUND('',#3707,.F.);
#3707 = EDGE_LOOP('',(#3708,#3716,#3724,#3732,#3738,#3739));
#3708 = ORIENTED_EDGE('',*,*,#3709,.F.);
#3709 = EDGE_CURVE('',#3710,#637,#3712,.T.);
#3710 = VERTEX_POINT('',#3711);
#3711 = CARTESIAN_POINT('',(14.827241335952,-11.75,40.));
#3712 = LINE('',#3713,#3714);
#3713 = CARTESIAN_POINT('',(14.827241335952,-11.75,40.));
#3714 = VECTOR('',#3715,1.);
#3715 = DIRECTION('',(0.,0.,1.));
#3716 = ORIENTED_EDGE('',*,*,#3717,.T.);
#3717 = EDGE_CURVE('',#3710,#3718,#3720,.T.);
#3718 = VERTEX_POINT('',#3719);
#3719 = CARTESIAN_POINT('',(14.827241335952,-9.2,40.));
#3720 = LINE('',#3721,#3722);
#3721 = CARTESIAN_POINT('',(14.827241335952,-11.75,40.));
#3722 = VECTOR('',#3723,1.);
#3723 = DIRECTION('',(0.,1.,0.));
#3724 = ORIENTED_EDGE('',*,*,#3725,.T.);
#3725 = EDGE_CURVE('',#3718,#3726,#3728,.T.);
#3726 = VERTEX_POINT('',#3727);
#3727 = CARTESIAN_POINT('',(14.827241335952,-9.2,41.8));
#3728 = LINE('',#3729,#3730);
#3729 = CARTESIAN_POINT('',(14.827241335952,-9.2,39.85));
#3730 = VECTOR('',#3731,1.);
#3731 = DIRECTION('',(0.,0.,1.));
#3732 = ORIENTED_EDGE('',*,*,#3733,.F.);
#3733 = EDGE_CURVE('',#3672,#3726,#3734,.T.);
#3734 = LINE('',#3735,#3736);
#3735 = CARTESIAN_POINT('',(14.827241335952,-11.75,41.8));
#3736 = VECTOR('',#3737,1.);
#3737 = DIRECTION('',(0.,1.,0.));
#3738 = ORIENTED_EDGE('',*,*,#3671,.T.);
#3739 = ORIENTED_EDGE('',*,*,#644,.T.);
#3740 = PLANE('',#3741);
#3741 = AXIS2_PLACEMENT_3D('',#3742,#3743,#3744);
#3742 = CARTESIAN_POINT('',(14.827241335952,-11.75,40.));
#3743 = DIRECTION('',(-1.,0.,0.));
#3744 = DIRECTION('',(0.,0.,-1.));
#3745 = ADVANCED_FACE('',(#3746),#3764,.F.);
#3746 = FACE_BOUND('',#3747,.T.);
#3747 = EDGE_LOOP('',(#3748,#3749,#3757,#3763));
#3748 = ORIENTED_EDGE('',*,*,#3709,.F.);
#3749 = ORIENTED_EDGE('',*,*,#3750,.F.);
#3750 = EDGE_CURVE('',#3751,#3710,#3753,.T.);
#3751 = VERTEX_POINT('',#3752);
#3752 = CARTESIAN_POINT('',(17.827241335952,-11.75,40.));
#3753 = LINE('',#3754,#3755);
#3754 = CARTESIAN_POINT('',(17.827241335952,-11.75,40.));
#3755 = VECTOR('',#3756,1.);
#3756 = DIRECTION('',(-1.,0.,0.));
#3757 = ORIENTED_EDGE('',*,*,#3758,.T.);
#3758 = EDGE_CURVE('',#3751,#629,#3759,.T.);
#3759 = LINE('',#3760,#3761);
#3760 = CARTESIAN_POINT('',(17.827241335952,-11.75,40.));
#3761 = VECTOR('',#3762,1.);
#3762 = DIRECTION('',(0.,0.,1.));
#3763 = ORIENTED_EDGE('',*,*,#636,.T.);
#3764 = PLANE('',#3765);
#3765 = AXIS2_PLACEMENT_3D('',#3766,#3767,#3768);
#3766 = CARTESIAN_POINT('',(17.827241335952,-11.75,40.));
#3767 = DIRECTION('',(0.,1.,0.));
#3768 = DIRECTION('',(-0.,-0.,-1.));
#3769 = ADVANCED_FACE('',(#3770),#3788,.F.);
#3770 = FACE_BOUND('',#3771,.T.);
#3771 = EDGE_LOOP('',(#3772,#3773,#3781,#3787));
#3772 = ORIENTED_EDGE('',*,*,#3758,.F.);
#3773 = ORIENTED_EDGE('',*,*,#3774,.T.);
#3774 = EDGE_CURVE('',#3751,#3775,#3777,.T.);
#3775 = VERTEX_POINT('',#3776);
#3776 = CARTESIAN_POINT('',(17.827241335952,-8.75,40.));
#3777 = LINE('',#3778,#3779);
#3778 = CARTESIAN_POINT('',(17.827241335952,-11.75,40.));
#3779 = VECTOR('',#3780,1.);
#3780 = DIRECTION('',(0.,1.,0.));
#3781 = ORIENTED_EDGE('',*,*,#3782,.T.);
#3782 = EDGE_CURVE('',#3775,#621,#3783,.T.);
#3783 = LINE('',#3784,#3785);
#3784 = CARTESIAN_POINT('',(17.827241335952,-8.75,40.));
#3785 = VECTOR('',#3786,1.);
#3786 = DIRECTION('',(0.,0.,1.));
#3787 = ORIENTED_EDGE('',*,*,#628,.T.);
#3788 = PLANE('',#3789);
#3789 = AXIS2_PLACEMENT_3D('',#3790,#3791,#3792);
#3790 = CARTESIAN_POINT('',(17.827241335952,-11.75,40.));
#3791 = DIRECTION('',(-1.,0.,0.));
#3792 = DIRECTION('',(0.,0.,-1.));
#3793 = ADVANCED_FACE('',(#3794),#3828,.T.);
#3794 = FACE_BOUND('',#3795,.F.);
#3795 = EDGE_LOOP('',(#3796,#3806,#3814,#3820,#3821,#3822));
#3796 = ORIENTED_EDGE('',*,*,#3797,.T.);
#3797 = EDGE_CURVE('',#3798,#3800,#3802,.T.);
#3798 = VERTEX_POINT('',#3799);
#3799 = CARTESIAN_POINT('',(17.127241335952,-8.75,41.8));
#3800 = VERTEX_POINT('',#3801);
#3801 = CARTESIAN_POINT('',(15.3,-8.75,41.8));
#3802 = LINE('',#3803,#3804);
#3803 = CARTESIAN_POINT('',(17.827241335952,-8.75,41.8));
#3804 = VECTOR('',#3805,1.);
#3805 = DIRECTION('',(-1.,0.,0.));
#3806 = ORIENTED_EDGE('',*,*,#3807,.F.);
#3807 = EDGE_CURVE('',#3808,#3800,#3810,.T.);
#3808 = VERTEX_POINT('',#3809);
#3809 = CARTESIAN_POINT('',(15.3,-8.75,40.));
#3810 = LINE('',#3811,#3812);
#3811 = CARTESIAN_POINT('',(15.3,-8.75,39.85));
#3812 = VECTOR('',#3813,1.);
#3813 = DIRECTION('',(0.,0.,1.));
#3814 = ORIENTED_EDGE('',*,*,#3815,.F.);
#3815 = EDGE_CURVE('',#3775,#3808,#3816,.T.);
#3816 = LINE('',#3817,#3818);
#3817 = CARTESIAN_POINT('',(17.827241335952,-8.75,40.));
#3818 = VECTOR('',#3819,1.);
#3819 = DIRECTION('',(-1.,0.,0.));
#3820 = ORIENTED_EDGE('',*,*,#3782,.T.);
#3821 = ORIENTED_EDGE('',*,*,#620,.T.);
#3822 = ORIENTED_EDGE('',*,*,#3823,.T.);
#3823 = EDGE_CURVE('',#613,#3798,#3824,.T.);
#3824 = LINE('',#3825,#3826);
#3825 = CARTESIAN_POINT('',(17.127241335952,-8.75,40.45));
#3826 = VECTOR('',#3827,1.);
#3827 = DIRECTION('',(0.,0.,1.));
#3828 = PLANE('',#3829);
#3829 = AXIS2_PLACEMENT_3D('',#3830,#3831,#3832);
#3830 = CARTESIAN_POINT('',(17.827241335952,-8.75,40.));
#3831 = DIRECTION('',(0.,1.,0.));
#3832 = DIRECTION('',(-0.,-0.,-1.));
#3833 = ADVANCED_FACE('',(#3834),#3875,.T.);
#3834 = FACE_BOUND('',#3835,.F.);
#3835 = EDGE_LOOP('',(#3836,#3837,#3843,#3844,#3845,#3853,#3861,#3869));
#3836 = ORIENTED_EDGE('',*,*,#3687,.F.);
#3837 = ORIENTED_EDGE('',*,*,#3838,.F.);
#3838 = EDGE_CURVE('',#3798,#3680,#3839,.T.);
#3839 = LINE('',#3840,#3841);
#3840 = CARTESIAN_POINT('',(17.127241335952,-11.4,41.8));
#3841 = VECTOR('',#3842,1.);
#3842 = DIRECTION('',(0.,-1.,0.));
#3843 = ORIENTED_EDGE('',*,*,#3823,.F.);
#3844 = ORIENTED_EDGE('',*,*,#612,.F.);
#3845 = ORIENTED_EDGE('',*,*,#3846,.T.);
#3846 = EDGE_CURVE('',#605,#3847,#3849,.T.);
#3847 = VERTEX_POINT('',#3848);
#3848 = CARTESIAN_POINT('',(17.127241335952,0.25,41.8));
#3849 = LINE('',#3850,#3851);
#3850 = CARTESIAN_POINT('',(17.127241335952,0.25,40.45));
#3851 = VECTOR('',#3852,1.);
#3852 = DIRECTION('',(0.,0.,1.));
#3853 = ORIENTED_EDGE('',*,*,#3854,.F.);
#3854 = EDGE_CURVE('',#3855,#3847,#3857,.T.);
#3855 = VERTEX_POINT('',#3856);
#3856 = CARTESIAN_POINT('',(17.127241335952,1.55,41.8));
#3857 = LINE('',#3858,#3859);
#3858 = CARTESIAN_POINT('',(17.127241335952,-5.4,41.8));
#3859 = VECTOR('',#3860,1.);
#3860 = DIRECTION('',(0.,-1.,0.));
#3861 = ORIENTED_EDGE('',*,*,#3862,.T.);
#3862 = EDGE_CURVE('',#3855,#3863,#3865,.T.);
#3863 = VERTEX_POINT('',#3864);
#3864 = CARTESIAN_POINT('',(17.127241335952,1.55,43.5));
#3865 = LINE('',#3866,#3867);
#3866 = CARTESIAN_POINT('',(17.127241335952,1.55,40.9));
#3867 = VECTOR('',#3868,1.);
#3868 = DIRECTION('',(0.,0.,1.));
#3869 = ORIENTED_EDGE('',*,*,#3870,.F.);
#3870 = EDGE_CURVE('',#3688,#3863,#3871,.T.);
#3871 = LINE('',#3872,#3873);
#3872 = CARTESIAN_POINT('',(17.127241335952,-14.9,43.5));
#3873 = VECTOR('',#3874,1.);
#3874 = DIRECTION('',(0.,1.,0.));
#3875 = PLANE('',#3876);
#3876 = AXIS2_PLACEMENT_3D('',#3877,#3878,#3879);
#3877 = CARTESIAN_POINT('',(17.127241335952,-11.05,40.9));
#3878 = DIRECTION('',(-1.,0.,0.));
#3879 = DIRECTION('',(0.,0.,-1.));
#3880 = ADVANCED_FACE('',(#3881),#3915,.F.);
#3881 = FACE_BOUND('',#3882,.T.);
#3882 = EDGE_LOOP('',(#3883,#3893,#3901,#3907,#3908,#3909));
#3883 = ORIENTED_EDGE('',*,*,#3884,.F.);
#3884 = EDGE_CURVE('',#3885,#3887,#3889,.T.);
#3885 = VERTEX_POINT('',#3886);
#3886 = CARTESIAN_POINT('',(14.827241335952,0.25,40.));
#3887 = VERTEX_POINT('',#3888);
#3888 = CARTESIAN_POINT('',(14.827241335952,0.25,41.8));
#3889 = LINE('',#3890,#3891);
#3890 = CARTESIAN_POINT('',(14.827241335952,0.25,40.));
#3891 = VECTOR('',#3892,1.);
#3892 = DIRECTION('',(0.,0.,1.));
#3893 = ORIENTED_EDGE('',*,*,#3894,.F.);
#3894 = EDGE_CURVE('',#3895,#3885,#3897,.T.);
#3895 = VERTEX_POINT('',#3896);
#3896 = CARTESIAN_POINT('',(17.827241335952,0.25,40.));
#3897 = LINE('',#3898,#3899);
#3898 = CARTESIAN_POINT('',(17.827241335952,0.25,40.));
#3899 = VECTOR('',#3900,1.);
#3900 = DIRECTION('',(-1.,0.,0.));
#3901 = ORIENTED_EDGE('',*,*,#3902,.T.);
#3902 = EDGE_CURVE('',#3895,#597,#3903,.T.);
#3903 = LINE('',#3904,#3905);
#3904 = CARTESIAN_POINT('',(17.827241335952,0.25,40.));
#3905 = VECTOR('',#3906,1.);
#3906 = DIRECTION('',(0.,0.,1.));
#3907 = ORIENTED_EDGE('',*,*,#604,.T.);
#3908 = ORIENTED_EDGE('',*,*,#3846,.T.);
#3909 = ORIENTED_EDGE('',*,*,#3910,.T.);
#3910 = EDGE_CURVE('',#3847,#3887,#3911,.T.);
#3911 = LINE('',#3912,#3913);
#3912 = CARTESIAN_POINT('',(17.827241335952,0.25,41.8));
#3913 = VECTOR('',#3914,1.);
#3914 = DIRECTION('',(-1.,0.,0.));
#3915 = PLANE('',#3916);
#3916 = AXIS2_PLACEMENT_3D('',#3917,#3918,#3919);
#3917 = CARTESIAN_POINT('',(17.827241335952,0.25,40.));
#3918 = DIRECTION('',(0.,1.,0.));
#3919 = DIRECTION('',(-0.,-0.,-1.));
#3920 = ADVANCED_FACE('',(#3921),#3939,.F.);
#3921 = FACE_BOUND('',#3922,.T.);
#3922 = EDGE_LOOP('',(#3923,#3924,#3932,#3938));
#3923 = ORIENTED_EDGE('',*,*,#3902,.F.);
#3924 = ORIENTED_EDGE('',*,*,#3925,.T.);
#3925 = EDGE_CURVE('',#3895,#3926,#3928,.T.);
#3926 = VERTEX_POINT('',#3927);
#3927 = CARTESIAN_POINT('',(17.827241335952,3.25,40.));
#3928 = LINE('',#3929,#3930);
#3929 = CARTESIAN_POINT('',(17.827241335952,0.25,40.));
#3930 = VECTOR('',#3931,1.);
#3931 = DIRECTION('',(0.,1.,0.));
#3932 = ORIENTED_EDGE('',*,*,#3933,.T.);
#3933 = EDGE_CURVE('',#3926,#589,#3934,.T.);
#3934 = LINE('',#3935,#3936);
#3935 = CARTESIAN_POINT('',(17.827241335952,3.25,40.));
#3936 = VECTOR('',#3937,1.);
#3937 = DIRECTION('',(0.,0.,1.));
#3938 = ORIENTED_EDGE('',*,*,#596,.T.);
#3939 = PLANE('',#3940);
#3940 = AXIS2_PLACEMENT_3D('',#3941,#3942,#3943);
#3941 = CARTESIAN_POINT('',(17.827241335952,0.25,40.));
#3942 = DIRECTION('',(-1.,0.,0.));
#3943 = DIRECTION('',(0.,0.,-1.));
#3944 = ADVANCED_FACE('',(#3945),#3963,.T.);
#3945 = FACE_BOUND('',#3946,.F.);
#3946 = EDGE_LOOP('',(#3947,#3955,#3961,#3962));
#3947 = ORIENTED_EDGE('',*,*,#3948,.F.);
#3948 = EDGE_CURVE('',#3949,#581,#3951,.T.);
#3949 = VERTEX_POINT('',#3950);
#3950 = CARTESIAN_POINT('',(14.827241335952,3.25,40.));
#3951 = LINE('',#3952,#3953);
#3952 = CARTESIAN_POINT('',(14.827241335952,3.25,40.));
#3953 = VECTOR('',#3954,1.);
#3954 = DIRECTION('',(0.,0.,1.));
#3955 = ORIENTED_EDGE('',*,*,#3956,.F.);
#3956 = EDGE_CURVE('',#3926,#3949,#3957,.T.);
#3957 = LINE('',#3958,#3959);
#3958 = CARTESIAN_POINT('',(17.827241335952,3.25,40.));
#3959 = VECTOR('',#3960,1.);
#3960 = DIRECTION('',(-1.,0.,0.));
#3961 = ORIENTED_EDGE('',*,*,#3933,.T.);
#3962 = ORIENTED_EDGE('',*,*,#588,.T.);
#3963 = PLANE('',#3964);
#3964 = AXIS2_PLACEMENT_3D('',#3965,#3966,#3967);
#3965 = CARTESIAN_POINT('',(17.827241335952,3.25,40.));
#3966 = DIRECTION('',(0.,1.,0.));
#3967 = DIRECTION('',(-0.,-0.,-1.));
#3968 = ADVANCED_FACE('',(#3969),#3994,.T.);
#3969 = FACE_BOUND('',#3970,.F.);
#3970 = EDGE_LOOP('',(#3971,#3979,#3980,#3986,#3987,#3988));
#3971 = ORIENTED_EDGE('',*,*,#3972,.F.);
#3972 = EDGE_CURVE('',#3887,#3973,#3975,.T.);
#3973 = VERTEX_POINT('',#3974);
#3974 = CARTESIAN_POINT('',(14.827241335952,1.55,41.8));
#3975 = LINE('',#3976,#3977);
#3976 = CARTESIAN_POINT('',(14.827241335952,0.25,41.8));
#3977 = VECTOR('',#3978,1.);
#3978 = DIRECTION('',(0.,1.,0.));
#3979 = ORIENTED_EDGE('',*,*,#3884,.F.);
#3980 = ORIENTED_EDGE('',*,*,#3981,.T.);
#3981 = EDGE_CURVE('',#3885,#3949,#3982,.T.);
#3982 = LINE('',#3983,#3984);
#3983 = CARTESIAN_POINT('',(14.827241335952,0.25,40.));
#3984 = VECTOR('',#3985,1.);
#3985 = DIRECTION('',(0.,1.,0.));
#3986 = ORIENTED_EDGE('',*,*,#3948,.T.);
#3987 = ORIENTED_EDGE('',*,*,#580,.T.);
#3988 = ORIENTED_EDGE('',*,*,#3989,.F.);
#3989 = EDGE_CURVE('',#3973,#573,#3990,.T.);
#3990 = LINE('',#3991,#3992);
#3991 = CARTESIAN_POINT('',(14.827241335952,1.55,40.45));
#3992 = VECTOR('',#3993,1.);
#3993 = DIRECTION('',(-0.,-0.,-1.));
#3994 = PLANE('',#3995);
#3995 = AXIS2_PLACEMENT_3D('',#3996,#3997,#3998);
#3996 = CARTESIAN_POINT('',(14.827241335952,0.25,40.));
#3997 = DIRECTION('',(-1.,0.,0.));
#3998 = DIRECTION('',(0.,0.,-1.));
#3999 = ADVANCED_FACE('',(#4000),#4032,.F.);
#4000 = FACE_BOUND('',#4001,.T.);
#4001 = EDGE_LOOP('',(#4002,#4003,#4011,#4017,#4018,#4019,#4025,#4026));
#4002 = ORIENTED_EDGE('',*,*,#3521,.F.);
#4003 = ORIENTED_EDGE('',*,*,#4004,.F.);
#4004 = EDGE_CURVE('',#4005,#3514,#4007,.T.);
#4005 = VERTEX_POINT('',#4006);
#4006 = CARTESIAN_POINT('',(5.827241335952,1.55,41.8));
#4007 = LINE('',#4008,#4009);
#4008 = CARTESIAN_POINT('',(11.477241335952,1.55,41.8));
#4009 = VECTOR('',#4010,1.);
#4010 = DIRECTION('',(-1.,0.,0.));
#4011 = ORIENTED_EDGE('',*,*,#4012,.T.);
#4012 = EDGE_CURVE('',#4005,#565,#4013,.T.);
#4013 = LINE('',#4014,#4015);
#4014 = CARTESIAN_POINT('',(5.827241335952,1.55,40.45));
#4015 = VECTOR('',#4016,1.);
#4016 = DIRECTION('',(-0.,-0.,-1.));
#4017 = ORIENTED_EDGE('',*,*,#572,.F.);
#4018 = ORIENTED_EDGE('',*,*,#3989,.F.);
#4019 = ORIENTED_EDGE('',*,*,#4020,.F.);
#4020 = EDGE_CURVE('',#3855,#3973,#4021,.T.);
#4021 = LINE('',#4022,#4023);
#4022 = CARTESIAN_POINT('',(17.477241335952,1.55,41.8));
#4023 = VECTOR('',#4024,1.);
#4024 = DIRECTION('',(-1.,0.,0.));
#4025 = ORIENTED_EDGE('',*,*,#3862,.T.);
#4026 = ORIENTED_EDGE('',*,*,#4027,.F.);
#4027 = EDGE_CURVE('',#3522,#3863,#4028,.T.);
#4028 = LINE('',#4029,#4030);
#4029 = CARTESIAN_POINT('',(19.177241335952,1.55,43.5));
#4030 = VECTOR('',#4031,1.);
#4031 = DIRECTION('',(1.,0.,0.));
#4032 = PLANE('',#4033);
#4033 = AXIS2_PLACEMENT_3D('',#4034,#4035,#4036);
#4034 = CARTESIAN_POINT('',(17.127241335952,1.55,40.9));
#4035 = DIRECTION('',(0.,1.,0.));
#4036 = DIRECTION('',(-0.,-0.,-1.));
#4037 = ADVANCED_FACE('',(#4038),#4056,.F.);
#4038 = FACE_BOUND('',#4039,.T.);
#4039 = EDGE_LOOP('',(#4040,#4046,#4047,#4053,#4054,#4055));
#4040 = ORIENTED_EDGE('',*,*,#4041,.F.);
#4041 = EDGE_CURVE('',#3457,#4005,#4042,.T.);
#4042 = LINE('',#4043,#4044);
#4043 = CARTESIAN_POINT('',(5.827241335952,0.25,41.8));
#4044 = VECTOR('',#4045,1.);
#4045 = DIRECTION('',(0.,1.,0.));
#4046 = ORIENTED_EDGE('',*,*,#3456,.F.);
#4047 = ORIENTED_EDGE('',*,*,#4048,.T.);
#4048 = EDGE_CURVE('',#3449,#3393,#4049,.T.);
#4049 = LINE('',#4050,#4051);
#4050 = CARTESIAN_POINT('',(5.827241335952,0.25,40.));
#4051 = VECTOR('',#4052,1.);
#4052 = DIRECTION('',(0.,1.,0.));
#4053 = ORIENTED_EDGE('',*,*,#3392,.F.);
#4054 = ORIENTED_EDGE('',*,*,#564,.T.);
#4055 = ORIENTED_EDGE('',*,*,#4012,.F.);
#4056 = PLANE('',#4057);
#4057 = AXIS2_PLACEMENT_3D('',#4058,#4059,#4060);
#4058 = CARTESIAN_POINT('',(5.827241335952,0.25,40.));
#4059 = DIRECTION('',(-1.,0.,0.));
#4060 = DIRECTION('',(0.,0.,-1.));
#4061 = ADVANCED_FACE('',(#4062),#4112,.F.);
#4062 = FACE_BOUND('',#4063,.T.);
#4063 = EDGE_LOOP('',(#4064,#4065,#4073,#4081,#4089,#4097,#4105,#4111));
#4064 = ORIENTED_EDGE('',*,*,#3385,.F.);
#4065 = ORIENTED_EDGE('',*,*,#4066,.T.);
#4066 = EDGE_CURVE('',#3378,#4067,#4069,.T.);
#4067 = VERTEX_POINT('',#4068);
#4068 = CARTESIAN_POINT('',(7.,20.1,38.5));
#4069 = LINE('',#4070,#4071);
#4070 = CARTESIAN_POINT('',(7.,2.1,38.5));
#4071 = VECTOR('',#4072,1.);
#4072 = DIRECTION('',(0.,1.,0.));
#4073 = ORIENTED_EDGE('',*,*,#4074,.T.);
#4074 = EDGE_CURVE('',#4067,#4075,#4077,.T.);
#4075 = VERTEX_POINT('',#4076);
#4076 = CARTESIAN_POINT('',(7.,20.1,41.));
#4077 = LINE('',#4078,#4079);
#4078 = CARTESIAN_POINT('',(7.,20.1,38.5));
#4079 = VECTOR('',#4080,1.);
#4080 = DIRECTION('',(0.,0.,1.));
#4081 = ORIENTED_EDGE('',*,*,#4082,.T.);
#4082 = EDGE_CURVE('',#4075,#4083,#4085,.T.);
#4083 = VERTEX_POINT('',#4084);
#4084 = CARTESIAN_POINT('',(7.,12.8,41.));
#4085 = LINE('',#4086,#4087);
#4086 = CARTESIAN_POINT('',(7.,1.05,41.));
#4087 = VECTOR('',#4088,1.);
#4088 = DIRECTION('',(0.,-1.,0.));
#4089 = ORIENTED_EDGE('',*,*,#4090,.T.);
#4090 = EDGE_CURVE('',#4083,#4091,#4093,.T.);
#4091 = VERTEX_POINT('',#4092);
#4092 = CARTESIAN_POINT('',(7.,12.8,40.8));
#4093 = LINE('',#4094,#4095);
#4094 = CARTESIAN_POINT('',(7.,12.8,39.65));
#4095 = VECTOR('',#4096,1.);
#4096 = DIRECTION('',(0.,0.,-1.));
#4097 = ORIENTED_EDGE('',*,*,#4098,.F.);
#4098 = EDGE_CURVE('',#4099,#4091,#4101,.T.);
#4099 = VERTEX_POINT('',#4100);
#4100 = CARTESIAN_POINT('',(7.,9.4,40.8));
#4101 = LINE('',#4102,#4103);
#4102 = CARTESIAN_POINT('',(7.,7.961511509968,40.8));
#4103 = VECTOR('',#4104,1.);
#4104 = DIRECTION('',(0.,1.,0.));
#4105 = ORIENTED_EDGE('',*,*,#4106,.F.);
#4106 = EDGE_CURVE('',#541,#4099,#4107,.T.);
#4107 = LINE('',#4108,#4109);
#4108 = CARTESIAN_POINT('',(7.,9.4,39.65));
#4109 = VECTOR('',#4110,1.);
#4110 = DIRECTION('',(0.,0.,-1.));
#4111 = ORIENTED_EDGE('',*,*,#548,.T.);
#4112 = PLANE('',#4113);
#4113 = AXIS2_PLACEMENT_3D('',#4114,#4115,#4116);
#4114 = CARTESIAN_POINT('',(7.,2.1,38.5));
#4115 = DIRECTION('',(-1.,0.,0.));
#4116 = DIRECTION('',(0.,0.,-1.));
#4117 = ADVANCED_FACE('',(#4118),#4143,.F.);
#4118 = FACE_BOUND('',#4119,.F.);
#4119 = EDGE_LOOP('',(#4120,#4126,#4127,#4128,#4136,#4142));
#4120 = ORIENTED_EDGE('',*,*,#4121,.F.);
#4121 = EDGE_CURVE('',#4099,#2697,#4122,.T.);
#4122 = LINE('',#4123,#4124);
#4123 = CARTESIAN_POINT('',(20.,9.4,40.8));
#4124 = VECTOR('',#4125,1.);
#4125 = DIRECTION('',(-1.,0.,0.));
#4126 = ORIENTED_EDGE('',*,*,#4106,.F.);
#4127 = ORIENTED_EDGE('',*,*,#540,.T.);
#4128 = ORIENTED_EDGE('',*,*,#4129,.T.);
#4129 = EDGE_CURVE('',#532,#4130,#4132,.T.);
#4130 = VERTEX_POINT('',#4131);
#4131 = CARTESIAN_POINT('',(20.,9.4,42.2));
#4132 = LINE('',#4133,#4134);
#4133 = CARTESIAN_POINT('',(20.,9.4,40.8));
#4134 = VECTOR('',#4135,1.);
#4135 = DIRECTION('',(0.,0.,1.));
#4136 = ORIENTED_EDGE('',*,*,#4137,.T.);
#4137 = EDGE_CURVE('',#4130,#2695,#4138,.T.);
#4138 = LINE('',#4139,#4140);
#4139 = CARTESIAN_POINT('',(20.,9.4,42.2));
#4140 = VECTOR('',#4141,1.);
#4141 = DIRECTION('',(-1.,0.,0.));
#4142 = ORIENTED_EDGE('',*,*,#2694,.T.);
#4143 = PLANE('',#4144);
#4144 = AXIS2_PLACEMENT_3D('',#4145,#4146,#4147);
#4145 = CARTESIAN_POINT('',(20.,9.4,40.8));
#4146 = DIRECTION('',(0.,-1.,0.));
#4147 = DIRECTION('',(0.,0.,1.));
#4148 = ADVANCED_FACE('',(#4149),#4168,.F.);
#4149 = FACE_BOUND('',#4150,.F.);
#4150 = EDGE_LOOP('',(#4151,#4160,#4161,#4162));
#4151 = ORIENTED_EDGE('',*,*,#4152,.F.);
#4152 = EDGE_CURVE('',#4130,#4153,#4155,.T.);
#4153 = VERTEX_POINT('',#4154);
#4154 = CARTESIAN_POINT('',(20.863853065363,9.635842262096,42.2));
#4155 = CIRCLE('',#4156,1.7);
#4156 = AXIS2_PLACEMENT_3D('',#4157,#4158,#4159);
#4157 = CARTESIAN_POINT('',(20.,11.1,42.2));
#4158 = DIRECTION('',(0.,0.,1.));
#4159 = DIRECTION('',(1.,0.,0.));
#4160 = ORIENTED_EDGE('',*,*,#4129,.F.);
#4161 = ORIENTED_EDGE('',*,*,#531,.T.);
#4162 = ORIENTED_EDGE('',*,*,#4163,.T.);
#4163 = EDGE_CURVE('',#524,#4153,#4164,.T.);
#4164 = LINE('',#4165,#4166);
#4165 = CARTESIAN_POINT('',(20.863853065363,9.635842262096,40.8));
#4166 = VECTOR('',#4167,1.);
#4167 = DIRECTION('',(0.,0.,1.));
#4168 = CYLINDRICAL_SURFACE('',#4169,1.7);
#4169 = AXIS2_PLACEMENT_3D('',#4170,#4171,#4172);
#4170 = CARTESIAN_POINT('',(20.,11.1,40.8));
#4171 = DIRECTION('',(0.,0.,1.));
#4172 = DIRECTION('',(1.,0.,0.));
#4173 = ADVANCED_FACE('',(#4174),#4185,.F.);
#4174 = FACE_BOUND('',#4175,.F.);
#4175 = EDGE_LOOP('',(#4176,#4177,#4178,#4179));
#4176 = ORIENTED_EDGE('',*,*,#4163,.F.);
#4177 = ORIENTED_EDGE('',*,*,#523,.T.);
#4178 = ORIENTED_EDGE('',*,*,#1168,.F.);
#4179 = ORIENTED_EDGE('',*,*,#4180,.T.);
#4180 = EDGE_CURVE('',#1169,#4153,#4181,.T.);
#4181 = LINE('',#4182,#4183);
#4182 = CARTESIAN_POINT('',(30.863853065363,15.535842262096,42.2));
#4183 = VECTOR('',#4184,1.);
#4184 = DIRECTION('',(-0.86126925759,-0.508148861978,0.));
#4185 = PLANE('',#4186);
#4186 = AXIS2_PLACEMENT_3D('',#4187,#4188,#4189);
#4187 = CARTESIAN_POINT('',(30.863853065363,15.535842262096,40.8));
#4188 = DIRECTION('',(0.508148861978,-0.86126925759,0.));
#4189 = DIRECTION('',(0.,0.,1.));
#4190 = ADVANCED_FACE('',(#4191),#4235,.T.);
#4191 = FACE_BOUND('',#4192,.F.);
#4192 = EDGE_LOOP('',(#4193,#4202,#4203,#4204,#4205,#4206,#4207,#4213,
    #4214,#4220,#4221,#4229));
#4193 = ORIENTED_EDGE('',*,*,#4194,.F.);
#4194 = EDGE_CURVE('',#1185,#4195,#4197,.T.);
#4195 = VERTEX_POINT('',#4196);
#4196 = CARTESIAN_POINT('',(29.136146934637,18.464157737904,41.));
#4197 = CIRCLE('',#4198,1.7);
#4198 = AXIS2_PLACEMENT_3D('',#4199,#4200,#4201);
#4199 = CARTESIAN_POINT('',(30.,17.,41.));
#4200 = DIRECTION('',(0.,0.,1.));
#4201 = DIRECTION('',(1.,0.,0.));
#4202 = ORIENTED_EDGE('',*,*,#1192,.T.);
#4203 = ORIENTED_EDGE('',*,*,#1224,.F.);
#4204 = ORIENTED_EDGE('',*,*,#1341,.T.);
#4205 = ORIENTED_EDGE('',*,*,#1631,.F.);
#4206 = ORIENTED_EDGE('',*,*,#1502,.F.);
#4207 = ORIENTED_EDGE('',*,*,#4208,.F.);
#4208 = EDGE_CURVE('',#3345,#1495,#4209,.T.);
#4209 = LINE('',#4210,#4211);
#4210 = CARTESIAN_POINT('',(5.E-02,12.8,41.));
#4211 = VECTOR('',#4212,1.);
#4212 = DIRECTION('',(-1.,0.,0.));
#4213 = ORIENTED_EDGE('',*,*,#3344,.F.);
#4214 = ORIENTED_EDGE('',*,*,#4215,.F.);
#4215 = EDGE_CURVE('',#4075,#3337,#4216,.T.);
#4216 = LINE('',#4217,#4218);
#4217 = CARTESIAN_POINT('',(3.5,20.1,41.));
#4218 = VECTOR('',#4219,1.);
#4219 = DIRECTION('',(-1.,0.,0.));
#4220 = ORIENTED_EDGE('',*,*,#4082,.T.);
#4221 = ORIENTED_EDGE('',*,*,#4222,.T.);
#4222 = EDGE_CURVE('',#4083,#4223,#4225,.T.);
#4223 = VERTEX_POINT('',#4224);
#4224 = CARTESIAN_POINT('',(19.535879582258,12.8,41.));
#4225 = LINE('',#4226,#4227);
#4226 = CARTESIAN_POINT('',(9.943777717793,12.8,41.));
#4227 = VECTOR('',#4228,1.);
#4228 = DIRECTION('',(1.,-1.2E-16,0.));
#4229 = ORIENTED_EDGE('',*,*,#4230,.T.);
#4230 = EDGE_CURVE('',#4223,#4195,#4231,.T.);
#4231 = LINE('',#4232,#4233);
#4232 = CARTESIAN_POINT('',(14.702233350648,9.94814872335,41.));
#4233 = VECTOR('',#4234,1.);
#4234 = DIRECTION('',(0.86126925759,0.508148861978,0.));
#4235 = PLANE('',#4236);
#4236 = AXIS2_PLACEMENT_3D('',#4237,#4238,#4239);
#4237 = CARTESIAN_POINT('',(-0.112444564414,2.0775029818,41.));
#4238 = DIRECTION('',(-0.,-0.,-1.));
#4239 = DIRECTION('',(-1.,0.,0.));
#4240 = ADVANCED_FACE('',(#4241),#4260,.F.);
#4241 = FACE_BOUND('',#4242,.F.);
#4242 = EDGE_LOOP('',(#4243,#4252,#4253,#4254));
#4243 = ORIENTED_EDGE('',*,*,#4244,.F.);
#4244 = EDGE_CURVE('',#1177,#4245,#4247,.T.);
#4245 = VERTEX_POINT('',#4246);
#4246 = CARTESIAN_POINT('',(29.136146934637,18.464157737904,42.2));
#4247 = CIRCLE('',#4248,1.7);
#4248 = AXIS2_PLACEMENT_3D('',#4249,#4250,#4251);
#4249 = CARTESIAN_POINT('',(30.,17.,42.2));
#4250 = DIRECTION('',(0.,0.,1.));
#4251 = DIRECTION('',(1.,0.,0.));
#4252 = ORIENTED_EDGE('',*,*,#1184,.F.);
#4253 = ORIENTED_EDGE('',*,*,#4194,.T.);
#4254 = ORIENTED_EDGE('',*,*,#4255,.T.);
#4255 = EDGE_CURVE('',#4195,#4245,#4256,.T.);
#4256 = LINE('',#4257,#4258);
#4257 = CARTESIAN_POINT('',(29.136146934637,18.464157737904,40.8));
#4258 = VECTOR('',#4259,1.);
#4259 = DIRECTION('',(0.,0.,1.));
#4260 = CYLINDRICAL_SURFACE('',#4261,1.7);
#4261 = AXIS2_PLACEMENT_3D('',#4262,#4263,#4264);
#4262 = CARTESIAN_POINT('',(30.,17.,40.8));
#4263 = DIRECTION('',(0.,0.,1.));
#4264 = DIRECTION('',(1.,0.,0.));
#4265 = ADVANCED_FACE('',(#4266),#4288,.F.);
#4266 = FACE_BOUND('',#4267,.F.);
#4267 = EDGE_LOOP('',(#4268,#4269,#4270,#4271,#4279,#4285,#4286,#4287));
#4268 = ORIENTED_EDGE('',*,*,#4180,.F.);
#4269 = ORIENTED_EDGE('',*,*,#1176,.F.);
#4270 = ORIENTED_EDGE('',*,*,#4244,.T.);
#4271 = ORIENTED_EDGE('',*,*,#4272,.T.);
#4272 = EDGE_CURVE('',#4245,#4273,#4275,.T.);
#4273 = VERTEX_POINT('',#4274);
#4274 = CARTESIAN_POINT('',(19.535879582258,12.8,42.2));
#4275 = LINE('',#4276,#4277);
#4276 = CARTESIAN_POINT('',(29.136146934637,18.464157737904,42.2));
#4277 = VECTOR('',#4278,1.);
#4278 = DIRECTION('',(-0.86126925759,-0.508148861978,0.));
#4279 = ORIENTED_EDGE('',*,*,#4280,.T.);
#4280 = EDGE_CURVE('',#4273,#2705,#4281,.T.);
#4281 = LINE('',#4282,#4283);
#4282 = CARTESIAN_POINT('',(20.,12.8,42.2));
#4283 = VECTOR('',#4284,1.);
#4284 = DIRECTION('',(-1.,0.,0.));
#4285 = ORIENTED_EDGE('',*,*,#2704,.T.);
#4286 = ORIENTED_EDGE('',*,*,#4137,.F.);
#4287 = ORIENTED_EDGE('',*,*,#4152,.T.);
#4288 = PLANE('',#4289);
#4289 = AXIS2_PLACEMENT_3D('',#4290,#4291,#4292);
#4290 = CARTESIAN_POINT('',(24.081692336833,13.948120600475,42.2));
#4291 = DIRECTION('',(0.,0.,1.));
#4292 = DIRECTION('',(1.,0.,0.));
#4293 = ADVANCED_FACE('',(#4294),#4315,.F.);
#4294 = FACE_BOUND('',#4295,.F.);
#4295 = EDGE_LOOP('',(#4296,#4297,#4305,#4312,#4313,#4314));
#4296 = ORIENTED_EDGE('',*,*,#1617,.T.);
#4297 = ORIENTED_EDGE('',*,*,#4298,.T.);
#4298 = EDGE_CURVE('',#1545,#4299,#4301,.T.);
#4299 = VERTEX_POINT('',#4300);
#4300 = CARTESIAN_POINT('',(10.227241335952,22.,48.55));
#4301 = LINE('',#4302,#4303);
#4302 = CARTESIAN_POINT('',(-34.,22.,48.55));
#4303 = VECTOR('',#4304,1.);
#4304 = DIRECTION('',(1.,0.,0.));
#4305 = ORIENTED_EDGE('',*,*,#4306,.F.);
#4306 = EDGE_CURVE('',#4299,#4299,#4307,.T.);
#4307 = CIRCLE('',#4308,2.45);
#4308 = AXIS2_PLACEMENT_3D('',#4309,#4310,#4311);
#4309 = CARTESIAN_POINT('',(10.227241335952,22.,51.));
#4310 = DIRECTION('',(1.,-0.,0.));
#4311 = DIRECTION('',(0.,0.,-1.));
#4312 = ORIENTED_EDGE('',*,*,#4298,.F.);
#4313 = ORIENTED_EDGE('',*,*,#1544,.T.);
#4314 = ORIENTED_EDGE('',*,*,#1518,.T.);
#4315 = CYLINDRICAL_SURFACE('',#4316,2.45);
#4316 = AXIS2_PLACEMENT_3D('',#4317,#4318,#4319);
#4317 = CARTESIAN_POINT('',(-34.,22.,51.));
#4318 = DIRECTION('',(1.,0.,0.));
#4319 = DIRECTION('',(0.,0.,-1.));
#4320 = ADVANCED_FACE('',(#4321),#4339,.F.);
#4321 = FACE_BOUND('',#4322,.T.);
#4322 = EDGE_LOOP('',(#4323,#4329,#4330,#4336,#4337,#4338));
#4323 = ORIENTED_EDGE('',*,*,#4324,.F.);
#4324 = EDGE_CURVE('',#2589,#3353,#4325,.T.);
#4325 = LINE('',#4326,#4327);
#4326 = CARTESIAN_POINT('',(0.1,12.8,40.9));
#4327 = VECTOR('',#4328,1.);
#4328 = DIRECTION('',(-1.,0.,0.));
#4329 = ORIENTED_EDGE('',*,*,#2614,.T.);
#4330 = ORIENTED_EDGE('',*,*,#4331,.T.);
#4331 = EDGE_CURVE('',#2607,#1487,#4332,.T.);
#4332 = LINE('',#4333,#4334);
#4333 = CARTESIAN_POINT('',(0.1,12.8,44.4));
#4334 = VECTOR('',#4335,1.);
#4335 = DIRECTION('',(-1.,0.,0.));
#4336 = ORIENTED_EDGE('',*,*,#1494,.F.);
#4337 = ORIENTED_EDGE('',*,*,#4208,.F.);
#4338 = ORIENTED_EDGE('',*,*,#3352,.F.);
#4339 = PLANE('',#4340);
#4340 = AXIS2_PLACEMENT_3D('',#4341,#4342,#4343);
#4341 = CARTESIAN_POINT('',(0.1,12.8,40.9));
#4342 = DIRECTION('',(0.,1.,0.));
#4343 = DIRECTION('',(-0.,-0.,-1.));
#4344 = ADVANCED_FACE('',(#4345),#4351,.F.);
#4345 = FACE_BOUND('',#4346,.T.);
#4346 = EDGE_LOOP('',(#4347,#4348,#4349,#4350));
#4347 = ORIENTED_EDGE('',*,*,#4331,.F.);
#4348 = ORIENTED_EDGE('',*,*,#2606,.T.);
#4349 = ORIENTED_EDGE('',*,*,#3298,.T.);
#4350 = ORIENTED_EDGE('',*,*,#1486,.F.);
#4351 = PLANE('',#4352);
#4352 = AXIS2_PLACEMENT_3D('',#4353,#4354,#4355);
#4353 = CARTESIAN_POINT('',(0.1,9.4,44.4));
#4354 = DIRECTION('',(0.,0.,1.));
#4355 = DIRECTION('',(1.,0.,0.));
#4356 = ADVANCED_FACE('',(#4357),#4360,.T.);
#4357 = FACE_BOUND('',#4358,.F.);
#4358 = EDGE_LOOP('',(#4359));
#4359 = ORIENTED_EDGE('',*,*,#1647,.T.);
#4360 = PLANE('',#4361);
#4361 = AXIS2_PLACEMENT_3D('',#4362,#4363,#4364);
#4362 = CARTESIAN_POINT('',(26.,-21.,62.6));
#4363 = DIRECTION('',(0.,0.,1.));
#4364 = DIRECTION('',(1.,0.,0.));
#4365 = ADVANCED_FACE('',(#4366),#4471,.T.);
#4366 = FACE_BOUND('',#4367,.F.);
#4367 = EDGE_LOOP('',(#4368,#4376,#4377,#4378,#4379,#4387,#4393,#4394,
    #4402,#4408,#4409,#4417,#4423,#4424,#4425,#4433,#4441,#4447,#4448,
    #4449,#4457,#4465));
#4368 = ORIENTED_EDGE('',*,*,#4369,.T.);
#4369 = EDGE_CURVE('',#4370,#2671,#4372,.T.);
#4370 = VERTEX_POINT('',#4371);
#4371 = CARTESIAN_POINT('',(21.227241335952,9.25,44.1));
#4372 = LINE('',#4373,#4374);
#4373 = CARTESIAN_POINT('',(21.227241335952,9.25,44.1));
#4374 = VECTOR('',#4375,1.);
#4375 = DIRECTION('',(-1.,0.,0.));
#4376 = ORIENTED_EDGE('',*,*,#2670,.T.);
#4377 = ORIENTED_EDGE('',*,*,#2515,.T.);
#4378 = ORIENTED_EDGE('',*,*,#2564,.F.);
#4379 = ORIENTED_EDGE('',*,*,#4380,.T.);
#4380 = EDGE_CURVE('',#2565,#4381,#4383,.T.);
#4381 = VERTEX_POINT('',#4382);
#4382 = CARTESIAN_POINT('',(-4.772758664048,9.25,44.1));
#4383 = LINE('',#4384,#4385);
#4384 = CARTESIAN_POINT('',(21.227241335952,9.25,44.1));
#4385 = VECTOR('',#4386,1.);
#4386 = DIRECTION('',(-1.,0.,0.));
#4387 = ORIENTED_EDGE('',*,*,#4388,.F.);
#4388 = EDGE_CURVE('',#2427,#4381,#4389,.T.);
#4389 = LINE('',#4390,#4391);
#4390 = CARTESIAN_POINT('',(-4.772758664048,-18.75,44.1));
#4391 = VECTOR('',#4392,1.);
#4392 = DIRECTION('',(0.,1.,0.));
#4393 = ORIENTED_EDGE('',*,*,#2426,.T.);
#4394 = ORIENTED_EDGE('',*,*,#4395,.F.);
#4395 = EDGE_CURVE('',#4396,#2419,#4398,.T.);
#4396 = VERTEX_POINT('',#4397);
#4397 = CARTESIAN_POINT('',(-2.272758664048,-5.75,44.1));
#4398 = LINE('',#4399,#4400);
#4399 = CARTESIAN_POINT('',(-2.272758664048,-21.75,44.1));
#4400 = VECTOR('',#4401,1.);
#4401 = DIRECTION('',(0.,-1.,0.));
#4402 = ORIENTED_EDGE('',*,*,#4403,.F.);
#4403 = EDGE_CURVE('',#1689,#4396,#4404,.T.);
#4404 = LINE('',#4405,#4406);
#4405 = CARTESIAN_POINT('',(13.977241335952,-5.75,44.1));
#4406 = VECTOR('',#4407,1.);
#4407 = DIRECTION('',(-1.,0.,0.));
#4408 = ORIENTED_EDGE('',*,*,#1696,.F.);
#4409 = ORIENTED_EDGE('',*,*,#4410,.T.);
#4410 = EDGE_CURVE('',#1697,#4411,#4413,.T.);
#4411 = VERTEX_POINT('',#4412);
#4412 = CARTESIAN_POINT('',(4.527241335952,1.55,44.1));
#4413 = LINE('',#4414,#4415);
#4414 = CARTESIAN_POINT('',(4.527241335952,-14.9,44.1));
#4415 = VECTOR('',#4416,1.);
#4416 = DIRECTION('',(0.,1.,0.));
#4417 = ORIENTED_EDGE('',*,*,#4418,.T.);
#4418 = EDGE_CURVE('',#4411,#1721,#4419,.T.);
#4419 = LINE('',#4420,#4421);
#4420 = CARTESIAN_POINT('',(19.177241335952,1.55,44.1));
#4421 = VECTOR('',#4422,1.);
#4422 = DIRECTION('',(1.,0.,0.));
#4423 = ORIENTED_EDGE('',*,*,#1728,.F.);
#4424 = ORIENTED_EDGE('',*,*,#1792,.F.);
#4425 = ORIENTED_EDGE('',*,*,#4426,.T.);
#4426 = EDGE_CURVE('',#1793,#4427,#4429,.T.);
#4427 = VERTEX_POINT('',#4428);
#4428 = CARTESIAN_POINT('',(17.127241335952,1.55,44.1));
#4429 = LINE('',#4430,#4431);
#4430 = CARTESIAN_POINT('',(19.177241335952,1.55,44.1));
#4431 = VECTOR('',#4432,1.);
#4432 = DIRECTION('',(1.,0.,0.));
#4433 = ORIENTED_EDGE('',*,*,#4434,.F.);
#4434 = EDGE_CURVE('',#4435,#4427,#4437,.T.);
#4435 = VERTEX_POINT('',#4436);
#4436 = CARTESIAN_POINT('',(17.127241335952,-11.05,44.1));
#4437 = LINE('',#4438,#4439);
#4438 = CARTESIAN_POINT('',(17.127241335952,-14.9,44.1));
#4439 = VECTOR('',#4440,1.);
#4440 = DIRECTION('',(0.,1.,0.));
#4441 = ORIENTED_EDGE('',*,*,#4442,.F.);
#4442 = EDGE_CURVE('',#1850,#4435,#4443,.T.);
#4443 = LINE('',#4444,#4445);
#4444 = CARTESIAN_POINT('',(19.177241335952,-11.05,44.1));
#4445 = VECTOR('',#4446,1.);
#4446 = DIRECTION('',(1.,0.,0.));
#4447 = ORIENTED_EDGE('',*,*,#1849,.T.);
#4448 = ORIENTED_EDGE('',*,*,#1768,.T.);
#4449 = ORIENTED_EDGE('',*,*,#4450,.T.);
#4450 = EDGE_CURVE('',#1761,#4451,#4453,.T.);
#4451 = VERTEX_POINT('',#4452);
#4452 = CARTESIAN_POINT('',(6.727241335952,-18.75,44.1));
#4453 = LINE('',#4454,#4455);
#4454 = CARTESIAN_POINT('',(6.727241335952,-21.75,44.1));
#4455 = VECTOR('',#4456,1.);
#4456 = DIRECTION('',(0.,-1.,0.));
#4457 = ORIENTED_EDGE('',*,*,#4458,.F.);
#4458 = EDGE_CURVE('',#4459,#4451,#4461,.T.);
#4459 = VERTEX_POINT('',#4460);
#4460 = CARTESIAN_POINT('',(21.227241335952,-18.75,44.1));
#4461 = LINE('',#4462,#4463);
#4462 = CARTESIAN_POINT('',(21.227241335952,-18.75,44.1));
#4463 = VECTOR('',#4464,1.);
#4464 = DIRECTION('',(-1.,0.,0.));
#4465 = ORIENTED_EDGE('',*,*,#4466,.T.);
#4466 = EDGE_CURVE('',#4459,#4370,#4467,.T.);
#4467 = LINE('',#4468,#4469);
#4468 = CARTESIAN_POINT('',(21.227241335952,-18.75,44.1));
#4469 = VECTOR('',#4470,1.);
#4470 = DIRECTION('',(0.,1.,0.));
#4471 = PLANE('',#4472);
#4472 = AXIS2_PLACEMENT_3D('',#4473,#4474,#4475);
#4473 = CARTESIAN_POINT('',(9.814024393708,-2.745572673247,44.1));
#4474 = DIRECTION('',(-0.,-0.,-1.));
#4475 = DIRECTION('',(-1.,0.,0.));
#4476 = ADVANCED_FACE('',(#4477),#4495,.F.);
#4477 = FACE_BOUND('',#4478,.T.);
#4478 = EDGE_LOOP('',(#4479,#4487,#4488,#4489));
#4479 = ORIENTED_EDGE('',*,*,#4480,.F.);
#4480 = EDGE_CURVE('',#4411,#4481,#4483,.T.);
#4481 = VERTEX_POINT('',#4482);
#4482 = CARTESIAN_POINT('',(4.527241335952,1.55,44.5));
#4483 = LINE('',#4484,#4485);
#4484 = CARTESIAN_POINT('',(4.527241335952,1.55,40.9));
#4485 = VECTOR('',#4486,1.);
#4486 = DIRECTION('',(0.,0.,1.));
#4487 = ORIENTED_EDGE('',*,*,#4418,.T.);
#4488 = ORIENTED_EDGE('',*,*,#1720,.T.);
#4489 = ORIENTED_EDGE('',*,*,#4490,.T.);
#4490 = EDGE_CURVE('',#1713,#4481,#4491,.T.);
#4491 = LINE('',#4492,#4493);
#4492 = CARTESIAN_POINT('',(17.127241335952,1.55,44.5));
#4493 = VECTOR('',#4494,1.);
#4494 = DIRECTION('',(-1.,0.,0.));
#4495 = PLANE('',#4496);
#4496 = AXIS2_PLACEMENT_3D('',#4497,#4498,#4499);
#4497 = CARTESIAN_POINT('',(17.127241335952,1.55,40.9));
#4498 = DIRECTION('',(0.,1.,0.));
#4499 = DIRECTION('',(-0.,-0.,-1.));
#4500 = ADVANCED_FACE('',(#4501),#4511,.F.);
#4501 = FACE_BOUND('',#4502,.T.);
#4502 = EDGE_LOOP('',(#4503,#4504,#4505));
#4503 = ORIENTED_EDGE('',*,*,#4490,.F.);
#4504 = ORIENTED_EDGE('',*,*,#1712,.T.);
#4505 = ORIENTED_EDGE('',*,*,#4506,.T.);
#4506 = EDGE_CURVE('',#1705,#4481,#4507,.T.);
#4507 = LINE('',#4508,#4509);
#4508 = CARTESIAN_POINT('',(4.527241335952,-11.05,44.5));
#4509 = VECTOR('',#4510,1.);
#4510 = DIRECTION('',(0.,1.,0.));
#4511 = PLANE('',#4512);
#4512 = AXIS2_PLACEMENT_3D('',#4513,#4514,#4515);
#4513 = CARTESIAN_POINT('',(17.127241335952,-11.05,44.5));
#4514 = DIRECTION('',(0.,0.,1.));
#4515 = DIRECTION('',(1.,0.,0.));
#4516 = ADVANCED_FACE('',(#4517),#4523,.F.);
#4517 = FACE_BOUND('',#4518,.T.);
#4518 = EDGE_LOOP('',(#4519,#4520,#4521,#4522));
#4519 = ORIENTED_EDGE('',*,*,#4506,.F.);
#4520 = ORIENTED_EDGE('',*,*,#1704,.T.);
#4521 = ORIENTED_EDGE('',*,*,#4410,.T.);
#4522 = ORIENTED_EDGE('',*,*,#4480,.T.);
#4523 = PLANE('',#4524);
#4524 = AXIS2_PLACEMENT_3D('',#4525,#4526,#4527);
#4525 = CARTESIAN_POINT('',(4.527241335952,-11.05,40.9));
#4526 = DIRECTION('',(-1.,0.,0.));
#4527 = DIRECTION('',(0.,0.,-1.));
#4528 = ADVANCED_FACE('',(#4529),#4547,.F.);
#4529 = FACE_BOUND('',#4530,.T.);
#4530 = EDGE_LOOP('',(#4531,#4532,#4533,#4541));
#4531 = ORIENTED_EDGE('',*,*,#4403,.F.);
#4532 = ORIENTED_EDGE('',*,*,#1688,.T.);
#4533 = ORIENTED_EDGE('',*,*,#4534,.T.);
#4534 = EDGE_CURVE('',#1681,#4535,#4537,.T.);
#4535 = VERTEX_POINT('',#4536);
#4536 = CARTESIAN_POINT('',(-2.272758664048,-5.75,46.));
#4537 = LINE('',#4538,#4539);
#4538 = CARTESIAN_POINT('',(6.727241335952,-5.75,46.));
#4539 = VECTOR('',#4540,1.);
#4540 = DIRECTION('',(-1.,0.,0.));
#4541 = ORIENTED_EDGE('',*,*,#4542,.F.);
#4542 = EDGE_CURVE('',#4396,#4535,#4543,.T.);
#4543 = LINE('',#4544,#4545);
#4544 = CARTESIAN_POINT('',(-2.272758664048,-5.75,44.));
#4545 = VECTOR('',#4546,1.);
#4546 = DIRECTION('',(0.,0.,1.));
#4547 = PLANE('',#4548);
#4548 = AXIS2_PLACEMENT_3D('',#4549,#4550,#4551);
#4549 = CARTESIAN_POINT('',(6.727241335952,-5.75,44.));
#4550 = DIRECTION('',(0.,1.,0.));
#4551 = DIRECTION('',(-0.,-0.,-1.));
#4552 = ADVANCED_FACE('',(#4553),#4588,.F.);
#4553 = FACE_BOUND('',#4554,.T.);
#4554 = EDGE_LOOP('',(#4555,#4563,#4571,#4577,#4578,#4579,#4585,#4586,
    #4587));
#4555 = ORIENTED_EDGE('',*,*,#4556,.F.);
#4556 = EDGE_CURVE('',#4557,#1753,#4559,.T.);
#4557 = VERTEX_POINT('',#4558);
#4558 = CARTESIAN_POINT('',(6.727241335952,-24.75,46.));
#4559 = LINE('',#4560,#4561);
#4560 = CARTESIAN_POINT('',(6.727241335952,-24.75,46.));
#4561 = VECTOR('',#4562,1.);
#4562 = DIRECTION('',(0.,1.,0.));
#4563 = ORIENTED_EDGE('',*,*,#4564,.T.);
#4564 = EDGE_CURVE('',#4557,#4565,#4567,.T.);
#4565 = VERTEX_POINT('',#4566);
#4566 = CARTESIAN_POINT('',(-2.272758664048,-24.75,46.));
#4567 = LINE('',#4568,#4569);
#4568 = CARTESIAN_POINT('',(6.727241335952,-24.75,46.));
#4569 = VECTOR('',#4570,1.);
#4570 = DIRECTION('',(-1.,0.,0.));
#4571 = ORIENTED_EDGE('',*,*,#4572,.T.);
#4572 = EDGE_CURVE('',#4565,#2355,#4573,.T.);
#4573 = LINE('',#4574,#4575);
#4574 = CARTESIAN_POINT('',(-2.272758664048,-24.75,46.));
#4575 = VECTOR('',#4576,1.);
#4576 = DIRECTION('',(0.,1.,0.));
#4577 = ORIENTED_EDGE('',*,*,#2362,.F.);
#4578 = ORIENTED_EDGE('',*,*,#2410,.F.);
#4579 = ORIENTED_EDGE('',*,*,#4580,.T.);
#4580 = EDGE_CURVE('',#2411,#4535,#4581,.T.);
#4581 = LINE('',#4582,#4583);
#4582 = CARTESIAN_POINT('',(-2.272758664048,-24.75,46.));
#4583 = VECTOR('',#4584,1.);
#4584 = DIRECTION('',(0.,1.,0.));
#4585 = ORIENTED_EDGE('',*,*,#4534,.F.);
#4586 = ORIENTED_EDGE('',*,*,#1680,.T.);
#4587 = ORIENTED_EDGE('',*,*,#1752,.F.);
#4588 = PLANE('',#4589);
#4589 = AXIS2_PLACEMENT_3D('',#4590,#4591,#4592);
#4590 = CARTESIAN_POINT('',(6.727241335952,-24.75,46.));
#4591 = DIRECTION('',(0.,0.,1.));
#4592 = DIRECTION('',(1.,0.,0.));
#4593 = ADVANCED_FACE('',(#4594),#4621,.T.);
#4594 = FACE_BOUND('',#4595,.F.);
#4595 = EDGE_LOOP('',(#4596,#4597,#4605,#4613,#4619,#4620));
#4596 = ORIENTED_EDGE('',*,*,#4556,.F.);
#4597 = ORIENTED_EDGE('',*,*,#4598,.F.);
#4598 = EDGE_CURVE('',#4599,#4557,#4601,.T.);
#4599 = VERTEX_POINT('',#4600);
#4600 = CARTESIAN_POINT('',(6.727241335952,-24.75,44.));
#4601 = LINE('',#4602,#4603);
#4602 = CARTESIAN_POINT('',(6.727241335952,-24.75,44.));
#4603 = VECTOR('',#4604,1.);
#4604 = DIRECTION('',(0.,0.,1.));
#4605 = ORIENTED_EDGE('',*,*,#4606,.T.);
#4606 = EDGE_CURVE('',#4599,#4607,#4609,.T.);
#4607 = VERTEX_POINT('',#4608);
#4608 = CARTESIAN_POINT('',(6.727241335952,-18.75,44.));
#4609 = LINE('',#4610,#4611);
#4610 = CARTESIAN_POINT('',(6.727241335952,-24.75,44.));
#4611 = VECTOR('',#4612,1.);
#4612 = DIRECTION('',(0.,1.,0.));
#4613 = ORIENTED_EDGE('',*,*,#4614,.T.);
#4614 = EDGE_CURVE('',#4607,#4451,#4615,.T.);
#4615 = LINE('',#4616,#4617);
#4616 = CARTESIAN_POINT('',(6.727241335952,-18.75,43.75));
#4617 = VECTOR('',#4618,1.);
#4618 = DIRECTION('',(0.,0.,1.));
#4619 = ORIENTED_EDGE('',*,*,#4450,.F.);
#4620 = ORIENTED_EDGE('',*,*,#1760,.F.);
#4621 = PLANE('',#4622);
#4622 = AXIS2_PLACEMENT_3D('',#4623,#4624,#4625);
#4623 = CARTESIAN_POINT('',(6.727241335952,-24.75,44.));
#4624 = DIRECTION('',(-1.,0.,0.));
#4625 = DIRECTION('',(0.,0.,-1.));
#4626 = ADVANCED_FACE('',(#4627),#4805,.F.);
#4627 = FACE_BOUND('',#4628,.T.);
#4628 = EDGE_LOOP('',(#4629,#4630,#4631,#4632,#4663,#4704,#4705,#4736,
    #4777,#4778,#4779,#4780,#4781,#4790,#4798));
#4629 = ORIENTED_EDGE('',*,*,#1952,.F.);
#4630 = ORIENTED_EDGE('',*,*,#2021,.T.);
#4631 = ORIENTED_EDGE('',*,*,#2057,.T.);
#4632 = ORIENTED_EDGE('',*,*,#4633,.T.);
#4633 = EDGE_CURVE('',#2058,#4634,#4636,.T.);
#4634 = VERTEX_POINT('',#4635);
#4635 = CARTESIAN_POINT('',(19.227241335952,-11.75,49.010025125787));
#4636 = B_SPLINE_CURVE_WITH_KNOTS('',7,(#4637,#4638,#4639,#4640,#4641,
    #4642,#4643,#4644,#4645,#4646,#4647,#4648,#4649,#4650,#4651,#4652,
    #4653,#4654,#4655,#4656,#4657,#4658,#4659,#4660,#4661,#4662),
  .UNSPECIFIED.,.F.,.F.,(8,6,6,6,8),(0.,0.477648262246,0.600167573223,
    0.733335181283,1.),.UNSPECIFIED.);
#4637 = CARTESIAN_POINT('',(19.827241335952,-13.1782856857,51.));
#4638 = CARTESIAN_POINT('',(19.827241335952,-13.1782856857,
    50.806959837222));
#4639 = CARTESIAN_POINT('',(19.81516504382,-13.16644911785,
    50.613215268539));
#4640 = CARTESIAN_POINT('',(19.790852693072,-13.14261540232,
    50.420706088361));
#4641 = CARTESIAN_POINT('',(19.754621063262,-13.10584725583,
    50.231595643138));
#4642 = CARTESIAN_POINT('',(19.707384341178,-13.05439310839,
    50.048245612395));
#4643 = CARTESIAN_POINT('',(19.650856381854,-12.98568094398,
    49.873360441386));
#4644 = CARTESIAN_POINT('',(19.572305643002,-12.87337465237,
    49.668629023201));
#4645 = CARTESIAN_POINT('',(19.555901691355,-12.84912478667,
    49.627687288669));
#4646 = CARTESIAN_POINT('',(19.539204283698,-12.82352585332,
    49.587696956843));
#4647 = CARTESIAN_POINT('',(19.52229597592,-12.79655647365,
    49.548751403821));
#4648 = CARTESIAN_POINT('',(19.50526571181,-12.76819982843,49.5109386633
    ));
#4649 = CARTESIAN_POINT('',(19.488207658559,-12.73844398143,
    49.4743415975));
#4650 = CARTESIAN_POINT('',(19.452756012334,-12.67341211781,
    49.400666267495));
#4651 = CARTESIAN_POINT('',(19.434377124252,-12.63788466151,
    49.363826629518));
#4652 = CARTESIAN_POINT('',(19.416225130226,-12.60072032179,
    49.3286515434));
#4653 = CARTESIAN_POINT('',(19.398446843078,-12.56195528055,
    49.295258383456));
#4654 = CARTESIAN_POINT('',(19.381190064629,-12.52164188135,
    49.263750371416));
#4655 = CARTESIAN_POINT('',(19.364599514069,-12.47984909696,
    49.234217438771));
#4656 = CARTESIAN_POINT('',(19.317200167092,-12.35018390686,
    49.151708373329));
#4657 = CARTESIAN_POINT('',(19.288873562395,-12.2582880009,
    49.105018717708));
#4658 = CARTESIAN_POINT('',(19.264897195629,-12.16166481767,
    49.067208954596));
#4659 = CARTESIAN_POINT('',(19.24622483564,-12.06125818958,
    49.038641349234));
#4660 = CARTESIAN_POINT('',(19.233555800623,-11.95826287017,
    49.019545529274));
#4661 = CARTESIAN_POINT('',(19.227241335952,-11.85404694133,
    49.010025125787));
#4662 = CARTESIAN_POINT('',(19.227241335952,-11.75,49.010025125787));
#4663 = ORIENTED_EDGE('',*,*,#4664,.T.);
#4664 = EDGE_CURVE('',#4634,#2162,#4665,.T.);
#4665 = B_SPLINE_CURVE_WITH_KNOTS('',7,(#4666,#4667,#4668,#4669,#4670,
    #4671,#4672,#4673,#4674,#4675,#4676,#4677,#4678,#4679,#4680,#4681,
    #4682,#4683,#4684,#4685,#4686,#4687,#4688,#4689,#4690,#4691,#4692,
    #4693,#4694,#4695,#4696,#4697,#4698,#4699,#4700,#4701,#4702,#4703),
  .UNSPECIFIED.,.F.,.F.,(8,6,6,6,6,6,8),(0.,9.207452601435E-02,
    0.270010984126,0.325372287746,0.400599897014,0.521917345176,1.),
  .UNSPECIFIED.);
#4666 = CARTESIAN_POINT('',(19.227241335952,-11.75,49.010025125787));
#4667 = CARTESIAN_POINT('',(19.227241335952,-11.71404167565,
    49.010025125787));
#4668 = CARTESIAN_POINT('',(19.227995592444,-11.67808313241,
    49.011162102391));
#4669 = CARTESIAN_POINT('',(19.229504100798,-11.64217573986,
    49.01343627941));
#4670 = CARTESIAN_POINT('',(19.23176222872,-11.60637053751,
    49.016846582174));
#4671 = CARTESIAN_POINT('',(19.234760716241,-11.57071823485,
    49.021390637526));
#4672 = CARTESIAN_POINT('',(19.238485675728,-11.53526921127,
    49.027064773827));
#4673 = CARTESIAN_POINT('',(19.25148531964,-11.43205690387,
    49.047003745951));
#4674 = CARTESIAN_POINT('',(19.262700540069,-11.36494801391,
    49.064352389884));
#4675 = CARTESIAN_POINT('',(19.27643195842,-11.29914992025,
    49.085871046225));
#4676 = CARTESIAN_POINT('',(19.292473938521,-11.23502693389,
    49.111487960568));
#4677 = CARTESIAN_POINT('',(19.310563785375,-11.17289783449,
    49.141096852143));
#4678 = CARTESIAN_POINT('',(19.330398027767,-11.11302910215,
    49.174555235334));
#4679 = CARTESIAN_POINT('',(19.358260414824,-11.03776901219,
    49.223234208206));
#4680 = CARTESIAN_POINT('',(19.365008522794,-11.0201508855,
    49.235139492035));
#4681 = CARTESIAN_POINT('',(19.371882840657,-11.00278047895,
    49.247392637687));
#4682 = CARTESIAN_POINT('',(19.378873078261,-10.98566387373,
    49.259987327311));
#4683 = CARTESIAN_POINT('',(19.385968839409,-10.9688065224,
    49.272916880208));
#4684 = CARTESIAN_POINT('',(19.393159621863,-10.95221324895,
    49.286174252826));
#4685 = CARTESIAN_POINT('',(19.410320703812,-10.91370505112,
    49.318202189113));
#4686 = CARTESIAN_POINT('',(19.42036269375,-10.89201720065,
    49.337244154831));
#4687 = CARTESIAN_POINT('',(19.430534045311,-10.870835054,49.35685920686
    ));
#4688 = CARTESIAN_POINT('',(19.440808549245,-10.85016678298,
    49.377027981889));
#4689 = CARTESIAN_POINT('',(19.451160528899,-10.83001837455,
    49.397730482352));
#4690 = CARTESIAN_POINT('',(19.46156484021,-10.81039363076,
    49.418946076429));
#4691 = CARTESIAN_POINT('',(19.488820315301,-10.76049300408,
    49.475660445923));
#4692 = CARTESIAN_POINT('',(19.505709598975,-10.73107021054,
    49.511932988065));
#4693 = CARTESIAN_POINT('',(19.522569485051,-10.70301906482,
    49.549395433826));
#4694 = CARTESIAN_POINT('',(19.539308663168,-10.67632785434,
    49.587967289812));
#4695 = CARTESIAN_POINT('',(19.555840856362,-10.65098018507,
    49.627563097631));
#4696 = CARTESIAN_POINT('',(19.572085927133,-10.62695528931,
    49.668092271647));
#4697 = CARTESIAN_POINT('',(19.650570140059,-10.51466691009,
    49.872474936218));
#4698 = CARTESIAN_POINT('',(19.707185752997,-10.44582309744,
    50.047474179551));
#4699 = CARTESIAN_POINT('',(19.754500032172,-10.39427537045,
    50.230962039205));
#4700 = CARTESIAN_POINT('',(19.790792938584,-10.35744317014,
    50.420226945499));
#4701 = CARTESIAN_POINT('',(19.815146106424,-10.33356943702,
    50.612900261806));
#4702 = CARTESIAN_POINT('',(19.827241335952,-10.32171431429,
    50.806808475522));
#4703 = CARTESIAN_POINT('',(19.827241335952,-10.32171431429,51.));
#4704 = ORIENTED_EDGE('',*,*,#2169,.T.);
#4705 = ORIENTED_EDGE('',*,*,#4706,.T.);
#4706 = EDGE_CURVE('',#2170,#4707,#4709,.T.);
#4707 = VERTEX_POINT('',#4708);
#4708 = CARTESIAN_POINT('',(19.227241335952,4.25,49.010025125787));
#4709 = B_SPLINE_CURVE_WITH_KNOTS('',7,(#4710,#4711,#4712,#4713,#4714,
    #4715,#4716,#4717,#4718,#4719,#4720,#4721,#4722,#4723,#4724,#4725,
    #4726,#4727,#4728,#4729,#4730,#4731,#4732,#4733,#4734,#4735),
  .UNSPECIFIED.,.F.,.F.,(8,6,6,6,8),(0.,0.477648262285,0.600167573262,
    0.733335181308,1.),.UNSPECIFIED.);
#4710 = CARTESIAN_POINT('',(19.827241335952,2.821714314291,51.));
#4711 = CARTESIAN_POINT('',(19.827241335952,2.821714314291,
    50.806959837222));
#4712 = CARTESIAN_POINT('',(19.81516504382,2.833550882144,
    50.613215268539));
#4713 = CARTESIAN_POINT('',(19.790852693071,2.857384597672,
    50.420706088359));
#4714 = CARTESIAN_POINT('',(19.754621063262,2.894152744167,
    50.231595643139));
#4715 = CARTESIAN_POINT('',(19.707384341178,2.94560689161,
    50.048245612394));
#4716 = CARTESIAN_POINT('',(19.650856381854,3.014319056019,
    49.873360441386));
#4717 = CARTESIAN_POINT('',(19.572305643003,3.12662534762,
    49.668629023205));
#4718 = CARTESIAN_POINT('',(19.555901691355,3.15087521333,
    49.627687288669));
#4719 = CARTESIAN_POINT('',(19.539204283697,3.176474146675,
    49.58769695684));
#4720 = CARTESIAN_POINT('',(19.522295975919,3.203443526346,
    49.548751403818));
#4721 = CARTESIAN_POINT('',(19.50526571181,3.231800171567,
    49.510938663301));
#4722 = CARTESIAN_POINT('',(19.488207658561,3.261556018561,
    49.474341597504));
#4723 = CARTESIAN_POINT('',(19.452756012334,3.326587882181,
    49.400666267495));
#4724 = CARTESIAN_POINT('',(19.434377124252,3.362115338487,
    49.363826629518));
#4725 = CARTESIAN_POINT('',(19.416225130226,3.399279678206,49.3286515434
    ));
#4726 = CARTESIAN_POINT('',(19.398446843078,3.43804471945,
    49.295258383456));
#4727 = CARTESIAN_POINT('',(19.381190064629,3.478358118647,
    49.263750371416));
#4728 = CARTESIAN_POINT('',(19.364599514069,3.520150903038,
    49.234217438771));
#4729 = CARTESIAN_POINT('',(19.317200167092,3.649816093135,
    49.151708373329));
#4730 = CARTESIAN_POINT('',(19.288873562395,3.741711999095,
    49.105018717708));
#4731 = CARTESIAN_POINT('',(19.264897195629,3.838335182321,
    49.067208954596));
#4732 = CARTESIAN_POINT('',(19.24622483564,3.938741810419,
    49.038641349234));
#4733 = CARTESIAN_POINT('',(19.233555800623,4.041737129824,
    49.019545529274));
#4734 = CARTESIAN_POINT('',(19.227241335952,4.145953058664,
    49.010025125787));
#4735 = CARTESIAN_POINT('',(19.227241335952,4.25,49.010025125787));
#4736 = ORIENTED_EDGE('',*,*,#4737,.T.);
#4737 = EDGE_CURVE('',#4707,#2274,#4738,.T.);
#4738 = B_SPLINE_CURVE_WITH_KNOTS('',7,(#4739,#4740,#4741,#4742,#4743,
    #4744,#4745,#4746,#4747,#4748,#4749,#4750,#4751,#4752,#4753,#4754,
    #4755,#4756,#4757,#4758,#4759,#4760,#4761,#4762,#4763,#4764,#4765,
    #4766,#4767,#4768,#4769,#4770,#4771,#4772,#4773,#4774,#4775,#4776),
  .UNSPECIFIED.,.F.,.F.,(8,6,6,6,6,6,8),(0.,9.207452601435E-02,
    0.270010984126,0.325372287746,0.400599897014,0.521917345176,1.),
  .UNSPECIFIED.);
#4739 = CARTESIAN_POINT('',(19.227241335952,4.25,49.010025125787));
#4740 = CARTESIAN_POINT('',(19.227241335952,4.285958324346,
    49.010025125787));
#4741 = CARTESIAN_POINT('',(19.227995592444,4.321916867586,
    49.011162102391));
#4742 = CARTESIAN_POINT('',(19.229504100798,4.357824260139,
    49.01343627941));
#4743 = CARTESIAN_POINT('',(19.23176222872,4.393629462482,
    49.016846582174));
#4744 = CARTESIAN_POINT('',(19.234760716241,4.429281765149,
    49.021390637526));
#4745 = CARTESIAN_POINT('',(19.238485675728,4.46473078873,
    49.027064773827));
#4746 = CARTESIAN_POINT('',(19.25148531964,4.567943096121,
    49.047003745951));
#4747 = CARTESIAN_POINT('',(19.262700540069,4.635051986089,
    49.064352389884));
#4748 = CARTESIAN_POINT('',(19.27643195842,4.700850079742,
    49.085871046225));
#4749 = CARTESIAN_POINT('',(19.292473938521,4.764973066104,
    49.111487960568));
#4750 = CARTESIAN_POINT('',(19.310563785375,4.827102165509,
    49.141096852143));
#4751 = CARTESIAN_POINT('',(19.330398027767,4.886970897843,
    49.174555235334));
#4752 = CARTESIAN_POINT('',(19.358260414824,4.96223098781,
    49.223234208206));
#4753 = CARTESIAN_POINT('',(19.365008522794,4.979849114491,
    49.235139492035));
#4754 = CARTESIAN_POINT('',(19.371882840657,4.997219521041,
    49.247392637687));
#4755 = CARTESIAN_POINT('',(19.378873078261,5.014336126269,
    49.259987327311));
#4756 = CARTESIAN_POINT('',(19.385968839409,5.031193477594,
    49.272916880208));
#4757 = CARTESIAN_POINT('',(19.393159621863,5.047786751046,
    49.286174252826));
#4758 = CARTESIAN_POINT('',(19.410320703812,5.086294948873,
    49.318202189113));
#4759 = CARTESIAN_POINT('',(19.42036269375,5.107982799347,
    49.337244154831));
#4760 = CARTESIAN_POINT('',(19.430534045311,5.129164945999,
    49.35685920686));
#4761 = CARTESIAN_POINT('',(19.440808549245,5.149833217014,
    49.377027981889));
#4762 = CARTESIAN_POINT('',(19.451160528899,5.169981625449,
    49.397730482352));
#4763 = CARTESIAN_POINT('',(19.46156484021,5.189606369237,
    49.418946076429));
#4764 = CARTESIAN_POINT('',(19.488820315301,5.239506995913,
    49.475660445923));
#4765 = CARTESIAN_POINT('',(19.505709598975,5.268929789458,
    49.511932988065));
#4766 = CARTESIAN_POINT('',(19.522569485051,5.296980935174,
    49.549395433826));
#4767 = CARTESIAN_POINT('',(19.539308663168,5.323672145653,
    49.587967289812));
#4768 = CARTESIAN_POINT('',(19.555840856362,5.349019814928,
    49.627563097631));
#4769 = CARTESIAN_POINT('',(19.572085927133,5.373044710682,
    49.668092271647));
#4770 = CARTESIAN_POINT('',(19.650570140059,5.485333089905,
    49.872474936218));
#4771 = CARTESIAN_POINT('',(19.707185752997,5.554176902555,
    50.047474179551));
#4772 = CARTESIAN_POINT('',(19.754500032172,5.605724629542,
    50.230962039206));
#4773 = CARTESIAN_POINT('',(19.790792938584,5.642556829858,
    50.420226945498));
#4774 = CARTESIAN_POINT('',(19.815146106424,5.666430562975,
    50.612900261806));
#4775 = CARTESIAN_POINT('',(19.827241335952,5.678285685709,
    50.806808475522));
#4776 = CARTESIAN_POINT('',(19.827241335952,5.678285685709,51.));
#4777 = ORIENTED_EDGE('',*,*,#2281,.T.);
#4778 = ORIENTED_EDGE('',*,*,#1994,.F.);
#4779 = ORIENTED_EDGE('',*,*,#1921,.F.);
#4780 = ORIENTED_EDGE('',*,*,#1824,.T.);
#4781 = ORIENTED_EDGE('',*,*,#4782,.F.);
#4782 = EDGE_CURVE('',#4783,#1817,#4785,.T.);
#4783 = VERTEX_POINT('',#4784);
#4784 = CARTESIAN_POINT('',(14.527241335952,-2.838079912316,
    47.826673669476));
#4785 = ELLIPSE('',#4786,7.2,3.6);
#4786 = AXIS2_PLACEMENT_3D('',#4787,#4788,#4789);
#4787 = CARTESIAN_POINT('',(16.227241335952,0.106406460551,51.));
#4788 = DIRECTION('',(0.866025403784,-0.5,0.));
#4789 = DIRECTION('',(0.5,0.866025403784,0.));
#4790 = ORIENTED_EDGE('',*,*,#4791,.F.);
#4791 = EDGE_CURVE('',#4792,#4783,#4794,.T.);
#4792 = VERTEX_POINT('',#4793);
#4793 = CARTESIAN_POINT('',(14.527241335952,-7.45,47.826673669476));
#4794 = LINE('',#4795,#4796);
#4795 = CARTESIAN_POINT('',(14.527241335952,-18.75,47.826673669476));
#4796 = VECTOR('',#4797,1.);
#4797 = DIRECTION('',(0.,1.,0.));
#4798 = ORIENTED_EDGE('',*,*,#4799,.F.);
#4799 = EDGE_CURVE('',#1953,#4792,#4800,.T.);
#4800 = CIRCLE('',#4801,3.6);
#4801 = AXIS2_PLACEMENT_3D('',#4802,#4803,#4804);
#4802 = CARTESIAN_POINT('',(16.227241335952,-7.45,51.));
#4803 = DIRECTION('',(0.,-1.,0.));
#4804 = DIRECTION('',(0.,0.,1.));
#4805 = CYLINDRICAL_SURFACE('',#4806,3.6);
#4806 = AXIS2_PLACEMENT_3D('',#4807,#4808,#4809);
#4807 = CARTESIAN_POINT('',(16.227241335952,-18.75,51.));
#4808 = DIRECTION('',(0.,1.,0.));
#4809 = DIRECTION('',(0.,0.,1.));
#4810 = ADVANCED_FACE('',(#4811),#4845,.T.);
#4811 = FACE_BOUND('',#4812,.F.);
#4812 = EDGE_LOOP('',(#4813,#4814,#4822,#4830,#4838,#4844));
#4813 = ORIENTED_EDGE('',*,*,#4782,.F.);
#4814 = ORIENTED_EDGE('',*,*,#4815,.T.);
#4815 = EDGE_CURVE('',#4783,#4816,#4818,.T.);
#4816 = VERTEX_POINT('',#4817);
#4817 = CARTESIAN_POINT('',(14.527241335952,-2.838079912316,45.5));
#4818 = LINE('',#4819,#4820);
#4819 = CARTESIAN_POINT('',(14.527241335952,-2.838079912316,44.));
#4820 = VECTOR('',#4821,1.);
#4821 = DIRECTION('',(-0.,-0.,-1.));
#4822 = ORIENTED_EDGE('',*,*,#4823,.F.);
#4823 = EDGE_CURVE('',#4824,#4816,#4826,.T.);
#4824 = VERTEX_POINT('',#4825);
#4825 = CARTESIAN_POINT('',(14.866769431633,-2.25,45.5));
#4826 = LINE('',#4827,#4828);
#4827 = CARTESIAN_POINT('',(10.520589775617,-9.777803983042,45.5));
#4828 = VECTOR('',#4829,1.);
#4829 = DIRECTION('',(-0.5,-0.866025403784,0.));
#4830 = ORIENTED_EDGE('',*,*,#4831,.F.);
#4831 = EDGE_CURVE('',#4832,#4824,#4834,.T.);
#4832 = VERTEX_POINT('',#4833);
#4833 = CARTESIAN_POINT('',(14.866769431633,-2.25,44.5));
#4834 = LINE('',#4835,#4836);
#4835 = CARTESIAN_POINT('',(14.866769431633,-2.25,44.));
#4836 = VECTOR('',#4837,1.);
#4837 = DIRECTION('',(0.,0.,1.));
#4838 = ORIENTED_EDGE('',*,*,#4839,.F.);
#4839 = EDGE_CURVE('',#1809,#4832,#4840,.T.);
#4840 = LINE('',#4841,#4842);
#4841 = CARTESIAN_POINT('',(9.872865642022,-10.89969509171,44.5));
#4842 = VECTOR('',#4843,1.);
#4843 = DIRECTION('',(-0.5,-0.866025403784,0.));
#4844 = ORIENTED_EDGE('',*,*,#1816,.T.);
#4845 = PLANE('',#4846);
#4846 = AXIS2_PLACEMENT_3D('',#4847,#4848,#4849);
#4847 = CARTESIAN_POINT('',(8.124355652982,-13.92820323027,44.));
#4848 = DIRECTION('',(-0.866025403784,0.5,0.));
#4849 = DIRECTION('',(0.,0.,-1.));
#4850 = ADVANCED_FACE('',(#4851),#4932,.F.);
#4851 = FACE_BOUND('',#4852,.T.);
#4852 = EDGE_LOOP('',(#4853,#4861,#4869,#4875,#4876,#4884,#4892,#4900,
    #4908,#4916,#4924,#4930,#4931));
#4853 = ORIENTED_EDGE('',*,*,#4854,.F.);
#4854 = EDGE_CURVE('',#4855,#1801,#4857,.T.);
#4855 = VERTEX_POINT('',#4856);
#4856 = CARTESIAN_POINT('',(17.127241335952,1.55,44.5));
#4857 = LINE('',#4858,#4859);
#4858 = CARTESIAN_POINT('',(17.127241335952,1.55,44.5));
#4859 = VECTOR('',#4860,1.);
#4860 = DIRECTION('',(-1.,0.,0.));
#4861 = ORIENTED_EDGE('',*,*,#4862,.F.);
#4862 = EDGE_CURVE('',#4863,#4855,#4865,.T.);
#4863 = VERTEX_POINT('',#4864);
#4864 = CARTESIAN_POINT('',(17.127241335952,-11.05,44.5));
#4865 = LINE('',#4866,#4867);
#4866 = CARTESIAN_POINT('',(17.127241335952,-11.05,44.5));
#4867 = VECTOR('',#4868,1.);
#4868 = DIRECTION('',(0.,1.,0.));
#4869 = ORIENTED_EDGE('',*,*,#4870,.T.);
#4870 = EDGE_CURVE('',#4863,#1858,#4871,.T.);
#4871 = LINE('',#4872,#4873);
#4872 = CARTESIAN_POINT('',(17.127241335952,-11.05,44.5));
#4873 = VECTOR('',#4874,1.);
#4874 = DIRECTION('',(-1.,0.,0.));
#4875 = ORIENTED_EDGE('',*,*,#1865,.F.);
#4876 = ORIENTED_EDGE('',*,*,#4877,.T.);
#4877 = EDGE_CURVE('',#1866,#4878,#4880,.T.);
#4878 = VERTEX_POINT('',#4879);
#4879 = CARTESIAN_POINT('',(12.527241335952,-7.25,44.5));
#4880 = LINE('',#4881,#4882);
#4881 = CARTESIAN_POINT('',(16.427241335952,-7.25,44.5));
#4882 = VECTOR('',#4883,1.);
#4883 = DIRECTION('',(1.,0.,0.));
#4884 = ORIENTED_EDGE('',*,*,#4885,.T.);
#4885 = EDGE_CURVE('',#4878,#4886,#4888,.T.);
#4886 = VERTEX_POINT('',#4887);
#4887 = CARTESIAN_POINT('',(12.527241335952,-7.45,44.5));
#4888 = LINE('',#4889,#4890);
#4889 = CARTESIAN_POINT('',(12.527241335952,-9.25,44.5));
#4890 = VECTOR('',#4891,1.);
#4891 = DIRECTION('',(0.,-1.,0.));
#4892 = ORIENTED_EDGE('',*,*,#4893,.F.);
#4893 = EDGE_CURVE('',#4894,#4886,#4896,.T.);
#4894 = VERTEX_POINT('',#4895);
#4895 = CARTESIAN_POINT('',(14.527241335952,-7.45,44.5));
#4896 = LINE('',#4897,#4898);
#4897 = CARTESIAN_POINT('',(15.827241335952,-7.45,44.5));
#4898 = VECTOR('',#4899,1.);
#4899 = DIRECTION('',(-1.,0.,0.));
#4900 = ORIENTED_EDGE('',*,*,#4901,.F.);
#4901 = EDGE_CURVE('',#4902,#4894,#4904,.T.);
#4902 = VERTEX_POINT('',#4903);
#4903 = CARTESIAN_POINT('',(14.527241335952,-7.25,44.5));
#4904 = LINE('',#4905,#4906);
#4905 = CARTESIAN_POINT('',(14.527241335952,-9.25,44.5));
#4906 = VECTOR('',#4907,1.);
#4907 = DIRECTION('',(0.,-1.,0.));
#4908 = ORIENTED_EDGE('',*,*,#4909,.T.);
#4909 = EDGE_CURVE('',#4902,#4910,#4912,.T.);
#4910 = VERTEX_POINT('',#4911);
#4911 = CARTESIAN_POINT('',(15.727241335952,-7.25,44.5));
#4912 = LINE('',#4913,#4914);
#4913 = CARTESIAN_POINT('',(16.427241335952,-7.25,44.5));
#4914 = VECTOR('',#4915,1.);
#4915 = DIRECTION('',(1.,0.,0.));
#4916 = ORIENTED_EDGE('',*,*,#4917,.T.);
#4917 = EDGE_CURVE('',#4910,#4918,#4920,.T.);
#4918 = VERTEX_POINT('',#4919);
#4919 = CARTESIAN_POINT('',(15.727241335952,-2.25,44.5));
#4920 = LINE('',#4921,#4922);
#4921 = CARTESIAN_POINT('',(15.727241335952,-9.15,44.5));
#4922 = VECTOR('',#4923,1.);
#4923 = DIRECTION('',(0.,1.,0.));
#4924 = ORIENTED_EDGE('',*,*,#4925,.F.);
#4925 = EDGE_CURVE('',#4832,#4918,#4926,.T.);
#4926 = LINE('',#4927,#4928);
#4927 = CARTESIAN_POINT('',(16.427241335952,-2.25,44.5));
#4928 = VECTOR('',#4929,1.);
#4929 = DIRECTION('',(1.,0.,0.));
#4930 = ORIENTED_EDGE('',*,*,#4839,.F.);
#4931 = ORIENTED_EDGE('',*,*,#1808,.T.);
#4932 = PLANE('',#4933);
#4933 = AXIS2_PLACEMENT_3D('',#4934,#4935,#4936);
#4934 = CARTESIAN_POINT('',(17.127241335952,-11.05,44.5));
#4935 = DIRECTION('',(0.,0.,1.));
#4936 = DIRECTION('',(1.,0.,0.));
#4937 = ADVANCED_FACE('',(#4938),#4949,.F.);
#4938 = FACE_BOUND('',#4939,.T.);
#4939 = EDGE_LOOP('',(#4940,#4941,#4947,#4948));
#4940 = ORIENTED_EDGE('',*,*,#4426,.T.);
#4941 = ORIENTED_EDGE('',*,*,#4942,.T.);
#4942 = EDGE_CURVE('',#4427,#4855,#4943,.T.);
#4943 = LINE('',#4944,#4945);
#4944 = CARTESIAN_POINT('',(17.127241335952,1.55,40.9));
#4945 = VECTOR('',#4946,1.);
#4946 = DIRECTION('',(0.,0.,1.));
#4947 = ORIENTED_EDGE('',*,*,#4854,.T.);
#4948 = ORIENTED_EDGE('',*,*,#1800,.T.);
#4949 = PLANE('',#4950);
#4950 = AXIS2_PLACEMENT_3D('',#4951,#4952,#4953);
#4951 = CARTESIAN_POINT('',(17.127241335952,1.55,40.9));
#4952 = DIRECTION('',(0.,1.,0.));
#4953 = DIRECTION('',(-0.,-0.,-1.));
#4954 = ADVANCED_FACE('',(#4955),#4973,.F.);
#4955 = FACE_BOUND('',#4956,.T.);
#4956 = EDGE_LOOP('',(#4957,#4958,#4966,#4972));
#4957 = ORIENTED_EDGE('',*,*,#1968,.T.);
#4958 = ORIENTED_EDGE('',*,*,#4959,.T.);
#4959 = EDGE_CURVE('',#1961,#4960,#4962,.T.);
#4960 = VERTEX_POINT('',#4961);
#4961 = CARTESIAN_POINT('',(12.527241335952,-7.45,52.));
#4962 = LINE('',#4963,#4964);
#4963 = CARTESIAN_POINT('',(14.527241335952,-7.45,52.));
#4964 = VECTOR('',#4965,1.);
#4965 = DIRECTION('',(-1.,0.,0.));
#4966 = ORIENTED_EDGE('',*,*,#4967,.T.);
#4967 = EDGE_CURVE('',#4960,#1890,#4968,.T.);
#4968 = LINE('',#4969,#4970);
#4969 = CARTESIAN_POINT('',(12.527241335952,-7.45,52.));
#4970 = VECTOR('',#4971,1.);
#4971 = DIRECTION('',(0.,1.,0.));
#4972 = ORIENTED_EDGE('',*,*,#1897,.F.);
#4973 = PLANE('',#4974);
#4974 = AXIS2_PLACEMENT_3D('',#4975,#4976,#4977);
#4975 = CARTESIAN_POINT('',(14.527241335952,-7.45,52.));
#4976 = DIRECTION('',(0.,0.,1.));
#4977 = DIRECTION('',(1.,0.,0.));
#4978 = ADVANCED_FACE('',(#4979),#5004,.F.);
#4979 = FACE_BOUND('',#4980,.T.);
#4980 = EDGE_LOOP('',(#4981,#4982,#4988,#4989,#4997,#5003));
#4981 = ORIENTED_EDGE('',*,*,#4967,.F.);
#4982 = ORIENTED_EDGE('',*,*,#4983,.F.);
#4983 = EDGE_CURVE('',#4886,#4960,#4984,.T.);
#4984 = LINE('',#4985,#4986);
#4985 = CARTESIAN_POINT('',(12.527241335952,-7.45,44.));
#4986 = VECTOR('',#4987,1.);
#4987 = DIRECTION('',(0.,0.,1.));
#4988 = ORIENTED_EDGE('',*,*,#4885,.F.);
#4989 = ORIENTED_EDGE('',*,*,#4990,.T.);
#4990 = EDGE_CURVE('',#4878,#4991,#4993,.T.);
#4991 = VERTEX_POINT('',#4992);
#4992 = CARTESIAN_POINT('',(12.527241335952,-7.25,45.5));
#4993 = LINE('',#4994,#4995);
#4994 = CARTESIAN_POINT('',(12.527241335952,-7.25,44.));
#4995 = VECTOR('',#4996,1.);
#4996 = DIRECTION('',(0.,0.,1.));
#4997 = ORIENTED_EDGE('',*,*,#4998,.F.);
#4998 = EDGE_CURVE('',#1882,#4991,#4999,.T.);
#4999 = LINE('',#5000,#5001);
#5000 = CARTESIAN_POINT('',(12.527241335952,-7.35,45.5));
#5001 = VECTOR('',#5002,1.);
#5002 = DIRECTION('',(0.,-1.,0.));
#5003 = ORIENTED_EDGE('',*,*,#1889,.F.);
#5004 = PLANE('',#5005);
#5005 = AXIS2_PLACEMENT_3D('',#5006,#5007,#5008);
#5006 = CARTESIAN_POINT('',(12.527241335952,-7.45,44.));
#5007 = DIRECTION('',(-1.,0.,0.));
#5008 = DIRECTION('',(0.,0.,-1.));
#5009 = ADVANCED_FACE('',(#5010),#5020,.F.);
#5010 = FACE_BOUND('',#5011,.T.);
#5011 = EDGE_LOOP('',(#5012,#5013,#5019));
#5012 = ORIENTED_EDGE('',*,*,#4998,.T.);
#5013 = ORIENTED_EDGE('',*,*,#5014,.T.);
#5014 = EDGE_CURVE('',#4991,#1874,#5015,.T.);
#5015 = LINE('',#5016,#5017);
#5016 = CARTESIAN_POINT('',(15.727241335952,-7.25,45.5));
#5017 = VECTOR('',#5018,1.);
#5018 = DIRECTION('',(-1.,0.,0.));
#5019 = ORIENTED_EDGE('',*,*,#1881,.F.);
#5020 = PLANE('',#5021);
#5021 = AXIS2_PLACEMENT_3D('',#5022,#5023,#5024);
#5022 = CARTESIAN_POINT('',(15.727241335952,-7.25,45.5));
#5023 = DIRECTION('',(0.,0.,1.));
#5024 = DIRECTION('',(1.,0.,0.));
#5025 = ADVANCED_FACE('',(#5026),#5032,.T.);
#5026 = FACE_BOUND('',#5027,.F.);
#5027 = EDGE_LOOP('',(#5028,#5029,#5030,#5031));
#5028 = ORIENTED_EDGE('',*,*,#5014,.T.);
#5029 = ORIENTED_EDGE('',*,*,#1873,.F.);
#5030 = ORIENTED_EDGE('',*,*,#4877,.T.);
#5031 = ORIENTED_EDGE('',*,*,#4990,.T.);
#5032 = PLANE('',#5033);
#5033 = AXIS2_PLACEMENT_3D('',#5034,#5035,#5036);
#5034 = CARTESIAN_POINT('',(15.727241335952,-7.25,44.));
#5035 = DIRECTION('',(0.,1.,0.));
#5036 = DIRECTION('',(-0.,-0.,-1.));
#5037 = ADVANCED_FACE('',(#5038),#5049,.T.);
#5038 = FACE_BOUND('',#5039,.F.);
#5039 = EDGE_LOOP('',(#5040,#5041,#5047,#5048));
#5040 = ORIENTED_EDGE('',*,*,#4442,.T.);
#5041 = ORIENTED_EDGE('',*,*,#5042,.T.);
#5042 = EDGE_CURVE('',#4435,#4863,#5043,.T.);
#5043 = LINE('',#5044,#5045);
#5044 = CARTESIAN_POINT('',(17.127241335952,-11.05,40.9));
#5045 = VECTOR('',#5046,1.);
#5046 = DIRECTION('',(0.,0.,1.));
#5047 = ORIENTED_EDGE('',*,*,#4870,.T.);
#5048 = ORIENTED_EDGE('',*,*,#1857,.F.);
#5049 = PLANE('',#5050);
#5050 = AXIS2_PLACEMENT_3D('',#5051,#5052,#5053);
#5051 = CARTESIAN_POINT('',(17.127241335952,-11.05,40.9));
#5052 = DIRECTION('',(0.,1.,0.));
#5053 = DIRECTION('',(-0.,-0.,-1.));
#5054 = ADVANCED_FACE('',(#5055),#5068,.T.);
#5055 = FACE_BOUND('',#5056,.F.);
#5056 = EDGE_LOOP('',(#5057,#5058,#5059,#5065,#5066,#5067));
#5057 = ORIENTED_EDGE('',*,*,#4983,.F.);
#5058 = ORIENTED_EDGE('',*,*,#4893,.F.);
#5059 = ORIENTED_EDGE('',*,*,#5060,.T.);
#5060 = EDGE_CURVE('',#4894,#4792,#5061,.T.);
#5061 = LINE('',#5062,#5063);
#5062 = CARTESIAN_POINT('',(14.527241335952,-7.45,44.));
#5063 = VECTOR('',#5064,1.);
#5064 = DIRECTION('',(0.,0.,1.));
#5065 = ORIENTED_EDGE('',*,*,#4799,.F.);
#5066 = ORIENTED_EDGE('',*,*,#1960,.T.);
#5067 = ORIENTED_EDGE('',*,*,#4959,.T.);
#5068 = PLANE('',#5069);
#5069 = AXIS2_PLACEMENT_3D('',#5070,#5071,#5072);
#5070 = CARTESIAN_POINT('',(14.527241335952,-7.45,44.));
#5071 = DIRECTION('',(0.,1.,0.));
#5072 = DIRECTION('',(-0.,-0.,-1.));
#5073 = ADVANCED_FACE('',(#5074),#5093,.F.);
#5074 = FACE_BOUND('',#5075,.F.);
#5075 = EDGE_LOOP('',(#5076,#5085,#5091,#5092));
#5076 = ORIENTED_EDGE('',*,*,#5077,.F.);
#5077 = EDGE_CURVE('',#5078,#5078,#5080,.T.);
#5078 = VERTEX_POINT('',#5079);
#5079 = CARTESIAN_POINT('',(16.227241335952,16.,48.55));
#5080 = CIRCLE('',#5081,2.45);
#5081 = AXIS2_PLACEMENT_3D('',#5082,#5083,#5084);
#5082 = CARTESIAN_POINT('',(16.227241335952,16.,51.));
#5083 = DIRECTION('',(-8.E-16,1.,0.));
#5084 = DIRECTION('',(1.,8.E-16,0.));
#5085 = ORIENTED_EDGE('',*,*,#5086,.T.);
#5086 = EDGE_CURVE('',#5078,#2004,#5087,.T.);
#5087 = LINE('',#5088,#5089);
#5088 = CARTESIAN_POINT('',(16.227241335952,16.,48.55));
#5089 = VECTOR('',#5090,1.);
#5090 = DIRECTION('',(0.,-1.,0.));
#5091 = ORIENTED_EDGE('',*,*,#2003,.F.);
#5092 = ORIENTED_EDGE('',*,*,#5086,.F.);
#5093 = CYLINDRICAL_SURFACE('',#5094,2.45);
#5094 = AXIS2_PLACEMENT_3D('',#5095,#5096,#5097);
#5095 = CARTESIAN_POINT('',(16.227241335952,16.,51.));
#5096 = DIRECTION('',(0.,-1.,0.));
#5097 = DIRECTION('',(0.,0.,-1.));
#5098 = ADVANCED_FACE('',(#5099),#5110,.F.);
#5099 = FACE_BOUND('',#5100,.F.);
#5100 = EDGE_LOOP('',(#5101,#5102,#5108,#5109));
#5101 = ORIENTED_EDGE('',*,*,#2039,.T.);
#5102 = ORIENTED_EDGE('',*,*,#5103,.T.);
#5103 = EDGE_CURVE('',#2040,#2860,#5104,.T.);
#5104 = LINE('',#5105,#5106);
#5105 = CARTESIAN_POINT('',(18.677241335952,-16.75,51.));
#5106 = VECTOR('',#5107,1.);
#5107 = DIRECTION('',(0.,-1.,0.));
#5108 = ORIENTED_EDGE('',*,*,#2859,.F.);
#5109 = ORIENTED_EDGE('',*,*,#5103,.F.);
#5110 = CYLINDRICAL_SURFACE('',#5111,2.45);
#5111 = AXIS2_PLACEMENT_3D('',#5112,#5113,#5114);
#5112 = CARTESIAN_POINT('',(16.227241335952,-16.75,51.));
#5113 = DIRECTION('',(0.,-1.,0.));
#5114 = DIRECTION('',(1.,0.,0.));
#5115 = ADVANCED_FACE('',(#5116),#5193,.T.);
#5116 = FACE_BOUND('',#5117,.F.);
#5117 = EDGE_LOOP('',(#5118,#5127,#5128,#5129,#5130,#5131,#5140,#5148));
#5118 = ORIENTED_EDGE('',*,*,#5119,.F.);
#5119 = EDGE_CURVE('',#2178,#5120,#5122,.T.);
#5120 = VERTEX_POINT('',#5121);
#5121 = CARTESIAN_POINT('',(19.476856697806,3.282449681648,52.));
#5122 = CIRCLE('',#5123,2.);
#5123 = AXIS2_PLACEMENT_3D('',#5124,#5125,#5126);
#5124 = CARTESIAN_POINT('',(21.227241335952,4.25,52.));
#5125 = DIRECTION('',(0.,0.,-1.));
#5126 = DIRECTION('',(-1.,0.,0.));
#5127 = ORIENTED_EDGE('',*,*,#2177,.F.);
#5128 = ORIENTED_EDGE('',*,*,#4706,.T.);
#5129 = ORIENTED_EDGE('',*,*,#4737,.T.);
#5130 = ORIENTED_EDGE('',*,*,#2273,.T.);
#5131 = ORIENTED_EDGE('',*,*,#5132,.F.);
#5132 = EDGE_CURVE('',#5133,#2266,#5135,.T.);
#5133 = VERTEX_POINT('',#5134);
#5134 = CARTESIAN_POINT('',(19.227241335952,4.25,52.));
#5135 = CIRCLE('',#5136,2.);
#5136 = AXIS2_PLACEMENT_3D('',#5137,#5138,#5139);
#5137 = CARTESIAN_POINT('',(21.227241335952,4.25,52.));
#5138 = DIRECTION('',(0.,0.,-1.));
#5139 = DIRECTION('',(-1.,0.,0.));
#5140 = ORIENTED_EDGE('',*,*,#5141,.F.);
#5141 = EDGE_CURVE('',#5142,#5133,#5144,.T.);
#5142 = VERTEX_POINT('',#5143);
#5143 = CARTESIAN_POINT('',(19.227241335952,4.25,49.4));
#5144 = LINE('',#5145,#5146);
#5145 = CARTESIAN_POINT('',(19.227241335952,4.25,41.));
#5146 = VECTOR('',#5147,1.);
#5147 = DIRECTION('',(0.,0.,1.));
#5148 = ORIENTED_EDGE('',*,*,#5149,.F.);
#5149 = EDGE_CURVE('',#5120,#5142,#5150,.T.);
#5150 = B_SPLINE_CURVE_WITH_KNOTS('',6,(#5151,#5152,#5153,#5154,#5155,
    #5156,#5157,#5158,#5159,#5160,#5161,#5162,#5163,#5164,#5165,#5166,
    #5167,#5168,#5169,#5170,#5171,#5172,#5173,#5174,#5175,#5176,#5177,
    #5178,#5179,#5180,#5181,#5182,#5183,#5184,#5185,#5186,#5187,#5188,
    #5189,#5190,#5191,#5192),.UNSPECIFIED.,.F.,.F.,(7,5,5,5,5,5,5,5,7),(
    0.,9.270583282535E-02,0.313645637118,0.482321855731,0.551312998029,
    0.652536590802,0.747211691054,0.808496479813,1.),.UNSPECIFIED.);
#5151 = CARTESIAN_POINT('',(19.476856513169,3.282450015673,52.0000006));
#5152 = CARTESIAN_POINT('',(19.490331383474,3.258072765038,
    51.95621248322));
#5153 = CARTESIAN_POINT('',(19.503373455168,3.235440721566,
    51.911312031444));
#5154 = CARTESIAN_POINT('',(19.515886990956,3.21450203736,51.86541734103
    ));
#5155 = CARTESIAN_POINT('',(19.527789278418,3.195206159653,
    51.818645573326));
#5156 = CARTESIAN_POINT('',(19.539010630012,3.17750383081,
    51.771112954671));
#5157 = CARTESIAN_POINT('',(19.574479632416,3.122841770877,
    51.608114845904));
#5158 = CARTESIAN_POINT('',(19.595261107849,3.093137303686,
    51.489693816997));
#5159 = CARTESIAN_POINT('',(19.611179597585,3.071415433092,
    51.368780118445));
#5160 = CARTESIAN_POINT('',(19.621892452571,3.057131922413,
    51.246305587327));
#5161 = CARTESIAN_POINT('',(19.627241335952,3.05,51.123106060347));
#5162 = CARTESIAN_POINT('',(19.627241335952,3.05,50.906014831442));
#5163 = CARTESIAN_POINT('',(19.624123259532,3.054156690607,
    50.812008095141));
#5164 = CARTESIAN_POINT('',(19.617886550985,3.062474155093,
    50.71832716255));
#5165 = CARTESIAN_POINT('',(19.608580024234,3.075049990111,
    50.625324651337));
#5166 = CARTESIAN_POINT('',(19.596317519723,3.092076450512,
    50.533380492963));
#5167 = CARTESIAN_POINT('',(19.575148533526,3.12274386937,
    50.405925917114));
#5168 = CARTESIAN_POINT('',(19.568542643627,3.132437418824,
    50.369182351349));
#5169 = CARTESIAN_POINT('',(19.561489776878,3.1429411271,50.332725893197
    ));
#5170 = CARTESIAN_POINT('',(19.554007439165,3.154274948769,
    50.296592456428));
#5171 = CARTESIAN_POINT('',(19.546116757006,3.166459908382,
    50.260821278349));
#5172 = CARTESIAN_POINT('',(19.525702480061,3.19867703992,
    50.173565506816));
#5173 = CARTESIAN_POINT('',(19.512732008713,3.219723295881,
    50.122526178378));
#5174 = CARTESIAN_POINT('',(19.499015490396,3.242717990595,
    50.072500540089));
#5175 = CARTESIAN_POINT('',(19.484657263462,3.267721802114,
    50.023651433364));
#5176 = CARTESIAN_POINT('',(19.469780820546,3.294794374948,
    49.976140981517));
#5177 = CARTESIAN_POINT('',(19.440262034852,3.351304082581,
    49.887096853218));
#5178 = CARTESIAN_POINT('',(19.4256664724,3.380475595408,49.845374315829
    ));
#5179 = CARTESIAN_POINT('',(19.410874146355,3.411523886425,
    49.805146489689));
#5180 = CARTESIAN_POINT('',(19.396034008963,3.444450032789,
    49.766583781335));
#5181 = CARTESIAN_POINT('',(19.381305727295,3.479239518047,
    49.729844259175));
#5182 = CARTESIAN_POINT('',(19.357499529058,3.539566996986,
    49.672567242419));
#5183 = CARTESIAN_POINT('',(19.348262577796,3.564035466548,
    49.650890286325));
#5184 = CARTESIAN_POINT('',(19.339191987586,3.589249173657,
    49.630090550536));
#5185 = CARTESIAN_POINT('',(19.330335801576,3.615185970874,
    49.610211262603));
#5186 = CARTESIAN_POINT('',(19.321741492826,3.641818976958,
    49.591291833635));
#5187 = CARTESIAN_POINT('',(19.287565234975,3.754416478844,
    49.517358782613));
#5188 = CARTESIAN_POINT('',(19.264702720759,3.846157164587,
    49.47110180677));
#5189 = CARTESIAN_POINT('',(19.246291737669,3.943286097973,
    49.435714902576));
#5190 = CARTESIAN_POINT('',(19.233582619568,4.044283811023,
    49.41189116202));
#5191 = CARTESIAN_POINT('',(19.227241335952,4.14719037794,49.4));
#5192 = CARTESIAN_POINT('',(19.227241335952,4.25,49.4));
#5193 = CYLINDRICAL_SURFACE('',#5194,2.);
#5194 = AXIS2_PLACEMENT_3D('',#5195,#5196,#5197);
#5195 = CARTESIAN_POINT('',(21.227241335952,4.25,41.));
#5196 = DIRECTION('',(0.,0.,1.));
#5197 = DIRECTION('',(-1.,0.,0.));
#5198 = ADVANCED_FACE('',(#5199,#5241),#5261,.T.);
#5199 = FACE_BOUND('',#5200,.F.);
#5200 = EDGE_LOOP('',(#5201,#5202,#5210,#5218,#5224,#5225,#5226,#5234,
    #5240));
#5201 = ORIENTED_EDGE('',*,*,#2265,.F.);
#5202 = ORIENTED_EDGE('',*,*,#5203,.F.);
#5203 = EDGE_CURVE('',#5204,#2258,#5206,.T.);
#5204 = VERTEX_POINT('',#5205);
#5205 = CARTESIAN_POINT('',(22.727241335952,6.25,52.));
#5206 = LINE('',#5207,#5208);
#5207 = CARTESIAN_POINT('',(22.727241335952,6.25,52.));
#5208 = VECTOR('',#5209,1.);
#5209 = DIRECTION('',(-1.,0.,0.));
#5210 = ORIENTED_EDGE('',*,*,#5211,.F.);
#5211 = EDGE_CURVE('',#5212,#5204,#5214,.T.);
#5212 = VERTEX_POINT('',#5213);
#5213 = CARTESIAN_POINT('',(22.727241335952,2.25,52.));
#5214 = LINE('',#5215,#5216);
#5215 = CARTESIAN_POINT('',(22.727241335952,2.25,52.));
#5216 = VECTOR('',#5217,1.);
#5217 = DIRECTION('',(0.,1.,0.));
#5218 = ORIENTED_EDGE('',*,*,#5219,.T.);
#5219 = EDGE_CURVE('',#5212,#2186,#5220,.T.);
#5220 = LINE('',#5221,#5222);
#5221 = CARTESIAN_POINT('',(22.727241335952,2.25,52.));
#5222 = VECTOR('',#5223,1.);
#5223 = DIRECTION('',(-1.,0.,0.));
#5224 = ORIENTED_EDGE('',*,*,#2185,.F.);
#5225 = ORIENTED_EDGE('',*,*,#5119,.T.);
#5226 = ORIENTED_EDGE('',*,*,#5227,.T.);
#5227 = EDGE_CURVE('',#5120,#5228,#5230,.T.);
#5228 = VERTEX_POINT('',#5229);
#5229 = CARTESIAN_POINT('',(19.476856697807,4.25,52.));
#5230 = LINE('',#5231,#5232);
#5231 = CARTESIAN_POINT('',(19.476856697807,-13.75,52.));
#5232 = VECTOR('',#5233,1.);
#5233 = DIRECTION('',(0.,1.,0.));
#5234 = ORIENTED_EDGE('',*,*,#5235,.T.);
#5235 = EDGE_CURVE('',#5228,#5133,#5236,.T.);
#5236 = LINE('',#5237,#5238);
#5237 = CARTESIAN_POINT('',(19.477241335952,4.25,52.));
#5238 = VECTOR('',#5239,1.);
#5239 = DIRECTION('',(-1.,-0.,-0.));
#5240 = ORIENTED_EDGE('',*,*,#5132,.T.);
#5241 = FACE_BOUND('',#5242,.F.);
#5242 = EDGE_LOOP('',(#5243,#5254));
#5243 = ORIENTED_EDGE('',*,*,#5244,.F.);
#5244 = EDGE_CURVE('',#5245,#5247,#5249,.T.);
#5245 = VERTEX_POINT('',#5246);
#5246 = CARTESIAN_POINT('',(20.327241335952,4.25,52.));
#5247 = VERTEX_POINT('',#5248);
#5248 = CARTESIAN_POINT('',(22.127241335952,4.25,52.));
#5249 = CIRCLE('',#5250,0.9);
#5250 = AXIS2_PLACEMENT_3D('',#5251,#5252,#5253);
#5251 = CARTESIAN_POINT('',(21.227241335952,4.25,52.));
#5252 = DIRECTION('',(0.,0.,-1.));
#5253 = DIRECTION('',(-1.,0.,0.));
#5254 = ORIENTED_EDGE('',*,*,#5255,.F.);
#5255 = EDGE_CURVE('',#5247,#5245,#5256,.T.);
#5256 = CIRCLE('',#5257,0.9);
#5257 = AXIS2_PLACEMENT_3D('',#5258,#5259,#5260);
#5258 = CARTESIAN_POINT('',(21.227241335952,4.25,52.));
#5259 = DIRECTION('',(0.,0.,-1.));
#5260 = DIRECTION('',(-1.,0.,0.));
#5261 = PLANE('',#5262);
#5262 = AXIS2_PLACEMENT_3D('',#5263,#5264,#5265);
#5263 = CARTESIAN_POINT('',(21.265514755005,4.25,52.));
#5264 = DIRECTION('',(0.,0.,1.));
#5265 = DIRECTION('',(1.,0.,0.));
#5266 = ADVANCED_FACE('',(#5267),#5296,.T.);
#5267 = FACE_BOUND('',#5268,.F.);
#5268 = EDGE_LOOP('',(#5269,#5277,#5285,#5291,#5292,#5293,#5294,#5295));
#5269 = ORIENTED_EDGE('',*,*,#5270,.F.);
#5270 = EDGE_CURVE('',#5271,#2250,#5273,.T.);
#5271 = VERTEX_POINT('',#5272);
#5272 = CARTESIAN_POINT('',(22.927241335952,6.45,52.));
#5273 = LINE('',#5274,#5275);
#5274 = CARTESIAN_POINT('',(22.927241335952,6.45,52.));
#5275 = VECTOR('',#5276,1.);
#5276 = DIRECTION('',(-1.,0.,0.));
#5277 = ORIENTED_EDGE('',*,*,#5278,.F.);
#5278 = EDGE_CURVE('',#5279,#5271,#5281,.T.);
#5279 = VERTEX_POINT('',#5280);
#5280 = CARTESIAN_POINT('',(22.927241335952,2.05,52.));
#5281 = LINE('',#5282,#5283);
#5282 = CARTESIAN_POINT('',(22.927241335952,2.05,52.));
#5283 = VECTOR('',#5284,1.);
#5284 = DIRECTION('',(0.,1.,0.));
#5285 = ORIENTED_EDGE('',*,*,#5286,.T.);
#5286 = EDGE_CURVE('',#5279,#2194,#5287,.T.);
#5287 = LINE('',#5288,#5289);
#5288 = CARTESIAN_POINT('',(22.927241335952,2.05,52.));
#5289 = VECTOR('',#5290,1.);
#5290 = DIRECTION('',(-1.,0.,0.));
#5291 = ORIENTED_EDGE('',*,*,#2193,.F.);
#5292 = ORIENTED_EDGE('',*,*,#5219,.F.);
#5293 = ORIENTED_EDGE('',*,*,#5211,.T.);
#5294 = ORIENTED_EDGE('',*,*,#5203,.T.);
#5295 = ORIENTED_EDGE('',*,*,#2257,.F.);
#5296 = PLANE('',#5297);
#5297 = AXIS2_PLACEMENT_3D('',#5298,#5299,#5300);
#5298 = CARTESIAN_POINT('',(21.265514755005,4.25,52.));
#5299 = DIRECTION('',(0.,0.,1.));
#5300 = DIRECTION('',(1.,0.,0.));
#5301 = ADVANCED_FACE('',(#5302),#5320,.F.);
#5302 = FACE_BOUND('',#5303,.T.);
#5303 = EDGE_LOOP('',(#5304,#5305,#5313,#5319));
#5304 = ORIENTED_EDGE('',*,*,#5270,.F.);
#5305 = ORIENTED_EDGE('',*,*,#5306,.T.);
#5306 = EDGE_CURVE('',#5271,#5307,#5309,.T.);
#5307 = VERTEX_POINT('',#5308);
#5308 = CARTESIAN_POINT('',(22.927241335952,6.45,54.4));
#5309 = LINE('',#5310,#5311);
#5310 = CARTESIAN_POINT('',(22.927241335952,6.45,52.));
#5311 = VECTOR('',#5312,1.);
#5312 = DIRECTION('',(0.,0.,1.));
#5313 = ORIENTED_EDGE('',*,*,#5314,.T.);
#5314 = EDGE_CURVE('',#5307,#2242,#5315,.T.);
#5315 = LINE('',#5316,#5317);
#5316 = CARTESIAN_POINT('',(22.927241335952,6.45,54.4));
#5317 = VECTOR('',#5318,1.);
#5318 = DIRECTION('',(-1.,0.,0.));
#5319 = ORIENTED_EDGE('',*,*,#2249,.F.);
#5320 = PLANE('',#5321);
#5321 = AXIS2_PLACEMENT_3D('',#5322,#5323,#5324);
#5322 = CARTESIAN_POINT('',(22.927241335952,6.45,52.));
#5323 = DIRECTION('',(0.,1.,0.));
#5324 = DIRECTION('',(-0.,-0.,-1.));
#5325 = ADVANCED_FACE('',(#5326),#5361,.F.);
#5326 = FACE_BOUND('',#5327,.T.);
#5327 = EDGE_LOOP('',(#5328,#5329,#5337,#5343,#5344,#5353,#5360));
#5328 = ORIENTED_EDGE('',*,*,#5314,.F.);
#5329 = ORIENTED_EDGE('',*,*,#5330,.F.);
#5330 = EDGE_CURVE('',#5331,#5307,#5333,.T.);
#5331 = VERTEX_POINT('',#5332);
#5332 = CARTESIAN_POINT('',(22.927241335952,2.05,54.4));
#5333 = LINE('',#5334,#5335);
#5334 = CARTESIAN_POINT('',(22.927241335952,2.05,54.4));
#5335 = VECTOR('',#5336,1.);
#5336 = DIRECTION('',(0.,1.,0.));
#5337 = ORIENTED_EDGE('',*,*,#5338,.T.);
#5338 = EDGE_CURVE('',#5331,#2202,#5339,.T.);
#5339 = LINE('',#5340,#5341);
#5340 = CARTESIAN_POINT('',(22.927241335952,2.05,54.4));
#5341 = VECTOR('',#5342,1.);
#5342 = DIRECTION('',(-1.,0.,0.));
#5343 = ORIENTED_EDGE('',*,*,#2209,.F.);
#5344 = ORIENTED_EDGE('',*,*,#5345,.T.);
#5345 = EDGE_CURVE('',#2210,#5346,#5348,.T.);
#5346 = VERTEX_POINT('',#5347);
#5347 = CARTESIAN_POINT('',(22.727241335952,4.25,54.4));
#5348 = CIRCLE('',#5349,1.5);
#5349 = AXIS2_PLACEMENT_3D('',#5350,#5351,#5352);
#5350 = CARTESIAN_POINT('',(21.227241335952,4.25,54.4));
#5351 = DIRECTION('',(0.,0.,1.));
#5352 = DIRECTION('',(1.,0.,0.));
#5353 = ORIENTED_EDGE('',*,*,#5354,.T.);
#5354 = EDGE_CURVE('',#5346,#2234,#5355,.T.);
#5355 = CIRCLE('',#5356,1.5);
#5356 = AXIS2_PLACEMENT_3D('',#5357,#5358,#5359);
#5357 = CARTESIAN_POINT('',(21.227241335952,4.25,54.4));
#5358 = DIRECTION('',(0.,0.,1.));
#5359 = DIRECTION('',(1.,0.,0.));
#5360 = ORIENTED_EDGE('',*,*,#2241,.F.);
#5361 = PLANE('',#5362);
#5362 = AXIS2_PLACEMENT_3D('',#5363,#5364,#5365);
#5363 = CARTESIAN_POINT('',(22.927241335952,2.05,54.4));
#5364 = DIRECTION('',(0.,0.,1.));
#5365 = DIRECTION('',(1.,0.,0.));
#5366 = ADVANCED_FACE('',(#5367),#5386,.F.);
#5367 = FACE_BOUND('',#5368,.F.);
#5368 = EDGE_LOOP('',(#5369,#5378,#5384,#5385));
#5369 = ORIENTED_EDGE('',*,*,#5370,.F.);
#5370 = EDGE_CURVE('',#5371,#2226,#5373,.T.);
#5371 = VERTEX_POINT('',#5372);
#5372 = CARTESIAN_POINT('',(22.727241335952,4.25,56.3));
#5373 = CIRCLE('',#5374,1.5);
#5374 = AXIS2_PLACEMENT_3D('',#5375,#5376,#5377);
#5375 = CARTESIAN_POINT('',(21.227241335952,4.25,56.3));
#5376 = DIRECTION('',(0.,0.,1.));
#5377 = DIRECTION('',(1.,0.,0.));
#5378 = ORIENTED_EDGE('',*,*,#5379,.F.);
#5379 = EDGE_CURVE('',#5346,#5371,#5380,.T.);
#5380 = LINE('',#5381,#5382);
#5381 = CARTESIAN_POINT('',(22.727241335952,4.25,54.3));
#5382 = VECTOR('',#5383,1.);
#5383 = DIRECTION('',(0.,0.,1.));
#5384 = ORIENTED_EDGE('',*,*,#5354,.T.);
#5385 = ORIENTED_EDGE('',*,*,#2233,.T.);
#5386 = CYLINDRICAL_SURFACE('',#5387,1.5);
#5387 = AXIS2_PLACEMENT_3D('',#5388,#5389,#5390);
#5388 = CARTESIAN_POINT('',(21.227241335952,4.25,54.3));
#5389 = DIRECTION('',(0.,0.,1.));
#5390 = DIRECTION('',(1.,0.,0.));
#5391 = ADVANCED_FACE('',(#5392),#5403,.F.);
#5392 = FACE_BOUND('',#5393,.F.);
#5393 = EDGE_LOOP('',(#5394,#5401,#5402));
#5394 = ORIENTED_EDGE('',*,*,#5395,.T.);
#5395 = EDGE_CURVE('',#2218,#5371,#5396,.T.);
#5396 = CIRCLE('',#5397,1.5);
#5397 = AXIS2_PLACEMENT_3D('',#5398,#5399,#5400);
#5398 = CARTESIAN_POINT('',(21.227241335952,4.25,56.3));
#5399 = DIRECTION('',(0.,0.,1.));
#5400 = DIRECTION('',(1.,0.,0.));
#5401 = ORIENTED_EDGE('',*,*,#5370,.T.);
#5402 = ORIENTED_EDGE('',*,*,#2225,.T.);
#5403 = PLANE('',#5404);
#5404 = AXIS2_PLACEMENT_3D('',#5405,#5406,#5407);
#5405 = CARTESIAN_POINT('',(21.227241335952,4.25,56.3));
#5406 = DIRECTION('',(0.,0.,1.));
#5407 = DIRECTION('',(1.,0.,0.));
#5408 = ADVANCED_FACE('',(#5409),#5415,.F.);
#5409 = FACE_BOUND('',#5410,.F.);
#5410 = EDGE_LOOP('',(#5411,#5412,#5413,#5414));
#5411 = ORIENTED_EDGE('',*,*,#5379,.T.);
#5412 = ORIENTED_EDGE('',*,*,#5395,.F.);
#5413 = ORIENTED_EDGE('',*,*,#2217,.F.);
#5414 = ORIENTED_EDGE('',*,*,#5345,.T.);
#5415 = CYLINDRICAL_SURFACE('',#5416,1.5);
#5416 = AXIS2_PLACEMENT_3D('',#5417,#5418,#5419);
#5417 = CARTESIAN_POINT('',(21.227241335952,4.25,54.3));
#5418 = DIRECTION('',(0.,0.,1.));
#5419 = DIRECTION('',(1.,0.,0.));
#5420 = ADVANCED_FACE('',(#5421),#5432,.T.);
#5421 = FACE_BOUND('',#5422,.F.);
#5422 = EDGE_LOOP('',(#5423,#5424,#5430,#5431));
#5423 = ORIENTED_EDGE('',*,*,#5286,.F.);
#5424 = ORIENTED_EDGE('',*,*,#5425,.T.);
#5425 = EDGE_CURVE('',#5279,#5331,#5426,.T.);
#5426 = LINE('',#5427,#5428);
#5427 = CARTESIAN_POINT('',(22.927241335952,2.05,52.));
#5428 = VECTOR('',#5429,1.);
#5429 = DIRECTION('',(0.,0.,1.));
#5430 = ORIENTED_EDGE('',*,*,#5338,.T.);
#5431 = ORIENTED_EDGE('',*,*,#2201,.F.);
#5432 = PLANE('',#5433);
#5433 = AXIS2_PLACEMENT_3D('',#5434,#5435,#5436);
#5434 = CARTESIAN_POINT('',(22.927241335952,2.05,52.));
#5435 = DIRECTION('',(0.,1.,0.));
#5436 = DIRECTION('',(-0.,-0.,-1.));
#5437 = ADVANCED_FACE('',(#5438),#5559,.T.);
#5438 = FACE_BOUND('',#5439,.F.);
#5439 = EDGE_LOOP('',(#5440,#5449,#5450,#5451,#5452,#5453,#5462,#5514));
#5440 = ORIENTED_EDGE('',*,*,#5441,.F.);
#5441 = EDGE_CURVE('',#2066,#5442,#5444,.T.);
#5442 = VERTEX_POINT('',#5443);
#5443 = CARTESIAN_POINT('',(19.476856697806,-12.71755031835,52.));
#5444 = CIRCLE('',#5445,2.);
#5445 = AXIS2_PLACEMENT_3D('',#5446,#5447,#5448);
#5446 = CARTESIAN_POINT('',(21.227241335952,-11.75,52.));
#5447 = DIRECTION('',(0.,0.,-1.));
#5448 = DIRECTION('',(-1.,0.,0.));
#5449 = ORIENTED_EDGE('',*,*,#2065,.F.);
#5450 = ORIENTED_EDGE('',*,*,#4633,.T.);
#5451 = ORIENTED_EDGE('',*,*,#4664,.T.);
#5452 = ORIENTED_EDGE('',*,*,#2161,.T.);
#5453 = ORIENTED_EDGE('',*,*,#5454,.F.);
#5454 = EDGE_CURVE('',#5455,#2154,#5457,.T.);
#5455 = VERTEX_POINT('',#5456);
#5456 = CARTESIAN_POINT('',(19.476856697806,-10.78244968164,52.));
#5457 = CIRCLE('',#5458,2.);
#5458 = AXIS2_PLACEMENT_3D('',#5459,#5460,#5461);
#5459 = CARTESIAN_POINT('',(21.227241335952,-11.75,52.));
#5460 = DIRECTION('',(0.,0.,-1.));
#5461 = DIRECTION('',(-1.,0.,0.));
#5462 = ORIENTED_EDGE('',*,*,#5463,.F.);
#5463 = EDGE_CURVE('',#5464,#5455,#5466,.T.);
#5464 = VERTEX_POINT('',#5465);
#5465 = CARTESIAN_POINT('',(19.227241335952,-11.75,49.4));
#5466 = B_SPLINE_CURVE_WITH_KNOTS('',6,(#5467,#5468,#5469,#5470,#5471,
    #5472,#5473,#5474,#5475,#5476,#5477,#5478,#5479,#5480,#5481,#5482,
    #5483,#5484,#5485,#5486,#5487,#5488,#5489,#5490,#5491,#5492,#5493,
    #5494,#5495,#5496,#5497,#5498,#5499,#5500,#5501,#5502,#5503,#5504,
    #5505,#5506,#5507,#5508,#5509,#5510,#5511,#5512,#5513),
  .UNSPECIFIED.,.F.,.F.,(7,5,5,5,5,5,5,5,5,7),(0.,0.191199767301,
    0.251139713424,0.346487146134,0.447282305367,0.514689691673,
    0.686262497372,0.843707109355,0.90691383485,1.),.UNSPECIFIED.);
#5467 = CARTESIAN_POINT('',(19.227241335952,-11.75,49.4));
#5468 = CARTESIAN_POINT('',(19.227241335952,-11.64733812899,49.4));
#5469 = CARTESIAN_POINT('',(19.233564453784,-11.54458195645,
    49.411856998397));
#5470 = CARTESIAN_POINT('',(19.246236370745,-11.44372799599,
    49.435611245225));
#5471 = CARTESIAN_POINT('',(19.264595066434,-11.3467262925,
    49.47089494839));
#5472 = CARTESIAN_POINT('',(19.28739760779,-11.25508911061,49.5170195813
    ));
#5473 = CARTESIAN_POINT('',(19.321327077809,-11.14314727064,
    49.590388126215));
#5474 = CARTESIAN_POINT('',(19.329721379414,-11.11706518169,
    49.60885235048));
#5475 = CARTESIAN_POINT('',(19.338368101991,-11.09164809314,
    49.62823649454));
#5476 = CARTESIAN_POINT('',(19.347222815881,-11.06692139309,
    49.648503747467));
#5477 = CARTESIAN_POINT('',(19.356240537591,-11.04290611932,
    49.669613795429));
#5478 = CARTESIAN_POINT('',(19.37990722642,-10.98257570069,
    49.726373860819));
#5479 = CARTESIAN_POINT('',(19.394731264187,-10.94738814764,
    49.763233974245));
#5480 = CARTESIAN_POINT('',(19.409678931668,-10.91408953311,
    49.801953905277));
#5481 = CARTESIAN_POINT('',(19.42458648708,-10.88269579557,
    49.842372368378));
#5482 = CARTESIAN_POINT('',(19.439301062669,-10.8532066743,
    49.884315284561));
#5483 = CARTESIAN_POINT('',(19.468893587706,-10.79643000175,
    49.973347559602));
#5484 = CARTESIAN_POINT('',(19.483733286425,-10.76936363034,
    50.020595431465));
#5485 = CARTESIAN_POINT('',(19.498064510528,-10.74435118982,
    50.069178569381));
#5486 = CARTESIAN_POINT('',(19.511764380562,-10.72133433665,
    50.118936076201));
#5487 = CARTESIAN_POINT('',(19.524728903368,-10.70025348276,
    50.169706162038));
#5488 = CARTESIAN_POINT('',(19.544995746546,-10.66820487185,
    50.255847228985));
#5489 = CARTESIAN_POINT('',(19.552753326929,-10.65619675845,
    50.290758265757));
#5490 = CARTESIAN_POINT('',(19.560123150394,-10.64500349087,
    50.32601914214));
#5491 = CARTESIAN_POINT('',(19.567085198807,-10.63460541064,
    50.361592927818));
#5492 = CARTESIAN_POINT('',(19.573622809747,-10.62498376364,
    50.397445816026));
#5493 = CARTESIAN_POINT('',(19.595248738436,-10.59356144114,
    50.525436202197));
#5494 = CARTESIAN_POINT('',(19.607930872452,-10.57592733761,
    50.618894424288));
#5495 = CARTESIAN_POINT('',(19.61756011939,-10.56290953549,
    50.713467417186));
#5496 = CARTESIAN_POINT('',(19.624014382327,-10.55430190616,
    50.80875507551));
#5497 = CARTESIAN_POINT('',(19.627241335952,-10.55,50.904387343937));
#5498 = CARTESIAN_POINT('',(19.627241335952,-10.55,51.087739414607));
#5499 = CARTESIAN_POINT('',(19.624524267919,-10.55362223687,
    51.175488425759));
#5500 = CARTESIAN_POINT('',(19.619089262691,-10.56087018844,
    51.262977445713));
#5501 = CARTESIAN_POINT('',(19.610974129097,-10.5718174426,
    51.349916968637));
#5502 = CARTESIAN_POINT('',(19.600264615232,-10.5866102725,
    51.435997378648));
#5503 = CARTESIAN_POINT('',(19.581820159173,-10.61304160477,
    51.554968718006));
#5504 = CARTESIAN_POINT('',(19.576142331429,-10.62126746881,
    51.588852605599));
#5505 = CARTESIAN_POINT('',(19.570079852302,-10.63016152862,
    51.622516371151));
#5506 = CARTESIAN_POINT('',(19.563644741776,-10.63973849291,
    51.655933761429));
#5507 = CARTESIAN_POINT('',(19.556851374013,-10.65001405451,
    51.689076319458));
#5508 = CARTESIAN_POINT('',(19.539208732127,-10.67719137612,
    51.770273372111));
#5509 = CARTESIAN_POINT('',(19.52795739197,-10.69493366443,
    51.817984706003));
#5510 = CARTESIAN_POINT('',(19.51601957251,-10.71428022262,
    51.864930967612));
#5511 = CARTESIAN_POINT('',(19.503465597279,-10.73528083975,
    51.910994769496));
#5512 = CARTESIAN_POINT('',(19.490378997716,-10.75798662659,
    51.956057755349));
#5513 = CARTESIAN_POINT('',(19.476856513169,-10.78245001567,52.0000006)
  );
#5514 = ORIENTED_EDGE('',*,*,#5515,.F.);
#5515 = EDGE_CURVE('',#5442,#5464,#5516,.T.);
#5516 = B_SPLINE_CURVE_WITH_KNOTS('',6,(#5517,#5518,#5519,#5520,#5521,
    #5522,#5523,#5524,#5525,#5526,#5527,#5528,#5529,#5530,#5531,#5532,
    #5533,#5534,#5535,#5536,#5537,#5538,#5539,#5540,#5541,#5542,#5543,
    #5544,#5545,#5546,#5547,#5548,#5549,#5550,#5551,#5552,#5553,#5554,
    #5555,#5556,#5557,#5558),.UNSPECIFIED.,.F.,.F.,(7,5,5,5,5,5,5,5,7),(
    0.,9.270555714929E-02,0.313644704164,0.482320420981,0.551311358036,
    0.652534649677,0.748513329597,0.809916272203,1.),.UNSPECIFIED.);
#5517 = CARTESIAN_POINT('',(19.476856513169,-12.71754998432,52.0000006)
  );
#5518 = CARTESIAN_POINT('',(19.490331383456,-12.74192723493,
    51.956212483277));
#5519 = CARTESIAN_POINT('',(19.50337345517,-12.76455927843,
    51.911312031427));
#5520 = CARTESIAN_POINT('',(19.515886990971,-12.78549796266,
    51.865417340971));
#5521 = CARTESIAN_POINT('',(19.527789278424,-12.80479384035,
    51.818645573312));
#5522 = CARTESIAN_POINT('',(19.539010629999,-12.82249616917,
    51.771112954731));
#5523 = CARTESIAN_POINT('',(19.574479632416,-12.87715822912,
    51.608114845904));
#5524 = CARTESIAN_POINT('',(19.595261107849,-12.90686269631,
    51.489693816998));
#5525 = CARTESIAN_POINT('',(19.611179597585,-12.9285845669,
    51.368780118445));
#5526 = CARTESIAN_POINT('',(19.621892452571,-12.94286807758,
    51.246305587327));
#5527 = CARTESIAN_POINT('',(19.627241335952,-12.95,51.123106060346));
#5528 = CARTESIAN_POINT('',(19.627241335952,-12.95,50.906014831442));
#5529 = CARTESIAN_POINT('',(19.624123259532,-12.94584330939,
    50.81200809514));
#5530 = CARTESIAN_POINT('',(19.617886550985,-12.9375258449,
    50.718327162549));
#5531 = CARTESIAN_POINT('',(19.608580024234,-12.92495000988,
    50.625324651337));
#5532 = CARTESIAN_POINT('',(19.596317519723,-12.90792354948,
    50.533380492963));
#5533 = CARTESIAN_POINT('',(19.575148533526,-12.87725613063,
    50.405925917114));
#5534 = CARTESIAN_POINT('',(19.568542643627,-12.86756258117,
    50.369182351349));
#5535 = CARTESIAN_POINT('',(19.561489776878,-12.8570588729,
    50.332725893197));
#5536 = CARTESIAN_POINT('',(19.554007439165,-12.84572505123,
    50.296592456428));
#5537 = CARTESIAN_POINT('',(19.546116757006,-12.83354009161,
    50.260821278349));
#5538 = CARTESIAN_POINT('',(19.525702480061,-12.80132296008,
    50.173565506816));
#5539 = CARTESIAN_POINT('',(19.512732008713,-12.78027670411,
    50.122526178378));
#5540 = CARTESIAN_POINT('',(19.499015490396,-12.7572820094,
    50.072500540089));
#5541 = CARTESIAN_POINT('',(19.484657263462,-12.73227819788,
    50.023651433364));
#5542 = CARTESIAN_POINT('',(19.469780820546,-12.70520562505,
    49.976140981517));
#5543 = CARTESIAN_POINT('',(19.440065563315,-12.64831979933,
    49.886504192092));
#5544 = CARTESIAN_POINT('',(19.425264372788,-12.61872051903,
    49.844225303673));
#5545 = CARTESIAN_POINT('',(19.410262854328,-12.58719220954,
    49.803485240392));
#5546 = CARTESIAN_POINT('',(19.395216477113,-12.55373405359,
    49.764461447671));
#5547 = CARTESIAN_POINT('',(19.380291945647,-12.51836176073,
    49.727318326802));
#5548 = CARTESIAN_POINT('',(19.356301321994,-12.45727581615,
    49.669745980384));
#5549 = CARTESIAN_POINT('',(19.347063530152,-12.43267865019,
    49.64812117739));
#5550 = CARTESIAN_POINT('',(19.337996937624,-12.40733508289,
    49.627380784523));
#5551 = CARTESIAN_POINT('',(19.329149889175,-12.38126779351,
    49.607568116702));
#5552 = CARTESIAN_POINT('',(19.320570101605,-12.35450425231,
    49.588722625441));
#5553 = CARTESIAN_POINT('',(19.286717531064,-12.24216991883,
    49.515644565841));
#5554 = CARTESIAN_POINT('',(19.26415731132,-12.15095320562,
    49.470053713706));
#5555 = CARTESIAN_POINT('',(19.246009971629,-12.05446374236,
    49.435186928393));
#5556 = CARTESIAN_POINT('',(19.233489161948,-11.95419066854,
    49.411715777997));
#5557 = CARTESIAN_POINT('',(19.227241335952,-11.85204868554,49.4));
#5558 = CARTESIAN_POINT('',(19.227241335952,-11.75,49.4));
#5559 = CYLINDRICAL_SURFACE('',#5560,2.);
#5560 = AXIS2_PLACEMENT_3D('',#5561,#5562,#5563);
#5561 = CARTESIAN_POINT('',(21.227241335952,-11.75,41.));
#5562 = DIRECTION('',(0.,0.,1.));
#5563 = DIRECTION('',(-1.,0.,0.));
#5564 = ADVANCED_FACE('',(#5565,#5599),#5619,.T.);
#5565 = FACE_BOUND('',#5566,.F.);
#5566 = EDGE_LOOP('',(#5567,#5568,#5576,#5584,#5590,#5591,#5592,#5598));
#5567 = ORIENTED_EDGE('',*,*,#2153,.F.);
#5568 = ORIENTED_EDGE('',*,*,#5569,.F.);
#5569 = EDGE_CURVE('',#5570,#2146,#5572,.T.);
#5570 = VERTEX_POINT('',#5571);
#5571 = CARTESIAN_POINT('',(22.727241335952,-9.75,52.));
#5572 = LINE('',#5573,#5574);
#5573 = CARTESIAN_POINT('',(22.727241335952,-9.75,52.));
#5574 = VECTOR('',#5575,1.);
#5575 = DIRECTION('',(-1.,0.,0.));
#5576 = ORIENTED_EDGE('',*,*,#5577,.F.);
#5577 = EDGE_CURVE('',#5578,#5570,#5580,.T.);
#5578 = VERTEX_POINT('',#5579);
#5579 = CARTESIAN_POINT('',(22.727241335952,-13.75,52.));
#5580 = LINE('',#5581,#5582);
#5581 = CARTESIAN_POINT('',(22.727241335952,-13.75,52.));
#5582 = VECTOR('',#5583,1.);
#5583 = DIRECTION('',(0.,1.,0.));
#5584 = ORIENTED_EDGE('',*,*,#5585,.T.);
#5585 = EDGE_CURVE('',#5578,#2074,#5586,.T.);
#5586 = LINE('',#5587,#5588);
#5587 = CARTESIAN_POINT('',(22.727241335952,-13.75,52.));
#5588 = VECTOR('',#5589,1.);
#5589 = DIRECTION('',(-1.,0.,0.));
#5590 = ORIENTED_EDGE('',*,*,#2073,.F.);
#5591 = ORIENTED_EDGE('',*,*,#5441,.T.);
#5592 = ORIENTED_EDGE('',*,*,#5593,.T.);
#5593 = EDGE_CURVE('',#5442,#5455,#5594,.T.);
#5594 = LINE('',#5595,#5596);
#5595 = CARTESIAN_POINT('',(19.476856697807,-13.75,52.));
#5596 = VECTOR('',#5597,1.);
#5597 = DIRECTION('',(0.,1.,0.));
#5598 = ORIENTED_EDGE('',*,*,#5454,.T.);
#5599 = FACE_BOUND('',#5600,.F.);
#5600 = EDGE_LOOP('',(#5601,#5612));
#5601 = ORIENTED_EDGE('',*,*,#5602,.F.);
#5602 = EDGE_CURVE('',#5603,#5605,#5607,.T.);
#5603 = VERTEX_POINT('',#5604);
#5604 = CARTESIAN_POINT('',(20.327241335952,-11.75,52.));
#5605 = VERTEX_POINT('',#5606);
#5606 = CARTESIAN_POINT('',(22.127241335952,-11.75,52.));
#5607 = CIRCLE('',#5608,0.9);
#5608 = AXIS2_PLACEMENT_3D('',#5609,#5610,#5611);
#5609 = CARTESIAN_POINT('',(21.227241335952,-11.75,52.));
#5610 = DIRECTION('',(0.,0.,-1.));
#5611 = DIRECTION('',(-1.,0.,0.));
#5612 = ORIENTED_EDGE('',*,*,#5613,.F.);
#5613 = EDGE_CURVE('',#5605,#5603,#5614,.T.);
#5614 = CIRCLE('',#5615,0.9);
#5615 = AXIS2_PLACEMENT_3D('',#5616,#5617,#5618);
#5616 = CARTESIAN_POINT('',(21.227241335952,-11.75,52.));
#5617 = DIRECTION('',(0.,0.,-1.));
#5618 = DIRECTION('',(-1.,0.,0.));
#5619 = PLANE('',#5620);
#5620 = AXIS2_PLACEMENT_3D('',#5621,#5622,#5623);
#5621 = CARTESIAN_POINT('',(21.265514755005,-11.75,52.));
#5622 = DIRECTION('',(0.,0.,1.));
#5623 = DIRECTION('',(1.,0.,0.));
#5624 = ADVANCED_FACE('',(#5625),#5654,.T.);
#5625 = FACE_BOUND('',#5626,.F.);
#5626 = EDGE_LOOP('',(#5627,#5635,#5643,#5649,#5650,#5651,#5652,#5653));
#5627 = ORIENTED_EDGE('',*,*,#5628,.F.);
#5628 = EDGE_CURVE('',#5629,#2138,#5631,.T.);
#5629 = VERTEX_POINT('',#5630);
#5630 = CARTESIAN_POINT('',(22.927241335952,-9.55,52.));
#5631 = LINE('',#5632,#5633);
#5632 = CARTESIAN_POINT('',(22.927241335952,-9.55,52.));
#5633 = VECTOR('',#5634,1.);
#5634 = DIRECTION('',(-1.,0.,0.));
#5635 = ORIENTED_EDGE('',*,*,#5636,.F.);
#5636 = EDGE_CURVE('',#5637,#5629,#5639,.T.);
#5637 = VERTEX_POINT('',#5638);
#5638 = CARTESIAN_POINT('',(22.927241335952,-13.95,52.));
#5639 = LINE('',#5640,#5641);
#5640 = CARTESIAN_POINT('',(22.927241335952,-13.95,52.));
#5641 = VECTOR('',#5642,1.);
#5642 = DIRECTION('',(0.,1.,0.));
#5643 = ORIENTED_EDGE('',*,*,#5644,.T.);
#5644 = EDGE_CURVE('',#5637,#2082,#5645,.T.);
#5645 = LINE('',#5646,#5647);
#5646 = CARTESIAN_POINT('',(22.927241335952,-13.95,52.));
#5647 = VECTOR('',#5648,1.);
#5648 = DIRECTION('',(-1.,0.,0.));
#5649 = ORIENTED_EDGE('',*,*,#2081,.F.);
#5650 = ORIENTED_EDGE('',*,*,#5585,.F.);
#5651 = ORIENTED_EDGE('',*,*,#5577,.T.);
#5652 = ORIENTED_EDGE('',*,*,#5569,.T.);
#5653 = ORIENTED_EDGE('',*,*,#2145,.F.);
#5654 = PLANE('',#5655);
#5655 = AXIS2_PLACEMENT_3D('',#5656,#5657,#5658);
#5656 = CARTESIAN_POINT('',(21.265514755005,-11.75,52.));
#5657 = DIRECTION('',(0.,0.,1.));
#5658 = DIRECTION('',(1.,0.,0.));
#5659 = ADVANCED_FACE('',(#5660),#5678,.F.);
#5660 = FACE_BOUND('',#5661,.T.);
#5661 = EDGE_LOOP('',(#5662,#5663,#5671,#5677));
#5662 = ORIENTED_EDGE('',*,*,#5628,.F.);
#5663 = ORIENTED_EDGE('',*,*,#5664,.T.);
#5664 = EDGE_CURVE('',#5629,#5665,#5667,.T.);
#5665 = VERTEX_POINT('',#5666);
#5666 = CARTESIAN_POINT('',(22.927241335952,-9.55,54.4));
#5667 = LINE('',#5668,#5669);
#5668 = CARTESIAN_POINT('',(22.927241335952,-9.55,52.));
#5669 = VECTOR('',#5670,1.);
#5670 = DIRECTION('',(0.,0.,1.));
#5671 = ORIENTED_EDGE('',*,*,#5672,.T.);
#5672 = EDGE_CURVE('',#5665,#2130,#5673,.T.);
#5673 = LINE('',#5674,#5675);
#5674 = CARTESIAN_POINT('',(22.927241335952,-9.55,54.4));
#5675 = VECTOR('',#5676,1.);
#5676 = DIRECTION('',(-1.,0.,0.));
#5677 = ORIENTED_EDGE('',*,*,#2137,.F.);
#5678 = PLANE('',#5679);
#5679 = AXIS2_PLACEMENT_3D('',#5680,#5681,#5682);
#5680 = CARTESIAN_POINT('',(22.927241335952,-9.55,52.));
#5681 = DIRECTION('',(0.,1.,0.));
#5682 = DIRECTION('',(-0.,-0.,-1.));
#5683 = ADVANCED_FACE('',(#5684),#5719,.F.);
#5684 = FACE_BOUND('',#5685,.T.);
#5685 = EDGE_LOOP('',(#5686,#5687,#5695,#5701,#5702,#5711,#5718));
#5686 = ORIENTED_EDGE('',*,*,#5672,.F.);
#5687 = ORIENTED_EDGE('',*,*,#5688,.F.);
#5688 = EDGE_CURVE('',#5689,#5665,#5691,.T.);
#5689 = VERTEX_POINT('',#5690);
#5690 = CARTESIAN_POINT('',(22.927241335952,-13.95,54.4));
#5691 = LINE('',#5692,#5693);
#5692 = CARTESIAN_POINT('',(22.927241335952,-13.95,54.4));
#5693 = VECTOR('',#5694,1.);
#5694 = DIRECTION('',(0.,1.,0.));
#5695 = ORIENTED_EDGE('',*,*,#5696,.T.);
#5696 = EDGE_CURVE('',#5689,#2090,#5697,.T.);
#5697 = LINE('',#5698,#5699);
#5698 = CARTESIAN_POINT('',(22.927241335952,-13.95,54.4));
#5699 = VECTOR('',#5700,1.);
#5700 = DIRECTION('',(-1.,0.,0.));
#5701 = ORIENTED_EDGE('',*,*,#2097,.F.);
#5702 = ORIENTED_EDGE('',*,*,#5703,.T.);
#5703 = EDGE_CURVE('',#2098,#5704,#5706,.T.);
#5704 = VERTEX_POINT('',#5705);
#5705 = CARTESIAN_POINT('',(22.727241335952,-11.75,54.4));
#5706 = CIRCLE('',#5707,1.5);
#5707 = AXIS2_PLACEMENT_3D('',#5708,#5709,#5710);
#5708 = CARTESIAN_POINT('',(21.227241335952,-11.75,54.4));
#5709 = DIRECTION('',(0.,0.,1.));
#5710 = DIRECTION('',(1.,0.,0.));
#5711 = ORIENTED_EDGE('',*,*,#5712,.T.);
#5712 = EDGE_CURVE('',#5704,#2122,#5713,.T.);
#5713 = CIRCLE('',#5714,1.5);
#5714 = AXIS2_PLACEMENT_3D('',#5715,#5716,#5717);
#5715 = CARTESIAN_POINT('',(21.227241335952,-11.75,54.4));
#5716 = DIRECTION('',(0.,0.,1.));
#5717 = DIRECTION('',(1.,0.,0.));
#5718 = ORIENTED_EDGE('',*,*,#2129,.F.);
#5719 = PLANE('',#5720);
#5720 = AXIS2_PLACEMENT_3D('',#5721,#5722,#5723);
#5721 = CARTESIAN_POINT('',(22.927241335952,-13.95,54.4));
#5722 = DIRECTION('',(0.,0.,1.));
#5723 = DIRECTION('',(1.,0.,0.));
#5724 = ADVANCED_FACE('',(#5725),#5744,.F.);
#5725 = FACE_BOUND('',#5726,.F.);
#5726 = EDGE_LOOP('',(#5727,#5736,#5742,#5743));
#5727 = ORIENTED_EDGE('',*,*,#5728,.F.);
#5728 = EDGE_CURVE('',#5729,#2114,#5731,.T.);
#5729 = VERTEX_POINT('',#5730);
#5730 = CARTESIAN_POINT('',(22.727241335952,-11.75,56.3));
#5731 = CIRCLE('',#5732,1.5);
#5732 = AXIS2_PLACEMENT_3D('',#5733,#5734,#5735);
#5733 = CARTESIAN_POINT('',(21.227241335952,-11.75,56.3));
#5734 = DIRECTION('',(0.,0.,1.));
#5735 = DIRECTION('',(1.,0.,0.));
#5736 = ORIENTED_EDGE('',*,*,#5737,.F.);
#5737 = EDGE_CURVE('',#5704,#5729,#5738,.T.);
#5738 = LINE('',#5739,#5740);
#5739 = CARTESIAN_POINT('',(22.727241335952,-11.75,54.3));
#5740 = VECTOR('',#5741,1.);
#5741 = DIRECTION('',(0.,0.,1.));
#5742 = ORIENTED_EDGE('',*,*,#5712,.T.);
#5743 = ORIENTED_EDGE('',*,*,#2121,.T.);
#5744 = CYLINDRICAL_SURFACE('',#5745,1.5);
#5745 = AXIS2_PLACEMENT_3D('',#5746,#5747,#5748);
#5746 = CARTESIAN_POINT('',(21.227241335952,-11.75,54.3));
#5747 = DIRECTION('',(0.,0.,1.));
#5748 = DIRECTION('',(1.,0.,0.));
#5749 = ADVANCED_FACE('',(#5750),#5761,.F.);
#5750 = FACE_BOUND('',#5751,.F.);
#5751 = EDGE_LOOP('',(#5752,#5759,#5760));
#5752 = ORIENTED_EDGE('',*,*,#5753,.T.);
#5753 = EDGE_CURVE('',#2106,#5729,#5754,.T.);
#5754 = CIRCLE('',#5755,1.5);
#5755 = AXIS2_PLACEMENT_3D('',#5756,#5757,#5758);
#5756 = CARTESIAN_POINT('',(21.227241335952,-11.75,56.3));
#5757 = DIRECTION('',(0.,0.,1.));
#5758 = DIRECTION('',(1.,0.,0.));
#5759 = ORIENTED_EDGE('',*,*,#5728,.T.);
#5760 = ORIENTED_EDGE('',*,*,#2113,.T.);
#5761 = PLANE('',#5762);
#5762 = AXIS2_PLACEMENT_3D('',#5763,#5764,#5765);
#5763 = CARTESIAN_POINT('',(21.227241335952,-11.75,56.3));
#5764 = DIRECTION('',(0.,0.,1.));
#5765 = DIRECTION('',(1.,0.,0.));
#5766 = ADVANCED_FACE('',(#5767),#5773,.F.);
#5767 = FACE_BOUND('',#5768,.F.);
#5768 = EDGE_LOOP('',(#5769,#5770,#5771,#5772));
#5769 = ORIENTED_EDGE('',*,*,#5737,.T.);
#5770 = ORIENTED_EDGE('',*,*,#5753,.F.);
#5771 = ORIENTED_EDGE('',*,*,#2105,.F.);
#5772 = ORIENTED_EDGE('',*,*,#5703,.T.);
#5773 = CYLINDRICAL_SURFACE('',#5774,1.5);
#5774 = AXIS2_PLACEMENT_3D('',#5775,#5776,#5777);
#5775 = CARTESIAN_POINT('',(21.227241335952,-11.75,54.3));
#5776 = DIRECTION('',(0.,0.,1.));
#5777 = DIRECTION('',(1.,0.,0.));
#5778 = ADVANCED_FACE('',(#5779),#5790,.T.);
#5779 = FACE_BOUND('',#5780,.F.);
#5780 = EDGE_LOOP('',(#5781,#5782,#5788,#5789));
#5781 = ORIENTED_EDGE('',*,*,#5644,.F.);
#5782 = ORIENTED_EDGE('',*,*,#5783,.T.);
#5783 = EDGE_CURVE('',#5637,#5689,#5784,.T.);
#5784 = LINE('',#5785,#5786);
#5785 = CARTESIAN_POINT('',(22.927241335952,-13.95,52.));
#5786 = VECTOR('',#5787,1.);
#5787 = DIRECTION('',(0.,0.,1.));
#5788 = ORIENTED_EDGE('',*,*,#5696,.T.);
#5789 = ORIENTED_EDGE('',*,*,#2089,.F.);
#5790 = PLANE('',#5791);
#5791 = AXIS2_PLACEMENT_3D('',#5792,#5793,#5794);
#5792 = CARTESIAN_POINT('',(22.927241335952,-13.95,52.));
#5793 = DIRECTION('',(0.,1.,0.));
#5794 = DIRECTION('',(-0.,-0.,-1.));
#5795 = ADVANCED_FACE('',(#5796),#5799,.T.);
#5796 = FACE_BOUND('',#5797,.F.);
#5797 = EDGE_LOOP('',(#5798));
#5798 = ORIENTED_EDGE('',*,*,#2297,.T.);
#5799 = PLANE('',#5800);
#5800 = AXIS2_PLACEMENT_3D('',#5801,#5802,#5803);
#5801 = CARTESIAN_POINT('',(-26.,-21.,62.6));
#5802 = DIRECTION('',(0.,0.,1.));
#5803 = DIRECTION('',(1.,0.,0.));
#5804 = ADVANCED_FACE('',(#5805),#5839,.F.);
#5805 = FACE_BOUND('',#5806,.T.);
#5806 = EDGE_LOOP('',(#5807,#5808,#5816,#5824,#5832,#5838));
#5807 = ORIENTED_EDGE('',*,*,#4572,.F.);
#5808 = ORIENTED_EDGE('',*,*,#5809,.F.);
#5809 = EDGE_CURVE('',#5810,#4565,#5812,.T.);
#5810 = VERTEX_POINT('',#5811);
#5811 = CARTESIAN_POINT('',(-2.272758664048,-24.75,44.));
#5812 = LINE('',#5813,#5814);
#5813 = CARTESIAN_POINT('',(-2.272758664048,-24.75,44.));
#5814 = VECTOR('',#5815,1.);
#5815 = DIRECTION('',(0.,0.,1.));
#5816 = ORIENTED_EDGE('',*,*,#5817,.T.);
#5817 = EDGE_CURVE('',#5810,#5818,#5820,.T.);
#5818 = VERTEX_POINT('',#5819);
#5819 = CARTESIAN_POINT('',(-2.272758664048,-18.75,44.));
#5820 = LINE('',#5821,#5822);
#5821 = CARTESIAN_POINT('',(-2.272758664048,-24.75,44.));
#5822 = VECTOR('',#5823,1.);
#5823 = DIRECTION('',(0.,1.,0.));
#5824 = ORIENTED_EDGE('',*,*,#5825,.T.);
#5825 = EDGE_CURVE('',#5818,#5826,#5828,.T.);
#5826 = VERTEX_POINT('',#5827);
#5827 = CARTESIAN_POINT('',(-2.272758664048,-18.75,44.1));
#5828 = LINE('',#5829,#5830);
#5829 = CARTESIAN_POINT('',(-2.272758664048,-18.75,43.75));
#5830 = VECTOR('',#5831,1.);
#5831 = DIRECTION('',(0.,0.,1.));
#5832 = ORIENTED_EDGE('',*,*,#5833,.F.);
#5833 = EDGE_CURVE('',#2347,#5826,#5834,.T.);
#5834 = LINE('',#5835,#5836);
#5835 = CARTESIAN_POINT('',(-2.272758664048,-21.75,44.1));
#5836 = VECTOR('',#5837,1.);
#5837 = DIRECTION('',(0.,-1.,0.));
#5838 = ORIENTED_EDGE('',*,*,#2354,.F.);
#5839 = PLANE('',#5840);
#5840 = AXIS2_PLACEMENT_3D('',#5841,#5842,#5843);
#5841 = CARTESIAN_POINT('',(-2.272758664048,-24.75,44.));
#5842 = DIRECTION('',(-1.,0.,0.));
#5843 = DIRECTION('',(0.,0.,-1.));
#5844 = ADVANCED_FACE('',(#5845),#5863,.F.);
#5845 = FACE_BOUND('',#5846,.T.);
#5846 = EDGE_LOOP('',(#5847,#5848,#5856,#5862));
#5847 = ORIENTED_EDGE('',*,*,#5833,.T.);
#5848 = ORIENTED_EDGE('',*,*,#5849,.T.);
#5849 = EDGE_CURVE('',#5826,#5850,#5852,.T.);
#5850 = VERTEX_POINT('',#5851);
#5851 = CARTESIAN_POINT('',(-4.772758664048,-18.75,44.1));
#5852 = LINE('',#5853,#5854);
#5853 = CARTESIAN_POINT('',(21.227241335952,-18.75,44.1));
#5854 = VECTOR('',#5855,1.);
#5855 = DIRECTION('',(-1.,0.,0.));
#5856 = ORIENTED_EDGE('',*,*,#5857,.T.);
#5857 = EDGE_CURVE('',#5850,#2339,#5858,.T.);
#5858 = LINE('',#5859,#5860);
#5859 = CARTESIAN_POINT('',(-4.772758664048,-18.75,44.1));
#5860 = VECTOR('',#5861,1.);
#5861 = DIRECTION('',(0.,1.,0.));
#5862 = ORIENTED_EDGE('',*,*,#2346,.F.);
#5863 = PLANE('',#5864);
#5864 = AXIS2_PLACEMENT_3D('',#5865,#5866,#5867);
#5865 = CARTESIAN_POINT('',(21.227241335952,-18.75,44.1));
#5866 = DIRECTION('',(0.,0.,1.));
#5867 = DIRECTION('',(1.,0.,0.));
#5868 = ADVANCED_FACE('',(#5869),#5903,.F.);
#5869 = FACE_BOUND('',#5870,.T.);
#5870 = EDGE_LOOP('',(#5871,#5872,#5880,#5888,#5894,#5895,#5896,#5902));
#5871 = ORIENTED_EDGE('',*,*,#5857,.F.);
#5872 = ORIENTED_EDGE('',*,*,#5873,.F.);
#5873 = EDGE_CURVE('',#5874,#5850,#5876,.T.);
#5874 = VERTEX_POINT('',#5875);
#5875 = CARTESIAN_POINT('',(-4.772758664048,-18.75,43.5));
#5876 = LINE('',#5877,#5878);
#5877 = CARTESIAN_POINT('',(-4.772758664048,-18.75,43.5));
#5878 = VECTOR('',#5879,1.);
#5879 = DIRECTION('',(0.,0.,1.));
#5880 = ORIENTED_EDGE('',*,*,#5881,.T.);
#5881 = EDGE_CURVE('',#5874,#5882,#5884,.T.);
#5882 = VERTEX_POINT('',#5883);
#5883 = CARTESIAN_POINT('',(-4.772758664048,9.25,43.5));
#5884 = LINE('',#5885,#5886);
#5885 = CARTESIAN_POINT('',(-4.772758664048,-18.75,43.5));
#5886 = VECTOR('',#5887,1.);
#5887 = DIRECTION('',(0.,1.,0.));
#5888 = ORIENTED_EDGE('',*,*,#5889,.T.);
#5889 = EDGE_CURVE('',#5882,#4381,#5890,.T.);
#5890 = LINE('',#5891,#5892);
#5891 = CARTESIAN_POINT('',(-4.772758664048,9.25,43.5));
#5892 = VECTOR('',#5893,1.);
#5893 = DIRECTION('',(0.,0.,1.));
#5894 = ORIENTED_EDGE('',*,*,#4388,.F.);
#5895 = ORIENTED_EDGE('',*,*,#2434,.F.);
#5896 = ORIENTED_EDGE('',*,*,#5897,.F.);
#5897 = EDGE_CURVE('',#2331,#2435,#5898,.T.);
#5898 = LINE('',#5899,#5900);
#5899 = CARTESIAN_POINT('',(-4.772758664048,-14.08910161513,44.));
#5900 = VECTOR('',#5901,1.);
#5901 = DIRECTION('',(0.,1.,0.));
#5902 = ORIENTED_EDGE('',*,*,#2338,.F.);
#5903 = PLANE('',#5904);
#5904 = AXIS2_PLACEMENT_3D('',#5905,#5906,#5907);
#5905 = CARTESIAN_POINT('',(-4.772758664048,-18.75,43.5));
#5906 = DIRECTION('',(-1.,0.,0.));
#5907 = DIRECTION('',(0.,0.,-1.));
#5908 = ADVANCED_FACE('',(#5909,#5916),#5932,.T.);
#5909 = FACE_BOUND('',#5910,.F.);
#5910 = EDGE_LOOP('',(#5911,#5912,#5913,#5914,#5915));
#5911 = ORIENTED_EDGE('',*,*,#2442,.F.);
#5912 = ORIENTED_EDGE('',*,*,#5897,.F.);
#5913 = ORIENTED_EDGE('',*,*,#2330,.T.);
#5914 = ORIENTED_EDGE('',*,*,#2386,.T.);
#5915 = ORIENTED_EDGE('',*,*,#2466,.F.);
#5916 = FACE_BOUND('',#5917,.F.);
#5917 = EDGE_LOOP('',(#5918,#5919,#5925,#5926));
#5918 = ORIENTED_EDGE('',*,*,#3253,.F.);
#5919 = ORIENTED_EDGE('',*,*,#5920,.F.);
#5920 = EDGE_CURVE('',#3184,#3254,#5921,.T.);
#5921 = LINE('',#5922,#5923);
#5922 = CARTESIAN_POINT('',(-10.59289305672,-7.089101615138,44.));
#5923 = VECTOR('',#5924,1.);
#5924 = DIRECTION('',(0.,-1.,0.));
#5925 = ORIENTED_EDGE('',*,*,#3183,.F.);
#5926 = ORIENTED_EDGE('',*,*,#5927,.F.);
#5927 = EDGE_CURVE('',#3256,#3175,#5928,.T.);
#5928 = LINE('',#5929,#5930);
#5929 = CARTESIAN_POINT('',(-10.59289305672,-7.089101615138,44.));
#5930 = VECTOR('',#5931,1.);
#5931 = DIRECTION('',(0.,-1.,0.));
#5932 = PLANE('',#5933);
#5933 = AXIS2_PLACEMENT_3D('',#5934,#5935,#5936);
#5934 = CARTESIAN_POINT('',(-0.330127018922,-9.428203230276,44.));
#5935 = DIRECTION('',(0.,0.,1.));
#5936 = DIRECTION('',(0.866025403784,0.5,0.));
#5937 = ADVANCED_FACE('',(#5938),#5944,.F.);
#5938 = FACE_BOUND('',#5939,.T.);
#5939 = EDGE_LOOP('',(#5940,#5941,#5942,#5943));
#5940 = ORIENTED_EDGE('',*,*,#4580,.F.);
#5941 = ORIENTED_EDGE('',*,*,#2418,.F.);
#5942 = ORIENTED_EDGE('',*,*,#4395,.F.);
#5943 = ORIENTED_EDGE('',*,*,#4542,.T.);
#5944 = PLANE('',#5945);
#5945 = AXIS2_PLACEMENT_3D('',#5946,#5947,#5948);
#5946 = CARTESIAN_POINT('',(-2.272758664048,-24.75,44.));
#5947 = DIRECTION('',(-1.,0.,0.));
#5948 = DIRECTION('',(0.,0.,-1.));
#5949 = ADVANCED_FACE('',(#5950),#5953,.T.);
#5950 = FACE_BOUND('',#5951,.F.);
#5951 = EDGE_LOOP('',(#5952));
#5952 = ORIENTED_EDGE('',*,*,#2482,.T.);
#5953 = PLANE('',#5954);
#5954 = AXIS2_PLACEMENT_3D('',#5955,#5956,#5957);
#5955 = CARTESIAN_POINT('',(26.,21.,62.6));
#5956 = DIRECTION('',(0.,0.,1.));
#5957 = DIRECTION('',(1.,0.,0.));
#5958 = ADVANCED_FACE('',(#5959),#5991,.T.);
#5959 = FACE_BOUND('',#5960,.F.);
#5960 = EDGE_LOOP('',(#5961,#5962,#5970,#5978,#5984,#5985));
#5961 = ORIENTED_EDGE('',*,*,#2538,.F.);
#5962 = ORIENTED_EDGE('',*,*,#5963,.F.);
#5963 = EDGE_CURVE('',#5964,#2539,#5966,.T.);
#5964 = VERTEX_POINT('',#5965);
#5965 = CARTESIAN_POINT('',(2.827241335952,3.1,40.5));
#5966 = LINE('',#5967,#5968);
#5967 = CARTESIAN_POINT('',(4.5,3.1,40.5));
#5968 = VECTOR('',#5969,1.);
#5969 = DIRECTION('',(-1.,-0.,-0.));
#5970 = ORIENTED_EDGE('',*,*,#5971,.F.);
#5971 = EDGE_CURVE('',#5972,#5964,#5974,.T.);
#5972 = VERTEX_POINT('',#5973);
#5973 = CARTESIAN_POINT('',(2.827241335952,3.1,41.8));
#5974 = LINE('',#5975,#5976);
#5975 = CARTESIAN_POINT('',(2.827241335952,3.1,40.25));
#5976 = VECTOR('',#5977,1.);
#5977 = DIRECTION('',(-0.,-0.,-1.));
#5978 = ORIENTED_EDGE('',*,*,#5979,.F.);
#5979 = EDGE_CURVE('',#2629,#5972,#5980,.T.);
#5980 = LINE('',#5981,#5982);
#5981 = CARTESIAN_POINT('',(5.163620667976,3.1,41.8));
#5982 = VECTOR('',#5983,1.);
#5983 = DIRECTION('',(-1.,-0.,-0.));
#5984 = ORIENTED_EDGE('',*,*,#2628,.T.);
#5985 = ORIENTED_EDGE('',*,*,#5986,.T.);
#5986 = EDGE_CURVE('',#2631,#2541,#5987,.T.);
#5987 = LINE('',#5988,#5989);
#5988 = CARTESIAN_POINT('',(12.863620667976,3.1,43.5));
#5989 = VECTOR('',#5990,1.);
#5990 = DIRECTION('',(-1.,-0.,-0.));
#5991 = PLANE('',#5992);
#5992 = AXIS2_PLACEMENT_3D('',#5993,#5994,#5995);
#5993 = CARTESIAN_POINT('',(4.5,3.1,40.5));
#5994 = DIRECTION('',(0.,1.,0.));
#5995 = DIRECTION('',(0.,0.,-1.));
#5996 = ADVANCED_FACE('',(#5997,#6031),#6037,.T.);
#5997 = FACE_BOUND('',#5998,.F.);
#5998 = EDGE_LOOP('',(#5999,#6007,#6015,#6021,#6022,#6028,#6029,#6030));
#5999 = ORIENTED_EDGE('',*,*,#6000,.F.);
#6000 = EDGE_CURVE('',#6001,#2679,#6003,.T.);
#6001 = VERTEX_POINT('',#6002);
#6002 = CARTESIAN_POINT('',(21.227241335952,9.25,43.5));
#6003 = LINE('',#6004,#6005);
#6004 = CARTESIAN_POINT('',(21.227241335952,9.25,43.5));
#6005 = VECTOR('',#6006,1.);
#6006 = DIRECTION('',(-1.,0.,0.));
#6007 = ORIENTED_EDGE('',*,*,#6008,.F.);
#6008 = EDGE_CURVE('',#6009,#6001,#6011,.T.);
#6009 = VERTEX_POINT('',#6010);
#6010 = CARTESIAN_POINT('',(21.227241335952,-18.75,43.5));
#6011 = LINE('',#6012,#6013);
#6012 = CARTESIAN_POINT('',(21.227241335952,-18.75,43.5));
#6013 = VECTOR('',#6014,1.);
#6014 = DIRECTION('',(0.,1.,0.));
#6015 = ORIENTED_EDGE('',*,*,#6016,.T.);
#6016 = EDGE_CURVE('',#6009,#5874,#6017,.T.);
#6017 = LINE('',#6018,#6019);
#6018 = CARTESIAN_POINT('',(21.227241335952,-18.75,43.5));
#6019 = VECTOR('',#6020,1.);
#6020 = DIRECTION('',(-1.,0.,0.));
#6021 = ORIENTED_EDGE('',*,*,#5881,.T.);
#6022 = ORIENTED_EDGE('',*,*,#6023,.F.);
#6023 = EDGE_CURVE('',#2573,#5882,#6024,.T.);
#6024 = LINE('',#6025,#6026);
#6025 = CARTESIAN_POINT('',(21.227241335952,9.25,43.5));
#6026 = VECTOR('',#6027,1.);
#6027 = DIRECTION('',(-1.,0.,0.));
#6028 = ORIENTED_EDGE('',*,*,#2580,.T.);
#6029 = ORIENTED_EDGE('',*,*,#5986,.F.);
#6030 = ORIENTED_EDGE('',*,*,#2686,.F.);
#6031 = FACE_BOUND('',#6032,.F.);
#6032 = EDGE_LOOP('',(#6033,#6034,#6035,#6036));
#6033 = ORIENTED_EDGE('',*,*,#3695,.T.);
#6034 = ORIENTED_EDGE('',*,*,#3870,.T.);
#6035 = ORIENTED_EDGE('',*,*,#4027,.F.);
#6036 = ORIENTED_EDGE('',*,*,#3529,.F.);
#6037 = PLANE('',#6038);
#6038 = AXIS2_PLACEMENT_3D('',#6039,#6040,#6041);
#6039 = CARTESIAN_POINT('',(7.386052072177,-4.093079800499,43.5));
#6040 = DIRECTION('',(0.,0.,1.));
#6041 = DIRECTION('',(1.,0.,0.));
#6042 = ADVANCED_FACE('',(#6043),#6049,.F.);
#6043 = FACE_BOUND('',#6044,.T.);
#6044 = EDGE_LOOP('',(#6045,#6046,#6047,#6048));
#6045 = ORIENTED_EDGE('',*,*,#6023,.F.);
#6046 = ORIENTED_EDGE('',*,*,#2572,.T.);
#6047 = ORIENTED_EDGE('',*,*,#4380,.T.);
#6048 = ORIENTED_EDGE('',*,*,#5889,.F.);
#6049 = PLANE('',#6050);
#6050 = AXIS2_PLACEMENT_3D('',#6051,#6052,#6053);
#6051 = CARTESIAN_POINT('',(21.227241335952,9.25,43.5));
#6052 = DIRECTION('',(0.,1.,0.));
#6053 = DIRECTION('',(-0.,-0.,-1.));
#6054 = ADVANCED_FACE('',(#6055),#6075,.T.);
#6055 = FACE_BOUND('',#6056,.F.);
#6056 = EDGE_LOOP('',(#6057,#6058,#6066,#6072,#6073,#6074));
#6057 = ORIENTED_EDGE('',*,*,#2654,.F.);
#6058 = ORIENTED_EDGE('',*,*,#6059,.F.);
#6059 = EDGE_CURVE('',#6060,#2647,#6062,.T.);
#6060 = VERTEX_POINT('',#6061);
#6061 = CARTESIAN_POINT('',(2.827241335952,3.25,40.5));
#6062 = LINE('',#6063,#6064);
#6063 = CARTESIAN_POINT('',(5.163620667976,3.25,40.5));
#6064 = VECTOR('',#6065,1.);
#6065 = DIRECTION('',(1.,0.,0.));
#6066 = ORIENTED_EDGE('',*,*,#6067,.F.);
#6067 = EDGE_CURVE('',#5964,#6060,#6068,.T.);
#6068 = LINE('',#6069,#6070);
#6069 = CARTESIAN_POINT('',(2.827241335952,1.675,40.5));
#6070 = VECTOR('',#6071,1.);
#6071 = DIRECTION('',(0.,1.,0.));
#6072 = ORIENTED_EDGE('',*,*,#5963,.T.);
#6073 = ORIENTED_EDGE('',*,*,#2548,.T.);
#6074 = ORIENTED_EDGE('',*,*,#2735,.F.);
#6075 = PLANE('',#6076);
#6076 = AXIS2_PLACEMENT_3D('',#6077,#6078,#6079);
#6077 = CARTESIAN_POINT('',(4.5,3.1,40.5));
#6078 = DIRECTION('',(0.,0.,1.));
#6079 = DIRECTION('',(1.,0.,0.));
#6080 = ADVANCED_FACE('',(#6081),#6087,.T.);
#6081 = FACE_BOUND('',#6082,.F.);
#6082 = EDGE_LOOP('',(#6083,#6084,#6085,#6086));
#6083 = ORIENTED_EDGE('',*,*,#4324,.F.);
#6084 = ORIENTED_EDGE('',*,*,#2588,.T.);
#6085 = ORIENTED_EDGE('',*,*,#3289,.T.);
#6086 = ORIENTED_EDGE('',*,*,#3360,.F.);
#6087 = PLANE('',#6088);
#6088 = AXIS2_PLACEMENT_3D('',#6089,#6090,#6091);
#6089 = CARTESIAN_POINT('',(0.1,9.4,40.9));
#6090 = DIRECTION('',(0.,0.,1.));
#6091 = DIRECTION('',(1.,0.,0.));
#6092 = ADVANCED_FACE('',(#6093),#6111,.T.);
#6093 = FACE_BOUND('',#6094,.F.);
#6094 = EDGE_LOOP('',(#6095,#6103,#6104,#6105));
#6095 = ORIENTED_EDGE('',*,*,#6096,.F.);
#6096 = EDGE_CURVE('',#2639,#6097,#6099,.T.);
#6097 = VERTEX_POINT('',#6098);
#6098 = CARTESIAN_POINT('',(2.827241335952,3.25,41.8));
#6099 = LINE('',#6100,#6101);
#6100 = CARTESIAN_POINT('',(5.827241335952,3.25,41.8));
#6101 = VECTOR('',#6102,1.);
#6102 = DIRECTION('',(-1.,0.,0.));
#6103 = ORIENTED_EDGE('',*,*,#2638,.T.);
#6104 = ORIENTED_EDGE('',*,*,#5979,.T.);
#6105 = ORIENTED_EDGE('',*,*,#6106,.T.);
#6106 = EDGE_CURVE('',#5972,#6097,#6107,.T.);
#6107 = LINE('',#6108,#6109);
#6108 = CARTESIAN_POINT('',(2.827241335952,0.25,41.8));
#6109 = VECTOR('',#6110,1.);
#6110 = DIRECTION('',(0.,1.,0.));
#6111 = PLANE('',#6112);
#6112 = AXIS2_PLACEMENT_3D('',#6113,#6114,#6115);
#6113 = CARTESIAN_POINT('',(5.827241335952,0.25,41.8));
#6114 = DIRECTION('',(0.,0.,1.));
#6115 = DIRECTION('',(1.,0.,0.));
#6116 = ADVANCED_FACE('',(#6117),#6128,.T.);
#6117 = FACE_BOUND('',#6118,.F.);
#6118 = EDGE_LOOP('',(#6119,#6125,#6126,#6127));
#6119 = ORIENTED_EDGE('',*,*,#6120,.F.);
#6120 = EDGE_CURVE('',#6060,#6097,#6121,.T.);
#6121 = LINE('',#6122,#6123);
#6122 = CARTESIAN_POINT('',(2.827241335952,3.25,40.));
#6123 = VECTOR('',#6124,1.);
#6124 = DIRECTION('',(0.,0.,1.));
#6125 = ORIENTED_EDGE('',*,*,#6059,.T.);
#6126 = ORIENTED_EDGE('',*,*,#2646,.T.);
#6127 = ORIENTED_EDGE('',*,*,#6096,.T.);
#6128 = PLANE('',#6129);
#6129 = AXIS2_PLACEMENT_3D('',#6130,#6131,#6132);
#6130 = CARTESIAN_POINT('',(5.827241335952,3.25,40.));
#6131 = DIRECTION('',(0.,1.,0.));
#6132 = DIRECTION('',(-0.,-0.,-1.));
#6133 = ADVANCED_FACE('',(#6134),#6145,.F.);
#6134 = FACE_BOUND('',#6135,.T.);
#6135 = EDGE_LOOP('',(#6136,#6137,#6143,#6144));
#6136 = ORIENTED_EDGE('',*,*,#6000,.F.);
#6137 = ORIENTED_EDGE('',*,*,#6138,.T.);
#6138 = EDGE_CURVE('',#6001,#4370,#6139,.T.);
#6139 = LINE('',#6140,#6141);
#6140 = CARTESIAN_POINT('',(21.227241335952,9.25,43.5));
#6141 = VECTOR('',#6142,1.);
#6142 = DIRECTION('',(0.,0.,1.));
#6143 = ORIENTED_EDGE('',*,*,#4369,.T.);
#6144 = ORIENTED_EDGE('',*,*,#2678,.F.);
#6145 = PLANE('',#6146);
#6146 = AXIS2_PLACEMENT_3D('',#6147,#6148,#6149);
#6147 = CARTESIAN_POINT('',(21.227241335952,9.25,43.5));
#6148 = DIRECTION('',(0.,1.,0.));
#6149 = DIRECTION('',(-0.,-0.,-1.));
#6150 = ADVANCED_FACE('',(#6151),#6162,.F.);
#6151 = FACE_BOUND('',#6152,.F.);
#6152 = EDGE_LOOP('',(#6153,#6159,#6160,#6161));
#6153 = ORIENTED_EDGE('',*,*,#6154,.F.);
#6154 = EDGE_CURVE('',#4091,#2713,#6155,.T.);
#6155 = LINE('',#6156,#6157);
#6156 = CARTESIAN_POINT('',(20.,12.8,40.8));
#6157 = VECTOR('',#6158,1.);
#6158 = DIRECTION('',(-1.,0.,0.));
#6159 = ORIENTED_EDGE('',*,*,#4098,.F.);
#6160 = ORIENTED_EDGE('',*,*,#4121,.T.);
#6161 = ORIENTED_EDGE('',*,*,#2720,.T.);
#6162 = PLANE('',#6163);
#6163 = AXIS2_PLACEMENT_3D('',#6164,#6165,#6166);
#6164 = CARTESIAN_POINT('',(23.022838845272,13.823023019936,40.8));
#6165 = DIRECTION('',(-0.,-0.,-1.));
#6166 = DIRECTION('',(-1.,0.,0.));
#6167 = ADVANCED_FACE('',(#6168),#6181,.T.);
#6168 = FACE_BOUND('',#6169,.T.);
#6169 = EDGE_LOOP('',(#6170,#6171,#6172,#6173,#6179,#6180));
#6170 = ORIENTED_EDGE('',*,*,#6154,.F.);
#6171 = ORIENTED_EDGE('',*,*,#4090,.F.);
#6172 = ORIENTED_EDGE('',*,*,#4222,.T.);
#6173 = ORIENTED_EDGE('',*,*,#6174,.F.);
#6174 = EDGE_CURVE('',#4273,#4223,#6175,.T.);
#6175 = LINE('',#6176,#6177);
#6176 = CARTESIAN_POINT('',(19.535879582258,12.8,40.8));
#6177 = VECTOR('',#6178,1.);
#6178 = DIRECTION('',(0.,0.,-1.));
#6179 = ORIENTED_EDGE('',*,*,#4280,.T.);
#6180 = ORIENTED_EDGE('',*,*,#2712,.T.);
#6181 = PLANE('',#6182);
#6182 = AXIS2_PLACEMENT_3D('',#6183,#6184,#6185);
#6183 = CARTESIAN_POINT('',(20.,12.8,40.8));
#6184 = DIRECTION('',(0.,-1.,0.));
#6185 = DIRECTION('',(0.,0.,1.));
#6186 = ADVANCED_FACE('',(#6187),#6190,.T.);
#6187 = FACE_BOUND('',#6188,.F.);
#6188 = EDGE_LOOP('',(#6189));
#6189 = ORIENTED_EDGE('',*,*,#2751,.T.);
#6190 = PLANE('',#6191);
#6191 = AXIS2_PLACEMENT_3D('',#6192,#6193,#6194);
#6192 = CARTESIAN_POINT('',(-26.,21.,62.6));
#6193 = DIRECTION('',(0.,0.,1.));
#6194 = DIRECTION('',(1.,0.,0.));
#6195 = ADVANCED_FACE('',(#6196),#6206,.F.);
#6196 = FACE_BOUND('',#6197,.F.);
#6197 = EDGE_LOOP('',(#6198,#6199,#6200));
#6198 = ORIENTED_EDGE('',*,*,#3079,.F.);
#6199 = ORIENTED_EDGE('',*,*,#3005,.F.);
#6200 = ORIENTED_EDGE('',*,*,#6201,.T.);
#6201 = EDGE_CURVE('',#2989,#3071,#6202,.T.);
#6202 = LINE('',#6203,#6204);
#6203 = CARTESIAN_POINT('',(-0.138410384818,-23.25,44.));
#6204 = VECTOR('',#6205,1.);
#6205 = DIRECTION('',(0.,-1.,0.));
#6206 = PLANE('',#6207);
#6207 = AXIS2_PLACEMENT_3D('',#6208,#6209,#6210);
#6208 = CARTESIAN_POINT('',(2.08695808643,-21.75,43.510147448671));
#6209 = DIRECTION('',(0.214975425221,0.,0.976619458413));
#6210 = DIRECTION('',(0.976619458413,0.,-0.214975425221));
#6211 = ADVANCED_FACE('',(#6212,#6265),#6276,.T.);
#6212 = FACE_BOUND('',#6213,.F.);
#6213 = EDGE_LOOP('',(#6214,#6225,#6234,#6243,#6251,#6259));
#6214 = ORIENTED_EDGE('',*,*,#6215,.T.);
#6215 = EDGE_CURVE('',#6216,#6218,#6220,.T.);
#6216 = VERTEX_POINT('',#6217);
#6217 = CARTESIAN_POINT('',(4.227241335952,-19.5139320225,44.));
#6218 = VERTEX_POINT('',#6219);
#6219 = CARTESIAN_POINT('',(2.227241335952,-24.75,44.));
#6220 = CIRCLE('',#6221,3.);
#6221 = AXIS2_PLACEMENT_3D('',#6222,#6223,#6224);
#6222 = CARTESIAN_POINT('',(2.227241335952,-21.75,44.));
#6223 = DIRECTION('',(0.,0.,-1.));
#6224 = DIRECTION('',(-1.,0.,0.));
#6225 = ORIENTED_EDGE('',*,*,#6226,.T.);
#6226 = EDGE_CURVE('',#6218,#6227,#6229,.T.);
#6227 = VERTEX_POINT('',#6228);
#6228 = CARTESIAN_POINT('',(-0.772758664048,-21.75,44.));
#6229 = CIRCLE('',#6230,3.);
#6230 = AXIS2_PLACEMENT_3D('',#6231,#6232,#6233);
#6231 = CARTESIAN_POINT('',(2.227241335952,-21.75,44.));
#6232 = DIRECTION('',(0.,0.,-1.));
#6233 = DIRECTION('',(-1.,0.,0.));
#6234 = ORIENTED_EDGE('',*,*,#6235,.T.);
#6235 = EDGE_CURVE('',#6227,#6236,#6238,.T.);
#6236 = VERTEX_POINT('',#6237);
#6237 = CARTESIAN_POINT('',(0.227241335952,-19.5139320225,44.));
#6238 = CIRCLE('',#6239,3.);
#6239 = AXIS2_PLACEMENT_3D('',#6240,#6241,#6242);
#6240 = CARTESIAN_POINT('',(2.227241335952,-21.75,44.));
#6241 = DIRECTION('',(0.,0.,-1.));
#6242 = DIRECTION('',(-1.,0.,0.));
#6243 = ORIENTED_EDGE('',*,*,#6244,.F.);
#6244 = EDGE_CURVE('',#6245,#6236,#6247,.T.);
#6245 = VERTEX_POINT('',#6246);
#6246 = CARTESIAN_POINT('',(0.227241335952,-18.75,44.));
#6247 = LINE('',#6248,#6249);
#6248 = CARTESIAN_POINT('',(0.227241335952,-14.75,44.));
#6249 = VECTOR('',#6250,1.);
#6250 = DIRECTION('',(-2.2E-16,-1.,0.));
#6251 = ORIENTED_EDGE('',*,*,#6252,.T.);
#6252 = EDGE_CURVE('',#6245,#6253,#6255,.T.);
#6253 = VERTEX_POINT('',#6254);
#6254 = CARTESIAN_POINT('',(4.227241335952,-18.75,44.));
#6255 = LINE('',#6256,#6257);
#6256 = CARTESIAN_POINT('',(13.977241335952,-18.75,44.));
#6257 = VECTOR('',#6258,1.);
#6258 = DIRECTION('',(1.,0.,0.));
#6259 = ORIENTED_EDGE('',*,*,#6260,.T.);
#6260 = EDGE_CURVE('',#6253,#6216,#6261,.T.);
#6261 = LINE('',#6262,#6263);
#6262 = CARTESIAN_POINT('',(4.227241335952,-14.75,44.));
#6263 = VECTOR('',#6264,1.);
#6264 = DIRECTION('',(-2.2E-16,-1.,0.));
#6265 = FACE_BOUND('',#6266,.F.);
#6266 = EDGE_LOOP('',(#6267,#6268,#6269,#6270));
#6267 = ORIENTED_EDGE('',*,*,#3070,.F.);
#6268 = ORIENTED_EDGE('',*,*,#6201,.F.);
#6269 = ORIENTED_EDGE('',*,*,#2988,.F.);
#6270 = ORIENTED_EDGE('',*,*,#6271,.F.);
#6271 = EDGE_CURVE('',#3062,#2980,#6272,.T.);
#6272 = LINE('',#6273,#6274);
#6273 = CARTESIAN_POINT('',(-0.138410384818,-23.25,44.));
#6274 = VECTOR('',#6275,1.);
#6275 = DIRECTION('',(0.,-1.,0.));
#6276 = PLANE('',#6277);
#6277 = AXIS2_PLACEMENT_3D('',#6278,#6279,#6280);
#6278 = CARTESIAN_POINT('',(6.727241335952,-24.75,44.));
#6279 = DIRECTION('',(0.,0.,1.));
#6280 = DIRECTION('',(1.,0.,0.));
#6281 = ADVANCED_FACE('',(#6282),#6287,.F.);
#6282 = FACE_BOUND('',#6283,.F.);
#6283 = EDGE_LOOP('',(#6284,#6285,#6286));
#6284 = ORIENTED_EDGE('',*,*,#2979,.F.);
#6285 = ORIENTED_EDGE('',*,*,#3061,.F.);
#6286 = ORIENTED_EDGE('',*,*,#6271,.T.);
#6287 = PLANE('',#6288);
#6288 = AXIS2_PLACEMENT_3D('',#6289,#6290,#6291);
#6289 = CARTESIAN_POINT('',(2.08695808643,-21.75,43.510147448671));
#6290 = DIRECTION('',(0.214975425221,0.,0.976619458413));
#6291 = DIRECTION('',(0.976619458413,0.,-0.214975425221));
#6292 = ADVANCED_FACE('',(#6293),#6298,.F.);
#6293 = FACE_BOUND('',#6294,.F.);
#6294 = EDGE_LOOP('',(#6295,#6296,#6297));
#6295 = ORIENTED_EDGE('',*,*,#3264,.F.);
#6296 = ORIENTED_EDGE('',*,*,#3200,.F.);
#6297 = ORIENTED_EDGE('',*,*,#5920,.T.);
#6298 = PLANE('',#6299);
#6299 = AXIS2_PLACEMENT_3D('',#6300,#6301,#6302);
#6300 = CARTESIAN_POINT('',(-8.367524585474,-4.75,43.510147448671));
#6301 = DIRECTION('',(0.214975425221,0.,0.976619458413));
#6302 = DIRECTION('',(0.976619458413,0.,-0.214975425221));
#6303 = ADVANCED_FACE('',(#6304),#6309,.F.);
#6304 = FACE_BOUND('',#6305,.F.);
#6305 = EDGE_LOOP('',(#6306,#6307,#6308));
#6306 = ORIENTED_EDGE('',*,*,#3174,.F.);
#6307 = ORIENTED_EDGE('',*,*,#3274,.F.);
#6308 = ORIENTED_EDGE('',*,*,#5927,.T.);
#6309 = PLANE('',#6310);
#6310 = AXIS2_PLACEMENT_3D('',#6311,#6312,#6313);
#6311 = CARTESIAN_POINT('',(-8.367524585474,-4.75,43.510147448671));
#6312 = DIRECTION('',(0.214975425221,0.,0.976619458413));
#6313 = DIRECTION('',(0.976619458413,0.,-0.214975425221));
#6314 = ADVANCED_FACE('',(#6315),#6326,.T.);
#6315 = FACE_BOUND('',#6316,.F.);
#6316 = EDGE_LOOP('',(#6317,#6318,#6324,#6325));
#6317 = ORIENTED_EDGE('',*,*,#3336,.F.);
#6318 = ORIENTED_EDGE('',*,*,#6319,.F.);
#6319 = EDGE_CURVE('',#4067,#3329,#6320,.T.);
#6320 = LINE('',#6321,#6322);
#6321 = CARTESIAN_POINT('',(7.,20.1,38.5));
#6322 = VECTOR('',#6323,1.);
#6323 = DIRECTION('',(-1.,0.,0.));
#6324 = ORIENTED_EDGE('',*,*,#4074,.T.);
#6325 = ORIENTED_EDGE('',*,*,#4215,.T.);
#6326 = PLANE('',#6327);
#6327 = AXIS2_PLACEMENT_3D('',#6328,#6329,#6330);
#6328 = CARTESIAN_POINT('',(7.,20.1,38.5));
#6329 = DIRECTION('',(0.,1.,0.));
#6330 = DIRECTION('',(-0.,-0.,-1.));
#6331 = ADVANCED_FACE('',(#6332),#6338,.F.);
#6332 = FACE_BOUND('',#6333,.T.);
#6333 = EDGE_LOOP('',(#6334,#6335,#6336,#6337));
#6334 = ORIENTED_EDGE('',*,*,#4066,.F.);
#6335 = ORIENTED_EDGE('',*,*,#3377,.T.);
#6336 = ORIENTED_EDGE('',*,*,#3328,.T.);
#6337 = ORIENTED_EDGE('',*,*,#6319,.F.);
#6338 = PLANE('',#6339);
#6339 = AXIS2_PLACEMENT_3D('',#6340,#6341,#6342);
#6340 = CARTESIAN_POINT('',(7.,2.1,38.5));
#6341 = DIRECTION('',(0.,0.,1.));
#6342 = DIRECTION('',(1.,0.,0.));
#6343 = ADVANCED_FACE('',(#6344),#6350,.F.);
#6344 = FACE_BOUND('',#6345,.T.);
#6345 = EDGE_LOOP('',(#6346,#6347,#6348,#6349));
#6346 = ORIENTED_EDGE('',*,*,#4048,.F.);
#6347 = ORIENTED_EDGE('',*,*,#3448,.T.);
#6348 = ORIENTED_EDGE('',*,*,#3431,.T.);
#6349 = ORIENTED_EDGE('',*,*,#3400,.F.);
#6350 = PLANE('',#6351);
#6351 = AXIS2_PLACEMENT_3D('',#6352,#6353,#6354);
#6352 = CARTESIAN_POINT('',(5.827241335952,0.25,40.));
#6353 = DIRECTION('',(0.,0.,1.));
#6354 = DIRECTION('',(1.,0.,0.));
#6355 = ADVANCED_FACE('',(#6356),#6362,.T.);
#6356 = FACE_BOUND('',#6357,.F.);
#6357 = EDGE_LOOP('',(#6358,#6359,#6360,#6361));
#6358 = ORIENTED_EDGE('',*,*,#4041,.F.);
#6359 = ORIENTED_EDGE('',*,*,#3464,.T.);
#6360 = ORIENTED_EDGE('',*,*,#3513,.F.);
#6361 = ORIENTED_EDGE('',*,*,#4004,.F.);
#6362 = PLANE('',#6363);
#6363 = AXIS2_PLACEMENT_3D('',#6364,#6365,#6366);
#6364 = CARTESIAN_POINT('',(5.827241335952,0.25,41.8));
#6365 = DIRECTION('',(0.,0.,1.));
#6366 = DIRECTION('',(1.,0.,0.));
#6367 = ADVANCED_FACE('',(#6368),#6374,.T.);
#6368 = FACE_BOUND('',#6369,.F.);
#6369 = EDGE_LOOP('',(#6370,#6371,#6372,#6373));
#6370 = ORIENTED_EDGE('',*,*,#3639,.F.);
#6371 = ORIENTED_EDGE('',*,*,#3663,.T.);
#6372 = ORIENTED_EDGE('',*,*,#3497,.F.);
#6373 = ORIENTED_EDGE('',*,*,#3567,.F.);
#6374 = PLANE('',#6375);
#6375 = AXIS2_PLACEMENT_3D('',#6376,#6377,#6378);
#6376 = CARTESIAN_POINT('',(5.827241335952,-11.75,41.8));
#6377 = DIRECTION('',(0.,0.,1.));
#6378 = DIRECTION('',(1.,0.,0.));
#6379 = ADVANCED_FACE('',(#6380),#6386,.F.);
#6380 = FACE_BOUND('',#6381,.T.);
#6381 = EDGE_LOOP('',(#6382,#6383,#6384,#6385));
#6382 = ORIENTED_EDGE('',*,*,#3632,.F.);
#6383 = ORIENTED_EDGE('',*,*,#3608,.T.);
#6384 = ORIENTED_EDGE('',*,*,#3591,.T.);
#6385 = ORIENTED_EDGE('',*,*,#3551,.F.);
#6386 = PLANE('',#6387);
#6387 = AXIS2_PLACEMENT_3D('',#6388,#6389,#6390);
#6388 = CARTESIAN_POINT('',(5.827241335952,-11.75,40.));
#6389 = DIRECTION('',(0.,0.,1.));
#6390 = DIRECTION('',(1.,0.,0.));
#6391 = ADVANCED_FACE('',(#6392),#6412,.T.);
#6392 = FACE_BOUND('',#6393,.F.);
#6393 = EDGE_LOOP('',(#6394,#6395,#6396,#6397,#6398,#6406));
#6394 = ORIENTED_EDGE('',*,*,#3797,.F.);
#6395 = ORIENTED_EDGE('',*,*,#3838,.T.);
#6396 = ORIENTED_EDGE('',*,*,#3679,.T.);
#6397 = ORIENTED_EDGE('',*,*,#3733,.T.);
#6398 = ORIENTED_EDGE('',*,*,#6399,.T.);
#6399 = EDGE_CURVE('',#3726,#6400,#6402,.T.);
#6400 = VERTEX_POINT('',#6401);
#6401 = CARTESIAN_POINT('',(15.3,-9.2,41.8));
#6402 = LINE('',#6403,#6404);
#6403 = CARTESIAN_POINT('',(15.163620667976,-9.2,41.8));
#6404 = VECTOR('',#6405,1.);
#6405 = DIRECTION('',(1.,0.,0.));
#6406 = ORIENTED_EDGE('',*,*,#6407,.F.);
#6407 = EDGE_CURVE('',#3800,#6400,#6408,.T.);
#6408 = LINE('',#6409,#6410);
#6409 = CARTESIAN_POINT('',(15.3,-10.475,41.8));
#6410 = VECTOR('',#6411,1.);
#6411 = DIRECTION('',(0.,-1.,0.));
#6412 = PLANE('',#6413);
#6413 = AXIS2_PLACEMENT_3D('',#6414,#6415,#6416);
#6414 = CARTESIAN_POINT('',(17.827241335952,-11.75,41.8));
#6415 = DIRECTION('',(0.,0.,1.));
#6416 = DIRECTION('',(1.,0.,0.));
#6417 = ADVANCED_FACE('',(#6418),#6436,.T.);
#6418 = FACE_BOUND('',#6419,.T.);
#6419 = EDGE_LOOP('',(#6420,#6428,#6434,#6435));
#6420 = ORIENTED_EDGE('',*,*,#6421,.F.);
#6421 = EDGE_CURVE('',#6422,#6400,#6424,.T.);
#6422 = VERTEX_POINT('',#6423);
#6423 = CARTESIAN_POINT('',(15.3,-9.2,40.));
#6424 = LINE('',#6425,#6426);
#6425 = CARTESIAN_POINT('',(15.3,-9.2,39.7));
#6426 = VECTOR('',#6427,1.);
#6427 = DIRECTION('',(0.,0.,1.));
#6428 = ORIENTED_EDGE('',*,*,#6429,.F.);
#6429 = EDGE_CURVE('',#3718,#6422,#6430,.T.);
#6430 = LINE('',#6431,#6432);
#6431 = CARTESIAN_POINT('',(15.163620667976,-9.2,40.));
#6432 = VECTOR('',#6433,1.);
#6433 = DIRECTION('',(1.,0.,0.));
#6434 = ORIENTED_EDGE('',*,*,#3725,.T.);
#6435 = ORIENTED_EDGE('',*,*,#6399,.T.);
#6436 = PLANE('',#6437);
#6437 = AXIS2_PLACEMENT_3D('',#6438,#6439,#6440);
#6438 = CARTESIAN_POINT('',(12.5,-9.2,39.7));
#6439 = DIRECTION('',(0.,1.,0.));
#6440 = DIRECTION('',(0.,0.,1.));
#6441 = ADVANCED_FACE('',(#6442),#6455,.F.);
#6442 = FACE_BOUND('',#6443,.T.);
#6443 = EDGE_LOOP('',(#6444,#6445,#6446,#6447,#6448,#6449));
#6444 = ORIENTED_EDGE('',*,*,#3815,.F.);
#6445 = ORIENTED_EDGE('',*,*,#3774,.F.);
#6446 = ORIENTED_EDGE('',*,*,#3750,.T.);
#6447 = ORIENTED_EDGE('',*,*,#3717,.T.);
#6448 = ORIENTED_EDGE('',*,*,#6429,.T.);
#6449 = ORIENTED_EDGE('',*,*,#6450,.F.);
#6450 = EDGE_CURVE('',#3808,#6422,#6451,.T.);
#6451 = LINE('',#6452,#6453);
#6452 = CARTESIAN_POINT('',(15.3,-10.475,40.));
#6453 = VECTOR('',#6454,1.);
#6454 = DIRECTION('',(0.,-1.,0.));
#6455 = PLANE('',#6456);
#6456 = AXIS2_PLACEMENT_3D('',#6457,#6458,#6459);
#6457 = CARTESIAN_POINT('',(17.827241335952,-11.75,40.));
#6458 = DIRECTION('',(0.,0.,1.));
#6459 = DIRECTION('',(1.,0.,0.));
#6460 = ADVANCED_FACE('',(#6461),#6467,.F.);
#6461 = FACE_BOUND('',#6462,.F.);
#6462 = EDGE_LOOP('',(#6463,#6464,#6465,#6466));
#6463 = ORIENTED_EDGE('',*,*,#6421,.F.);
#6464 = ORIENTED_EDGE('',*,*,#6450,.F.);
#6465 = ORIENTED_EDGE('',*,*,#3807,.T.);
#6466 = ORIENTED_EDGE('',*,*,#6407,.T.);
#6467 = PLANE('',#6468);
#6468 = AXIS2_PLACEMENT_3D('',#6469,#6470,#6471);
#6469 = CARTESIAN_POINT('',(15.3,-9.2,39.7));
#6470 = DIRECTION('',(1.,0.,0.));
#6471 = DIRECTION('',(0.,0.,1.));
#6472 = ADVANCED_FACE('',(#6473),#6479,.T.);
#6473 = FACE_BOUND('',#6474,.F.);
#6474 = EDGE_LOOP('',(#6475,#6476,#6477,#6478));
#6475 = ORIENTED_EDGE('',*,*,#3854,.T.);
#6476 = ORIENTED_EDGE('',*,*,#3910,.T.);
#6477 = ORIENTED_EDGE('',*,*,#3972,.T.);
#6478 = ORIENTED_EDGE('',*,*,#4020,.F.);
#6479 = PLANE('',#6480);
#6480 = AXIS2_PLACEMENT_3D('',#6481,#6482,#6483);
#6481 = CARTESIAN_POINT('',(17.827241335952,0.25,41.8));
#6482 = DIRECTION('',(0.,0.,1.));
#6483 = DIRECTION('',(1.,0.,0.));
#6484 = ADVANCED_FACE('',(#6485),#6491,.F.);
#6485 = FACE_BOUND('',#6486,.T.);
#6486 = EDGE_LOOP('',(#6487,#6488,#6489,#6490));
#6487 = ORIENTED_EDGE('',*,*,#3925,.F.);
#6488 = ORIENTED_EDGE('',*,*,#3894,.T.);
#6489 = ORIENTED_EDGE('',*,*,#3981,.T.);
#6490 = ORIENTED_EDGE('',*,*,#3956,.F.);
#6491 = PLANE('',#6492);
#6492 = AXIS2_PLACEMENT_3D('',#6493,#6494,#6495);
#6493 = CARTESIAN_POINT('',(17.827241335952,0.25,40.));
#6494 = DIRECTION('',(0.,0.,1.));
#6495 = DIRECTION('',(1.,0.,0.));
#6496 = ADVANCED_FACE('',(#6497),#6503,.T.);
#6497 = FACE_BOUND('',#6498,.T.);
#6498 = EDGE_LOOP('',(#6499,#6500,#6501,#6502));
#6499 = ORIENTED_EDGE('',*,*,#4230,.T.);
#6500 = ORIENTED_EDGE('',*,*,#4255,.T.);
#6501 = ORIENTED_EDGE('',*,*,#4272,.T.);
#6502 = ORIENTED_EDGE('',*,*,#6174,.T.);
#6503 = PLANE('',#6504);
#6504 = AXIS2_PLACEMENT_3D('',#6505,#6506,#6507);
#6505 = CARTESIAN_POINT('',(29.136146934637,18.464157737904,40.8));
#6506 = DIRECTION('',(0.508148861978,-0.86126925759,0.));
#6507 = DIRECTION('',(0.,0.,1.));
#6508 = ADVANCED_FACE('',(#6509),#6521,.F.);
#6509 = FACE_BOUND('',#6510,.F.);
#6510 = EDGE_LOOP('',(#6511,#6518,#6519,#6520));
#6511 = ORIENTED_EDGE('',*,*,#6512,.T.);
#6512 = EDGE_CURVE('',#4299,#5078,#6513,.T.);
#6513 = CIRCLE('',#6514,6.);
#6514 = AXIS2_PLACEMENT_3D('',#6515,#6516,#6517);
#6515 = CARTESIAN_POINT('',(10.227241335952,16.,48.55));
#6516 = DIRECTION('',(0.,0.,-1.));
#6517 = DIRECTION('',(5.9E-16,1.,0.));
#6518 = ORIENTED_EDGE('',*,*,#5077,.T.);
#6519 = ORIENTED_EDGE('',*,*,#6512,.F.);
#6520 = ORIENTED_EDGE('',*,*,#4306,.T.);
#6521 = TOROIDAL_SURFACE('',#6522,6.,2.45);
#6522 = AXIS2_PLACEMENT_3D('',#6523,#6524,#6525);
#6523 = CARTESIAN_POINT('',(10.227241335952,16.,51.));
#6524 = DIRECTION('',(0.,0.,-1.));
#6525 = DIRECTION('',(5.9E-16,1.,0.));
#6526 = ADVANCED_FACE('',(#6527),#6533,.T.);
#6527 = FACE_BOUND('',#6528,.F.);
#6528 = EDGE_LOOP('',(#6529,#6530,#6531,#6532));
#6529 = ORIENTED_EDGE('',*,*,#5042,.F.);
#6530 = ORIENTED_EDGE('',*,*,#4434,.T.);
#6531 = ORIENTED_EDGE('',*,*,#4942,.T.);
#6532 = ORIENTED_EDGE('',*,*,#4862,.F.);
#6533 = PLANE('',#6534);
#6534 = AXIS2_PLACEMENT_3D('',#6535,#6536,#6537);
#6535 = CARTESIAN_POINT('',(17.127241335952,-11.05,40.9));
#6536 = DIRECTION('',(-1.,0.,0.));
#6537 = DIRECTION('',(0.,0.,-1.));
#6538 = ADVANCED_FACE('',(#6539),#6566,.T.);
#6539 = FACE_BOUND('',#6540,.F.);
#6540 = EDGE_LOOP('',(#6541,#6542,#6543,#6549,#6550,#6551,#6557,#6558,
    #6564,#6565));
#6541 = ORIENTED_EDGE('',*,*,#5873,.F.);
#6542 = ORIENTED_EDGE('',*,*,#6016,.F.);
#6543 = ORIENTED_EDGE('',*,*,#6544,.T.);
#6544 = EDGE_CURVE('',#6009,#4459,#6545,.T.);
#6545 = LINE('',#6546,#6547);
#6546 = CARTESIAN_POINT('',(21.227241335952,-18.75,43.5));
#6547 = VECTOR('',#6548,1.);
#6548 = DIRECTION('',(0.,0.,1.));
#6549 = ORIENTED_EDGE('',*,*,#4458,.T.);
#6550 = ORIENTED_EDGE('',*,*,#4614,.F.);
#6551 = ORIENTED_EDGE('',*,*,#6552,.F.);
#6552 = EDGE_CURVE('',#6253,#4607,#6553,.T.);
#6553 = LINE('',#6554,#6555);
#6554 = CARTESIAN_POINT('',(13.977241335952,-18.75,44.));
#6555 = VECTOR('',#6556,1.);
#6556 = DIRECTION('',(1.,0.,0.));
#6557 = ORIENTED_EDGE('',*,*,#6252,.F.);
#6558 = ORIENTED_EDGE('',*,*,#6559,.F.);
#6559 = EDGE_CURVE('',#5818,#6245,#6560,.T.);
#6560 = LINE('',#6561,#6562);
#6561 = CARTESIAN_POINT('',(13.977241335952,-18.75,44.));
#6562 = VECTOR('',#6563,1.);
#6563 = DIRECTION('',(1.,0.,0.));
#6564 = ORIENTED_EDGE('',*,*,#5825,.T.);
#6565 = ORIENTED_EDGE('',*,*,#5849,.T.);
#6566 = PLANE('',#6567);
#6567 = AXIS2_PLACEMENT_3D('',#6568,#6569,#6570);
#6568 = CARTESIAN_POINT('',(21.227241335952,-18.75,43.5));
#6569 = DIRECTION('',(0.,1.,0.));
#6570 = DIRECTION('',(-0.,-0.,-1.));
#6571 = ADVANCED_FACE('',(#6572),#6578,.T.);
#6572 = FACE_BOUND('',#6573,.F.);
#6573 = EDGE_LOOP('',(#6574,#6575,#6576,#6577));
#6574 = ORIENTED_EDGE('',*,*,#4466,.F.);
#6575 = ORIENTED_EDGE('',*,*,#6544,.F.);
#6576 = ORIENTED_EDGE('',*,*,#6008,.T.);
#6577 = ORIENTED_EDGE('',*,*,#6138,.T.);
#6578 = PLANE('',#6579);
#6579 = AXIS2_PLACEMENT_3D('',#6580,#6581,#6582);
#6580 = CARTESIAN_POINT('',(21.227241335952,-4.75,43.8));
#6581 = DIRECTION('',(-1.,-0.,-0.));
#6582 = DIRECTION('',(0.,0.,-1.));
#6583 = ADVANCED_FACE('',(#6584),#6601,.T.);
#6584 = FACE_BOUND('',#6585,.F.);
#6585 = EDGE_LOOP('',(#6586,#6592,#6593,#6594,#6595));
#6586 = ORIENTED_EDGE('',*,*,#6587,.F.);
#6587 = EDGE_CURVE('',#4599,#6218,#6588,.T.);
#6588 = LINE('',#6589,#6590);
#6589 = CARTESIAN_POINT('',(6.727241335952,-24.75,44.));
#6590 = VECTOR('',#6591,1.);
#6591 = DIRECTION('',(-1.,0.,0.));
#6592 = ORIENTED_EDGE('',*,*,#4598,.T.);
#6593 = ORIENTED_EDGE('',*,*,#4564,.T.);
#6594 = ORIENTED_EDGE('',*,*,#5809,.F.);
#6595 = ORIENTED_EDGE('',*,*,#6596,.F.);
#6596 = EDGE_CURVE('',#6218,#5810,#6597,.T.);
#6597 = LINE('',#6598,#6599);
#6598 = CARTESIAN_POINT('',(6.727241335952,-24.75,44.));
#6599 = VECTOR('',#6600,1.);
#6600 = DIRECTION('',(-1.,0.,0.));
#6601 = PLANE('',#6602);
#6602 = AXIS2_PLACEMENT_3D('',#6603,#6604,#6605);
#6603 = CARTESIAN_POINT('',(6.727241335952,-24.75,44.));
#6604 = DIRECTION('',(0.,1.,0.));
#6605 = DIRECTION('',(-0.,-0.,-1.));
#6606 = ADVANCED_FACE('',(#6607),#6614,.T.);
#6607 = FACE_BOUND('',#6608,.F.);
#6608 = EDGE_LOOP('',(#6609,#6610,#6611,#6612,#6613));
#6609 = ORIENTED_EDGE('',*,*,#4606,.F.);
#6610 = ORIENTED_EDGE('',*,*,#6587,.T.);
#6611 = ORIENTED_EDGE('',*,*,#6215,.F.);
#6612 = ORIENTED_EDGE('',*,*,#6260,.F.);
#6613 = ORIENTED_EDGE('',*,*,#6552,.T.);
#6614 = PLANE('',#6615);
#6615 = AXIS2_PLACEMENT_3D('',#6616,#6617,#6618);
#6616 = CARTESIAN_POINT('',(6.727241335952,-24.75,44.));
#6617 = DIRECTION('',(0.,0.,1.));
#6618 = DIRECTION('',(1.,0.,0.));
#6619 = ADVANCED_FACE('',(#6620),#6640,.T.);
#6620 = FACE_BOUND('',#6621,.F.);
#6621 = EDGE_LOOP('',(#6622,#6623,#6624,#6632,#6638,#6639));
#6622 = ORIENTED_EDGE('',*,*,#5060,.F.);
#6623 = ORIENTED_EDGE('',*,*,#4901,.F.);
#6624 = ORIENTED_EDGE('',*,*,#6625,.T.);
#6625 = EDGE_CURVE('',#4902,#6626,#6628,.T.);
#6626 = VERTEX_POINT('',#6627);
#6627 = CARTESIAN_POINT('',(14.527241335952,-7.25,45.5));
#6628 = LINE('',#6629,#6630);
#6629 = CARTESIAN_POINT('',(14.527241335952,-7.25,44.));
#6630 = VECTOR('',#6631,1.);
#6631 = DIRECTION('',(0.,0.,1.));
#6632 = ORIENTED_EDGE('',*,*,#6633,.F.);
#6633 = EDGE_CURVE('',#4816,#6626,#6634,.T.);
#6634 = LINE('',#6635,#6636);
#6635 = CARTESIAN_POINT('',(14.527241335952,-7.35,45.5));
#6636 = VECTOR('',#6637,1.);
#6637 = DIRECTION('',(0.,-1.,0.));
#6638 = ORIENTED_EDGE('',*,*,#4815,.F.);
#6639 = ORIENTED_EDGE('',*,*,#4791,.F.);
#6640 = PLANE('',#6641);
#6641 = AXIS2_PLACEMENT_3D('',#6642,#6643,#6644);
#6642 = CARTESIAN_POINT('',(14.527241335952,-7.45,44.));
#6643 = DIRECTION('',(-1.,0.,0.));
#6644 = DIRECTION('',(0.,0.,-1.));
#6645 = ADVANCED_FACE('',(#6646),#6664,.F.);
#6646 = FACE_BOUND('',#6647,.T.);
#6647 = EDGE_LOOP('',(#6648,#6649,#6657,#6663));
#6648 = ORIENTED_EDGE('',*,*,#4925,.T.);
#6649 = ORIENTED_EDGE('',*,*,#6650,.T.);
#6650 = EDGE_CURVE('',#4918,#6651,#6653,.T.);
#6651 = VERTEX_POINT('',#6652);
#6652 = CARTESIAN_POINT('',(15.727241335952,-2.25,45.5));
#6653 = LINE('',#6654,#6655);
#6654 = CARTESIAN_POINT('',(15.727241335952,-2.25,44.));
#6655 = VECTOR('',#6656,1.);
#6656 = DIRECTION('',(0.,0.,1.));
#6657 = ORIENTED_EDGE('',*,*,#6658,.T.);
#6658 = EDGE_CURVE('',#6651,#4824,#6659,.T.);
#6659 = LINE('',#6660,#6661);
#6660 = CARTESIAN_POINT('',(15.727241335952,-2.25,45.5));
#6661 = VECTOR('',#6662,1.);
#6662 = DIRECTION('',(-1.,0.,0.));
#6663 = ORIENTED_EDGE('',*,*,#4831,.F.);
#6664 = PLANE('',#6665);
#6665 = AXIS2_PLACEMENT_3D('',#6666,#6667,#6668);
#6666 = CARTESIAN_POINT('',(15.727241335952,-2.25,44.));
#6667 = DIRECTION('',(0.,1.,0.));
#6668 = DIRECTION('',(-0.,-0.,-1.));
#6669 = ADVANCED_FACE('',(#6670),#6689,.F.);
#6670 = FACE_BOUND('',#6671,.T.);
#6671 = EDGE_LOOP('',(#6672,#6673,#6681,#6687,#6688));
#6672 = ORIENTED_EDGE('',*,*,#6658,.F.);
#6673 = ORIENTED_EDGE('',*,*,#6674,.F.);
#6674 = EDGE_CURVE('',#6675,#6651,#6677,.T.);
#6675 = VERTEX_POINT('',#6676);
#6676 = CARTESIAN_POINT('',(15.727241335952,-7.25,45.5));
#6677 = LINE('',#6678,#6679);
#6678 = CARTESIAN_POINT('',(15.727241335952,-7.25,45.5));
#6679 = VECTOR('',#6680,1.);
#6680 = DIRECTION('',(0.,1.,0.));
#6681 = ORIENTED_EDGE('',*,*,#6682,.T.);
#6682 = EDGE_CURVE('',#6675,#6626,#6683,.T.);
#6683 = LINE('',#6684,#6685);
#6684 = CARTESIAN_POINT('',(15.727241335952,-7.25,45.5));
#6685 = VECTOR('',#6686,1.);
#6686 = DIRECTION('',(-1.,0.,0.));
#6687 = ORIENTED_EDGE('',*,*,#6633,.F.);
#6688 = ORIENTED_EDGE('',*,*,#4823,.F.);
#6689 = PLANE('',#6690);
#6690 = AXIS2_PLACEMENT_3D('',#6691,#6692,#6693);
#6691 = CARTESIAN_POINT('',(15.727241335952,-7.25,45.5));
#6692 = DIRECTION('',(0.,0.,1.));
#6693 = DIRECTION('',(1.,0.,0.));
#6694 = ADVANCED_FACE('',(#6695),#6706,.T.);
#6695 = FACE_BOUND('',#6696,.F.);
#6696 = EDGE_LOOP('',(#6697,#6703,#6704,#6705));
#6697 = ORIENTED_EDGE('',*,*,#6698,.F.);
#6698 = EDGE_CURVE('',#4910,#6675,#6699,.T.);
#6699 = LINE('',#6700,#6701);
#6700 = CARTESIAN_POINT('',(15.727241335952,-7.25,44.));
#6701 = VECTOR('',#6702,1.);
#6702 = DIRECTION('',(0.,0.,1.));
#6703 = ORIENTED_EDGE('',*,*,#4917,.T.);
#6704 = ORIENTED_EDGE('',*,*,#6650,.T.);
#6705 = ORIENTED_EDGE('',*,*,#6674,.F.);
#6706 = PLANE('',#6707);
#6707 = AXIS2_PLACEMENT_3D('',#6708,#6709,#6710);
#6708 = CARTESIAN_POINT('',(15.727241335952,-7.25,44.));
#6709 = DIRECTION('',(-1.,0.,0.));
#6710 = DIRECTION('',(0.,0.,-1.));
#6711 = ADVANCED_FACE('',(#6712),#6718,.T.);
#6712 = FACE_BOUND('',#6713,.F.);
#6713 = EDGE_LOOP('',(#6714,#6715,#6716,#6717));
#6714 = ORIENTED_EDGE('',*,*,#4909,.T.);
#6715 = ORIENTED_EDGE('',*,*,#6698,.T.);
#6716 = ORIENTED_EDGE('',*,*,#6682,.T.);
#6717 = ORIENTED_EDGE('',*,*,#6625,.F.);
#6718 = PLANE('',#6719);
#6719 = AXIS2_PLACEMENT_3D('',#6720,#6721,#6722);
#6720 = CARTESIAN_POINT('',(15.727241335952,-7.25,44.));
#6721 = DIRECTION('',(0.,1.,0.));
#6722 = DIRECTION('',(-0.,-0.,-1.));
#6723 = ADVANCED_FACE('',(#6724),#6735,.F.);
#6724 = FACE_BOUND('',#6725,.T.);
#6725 = EDGE_LOOP('',(#6726,#6727,#6728));
#6726 = ORIENTED_EDGE('',*,*,#5149,.F.);
#6727 = ORIENTED_EDGE('',*,*,#5227,.T.);
#6728 = ORIENTED_EDGE('',*,*,#6729,.F.);
#6729 = EDGE_CURVE('',#5142,#5228,#6730,.T.);
#6730 = CIRCLE('',#6731,3.4);
#6731 = AXIS2_PLACEMENT_3D('',#6732,#6733,#6734);
#6732 = CARTESIAN_POINT('',(16.227241335952,4.25,51.));
#6733 = DIRECTION('',(0.,-1.,0.));
#6734 = DIRECTION('',(0.,0.,1.));
#6735 = CYLINDRICAL_SURFACE('',#6736,3.4);
#6736 = AXIS2_PLACEMENT_3D('',#6737,#6738,#6739);
#6737 = CARTESIAN_POINT('',(16.227241335952,-13.75,51.));
#6738 = DIRECTION('',(0.,1.,0.));
#6739 = DIRECTION('',(0.,0.,1.));
#6740 = ADVANCED_FACE('',(#6741),#6746,.F.);
#6741 = FACE_BOUND('',#6742,.T.);
#6742 = EDGE_LOOP('',(#6743,#6744,#6745));
#6743 = ORIENTED_EDGE('',*,*,#5141,.F.);
#6744 = ORIENTED_EDGE('',*,*,#6729,.T.);
#6745 = ORIENTED_EDGE('',*,*,#5235,.T.);
#6746 = PLANE('',#6747);
#6747 = AXIS2_PLACEMENT_3D('',#6748,#6749,#6750);
#6748 = CARTESIAN_POINT('',(16.227241335952,4.25,51.));
#6749 = DIRECTION('',(0.,1.,0.));
#6750 = DIRECTION('',(0.,0.,-1.));
#6751 = ADVANCED_FACE('',(#6752),#6772,.F.);
#6752 = FACE_BOUND('',#6753,.F.);
#6753 = EDGE_LOOP('',(#6754,#6755,#6763,#6770,#6771));
#6754 = ORIENTED_EDGE('',*,*,#5244,.T.);
#6755 = ORIENTED_EDGE('',*,*,#6756,.F.);
#6756 = EDGE_CURVE('',#6757,#5247,#6759,.T.);
#6757 = VERTEX_POINT('',#6758);
#6758 = CARTESIAN_POINT('',(22.127241335952,4.25,51.7));
#6759 = LINE('',#6760,#6761);
#6760 = CARTESIAN_POINT('',(22.127241335952,4.25,51.7));
#6761 = VECTOR('',#6762,1.);
#6762 = DIRECTION('',(0.,0.,1.));
#6763 = ORIENTED_EDGE('',*,*,#6764,.T.);
#6764 = EDGE_CURVE('',#6757,#6757,#6765,.T.);
#6765 = CIRCLE('',#6766,0.9);
#6766 = AXIS2_PLACEMENT_3D('',#6767,#6768,#6769);
#6767 = CARTESIAN_POINT('',(21.227241335952,4.25,51.7));
#6768 = DIRECTION('',(0.,0.,1.));
#6769 = DIRECTION('',(1.,0.,0.));
#6770 = ORIENTED_EDGE('',*,*,#6756,.T.);
#6771 = ORIENTED_EDGE('',*,*,#5255,.T.);
#6772 = CYLINDRICAL_SURFACE('',#6773,0.9);
#6773 = AXIS2_PLACEMENT_3D('',#6774,#6775,#6776);
#6774 = CARTESIAN_POINT('',(21.227241335952,4.25,51.7));
#6775 = DIRECTION('',(0.,0.,1.));
#6776 = DIRECTION('',(1.,0.,0.));
#6777 = ADVANCED_FACE('',(#6778),#6784,.T.);
#6778 = FACE_BOUND('',#6779,.F.);
#6779 = EDGE_LOOP('',(#6780,#6781,#6782,#6783));
#6780 = ORIENTED_EDGE('',*,*,#5425,.F.);
#6781 = ORIENTED_EDGE('',*,*,#5278,.T.);
#6782 = ORIENTED_EDGE('',*,*,#5306,.T.);
#6783 = ORIENTED_EDGE('',*,*,#5330,.F.);
#6784 = PLANE('',#6785);
#6785 = AXIS2_PLACEMENT_3D('',#6786,#6787,#6788);
#6786 = CARTESIAN_POINT('',(22.927241335952,2.05,52.));
#6787 = DIRECTION('',(-1.,0.,0.));
#6788 = DIRECTION('',(0.,0.,-1.));
#6789 = ADVANCED_FACE('',(#6790),#6795,.F.);
#6790 = FACE_BOUND('',#6791,.T.);
#6791 = EDGE_LOOP('',(#6792,#6793,#6794));
#6792 = ORIENTED_EDGE('',*,*,#5593,.T.);
#6793 = ORIENTED_EDGE('',*,*,#5463,.F.);
#6794 = ORIENTED_EDGE('',*,*,#5515,.F.);
#6795 = CYLINDRICAL_SURFACE('',#6796,3.4);
#6796 = AXIS2_PLACEMENT_3D('',#6797,#6798,#6799);
#6797 = CARTESIAN_POINT('',(16.227241335952,-13.75,51.));
#6798 = DIRECTION('',(0.,1.,0.));
#6799 = DIRECTION('',(0.,0.,1.));
#6800 = ADVANCED_FACE('',(#6801),#6821,.F.);
#6801 = FACE_BOUND('',#6802,.F.);
#6802 = EDGE_LOOP('',(#6803,#6804,#6812,#6819,#6820));
#6803 = ORIENTED_EDGE('',*,*,#5602,.T.);
#6804 = ORIENTED_EDGE('',*,*,#6805,.F.);
#6805 = EDGE_CURVE('',#6806,#5605,#6808,.T.);
#6806 = VERTEX_POINT('',#6807);
#6807 = CARTESIAN_POINT('',(22.127241335952,-11.75,51.7));
#6808 = LINE('',#6809,#6810);
#6809 = CARTESIAN_POINT('',(22.127241335952,-11.75,51.7));
#6810 = VECTOR('',#6811,1.);
#6811 = DIRECTION('',(0.,0.,1.));
#6812 = ORIENTED_EDGE('',*,*,#6813,.T.);
#6813 = EDGE_CURVE('',#6806,#6806,#6814,.T.);
#6814 = CIRCLE('',#6815,0.9);
#6815 = AXIS2_PLACEMENT_3D('',#6816,#6817,#6818);
#6816 = CARTESIAN_POINT('',(21.227241335952,-11.75,51.7));
#6817 = DIRECTION('',(0.,0.,1.));
#6818 = DIRECTION('',(1.,0.,0.));
#6819 = ORIENTED_EDGE('',*,*,#6805,.T.);
#6820 = ORIENTED_EDGE('',*,*,#5613,.T.);
#6821 = CYLINDRICAL_SURFACE('',#6822,0.9);
#6822 = AXIS2_PLACEMENT_3D('',#6823,#6824,#6825);
#6823 = CARTESIAN_POINT('',(21.227241335952,-11.75,51.7));
#6824 = DIRECTION('',(0.,0.,1.));
#6825 = DIRECTION('',(1.,0.,0.));
#6826 = ADVANCED_FACE('',(#6827),#6833,.T.);
#6827 = FACE_BOUND('',#6828,.F.);
#6828 = EDGE_LOOP('',(#6829,#6830,#6831,#6832));
#6829 = ORIENTED_EDGE('',*,*,#5783,.F.);
#6830 = ORIENTED_EDGE('',*,*,#5636,.T.);
#6831 = ORIENTED_EDGE('',*,*,#5664,.T.);
#6832 = ORIENTED_EDGE('',*,*,#5688,.F.);
#6833 = PLANE('',#6834);
#6834 = AXIS2_PLACEMENT_3D('',#6835,#6836,#6837);
#6835 = CARTESIAN_POINT('',(22.927241335952,-13.95,52.));
#6836 = DIRECTION('',(-1.,0.,0.));
#6837 = DIRECTION('',(0.,0.,-1.));
#6838 = ADVANCED_FACE('',(#6839),#6847,.T.);
#6839 = FACE_BOUND('',#6840,.F.);
#6840 = EDGE_LOOP('',(#6841,#6842,#6843,#6844,#6845,#6846));
#6841 = ORIENTED_EDGE('',*,*,#6226,.F.);
#6842 = ORIENTED_EDGE('',*,*,#6596,.T.);
#6843 = ORIENTED_EDGE('',*,*,#5817,.T.);
#6844 = ORIENTED_EDGE('',*,*,#6559,.T.);
#6845 = ORIENTED_EDGE('',*,*,#6244,.T.);
#6846 = ORIENTED_EDGE('',*,*,#6235,.F.);
#6847 = PLANE('',#6848);
#6848 = AXIS2_PLACEMENT_3D('',#6849,#6850,#6851);
#6849 = CARTESIAN_POINT('',(6.727241335952,-24.75,44.));
#6850 = DIRECTION('',(0.,0.,1.));
#6851 = DIRECTION('',(1.,0.,0.));
#6852 = ADVANCED_FACE('',(#6853),#6859,.T.);
#6853 = FACE_BOUND('',#6854,.F.);
#6854 = EDGE_LOOP('',(#6855,#6856,#6857,#6858));
#6855 = ORIENTED_EDGE('',*,*,#6106,.F.);
#6856 = ORIENTED_EDGE('',*,*,#5971,.T.);
#6857 = ORIENTED_EDGE('',*,*,#6067,.T.);
#6858 = ORIENTED_EDGE('',*,*,#6120,.T.);
#6859 = PLANE('',#6860);
#6860 = AXIS2_PLACEMENT_3D('',#6861,#6862,#6863);
#6861 = CARTESIAN_POINT('',(2.827241335952,0.25,40.));
#6862 = DIRECTION('',(-1.,0.,0.));
#6863 = DIRECTION('',(0.,0.,-1.));
#6864 = ADVANCED_FACE('',(#6865,#6868),#6879,.T.);
#6865 = FACE_BOUND('',#6866,.T.);
#6866 = EDGE_LOOP('',(#6867));
#6867 = ORIENTED_EDGE('',*,*,#6764,.T.);
#6868 = FACE_BOUND('',#6869,.T.);
#6869 = EDGE_LOOP('',(#6870));
#6870 = ORIENTED_EDGE('',*,*,#6871,.F.);
#6871 = EDGE_CURVE('',#6872,#6872,#6874,.T.);
#6872 = VERTEX_POINT('',#6873);
#6873 = CARTESIAN_POINT('',(20.727241335952,4.25,51.7));
#6874 = CIRCLE('',#6875,0.5);
#6875 = AXIS2_PLACEMENT_3D('',#6876,#6877,#6878);
#6876 = CARTESIAN_POINT('',(21.227241335952,4.25,51.7));
#6877 = DIRECTION('',(0.,0.,1.));
#6878 = DIRECTION('',(-1.,0.,0.));
#6879 = PLANE('',#6880);
#6880 = AXIS2_PLACEMENT_3D('',#6881,#6882,#6883);
#6881 = CARTESIAN_POINT('',(21.227241335952,4.25,51.7));
#6882 = DIRECTION('',(0.,0.,1.));
#6883 = DIRECTION('',(1.,0.,0.));
#6884 = ADVANCED_FACE('',(#6885,#6888),#6899,.T.);
#6885 = FACE_BOUND('',#6886,.T.);
#6886 = EDGE_LOOP('',(#6887));
#6887 = ORIENTED_EDGE('',*,*,#6813,.T.);
#6888 = FACE_BOUND('',#6889,.T.);
#6889 = EDGE_LOOP('',(#6890));
#6890 = ORIENTED_EDGE('',*,*,#6891,.F.);
#6891 = EDGE_CURVE('',#6892,#6892,#6894,.T.);
#6892 = VERTEX_POINT('',#6893);
#6893 = CARTESIAN_POINT('',(20.727241335952,-11.75,51.7));
#6894 = CIRCLE('',#6895,0.5);
#6895 = AXIS2_PLACEMENT_3D('',#6896,#6897,#6898);
#6896 = CARTESIAN_POINT('',(21.227241335952,-11.75,51.7));
#6897 = DIRECTION('',(0.,0.,1.));
#6898 = DIRECTION('',(-1.,0.,0.));
#6899 = PLANE('',#6900);
#6900 = AXIS2_PLACEMENT_3D('',#6901,#6902,#6903);
#6901 = CARTESIAN_POINT('',(21.227241335952,-11.75,51.7));
#6902 = DIRECTION('',(0.,0.,1.));
#6903 = DIRECTION('',(1.,0.,0.));
#6904 = ADVANCED_FACE('',(#6905),#6924,.F.);
#6905 = FACE_BOUND('',#6906,.T.);
#6906 = EDGE_LOOP('',(#6907,#6908,#6916,#6923));
#6907 = ORIENTED_EDGE('',*,*,#6871,.T.);
#6908 = ORIENTED_EDGE('',*,*,#6909,.F.);
#6909 = EDGE_CURVE('',#6910,#6872,#6912,.T.);
#6910 = VERTEX_POINT('',#6911);
#6911 = CARTESIAN_POINT('',(20.727241335952,4.25,48.));
#6912 = LINE('',#6913,#6914);
#6913 = CARTESIAN_POINT('',(20.727241335952,4.25,48.));
#6914 = VECTOR('',#6915,1.);
#6915 = DIRECTION('',(0.,0.,1.));
#6916 = ORIENTED_EDGE('',*,*,#6917,.T.);
#6917 = EDGE_CURVE('',#6910,#6910,#6918,.T.);
#6918 = CIRCLE('',#6919,0.5);
#6919 = AXIS2_PLACEMENT_3D('',#6920,#6921,#6922);
#6920 = CARTESIAN_POINT('',(21.227241335952,4.25,48.));
#6921 = DIRECTION('',(0.,0.,-1.));
#6922 = DIRECTION('',(-1.,0.,0.));
#6923 = ORIENTED_EDGE('',*,*,#6909,.T.);
#6924 = CYLINDRICAL_SURFACE('',#6925,0.5);
#6925 = AXIS2_PLACEMENT_3D('',#6926,#6927,#6928);
#6926 = CARTESIAN_POINT('',(21.227241335952,4.25,48.));
#6927 = DIRECTION('',(0.,0.,1.));
#6928 = DIRECTION('',(-1.,0.,0.));
#6929 = ADVANCED_FACE('',(#6930),#6949,.F.);
#6930 = FACE_BOUND('',#6931,.T.);
#6931 = EDGE_LOOP('',(#6932,#6933,#6941,#6948));
#6932 = ORIENTED_EDGE('',*,*,#6891,.T.);
#6933 = ORIENTED_EDGE('',*,*,#6934,.F.);
#6934 = EDGE_CURVE('',#6935,#6892,#6937,.T.);
#6935 = VERTEX_POINT('',#6936);
#6936 = CARTESIAN_POINT('',(20.727241335952,-11.75,48.));
#6937 = LINE('',#6938,#6939);
#6938 = CARTESIAN_POINT('',(20.727241335952,-11.75,48.));
#6939 = VECTOR('',#6940,1.);
#6940 = DIRECTION('',(0.,0.,1.));
#6941 = ORIENTED_EDGE('',*,*,#6942,.T.);
#6942 = EDGE_CURVE('',#6935,#6935,#6943,.T.);
#6943 = CIRCLE('',#6944,0.5);
#6944 = AXIS2_PLACEMENT_3D('',#6945,#6946,#6947);
#6945 = CARTESIAN_POINT('',(21.227241335952,-11.75,48.));
#6946 = DIRECTION('',(0.,0.,-1.));
#6947 = DIRECTION('',(-1.,0.,0.));
#6948 = ORIENTED_EDGE('',*,*,#6934,.T.);
#6949 = CYLINDRICAL_SURFACE('',#6950,0.5);
#6950 = AXIS2_PLACEMENT_3D('',#6951,#6952,#6953);
#6951 = CARTESIAN_POINT('',(21.227241335952,-11.75,48.));
#6952 = DIRECTION('',(0.,0.,1.));
#6953 = DIRECTION('',(-1.,0.,0.));
#6954 = ADVANCED_FACE('',(#6955),#6958,.T.);
#6955 = FACE_BOUND('',#6956,.T.);
#6956 = EDGE_LOOP('',(#6957));
#6957 = ORIENTED_EDGE('',*,*,#6917,.F.);
#6958 = PLANE('',#6959);
#6959 = AXIS2_PLACEMENT_3D('',#6960,#6961,#6962);
#6960 = CARTESIAN_POINT('',(21.227241335952,4.25,48.));
#6961 = DIRECTION('',(0.,0.,1.));
#6962 = DIRECTION('',(1.,0.,0.));
#6963 = ADVANCED_FACE('',(#6964),#6967,.T.);
#6964 = FACE_BOUND('',#6965,.T.);
#6965 = EDGE_LOOP('',(#6966));
#6966 = ORIENTED_EDGE('',*,*,#6942,.F.);
#6967 = PLANE('',#6968);
#6968 = AXIS2_PLACEMENT_3D('',#6969,#6970,#6971);
#6969 = CARTESIAN_POINT('',(21.227241335952,-11.75,48.));
#6970 = DIRECTION('',(0.,0.,1.));
#6971 = DIRECTION('',(1.,0.,0.));
#6972 = ( GEOMETRIC_REPRESENTATION_CONTEXT(3) 
GLOBAL_UNCERTAINTY_ASSIGNED_CONTEXT((#6976)) 
GLOBAL_UNIT_ASSIGNED_CONTEXT((#6973,#6974,#6975)) REPRESENTATION_CONTEXT
('Context #1','3D Context with UNIT and UNCERTAINTY') );
#6973 = ( LENGTH_UNIT() NAMED_UNIT(*) SI_UNIT(.MILLI.,.METRE.) );
#6974 = ( NAMED_UNIT(*) PLANE_ANGLE_UNIT() SI_UNIT($,.RADIAN.) );
#6975 = ( NAMED_UNIT(*) SI_UNIT($,.STERADIAN.) SOLID_ANGLE_UNIT() );
#6976 = UNCERTAINTY_MEASURE_WITH_UNIT(LENGTH_MEASURE(2.E-07),#6973,
  'distance_accuracy_value','confusion accuracy');
#6977 = PRODUCT_RELATED_PRODUCT_CATEGORY('part',$,(#7));
ENDSEC;
END-ISO-10303-21;
