ISO-10303-21;
HEADER;
FILE_DESCRIPTION(('FreeCAD Model'),'2;1');
FILE_NAME('Open CASCADE Shape Model','2026-09-30T05:24:25',('FreeCAD'),(
    'FreeCAD'),'Open CASCADE STEP processor 7.8','FreeCAD','Unknown');
FILE_SCHEMA(('AUTOMOTIVE_DESIGN { 1 0 10303 214 1 1 1 1 }'));
ENDSEC;
DATA;
#1 = APPLICATION_PROTOCOL_DEFINITION('international standard',
  'automotive_design',2000,#2);
#2 = APPLICATION_CONTEXT(
  'core data for automotive mechanical design processes');
#3 = SHAPE_DEFINITION_REPRESENTATION(#4,#10);
#4 = PRODUCT_DEFINITION_SHAPE('','',#5);
#5 = PRODUCT_DEFINITION('design','',#6,#9);
#6 = PRODUCT_DEFINITION_FORMATION('','',#7);
#7 = PRODUCT('Open CASCADE STEP translator 7.8 53',
  'Open CASCADE STEP translator 7.8 53','',(#8));
#8 = PRODUCT_CONTEXT('',#2,'mechanical');
#9 = PRODUCT_DEFINITION_CONTEXT('part definition',#2,'design');
#10 = ADVANCED_BREP_SHAPE_REPRESENTATION('',(#11,#15),#2200);
#11 = AXIS2_PLACEMENT_3D('',#12,#13,#14);
#12 = CARTESIAN_POINT('',(0.,0.,0.));
#13 = DIRECTION('',(0.,0.,1.));
#14 = DIRECTION('',(1.,0.,-0.));
#15 = MANIFOLD_SOLID_BREP('',#16);
#16 = CLOSED_SHELL('',(#17,#57,#150,#564,#594,#1349,#1367,#1377,#1428,
    #1488,#1532,#1544,#1561,#1610,#1659,#1676,#1693,#1742,#1801,#1818,
    #1838,#1848,#1866,#1876,#1894,#1904,#1928,#1952,#1976,#2000,#2017,
    #2034,#2058,#2082,#2106,#2130,#2147,#2164,#2182));
#17 = ADVANCED_FACE('',(#18),#52,.F.);
#18 = FACE_BOUND('',#19,.F.);
#19 = EDGE_LOOP('',(#20,#30,#38,#46));
#20 = ORIENTED_EDGE('',*,*,#21,.F.);
#21 = EDGE_CURVE('',#22,#24,#26,.T.);
#22 = VERTEX_POINT('',#23);
#23 = CARTESIAN_POINT('',(-48.,-22.5,41.));
#24 = VERTEX_POINT('',#25);
#25 = CARTESIAN_POINT('',(-48.,-22.5,43.));
#26 = LINE('',#27,#28);
#27 = CARTESIAN_POINT('',(-48.,-22.5,41.));
#28 = VECTOR('',#29,1.);
#29 = DIRECTION('',(0.,0.,1.));
#30 = ORIENTED_EDGE('',*,*,#31,.T.);
#31 = EDGE_CURVE('',#22,#32,#34,.T.);
#32 = VERTEX_POINT('',#33);
#33 = CARTESIAN_POINT('',(-48.,22.5,41.));
#34 = LINE('',#35,#36);
#35 = CARTESIAN_POINT('',(-48.,-22.5,41.));
#36 = VECTOR('',#37,1.);
#37 = DIRECTION('',(0.,1.,0.));
#38 = ORIENTED_EDGE('',*,*,#39,.T.);
#39 = EDGE_CURVE('',#32,#40,#42,.T.);
#40 = VERTEX_POINT('',#41);
#41 = CARTESIAN_POINT('',(-48.,22.5,43.));
#42 = LINE('',#43,#44);
#43 = CARTESIAN_POINT('',(-48.,22.5,41.));
#44 = VECTOR('',#45,1.);
#45 = DIRECTION('',(0.,0.,1.));
#46 = ORIENTED_EDGE('',*,*,#47,.F.);
#47 = EDGE_CURVE('',#24,#40,#48,.T.);
#48 = LINE('',#49,#50);
#49 = CARTESIAN_POINT('',(-48.,-22.5,43.));
#50 = VECTOR('',#51,1.);
#51 = DIRECTION('',(0.,1.,0.));
#52 = PLANE('',#53);
#53 = AXIS2_PLACEMENT_3D('',#54,#55,#56);
#54 = CARTESIAN_POINT('',(-48.,-22.5,41.));
#55 = DIRECTION('',(1.,0.,0.));
#56 = DIRECTION('',(0.,0.,1.));
#57 = ADVANCED_FACE('',(#58),#145,.F.);
#58 = FACE_BOUND('',#59,.F.);
#59 = EDGE_LOOP('',(#60,#68,#69,#77,#85,#93,#104,#136));
#60 = ORIENTED_EDGE('',*,*,#61,.F.);
#61 = EDGE_CURVE('',#22,#62,#64,.T.);
#62 = VERTEX_POINT('',#63);
#63 = CARTESIAN_POINT('',(-39.73464452952,-22.5,41.));
#64 = LINE('',#65,#66);
#65 = CARTESIAN_POINT('',(-48.,-22.5,41.));
#66 = VECTOR('',#67,1.);
#67 = DIRECTION('',(1.,0.,0.));
#68 = ORIENTED_EDGE('',*,*,#21,.T.);
#69 = ORIENTED_EDGE('',*,*,#70,.T.);
#70 = EDGE_CURVE('',#24,#71,#73,.T.);
#71 = VERTEX_POINT('',#72);
#72 = CARTESIAN_POINT('',(-32.,-22.5,43.));
#73 = LINE('',#74,#75);
#74 = CARTESIAN_POINT('',(-48.,-22.5,43.));
#75 = VECTOR('',#76,1.);
#76 = DIRECTION('',(1.,0.,0.));
#77 = ORIENTED_EDGE('',*,*,#78,.F.);
#78 = EDGE_CURVE('',#79,#71,#81,.T.);
#79 = VERTEX_POINT('',#80);
#80 = CARTESIAN_POINT('',(-32.,-22.5,41.));
#81 = LINE('',#82,#83);
#82 = CARTESIAN_POINT('',(-32.,-22.5,41.));
#83 = VECTOR('',#84,1.);
#84 = DIRECTION('',(0.,0.,1.));
#85 = ORIENTED_EDGE('',*,*,#86,.F.);
#86 = EDGE_CURVE('',#87,#79,#89,.T.);
#87 = VERTEX_POINT('',#88);
#88 = CARTESIAN_POINT('',(-36.26535547047,-22.5,41.));
#89 = LINE('',#90,#91);
#90 = CARTESIAN_POINT('',(-48.,-22.5,41.));
#91 = VECTOR('',#92,1.);
#92 = DIRECTION('',(1.,0.,0.));
#93 = ORIENTED_EDGE('',*,*,#94,.T.);
#94 = EDGE_CURVE('',#87,#95,#97,.T.);
#95 = VERTEX_POINT('',#96);
#96 = CARTESIAN_POINT('',(-36.58490283019,-22.5,41.291900756452));
#97 = B_SPLINE_CURVE_WITH_KNOTS('',5,(#98,#99,#100,#101,#102,#103),
  .UNSPECIFIED.,.F.,.F.,(6,6),(0.,1.),.PIECEWISE_BEZIER_KNOTS.);
#98 = CARTESIAN_POINT('',(-36.09957665546,-22.5,40.8));
#99 = CARTESIAN_POINT('',(-36.18265712753,-22.5,40.911281996073));
#100 = CARTESIAN_POINT('',(-36.27315730605,-22.5,41.016881583858));
#101 = CARTESIAN_POINT('',(-36.37072237273,-22.5,41.116008854507));
#102 = CARTESIAN_POINT('',(-36.47485759756,-22.5,41.207909100883));
#103 = CARTESIAN_POINT('',(-36.58490283019,-22.5,41.291900756452));
#104 = ORIENTED_EDGE('',*,*,#105,.T.);
#105 = EDGE_CURVE('',#95,#106,#108,.T.);
#106 = VERTEX_POINT('',#107);
#107 = CARTESIAN_POINT('',(-39.4150971698,-22.5,41.291900756452));
#108 = B_SPLINE_CURVE_WITH_KNOTS('',6,(#109,#110,#111,#112,#113,#114,
    #115,#116,#117,#118,#119,#120,#121,#122,#123,#124,#125,#126,#127,
    #128,#129,#130,#131,#132,#133,#134,#135),.UNSPECIFIED.,.F.,.F.,(7,5,
    5,5,5,7),(0.,0.205773954243,0.500008687324,0.695580295968,
    0.79747487818,1.),.UNSPECIFIED.);
#109 = CARTESIAN_POINT('',(-36.58490283019,-22.5,41.291900756452));
#110 = CARTESIAN_POINT('',(-36.66815182122,-22.5,41.355440270288));
#111 = CARTESIAN_POINT('',(-36.75453641029,-22.5,41.414825398249));
#112 = CARTESIAN_POINT('',(-36.84384307488,-22.5,41.469802543772));
#113 = CARTESIAN_POINT('',(-36.9358349707,-22.5,41.520114828361));
#114 = CARTESIAN_POINT('',(-37.03024592777,-22.5,41.565513996768));
#115 = CARTESIAN_POINT('',(-37.26479989811,-22.5,41.663337419134));
#116 = CARTESIAN_POINT('',(-37.40718410377,-22.5,41.71040408575));
#117 = CARTESIAN_POINT('',(-37.5529900063,-22.5,41.746276680055));
#118 = CARTESIAN_POINT('',(-37.70118093525,-22.5,41.770409339282));
#119 = CARTESIAN_POINT('',(-37.85061305941,-22.5,41.782471439421));
#120 = CARTESIAN_POINT('',(-38.09933264521,-22.5,41.782468862199));
#121 = CARTESIAN_POINT('',(-38.1986462597,-22.5,41.777138082664));
#122 = CARTESIAN_POINT('',(-38.29760137263,-22.5,41.766476933467));
#123 = CARTESIAN_POINT('',(-38.39585203805,-22.5,41.750546953135));
#124 = CARTESIAN_POINT('',(-38.49306875094,-22.5,41.729461974474));
#125 = CARTESIAN_POINT('',(-38.63888728693,-22.5,41.689788409883));
#126 = CARTESIAN_POINT('',(-38.68847181553,-22.5,41.674841188821));
#127 = CARTESIAN_POINT('',(-38.73764890698,-22.5,41.658558634393));
#128 = CARTESIAN_POINT('',(-38.78637765901,-22.5,41.64096481506));
#129 = CARTESIAN_POINT('',(-38.83461930003,-22.5,41.622085831309));
#130 = CARTESIAN_POINT('',(-38.97718100773,-22.5,41.561927579581));
#131 = CARTESIAN_POINT('',(-39.06995503712,-22.5,41.516939016135));
#132 = CARTESIAN_POINT('',(-39.1603734069,-22.5,41.467202255342));
#133 = CARTESIAN_POINT('',(-39.24818321738,-22.5,41.412954234574));
#134 = CARTESIAN_POINT('',(-39.33315899865,-22.5,41.354439791402));
#135 = CARTESIAN_POINT('',(-39.4150971698,-22.5,41.291900756452));
#136 = ORIENTED_EDGE('',*,*,#137,.T.);
#137 = EDGE_CURVE('',#106,#62,#138,.T.);
#138 = B_SPLINE_CURVE_WITH_KNOTS('',5,(#139,#140,#141,#142,#143,#144),
  .UNSPECIFIED.,.F.,.F.,(6,6),(0.,1.),.PIECEWISE_BEZIER_KNOTS.);
#139 = CARTESIAN_POINT('',(-39.4150971698,-22.5,41.291900756452));
#140 = CARTESIAN_POINT('',(-39.525142402,-22.5,41.207909101209));
#141 = CARTESIAN_POINT('',(-39.62927762718,-22.5,41.116008854657));
#142 = CARTESIAN_POINT('',(-39.72684269406,-22.5,41.016881583729));
#143 = CARTESIAN_POINT('',(-39.81734287255,-22.5,40.911281995958));
#144 = CARTESIAN_POINT('',(-39.90042334453,-22.5,40.8));
#145 = PLANE('',#146);
#146 = AXIS2_PLACEMENT_3D('',#147,#148,#149);
#147 = CARTESIAN_POINT('',(-48.,-22.5,41.));
#148 = DIRECTION('',(0.,1.,0.));
#149 = DIRECTION('',(0.,0.,1.));
#150 = ADVANCED_FACE('',(#151,#471,#482,#493,#504,#515,#526,#537,#548),
  #559,.T.);
#151 = FACE_BOUND('',#152,.T.);
#152 = EDGE_LOOP('',(#153,#161,#162,#163,#171,#179,#326));
#153 = ORIENTED_EDGE('',*,*,#154,.F.);
#154 = EDGE_CURVE('',#40,#155,#157,.T.);
#155 = VERTEX_POINT('',#156);
#156 = CARTESIAN_POINT('',(-42.31545309872,22.5,43.));
#157 = LINE('',#158,#159);
#158 = CARTESIAN_POINT('',(-48.,22.5,43.));
#159 = VECTOR('',#160,1.);
#160 = DIRECTION('',(1.,0.,0.));
#161 = ORIENTED_EDGE('',*,*,#47,.F.);
#162 = ORIENTED_EDGE('',*,*,#70,.T.);
#163 = ORIENTED_EDGE('',*,*,#164,.T.);
#164 = EDGE_CURVE('',#71,#165,#167,.T.);
#165 = VERTEX_POINT('',#166);
#166 = CARTESIAN_POINT('',(-32.,22.5,43.));
#167 = LINE('',#168,#169);
#168 = CARTESIAN_POINT('',(-32.,-22.5,43.));
#169 = VECTOR('',#170,1.);
#170 = DIRECTION('',(0.,1.,0.));
#171 = ORIENTED_EDGE('',*,*,#172,.F.);
#172 = EDGE_CURVE('',#173,#165,#175,.T.);
#173 = VERTEX_POINT('',#174);
#174 = CARTESIAN_POINT('',(-37.68454690127,22.5,43.));
#175 = LINE('',#176,#177);
#176 = CARTESIAN_POINT('',(-48.,22.5,43.));
#177 = VECTOR('',#178,1.);
#178 = DIRECTION('',(1.,0.,0.));
#179 = ORIENTED_EDGE('',*,*,#180,.T.);
#180 = EDGE_CURVE('',#173,#181,#183,.T.);
#181 = VERTEX_POINT('',#182);
#182 = CARTESIAN_POINT('',(-37.55,21.656854249492,43.));
#183 = B_SPLINE_CURVE_WITH_KNOTS('',6,(#184,#185,#186,#187,#188,#189,
    #190,#191,#192,#193,#194,#195,#196,#197,#198,#199,#200,#201,#202,
    #203,#204,#205,#206,#207,#208,#209,#210,#211,#212,#213,#214,#215,
    #216,#217,#218,#219,#220,#221,#222,#223,#224,#225,#226,#227,#228,
    #229,#230,#231,#232,#233,#234,#235,#236,#237,#238,#239,#240,#241,
    #242,#243,#244,#245,#246,#247,#248,#249,#250,#251,#252,#253,#254,
    #255,#256,#257,#258,#259,#260,#261,#262,#263,#264,#265,#266,#267,
    #268,#269,#270,#271,#272,#273,#274,#275,#276,#277,#278,#279,#280,
    #281,#282,#283,#284,#285,#286,#287,#288,#289,#290,#291,#292,#293,
    #294,#295,#296,#297,#298,#299,#300,#301,#302,#303,#304,#305,#306,
    #307,#308,#309,#310,#311,#312,#313,#314,#315,#316,#317,#318,#319,
    #320,#321,#322,#323,#324,#325),.UNSPECIFIED.,.T.,.F.,(7,5,5,5,5,5,5,
    5,5,5,5,5,5,5,5,5,5,5,5,5,5,5,5,5,5,5,5,5,7),(0.,2.982673664505E-02,
    8.310152030204E-02,0.125354477543,0.140451942755,0.160633227854,
    0.188114326172,0.21211024978,0.252971148413,0.294462375925,
    0.318594537496,0.346165153061,0.366367551448,0.381470371283,
    0.423707912226,0.476893500454,0.505651696972,0.55798416418,
    0.61768766976,0.65794454366,0.68622204433,0.705655227655,
    0.753135336904,0.794234133086,0.810736866671,0.83506890464,
    0.869310306953,0.919710722201,1.),.UNSPECIFIED.);
#184 = CARTESIAN_POINT('',(-37.55,21.656854249492,43.));
#185 = CARTESIAN_POINT('',(-37.55,21.577289442636,43.));
#186 = CARTESIAN_POINT('',(-37.55275634933,21.497711885257,43.));
#187 = CARTESIAN_POINT('',(-37.55825075799,21.418242071912,43.));
#188 = CARTESIAN_POINT('',(-37.56645940029,21.338997342301,43.));
#189 = CARTESIAN_POINT('',(-37.57735291483,21.260091881266,43.));
#190 = CARTESIAN_POINT('',(-37.61508699882,21.041504666898,43.));
#191 = CARTESIAN_POINT('',(-37.64773184553,20.902811597258,43.));
#192 = CARTESIAN_POINT('',(-37.68863621919,20.766185336963,43.));
#193 = CARTESIAN_POINT('',(-37.73755876417,20.632223453028,43.));
#194 = CARTESIAN_POINT('',(-37.79422907547,20.501500437916,43.));
#195 = CARTESIAN_POINT('',(-37.90923257731,20.273908516581,43.));
#196 = CARTESIAN_POINT('',(-37.96479473844,20.175633717055,43.));
#197 = CARTESIAN_POINT('',(-38.02491275284,20.080026814395,43.));
#198 = CARTESIAN_POINT('',(-38.08943914982,19.987367819856,43.));
#199 = CARTESIAN_POINT('',(-38.15822201024,19.897944106594,43.));
#200 = CARTESIAN_POINT('',(-38.25715232687,19.78136458805,43.));
#201 = CARTESIAN_POINT('',(-38.28371945704,19.751126497971,43.));
#202 = CARTESIAN_POINT('',(-38.3108032882,19.721353573292,43.));
#203 = CARTESIAN_POINT('',(-38.33839657787,19.692059940802,43.));
#204 = CARTESIAN_POINT('',(-38.36649192226,19.663260088764,43.));
#205 = CARTESIAN_POINT('',(-38.4332987404,19.597151047425,43.));
#206 = CARTESIAN_POINT('',(-38.47239917324,19.560242157953,43.));
#207 = CARTESIAN_POINT('',(-38.51236513849,19.524277659676,43.));
#208 = CARTESIAN_POINT('',(-38.55317762857,19.489294530399,43.));
#209 = CARTESIAN_POINT('',(-38.59481654455,19.45533126455,43.));
#210 = CARTESIAN_POINT('',(-38.69505740718,19.377622929939,43.));
#211 = CARTESIAN_POINT('',(-38.75434666911,19.334783652926,43.));
#212 = CARTESIAN_POINT('',(-38.81507493116,19.294010435145,43.));
#213 = CARTESIAN_POINT('',(-38.87718193756,19.255410853987,43.));
#214 = CARTESIAN_POINT('',(-38.94059893629,19.219096776279,43.));
#215 = CARTESIAN_POINT('',(-39.06169613478,19.155567317296,43.));
#216 = CARTESIAN_POINT('',(-39.11908357061,19.127782265598,43.));
#217 = CARTESIAN_POINT('',(-39.17735563124,19.101901890953,43.));
#218 = CARTESIAN_POINT('',(-39.23645165473,19.078002966126,43.));
#219 = CARTESIAN_POINT('',(-39.29630256728,19.056160022718,43.));
#220 = CARTESIAN_POINT('',(-39.45989656209,19.002865408748,43.));
#221 = CARTESIAN_POINT('',(-39.5649391181,18.975445226068,43.));
#222 = CARTESIAN_POINT('',(-39.67154165793,18.954532434131,43.));
#223 = CARTESIAN_POINT('',(-39.77923965515,18.940406808996,43.));
#224 = CARTESIAN_POINT('',(-39.8875153619,18.933231259459,43.));
#225 = CARTESIAN_POINT('',(-40.10574202954,18.932777761336,43.));
#226 = CARTESIAN_POINT('',(-40.21571760905,18.939715849096,43.));
#227 = CARTESIAN_POINT('',(-40.32511699661,18.953826443183,43.));
#228 = CARTESIAN_POINT('',(-40.4333971427,18.974941934453,43.));
#229 = CARTESIAN_POINT('',(-40.54007094734,19.002769896492,43.));
#230 = CARTESIAN_POINT('',(-40.70555915216,19.056816908495,43.));
#231 = CARTESIAN_POINT('',(-40.76573018844,19.078839859773,43.));
#232 = CARTESIAN_POINT('',(-40.82513607072,19.102940547379,43.));
#233 = CARTESIAN_POINT('',(-40.8837067141,19.129043093343,43.));
#234 = CARTESIAN_POINT('',(-40.94138061833,19.157069375974,43.));
#235 = CARTESIAN_POINT('',(-41.06290853696,19.221072173994,43.));
#236 = CARTESIAN_POINT('',(-41.1264717815,19.257612253188,43.));
#237 = CARTESIAN_POINT('',(-41.18871376459,19.296448457137,43.));
#238 = CARTESIAN_POINT('',(-41.24956534499,19.33746793946,43.));
#239 = CARTESIAN_POINT('',(-41.30896591988,19.380562239121,43.));
#240 = CARTESIAN_POINT('',(-41.40928475492,19.458653771971,43.));
#241 = CARTESIAN_POINT('',(-41.45089957955,19.492736845959,43.));
#242 = CARTESIAN_POINT('',(-41.49168491134,19.527839351225,43.));
#243 = CARTESIAN_POINT('',(-41.53162065022,19.563922750224,43.));
#244 = CARTESIAN_POINT('',(-41.57068777742,19.600950024099,43.));
#245 = CARTESIAN_POINT('',(-41.6374112236,19.667245437445,43.));
#246 = CARTESIAN_POINT('',(-41.66545855263,19.696112818799,43.));
#247 = CARTESIAN_POINT('',(-41.69300278426,19.725472980522,43.));
#248 = CARTESIAN_POINT('',(-41.72003651926,19.755311445467,43.));
#249 = CARTESIAN_POINT('',(-41.74655251752,19.785614095569,43.));
#250 = CARTESIAN_POINT('',(-41.84523234568,19.902373250984,43.));
#251 = CARTESIAN_POINT('',(-41.91381470428,19.99190032764,43.));
#252 = CARTESIAN_POINT('',(-41.97813872207,20.084650755781,43.));
#253 = CARTESIAN_POINT('',(-42.03805274931,20.180337737796,43.));
#254 = CARTESIAN_POINT('',(-42.09340957345,20.27868165778,43.));
#255 = CARTESIAN_POINT('',(-42.20786272739,20.506239211757,43.));
#256 = CARTESIAN_POINT('',(-42.26420697523,20.636842559123,43.));
#257 = CARTESIAN_POINT('',(-42.31282298406,20.770660480446,43.));
#258 = CARTESIAN_POINT('',(-42.35344213087,20.907121006973,43.));
#259 = CARTESIAN_POINT('',(-42.38582482374,21.045629096905,43.));
#260 = CARTESIAN_POINT('',(-42.42272973062,21.261221923617,43.));
#261 = CARTESIAN_POINT('',(-42.43321694226,21.337299451893,43.));
#262 = CARTESIAN_POINT('',(-42.44120843799,21.413692561939,43.));
#263 = CARTESIAN_POINT('',(-42.44667784644,21.490298942568,43.));
#264 = CARTESIAN_POINT('',(-42.449603564,21.567013548922,43.));
#265 = CARTESIAN_POINT('',(-42.45063330741,21.783330125152,43.));
#266 = CARTESIAN_POINT('',(-42.44281918444,21.922936426333,43.));
#267 = CARTESIAN_POINT('',(-42.42642760313,22.061892066576,43.));
#268 = CARTESIAN_POINT('',(-42.40142153182,22.199519982489,43.));
#269 = CARTESIAN_POINT('',(-42.36783853774,22.335124972395,43.));
#270 = CARTESIAN_POINT('',(-42.27784810737,22.6195844687,43.));
#271 = CARTESIAN_POINT('',(-42.21888860311,22.767626801938,43.));
#272 = CARTESIAN_POINT('',(-42.1491122614,22.911058038932,43.));
#273 = CARTESIAN_POINT('',(-42.06885136639,23.048833567312,43.));
#274 = CARTESIAN_POINT('',(-41.9785802087,23.179931935065,43.));
#275 = CARTESIAN_POINT('',(-41.81176898337,23.386619271096,43.));
#276 = CARTESIAN_POINT('',(-41.74033066216,23.466383634612,43.));
#277 = CARTESIAN_POINT('',(-41.66483109925,23.542376748697,43.));
#278 = CARTESIAN_POINT('',(-41.58549602371,23.614319409634,43.));
#279 = CARTESIAN_POINT('',(-41.5025802102,23.681952115667,43.));
#280 = CARTESIAN_POINT('',(-41.35581071277,23.789349843169,43.));
#281 = CARTESIAN_POINT('',(-41.29362610568,23.831419304273,43.));
#282 = CARTESIAN_POINT('',(-41.22991278478,23.871163329447,43.));
#283 = CARTESIAN_POINT('',(-41.16477471289,23.908506514306,43.));
#284 = CARTESIAN_POINT('',(-41.09832148324,23.943380303556,43.));
#285 = CARTESIAN_POINT('',(-40.98417494836,23.997949897885,43.));
#286 = CARTESIAN_POINT('',(-40.93711472174,24.018981505216,43.));
#287 = CARTESIAN_POINT('',(-40.88952497227,24.038797864444,43.));
#288 = CARTESIAN_POINT('',(-40.84144397545,24.057380804759,43.));
#289 = CARTESIAN_POINT('',(-40.79291094968,24.074713933086,43.));
#290 = CARTESIAN_POINT('',(-40.62438148531,24.130042474664,43.));
#291 = CARTESIAN_POINT('',(-40.502334466,24.161755401462,43.));
#292 = CARTESIAN_POINT('',(-40.378417005,24.18570680592,43.));
#293 = CARTESIAN_POINT('',(-40.25323818659,24.201751925466,43.));
#294 = CARTESIAN_POINT('',(-40.12742171404,24.209817264809,43.));
#295 = CARTESIAN_POINT('',(-39.89269512646,24.209975378946,43.));
#296 = CARTESIAN_POINT('',(-39.78378102033,24.204069257187,43.));
#297 = CARTESIAN_POINT('',(-39.67527234811,24.192183486504,43.));
#298 = CARTESIAN_POINT('',(-39.56757439165,24.174358751254,43.));
#299 = CARTESIAN_POINT('',(-39.46108535393,24.15067598794,43.));
#300 = CARTESIAN_POINT('',(-39.31407782351,24.109442455452,43.));
#301 = CARTESIAN_POINT('',(-39.27221792532,24.096703989632,43.));
#302 = CARTESIAN_POINT('',(-39.23064056573,24.083048157513,43.));
#303 = CARTESIAN_POINT('',(-39.18937036303,24.068483686449,43.));
#304 = CARTESIAN_POINT('',(-39.14843150737,24.053020263747,43.));
#305 = CARTESIAN_POINT('',(-39.04801008232,24.012559146415,43.));
#306 = CARTESIAN_POINT('',(-38.98894423119,23.986518551592,43.));
#307 = CARTESIAN_POINT('',(-38.93072649029,23.95858098746,43.));
#308 = CARTESIAN_POINT('',(-38.87343040593,23.928784760542,43.));
#309 = CARTESIAN_POINT('',(-38.81712678784,23.897172248622,43.));
#310 = CARTESIAN_POINT('',(-38.68414256434,23.816812397046,43.));
#311 = CARTESIAN_POINT('',(-38.60850100049,23.766329288303,43.));
#312 = CARTESIAN_POINT('',(-38.53514901904,23.712470669542,43.));
#313 = CARTESIAN_POINT('',(-38.46426272366,23.655379194294,43.));
#314 = CARTESIAN_POINT('',(-38.39600432012,23.595210074605,43.));
#315 = CARTESIAN_POINT('',(-38.23413791358,23.439284198165,43.));
#316 = CARTESIAN_POINT('',(-38.14376504058,23.340128974251,43.));
#317 = CARTESIAN_POINT('',(-38.05987866808,23.235201406544,43.));
#318 = CARTESIAN_POINT('',(-37.98287275197,23.12507534067,43.));
#319 = CARTESIAN_POINT('',(-37.91306447164,23.010355778908,43.));
#320 = CARTESIAN_POINT('',(-37.75134819157,22.70260589378,43.));
#321 = CARTESIAN_POINT('',(-37.67087130094,22.503455002598,43.));
#322 = CARTESIAN_POINT('',(-37.61026921612,22.296778142149,43.));
#323 = CARTESIAN_POINT('',(-37.56996974632,22.085137200826,43.));
#324 = CARTESIAN_POINT('',(-37.55,21.871023645456,43.));
#325 = CARTESIAN_POINT('',(-37.55,21.656854249492,43.));
#326 = ORIENTED_EDGE('',*,*,#327,.T.);
#327 = EDGE_CURVE('',#181,#155,#328,.T.);
#328 = B_SPLINE_CURVE_WITH_KNOTS('',6,(#329,#330,#331,#332,#333,#334,
    #335,#336,#337,#338,#339,#340,#341,#342,#343,#344,#345,#346,#347,
    #348,#349,#350,#351,#352,#353,#354,#355,#356,#357,#358,#359,#360,
    #361,#362,#363,#364,#365,#366,#367,#368,#369,#370,#371,#372,#373,
    #374,#375,#376,#377,#378,#379,#380,#381,#382,#383,#384,#385,#386,
    #387,#388,#389,#390,#391,#392,#393,#394,#395,#396,#397,#398,#399,
    #400,#401,#402,#403,#404,#405,#406,#407,#408,#409,#410,#411,#412,
    #413,#414,#415,#416,#417,#418,#419,#420,#421,#422,#423,#424,#425,
    #426,#427,#428,#429,#430,#431,#432,#433,#434,#435,#436,#437,#438,
    #439,#440,#441,#442,#443,#444,#445,#446,#447,#448,#449,#450,#451,
    #452,#453,#454,#455,#456,#457,#458,#459,#460,#461,#462,#463,#464,
    #465,#466,#467,#468,#469,#470),.UNSPECIFIED.,.T.,.F.,(7,5,5,5,5,5,5,
    5,5,5,5,5,5,5,5,5,5,5,5,5,5,5,5,5,5,5,5,5,7),(0.,2.982673664505E-02,
    8.310152030204E-02,0.125354477543,0.140451942755,0.160633227854,
    0.188114326172,0.21211024978,0.252971148413,0.294462375925,
    0.318594537496,0.346165153061,0.366367551448,0.381470371283,
    0.423707912226,0.476893500454,0.505651696972,0.55798416418,
    0.61768766976,0.65794454366,0.68622204433,0.705655227655,
    0.753135336904,0.794234133086,0.810736866671,0.83506890464,
    0.869310306953,0.919710722201,1.),.UNSPECIFIED.);
#329 = CARTESIAN_POINT('',(-37.55,21.656854249492,43.));
#330 = CARTESIAN_POINT('',(-37.55,21.577289442636,43.));
#331 = CARTESIAN_POINT('',(-37.55275634933,21.497711885257,43.));
#332 = CARTESIAN_POINT('',(-37.55825075799,21.418242071912,43.));
#333 = CARTESIAN_POINT('',(-37.56645940029,21.338997342301,43.));
#334 = CARTESIAN_POINT('',(-37.57735291483,21.260091881266,43.));
#335 = CARTESIAN_POINT('',(-37.61508699882,21.041504666898,43.));
#336 = CARTESIAN_POINT('',(-37.64773184553,20.902811597258,43.));
#337 = CARTESIAN_POINT('',(-37.68863621919,20.766185336963,43.));
#338 = CARTESIAN_POINT('',(-37.73755876417,20.632223453028,43.));
#339 = CARTESIAN_POINT('',(-37.79422907547,20.501500437916,43.));
#340 = CARTESIAN_POINT('',(-37.90923257731,20.273908516581,43.));
#341 = CARTESIAN_POINT('',(-37.96479473844,20.175633717055,43.));
#342 = CARTESIAN_POINT('',(-38.02491275284,20.080026814395,43.));
#343 = CARTESIAN_POINT('',(-38.08943914982,19.987367819856,43.));
#344 = CARTESIAN_POINT('',(-38.15822201024,19.897944106594,43.));
#345 = CARTESIAN_POINT('',(-38.25715232687,19.78136458805,43.));
#346 = CARTESIAN_POINT('',(-38.28371945704,19.751126497971,43.));
#347 = CARTESIAN_POINT('',(-38.3108032882,19.721353573292,43.));
#348 = CARTESIAN_POINT('',(-38.33839657787,19.692059940802,43.));
#349 = CARTESIAN_POINT('',(-38.36649192226,19.663260088764,43.));
#350 = CARTESIAN_POINT('',(-38.4332987404,19.597151047425,43.));
#351 = CARTESIAN_POINT('',(-38.47239917324,19.560242157953,43.));
#352 = CARTESIAN_POINT('',(-38.51236513849,19.524277659676,43.));
#353 = CARTESIAN_POINT('',(-38.55317762857,19.489294530399,43.));
#354 = CARTESIAN_POINT('',(-38.59481654455,19.45533126455,43.));
#355 = CARTESIAN_POINT('',(-38.69505740718,19.377622929939,43.));
#356 = CARTESIAN_POINT('',(-38.75434666911,19.334783652926,43.));
#357 = CARTESIAN_POINT('',(-38.81507493116,19.294010435145,43.));
#358 = CARTESIAN_POINT('',(-38.87718193756,19.255410853987,43.));
#359 = CARTESIAN_POINT('',(-38.94059893629,19.219096776279,43.));
#360 = CARTESIAN_POINT('',(-39.06169613478,19.155567317296,43.));
#361 = CARTESIAN_POINT('',(-39.11908357061,19.127782265598,43.));
#362 = CARTESIAN_POINT('',(-39.17735563124,19.101901890953,43.));
#363 = CARTESIAN_POINT('',(-39.23645165473,19.078002966126,43.));
#364 = CARTESIAN_POINT('',(-39.29630256728,19.056160022718,43.));
#365 = CARTESIAN_POINT('',(-39.45989656209,19.002865408748,43.));
#366 = CARTESIAN_POINT('',(-39.5649391181,18.975445226068,43.));
#367 = CARTESIAN_POINT('',(-39.67154165793,18.954532434131,43.));
#368 = CARTESIAN_POINT('',(-39.77923965515,18.940406808996,43.));
#369 = CARTESIAN_POINT('',(-39.8875153619,18.933231259459,43.));
#370 = CARTESIAN_POINT('',(-40.10574202954,18.932777761336,43.));
#371 = CARTESIAN_POINT('',(-40.21571760905,18.939715849096,43.));
#372 = CARTESIAN_POINT('',(-40.32511699661,18.953826443183,43.));
#373 = CARTESIAN_POINT('',(-40.4333971427,18.974941934453,43.));
#374 = CARTESIAN_POINT('',(-40.54007094734,19.002769896492,43.));
#375 = CARTESIAN_POINT('',(-40.70555915216,19.056816908495,43.));
#376 = CARTESIAN_POINT('',(-40.76573018844,19.078839859773,43.));
#377 = CARTESIAN_POINT('',(-40.82513607072,19.102940547379,43.));
#378 = CARTESIAN_POINT('',(-40.8837067141,19.129043093343,43.));
#379 = CARTESIAN_POINT('',(-40.94138061833,19.157069375974,43.));
#380 = CARTESIAN_POINT('',(-41.06290853696,19.221072173994,43.));
#381 = CARTESIAN_POINT('',(-41.1264717815,19.257612253188,43.));
#382 = CARTESIAN_POINT('',(-41.18871376459,19.296448457137,43.));
#383 = CARTESIAN_POINT('',(-41.24956534499,19.33746793946,43.));
#384 = CARTESIAN_POINT('',(-41.30896591988,19.380562239121,43.));
#385 = CARTESIAN_POINT('',(-41.40928475492,19.458653771971,43.));
#386 = CARTESIAN_POINT('',(-41.45089957955,19.492736845959,43.));
#387 = CARTESIAN_POINT('',(-41.49168491134,19.527839351225,43.));
#388 = CARTESIAN_POINT('',(-41.53162065022,19.563922750224,43.));
#389 = CARTESIAN_POINT('',(-41.57068777742,19.600950024099,43.));
#390 = CARTESIAN_POINT('',(-41.6374112236,19.667245437445,43.));
#391 = CARTESIAN_POINT('',(-41.66545855263,19.696112818799,43.));
#392 = CARTESIAN_POINT('',(-41.69300278426,19.725472980522,43.));
#393 = CARTESIAN_POINT('',(-41.72003651926,19.755311445467,43.));
#394 = CARTESIAN_POINT('',(-41.74655251752,19.785614095569,43.));
#395 = CARTESIAN_POINT('',(-41.84523234568,19.902373250984,43.));
#396 = CARTESIAN_POINT('',(-41.91381470428,19.99190032764,43.));
#397 = CARTESIAN_POINT('',(-41.97813872207,20.084650755781,43.));
#398 = CARTESIAN_POINT('',(-42.03805274931,20.180337737796,43.));
#399 = CARTESIAN_POINT('',(-42.09340957345,20.27868165778,43.));
#400 = CARTESIAN_POINT('',(-42.20786272739,20.506239211757,43.));
#401 = CARTESIAN_POINT('',(-42.26420697523,20.636842559123,43.));
#402 = CARTESIAN_POINT('',(-42.31282298406,20.770660480446,43.));
#403 = CARTESIAN_POINT('',(-42.35344213087,20.907121006973,43.));
#404 = CARTESIAN_POINT('',(-42.38582482374,21.045629096905,43.));
#405 = CARTESIAN_POINT('',(-42.42272973062,21.261221923617,43.));
#406 = CARTESIAN_POINT('',(-42.43321694226,21.337299451893,43.));
#407 = CARTESIAN_POINT('',(-42.44120843799,21.413692561939,43.));
#408 = CARTESIAN_POINT('',(-42.44667784644,21.490298942568,43.));
#409 = CARTESIAN_POINT('',(-42.449603564,21.567013548922,43.));
#410 = CARTESIAN_POINT('',(-42.45063330741,21.783330125152,43.));
#411 = CARTESIAN_POINT('',(-42.44281918444,21.922936426333,43.));
#412 = CARTESIAN_POINT('',(-42.42642760313,22.061892066576,43.));
#413 = CARTESIAN_POINT('',(-42.40142153182,22.199519982489,43.));
#414 = CARTESIAN_POINT('',(-42.36783853774,22.335124972395,43.));
#415 = CARTESIAN_POINT('',(-42.27784810737,22.6195844687,43.));
#416 = CARTESIAN_POINT('',(-42.21888860311,22.767626801938,43.));
#417 = CARTESIAN_POINT('',(-42.1491122614,22.911058038932,43.));
#418 = CARTESIAN_POINT('',(-42.06885136639,23.048833567312,43.));
#419 = CARTESIAN_POINT('',(-41.9785802087,23.179931935065,43.));
#420 = CARTESIAN_POINT('',(-41.81176898337,23.386619271096,43.));
#421 = CARTESIAN_POINT('',(-41.74033066216,23.466383634612,43.));
#422 = CARTESIAN_POINT('',(-41.66483109925,23.542376748697,43.));
#423 = CARTESIAN_POINT('',(-41.58549602371,23.614319409634,43.));
#424 = CARTESIAN_POINT('',(-41.5025802102,23.681952115667,43.));
#425 = CARTESIAN_POINT('',(-41.35581071277,23.789349843169,43.));
#426 = CARTESIAN_POINT('',(-41.29362610568,23.831419304273,43.));
#427 = CARTESIAN_POINT('',(-41.22991278478,23.871163329447,43.));
#428 = CARTESIAN_POINT('',(-41.16477471289,23.908506514306,43.));
#429 = CARTESIAN_POINT('',(-41.09832148324,23.943380303556,43.));
#430 = CARTESIAN_POINT('',(-40.98417494836,23.997949897885,43.));
#431 = CARTESIAN_POINT('',(-40.93711472174,24.018981505216,43.));
#432 = CARTESIAN_POINT('',(-40.88952497227,24.038797864444,43.));
#433 = CARTESIAN_POINT('',(-40.84144397545,24.057380804759,43.));
#434 = CARTESIAN_POINT('',(-40.79291094968,24.074713933086,43.));
#435 = CARTESIAN_POINT('',(-40.62438148531,24.130042474664,43.));
#436 = CARTESIAN_POINT('',(-40.502334466,24.161755401462,43.));
#437 = CARTESIAN_POINT('',(-40.378417005,24.18570680592,43.));
#438 = CARTESIAN_POINT('',(-40.25323818659,24.201751925466,43.));
#439 = CARTESIAN_POINT('',(-40.12742171404,24.209817264809,43.));
#440 = CARTESIAN_POINT('',(-39.89269512646,24.209975378946,43.));
#441 = CARTESIAN_POINT('',(-39.78378102033,24.204069257187,43.));
#442 = CARTESIAN_POINT('',(-39.67527234811,24.192183486504,43.));
#443 = CARTESIAN_POINT('',(-39.56757439165,24.174358751254,43.));
#444 = CARTESIAN_POINT('',(-39.46108535393,24.15067598794,43.));
#445 = CARTESIAN_POINT('',(-39.31407782351,24.109442455452,43.));
#446 = CARTESIAN_POINT('',(-39.27221792532,24.096703989632,43.));
#447 = CARTESIAN_POINT('',(-39.23064056573,24.083048157513,43.));
#448 = CARTESIAN_POINT('',(-39.18937036303,24.068483686449,43.));
#449 = CARTESIAN_POINT('',(-39.14843150737,24.053020263747,43.));
#450 = CARTESIAN_POINT('',(-39.04801008232,24.012559146415,43.));
#451 = CARTESIAN_POINT('',(-38.98894423119,23.986518551592,43.));
#452 = CARTESIAN_POINT('',(-38.93072649029,23.95858098746,43.));
#453 = CARTESIAN_POINT('',(-38.87343040593,23.928784760542,43.));
#454 = CARTESIAN_POINT('',(-38.81712678784,23.897172248622,43.));
#455 = CARTESIAN_POINT('',(-38.68414256434,23.816812397046,43.));
#456 = CARTESIAN_POINT('',(-38.60850100049,23.766329288303,43.));
#457 = CARTESIAN_POINT('',(-38.53514901904,23.712470669542,43.));
#458 = CARTESIAN_POINT('',(-38.46426272366,23.655379194294,43.));
#459 = CARTESIAN_POINT('',(-38.39600432012,23.595210074605,43.));
#460 = CARTESIAN_POINT('',(-38.23413791358,23.439284198165,43.));
#461 = CARTESIAN_POINT('',(-38.14376504058,23.340128974251,43.));
#462 = CARTESIAN_POINT('',(-38.05987866808,23.235201406544,43.));
#463 = CARTESIAN_POINT('',(-37.98287275197,23.12507534067,43.));
#464 = CARTESIAN_POINT('',(-37.91306447164,23.010355778908,43.));
#465 = CARTESIAN_POINT('',(-37.75134819157,22.70260589378,43.));
#466 = CARTESIAN_POINT('',(-37.67087130094,22.503455002598,43.));
#467 = CARTESIAN_POINT('',(-37.61026921612,22.296778142149,43.));
#468 = CARTESIAN_POINT('',(-37.56996974632,22.085137200826,43.));
#469 = CARTESIAN_POINT('',(-37.55,21.871023645456,43.));
#470 = CARTESIAN_POINT('',(-37.55,21.656854249492,43.));
#471 = FACE_BOUND('',#472,.T.);
#472 = EDGE_LOOP('',(#473));
#473 = ORIENTED_EDGE('',*,*,#474,.F.);
#474 = EDGE_CURVE('',#475,#475,#477,.T.);
#475 = VERTEX_POINT('',#476);
#476 = CARTESIAN_POINT('',(-45.1,-11.25,43.));
#477 = CIRCLE('',#478,0.9);
#478 = AXIS2_PLACEMENT_3D('',#479,#480,#481);
#479 = CARTESIAN_POINT('',(-46.,-11.25,43.));
#480 = DIRECTION('',(0.,0.,1.));
#481 = DIRECTION('',(1.,0.,0.));
#482 = FACE_BOUND('',#483,.T.);
#483 = EDGE_LOOP('',(#484));
#484 = ORIENTED_EDGE('',*,*,#485,.F.);
#485 = EDGE_CURVE('',#486,#486,#488,.T.);
#486 = VERTEX_POINT('',#487);
#487 = CARTESIAN_POINT('',(-39.05,-17.45,43.));
#488 = CIRCLE('',#489,0.95);
#489 = AXIS2_PLACEMENT_3D('',#490,#491,#492);
#490 = CARTESIAN_POINT('',(-40.,-17.45,43.));
#491 = DIRECTION('',(0.,0.,1.));
#492 = DIRECTION('',(1.,0.,0.));
#493 = FACE_BOUND('',#494,.T.);
#494 = EDGE_LOOP('',(#495));
#495 = ORIENTED_EDGE('',*,*,#496,.F.);
#496 = EDGE_CURVE('',#497,#497,#499,.T.);
#497 = VERTEX_POINT('',#498);
#498 = CARTESIAN_POINT('',(-39.05,-9.85,43.));
#499 = CIRCLE('',#500,0.95);
#500 = AXIS2_PLACEMENT_3D('',#501,#502,#503);
#501 = CARTESIAN_POINT('',(-40.,-9.85,43.));
#502 = DIRECTION('',(0.,0.,1.));
#503 = DIRECTION('',(1.,0.,0.));
#504 = FACE_BOUND('',#505,.T.);
#505 = EDGE_LOOP('',(#506));
#506 = ORIENTED_EDGE('',*,*,#507,.F.);
#507 = EDGE_CURVE('',#508,#508,#510,.T.);
#508 = VERTEX_POINT('',#509);
#509 = CARTESIAN_POINT('',(-33.1,-11.25,43.));
#510 = CIRCLE('',#511,0.9);
#511 = AXIS2_PLACEMENT_3D('',#512,#513,#514);
#512 = CARTESIAN_POINT('',(-34.,-11.25,43.));
#513 = DIRECTION('',(0.,0.,1.));
#514 = DIRECTION('',(1.,0.,0.));
#515 = FACE_BOUND('',#516,.T.);
#516 = EDGE_LOOP('',(#517));
#517 = ORIENTED_EDGE('',*,*,#518,.F.);
#518 = EDGE_CURVE('',#519,#519,#521,.T.);
#519 = VERTEX_POINT('',#520);
#520 = CARTESIAN_POINT('',(-45.1,11.25,43.));
#521 = CIRCLE('',#522,0.9);
#522 = AXIS2_PLACEMENT_3D('',#523,#524,#525);
#523 = CARTESIAN_POINT('',(-46.,11.25,43.));
#524 = DIRECTION('',(0.,0.,1.));
#525 = DIRECTION('',(1.,0.,0.));
#526 = FACE_BOUND('',#527,.T.);
#527 = EDGE_LOOP('',(#528));
#528 = ORIENTED_EDGE('',*,*,#529,.F.);
#529 = EDGE_CURVE('',#530,#530,#532,.T.);
#530 = VERTEX_POINT('',#531);
#531 = CARTESIAN_POINT('',(-39.05,9.85,43.));
#532 = CIRCLE('',#533,0.95);
#533 = AXIS2_PLACEMENT_3D('',#534,#535,#536);
#534 = CARTESIAN_POINT('',(-40.,9.85,43.));
#535 = DIRECTION('',(0.,0.,1.));
#536 = DIRECTION('',(1.,0.,0.));
#537 = FACE_BOUND('',#538,.T.);
#538 = EDGE_LOOP('',(#539));
#539 = ORIENTED_EDGE('',*,*,#540,.F.);
#540 = EDGE_CURVE('',#541,#541,#543,.T.);
#541 = VERTEX_POINT('',#542);
#542 = CARTESIAN_POINT('',(-39.05,17.45,43.));
#543 = CIRCLE('',#544,0.95);
#544 = AXIS2_PLACEMENT_3D('',#545,#546,#547);
#545 = CARTESIAN_POINT('',(-40.,17.45,43.));
#546 = DIRECTION('',(0.,0.,1.));
#547 = DIRECTION('',(1.,0.,0.));
#548 = FACE_BOUND('',#549,.T.);
#549 = EDGE_LOOP('',(#550));
#550 = ORIENTED_EDGE('',*,*,#551,.F.);
#551 = EDGE_CURVE('',#552,#552,#554,.T.);
#552 = VERTEX_POINT('',#553);
#553 = CARTESIAN_POINT('',(-33.1,11.25,43.));
#554 = CIRCLE('',#555,0.9);
#555 = AXIS2_PLACEMENT_3D('',#556,#557,#558);
#556 = CARTESIAN_POINT('',(-34.,11.25,43.));
#557 = DIRECTION('',(0.,0.,1.));
#558 = DIRECTION('',(1.,0.,0.));
#559 = PLANE('',#560);
#560 = AXIS2_PLACEMENT_3D('',#561,#562,#563);
#561 = CARTESIAN_POINT('',(-48.,-22.5,43.));
#562 = DIRECTION('',(0.,0.,1.));
#563 = DIRECTION('',(1.,0.,0.));
#564 = ADVANCED_FACE('',(#565),#589,.T.);
#565 = FACE_BOUND('',#566,.T.);
#566 = EDGE_LOOP('',(#567,#575,#576,#577));
#567 = ORIENTED_EDGE('',*,*,#568,.F.);
#568 = EDGE_CURVE('',#32,#569,#571,.T.);
#569 = VERTEX_POINT('',#570);
#570 = CARTESIAN_POINT('',(-41.82716313854,22.5,41.));
#571 = LINE('',#572,#573);
#572 = CARTESIAN_POINT('',(-48.,22.5,41.));
#573 = VECTOR('',#574,1.);
#574 = DIRECTION('',(1.,0.,0.));
#575 = ORIENTED_EDGE('',*,*,#39,.T.);
#576 = ORIENTED_EDGE('',*,*,#154,.T.);
#577 = ORIENTED_EDGE('',*,*,#578,.T.);
#578 = EDGE_CURVE('',#155,#569,#579,.T.);
#579 = B_SPLINE_CURVE_WITH_KNOTS('',8,(#580,#581,#582,#583,#584,#585,
    #586,#587,#588),.UNSPECIFIED.,.F.,.F.,(9,9),(0.,1.),
  .PIECEWISE_BEZIER_KNOTS.);
#580 = CARTESIAN_POINT('',(-42.33410151853,22.5,43.2));
#581 = CARTESIAN_POINT('',(-42.30737157788,22.5,42.886047364909));
#582 = CARTESIAN_POINT('',(-42.27207380154,22.5,42.574077681208));
#583 = CARTESIAN_POINT('',(-42.22599821235,22.5,42.263774965323));
#584 = CARTESIAN_POINT('',(-42.16636414862,22.5,41.955911166574));
#585 = CARTESIAN_POINT('',(-42.09003349619,22.5,41.652253635037));
#586 = CARTESIAN_POINT('',(-41.99349516184,22.5,41.355655025279));
#587 = CARTESIAN_POINT('',(-41.87349017686,22.5,41.069859868902));
#588 = CARTESIAN_POINT('',(-41.72593614799,22.5,40.8));
#589 = PLANE('',#590);
#590 = AXIS2_PLACEMENT_3D('',#591,#592,#593);
#591 = CARTESIAN_POINT('',(-48.,22.5,41.));
#592 = DIRECTION('',(0.,1.,0.));
#593 = DIRECTION('',(0.,0.,1.));
#594 = ADVANCED_FACE('',(#595,#1164,#1175,#1243,#1254,#1265,#1333),#1344
  ,.F.);
#595 = FACE_BOUND('',#596,.F.);
#596 = EDGE_LOOP('',(#597,#598,#599,#600,#653,#654,#662,#671,#732,#741,
    #749,#757,#818,#826,#834,#842,#921,#932,#940,#1079,#1087));
#597 = ORIENTED_EDGE('',*,*,#568,.F.);
#598 = ORIENTED_EDGE('',*,*,#31,.F.);
#599 = ORIENTED_EDGE('',*,*,#61,.T.);
#600 = ORIENTED_EDGE('',*,*,#601,.T.);
#601 = EDGE_CURVE('',#62,#87,#602,.T.);
#602 = B_SPLINE_CURVE_WITH_KNOTS('',7,(#603,#604,#605,#606,#607,#608,
    #609,#610,#611,#612,#613,#614,#615,#616,#617,#618,#619,#620,#621,
    #622,#623,#624,#625,#626,#627,#628,#629,#630,#631,#632,#633,#634,
    #635,#636,#637,#638,#639,#640,#641,#642,#643,#644,#645,#646,#647,
    #648,#649,#650,#651,#652),.UNSPECIFIED.,.F.,.F.,(8,6,6,6,6,6,6,6,8),
  (0.,0.262647669922,0.353076396556,0.401766659321,0.500503894717,
    0.56744686676,0.647515553095,0.738468896003,1.),.UNSPECIFIED.);
#603 = CARTESIAN_POINT('',(-39.77844528141,-22.61807966991,41.));
#604 = CARTESIAN_POINT('',(-39.71154342029,-22.42979438525,41.));
#605 = CARTESIAN_POINT('',(-39.63550775981,-22.24560335675,41.));
#606 = CARTESIAN_POINT('',(-39.54915660915,-22.06625712823,41.));
#607 = CARTESIAN_POINT('',(-39.45126632303,-21.89333292702,41.));
#608 = CARTESIAN_POINT('',(-39.34067284976,-21.7291847907,41.));
#609 = CARTESIAN_POINT('',(-39.21650572275,-21.57680291376,41.));
#610 = CARTESIAN_POINT('',(-39.03054270826,-21.39274048714,41.));
#611 = CARTESIAN_POINT('',(-38.98126540499,-21.34746207458,41.));
#612 = CARTESIAN_POINT('',(-38.93033570773,-21.30420973453,41.));
#613 = CARTESIAN_POINT('',(-38.87776682293,-21.26316215772,41.));
#614 = CARTESIAN_POINT('',(-38.82359235863,-21.22450803942,41.));
#615 = CARTESIAN_POINT('',(-38.76787021377,-21.18844043511,41.));
#616 = CARTESIAN_POINT('',(-38.67989656537,-21.13722688185,41.));
#617 = CARTESIAN_POINT('',(-38.64868327997,-21.12010827925,41.));
#618 = CARTESIAN_POINT('',(-38.61706056315,-21.10382536495,41.));
#619 = CARTESIAN_POINT('',(-38.58504471749,-21.08840789917,41.));
#620 = CARTESIAN_POINT('',(-38.55265457684,-21.07388490071,41.));
#621 = CARTESIAN_POINT('',(-38.51991168686,-21.06028420191,41.));
#622 = CARTESIAN_POINT('',(-38.41977658443,-21.02197506482,41.));
#623 = CARTESIAN_POINT('',(-38.35134884729,-21.0002132639,41.));
#624 = CARTESIAN_POINT('',(-38.28177927611,-20.98257523562,41.));
#625 = CARTESIAN_POINT('',(-38.21131666949,-20.96924461468,41.));
#626 = CARTESIAN_POINT('',(-38.14023686904,-20.96035543301,41.));
#627 = CARTESIAN_POINT('',(-38.06884347397,-20.95598130873,41.));
#628 = CARTESIAN_POINT('',(-37.94907777846,-20.95621139158,41.));
#629 = CARTESIAN_POINT('',(-37.90068824378,-20.9583780947,41.));
#630 = CARTESIAN_POINT('',(-37.85240064573,-20.96261820456,41.));
#631 = CARTESIAN_POINT('',(-37.80431083596,-20.96891621857,41.));
#632 = CARTESIAN_POINT('',(-37.75651025476,-20.97724267677,41.));
#633 = CARTESIAN_POINT('',(-37.70908589386,-20.98755537562,41.));
#634 = CARTESIAN_POINT('',(-37.60594592809,-21.01444674276,41.));
#635 = CARTESIAN_POINT('',(-37.55042367019,-21.03185870155,41.));
#636 = CARTESIAN_POINT('',(-37.49569218325,-21.05194509075,41.));
#637 = CARTESIAN_POINT('',(-37.44186874514,-21.07459550221,41.));
#638 = CARTESIAN_POINT('',(-37.38905099232,-21.09968590906,41.));
#639 = CARTESIAN_POINT('',(-37.33731869842,-21.12708408791,41.));
#640 = CARTESIAN_POINT('',(-37.22927605882,-21.19024591343,41.));
#641 = CARTESIAN_POINT('',(-37.1732981291,-21.22664119353,41.));
#642 = CARTESIAN_POINT('',(-37.11888850767,-21.26564570268,41.));
#643 = CARTESIAN_POINT('',(-37.06610523577,-21.30706311572,41.));
#644 = CARTESIAN_POINT('',(-37.01498163864,-21.35070171661,41.));
#645 = CARTESIAN_POINT('',(-36.96553031231,-21.3963801541,41.));
#646 = CARTESIAN_POINT('',(-36.78034926294,-21.58066923735,41.));
#647 = CARTESIAN_POINT('',(-36.65699303619,-21.73265463093,41.));
#648 = CARTESIAN_POINT('',(-36.54708150827,-21.8962549798,41.));
#649 = CARTESIAN_POINT('',(-36.44975045077,-22.06852848798,41.));
#650 = CARTESIAN_POINT('',(-36.3638502685,-22.24715861911,41.));
#651 = CARTESIAN_POINT('',(-36.28817368404,-22.43059055279,41.));
#652 = CARTESIAN_POINT('',(-36.22155471858,-22.61807966991,41.));
#653 = ORIENTED_EDGE('',*,*,#86,.T.);
#654 = ORIENTED_EDGE('',*,*,#655,.T.);
#655 = EDGE_CURVE('',#79,#656,#658,.T.);
#656 = VERTEX_POINT('',#657);
#657 = CARTESIAN_POINT('',(-32.,-5.290170111696,41.));
#658 = LINE('',#659,#660);
#659 = CARTESIAN_POINT('',(-32.,-22.5,41.));
#660 = VECTOR('',#661,1.);
#661 = DIRECTION('',(0.,1.,0.));
#662 = ORIENTED_EDGE('',*,*,#663,.F.);
#663 = EDGE_CURVE('',#664,#656,#666,.T.);
#664 = VERTEX_POINT('',#665);
#665 = CARTESIAN_POINT('',(-38.,-4.338192932642,41.));
#666 = CIRCLE('',#667,19.384004869812);
#667 = AXIS2_PLACEMENT_3D('',#668,#669,#670);
#668 = CARTESIAN_POINT('',(-38.,-23.72219780245,41.));
#669 = DIRECTION('',(0.,0.,-1.));
#670 = DIRECTION('',(6.9E-16,1.,0.));
#671 = ORIENTED_EDGE('',*,*,#672,.T.);
#672 = EDGE_CURVE('',#664,#673,#675,.T.);
#673 = VERTEX_POINT('',#674);
#674 = CARTESIAN_POINT('',(-38.,-2.181807067358,41.));
#675 = B_SPLINE_CURVE_WITH_KNOTS('',7,(#676,#677,#678,#679,#680,#681,
    #682,#683,#684,#685,#686,#687,#688,#689,#690,#691,#692,#693,#694,
    #695,#696,#697,#698,#699,#700,#701,#702,#703,#704,#705,#706,#707,
    #708,#709,#710,#711,#712,#713,#714,#715,#716,#717,#718,#719,#720,
    #721,#722,#723,#724,#725,#726,#727,#728,#729,#730,#731),
  .UNSPECIFIED.,.F.,.F.,(8,6,6,6,6,6,6,6,6,8),(0.,0.143294595424,
    0.298775767359,0.370235296003,0.466000603324,0.546690411454,
    0.617923108381,0.690063700103,0.851331187493,1.),.UNSPECIFIED.);
#676 = CARTESIAN_POINT('',(-38.,-4.338192932642,41.));
#677 = CARTESIAN_POINT('',(-38.1050274073,-4.338192932642,41.));
#678 = CARTESIAN_POINT('',(-38.21004149589,-4.334990540586,41.));
#679 = CARTESIAN_POINT('',(-38.31492556603,-4.328587595194,41.));
#680 = CARTESIAN_POINT('',(-38.41953932404,-4.318935729288,41.));
#681 = CARTESIAN_POINT('',(-38.52371988143,-4.305945922441,41.));
#682 = CARTESIAN_POINT('',(-38.62728052556,-4.289481367902,41.));
#683 = CARTESIAN_POINT('',(-38.84147045638,-4.247472464993,41.));
#684 = CARTESIAN_POINT('',(-38.95185011733,-4.221295127511,41.));
#685 = CARTESIAN_POINT('',(-39.06097423247,-4.190527360176,41.));
#686 = CARTESIAN_POINT('',(-39.16846544163,-4.154812955014,41.));
#687 = CARTESIAN_POINT('',(-39.27372604979,-4.113696715492,41.));
#688 = CARTESIAN_POINT('',(-39.37596138408,-4.066670779516,41.));
#689 = CARTESIAN_POINT('',(-39.51914978065,-3.988223907529,41.));
#690 = CARTESIAN_POINT('',(-39.56333966683,-3.962116377467,41.));
#691 = CARTESIAN_POINT('',(-39.60652017567,-3.934529083016,41.));
#692 = CARTESIAN_POINT('',(-39.64854230666,-3.9053899397,41.));
#693 = CARTESIAN_POINT('',(-39.68922009664,-3.874629229099,41.));
#694 = CARTESIAN_POINT('',(-39.7283308346,-3.842180311617,41.));
#695 = CARTESIAN_POINT('',(-39.81558140549,-3.762147811014,41.));
#696 = CARTESIAN_POINT('',(-39.8622661601,-3.713170954386,41.));
#697 = CARTESIAN_POINT('',(-39.90503926252,-3.660903788235,41.));
#698 = CARTESIAN_POINT('',(-39.94301614384,-3.605324242312,41.));
#699 = CARTESIAN_POINT('',(-39.97517709226,-3.546595555563,41.));
#700 = CARTESIAN_POINT('',(-40.00043211581,-3.485111047607,41.));
#701 = CARTESIAN_POINT('',(-40.03277883944,-3.368234036302,41.));
#702 = CARTESIAN_POINT('',(-40.04211998297,-3.313348948503,41.));
#703 = CARTESIAN_POINT('',(-40.04545225229,-3.257733968854,41.));
#704 = CARTESIAN_POINT('',(-40.04258522214,-3.202071334381,41.));
#705 = CARTESIAN_POINT('',(-40.03362919078,-3.147013085055,41.));
#706 = CARTESIAN_POINT('',(-40.01896750519,-3.093178159737,41.));
#707 = CARTESIAN_POINT('',(-39.9818782739,-2.99521899541,41.));
#708 = CARTESIAN_POINT('',(-39.960532797,-2.950619128194,41.));
#709 = CARTESIAN_POINT('',(-39.93561273575,-2.907610438191,41.));
#710 = CARTESIAN_POINT('',(-39.90754790485,-2.866339720756,41.));
#711 = CARTESIAN_POINT('',(-39.87675537227,-2.826873113556,41.));
#712 = CARTESIAN_POINT('',(-39.84360049695,-2.789218018457,41.));
#713 = CARTESIAN_POINT('',(-39.77271240092,-2.716992578245,41.));
#714 = CARTESIAN_POINT('',(-39.73493428239,-2.682475943833,41.));
#715 = CARTESIAN_POINT('',(-39.69534814821,-2.649733681413,41.));
#716 = CARTESIAN_POINT('',(-39.6542149909,-2.618704857193,41.));
#717 = CARTESIAN_POINT('',(-39.61175367393,-2.589320166588,41.));
#718 = CARTESIAN_POINT('',(-39.56813941988,-2.5615041039,41.));
#719 = CARTESIAN_POINT('',(-39.42371774925,-2.476324210076,41.));
#720 = CARTESIAN_POINT('',(-39.31897210328,-2.425001303554,41.));
#721 = CARTESIAN_POINT('',(-39.21065798367,-2.380239842718,41.));
#722 = CARTESIAN_POINT('',(-39.0997496162,-2.341455949126,41.));
#723 = CARTESIAN_POINT('',(-38.98697528945,-2.3081091298,41.));
#724 = CARTESIAN_POINT('',(-38.87277586648,-2.279779339729,41.));
#725 = CARTESIAN_POINT('',(-38.65090008705,-2.23435156799,41.));
#726 = CARTESIAN_POINT('',(-38.54352528062,-2.216572636704,41.));
#727 = CARTESIAN_POINT('',(-38.43545108082,-2.202560650118,41.));
#728 = CARTESIAN_POINT('',(-38.32689089874,-2.192156764169,41.));
#729 = CARTESIAN_POINT('',(-38.21802912733,-2.185257759164,41.));
#730 = CARTESIAN_POINT('',(-38.10902276103,-2.181807067358,41.));
#731 = CARTESIAN_POINT('',(-38.,-2.181807067358,41.));
#732 = ORIENTED_EDGE('',*,*,#733,.T.);
#733 = EDGE_CURVE('',#673,#734,#736,.T.);
#734 = VERTEX_POINT('',#735);
#735 = CARTESIAN_POINT('',(-32.,-3.034316494291,41.));
#736 = CIRCLE('',#737,21.540390735097);
#737 = AXIS2_PLACEMENT_3D('',#738,#739,#740);
#738 = CARTESIAN_POINT('',(-38.,-23.72219780245,41.));
#739 = DIRECTION('',(0.,0.,-1.));
#740 = DIRECTION('',(6.9E-16,1.,0.));
#741 = ORIENTED_EDGE('',*,*,#742,.T.);
#742 = EDGE_CURVE('',#734,#743,#745,.T.);
#743 = VERTEX_POINT('',#744);
#744 = CARTESIAN_POINT('',(-32.,3.281807067357,41.));
#745 = LINE('',#746,#747);
#746 = CARTESIAN_POINT('',(-32.,-22.5,41.));
#747 = VECTOR('',#748,1.);
#748 = DIRECTION('',(0.,1.,0.));
#749 = ORIENTED_EDGE('',*,*,#750,.F.);
#750 = EDGE_CURVE('',#751,#743,#753,.T.);
#751 = VERTEX_POINT('',#752);
#752 = CARTESIAN_POINT('',(-38.,3.281807067358,41.));
#753 = LINE('',#754,#755);
#754 = CARTESIAN_POINT('',(-38.,3.281807067358,41.));
#755 = VECTOR('',#756,1.);
#756 = DIRECTION('',(1.,0.,0.));
#757 = ORIENTED_EDGE('',*,*,#758,.T.);
#758 = EDGE_CURVE('',#751,#759,#761,.T.);
#759 = VERTEX_POINT('',#760);
#760 = CARTESIAN_POINT('',(-38.,5.438192932642,41.));
#761 = B_SPLINE_CURVE_WITH_KNOTS('',7,(#762,#763,#764,#765,#766,#767,
    #768,#769,#770,#771,#772,#773,#774,#775,#776,#777,#778,#779,#780,
    #781,#782,#783,#784,#785,#786,#787,#788,#789,#790,#791,#792,#793,
    #794,#795,#796,#797,#798,#799,#800,#801,#802,#803,#804,#805,#806,
    #807,#808,#809,#810,#811,#812,#813,#814,#815,#816,#817),
  .UNSPECIFIED.,.F.,.F.,(8,6,6,6,6,6,6,6,6,8),(0.,0.143294595424,
    0.298775767359,0.370235296003,0.466000603325,0.546690411454,
    0.617923108382,0.690063700104,0.851331187493,1.),.UNSPECIFIED.);
#762 = CARTESIAN_POINT('',(-38.,3.281807067358,41.));
#763 = CARTESIAN_POINT('',(-38.1050274073,3.281807067358,41.));
#764 = CARTESIAN_POINT('',(-38.21004149589,3.285009459414,41.));
#765 = CARTESIAN_POINT('',(-38.31492556603,3.291412404806,41.));
#766 = CARTESIAN_POINT('',(-38.41953932404,3.301064270712,41.));
#767 = CARTESIAN_POINT('',(-38.52371988143,3.314054077559,41.));
#768 = CARTESIAN_POINT('',(-38.62728052556,3.330518632098,41.));
#769 = CARTESIAN_POINT('',(-38.84147045638,3.372527535007,41.));
#770 = CARTESIAN_POINT('',(-38.95185011733,3.398704872489,41.));
#771 = CARTESIAN_POINT('',(-39.06097423247,3.429472639824,41.));
#772 = CARTESIAN_POINT('',(-39.16846544163,3.465187044986,41.));
#773 = CARTESIAN_POINT('',(-39.27372604979,3.506303284509,41.));
#774 = CARTESIAN_POINT('',(-39.37596138408,3.553329220484,41.));
#775 = CARTESIAN_POINT('',(-39.51914978065,3.631776092471,41.));
#776 = CARTESIAN_POINT('',(-39.56333966683,3.657883622533,41.));
#777 = CARTESIAN_POINT('',(-39.60652017567,3.685470916984,41.));
#778 = CARTESIAN_POINT('',(-39.64854230666,3.7146100603,41.));
#779 = CARTESIAN_POINT('',(-39.68922009664,3.745370770901,41.));
#780 = CARTESIAN_POINT('',(-39.7283308346,3.777819688383,41.));
#781 = CARTESIAN_POINT('',(-39.81558140549,3.857852188986,41.));
#782 = CARTESIAN_POINT('',(-39.8622661601,3.906829045614,41.));
#783 = CARTESIAN_POINT('',(-39.90503926252,3.959096211765,41.));
#784 = CARTESIAN_POINT('',(-39.94301614384,4.014675757688,41.));
#785 = CARTESIAN_POINT('',(-39.97517709226,4.073404444437,41.));
#786 = CARTESIAN_POINT('',(-40.00043211581,4.134888952393,41.));
#787 = CARTESIAN_POINT('',(-40.03277883944,4.251765963698,41.));
#788 = CARTESIAN_POINT('',(-40.04211998297,4.306651051497,41.));
#789 = CARTESIAN_POINT('',(-40.04545225229,4.362266031146,41.));
#790 = CARTESIAN_POINT('',(-40.04258522214,4.417928665619,41.));
#791 = CARTESIAN_POINT('',(-40.03362919078,4.472986914945,41.));
#792 = CARTESIAN_POINT('',(-40.01896750519,4.526821840263,41.));
#793 = CARTESIAN_POINT('',(-39.9818782739,4.62478100459,41.));
#794 = CARTESIAN_POINT('',(-39.960532797,4.669380871806,41.));
#795 = CARTESIAN_POINT('',(-39.93561273575,4.712389561809,41.));
#796 = CARTESIAN_POINT('',(-39.90754790485,4.753660279244,41.));
#797 = CARTESIAN_POINT('',(-39.87675537227,4.793126886444,41.));
#798 = CARTESIAN_POINT('',(-39.84360049695,4.830781981543,41.));
#799 = CARTESIAN_POINT('',(-39.77271240092,4.903007421755,41.));
#800 = CARTESIAN_POINT('',(-39.73493428239,4.937524056167,41.));
#801 = CARTESIAN_POINT('',(-39.69534814821,4.970266318587,41.));
#802 = CARTESIAN_POINT('',(-39.6542149909,5.001295142807,41.));
#803 = CARTESIAN_POINT('',(-39.61175367393,5.030679833412,41.));
#804 = CARTESIAN_POINT('',(-39.56813941988,5.0584958961,41.));
#805 = CARTESIAN_POINT('',(-39.42371774925,5.143675789924,41.));
#806 = CARTESIAN_POINT('',(-39.31897210328,5.194998696446,41.));
#807 = CARTESIAN_POINT('',(-39.21065798367,5.239760157282,41.));
#808 = CARTESIAN_POINT('',(-39.0997496162,5.278544050874,41.));
#809 = CARTESIAN_POINT('',(-38.98697528945,5.3118908702,41.));
#810 = CARTESIAN_POINT('',(-38.87277586648,5.340220660271,41.));
#811 = CARTESIAN_POINT('',(-38.65090008705,5.38564843201,41.));
#812 = CARTESIAN_POINT('',(-38.54352528062,5.403427363296,41.));
#813 = CARTESIAN_POINT('',(-38.43545108082,5.417439349882,41.));
#814 = CARTESIAN_POINT('',(-38.32689089874,5.427843235831,41.));
#815 = CARTESIAN_POINT('',(-38.21802912733,5.434742240836,41.));
#816 = CARTESIAN_POINT('',(-38.10902276103,5.438192932642,41.));
#817 = CARTESIAN_POINT('',(-38.,5.438192932642,41.));
#818 = ORIENTED_EDGE('',*,*,#819,.T.);
#819 = EDGE_CURVE('',#759,#820,#822,.T.);
#820 = VERTEX_POINT('',#821);
#821 = CARTESIAN_POINT('',(-32.,5.438192932643,41.));
#822 = LINE('',#823,#824);
#823 = CARTESIAN_POINT('',(-38.,5.438192932642,41.));
#824 = VECTOR('',#825,1.);
#825 = DIRECTION('',(1.,0.,0.));
#826 = ORIENTED_EDGE('',*,*,#827,.T.);
#827 = EDGE_CURVE('',#820,#828,#830,.T.);
#828 = VERTEX_POINT('',#829);
#829 = CARTESIAN_POINT('',(-32.,22.5,41.));
#830 = LINE('',#831,#832);
#831 = CARTESIAN_POINT('',(-32.,-22.5,41.));
#832 = VECTOR('',#833,1.);
#833 = DIRECTION('',(0.,1.,0.));
#834 = ORIENTED_EDGE('',*,*,#835,.F.);
#835 = EDGE_CURVE('',#836,#828,#838,.T.);
#836 = VERTEX_POINT('',#837);
#837 = CARTESIAN_POINT('',(-38.17283686145,22.5,41.));
#838 = LINE('',#839,#840);
#839 = CARTESIAN_POINT('',(-48.,22.5,41.));
#840 = VECTOR('',#841,1.);
#841 = DIRECTION('',(1.,0.,0.));
#842 = ORIENTED_EDGE('',*,*,#843,.F.);
#843 = EDGE_CURVE('',#844,#836,#846,.T.);
#844 = VERTEX_POINT('',#845);
#845 = CARTESIAN_POINT('',(-37.55,20.472135955,41.));
#846 = B_SPLINE_CURVE_WITH_KNOTS('',7,(#847,#848,#849,#850,#851,#852,
    #853,#854,#855,#856,#857,#858,#859,#860,#861,#862,#863,#864,#865,
    #866,#867,#868,#869,#870,#871,#872,#873,#874,#875,#876,#877,#878,
    #879,#880,#881,#882,#883,#884,#885,#886,#887,#888,#889,#890,#891,
    #892,#893,#894,#895,#896,#897,#898,#899,#900,#901,#902,#903,#904,
    #905,#906,#907,#908,#909,#910,#911,#912,#913,#914,#915,#916,#917,
    #918,#919,#920),.UNSPECIFIED.,.F.,.F.,(8,6,6,6,6,6,6,6,6,6,6,6,8),(
    0.,0.170335935768,0.262449239688,0.319956450995,0.358014676269,
    0.384208005815,0.445908934489,0.517744397892,0.547309465034,
    0.592286748372,0.662575417013,0.778624297756,1.),.UNSPECIFIED.);
#847 = CARTESIAN_POINT('',(-37.55,20.472135955,41.));
#848 = CARTESIAN_POINT('',(-37.55,20.709708671482,41.));
#849 = CARTESIAN_POINT('',(-37.56493104215,20.946939844784,41.));
#850 = CARTESIAN_POINT('',(-37.59619843845,21.182657033923,41.));
#851 = CARTESIAN_POINT('',(-37.64506938787,21.415249099748,41.));
#852 = CARTESIAN_POINT('',(-37.71257670135,21.642679395133,41.));
#853 = CARTESIAN_POINT('',(-37.79937463444,21.862520360023,41.));
#854 = CARTESIAN_POINT('',(-37.9629620258,22.185295885056,41.));
#855 = CARTESIAN_POINT('',(-38.02603804696,22.295545094988,41.));
#856 = CARTESIAN_POINT('',(-38.09477834179,22.402309240837,41.));
#857 = CARTESIAN_POINT('',(-38.16913622187,22.505117306157,41.));
#858 = CARTESIAN_POINT('',(-38.24900529662,22.603483543127,41.));
#859 = CARTESIAN_POINT('',(-38.33420991011,22.696915847366,41.));
#860 = CARTESIAN_POINT('',(-38.48086177859,22.839868541942,41.));
#861 = CARTESIAN_POINT('',(-38.53920927933,22.892699918402,41.));
#862 = CARTESIAN_POINT('',(-38.59947578619,22.943299128823,41.));
#863 = CARTESIAN_POINT('',(-38.6615887203,22.991549483763,41.));
#864 = CARTESIAN_POINT('',(-38.72546457136,23.03733786738,41.));
#865 = CARTESIAN_POINT('',(-38.79100825122,23.080555867182,41.));
#866 = CARTESIAN_POINT('',(-38.90252194937,23.147933575755,41.));
#867 = CARTESIAN_POINT('',(-38.94761526823,23.173595852165,41.));
#868 = CARTESIAN_POINT('',(-38.99336142243,23.198057907031,41.));
#869 = CARTESIAN_POINT('',(-39.03972752797,23.221291563449,41.));
#870 = CARTESIAN_POINT('',(-39.08667879834,23.243270293599,41.));
#871 = CARTESIAN_POINT('',(-39.13417854456,23.263969218741,41.));
#872 = CARTESIAN_POINT('',(-39.21523049563,23.296714206492,41.));
#873 = CARTESIAN_POINT('',(-39.24851440107,23.309446155477,41.));
#874 = CARTESIAN_POINT('',(-39.28202731984,23.321553427117,41.));
#875 = CARTESIAN_POINT('',(-39.31575634303,23.33302897818,41.));
#876 = CARTESIAN_POINT('',(-39.34968822448,23.343866251257,41.));
#877 = CARTESIAN_POINT('',(-39.38380938079,23.354059174761,41.));
#878 = CARTESIAN_POINT('',(-39.49889464876,23.386081597303,41.));
#879 = CARTESIAN_POINT('',(-39.58065855108,23.404955199181,41.));
#880 = CARTESIAN_POINT('',(-39.66321279173,23.420149459212,41.));
#881 = CARTESIAN_POINT('',(-39.74636731842,23.431608259209,41.));
#882 = CARTESIAN_POINT('',(-39.82992720809,23.439293466769,41.));
#883 = CARTESIAN_POINT('',(-39.91369304208,23.443185529899,41.));
#884 = CARTESIAN_POINT('',(-40.09498866686,23.443398799094,41.));
#885 = CARTESIAN_POINT('',(-40.19252593429,23.438371376175,41.));
#886 = CARTESIAN_POINT('',(-40.28975008671,23.428201386689,41.));
#887 = CARTESIAN_POINT('',(-40.38634667784,23.412923736231,41.));
#888 = CARTESIAN_POINT('',(-40.48201061144,23.392607217332,41.));
#889 = CARTESIAN_POINT('',(-40.57644694078,23.367353074593,41.));
#890 = CARTESIAN_POINT('',(-40.70761636912,23.324922085972,41.));
#891 = CARTESIAN_POINT('',(-40.74560577743,23.311736412023,41.));
#892 = CARTESIAN_POINT('',(-40.78332051936,23.297745676448,41.));
#893 = CARTESIAN_POINT('',(-40.82074182757,23.282959734091,41.));
#894 = CARTESIAN_POINT('',(-40.85785154121,23.267389166187,41.));
#895 = CARTESIAN_POINT('',(-40.89463210598,23.251045280356,41.));
#896 = CARTESIAN_POINT('',(-40.98649426464,23.207918046711,41.));
#897 = CARTESIAN_POINT('',(-41.04112128849,23.180133903071,41.));
#898 = CARTESIAN_POINT('',(-41.09488777986,23.150629998971,41.));
#899 = CARTESIAN_POINT('',(-41.1477380449,23.119451794751,41.));
#900 = CARTESIAN_POINT('',(-41.19962043639,23.086647558396,41.));
#901 = CARTESIAN_POINT('',(-41.25048722844,23.052268032125,41.));
#902 = CARTESIAN_POINT('',(-41.37813125533,22.960260018415,41.));
#903 = CARTESIAN_POINT('',(-41.45338188831,22.900434722724,41.));
#904 = CARTESIAN_POINT('',(-41.52587836718,22.837092641878,41.));
#905 = CARTESIAN_POINT('',(-41.59548068547,22.770444629599,41.));
#906 = CARTESIAN_POINT('',(-41.66207472281,22.700707108575,41.));
#907 = CARTESIAN_POINT('',(-41.72557011458,22.628099215678,41.));
#908 = CARTESIAN_POINT('',(-41.88550162548,22.428584444217,41.));
#909 = CARTESIAN_POINT('',(-41.97647318801,22.297099134047,41.));
#910 = CARTESIAN_POINT('',(-42.05851008257,22.159363899857,41.));
#911 = CARTESIAN_POINT('',(-42.13149157679,22.016328913113,41.));
#912 = CARTESIAN_POINT('',(-42.1954392287,21.868889104231,41.));
#913 = CARTESIAN_POINT('',(-42.25048705948,21.717866835613,41.));
#914 = CARTESIAN_POINT('',(-42.38532602412,21.270490562159,41.));
#915 = CARTESIAN_POINT('',(-42.44218335205,20.966784501012,41.));
#916 = CARTESIAN_POINT('',(-42.46915965213,20.657722953871,41.));
#917 = CARTESIAN_POINT('',(-42.46892198683,20.347066151852,41.));
#918 = CARTESIAN_POINT('',(-42.44466549284,20.037464460774,41.));
#919 = CARTESIAN_POINT('',(-42.39977519072,19.730479321996,41.));
#920 = CARTESIAN_POINT('',(-42.33777557948,19.426539302229,41.));
#921 = ORIENTED_EDGE('',*,*,#922,.T.);
#922 = EDGE_CURVE('',#844,#923,#925,.T.);
#923 = VERTEX_POINT('',#924);
#924 = CARTESIAN_POINT('',(-37.66222442051,19.426539302229,41.));
#925 = B_SPLINE_CURVE_WITH_KNOTS('',5,(#926,#927,#928,#929,#930,#931),
  .UNSPECIFIED.,.F.,.F.,(6,6),(0.,1.),.PIECEWISE_BEZIER_KNOTS.);
#926 = CARTESIAN_POINT('',(-37.55,20.472135955,41.));
#927 = CARTESIAN_POINT('',(-37.55,20.261998244694,41.));
#928 = CARTESIAN_POINT('',(-37.56251690624,20.0515618754,41.));
#929 = CARTESIAN_POINT('',(-37.58631184673,19.841837291895,41.));
#930 = CARTESIAN_POINT('',(-37.62002153796,19.633430034251,41.));
#931 = CARTESIAN_POINT('',(-37.66222442051,19.426539302229,41.));
#932 = ORIENTED_EDGE('',*,*,#933,.T.);
#933 = EDGE_CURVE('',#923,#934,#936,.T.);
#934 = VERTEX_POINT('',#935);
#935 = CARTESIAN_POINT('',(-38.92636381392,19.426539302229,41.));
#936 = LINE('',#937,#938);
#937 = CARTESIAN_POINT('',(-44.,19.426539302229,41.));
#938 = VECTOR('',#939,1.);
#939 = DIRECTION('',(-1.,-5.E-16,0.));
#940 = ORIENTED_EDGE('',*,*,#941,.T.);
#941 = EDGE_CURVE('',#934,#942,#944,.T.);
#942 = VERTEX_POINT('',#943);
#943 = CARTESIAN_POINT('',(-41.07363618607,19.426539302229,41.));
#944 = B_SPLINE_CURVE_WITH_KNOTS('',7,(#945,#946,#947,#948,#949,#950,
    #951,#952,#953,#954,#955,#956,#957,#958,#959,#960,#961,#962,#963,
    #964,#965,#966,#967,#968,#969,#970,#971,#972,#973,#974,#975,#976,
    #977,#978,#979,#980,#981,#982,#983,#984,#985,#986,#987,#988,#989,
    #990,#991,#992,#993,#994,#995,#996,#997,#998,#999,#1000,#1001,#1002,
    #1003,#1004,#1005,#1006,#1007,#1008,#1009,#1010,#1011,#1012,#1013,
    #1014,#1015,#1016,#1017,#1018,#1019,#1020,#1021,#1022,#1023,#1024,
    #1025,#1026,#1027,#1028,#1029,#1030,#1031,#1032,#1033,#1034,#1035,
    #1036,#1037,#1038,#1039,#1040,#1041,#1042,#1043,#1044,#1045,#1046,
    #1047,#1048,#1049,#1050,#1051,#1052,#1053,#1054,#1055,#1056,#1057,
    #1058,#1059,#1060,#1061,#1062,#1063,#1064,#1065,#1066,#1067,#1068,
    #1069,#1070,#1071,#1072,#1073,#1074,#1075,#1076,#1077,#1078),
  .UNSPECIFIED.,.T.,.F.,(8,6,6,6,6,6,6,6,6,6,6,6,6,6,6,6,6,6,6,6,6,6,8),
  (0.,7.85571014171E-02,0.177737947874,0.205636544049,0.227257850797,
    0.260263270565,0.282973440951,0.314541929743,0.342410049082,
    0.365440952881,0.383780738134,0.442630807037,0.556367927353,
    0.615265848706,0.667712162371,0.697865781082,0.716678837235,
    0.759936957101,0.800557768114,0.818430228698,0.845704205634,
    0.891904572204,1.),.UNSPECIFIED.);
#945 = CARTESIAN_POINT('',(-38.7,20.472135955,41.));
#946 = CARTESIAN_POINT('',(-38.7,20.358515788944,41.));
#947 = CARTESIAN_POINT('',(-38.70643646275,20.244579737206,41.));
#948 = CARTESIAN_POINT('',(-38.71906815683,20.130803466354,41.));
#949 = CARTESIAN_POINT('',(-38.73766258337,20.017625947333,41.));
#950 = CARTESIAN_POINT('',(-38.76199929873,19.90545425423,41.));
#951 = CARTESIAN_POINT('',(-38.79188942059,19.79467569772,41.));
#952 = CARTESIAN_POINT('',(-38.87180633908,19.548063330523,41.));
#953 = CARTESIAN_POINT('',(-38.92498076935,19.413528075554,41.));
#954 = CARTESIAN_POINT('',(-38.98652933831,19.282565511301,41.));
#955 = CARTESIAN_POINT('',(-39.05639445067,19.156034638732,41.));
#956 = CARTESIAN_POINT('',(-39.13462947295,19.035278230675,41.));
#957 = CARTESIAN_POINT('',(-39.22133531155,18.922055613533,41.));
#958 = CARTESIAN_POINT('',(-39.34425537476,18.790381298438,41.));
#959 = CARTESIAN_POINT('',(-39.37195802857,18.762315431381,41.));
#960 = CARTESIAN_POINT('',(-39.40038785409,18.735160727869,41.));
#961 = CARTESIAN_POINT('',(-39.42955207777,18.709000147183,41.));
#962 = CARTESIAN_POINT('',(-39.45945433116,18.683928987967,41.));
#963 = CARTESIAN_POINT('',(-39.49009380741,18.660053959799,41.));
#964 = CARTESIAN_POINT('',(-39.54577652221,18.6200070185,41.));
#965 = CARTESIAN_POINT('',(-39.57052645866,18.603311554217,41.));
#966 = CARTESIAN_POINT('',(-39.59571038922,18.587460492677,41.));
#967 = CARTESIAN_POINT('',(-39.62132033906,18.572513947651,41.));
#968 = CARTESIAN_POINT('',(-39.647343335,18.558535408897,41.));
#969 = CARTESIAN_POINT('',(-39.67376054404,18.545589635135,41.));
#970 = CARTESIAN_POINT('',(-39.74143565274,18.515652642767,41.));
#971 = CARTESIAN_POINT('',(-39.7831976025,18.500114339422,41.));
#972 = CARTESIAN_POINT('',(-39.82571968422,18.487364106595,41.));
#973 = CARTESIAN_POINT('',(-39.86885989733,18.477622425039,41.));
#974 = CARTESIAN_POINT('',(-39.91244423907,18.471063637946,41.));
#975 = CARTESIAN_POINT('',(-39.95626412587,18.467787802237,41.));
#976 = CARTESIAN_POINT('',(-40.03021812144,18.467795799665,41.));
#977 = CARTESIAN_POINT('',(-40.06036467514,18.469352149813,41.));
#978 = CARTESIAN_POINT('',(-40.09043657223,18.472462098709,41.));
#979 = CARTESIAN_POINT('',(-40.12036321241,18.477103818045,41.));
#980 = CARTESIAN_POINT('',(-40.15008021008,18.48323683209,41.));
#981 = CARTESIAN_POINT('',(-40.17952930565,18.490805707001,41.));
#982 = CARTESIAN_POINT('',(-40.24914928131,18.512168138266,41.));
#983 = CARTESIAN_POINT('',(-40.28902387664,18.527238838646,41.));
#984 = CARTESIAN_POINT('',(-40.32815539119,18.544781373279,41.));
#985 = CARTESIAN_POINT('',(-40.3664560348,18.564590825361,41.));
#986 = CARTESIAN_POINT('',(-40.40386848863,18.586458754357,41.));
#987 = CARTESIAN_POINT('',(-40.44035977077,18.610190766788,41.));
#988 = CARTESIAN_POINT('',(-40.50730702169,18.658058572884,41.));
#989 = CARTESIAN_POINT('',(-40.53796762947,18.681820056512,41.));
#990 = CARTESIAN_POINT('',(-40.56789269701,18.706781798343,41.));
#991 = CARTESIAN_POINT('',(-40.59708111951,18.732836812012,41.));
#992 = CARTESIAN_POINT('',(-40.62553632795,18.759889479166,41.));
#993 = CARTESIAN_POINT('',(-40.65326542585,18.787856518591,41.));
#994 = CARTESIAN_POINT('',(-40.70260245549,18.840478439998,41.));
#995 = CARTESIAN_POINT('',(-40.72443636233,18.864864296708,41.));
#996 = CARTESIAN_POINT('',(-40.74578497201,18.889785307053,41.));
#997 = CARTESIAN_POINT('',(-40.76665302934,18.915204963457,41.));
#998 = CARTESIAN_POINT('',(-40.78704509845,18.941090469181,41.));
#999 = CARTESIAN_POINT('',(-40.8069655628,18.967412738323,41.));
#1000 = CARTESIAN_POINT('',(-40.84190933236,19.015434728304,41.));
#1001 = CARTESIAN_POINT('',(-40.85710349196,19.036983566507,41.));
#1002 = CARTESIAN_POINT('',(-40.8720030892,19.058779878512,41.));
#1003 = CARTESIAN_POINT('',(-40.88660987423,19.080811546249,41.));
#1004 = CARTESIAN_POINT('',(-40.90092536215,19.103067365502,41.));
#1005 = CARTESIAN_POINT('',(-40.91495083301,19.125537045904,41.));
#1006 = CARTESIAN_POINT('',(-40.97276603218,19.220969760527,41.));
#1007 = CARTESIAN_POINT('',(-41.01386456834,19.29582539148,41.));
#1008 = CARTESIAN_POINT('',(-41.05202669931,19.372477492961,41.));
#1009 = CARTESIAN_POINT('',(-41.08725399129,19.45068055729,41.));
#1010 = CARTESIAN_POINT('',(-41.11952470197,19.530225850359,41.));
#1011 = CARTESIAN_POINT('',(-41.14880246271,19.610931467154,41.));
#1012 = CARTESIAN_POINT('',(-41.22573284323,19.850557003454,41.));
#1013 = CARTESIAN_POINT('',(-41.26502753737,20.012132997585,41.));
#1014 = CARTESIAN_POINT('',(-41.29257022031,20.176251341497,41.));
#1015 = CARTESIAN_POINT('',(-41.30767780914,20.341749060914,41.));
#1016 = CARTESIAN_POINT('',(-41.30960700606,20.507278823767,41.));
#1017 = CARTESIAN_POINT('',(-41.29762181301,20.671296789604,41.));
#1018 = CARTESIAN_POINT('',(-41.25729100135,20.915224288978,41.));
#1019 = CARTESIAN_POINT('',(-41.23962456342,20.997528637454,41.));
#1020 = CARTESIAN_POINT('',(-41.21796591713,21.078649377626,41.));
#1021 = CARTESIAN_POINT('',(-41.19224194636,21.158285824511,41.));
#1022 = CARTESIAN_POINT('',(-41.16240123953,21.236106628103,41.));
#1023 = CARTESIAN_POINT('',(-41.12842347125,21.311752615697,41.));
#1024 = CARTESIAN_POINT('',(-41.05640694296,21.449920788331,41.));
#1025 = CARTESIAN_POINT('',(-41.01922113173,21.512971946247,41.));
#1026 = CARTESIAN_POINT('',(-40.97878846235,21.573718422473,41.));
#1027 = CARTESIAN_POINT('',(-40.93515388013,21.631867929793,41.));
#1028 = CARTESIAN_POINT('',(-40.88839696621,21.687117373616,41.));
#1029 = CARTESIAN_POINT('',(-40.83863874021,21.739159646329,41.));
#1030 = CARTESIAN_POINT('',(-40.75581207321,21.815592830659,41.));
#1031 = CARTESIAN_POINT('',(-40.72463950176,21.842334583912,41.));
#1032 = CARTESIAN_POINT('',(-40.69256327349,21.867857783576,41.));
#1033 = CARTESIAN_POINT('',(-40.65962077822,21.892105515434,41.));
#1034 = CARTESIAN_POINT('',(-40.62585455353,21.915022555892,41.));
#1035 = CARTESIAN_POINT('',(-40.5913125677,21.93655607899,41.));
#1036 = CARTESIAN_POINT('',(-40.53404700291,21.969197073143,41.));
#1037 = CARTESIAN_POINT('',(-40.51176432305,21.981179979549,41.));
#1038 = CARTESIAN_POINT('',(-40.48921347079,21.992592946747,41.));
#1039 = CARTESIAN_POINT('',(-40.46640818178,22.003424502008,41.));
#1040 = CARTESIAN_POINT('',(-40.44336291964,22.013663835763,41.));
#1041 = CARTESIAN_POINT('',(-40.42009287597,22.023300801596,41.));
#1042 = CARTESIAN_POINT('',(-40.34262735028,22.053077966759,41.));
#1043 = CARTESIAN_POINT('',(-40.28753275486,22.070596563754,41.));
#1044 = CARTESIAN_POINT('',(-40.23152868149,22.084765249458,41.));
#1045 = CARTESIAN_POINT('',(-40.17482635208,22.095492982221,41.));
#1046 = CARTESIAN_POINT('',(-40.11764805454,22.102716468347,41.));
#1047 = CARTESIAN_POINT('',(-40.06022548436,22.106402493899,41.));
#1048 = CARTESIAN_POINT('',(-39.9488718521,22.106689010544,41.));
#1049 = CARTESIAN_POINT('',(-39.89493600428,22.103707828349,41.));
#1050 = CARTESIAN_POINT('',(-39.84118825883,22.0976058958,41.));
#1051 = CARTESIAN_POINT('',(-39.78782088756,22.088407574069,41.));
#1052 = CARTESIAN_POINT('',(-39.73501945853,22.076160826524,41.));
#1053 = CARTESIAN_POINT('',(-39.68296157663,22.060935645612,41.));
#1054 = CARTESIAN_POINT('',(-39.6093122818,22.03485299722,41.));
#1055 = CARTESIAN_POINT('',(-39.58698493622,22.026324247914,41.));
#1056 = CARTESIAN_POINT('',(-39.56484761744,22.017243870781,41.));
#1057 = CARTESIAN_POINT('',(-39.5429137843,22.007620088091,41.));
#1058 = CARTESIAN_POINT('',(-39.52119632445,21.99746170543,41.));
#1059 = CARTESIAN_POINT('',(-39.49970755436,21.98677811169,41.));
#1060 = CARTESIAN_POINT('',(-39.44603354431,21.958489483246,41.));
#1061 = CARTESIAN_POINT('',(-39.41416758549,21.940199635576,41.));
#1062 = CARTESIAN_POINT('',(-39.3829031597,21.920745008829,41.));
#1063 = CARTESIAN_POINT('',(-39.35227833124,21.9001632483,41.));
#1064 = CARTESIAN_POINT('',(-39.32232755651,21.878493932195,41.));
#1065 = CARTESIAN_POINT('',(-39.29308182841,21.855778132017,41.));
#1066 = CARTESIAN_POINT('',(-39.21626961614,21.791877545771,41.));
#1067 = CARTESIAN_POINT('',(-39.17007249143,21.748814727942,41.));
#1068 = CARTESIAN_POINT('',(-39.12611129693,21.703074350729,41.));
#1069 = CARTESIAN_POINT('',(-39.08448939576,21.654866075719,41.));
#1070 = CARTESIAN_POINT('',(-39.04528321021,21.604400125755,41.));
#1071 = CARTESIAN_POINT('',(-39.0085457678,21.551883015886,41.));
#1072 = CARTESIAN_POINT('',(-38.89420908145,21.370303917112,41.));
#1073 = CARTESIAN_POINT('',(-38.82784790239,21.233021996265,41.));
#1074 = CARTESIAN_POINT('',(-38.77554937668,21.088125194565,41.));
#1075 = CARTESIAN_POINT('',(-38.73715143142,20.937835801263,41.));
#1076 = CARTESIAN_POINT('',(-38.7121773592,20.784073427658,41.));
#1077 = CARTESIAN_POINT('',(-38.7,20.628422702191,41.));
#1078 = CARTESIAN_POINT('',(-38.7,20.472135955,41.));
#1079 = ORIENTED_EDGE('',*,*,#1080,.T.);
#1080 = EDGE_CURVE('',#942,#1081,#1083,.T.);
#1081 = VERTEX_POINT('',#1082);
#1082 = CARTESIAN_POINT('',(-42.33777557948,19.426539302229,41.));
#1083 = LINE('',#1084,#1085);
#1084 = CARTESIAN_POINT('',(-44.,19.426539302229,41.));
#1085 = VECTOR('',#1086,1.);
#1086 = DIRECTION('',(-1.,-5.E-16,0.));
#1087 = ORIENTED_EDGE('',*,*,#1088,.F.);
#1088 = EDGE_CURVE('',#569,#1081,#1089,.T.);
#1089 = B_SPLINE_CURVE_WITH_KNOTS('',7,(#1090,#1091,#1092,#1093,#1094,
    #1095,#1096,#1097,#1098,#1099,#1100,#1101,#1102,#1103,#1104,#1105,
    #1106,#1107,#1108,#1109,#1110,#1111,#1112,#1113,#1114,#1115,#1116,
    #1117,#1118,#1119,#1120,#1121,#1122,#1123,#1124,#1125,#1126,#1127,
    #1128,#1129,#1130,#1131,#1132,#1133,#1134,#1135,#1136,#1137,#1138,
    #1139,#1140,#1141,#1142,#1143,#1144,#1145,#1146,#1147,#1148,#1149,
    #1150,#1151,#1152,#1153,#1154,#1155,#1156,#1157,#1158,#1159,#1160,
    #1161,#1162,#1163),.UNSPECIFIED.,.F.,.F.,(8,6,6,6,6,6,6,6,6,6,6,6,8)
  ,(0.,0.170335935768,0.262449239688,0.319956450995,0.358014676269,
    0.384208005815,0.445908934489,0.517744397892,0.547309465034,
    0.592286748372,0.662575417013,0.778624297756,1.),.UNSPECIFIED.);
#1090 = CARTESIAN_POINT('',(-37.55,20.472135955,41.));
#1091 = CARTESIAN_POINT('',(-37.55,20.709708671482,41.));
#1092 = CARTESIAN_POINT('',(-37.56493104215,20.946939844784,41.));
#1093 = CARTESIAN_POINT('',(-37.59619843845,21.182657033923,41.));
#1094 = CARTESIAN_POINT('',(-37.64506938787,21.415249099748,41.));
#1095 = CARTESIAN_POINT('',(-37.71257670135,21.642679395133,41.));
#1096 = CARTESIAN_POINT('',(-37.79937463444,21.862520360023,41.));
#1097 = CARTESIAN_POINT('',(-37.9629620258,22.185295885056,41.));
#1098 = CARTESIAN_POINT('',(-38.02603804696,22.295545094988,41.));
#1099 = CARTESIAN_POINT('',(-38.09477834179,22.402309240837,41.));
#1100 = CARTESIAN_POINT('',(-38.16913622187,22.505117306157,41.));
#1101 = CARTESIAN_POINT('',(-38.24900529662,22.603483543127,41.));
#1102 = CARTESIAN_POINT('',(-38.33420991011,22.696915847366,41.));
#1103 = CARTESIAN_POINT('',(-38.48086177859,22.839868541942,41.));
#1104 = CARTESIAN_POINT('',(-38.53920927933,22.892699918402,41.));
#1105 = CARTESIAN_POINT('',(-38.59947578619,22.943299128823,41.));
#1106 = CARTESIAN_POINT('',(-38.6615887203,22.991549483763,41.));
#1107 = CARTESIAN_POINT('',(-38.72546457136,23.03733786738,41.));
#1108 = CARTESIAN_POINT('',(-38.79100825122,23.080555867182,41.));
#1109 = CARTESIAN_POINT('',(-38.90252194937,23.147933575755,41.));
#1110 = CARTESIAN_POINT('',(-38.94761526823,23.173595852165,41.));
#1111 = CARTESIAN_POINT('',(-38.99336142243,23.198057907031,41.));
#1112 = CARTESIAN_POINT('',(-39.03972752797,23.221291563449,41.));
#1113 = CARTESIAN_POINT('',(-39.08667879834,23.243270293599,41.));
#1114 = CARTESIAN_POINT('',(-39.13417854456,23.263969218741,41.));
#1115 = CARTESIAN_POINT('',(-39.21523049563,23.296714206492,41.));
#1116 = CARTESIAN_POINT('',(-39.24851440107,23.309446155477,41.));
#1117 = CARTESIAN_POINT('',(-39.28202731984,23.321553427117,41.));
#1118 = CARTESIAN_POINT('',(-39.31575634303,23.33302897818,41.));
#1119 = CARTESIAN_POINT('',(-39.34968822448,23.343866251257,41.));
#1120 = CARTESIAN_POINT('',(-39.38380938079,23.354059174761,41.));
#1121 = CARTESIAN_POINT('',(-39.49889464876,23.386081597303,41.));
#1122 = CARTESIAN_POINT('',(-39.58065855108,23.404955199181,41.));
#1123 = CARTESIAN_POINT('',(-39.66321279173,23.420149459212,41.));
#1124 = CARTESIAN_POINT('',(-39.74636731842,23.431608259209,41.));
#1125 = CARTESIAN_POINT('',(-39.82992720809,23.439293466769,41.));
#1126 = CARTESIAN_POINT('',(-39.91369304208,23.443185529899,41.));
#1127 = CARTESIAN_POINT('',(-40.09498866686,23.443398799094,41.));
#1128 = CARTESIAN_POINT('',(-40.19252593429,23.438371376175,41.));
#1129 = CARTESIAN_POINT('',(-40.28975008671,23.428201386689,41.));
#1130 = CARTESIAN_POINT('',(-40.38634667784,23.412923736231,41.));
#1131 = CARTESIAN_POINT('',(-40.48201061144,23.392607217332,41.));
#1132 = CARTESIAN_POINT('',(-40.57644694078,23.367353074593,41.));
#1133 = CARTESIAN_POINT('',(-40.70761636912,23.324922085972,41.));
#1134 = CARTESIAN_POINT('',(-40.74560577743,23.311736412023,41.));
#1135 = CARTESIAN_POINT('',(-40.78332051936,23.297745676448,41.));
#1136 = CARTESIAN_POINT('',(-40.82074182757,23.282959734091,41.));
#1137 = CARTESIAN_POINT('',(-40.85785154121,23.267389166187,41.));
#1138 = CARTESIAN_POINT('',(-40.89463210598,23.251045280356,41.));
#1139 = CARTESIAN_POINT('',(-40.98649426464,23.207918046711,41.));
#1140 = CARTESIAN_POINT('',(-41.04112128849,23.180133903071,41.));
#1141 = CARTESIAN_POINT('',(-41.09488777986,23.150629998971,41.));
#1142 = CARTESIAN_POINT('',(-41.1477380449,23.119451794751,41.));
#1143 = CARTESIAN_POINT('',(-41.19962043639,23.086647558396,41.));
#1144 = CARTESIAN_POINT('',(-41.25048722844,23.052268032125,41.));
#1145 = CARTESIAN_POINT('',(-41.37813125533,22.960260018415,41.));
#1146 = CARTESIAN_POINT('',(-41.45338188831,22.900434722724,41.));
#1147 = CARTESIAN_POINT('',(-41.52587836718,22.837092641878,41.));
#1148 = CARTESIAN_POINT('',(-41.59548068547,22.770444629599,41.));
#1149 = CARTESIAN_POINT('',(-41.66207472281,22.700707108575,41.));
#1150 = CARTESIAN_POINT('',(-41.72557011458,22.628099215678,41.));
#1151 = CARTESIAN_POINT('',(-41.88550162548,22.428584444217,41.));
#1152 = CARTESIAN_POINT('',(-41.97647318801,22.297099134047,41.));
#1153 = CARTESIAN_POINT('',(-42.05851008257,22.159363899857,41.));
#1154 = CARTESIAN_POINT('',(-42.13149157679,22.016328913113,41.));
#1155 = CARTESIAN_POINT('',(-42.1954392287,21.868889104231,41.));
#1156 = CARTESIAN_POINT('',(-42.25048705948,21.717866835613,41.));
#1157 = CARTESIAN_POINT('',(-42.38532602412,21.270490562159,41.));
#1158 = CARTESIAN_POINT('',(-42.44218335205,20.966784501012,41.));
#1159 = CARTESIAN_POINT('',(-42.46915965213,20.657722953871,41.));
#1160 = CARTESIAN_POINT('',(-42.46892198683,20.347066151852,41.));
#1161 = CARTESIAN_POINT('',(-42.44466549284,20.037464460774,41.));
#1162 = CARTESIAN_POINT('',(-42.39977519072,19.730479321996,41.));
#1163 = CARTESIAN_POINT('',(-42.33777557948,19.426539302229,41.));
#1164 = FACE_BOUND('',#1165,.F.);
#1165 = EDGE_LOOP('',(#1166));
#1166 = ORIENTED_EDGE('',*,*,#1167,.F.);
#1167 = EDGE_CURVE('',#1168,#1168,#1170,.T.);
#1168 = VERTEX_POINT('',#1169);
#1169 = CARTESIAN_POINT('',(-45.1,-11.25,41.));
#1170 = CIRCLE('',#1171,0.9);
#1171 = AXIS2_PLACEMENT_3D('',#1172,#1173,#1174);
#1172 = CARTESIAN_POINT('',(-46.,-11.25,41.));
#1173 = DIRECTION('',(0.,0.,1.));
#1174 = DIRECTION('',(1.,0.,0.));
#1175 = FACE_BOUND('',#1176,.F.);
#1176 = EDGE_LOOP('',(#1177,#1188,#1196,#1204,#1212,#1221,#1229,#1237));
#1177 = ORIENTED_EDGE('',*,*,#1178,.F.);
#1178 = EDGE_CURVE('',#1179,#1181,#1183,.T.);
#1179 = VERTEX_POINT('',#1180);
#1180 = CARTESIAN_POINT('',(-40.64226162893,-18.15,41.));
#1181 = VERTEX_POINT('',#1182);
#1182 = CARTESIAN_POINT('',(-39.35773837106,-18.15,41.));
#1183 = CIRCLE('',#1184,0.95);
#1184 = AXIS2_PLACEMENT_3D('',#1185,#1186,#1187);
#1185 = CARTESIAN_POINT('',(-40.,-17.45,41.));
#1186 = DIRECTION('',(0.,0.,1.));
#1187 = DIRECTION('',(1.,0.,0.));
#1188 = ORIENTED_EDGE('',*,*,#1189,.T.);
#1189 = EDGE_CURVE('',#1179,#1190,#1192,.T.);
#1190 = VERTEX_POINT('',#1191);
#1191 = CARTESIAN_POINT('',(-42.2,-18.15,41.));
#1192 = LINE('',#1193,#1194);
#1193 = CARTESIAN_POINT('',(-45.1,-18.15,41.));
#1194 = VECTOR('',#1195,1.);
#1195 = DIRECTION('',(-1.,0.,0.));
#1196 = ORIENTED_EDGE('',*,*,#1197,.T.);
#1197 = EDGE_CURVE('',#1190,#1198,#1200,.T.);
#1198 = VERTEX_POINT('',#1199);
#1199 = CARTESIAN_POINT('',(-42.2,-9.15,41.));
#1200 = LINE('',#1201,#1202);
#1201 = CARTESIAN_POINT('',(-42.2,-20.325,41.));
#1202 = VECTOR('',#1203,1.);
#1203 = DIRECTION('',(0.,1.,0.));
#1204 = ORIENTED_EDGE('',*,*,#1205,.F.);
#1205 = EDGE_CURVE('',#1206,#1198,#1208,.T.);
#1206 = VERTEX_POINT('',#1207);
#1207 = CARTESIAN_POINT('',(-40.64226162893,-9.15,41.));
#1208 = LINE('',#1209,#1210);
#1209 = CARTESIAN_POINT('',(-45.1,-9.15,41.));
#1210 = VECTOR('',#1211,1.);
#1211 = DIRECTION('',(-1.,0.,0.));
#1212 = ORIENTED_EDGE('',*,*,#1213,.F.);
#1213 = EDGE_CURVE('',#1214,#1206,#1216,.T.);
#1214 = VERTEX_POINT('',#1215);
#1215 = CARTESIAN_POINT('',(-39.35773837106,-9.15,41.));
#1216 = CIRCLE('',#1217,0.95);
#1217 = AXIS2_PLACEMENT_3D('',#1218,#1219,#1220);
#1218 = CARTESIAN_POINT('',(-40.,-9.85,41.));
#1219 = DIRECTION('',(0.,0.,1.));
#1220 = DIRECTION('',(1.,0.,0.));
#1221 = ORIENTED_EDGE('',*,*,#1222,.F.);
#1222 = EDGE_CURVE('',#1223,#1214,#1225,.T.);
#1223 = VERTEX_POINT('',#1224);
#1224 = CARTESIAN_POINT('',(-37.8,-9.15,41.));
#1225 = LINE('',#1226,#1227);
#1226 = CARTESIAN_POINT('',(-45.1,-9.15,41.));
#1227 = VECTOR('',#1228,1.);
#1228 = DIRECTION('',(-1.,0.,0.));
#1229 = ORIENTED_EDGE('',*,*,#1230,.F.);
#1230 = EDGE_CURVE('',#1231,#1223,#1233,.T.);
#1231 = VERTEX_POINT('',#1232);
#1232 = CARTESIAN_POINT('',(-37.8,-18.15,41.));
#1233 = LINE('',#1234,#1235);
#1234 = CARTESIAN_POINT('',(-37.8,-20.325,41.));
#1235 = VECTOR('',#1236,1.);
#1236 = DIRECTION('',(0.,1.,0.));
#1237 = ORIENTED_EDGE('',*,*,#1238,.T.);
#1238 = EDGE_CURVE('',#1231,#1181,#1239,.T.);
#1239 = LINE('',#1240,#1241);
#1240 = CARTESIAN_POINT('',(-45.1,-18.15,41.));
#1241 = VECTOR('',#1242,1.);
#1242 = DIRECTION('',(-1.,0.,0.));
#1243 = FACE_BOUND('',#1244,.F.);
#1244 = EDGE_LOOP('',(#1245));
#1245 = ORIENTED_EDGE('',*,*,#1246,.F.);
#1246 = EDGE_CURVE('',#1247,#1247,#1249,.T.);
#1247 = VERTEX_POINT('',#1248);
#1248 = CARTESIAN_POINT('',(-33.1,-11.25,41.));
#1249 = CIRCLE('',#1250,0.9);
#1250 = AXIS2_PLACEMENT_3D('',#1251,#1252,#1253);
#1251 = CARTESIAN_POINT('',(-34.,-11.25,41.));
#1252 = DIRECTION('',(0.,0.,1.));
#1253 = DIRECTION('',(1.,0.,0.));
#1254 = FACE_BOUND('',#1255,.F.);
#1255 = EDGE_LOOP('',(#1256));
#1256 = ORIENTED_EDGE('',*,*,#1257,.F.);
#1257 = EDGE_CURVE('',#1258,#1258,#1260,.T.);
#1258 = VERTEX_POINT('',#1259);
#1259 = CARTESIAN_POINT('',(-45.1,11.25,41.));
#1260 = CIRCLE('',#1261,0.9);
#1261 = AXIS2_PLACEMENT_3D('',#1262,#1263,#1264);
#1262 = CARTESIAN_POINT('',(-46.,11.25,41.));
#1263 = DIRECTION('',(0.,0.,1.));
#1264 = DIRECTION('',(1.,0.,0.));
#1265 = FACE_BOUND('',#1266,.F.);
#1266 = EDGE_LOOP('',(#1267,#1278,#1286,#1294,#1302,#1311,#1319,#1327));
#1267 = ORIENTED_EDGE('',*,*,#1268,.F.);
#1268 = EDGE_CURVE('',#1269,#1271,#1273,.T.);
#1269 = VERTEX_POINT('',#1270);
#1270 = CARTESIAN_POINT('',(-40.64226162893,9.15,41.));
#1271 = VERTEX_POINT('',#1272);
#1272 = CARTESIAN_POINT('',(-39.35773837106,9.15,41.));
#1273 = CIRCLE('',#1274,0.95);
#1274 = AXIS2_PLACEMENT_3D('',#1275,#1276,#1277);
#1275 = CARTESIAN_POINT('',(-40.,9.85,41.));
#1276 = DIRECTION('',(0.,0.,1.));
#1277 = DIRECTION('',(1.,0.,0.));
#1278 = ORIENTED_EDGE('',*,*,#1279,.T.);
#1279 = EDGE_CURVE('',#1269,#1280,#1282,.T.);
#1280 = VERTEX_POINT('',#1281);
#1281 = CARTESIAN_POINT('',(-42.2,9.15,41.));
#1282 = LINE('',#1283,#1284);
#1283 = CARTESIAN_POINT('',(-45.1,9.15,41.));
#1284 = VECTOR('',#1285,1.);
#1285 = DIRECTION('',(-1.,0.,0.));
#1286 = ORIENTED_EDGE('',*,*,#1287,.T.);
#1287 = EDGE_CURVE('',#1280,#1288,#1290,.T.);
#1288 = VERTEX_POINT('',#1289);
#1289 = CARTESIAN_POINT('',(-42.2,18.15,41.));
#1290 = LINE('',#1291,#1292);
#1291 = CARTESIAN_POINT('',(-42.2,-6.675,41.));
#1292 = VECTOR('',#1293,1.);
#1293 = DIRECTION('',(0.,1.,0.));
#1294 = ORIENTED_EDGE('',*,*,#1295,.F.);
#1295 = EDGE_CURVE('',#1296,#1288,#1298,.T.);
#1296 = VERTEX_POINT('',#1297);
#1297 = CARTESIAN_POINT('',(-40.64226162893,18.15,41.));
#1298 = LINE('',#1299,#1300);
#1299 = CARTESIAN_POINT('',(-45.1,18.15,41.));
#1300 = VECTOR('',#1301,1.);
#1301 = DIRECTION('',(-1.,0.,0.));
#1302 = ORIENTED_EDGE('',*,*,#1303,.F.);
#1303 = EDGE_CURVE('',#1304,#1296,#1306,.T.);
#1304 = VERTEX_POINT('',#1305);
#1305 = CARTESIAN_POINT('',(-39.35773837106,18.15,41.));
#1306 = CIRCLE('',#1307,0.95);
#1307 = AXIS2_PLACEMENT_3D('',#1308,#1309,#1310);
#1308 = CARTESIAN_POINT('',(-40.,17.45,41.));
#1309 = DIRECTION('',(0.,0.,1.));
#1310 = DIRECTION('',(1.,0.,0.));
#1311 = ORIENTED_EDGE('',*,*,#1312,.F.);
#1312 = EDGE_CURVE('',#1313,#1304,#1315,.T.);
#1313 = VERTEX_POINT('',#1314);
#1314 = CARTESIAN_POINT('',(-37.8,18.15,41.));
#1315 = LINE('',#1316,#1317);
#1316 = CARTESIAN_POINT('',(-45.1,18.15,41.));
#1317 = VECTOR('',#1318,1.);
#1318 = DIRECTION('',(-1.,0.,0.));
#1319 = ORIENTED_EDGE('',*,*,#1320,.F.);
#1320 = EDGE_CURVE('',#1321,#1313,#1323,.T.);
#1321 = VERTEX_POINT('',#1322);
#1322 = CARTESIAN_POINT('',(-37.8,9.15,41.));
#1323 = LINE('',#1324,#1325);
#1324 = CARTESIAN_POINT('',(-37.8,-6.675,41.));
#1325 = VECTOR('',#1326,1.);
#1326 = DIRECTION('',(0.,1.,0.));
#1327 = ORIENTED_EDGE('',*,*,#1328,.T.);
#1328 = EDGE_CURVE('',#1321,#1271,#1329,.T.);
#1329 = LINE('',#1330,#1331);
#1330 = CARTESIAN_POINT('',(-45.1,9.15,41.));
#1331 = VECTOR('',#1332,1.);
#1332 = DIRECTION('',(-1.,0.,0.));
#1333 = FACE_BOUND('',#1334,.F.);
#1334 = EDGE_LOOP('',(#1335));
#1335 = ORIENTED_EDGE('',*,*,#1336,.F.);
#1336 = EDGE_CURVE('',#1337,#1337,#1339,.T.);
#1337 = VERTEX_POINT('',#1338);
#1338 = CARTESIAN_POINT('',(-33.1,11.25,41.));
#1339 = CIRCLE('',#1340,0.9);
#1340 = AXIS2_PLACEMENT_3D('',#1341,#1342,#1343);
#1341 = CARTESIAN_POINT('',(-34.,11.25,41.));
#1342 = DIRECTION('',(0.,0.,1.));
#1343 = DIRECTION('',(1.,0.,0.));
#1344 = PLANE('',#1345);
#1345 = AXIS2_PLACEMENT_3D('',#1346,#1347,#1348);
#1346 = CARTESIAN_POINT('',(-48.,-22.5,41.));
#1347 = DIRECTION('',(0.,0.,1.));
#1348 = DIRECTION('',(1.,0.,0.));
#1349 = ADVANCED_FACE('',(#1350),#1362,.F.);
#1350 = FACE_BOUND('',#1351,.F.);
#1351 = EDGE_LOOP('',(#1352,#1359,#1360,#1361));
#1352 = ORIENTED_EDGE('',*,*,#1353,.F.);
#1353 = EDGE_CURVE('',#95,#106,#1354,.T.);
#1354 = CIRCLE('',#1355,2.45);
#1355 = AXIS2_PLACEMENT_3D('',#1356,#1357,#1358);
#1356 = CARTESIAN_POINT('',(-38.,-23.25,39.437851134678));
#1357 = DIRECTION('',(0.,-0.927024810887,0.375));
#1358 = DIRECTION('',(0.,-0.375,-0.927024810887));
#1359 = ORIENTED_EDGE('',*,*,#94,.F.);
#1360 = ORIENTED_EDGE('',*,*,#601,.F.);
#1361 = ORIENTED_EDGE('',*,*,#137,.F.);
#1362 = TOROIDAL_SURFACE('',#1363,6.,2.45);
#1363 = AXIS2_PLACEMENT_3D('',#1364,#1365,#1366);
#1364 = CARTESIAN_POINT('',(-38.,-25.5,33.875702269357));
#1365 = DIRECTION('',(-1.,0.,0.));
#1366 = DIRECTION('',(0.,0.375,0.927024810887));
#1367 = ADVANCED_FACE('',(#1368),#1372,.F.);
#1368 = FACE_BOUND('',#1369,.F.);
#1369 = EDGE_LOOP('',(#1370,#1371));
#1370 = ORIENTED_EDGE('',*,*,#105,.F.);
#1371 = ORIENTED_EDGE('',*,*,#1353,.T.);
#1372 = TOROIDAL_SURFACE('',#1373,6.,2.45);
#1373 = AXIS2_PLACEMENT_3D('',#1374,#1375,#1376);
#1374 = CARTESIAN_POINT('',(-38.,-21.,45.));
#1375 = DIRECTION('',(1.,0.,0.));
#1376 = DIRECTION('',(0.,-1.,2.37E-15));
#1377 = ADVANCED_FACE('',(#1378),#1423,.T.);
#1378 = FACE_BOUND('',#1379,.T.);
#1379 = EDGE_LOOP('',(#1380,#1386,#1387,#1388,#1389,#1414,#1415,#1422));
#1380 = ORIENTED_EDGE('',*,*,#1381,.T.);
#1381 = EDGE_CURVE('',#828,#165,#1382,.T.);
#1382 = LINE('',#1383,#1384);
#1383 = CARTESIAN_POINT('',(-32.,22.5,41.));
#1384 = VECTOR('',#1385,1.);
#1385 = DIRECTION('',(0.,0.,1.));
#1386 = ORIENTED_EDGE('',*,*,#164,.F.);
#1387 = ORIENTED_EDGE('',*,*,#78,.F.);
#1388 = ORIENTED_EDGE('',*,*,#655,.T.);
#1389 = ORIENTED_EDGE('',*,*,#1390,.T.);
#1390 = EDGE_CURVE('',#656,#734,#1391,.T.);
#1391 = B_SPLINE_CURVE_WITH_KNOTS('',5,(#1392,#1393,#1394,#1395,#1396,
    #1397,#1398,#1399,#1400,#1401,#1402,#1403,#1404,#1405,#1406,#1407,
    #1408,#1409,#1410,#1411,#1412,#1413),.UNSPECIFIED.,.F.,.F.,(6,4,4,4,
    4,6),(0.,0.115293994109,0.391718900534,0.66818643848,0.795583051374,
    1.),.UNSPECIFIED.);
#1392 = CARTESIAN_POINT('',(-32.,-5.644807434646,40.8));
#1393 = CARTESIAN_POINT('',(-32.,-5.584722116607,40.840348880644));
#1394 = CARTESIAN_POINT('',(-32.,-5.523221382046,40.878614806906));
#1395 = CARTESIAN_POINT('',(-32.,-5.460410898671,40.914743623929));
#1396 = CARTESIAN_POINT('',(-32.,-5.396397236871,40.948687673403));
#1397 = CARTESIAN_POINT('',(-32.,-5.17518389515,41.056452065225));
#1398 = CARTESIAN_POINT('',(-32.,-5.012782323619,41.119702051222));
#1399 = CARTESIAN_POINT('',(-32.,-4.845561089098,41.169589185616));
#1400 = CARTESIAN_POINT('',(-32.,-4.675023366834,41.205739574815));
#1401 = CARTESIAN_POINT('',(-32.,-4.330326240655,41.250177839712));
#1402 = CARTESIAN_POINT('',(-32.,-4.156165920316,41.258461459085));
#1403 = CARTESIAN_POINT('',(-32.,-3.981730177104,41.252613275193));
#1404 = CARTESIAN_POINT('',(-32.,-3.808564310379,41.232617689821));
#1405 = CARTESIAN_POINT('',(-32.,-3.55973824832,41.183034254533));
#1406 = CARTESIAN_POINT('',(-32.,-3.481848474418,41.164432060765));
#1407 = CARTESIAN_POINT('',(-32.,-3.404712535641,41.142887987403));
#1408 = CARTESIAN_POINT('',(-32.,-3.328483164706,41.118432051349));
#1409 = CARTESIAN_POINT('',(-32.,-3.132697011177,41.047256225762));
#1410 = CARTESIAN_POINT('',(-32.,-3.014806938072,40.996014721771));
#1411 = CARTESIAN_POINT('',(-32.,-2.900274771255,40.937549703997));
#1412 = CARTESIAN_POINT('',(-32.,-2.789723407241,40.872102230933));
#1413 = CARTESIAN_POINT('',(-32.,-2.683755956552,40.8));
#1414 = ORIENTED_EDGE('',*,*,#742,.T.);
#1415 = ORIENTED_EDGE('',*,*,#1416,.F.);
#1416 = EDGE_CURVE('',#820,#743,#1417,.T.);
#1417 = CIRCLE('',#1418,2.45);
#1418 = AXIS2_PLACEMENT_3D('',#1419,#1420,#1421);
#1419 = CARTESIAN_POINT('',(-32.,4.36,38.8));
#1420 = DIRECTION('',(1.,-0.,0.));
#1421 = DIRECTION('',(0.,0.,-1.));
#1422 = ORIENTED_EDGE('',*,*,#827,.T.);
#1423 = PLANE('',#1424);
#1424 = AXIS2_PLACEMENT_3D('',#1425,#1426,#1427);
#1425 = CARTESIAN_POINT('',(-32.,-22.5,41.));
#1426 = DIRECTION('',(1.,0.,0.));
#1427 = DIRECTION('',(0.,0.,1.));
#1428 = ADVANCED_FACE('',(#1429),#1483,.F.);
#1429 = FACE_BOUND('',#1430,.F.);
#1430 = EDGE_LOOP('',(#1431,#1432,#1439,#1440,#1441,#1442,#1451,#1476));
#1431 = ORIENTED_EDGE('',*,*,#922,.F.);
#1432 = ORIENTED_EDGE('',*,*,#1433,.T.);
#1433 = EDGE_CURVE('',#844,#181,#1434,.T.);
#1434 = CIRCLE('',#1435,6.);
#1435 = AXIS2_PLACEMENT_3D('',#1436,#1437,#1438);
#1436 = CARTESIAN_POINT('',(-37.55,16.,45.));
#1437 = DIRECTION('',(1.,-0.,0.));
#1438 = DIRECTION('',(0.,5.9E-16,-1.));
#1439 = ORIENTED_EDGE('',*,*,#327,.T.);
#1440 = ORIENTED_EDGE('',*,*,#578,.T.);
#1441 = ORIENTED_EDGE('',*,*,#1088,.T.);
#1442 = ORIENTED_EDGE('',*,*,#1443,.F.);
#1443 = EDGE_CURVE('',#1444,#1081,#1446,.T.);
#1444 = VERTEX_POINT('',#1445);
#1445 = CARTESIAN_POINT('',(-40.36456425952,18.327264441703,
    42.283247922836));
#1446 = CIRCLE('',#1447,2.45);
#1447 = AXIS2_PLACEMENT_3D('',#1448,#1449,#1450);
#1448 = CARTESIAN_POINT('',(-40.,19.903413578933,40.443316729045));
#1449 = DIRECTION('',(0.,-0.759447211826,-0.650568929822));
#1450 = DIRECTION('',(0.,0.650568929822,-0.759447211826));
#1451 = ORIENTED_EDGE('',*,*,#1452,.T.);
#1452 = EDGE_CURVE('',#1444,#1453,#1455,.T.);
#1453 = VERTEX_POINT('',#1454);
#1454 = CARTESIAN_POINT('',(-39.63543574047,18.327264441703,
    42.283247922836));
#1455 = B_SPLINE_CURVE_WITH_KNOTS('',7,(#1456,#1457,#1458,#1459,#1460,
    #1461,#1462,#1463,#1464,#1465,#1466,#1467,#1468,#1469,#1470,#1471,
    #1472,#1473,#1474,#1475),.UNSPECIFIED.,.F.,.F.,(8,6,6,8),(0.,
    0.206004816489,0.507035410739,1.),.UNSPECIFIED.);
#1456 = CARTESIAN_POINT('',(-40.36456425952,18.327264441703,
    42.283247922836));
#1457 = CARTESIAN_POINT('',(-40.34550299352,18.335185720618,
    42.293810368496));
#1458 = CARTESIAN_POINT('',(-40.32605794986,18.342699815888,
    42.303935721959));
#1459 = CARTESIAN_POINT('',(-40.30622830026,18.349787611148,
    42.313580474762));
#1460 = CARTESIAN_POINT('',(-40.28601731856,18.356426859907,
    42.322696010678));
#1461 = CARTESIAN_POINT('',(-40.26543342545,18.362593172935,
    42.331230410913));
#1462 = CARTESIAN_POINT('',(-40.24449123333,18.368261005634,
    42.339130259322));
#1463 = CARTESIAN_POINT('',(-40.1921185496,18.380920940255,
    42.356881469766));
#1464 = CARTESIAN_POINT('',(-40.1602942008,18.387320636453,
    42.365956169848));
#1465 = CARTESIAN_POINT('',(-40.12782863522,18.392517905174,
    42.373393006586));
#1466 = CARTESIAN_POINT('',(-40.09484033158,18.396431799036,
    42.379029320598));
#1467 = CARTESIAN_POINT('',(-40.06147967236,18.398997995806,
    42.3827365385));
#1468 = CARTESIAN_POINT('',(-40.02793145925,18.400180542118,
    42.384443377013));
#1469 = CARTESIAN_POINT('',(-39.9395351985,18.399661082165,
    42.383693431308));
#1470 = CARTESIAN_POINT('',(-39.88471927998,18.395639767356,
    42.377888290972));
#1471 = CARTESIAN_POINT('',(-39.83094981841,18.387936045439,
    42.36677346591));
#1472 = CARTESIAN_POINT('',(-39.77886023485,18.37687090214,
    42.350963926114));
#1473 = CARTESIAN_POINT('',(-39.72881614143,18.362833181057,
    42.331281393061));
#1474 = CARTESIAN_POINT('',(-39.68099654446,18.346198117777,
    42.30849459409));
#1475 = CARTESIAN_POINT('',(-39.63543574047,18.327264441703,
    42.283247922836));
#1476 = ORIENTED_EDGE('',*,*,#1477,.F.);
#1477 = EDGE_CURVE('',#923,#1453,#1478,.T.);
#1478 = CIRCLE('',#1479,2.45);
#1479 = AXIS2_PLACEMENT_3D('',#1480,#1481,#1482);
#1480 = CARTESIAN_POINT('',(-40.,19.903413578933,40.443316729045));
#1481 = DIRECTION('',(0.,-0.759447211826,-0.650568929822));
#1482 = DIRECTION('',(0.,0.650568929822,-0.759447211826));
#1483 = TOROIDAL_SURFACE('',#1484,6.,2.45);
#1484 = AXIS2_PLACEMENT_3D('',#1485,#1486,#1487);
#1485 = CARTESIAN_POINT('',(-40.,16.,45.));
#1486 = DIRECTION('',(1.,0.,0.));
#1487 = DIRECTION('',(0.,5.9E-16,-1.));
#1488 = ADVANCED_FACE('',(#1489),#1527,.F.);
#1489 = FACE_BOUND('',#1490,.F.);
#1490 = EDGE_LOOP('',(#1491,#1492,#1493,#1526));
#1491 = ORIENTED_EDGE('',*,*,#1433,.F.);
#1492 = ORIENTED_EDGE('',*,*,#843,.T.);
#1493 = ORIENTED_EDGE('',*,*,#1494,.T.);
#1494 = EDGE_CURVE('',#836,#173,#1495,.T.);
#1495 = B_SPLINE_CURVE_WITH_KNOTS('',8,(#1496,#1497,#1498,#1499,#1500,
    #1501,#1502,#1503,#1504,#1505,#1506,#1507,#1508,#1509,#1510,#1511,
    #1512,#1513,#1514,#1515,#1516,#1517,#1518,#1519,#1520,#1521,#1522,
    #1523,#1524,#1525),.UNSPECIFIED.,.F.,.F.,(9,7,7,7,9),(0.,
    0.9294021394,0.965931503736,0.982902933115,1.),.UNSPECIFIED.);
#1496 = CARTESIAN_POINT('',(-38.27406385201,22.5,40.8));
#1497 = CARTESIAN_POINT('',(-38.13695229241,22.5,41.050761756759));
#1498 = CARTESIAN_POINT('',(-38.02356749934,22.5,41.315395465188));
#1499 = CARTESIAN_POINT('',(-37.93072816002,22.5,41.589694648309));
#1500 = CARTESIAN_POINT('',(-37.85577254489,22.5,41.870508717815));
#1501 = CARTESIAN_POINT('',(-37.79588266233,22.5,42.155420033873));
#1502 = CARTESIAN_POINT('',(-37.74847631271,22.5,42.44286247534));
#1503 = CARTESIAN_POINT('',(-37.71122818348,22.5,42.732074594788));
#1504 = CARTESIAN_POINT('',(-37.68107471811,22.5,43.034600845216));
#1505 = CARTESIAN_POINT('',(-37.67994717788,22.5,43.046043848097));
#1506 = CARTESIAN_POINT('',(-37.67883231805,22.5,43.057488953757));
#1507 = CARTESIAN_POINT('',(-37.67773002369,22.5,43.068936127414));
#1508 = CARTESIAN_POINT('',(-37.67664018071,22.5,43.080385334927));
#1509 = CARTESIAN_POINT('',(-37.67556267593,22.5,43.091836542796));
#1510 = CARTESIAN_POINT('',(-37.67449739702,22.5,43.103289718164));
#1511 = CARTESIAN_POINT('',(-37.6729549356,22.5,43.120066837694));
#1512 = CARTESIAN_POINT('',(-37.67246853793,22.5,43.125386171255));
#1513 = CARTESIAN_POINT('',(-37.67198502159,22.5,43.130702841104));
#1514 = CARTESIAN_POINT('',(-37.67150436881,22.5,43.136016858817));
#1515 = CARTESIAN_POINT('',(-37.67102656194,22.5,43.141328235943));
#1516 = CARTESIAN_POINT('',(-37.6705515835,22.5,43.146636984001));
#1517 = CARTESIAN_POINT('',(-37.67007941614,22.5,43.151943114481));
#1518 = CARTESIAN_POINT('',(-37.66913719449,22.5,43.162589424573));
#1519 = CARTESIAN_POINT('',(-37.66866691218,22.5,43.167932610394));
#1520 = CARTESIAN_POINT('',(-37.66819918457,22.5,43.173276195047));
#1521 = CARTESIAN_POINT('',(-37.66773400054,22.5,43.178620176463));
#1522 = CARTESIAN_POINT('',(-37.6672713491,22.5,43.183964551763));
#1523 = CARTESIAN_POINT('',(-37.6668112193,22.5,43.189309317256));
#1524 = CARTESIAN_POINT('',(-37.66635360034,22.5,43.194654468439));
#1525 = CARTESIAN_POINT('',(-37.66589848147,22.5,43.2));
#1526 = ORIENTED_EDGE('',*,*,#180,.T.);
#1527 = TOROIDAL_SURFACE('',#1528,6.,2.45);
#1528 = AXIS2_PLACEMENT_3D('',#1529,#1530,#1531);
#1529 = CARTESIAN_POINT('',(-40.,16.,45.));
#1530 = DIRECTION('',(1.,0.,0.));
#1531 = DIRECTION('',(0.,5.9E-16,-1.));
#1532 = ADVANCED_FACE('',(#1533),#1539,.T.);
#1533 = FACE_BOUND('',#1534,.T.);
#1534 = EDGE_LOOP('',(#1535,#1536,#1537,#1538));
#1535 = ORIENTED_EDGE('',*,*,#835,.F.);
#1536 = ORIENTED_EDGE('',*,*,#1494,.T.);
#1537 = ORIENTED_EDGE('',*,*,#172,.T.);
#1538 = ORIENTED_EDGE('',*,*,#1381,.F.);
#1539 = PLANE('',#1540);
#1540 = AXIS2_PLACEMENT_3D('',#1541,#1542,#1543);
#1541 = CARTESIAN_POINT('',(-48.,22.5,41.));
#1542 = DIRECTION('',(0.,1.,0.));
#1543 = DIRECTION('',(0.,0.,1.));
#1544 = ADVANCED_FACE('',(#1545),#1556,.F.);
#1545 = FACE_BOUND('',#1546,.F.);
#1546 = EDGE_LOOP('',(#1547,#1548,#1554,#1555));
#1547 = ORIENTED_EDGE('',*,*,#474,.F.);
#1548 = ORIENTED_EDGE('',*,*,#1549,.F.);
#1549 = EDGE_CURVE('',#1168,#475,#1550,.T.);
#1550 = LINE('',#1551,#1552);
#1551 = CARTESIAN_POINT('',(-45.1,-11.25,40.5));
#1552 = VECTOR('',#1553,1.);
#1553 = DIRECTION('',(0.,0.,1.));
#1554 = ORIENTED_EDGE('',*,*,#1167,.T.);
#1555 = ORIENTED_EDGE('',*,*,#1549,.T.);
#1556 = CYLINDRICAL_SURFACE('',#1557,0.9);
#1557 = AXIS2_PLACEMENT_3D('',#1558,#1559,#1560);
#1558 = CARTESIAN_POINT('',(-46.,-11.25,40.5));
#1559 = DIRECTION('',(0.,0.,1.));
#1560 = DIRECTION('',(1.,0.,0.));
#1561 = ADVANCED_FACE('',(#1562),#1605,.F.);
#1562 = FACE_BOUND('',#1563,.F.);
#1563 = EDGE_LOOP('',(#1564,#1572,#1573,#1574,#1583,#1589,#1590,#1598));
#1564 = ORIENTED_EDGE('',*,*,#1565,.T.);
#1565 = EDGE_CURVE('',#1566,#486,#1568,.T.);
#1566 = VERTEX_POINT('',#1567);
#1567 = CARTESIAN_POINT('',(-39.05,-17.45,41.7));
#1568 = LINE('',#1569,#1570);
#1569 = CARTESIAN_POINT('',(-39.05,-17.45,40.5));
#1570 = VECTOR('',#1571,1.);
#1571 = DIRECTION('',(0.,0.,1.));
#1572 = ORIENTED_EDGE('',*,*,#485,.F.);
#1573 = ORIENTED_EDGE('',*,*,#1565,.F.);
#1574 = ORIENTED_EDGE('',*,*,#1575,.T.);
#1575 = EDGE_CURVE('',#1566,#1576,#1578,.T.);
#1576 = VERTEX_POINT('',#1577);
#1577 = CARTESIAN_POINT('',(-40.64226162893,-18.15,41.7));
#1578 = CIRCLE('',#1579,0.95);
#1579 = AXIS2_PLACEMENT_3D('',#1580,#1581,#1582);
#1580 = CARTESIAN_POINT('',(-40.,-17.45,41.7));
#1581 = DIRECTION('',(0.,0.,1.));
#1582 = DIRECTION('',(1.,0.,0.));
#1583 = ORIENTED_EDGE('',*,*,#1584,.F.);
#1584 = EDGE_CURVE('',#1179,#1576,#1585,.T.);
#1585 = LINE('',#1586,#1587);
#1586 = CARTESIAN_POINT('',(-40.64226162893,-18.15,40.5));
#1587 = VECTOR('',#1588,1.);
#1588 = DIRECTION('',(0.,0.,1.));
#1589 = ORIENTED_EDGE('',*,*,#1178,.T.);
#1590 = ORIENTED_EDGE('',*,*,#1591,.T.);
#1591 = EDGE_CURVE('',#1181,#1592,#1594,.T.);
#1592 = VERTEX_POINT('',#1593);
#1593 = CARTESIAN_POINT('',(-39.35773837106,-18.15,41.7));
#1594 = LINE('',#1595,#1596);
#1595 = CARTESIAN_POINT('',(-39.35773837106,-18.15,40.5));
#1596 = VECTOR('',#1597,1.);
#1597 = DIRECTION('',(0.,0.,1.));
#1598 = ORIENTED_EDGE('',*,*,#1599,.T.);
#1599 = EDGE_CURVE('',#1592,#1566,#1600,.T.);
#1600 = CIRCLE('',#1601,0.95);
#1601 = AXIS2_PLACEMENT_3D('',#1602,#1603,#1604);
#1602 = CARTESIAN_POINT('',(-40.,-17.45,41.7));
#1603 = DIRECTION('',(0.,0.,1.));
#1604 = DIRECTION('',(1.,0.,0.));
#1605 = CYLINDRICAL_SURFACE('',#1606,0.95);
#1606 = AXIS2_PLACEMENT_3D('',#1607,#1608,#1609);
#1607 = CARTESIAN_POINT('',(-40.,-17.45,40.5));
#1608 = DIRECTION('',(0.,0.,1.));
#1609 = DIRECTION('',(1.,0.,0.));
#1610 = ADVANCED_FACE('',(#1611),#1654,.F.);
#1611 = FACE_BOUND('',#1612,.F.);
#1612 = EDGE_LOOP('',(#1613,#1621,#1622,#1623,#1632,#1638,#1639,#1647));
#1613 = ORIENTED_EDGE('',*,*,#1614,.T.);
#1614 = EDGE_CURVE('',#1615,#497,#1617,.T.);
#1615 = VERTEX_POINT('',#1616);
#1616 = CARTESIAN_POINT('',(-39.05,-9.85,41.7));
#1617 = LINE('',#1618,#1619);
#1618 = CARTESIAN_POINT('',(-39.05,-9.85,40.5));
#1619 = VECTOR('',#1620,1.);
#1620 = DIRECTION('',(0.,0.,1.));
#1621 = ORIENTED_EDGE('',*,*,#496,.F.);
#1622 = ORIENTED_EDGE('',*,*,#1614,.F.);
#1623 = ORIENTED_EDGE('',*,*,#1624,.T.);
#1624 = EDGE_CURVE('',#1615,#1625,#1627,.T.);
#1625 = VERTEX_POINT('',#1626);
#1626 = CARTESIAN_POINT('',(-39.35773837106,-9.15,41.7));
#1627 = CIRCLE('',#1628,0.95);
#1628 = AXIS2_PLACEMENT_3D('',#1629,#1630,#1631);
#1629 = CARTESIAN_POINT('',(-40.,-9.85,41.7));
#1630 = DIRECTION('',(0.,0.,1.));
#1631 = DIRECTION('',(1.,0.,0.));
#1632 = ORIENTED_EDGE('',*,*,#1633,.F.);
#1633 = EDGE_CURVE('',#1214,#1625,#1634,.T.);
#1634 = LINE('',#1635,#1636);
#1635 = CARTESIAN_POINT('',(-39.35773837106,-9.15,40.5));
#1636 = VECTOR('',#1637,1.);
#1637 = DIRECTION('',(0.,0.,1.));
#1638 = ORIENTED_EDGE('',*,*,#1213,.T.);
#1639 = ORIENTED_EDGE('',*,*,#1640,.T.);
#1640 = EDGE_CURVE('',#1206,#1641,#1643,.T.);
#1641 = VERTEX_POINT('',#1642);
#1642 = CARTESIAN_POINT('',(-40.64226162893,-9.15,41.7));
#1643 = LINE('',#1644,#1645);
#1644 = CARTESIAN_POINT('',(-40.64226162893,-9.15,40.5));
#1645 = VECTOR('',#1646,1.);
#1646 = DIRECTION('',(0.,0.,1.));
#1647 = ORIENTED_EDGE('',*,*,#1648,.T.);
#1648 = EDGE_CURVE('',#1641,#1615,#1649,.T.);
#1649 = CIRCLE('',#1650,0.95);
#1650 = AXIS2_PLACEMENT_3D('',#1651,#1652,#1653);
#1651 = CARTESIAN_POINT('',(-40.,-9.85,41.7));
#1652 = DIRECTION('',(0.,0.,1.));
#1653 = DIRECTION('',(1.,0.,0.));
#1654 = CYLINDRICAL_SURFACE('',#1655,0.95);
#1655 = AXIS2_PLACEMENT_3D('',#1656,#1657,#1658);
#1656 = CARTESIAN_POINT('',(-40.,-9.85,40.5));
#1657 = DIRECTION('',(0.,0.,1.));
#1658 = DIRECTION('',(1.,0.,0.));
#1659 = ADVANCED_FACE('',(#1660),#1671,.F.);
#1660 = FACE_BOUND('',#1661,.F.);
#1661 = EDGE_LOOP('',(#1662,#1663,#1669,#1670));
#1662 = ORIENTED_EDGE('',*,*,#507,.F.);
#1663 = ORIENTED_EDGE('',*,*,#1664,.F.);
#1664 = EDGE_CURVE('',#1247,#508,#1665,.T.);
#1665 = LINE('',#1666,#1667);
#1666 = CARTESIAN_POINT('',(-33.1,-11.25,40.5));
#1667 = VECTOR('',#1668,1.);
#1668 = DIRECTION('',(0.,0.,1.));
#1669 = ORIENTED_EDGE('',*,*,#1246,.T.);
#1670 = ORIENTED_EDGE('',*,*,#1664,.T.);
#1671 = CYLINDRICAL_SURFACE('',#1672,0.9);
#1672 = AXIS2_PLACEMENT_3D('',#1673,#1674,#1675);
#1673 = CARTESIAN_POINT('',(-34.,-11.25,40.5));
#1674 = DIRECTION('',(0.,0.,1.));
#1675 = DIRECTION('',(1.,0.,0.));
#1676 = ADVANCED_FACE('',(#1677),#1688,.F.);
#1677 = FACE_BOUND('',#1678,.F.);
#1678 = EDGE_LOOP('',(#1679,#1680,#1686,#1687));
#1679 = ORIENTED_EDGE('',*,*,#518,.F.);
#1680 = ORIENTED_EDGE('',*,*,#1681,.F.);
#1681 = EDGE_CURVE('',#1258,#519,#1682,.T.);
#1682 = LINE('',#1683,#1684);
#1683 = CARTESIAN_POINT('',(-45.1,11.25,40.5));
#1684 = VECTOR('',#1685,1.);
#1685 = DIRECTION('',(0.,0.,1.));
#1686 = ORIENTED_EDGE('',*,*,#1257,.T.);
#1687 = ORIENTED_EDGE('',*,*,#1681,.T.);
#1688 = CYLINDRICAL_SURFACE('',#1689,0.9);
#1689 = AXIS2_PLACEMENT_3D('',#1690,#1691,#1692);
#1690 = CARTESIAN_POINT('',(-46.,11.25,40.5));
#1691 = DIRECTION('',(0.,0.,1.));
#1692 = DIRECTION('',(1.,0.,0.));
#1693 = ADVANCED_FACE('',(#1694),#1737,.F.);
#1694 = FACE_BOUND('',#1695,.F.);
#1695 = EDGE_LOOP('',(#1696,#1704,#1705,#1706,#1715,#1721,#1722,#1730));
#1696 = ORIENTED_EDGE('',*,*,#1697,.T.);
#1697 = EDGE_CURVE('',#1698,#530,#1700,.T.);
#1698 = VERTEX_POINT('',#1699);
#1699 = CARTESIAN_POINT('',(-39.05,9.85,41.7));
#1700 = LINE('',#1701,#1702);
#1701 = CARTESIAN_POINT('',(-39.05,9.85,40.5));
#1702 = VECTOR('',#1703,1.);
#1703 = DIRECTION('',(0.,0.,1.));
#1704 = ORIENTED_EDGE('',*,*,#529,.F.);
#1705 = ORIENTED_EDGE('',*,*,#1697,.F.);
#1706 = ORIENTED_EDGE('',*,*,#1707,.T.);
#1707 = EDGE_CURVE('',#1698,#1708,#1710,.T.);
#1708 = VERTEX_POINT('',#1709);
#1709 = CARTESIAN_POINT('',(-40.64226162893,9.15,41.7));
#1710 = CIRCLE('',#1711,0.95);
#1711 = AXIS2_PLACEMENT_3D('',#1712,#1713,#1714);
#1712 = CARTESIAN_POINT('',(-40.,9.85,41.7));
#1713 = DIRECTION('',(0.,0.,1.));
#1714 = DIRECTION('',(1.,0.,0.));
#1715 = ORIENTED_EDGE('',*,*,#1716,.F.);
#1716 = EDGE_CURVE('',#1269,#1708,#1717,.T.);
#1717 = LINE('',#1718,#1719);
#1718 = CARTESIAN_POINT('',(-40.64226162893,9.15,40.5));
#1719 = VECTOR('',#1720,1.);
#1720 = DIRECTION('',(0.,0.,1.));
#1721 = ORIENTED_EDGE('',*,*,#1268,.T.);
#1722 = ORIENTED_EDGE('',*,*,#1723,.T.);
#1723 = EDGE_CURVE('',#1271,#1724,#1726,.T.);
#1724 = VERTEX_POINT('',#1725);
#1725 = CARTESIAN_POINT('',(-39.35773837106,9.15,41.7));
#1726 = LINE('',#1727,#1728);
#1727 = CARTESIAN_POINT('',(-39.35773837106,9.15,40.5));
#1728 = VECTOR('',#1729,1.);
#1729 = DIRECTION('',(0.,0.,1.));
#1730 = ORIENTED_EDGE('',*,*,#1731,.T.);
#1731 = EDGE_CURVE('',#1724,#1698,#1732,.T.);
#1732 = CIRCLE('',#1733,0.95);
#1733 = AXIS2_PLACEMENT_3D('',#1734,#1735,#1736);
#1734 = CARTESIAN_POINT('',(-40.,9.85,41.7));
#1735 = DIRECTION('',(0.,0.,1.));
#1736 = DIRECTION('',(1.,0.,0.));
#1737 = CYLINDRICAL_SURFACE('',#1738,0.95);
#1738 = AXIS2_PLACEMENT_3D('',#1739,#1740,#1741);
#1739 = CARTESIAN_POINT('',(-40.,9.85,40.5));
#1740 = DIRECTION('',(0.,0.,1.));
#1741 = DIRECTION('',(1.,0.,0.));
#1742 = ADVANCED_FACE('',(#1743,#1786),#1796,.F.);
#1743 = FACE_BOUND('',#1744,.F.);
#1744 = EDGE_LOOP('',(#1745,#1756,#1762,#1763,#1764,#1773,#1779,#1780));
#1745 = ORIENTED_EDGE('',*,*,#1746,.T.);
#1746 = EDGE_CURVE('',#1747,#1749,#1751,.T.);
#1747 = VERTEX_POINT('',#1748);
#1748 = CARTESIAN_POINT('',(-40.64226162893,18.15,41.7));
#1749 = VERTEX_POINT('',#1750);
#1750 = CARTESIAN_POINT('',(-39.05,17.45,41.7));
#1751 = CIRCLE('',#1752,0.95);
#1752 = AXIS2_PLACEMENT_3D('',#1753,#1754,#1755);
#1753 = CARTESIAN_POINT('',(-40.,17.45,41.7));
#1754 = DIRECTION('',(0.,0.,1.));
#1755 = DIRECTION('',(1.,0.,0.));
#1756 = ORIENTED_EDGE('',*,*,#1757,.T.);
#1757 = EDGE_CURVE('',#1749,#541,#1758,.T.);
#1758 = LINE('',#1759,#1760);
#1759 = CARTESIAN_POINT('',(-39.05,17.45,40.5));
#1760 = VECTOR('',#1761,1.);
#1761 = DIRECTION('',(0.,0.,1.));
#1762 = ORIENTED_EDGE('',*,*,#540,.F.);
#1763 = ORIENTED_EDGE('',*,*,#1757,.F.);
#1764 = ORIENTED_EDGE('',*,*,#1765,.T.);
#1765 = EDGE_CURVE('',#1749,#1766,#1768,.T.);
#1766 = VERTEX_POINT('',#1767);
#1767 = CARTESIAN_POINT('',(-39.35773837106,18.15,41.7));
#1768 = CIRCLE('',#1769,0.95);
#1769 = AXIS2_PLACEMENT_3D('',#1770,#1771,#1772);
#1770 = CARTESIAN_POINT('',(-40.,17.45,41.7));
#1771 = DIRECTION('',(0.,0.,1.));
#1772 = DIRECTION('',(1.,0.,0.));
#1773 = ORIENTED_EDGE('',*,*,#1774,.F.);
#1774 = EDGE_CURVE('',#1304,#1766,#1775,.T.);
#1775 = LINE('',#1776,#1777);
#1776 = CARTESIAN_POINT('',(-39.35773837106,18.15,40.5));
#1777 = VECTOR('',#1778,1.);
#1778 = DIRECTION('',(0.,0.,1.));
#1779 = ORIENTED_EDGE('',*,*,#1303,.T.);
#1780 = ORIENTED_EDGE('',*,*,#1781,.T.);
#1781 = EDGE_CURVE('',#1296,#1747,#1782,.T.);
#1782 = LINE('',#1783,#1784);
#1783 = CARTESIAN_POINT('',(-40.64226162893,18.15,40.5));
#1784 = VECTOR('',#1785,1.);
#1785 = DIRECTION('',(0.,0.,1.));
#1786 = FACE_BOUND('',#1787,.F.);
#1787 = EDGE_LOOP('',(#1788,#1789));
#1788 = ORIENTED_EDGE('',*,*,#1452,.F.);
#1789 = ORIENTED_EDGE('',*,*,#1790,.F.);
#1790 = EDGE_CURVE('',#1453,#1444,#1791,.T.);
#1791 = ELLIPSE('',#1792,1.460260329769,0.95);
#1792 = AXIS2_PLACEMENT_3D('',#1793,#1794,#1795);
#1793 = CARTESIAN_POINT('',(-40.,17.45,43.30733008192));
#1794 = DIRECTION('',(-3.8E-16,0.759447211826,0.650568929822));
#1795 = DIRECTION('',(3.2E-16,-0.650568929822,0.759447211826));
#1796 = CYLINDRICAL_SURFACE('',#1797,0.95);
#1797 = AXIS2_PLACEMENT_3D('',#1798,#1799,#1800);
#1798 = CARTESIAN_POINT('',(-40.,17.45,40.5));
#1799 = DIRECTION('',(0.,0.,1.));
#1800 = DIRECTION('',(1.,0.,0.));
#1801 = ADVANCED_FACE('',(#1802),#1813,.F.);
#1802 = FACE_BOUND('',#1803,.F.);
#1803 = EDGE_LOOP('',(#1804,#1805,#1811,#1812));
#1804 = ORIENTED_EDGE('',*,*,#551,.F.);
#1805 = ORIENTED_EDGE('',*,*,#1806,.F.);
#1806 = EDGE_CURVE('',#1337,#552,#1807,.T.);
#1807 = LINE('',#1808,#1809);
#1808 = CARTESIAN_POINT('',(-33.1,11.25,40.5));
#1809 = VECTOR('',#1810,1.);
#1810 = DIRECTION('',(0.,0.,1.));
#1811 = ORIENTED_EDGE('',*,*,#1336,.T.);
#1812 = ORIENTED_EDGE('',*,*,#1806,.T.);
#1813 = CYLINDRICAL_SURFACE('',#1814,0.9);
#1814 = AXIS2_PLACEMENT_3D('',#1815,#1816,#1817);
#1815 = CARTESIAN_POINT('',(-34.,11.25,40.5));
#1816 = DIRECTION('',(0.,0.,1.));
#1817 = DIRECTION('',(1.,0.,0.));
#1818 = ADVANCED_FACE('',(#1819),#1833,.T.);
#1819 = FACE_BOUND('',#1820,.T.);
#1820 = EDGE_LOOP('',(#1821,#1822,#1823,#1830,#1831,#1832));
#1821 = ORIENTED_EDGE('',*,*,#1477,.F.);
#1822 = ORIENTED_EDGE('',*,*,#933,.T.);
#1823 = ORIENTED_EDGE('',*,*,#1824,.F.);
#1824 = EDGE_CURVE('',#942,#934,#1825,.T.);
#1825 = CIRCLE('',#1826,1.3);
#1826 = AXIS2_PLACEMENT_3D('',#1827,#1828,#1829);
#1827 = CARTESIAN_POINT('',(-40.,19.903413578933,40.443316729045));
#1828 = DIRECTION('',(-3.8E-16,0.759447211826,0.650568929822));
#1829 = DIRECTION('',(0.,-0.650568929822,0.759447211826));
#1830 = ORIENTED_EDGE('',*,*,#1080,.T.);
#1831 = ORIENTED_EDGE('',*,*,#1443,.F.);
#1832 = ORIENTED_EDGE('',*,*,#1790,.F.);
#1833 = PLANE('',#1834);
#1834 = AXIS2_PLACEMENT_3D('',#1835,#1836,#1837);
#1835 = CARTESIAN_POINT('',(-40.,19.903413578933,40.443316729045));
#1836 = DIRECTION('',(-3.8E-16,0.759447211826,0.650568929822));
#1837 = DIRECTION('',(0.,-0.650568929822,0.759447211826));
#1838 = ADVANCED_FACE('',(#1839),#1843,.F.);
#1839 = FACE_BOUND('',#1840,.F.);
#1840 = EDGE_LOOP('',(#1841,#1842));
#1841 = ORIENTED_EDGE('',*,*,#941,.F.);
#1842 = ORIENTED_EDGE('',*,*,#1824,.F.);
#1843 = TOROIDAL_SURFACE('',#1844,6.,1.3);
#1844 = AXIS2_PLACEMENT_3D('',#1845,#1846,#1847);
#1845 = CARTESIAN_POINT('',(-40.,16.,45.));
#1846 = DIRECTION('',(1.,0.,0.));
#1847 = DIRECTION('',(0.,5.9E-16,-1.));
#1848 = ADVANCED_FACE('',(#1849),#1861,.F.);
#1849 = FACE_BOUND('',#1850,.F.);
#1850 = EDGE_LOOP('',(#1851,#1858,#1859,#1860));
#1851 = ORIENTED_EDGE('',*,*,#1852,.F.);
#1852 = EDGE_CURVE('',#751,#759,#1853,.T.);
#1853 = CIRCLE('',#1854,2.45);
#1854 = AXIS2_PLACEMENT_3D('',#1855,#1856,#1857);
#1855 = CARTESIAN_POINT('',(-38.,4.36,38.8));
#1856 = DIRECTION('',(-1.,0.,-5.1E-16));
#1857 = DIRECTION('',(-5.1E-16,0.,1.));
#1858 = ORIENTED_EDGE('',*,*,#750,.T.);
#1859 = ORIENTED_EDGE('',*,*,#1416,.F.);
#1860 = ORIENTED_EDGE('',*,*,#819,.F.);
#1861 = CYLINDRICAL_SURFACE('',#1862,2.45);
#1862 = AXIS2_PLACEMENT_3D('',#1863,#1864,#1865);
#1863 = CARTESIAN_POINT('',(-38.,4.36,38.8));
#1864 = DIRECTION('',(1.,0.,0.));
#1865 = DIRECTION('',(0.,0.,-1.));
#1866 = ADVANCED_FACE('',(#1867),#1871,.F.);
#1867 = FACE_BOUND('',#1868,.F.);
#1868 = EDGE_LOOP('',(#1869,#1870));
#1869 = ORIENTED_EDGE('',*,*,#758,.F.);
#1870 = ORIENTED_EDGE('',*,*,#1852,.T.);
#1871 = TOROIDAL_SURFACE('',#1872,6.,2.45);
#1872 = AXIS2_PLACEMENT_3D('',#1873,#1874,#1875);
#1873 = CARTESIAN_POINT('',(-38.,4.36,32.8));
#1874 = DIRECTION('',(0.,1.,0.));
#1875 = DIRECTION('',(-1.,0.,0.));
#1876 = ADVANCED_FACE('',(#1877),#1889,.F.);
#1877 = FACE_BOUND('',#1878,.F.);
#1878 = EDGE_LOOP('',(#1879,#1886,#1887,#1888));
#1879 = ORIENTED_EDGE('',*,*,#1880,.F.);
#1880 = EDGE_CURVE('',#664,#673,#1881,.T.);
#1881 = CIRCLE('',#1882,2.45);
#1882 = AXIS2_PLACEMENT_3D('',#1883,#1884,#1885);
#1883 = CARTESIAN_POINT('',(-38.,-3.26,38.8));
#1884 = DIRECTION('',(-1.,0.,-5.1E-16));
#1885 = DIRECTION('',(-5.1E-16,0.,1.));
#1886 = ORIENTED_EDGE('',*,*,#663,.T.);
#1887 = ORIENTED_EDGE('',*,*,#1390,.T.);
#1888 = ORIENTED_EDGE('',*,*,#733,.F.);
#1889 = TOROIDAL_SURFACE('',#1890,20.462197802454,2.45);
#1890 = AXIS2_PLACEMENT_3D('',#1891,#1892,#1893);
#1891 = CARTESIAN_POINT('',(-38.,-23.72219780245,38.8));
#1892 = DIRECTION('',(0.,0.,-1.));
#1893 = DIRECTION('',(6.9E-16,1.,0.));
#1894 = ADVANCED_FACE('',(#1895),#1899,.F.);
#1895 = FACE_BOUND('',#1896,.F.);
#1896 = EDGE_LOOP('',(#1897,#1898));
#1897 = ORIENTED_EDGE('',*,*,#672,.F.);
#1898 = ORIENTED_EDGE('',*,*,#1880,.T.);
#1899 = TOROIDAL_SURFACE('',#1900,6.,2.45);
#1900 = AXIS2_PLACEMENT_3D('',#1901,#1902,#1903);
#1901 = CARTESIAN_POINT('',(-38.,-3.26,32.8));
#1902 = DIRECTION('',(0.,1.,0.));
#1903 = DIRECTION('',(-1.,0.,0.));
#1904 = ADVANCED_FACE('',(#1905),#1923,.T.);
#1905 = FACE_BOUND('',#1906,.T.);
#1906 = EDGE_LOOP('',(#1907,#1908,#1916,#1922));
#1907 = ORIENTED_EDGE('',*,*,#1189,.T.);
#1908 = ORIENTED_EDGE('',*,*,#1909,.T.);
#1909 = EDGE_CURVE('',#1190,#1910,#1912,.T.);
#1910 = VERTEX_POINT('',#1911);
#1911 = CARTESIAN_POINT('',(-42.2,-18.15,41.7));
#1912 = LINE('',#1913,#1914);
#1913 = CARTESIAN_POINT('',(-42.2,-18.15,40.9));
#1914 = VECTOR('',#1915,1.);
#1915 = DIRECTION('',(0.,0.,1.));
#1916 = ORIENTED_EDGE('',*,*,#1917,.T.);
#1917 = EDGE_CURVE('',#1910,#1576,#1918,.T.);
#1918 = LINE('',#1919,#1920);
#1919 = CARTESIAN_POINT('',(-42.2,-18.15,41.7));
#1920 = VECTOR('',#1921,1.);
#1921 = DIRECTION('',(1.,0.,0.));
#1922 = ORIENTED_EDGE('',*,*,#1584,.F.);
#1923 = PLANE('',#1924);
#1924 = AXIS2_PLACEMENT_3D('',#1925,#1926,#1927);
#1925 = CARTESIAN_POINT('',(-42.2,-18.15,40.9));
#1926 = DIRECTION('',(0.,1.,0.));
#1927 = DIRECTION('',(0.,0.,1.));
#1928 = ADVANCED_FACE('',(#1929),#1947,.T.);
#1929 = FACE_BOUND('',#1930,.T.);
#1930 = EDGE_LOOP('',(#1931,#1939,#1940,#1941));
#1931 = ORIENTED_EDGE('',*,*,#1932,.F.);
#1932 = EDGE_CURVE('',#1231,#1933,#1935,.T.);
#1933 = VERTEX_POINT('',#1934);
#1934 = CARTESIAN_POINT('',(-37.8,-18.15,41.7));
#1935 = LINE('',#1936,#1937);
#1936 = CARTESIAN_POINT('',(-37.8,-18.15,40.9));
#1937 = VECTOR('',#1938,1.);
#1938 = DIRECTION('',(0.,0.,1.));
#1939 = ORIENTED_EDGE('',*,*,#1238,.T.);
#1940 = ORIENTED_EDGE('',*,*,#1591,.T.);
#1941 = ORIENTED_EDGE('',*,*,#1942,.T.);
#1942 = EDGE_CURVE('',#1592,#1933,#1943,.T.);
#1943 = LINE('',#1944,#1945);
#1944 = CARTESIAN_POINT('',(-42.2,-18.15,41.7));
#1945 = VECTOR('',#1946,1.);
#1946 = DIRECTION('',(1.,0.,0.));
#1947 = PLANE('',#1948);
#1948 = AXIS2_PLACEMENT_3D('',#1949,#1950,#1951);
#1949 = CARTESIAN_POINT('',(-42.2,-18.15,40.9));
#1950 = DIRECTION('',(0.,1.,0.));
#1951 = DIRECTION('',(0.,0.,1.));
#1952 = ADVANCED_FACE('',(#1953),#1971,.T.);
#1953 = FACE_BOUND('',#1954,.T.);
#1954 = EDGE_LOOP('',(#1955,#1956,#1957,#1965));
#1955 = ORIENTED_EDGE('',*,*,#1909,.F.);
#1956 = ORIENTED_EDGE('',*,*,#1197,.T.);
#1957 = ORIENTED_EDGE('',*,*,#1958,.T.);
#1958 = EDGE_CURVE('',#1198,#1959,#1961,.T.);
#1959 = VERTEX_POINT('',#1960);
#1960 = CARTESIAN_POINT('',(-42.2,-9.15,41.7));
#1961 = LINE('',#1962,#1963);
#1962 = CARTESIAN_POINT('',(-42.2,-9.15,40.9));
#1963 = VECTOR('',#1964,1.);
#1964 = DIRECTION('',(0.,0.,1.));
#1965 = ORIENTED_EDGE('',*,*,#1966,.F.);
#1966 = EDGE_CURVE('',#1910,#1959,#1967,.T.);
#1967 = LINE('',#1968,#1969);
#1968 = CARTESIAN_POINT('',(-42.2,-18.15,41.7));
#1969 = VECTOR('',#1970,1.);
#1970 = DIRECTION('',(0.,1.,0.));
#1971 = PLANE('',#1972);
#1972 = AXIS2_PLACEMENT_3D('',#1973,#1974,#1975);
#1973 = CARTESIAN_POINT('',(-42.2,-18.15,40.9));
#1974 = DIRECTION('',(1.,0.,0.));
#1975 = DIRECTION('',(0.,0.,1.));
#1976 = ADVANCED_FACE('',(#1977),#1995,.F.);
#1977 = FACE_BOUND('',#1978,.F.);
#1978 = EDGE_LOOP('',(#1979,#1980,#1981,#1989));
#1979 = ORIENTED_EDGE('',*,*,#1932,.F.);
#1980 = ORIENTED_EDGE('',*,*,#1230,.T.);
#1981 = ORIENTED_EDGE('',*,*,#1982,.T.);
#1982 = EDGE_CURVE('',#1223,#1983,#1985,.T.);
#1983 = VERTEX_POINT('',#1984);
#1984 = CARTESIAN_POINT('',(-37.8,-9.15,41.7));
#1985 = LINE('',#1986,#1987);
#1986 = CARTESIAN_POINT('',(-37.8,-9.15,40.9));
#1987 = VECTOR('',#1988,1.);
#1988 = DIRECTION('',(0.,0.,1.));
#1989 = ORIENTED_EDGE('',*,*,#1990,.F.);
#1990 = EDGE_CURVE('',#1933,#1983,#1991,.T.);
#1991 = LINE('',#1992,#1993);
#1992 = CARTESIAN_POINT('',(-37.8,-18.15,41.7));
#1993 = VECTOR('',#1994,1.);
#1994 = DIRECTION('',(0.,1.,0.));
#1995 = PLANE('',#1996);
#1996 = AXIS2_PLACEMENT_3D('',#1997,#1998,#1999);
#1997 = CARTESIAN_POINT('',(-37.8,-18.15,40.9));
#1998 = DIRECTION('',(1.,0.,0.));
#1999 = DIRECTION('',(0.,0.,1.));
#2000 = ADVANCED_FACE('',(#2001),#2012,.F.);
#2001 = FACE_BOUND('',#2002,.F.);
#2002 = EDGE_LOOP('',(#2003,#2004,#2005,#2011));
#2003 = ORIENTED_EDGE('',*,*,#1205,.T.);
#2004 = ORIENTED_EDGE('',*,*,#1958,.T.);
#2005 = ORIENTED_EDGE('',*,*,#2006,.T.);
#2006 = EDGE_CURVE('',#1959,#1641,#2007,.T.);
#2007 = LINE('',#2008,#2009);
#2008 = CARTESIAN_POINT('',(-42.2,-9.15,41.7));
#2009 = VECTOR('',#2010,1.);
#2010 = DIRECTION('',(1.,0.,0.));
#2011 = ORIENTED_EDGE('',*,*,#1640,.F.);
#2012 = PLANE('',#2013);
#2013 = AXIS2_PLACEMENT_3D('',#2014,#2015,#2016);
#2014 = CARTESIAN_POINT('',(-42.2,-9.15,40.9));
#2015 = DIRECTION('',(0.,1.,0.));
#2016 = DIRECTION('',(0.,0.,1.));
#2017 = ADVANCED_FACE('',(#2018),#2029,.F.);
#2018 = FACE_BOUND('',#2019,.F.);
#2019 = EDGE_LOOP('',(#2020,#2021,#2022,#2023));
#2020 = ORIENTED_EDGE('',*,*,#1982,.F.);
#2021 = ORIENTED_EDGE('',*,*,#1222,.T.);
#2022 = ORIENTED_EDGE('',*,*,#1633,.T.);
#2023 = ORIENTED_EDGE('',*,*,#2024,.T.);
#2024 = EDGE_CURVE('',#1625,#1983,#2025,.T.);
#2025 = LINE('',#2026,#2027);
#2026 = CARTESIAN_POINT('',(-42.2,-9.15,41.7));
#2027 = VECTOR('',#2028,1.);
#2028 = DIRECTION('',(1.,0.,0.));
#2029 = PLANE('',#2030);
#2030 = AXIS2_PLACEMENT_3D('',#2031,#2032,#2033);
#2031 = CARTESIAN_POINT('',(-42.2,-9.15,40.9));
#2032 = DIRECTION('',(0.,1.,0.));
#2033 = DIRECTION('',(0.,0.,1.));
#2034 = ADVANCED_FACE('',(#2035),#2053,.T.);
#2035 = FACE_BOUND('',#2036,.T.);
#2036 = EDGE_LOOP('',(#2037,#2038,#2046,#2052));
#2037 = ORIENTED_EDGE('',*,*,#1279,.T.);
#2038 = ORIENTED_EDGE('',*,*,#2039,.T.);
#2039 = EDGE_CURVE('',#1280,#2040,#2042,.T.);
#2040 = VERTEX_POINT('',#2041);
#2041 = CARTESIAN_POINT('',(-42.2,9.15,41.7));
#2042 = LINE('',#2043,#2044);
#2043 = CARTESIAN_POINT('',(-42.2,9.15,40.9));
#2044 = VECTOR('',#2045,1.);
#2045 = DIRECTION('',(0.,0.,1.));
#2046 = ORIENTED_EDGE('',*,*,#2047,.T.);
#2047 = EDGE_CURVE('',#2040,#1708,#2048,.T.);
#2048 = LINE('',#2049,#2050);
#2049 = CARTESIAN_POINT('',(-42.2,9.15,41.7));
#2050 = VECTOR('',#2051,1.);
#2051 = DIRECTION('',(1.,0.,0.));
#2052 = ORIENTED_EDGE('',*,*,#1716,.F.);
#2053 = PLANE('',#2054);
#2054 = AXIS2_PLACEMENT_3D('',#2055,#2056,#2057);
#2055 = CARTESIAN_POINT('',(-42.2,9.15,40.9));
#2056 = DIRECTION('',(0.,1.,0.));
#2057 = DIRECTION('',(0.,0.,1.));
#2058 = ADVANCED_FACE('',(#2059),#2077,.T.);
#2059 = FACE_BOUND('',#2060,.T.);
#2060 = EDGE_LOOP('',(#2061,#2069,#2070,#2071));
#2061 = ORIENTED_EDGE('',*,*,#2062,.F.);
#2062 = EDGE_CURVE('',#1321,#2063,#2065,.T.);
#2063 = VERTEX_POINT('',#2064);
#2064 = CARTESIAN_POINT('',(-37.8,9.15,41.7));
#2065 = LINE('',#2066,#2067);
#2066 = CARTESIAN_POINT('',(-37.8,9.15,40.9));
#2067 = VECTOR('',#2068,1.);
#2068 = DIRECTION('',(0.,0.,1.));
#2069 = ORIENTED_EDGE('',*,*,#1328,.T.);
#2070 = ORIENTED_EDGE('',*,*,#1723,.T.);
#2071 = ORIENTED_EDGE('',*,*,#2072,.T.);
#2072 = EDGE_CURVE('',#1724,#2063,#2073,.T.);
#2073 = LINE('',#2074,#2075);
#2074 = CARTESIAN_POINT('',(-42.2,9.15,41.7));
#2075 = VECTOR('',#2076,1.);
#2076 = DIRECTION('',(1.,0.,0.));
#2077 = PLANE('',#2078);
#2078 = AXIS2_PLACEMENT_3D('',#2079,#2080,#2081);
#2079 = CARTESIAN_POINT('',(-42.2,9.15,40.9));
#2080 = DIRECTION('',(0.,1.,0.));
#2081 = DIRECTION('',(0.,0.,1.));
#2082 = ADVANCED_FACE('',(#2083),#2101,.T.);
#2083 = FACE_BOUND('',#2084,.T.);
#2084 = EDGE_LOOP('',(#2085,#2086,#2087,#2095));
#2085 = ORIENTED_EDGE('',*,*,#2039,.F.);
#2086 = ORIENTED_EDGE('',*,*,#1287,.T.);
#2087 = ORIENTED_EDGE('',*,*,#2088,.T.);
#2088 = EDGE_CURVE('',#1288,#2089,#2091,.T.);
#2089 = VERTEX_POINT('',#2090);
#2090 = CARTESIAN_POINT('',(-42.2,18.15,41.7));
#2091 = LINE('',#2092,#2093);
#2092 = CARTESIAN_POINT('',(-42.2,18.15,40.9));
#2093 = VECTOR('',#2094,1.);
#2094 = DIRECTION('',(0.,0.,1.));
#2095 = ORIENTED_EDGE('',*,*,#2096,.F.);
#2096 = EDGE_CURVE('',#2040,#2089,#2097,.T.);
#2097 = LINE('',#2098,#2099);
#2098 = CARTESIAN_POINT('',(-42.2,9.15,41.7));
#2099 = VECTOR('',#2100,1.);
#2100 = DIRECTION('',(0.,1.,0.));
#2101 = PLANE('',#2102);
#2102 = AXIS2_PLACEMENT_3D('',#2103,#2104,#2105);
#2103 = CARTESIAN_POINT('',(-42.2,9.15,40.9));
#2104 = DIRECTION('',(1.,0.,0.));
#2105 = DIRECTION('',(0.,0.,1.));
#2106 = ADVANCED_FACE('',(#2107),#2125,.F.);
#2107 = FACE_BOUND('',#2108,.F.);
#2108 = EDGE_LOOP('',(#2109,#2110,#2111,#2119));
#2109 = ORIENTED_EDGE('',*,*,#2062,.F.);
#2110 = ORIENTED_EDGE('',*,*,#1320,.T.);
#2111 = ORIENTED_EDGE('',*,*,#2112,.T.);
#2112 = EDGE_CURVE('',#1313,#2113,#2115,.T.);
#2113 = VERTEX_POINT('',#2114);
#2114 = CARTESIAN_POINT('',(-37.8,18.15,41.7));
#2115 = LINE('',#2116,#2117);
#2116 = CARTESIAN_POINT('',(-37.8,18.15,40.9));
#2117 = VECTOR('',#2118,1.);
#2118 = DIRECTION('',(0.,0.,1.));
#2119 = ORIENTED_EDGE('',*,*,#2120,.F.);
#2120 = EDGE_CURVE('',#2063,#2113,#2121,.T.);
#2121 = LINE('',#2122,#2123);
#2122 = CARTESIAN_POINT('',(-37.8,9.15,41.7));
#2123 = VECTOR('',#2124,1.);
#2124 = DIRECTION('',(0.,1.,0.));
#2125 = PLANE('',#2126);
#2126 = AXIS2_PLACEMENT_3D('',#2127,#2128,#2129);
#2127 = CARTESIAN_POINT('',(-37.8,9.15,40.9));
#2128 = DIRECTION('',(1.,0.,0.));
#2129 = DIRECTION('',(0.,0.,1.));
#2130 = ADVANCED_FACE('',(#2131),#2142,.F.);
#2131 = FACE_BOUND('',#2132,.F.);
#2132 = EDGE_LOOP('',(#2133,#2134,#2135,#2141));
#2133 = ORIENTED_EDGE('',*,*,#1295,.T.);
#2134 = ORIENTED_EDGE('',*,*,#2088,.T.);
#2135 = ORIENTED_EDGE('',*,*,#2136,.T.);
#2136 = EDGE_CURVE('',#2089,#1747,#2137,.T.);
#2137 = LINE('',#2138,#2139);
#2138 = CARTESIAN_POINT('',(-42.2,18.15,41.7));
#2139 = VECTOR('',#2140,1.);
#2140 = DIRECTION('',(1.,0.,0.));
#2141 = ORIENTED_EDGE('',*,*,#1781,.F.);
#2142 = PLANE('',#2143);
#2143 = AXIS2_PLACEMENT_3D('',#2144,#2145,#2146);
#2144 = CARTESIAN_POINT('',(-42.2,18.15,40.9));
#2145 = DIRECTION('',(0.,1.,0.));
#2146 = DIRECTION('',(0.,0.,1.));
#2147 = ADVANCED_FACE('',(#2148),#2159,.F.);
#2148 = FACE_BOUND('',#2149,.F.);
#2149 = EDGE_LOOP('',(#2150,#2151,#2152,#2153));
#2150 = ORIENTED_EDGE('',*,*,#2112,.F.);
#2151 = ORIENTED_EDGE('',*,*,#1312,.T.);
#2152 = ORIENTED_EDGE('',*,*,#1774,.T.);
#2153 = ORIENTED_EDGE('',*,*,#2154,.T.);
#2154 = EDGE_CURVE('',#1766,#2113,#2155,.T.);
#2155 = LINE('',#2156,#2157);
#2156 = CARTESIAN_POINT('',(-42.2,18.15,41.7));
#2157 = VECTOR('',#2158,1.);
#2158 = DIRECTION('',(1.,0.,0.));
#2159 = PLANE('',#2160);
#2160 = AXIS2_PLACEMENT_3D('',#2161,#2162,#2163);
#2161 = CARTESIAN_POINT('',(-42.2,18.15,40.9));
#2162 = DIRECTION('',(0.,1.,0.));
#2163 = DIRECTION('',(0.,0.,1.));
#2164 = ADVANCED_FACE('',(#2165),#2177,.F.);
#2165 = FACE_BOUND('',#2166,.F.);
#2166 = EDGE_LOOP('',(#2167,#2168,#2169,#2170,#2171,#2172,#2173,#2174,
    #2175,#2176));
#2167 = ORIENTED_EDGE('',*,*,#2006,.F.);
#2168 = ORIENTED_EDGE('',*,*,#1966,.F.);
#2169 = ORIENTED_EDGE('',*,*,#1917,.T.);
#2170 = ORIENTED_EDGE('',*,*,#1575,.F.);
#2171 = ORIENTED_EDGE('',*,*,#1599,.F.);
#2172 = ORIENTED_EDGE('',*,*,#1942,.T.);
#2173 = ORIENTED_EDGE('',*,*,#1990,.T.);
#2174 = ORIENTED_EDGE('',*,*,#2024,.F.);
#2175 = ORIENTED_EDGE('',*,*,#1624,.F.);
#2176 = ORIENTED_EDGE('',*,*,#1648,.F.);
#2177 = PLANE('',#2178);
#2178 = AXIS2_PLACEMENT_3D('',#2179,#2180,#2181);
#2179 = CARTESIAN_POINT('',(-42.2,-18.15,41.7));
#2180 = DIRECTION('',(0.,0.,1.));
#2181 = DIRECTION('',(1.,0.,0.));
#2182 = ADVANCED_FACE('',(#2183),#2195,.F.);
#2183 = FACE_BOUND('',#2184,.F.);
#2184 = EDGE_LOOP('',(#2185,#2186,#2187,#2188,#2189,#2190,#2191,#2192,
    #2193,#2194));
#2185 = ORIENTED_EDGE('',*,*,#2136,.F.);
#2186 = ORIENTED_EDGE('',*,*,#2096,.F.);
#2187 = ORIENTED_EDGE('',*,*,#2047,.T.);
#2188 = ORIENTED_EDGE('',*,*,#1707,.F.);
#2189 = ORIENTED_EDGE('',*,*,#1731,.F.);
#2190 = ORIENTED_EDGE('',*,*,#2072,.T.);
#2191 = ORIENTED_EDGE('',*,*,#2120,.T.);
#2192 = ORIENTED_EDGE('',*,*,#2154,.F.);
#2193 = ORIENTED_EDGE('',*,*,#1765,.F.);
#2194 = ORIENTED_EDGE('',*,*,#1746,.F.);
#2195 = PLANE('',#2196);
#2196 = AXIS2_PLACEMENT_3D('',#2197,#2198,#2199);
#2197 = CARTESIAN_POINT('',(-42.2,9.15,41.7));
#2198 = DIRECTION('',(0.,0.,1.));
#2199 = DIRECTION('',(1.,0.,0.));
#2200 = ( GEOMETRIC_REPRESENTATION_CONTEXT(3) 
GLOBAL_UNCERTAINTY_ASSIGNED_CONTEXT((#2204)) 
GLOBAL_UNIT_ASSIGNED_CONTEXT((#2201,#2202,#2203)) REPRESENTATION_CONTEXT
('Context #1','3D Context with UNIT and UNCERTAINTY') );
#2201 = ( LENGTH_UNIT() NAMED_UNIT(*) SI_UNIT(.MILLI.,.METRE.) );
#2202 = ( NAMED_UNIT(*) PLANE_ANGLE_UNIT() SI_UNIT($,.RADIAN.) );
#2203 = ( NAMED_UNIT(*) SI_UNIT($,.STERADIAN.) SOLID_ANGLE_UNIT() );
#2204 = UNCERTAINTY_MEASURE_WITH_UNIT(LENGTH_MEASURE(2.E-07),#2201,
  'distance_accuracy_value','confusion accuracy');
#2205 = PRODUCT_RELATED_PRODUCT_CATEGORY('part',$,(#7));
ENDSEC;
END-ISO-10303-21;
