ISO-10303-21;
HEADER;
FILE_DESCRIPTION(('FreeCAD Model'),'2;1');
FILE_NAME('Open CASCADE Shape Model','2026-09-30T05:23:10',('FreeCAD'),(
    'FreeCAD'),'Open CASCADE STEP processor 7.8','FreeCAD','Unknown');
FILE_SCHEMA(('AUTOMOTIVE_DESIGN { 1 0 10303 214 1 1 1 1 }'));
ENDSEC;
DATA;
#1 = APPLICATION_PROTOCOL_DEFINITION('international standard',
  'automotive_design',2000,#2);
#2 = APPLICATION_CONTEXT(
  'core data for automotive mechanical design processes');
#3 = SHAPE_DEFINITION_REPRESENTATION(#4,#10);
#4 = PRODUCT_DEFINITION_SHAPE('','',#5);
#5 = PRODUCT_DEFINITION('design','',#6,#9);
#6 = PRODUCT_DEFINITION_FORMATION('','',#7);
#7 = PRODUCT('Open CASCADE STEP translator 7.8 1',
  'Open CASCADE STEP translator 7.8 1','',(#8));
#8 = PRODUCT_CONTEXT('',#2,'mechanical');
#9 = PRODUCT_DEFINITION_CONTEXT('part definition',#2,'design');
#10 = ADVANCED_BREP_SHAPE_REPRESENTATION('',(#11,#15),#7010);
#11 = AXIS2_PLACEMENT_3D('',#12,#13,#14);
#12 = CARTESIAN_POINT('',(0.,0.,0.));
#13 = DIRECTION('',(0.,0.,1.));
#14 = DIRECTION('',(1.,0.,-0.));
#15 = MANIFOLD_SOLID_BREP('',#16);
#16 = CLOSED_SHELL('',(#17,#59,#195,#219,#424,#441,#458,#475,#492,#509,
    #521,#553,#641,#666,#758,#783,#871,#896,#1133,#1158,#1189,#1213,
    #1237,#1254,#1279,#1310,#1334,#1358,#1375,#1400,#1431,#1455,#1479,
    #1496,#1521,#1797,#1837,#1861,#1894,#1934,#1958,#1991,#2022,#2046,
    #2070,#2087,#2118,#2142,#2166,#2183,#2223,#2247,#2280,#2320,#2344,
    #2377,#2408,#2786,#2849,#2896,#2920,#2969,#3085,#3116,#3187,#3356,
    #3387,#3427,#3467,#3505,#3536,#3576,#3616,#3654,#3717,#3741,#3765,
    #3944,#4030,#4047,#4073,#4093,#4139,#4159,#4205,#4225,#4271,#4291,
    #4308,#4325,#4342,#4359,#4384,#4415,#4439,#4463,#4480,#4505,#4530,
    #4555,#4586,#4610,#4634,#4651,#4676,#4707,#4731,#4755,#4772,#4797,
    #4814,#4826,#4843,#4855,#4867,#4879,#4896,#4908,#4925,#4937,#4970,
    #4994,#5018,#5042,#5112,#5136,#5160,#5177,#5212,#5268,#5339,#5377,
    #5420,#5437,#5469,#5486,#5542,#5554,#5604,#5621,#5652,#5670,#5688,
    #5700,#5717,#5744,#5758,#5783,#5800,#5827,#5841,#5866,#5908,#5964,
    #6018,#6035,#6047,#6071,#6095,#6112,#6140,#6166,#6178,#6210,#6235,
    #6266,#6290,#6314,#6331,#6356,#6387,#6411,#6435,#6452,#6477,#6508,
    #6532,#6556,#6573,#6598,#6610,#6628,#6640,#6660,#6680,#6698,#6710,
    #6728,#6740,#6754,#6769,#6781,#6866,#6877,#6887,#6896,#6905,#6920,
    #6930,#6942,#6967,#6992,#7001));
#17 = ADVANCED_FACE('',(#18),#54,.T.);
#18 = FACE_BOUND('',#19,.T.);
#19 = EDGE_LOOP('',(#20,#31,#39,#48));
#20 = ORIENTED_EDGE('',*,*,#21,.F.);
#21 = EDGE_CURVE('',#22,#24,#26,.T.);
#22 = VERTEX_POINT('',#23);
#23 = CARTESIAN_POINT('',(-54.,-32.5,55.7));
#24 = VERTEX_POINT('',#25);
#25 = CARTESIAN_POINT('',(-40.,-46.5,55.7));
#26 = CIRCLE('',#27,14.);
#27 = AXIS2_PLACEMENT_3D('',#28,#29,#30);
#28 = CARTESIAN_POINT('',(-40.,-32.5,55.7));
#29 = DIRECTION('',(0.,0.,1.));
#30 = DIRECTION('',(1.,0.,0.));
#31 = ORIENTED_EDGE('',*,*,#32,.F.);
#32 = EDGE_CURVE('',#33,#22,#35,.T.);
#33 = VERTEX_POINT('',#34);
#34 = CARTESIAN_POINT('',(-54.,-32.5,0.));
#35 = LINE('',#36,#37);
#36 = CARTESIAN_POINT('',(-54.,-32.5,0.));
#37 = VECTOR('',#38,1.);
#38 = DIRECTION('',(0.,0.,1.));
#39 = ORIENTED_EDGE('',*,*,#40,.T.);
#40 = EDGE_CURVE('',#33,#41,#43,.T.);
#41 = VERTEX_POINT('',#42);
#42 = CARTESIAN_POINT('',(-40.,-46.5,0.));
#43 = CIRCLE('',#44,14.);
#44 = AXIS2_PLACEMENT_3D('',#45,#46,#47);
#45 = CARTESIAN_POINT('',(-40.,-32.5,0.));
#46 = DIRECTION('',(0.,0.,1.));
#47 = DIRECTION('',(1.,0.,0.));
#48 = ORIENTED_EDGE('',*,*,#49,.T.);
#49 = EDGE_CURVE('',#41,#24,#50,.T.);
#50 = LINE('',#51,#52);
#51 = CARTESIAN_POINT('',(-40.,-46.5,0.));
#52 = VECTOR('',#53,1.);
#53 = DIRECTION('',(0.,0.,1.));
#54 = CYLINDRICAL_SURFACE('',#55,14.);
#55 = AXIS2_PLACEMENT_3D('',#56,#57,#58);
#56 = CARTESIAN_POINT('',(-40.,-32.5,0.));
#57 = DIRECTION('',(0.,0.,1.));
#58 = DIRECTION('',(1.,0.,0.));
#59 = ADVANCED_FACE('',(#60,#120),#190,.T.);
#60 = FACE_BOUND('',#61,.T.);
#61 = EDGE_LOOP('',(#62,#63,#71,#80,#88,#97,#105,#114));
#62 = ORIENTED_EDGE('',*,*,#21,.T.);
#63 = ORIENTED_EDGE('',*,*,#64,.T.);
#64 = EDGE_CURVE('',#24,#65,#67,.T.);
#65 = VERTEX_POINT('',#66);
#66 = CARTESIAN_POINT('',(40.,-46.5,55.7));
#67 = LINE('',#68,#69);
#68 = CARTESIAN_POINT('',(-40.,-46.5,55.7));
#69 = VECTOR('',#70,1.);
#70 = DIRECTION('',(1.,0.,0.));
#71 = ORIENTED_EDGE('',*,*,#72,.T.);
#72 = EDGE_CURVE('',#65,#73,#75,.T.);
#73 = VERTEX_POINT('',#74);
#74 = CARTESIAN_POINT('',(54.,-32.5,55.7));
#75 = CIRCLE('',#76,14.);
#76 = AXIS2_PLACEMENT_3D('',#77,#78,#79);
#77 = CARTESIAN_POINT('',(40.,-32.5,55.7));
#78 = DIRECTION('',(0.,0.,1.));
#79 = DIRECTION('',(1.,0.,0.));
#80 = ORIENTED_EDGE('',*,*,#81,.T.);
#81 = EDGE_CURVE('',#73,#82,#84,.T.);
#82 = VERTEX_POINT('',#83);
#83 = CARTESIAN_POINT('',(54.,32.5,55.7));
#84 = LINE('',#85,#86);
#85 = CARTESIAN_POINT('',(54.,-32.5,55.7));
#86 = VECTOR('',#87,1.);
#87 = DIRECTION('',(0.,1.,0.));
#88 = ORIENTED_EDGE('',*,*,#89,.T.);
#89 = EDGE_CURVE('',#82,#90,#92,.T.);
#90 = VERTEX_POINT('',#91);
#91 = CARTESIAN_POINT('',(40.,46.5,55.7));
#92 = CIRCLE('',#93,14.);
#93 = AXIS2_PLACEMENT_3D('',#94,#95,#96);
#94 = CARTESIAN_POINT('',(40.,32.5,55.7));
#95 = DIRECTION('',(0.,0.,1.));
#96 = DIRECTION('',(1.,0.,0.));
#97 = ORIENTED_EDGE('',*,*,#98,.F.);
#98 = EDGE_CURVE('',#99,#90,#101,.T.);
#99 = VERTEX_POINT('',#100);
#100 = CARTESIAN_POINT('',(-40.,46.5,55.7));
#101 = LINE('',#102,#103);
#102 = CARTESIAN_POINT('',(-40.,46.5,55.7));
#103 = VECTOR('',#104,1.);
#104 = DIRECTION('',(1.,0.,0.));
#105 = ORIENTED_EDGE('',*,*,#106,.T.);
#106 = EDGE_CURVE('',#99,#107,#109,.T.);
#107 = VERTEX_POINT('',#108);
#108 = CARTESIAN_POINT('',(-54.,32.5,55.7));
#109 = CIRCLE('',#110,14.);
#110 = AXIS2_PLACEMENT_3D('',#111,#112,#113);
#111 = CARTESIAN_POINT('',(-40.,32.5,55.7));
#112 = DIRECTION('',(0.,0.,1.));
#113 = DIRECTION('',(1.,0.,0.));
#114 = ORIENTED_EDGE('',*,*,#115,.F.);
#115 = EDGE_CURVE('',#22,#107,#116,.T.);
#116 = LINE('',#117,#118);
#117 = CARTESIAN_POINT('',(-54.,-32.5,55.7));
#118 = VECTOR('',#119,1.);
#119 = DIRECTION('',(0.,1.,0.));
#120 = FACE_BOUND('',#121,.T.);
#121 = EDGE_LOOP('',(#122,#133,#141,#150,#158,#167,#175,#184));
#122 = ORIENTED_EDGE('',*,*,#123,.F.);
#123 = EDGE_CURVE('',#124,#126,#128,.T.);
#124 = VERTEX_POINT('',#125);
#125 = CARTESIAN_POINT('',(-51.6,-32.5,55.7));
#126 = VERTEX_POINT('',#127);
#127 = CARTESIAN_POINT('',(-40.,-44.1,55.7));
#128 = CIRCLE('',#129,11.6);
#129 = AXIS2_PLACEMENT_3D('',#130,#131,#132);
#130 = CARTESIAN_POINT('',(-40.,-32.5,55.7));
#131 = DIRECTION('',(0.,0.,1.));
#132 = DIRECTION('',(1.,0.,0.));
#133 = ORIENTED_EDGE('',*,*,#134,.T.);
#134 = EDGE_CURVE('',#124,#135,#137,.T.);
#135 = VERTEX_POINT('',#136);
#136 = CARTESIAN_POINT('',(-51.6,32.5,55.7));
#137 = LINE('',#138,#139);
#138 = CARTESIAN_POINT('',(-51.6,-16.25,55.7));
#139 = VECTOR('',#140,1.);
#140 = DIRECTION('',(0.,1.,0.));
#141 = ORIENTED_EDGE('',*,*,#142,.F.);
#142 = EDGE_CURVE('',#143,#135,#145,.T.);
#143 = VERTEX_POINT('',#144);
#144 = CARTESIAN_POINT('',(-40.,44.1,55.7));
#145 = CIRCLE('',#146,11.6);
#146 = AXIS2_PLACEMENT_3D('',#147,#148,#149);
#147 = CARTESIAN_POINT('',(-40.,32.5,55.7));
#148 = DIRECTION('',(0.,0.,1.));
#149 = DIRECTION('',(1.,0.,0.));
#150 = ORIENTED_EDGE('',*,*,#151,.F.);
#151 = EDGE_CURVE('',#152,#143,#154,.T.);
#152 = VERTEX_POINT('',#153);
#153 = CARTESIAN_POINT('',(40.,44.1,55.7));
#154 = LINE('',#155,#156);
#155 = CARTESIAN_POINT('',(-20.,44.1,55.7));
#156 = VECTOR('',#157,1.);
#157 = DIRECTION('',(-1.,0.,0.));
#158 = ORIENTED_EDGE('',*,*,#159,.F.);
#159 = EDGE_CURVE('',#160,#152,#162,.T.);
#160 = VERTEX_POINT('',#161);
#161 = CARTESIAN_POINT('',(51.6,32.5,55.7));
#162 = CIRCLE('',#163,11.6);
#163 = AXIS2_PLACEMENT_3D('',#164,#165,#166);
#164 = CARTESIAN_POINT('',(40.,32.5,55.7));
#165 = DIRECTION('',(0.,0.,1.));
#166 = DIRECTION('',(1.,0.,0.));
#167 = ORIENTED_EDGE('',*,*,#168,.F.);
#168 = EDGE_CURVE('',#169,#160,#171,.T.);
#169 = VERTEX_POINT('',#170);
#170 = CARTESIAN_POINT('',(51.6,-32.5,55.7));
#171 = LINE('',#172,#173);
#172 = CARTESIAN_POINT('',(51.6,-16.25,55.7));
#173 = VECTOR('',#174,1.);
#174 = DIRECTION('',(0.,1.,0.));
#175 = ORIENTED_EDGE('',*,*,#176,.F.);
#176 = EDGE_CURVE('',#177,#169,#179,.T.);
#177 = VERTEX_POINT('',#178);
#178 = CARTESIAN_POINT('',(40.,-44.1,55.7));
#179 = CIRCLE('',#180,11.6);
#180 = AXIS2_PLACEMENT_3D('',#181,#182,#183);
#181 = CARTESIAN_POINT('',(40.,-32.5,55.7));
#182 = DIRECTION('',(0.,0.,1.));
#183 = DIRECTION('',(1.,0.,0.));
#184 = ORIENTED_EDGE('',*,*,#185,.T.);
#185 = EDGE_CURVE('',#177,#126,#186,.T.);
#186 = LINE('',#187,#188);
#187 = CARTESIAN_POINT('',(-20.,-44.1,55.7));
#188 = VECTOR('',#189,1.);
#189 = DIRECTION('',(-1.,0.,0.));
#190 = PLANE('',#191);
#191 = AXIS2_PLACEMENT_3D('',#192,#193,#194);
#192 = CARTESIAN_POINT('',(0.,3.62E-15,55.7));
#193 = DIRECTION('',(0.,0.,1.));
#194 = DIRECTION('',(1.,0.,0.));
#195 = ADVANCED_FACE('',(#196),#214,.F.);
#196 = FACE_BOUND('',#197,.F.);
#197 = EDGE_LOOP('',(#198,#206,#207,#208));
#198 = ORIENTED_EDGE('',*,*,#199,.F.);
#199 = EDGE_CURVE('',#41,#200,#202,.T.);
#200 = VERTEX_POINT('',#201);
#201 = CARTESIAN_POINT('',(40.,-46.5,0.));
#202 = LINE('',#203,#204);
#203 = CARTESIAN_POINT('',(-40.,-46.5,0.));
#204 = VECTOR('',#205,1.);
#205 = DIRECTION('',(1.,0.,0.));
#206 = ORIENTED_EDGE('',*,*,#49,.T.);
#207 = ORIENTED_EDGE('',*,*,#64,.T.);
#208 = ORIENTED_EDGE('',*,*,#209,.F.);
#209 = EDGE_CURVE('',#200,#65,#210,.T.);
#210 = LINE('',#211,#212);
#211 = CARTESIAN_POINT('',(40.,-46.5,0.));
#212 = VECTOR('',#213,1.);
#213 = DIRECTION('',(0.,0.,1.));
#214 = PLANE('',#215);
#215 = AXIS2_PLACEMENT_3D('',#216,#217,#218);
#216 = CARTESIAN_POINT('',(-40.,-46.5,0.));
#217 = DIRECTION('',(0.,1.,0.));
#218 = DIRECTION('',(0.,0.,1.));
#219 = ADVANCED_FACE('',(#220,#273,#284,#318,#329,#363,#374,#408),#419,
  .T.);
#220 = FACE_BOUND('',#221,.T.);
#221 = EDGE_LOOP('',(#222,#223,#231,#240,#248,#257,#265,#272));
#222 = ORIENTED_EDGE('',*,*,#40,.F.);
#223 = ORIENTED_EDGE('',*,*,#224,.T.);
#224 = EDGE_CURVE('',#33,#225,#227,.T.);
#225 = VERTEX_POINT('',#226);
#226 = CARTESIAN_POINT('',(-54.,32.5,0.));
#227 = LINE('',#228,#229);
#228 = CARTESIAN_POINT('',(-54.,-32.5,0.));
#229 = VECTOR('',#230,1.);
#230 = DIRECTION('',(0.,1.,0.));
#231 = ORIENTED_EDGE('',*,*,#232,.F.);
#232 = EDGE_CURVE('',#233,#225,#235,.T.);
#233 = VERTEX_POINT('',#234);
#234 = CARTESIAN_POINT('',(-40.,46.5,0.));
#235 = CIRCLE('',#236,14.);
#236 = AXIS2_PLACEMENT_3D('',#237,#238,#239);
#237 = CARTESIAN_POINT('',(-40.,32.5,0.));
#238 = DIRECTION('',(0.,0.,1.));
#239 = DIRECTION('',(1.,0.,0.));
#240 = ORIENTED_EDGE('',*,*,#241,.T.);
#241 = EDGE_CURVE('',#233,#242,#244,.T.);
#242 = VERTEX_POINT('',#243);
#243 = CARTESIAN_POINT('',(40.,46.5,0.));
#244 = LINE('',#245,#246);
#245 = CARTESIAN_POINT('',(-40.,46.5,0.));
#246 = VECTOR('',#247,1.);
#247 = DIRECTION('',(1.,0.,0.));
#248 = ORIENTED_EDGE('',*,*,#249,.F.);
#249 = EDGE_CURVE('',#250,#242,#252,.T.);
#250 = VERTEX_POINT('',#251);
#251 = CARTESIAN_POINT('',(54.,32.5,0.));
#252 = CIRCLE('',#253,14.);
#253 = AXIS2_PLACEMENT_3D('',#254,#255,#256);
#254 = CARTESIAN_POINT('',(40.,32.5,0.));
#255 = DIRECTION('',(0.,0.,1.));
#256 = DIRECTION('',(1.,0.,0.));
#257 = ORIENTED_EDGE('',*,*,#258,.F.);
#258 = EDGE_CURVE('',#259,#250,#261,.T.);
#259 = VERTEX_POINT('',#260);
#260 = CARTESIAN_POINT('',(54.,-32.5,0.));
#261 = LINE('',#262,#263);
#262 = CARTESIAN_POINT('',(54.,-32.5,0.));
#263 = VECTOR('',#264,1.);
#264 = DIRECTION('',(0.,1.,0.));
#265 = ORIENTED_EDGE('',*,*,#266,.F.);
#266 = EDGE_CURVE('',#200,#259,#267,.T.);
#267 = CIRCLE('',#268,14.);
#268 = AXIS2_PLACEMENT_3D('',#269,#270,#271);
#269 = CARTESIAN_POINT('',(40.,-32.5,0.));
#270 = DIRECTION('',(0.,0.,1.));
#271 = DIRECTION('',(1.,0.,0.));
#272 = ORIENTED_EDGE('',*,*,#199,.F.);
#273 = FACE_BOUND('',#274,.T.);
#274 = EDGE_LOOP('',(#275));
#275 = ORIENTED_EDGE('',*,*,#276,.T.);
#276 = EDGE_CURVE('',#277,#277,#279,.T.);
#277 = VERTEX_POINT('',#278);
#278 = CARTESIAN_POINT('',(46.4,-36.,0.));
#279 = CIRCLE('',#280,2.4);
#280 = AXIS2_PLACEMENT_3D('',#281,#282,#283);
#281 = CARTESIAN_POINT('',(44.,-36.,0.));
#282 = DIRECTION('',(0.,0.,1.));
#283 = DIRECTION('',(1.,0.,0.));
#284 = FACE_BOUND('',#285,.T.);
#285 = EDGE_LOOP('',(#286,#296,#304,#312));
#286 = ORIENTED_EDGE('',*,*,#287,.F.);
#287 = EDGE_CURVE('',#288,#290,#292,.T.);
#288 = VERTEX_POINT('',#289);
#289 = CARTESIAN_POINT('',(9.472818472546,-0.792597114673,0.));
#290 = VERTEX_POINT('',#291);
#291 = CARTESIAN_POINT('',(11.031664199358,-1.692597114673,0.));
#292 = LINE('',#293,#294);
#293 = CARTESIAN_POINT('',(5.748909236273,1.357402885327,0.));
#294 = VECTOR('',#295,1.);
#295 = DIRECTION('',(0.866025403784,-0.5,0.));
#296 = ORIENTED_EDGE('',*,*,#297,.T.);
#297 = EDGE_CURVE('',#288,#298,#300,.T.);
#298 = VERTEX_POINT('',#299);
#299 = CARTESIAN_POINT('',(5.422818472546,-7.807402885327,0.));
#300 = LINE('',#301,#302);
#301 = CARTESIAN_POINT('',(6.435318472546,-6.053701442663,0.));
#302 = VECTOR('',#303,1.);
#303 = DIRECTION('',(-0.5,-0.866025403784,0.));
#304 = ORIENTED_EDGE('',*,*,#305,.T.);
#305 = EDGE_CURVE('',#298,#306,#308,.T.);
#306 = VERTEX_POINT('',#307);
#307 = CARTESIAN_POINT('',(6.981664199358,-8.707402885327,0.));
#308 = LINE('',#309,#310);
#309 = CARTESIAN_POINT('',(1.698909236273,-5.657402885327,0.));
#310 = VECTOR('',#311,1.);
#311 = DIRECTION('',(0.866025403784,-0.5,0.));
#312 = ORIENTED_EDGE('',*,*,#313,.F.);
#313 = EDGE_CURVE('',#290,#306,#314,.T.);
#314 = LINE('',#315,#316);
#315 = CARTESIAN_POINT('',(7.994164199358,-6.953701442663,0.));
#316 = VECTOR('',#317,1.);
#317 = DIRECTION('',(-0.5,-0.866025403784,0.));
#318 = FACE_BOUND('',#319,.T.);
#319 = EDGE_LOOP('',(#320));
#320 = ORIENTED_EDGE('',*,*,#321,.T.);
#321 = EDGE_CURVE('',#322,#322,#324,.T.);
#322 = VERTEX_POINT('',#323);
#323 = CARTESIAN_POINT('',(-41.6,-36.,0.));
#324 = CIRCLE('',#325,2.4);
#325 = AXIS2_PLACEMENT_3D('',#326,#327,#328);
#326 = CARTESIAN_POINT('',(-44.,-36.,0.));
#327 = DIRECTION('',(0.,0.,1.));
#328 = DIRECTION('',(1.,0.,0.));
#329 = FACE_BOUND('',#330,.T.);
#330 = EDGE_LOOP('',(#331,#341,#349,#357));
#331 = ORIENTED_EDGE('',*,*,#332,.F.);
#332 = EDGE_CURVE('',#333,#335,#337,.T.);
#333 = VERTEX_POINT('',#334);
#334 = CARTESIAN_POINT('',(-11.03166419935,-1.692597114673,0.));
#335 = VERTEX_POINT('',#336);
#336 = CARTESIAN_POINT('',(-9.472818472546,-0.792597114673,0.));
#337 = LINE('',#338,#339);
#338 = CARTESIAN_POINT('',(-6.528332099679,0.907402885327,0.));
#339 = VECTOR('',#340,1.);
#340 = DIRECTION('',(0.866025403784,0.5,0.));
#341 = ORIENTED_EDGE('',*,*,#342,.T.);
#342 = EDGE_CURVE('',#333,#343,#345,.T.);
#343 = VERTEX_POINT('',#344);
#344 = CARTESIAN_POINT('',(-6.981664199358,-8.707402885327,0.));
#345 = LINE('',#346,#347);
#346 = CARTESIAN_POINT('',(-7.994164199358,-6.953701442663,0.));
#347 = VECTOR('',#348,1.);
#348 = DIRECTION('',(0.5,-0.866025403784,0.));
#349 = ORIENTED_EDGE('',*,*,#350,.T.);
#350 = EDGE_CURVE('',#343,#351,#353,.T.);
#351 = VERTEX_POINT('',#352);
#352 = CARTESIAN_POINT('',(-5.422818472546,-7.807402885327,0.));
#353 = LINE('',#354,#355);
#354 = CARTESIAN_POINT('',(-2.478332099679,-6.107402885327,0.));
#355 = VECTOR('',#356,1.);
#356 = DIRECTION('',(0.866025403784,0.5,0.));
#357 = ORIENTED_EDGE('',*,*,#358,.F.);
#358 = EDGE_CURVE('',#335,#351,#359,.T.);
#359 = LINE('',#360,#361);
#360 = CARTESIAN_POINT('',(-6.435318472546,-6.053701442663,0.));
#361 = VECTOR('',#362,1.);
#362 = DIRECTION('',(0.5,-0.866025403784,0.));
#363 = FACE_BOUND('',#364,.T.);
#364 = EDGE_LOOP('',(#365));
#365 = ORIENTED_EDGE('',*,*,#366,.T.);
#366 = EDGE_CURVE('',#367,#367,#369,.T.);
#367 = VERTEX_POINT('',#368);
#368 = CARTESIAN_POINT('',(46.4,36.,0.));
#369 = CIRCLE('',#370,2.4);
#370 = AXIS2_PLACEMENT_3D('',#371,#372,#373);
#371 = CARTESIAN_POINT('',(44.,36.,0.));
#372 = DIRECTION('',(0.,0.,1.));
#373 = DIRECTION('',(1.,0.,0.));
#374 = FACE_BOUND('',#375,.T.);
#375 = EDGE_LOOP('',(#376,#386,#394,#402));
#376 = ORIENTED_EDGE('',*,*,#377,.F.);
#377 = EDGE_CURVE('',#378,#380,#382,.T.);
#378 = VERTEX_POINT('',#379);
#379 = CARTESIAN_POINT('',(-0.9,15.15,0.));
#380 = VERTEX_POINT('',#381);
#381 = CARTESIAN_POINT('',(0.9,15.15,0.));
#382 = LINE('',#383,#384);
#383 = CARTESIAN_POINT('',(-0.45,15.15,0.));
#384 = VECTOR('',#385,1.);
#385 = DIRECTION('',(1.,0.,0.));
#386 = ORIENTED_EDGE('',*,*,#387,.T.);
#387 = EDGE_CURVE('',#378,#388,#390,.T.);
#388 = VERTEX_POINT('',#389);
#389 = CARTESIAN_POINT('',(-0.9,7.05,0.));
#390 = LINE('',#391,#392);
#391 = CARTESIAN_POINT('',(-0.9,3.525,0.));
#392 = VECTOR('',#393,1.);
#393 = DIRECTION('',(0.,-1.,0.));
#394 = ORIENTED_EDGE('',*,*,#395,.T.);
#395 = EDGE_CURVE('',#388,#396,#398,.T.);
#396 = VERTEX_POINT('',#397);
#397 = CARTESIAN_POINT('',(0.9,7.05,0.));
#398 = LINE('',#399,#400);
#399 = CARTESIAN_POINT('',(-0.45,7.05,0.));
#400 = VECTOR('',#401,1.);
#401 = DIRECTION('',(1.,0.,0.));
#402 = ORIENTED_EDGE('',*,*,#403,.F.);
#403 = EDGE_CURVE('',#380,#396,#404,.T.);
#404 = LINE('',#405,#406);
#405 = CARTESIAN_POINT('',(0.9,3.525,0.));
#406 = VECTOR('',#407,1.);
#407 = DIRECTION('',(0.,-1.,0.));
#408 = FACE_BOUND('',#409,.T.);
#409 = EDGE_LOOP('',(#410));
#410 = ORIENTED_EDGE('',*,*,#411,.T.);
#411 = EDGE_CURVE('',#412,#412,#414,.T.);
#412 = VERTEX_POINT('',#413);
#413 = CARTESIAN_POINT('',(-41.6,36.,0.));
#414 = CIRCLE('',#415,2.4);
#415 = AXIS2_PLACEMENT_3D('',#416,#417,#418);
#416 = CARTESIAN_POINT('',(-44.,36.,0.));
#417 = DIRECTION('',(0.,0.,1.));
#418 = DIRECTION('',(1.,0.,0.));
#419 = PLANE('',#420);
#420 = AXIS2_PLACEMENT_3D('',#421,#422,#423);
#421 = CARTESIAN_POINT('',(0.,1.21E-15,0.));
#422 = DIRECTION('',(-0.,-0.,-1.));
#423 = DIRECTION('',(-1.,0.,0.));
#424 = ADVANCED_FACE('',(#425),#436,.F.);
#425 = FACE_BOUND('',#426,.F.);
#426 = EDGE_LOOP('',(#427,#428,#429,#435));
#427 = ORIENTED_EDGE('',*,*,#32,.F.);
#428 = ORIENTED_EDGE('',*,*,#224,.T.);
#429 = ORIENTED_EDGE('',*,*,#430,.T.);
#430 = EDGE_CURVE('',#225,#107,#431,.T.);
#431 = LINE('',#432,#433);
#432 = CARTESIAN_POINT('',(-54.,32.5,0.));
#433 = VECTOR('',#434,1.);
#434 = DIRECTION('',(0.,0.,1.));
#435 = ORIENTED_EDGE('',*,*,#115,.F.);
#436 = PLANE('',#437);
#437 = AXIS2_PLACEMENT_3D('',#438,#439,#440);
#438 = CARTESIAN_POINT('',(-54.,-32.5,0.));
#439 = DIRECTION('',(1.,0.,0.));
#440 = DIRECTION('',(0.,0.,1.));
#441 = ADVANCED_FACE('',(#442),#453,.T.);
#442 = FACE_BOUND('',#443,.T.);
#443 = EDGE_LOOP('',(#444,#445,#451,#452));
#444 = ORIENTED_EDGE('',*,*,#106,.F.);
#445 = ORIENTED_EDGE('',*,*,#446,.F.);
#446 = EDGE_CURVE('',#233,#99,#447,.T.);
#447 = LINE('',#448,#449);
#448 = CARTESIAN_POINT('',(-40.,46.5,0.));
#449 = VECTOR('',#450,1.);
#450 = DIRECTION('',(0.,0.,1.));
#451 = ORIENTED_EDGE('',*,*,#232,.T.);
#452 = ORIENTED_EDGE('',*,*,#430,.T.);
#453 = CYLINDRICAL_SURFACE('',#454,14.);
#454 = AXIS2_PLACEMENT_3D('',#455,#456,#457);
#455 = CARTESIAN_POINT('',(-40.,32.5,0.));
#456 = DIRECTION('',(0.,0.,1.));
#457 = DIRECTION('',(1.,0.,0.));
#458 = ADVANCED_FACE('',(#459),#470,.T.);
#459 = FACE_BOUND('',#460,.T.);
#460 = EDGE_LOOP('',(#461,#462,#463,#464));
#461 = ORIENTED_EDGE('',*,*,#72,.F.);
#462 = ORIENTED_EDGE('',*,*,#209,.F.);
#463 = ORIENTED_EDGE('',*,*,#266,.T.);
#464 = ORIENTED_EDGE('',*,*,#465,.T.);
#465 = EDGE_CURVE('',#259,#73,#466,.T.);
#466 = LINE('',#467,#468);
#467 = CARTESIAN_POINT('',(54.,-32.5,0.));
#468 = VECTOR('',#469,1.);
#469 = DIRECTION('',(0.,0.,1.));
#470 = CYLINDRICAL_SURFACE('',#471,14.);
#471 = AXIS2_PLACEMENT_3D('',#472,#473,#474);
#472 = CARTESIAN_POINT('',(40.,-32.5,0.));
#473 = DIRECTION('',(0.,0.,1.));
#474 = DIRECTION('',(1.,0.,0.));
#475 = ADVANCED_FACE('',(#476),#487,.T.);
#476 = FACE_BOUND('',#477,.T.);
#477 = EDGE_LOOP('',(#478,#479,#480,#481));
#478 = ORIENTED_EDGE('',*,*,#241,.F.);
#479 = ORIENTED_EDGE('',*,*,#446,.T.);
#480 = ORIENTED_EDGE('',*,*,#98,.T.);
#481 = ORIENTED_EDGE('',*,*,#482,.F.);
#482 = EDGE_CURVE('',#242,#90,#483,.T.);
#483 = LINE('',#484,#485);
#484 = CARTESIAN_POINT('',(40.,46.5,0.));
#485 = VECTOR('',#486,1.);
#486 = DIRECTION('',(0.,0.,1.));
#487 = PLANE('',#488);
#488 = AXIS2_PLACEMENT_3D('',#489,#490,#491);
#489 = CARTESIAN_POINT('',(-40.,46.5,0.));
#490 = DIRECTION('',(0.,1.,0.));
#491 = DIRECTION('',(0.,0.,1.));
#492 = ADVANCED_FACE('',(#493),#504,.T.);
#493 = FACE_BOUND('',#494,.T.);
#494 = EDGE_LOOP('',(#495,#496,#497,#503));
#495 = ORIENTED_EDGE('',*,*,#465,.F.);
#496 = ORIENTED_EDGE('',*,*,#258,.T.);
#497 = ORIENTED_EDGE('',*,*,#498,.T.);
#498 = EDGE_CURVE('',#250,#82,#499,.T.);
#499 = LINE('',#500,#501);
#500 = CARTESIAN_POINT('',(54.,32.5,0.));
#501 = VECTOR('',#502,1.);
#502 = DIRECTION('',(0.,0.,1.));
#503 = ORIENTED_EDGE('',*,*,#81,.F.);
#504 = PLANE('',#505);
#505 = AXIS2_PLACEMENT_3D('',#506,#507,#508);
#506 = CARTESIAN_POINT('',(54.,-32.5,0.));
#507 = DIRECTION('',(1.,0.,0.));
#508 = DIRECTION('',(0.,0.,1.));
#509 = ADVANCED_FACE('',(#510),#516,.T.);
#510 = FACE_BOUND('',#511,.T.);
#511 = EDGE_LOOP('',(#512,#513,#514,#515));
#512 = ORIENTED_EDGE('',*,*,#89,.F.);
#513 = ORIENTED_EDGE('',*,*,#498,.F.);
#514 = ORIENTED_EDGE('',*,*,#249,.T.);
#515 = ORIENTED_EDGE('',*,*,#482,.T.);
#516 = CYLINDRICAL_SURFACE('',#517,14.);
#517 = AXIS2_PLACEMENT_3D('',#518,#519,#520);
#518 = CARTESIAN_POINT('',(40.,32.5,0.));
#519 = DIRECTION('',(0.,0.,1.));
#520 = DIRECTION('',(1.,0.,0.));
#521 = ADVANCED_FACE('',(#522),#548,.F.);
#522 = FACE_BOUND('',#523,.F.);
#523 = EDGE_LOOP('',(#524,#525,#533,#542));
#524 = ORIENTED_EDGE('',*,*,#123,.F.);
#525 = ORIENTED_EDGE('',*,*,#526,.F.);
#526 = EDGE_CURVE('',#527,#124,#529,.T.);
#527 = VERTEX_POINT('',#528);
#528 = CARTESIAN_POINT('',(-51.6,-32.5,3.));
#529 = LINE('',#530,#531);
#530 = CARTESIAN_POINT('',(-51.6,-32.5,3.));
#531 = VECTOR('',#532,1.);
#532 = DIRECTION('',(0.,0.,1.));
#533 = ORIENTED_EDGE('',*,*,#534,.T.);
#534 = EDGE_CURVE('',#527,#535,#537,.T.);
#535 = VERTEX_POINT('',#536);
#536 = CARTESIAN_POINT('',(-40.,-44.1,3.));
#537 = CIRCLE('',#538,11.6);
#538 = AXIS2_PLACEMENT_3D('',#539,#540,#541);
#539 = CARTESIAN_POINT('',(-40.,-32.5,3.));
#540 = DIRECTION('',(0.,0.,1.));
#541 = DIRECTION('',(1.,0.,0.));
#542 = ORIENTED_EDGE('',*,*,#543,.T.);
#543 = EDGE_CURVE('',#535,#126,#544,.T.);
#544 = LINE('',#545,#546);
#545 = CARTESIAN_POINT('',(-40.,-44.1,3.));
#546 = VECTOR('',#547,1.);
#547 = DIRECTION('',(0.,0.,1.));
#548 = CYLINDRICAL_SURFACE('',#549,11.6);
#549 = AXIS2_PLACEMENT_3D('',#550,#551,#552);
#550 = CARTESIAN_POINT('',(-40.,-32.5,3.));
#551 = DIRECTION('',(0.,0.,1.));
#552 = DIRECTION('',(1.,0.,0.));
#553 = ADVANCED_FACE('',(#554),#636,.T.);
#554 = FACE_BOUND('',#555,.T.);
#555 = EDGE_LOOP('',(#556,#564,#565,#566,#574,#582,#590,#598,#606,#614,
    #622,#630));
#556 = ORIENTED_EDGE('',*,*,#557,.F.);
#557 = EDGE_CURVE('',#535,#558,#560,.T.);
#558 = VERTEX_POINT('',#559);
#559 = CARTESIAN_POINT('',(-27.5,-44.1,3.));
#560 = LINE('',#561,#562);
#561 = CARTESIAN_POINT('',(-40.,-44.1,3.));
#562 = VECTOR('',#563,1.);
#563 = DIRECTION('',(1.,0.,0.));
#564 = ORIENTED_EDGE('',*,*,#543,.T.);
#565 = ORIENTED_EDGE('',*,*,#185,.F.);
#566 = ORIENTED_EDGE('',*,*,#567,.F.);
#567 = EDGE_CURVE('',#568,#177,#570,.T.);
#568 = VERTEX_POINT('',#569);
#569 = CARTESIAN_POINT('',(40.,-44.1,3.));
#570 = LINE('',#571,#572);
#571 = CARTESIAN_POINT('',(40.,-44.1,3.));
#572 = VECTOR('',#573,1.);
#573 = DIRECTION('',(0.,0.,1.));
#574 = ORIENTED_EDGE('',*,*,#575,.F.);
#575 = EDGE_CURVE('',#576,#568,#578,.T.);
#576 = VERTEX_POINT('',#577);
#577 = CARTESIAN_POINT('',(27.5,-44.1,3.));
#578 = LINE('',#579,#580);
#579 = CARTESIAN_POINT('',(-40.,-44.1,3.));
#580 = VECTOR('',#581,1.);
#581 = DIRECTION('',(1.,0.,0.));
#582 = ORIENTED_EDGE('',*,*,#583,.F.);
#583 = EDGE_CURVE('',#584,#576,#586,.T.);
#584 = VERTEX_POINT('',#585);
#585 = CARTESIAN_POINT('',(27.5,-44.1,13.9));
#586 = LINE('',#587,#588);
#587 = CARTESIAN_POINT('',(27.5,-44.1,3.));
#588 = VECTOR('',#589,1.);
#589 = DIRECTION('',(0.,0.,-1.));
#590 = ORIENTED_EDGE('',*,*,#591,.F.);
#591 = EDGE_CURVE('',#592,#584,#594,.T.);
#592 = VERTEX_POINT('',#593);
#593 = CARTESIAN_POINT('',(22.5,-44.1,13.9));
#594 = LINE('',#595,#596);
#595 = CARTESIAN_POINT('',(-8.75,-44.1,13.9));
#596 = VECTOR('',#597,1.);
#597 = DIRECTION('',(1.,0.,0.));
#598 = ORIENTED_EDGE('',*,*,#599,.T.);
#599 = EDGE_CURVE('',#592,#600,#602,.T.);
#600 = VERTEX_POINT('',#601);
#601 = CARTESIAN_POINT('',(22.5,-44.1,3.));
#602 = LINE('',#603,#604);
#603 = CARTESIAN_POINT('',(22.5,-44.1,8.05));
#604 = VECTOR('',#605,1.);
#605 = DIRECTION('',(0.,0.,-1.));
#606 = ORIENTED_EDGE('',*,*,#607,.F.);
#607 = EDGE_CURVE('',#608,#600,#610,.T.);
#608 = VERTEX_POINT('',#609);
#609 = CARTESIAN_POINT('',(-22.5,-44.1,3.));
#610 = LINE('',#611,#612);
#611 = CARTESIAN_POINT('',(-40.,-44.1,3.));
#612 = VECTOR('',#613,1.);
#613 = DIRECTION('',(1.,0.,0.));
#614 = ORIENTED_EDGE('',*,*,#615,.F.);
#615 = EDGE_CURVE('',#616,#608,#618,.T.);
#616 = VERTEX_POINT('',#617);
#617 = CARTESIAN_POINT('',(-22.5,-44.1,13.9));
#618 = LINE('',#619,#620);
#619 = CARTESIAN_POINT('',(-22.5,-44.1,3.));
#620 = VECTOR('',#621,1.);
#621 = DIRECTION('',(0.,0.,-1.));
#622 = ORIENTED_EDGE('',*,*,#623,.F.);
#623 = EDGE_CURVE('',#624,#616,#626,.T.);
#624 = VERTEX_POINT('',#625);
#625 = CARTESIAN_POINT('',(-27.5,-44.1,13.9));
#626 = LINE('',#627,#628);
#627 = CARTESIAN_POINT('',(-33.75,-44.1,13.9));
#628 = VECTOR('',#629,1.);
#629 = DIRECTION('',(1.,0.,0.));
#630 = ORIENTED_EDGE('',*,*,#631,.T.);
#631 = EDGE_CURVE('',#624,#558,#632,.T.);
#632 = LINE('',#633,#634);
#633 = CARTESIAN_POINT('',(-27.5,-44.1,8.05));
#634 = VECTOR('',#635,1.);
#635 = DIRECTION('',(0.,0.,-1.));
#636 = PLANE('',#637);
#637 = AXIS2_PLACEMENT_3D('',#638,#639,#640);
#638 = CARTESIAN_POINT('',(-40.,-44.1,3.));
#639 = DIRECTION('',(0.,1.,0.));
#640 = DIRECTION('',(0.,0.,1.));
#641 = ADVANCED_FACE('',(#642),#661,.F.);
#642 = FACE_BOUND('',#643,.F.);
#643 = EDGE_LOOP('',(#644,#653,#659,#660));
#644 = ORIENTED_EDGE('',*,*,#645,.T.);
#645 = EDGE_CURVE('',#568,#646,#648,.T.);
#646 = VERTEX_POINT('',#647);
#647 = CARTESIAN_POINT('',(51.6,-32.5,3.));
#648 = CIRCLE('',#649,11.6);
#649 = AXIS2_PLACEMENT_3D('',#650,#651,#652);
#650 = CARTESIAN_POINT('',(40.,-32.5,3.));
#651 = DIRECTION('',(0.,0.,1.));
#652 = DIRECTION('',(1.,0.,0.));
#653 = ORIENTED_EDGE('',*,*,#654,.T.);
#654 = EDGE_CURVE('',#646,#169,#655,.T.);
#655 = LINE('',#656,#657);
#656 = CARTESIAN_POINT('',(51.6,-32.5,3.));
#657 = VECTOR('',#658,1.);
#658 = DIRECTION('',(0.,0.,1.));
#659 = ORIENTED_EDGE('',*,*,#176,.F.);
#660 = ORIENTED_EDGE('',*,*,#567,.F.);
#661 = CYLINDRICAL_SURFACE('',#662,11.6);
#662 = AXIS2_PLACEMENT_3D('',#663,#664,#665);
#663 = CARTESIAN_POINT('',(40.,-32.5,3.));
#664 = DIRECTION('',(0.,0.,1.));
#665 = DIRECTION('',(1.,0.,0.));
#666 = ADVANCED_FACE('',(#667,#685,#719),#753,.F.);
#667 = FACE_BOUND('',#668,.F.);
#668 = EDGE_LOOP('',(#669,#670,#678,#684));
#669 = ORIENTED_EDGE('',*,*,#654,.F.);
#670 = ORIENTED_EDGE('',*,*,#671,.T.);
#671 = EDGE_CURVE('',#646,#672,#674,.T.);
#672 = VERTEX_POINT('',#673);
#673 = CARTESIAN_POINT('',(51.6,32.5,3.));
#674 = LINE('',#675,#676);
#675 = CARTESIAN_POINT('',(51.6,-32.5,3.));
#676 = VECTOR('',#677,1.);
#677 = DIRECTION('',(0.,1.,0.));
#678 = ORIENTED_EDGE('',*,*,#679,.T.);
#679 = EDGE_CURVE('',#672,#160,#680,.T.);
#680 = LINE('',#681,#682);
#681 = CARTESIAN_POINT('',(51.6,32.5,3.));
#682 = VECTOR('',#683,1.);
#683 = DIRECTION('',(0.,0.,1.));
#684 = ORIENTED_EDGE('',*,*,#168,.F.);
#685 = FACE_BOUND('',#686,.F.);
#686 = EDGE_LOOP('',(#687,#697,#705,#713));
#687 = ORIENTED_EDGE('',*,*,#688,.T.);
#688 = EDGE_CURVE('',#689,#691,#693,.T.);
#689 = VERTEX_POINT('',#690);
#690 = CARTESIAN_POINT('',(51.6,21.5,40.));
#691 = VERTEX_POINT('',#692);
#692 = CARTESIAN_POINT('',(51.6,18.5,40.));
#693 = LINE('',#694,#695);
#694 = CARTESIAN_POINT('',(51.6,-7.,40.));
#695 = VECTOR('',#696,1.);
#696 = DIRECTION('',(0.,-1.,0.));
#697 = ORIENTED_EDGE('',*,*,#698,.T.);
#698 = EDGE_CURVE('',#691,#699,#701,.T.);
#699 = VERTEX_POINT('',#700);
#700 = CARTESIAN_POINT('',(51.6,18.5,41.));
#701 = LINE('',#702,#703);
#702 = CARTESIAN_POINT('',(51.6,18.5,21.5));
#703 = VECTOR('',#704,1.);
#704 = DIRECTION('',(0.,0.,1.));
#705 = ORIENTED_EDGE('',*,*,#706,.F.);
#706 = EDGE_CURVE('',#707,#699,#709,.T.);
#707 = VERTEX_POINT('',#708);
#708 = CARTESIAN_POINT('',(51.6,21.5,41.));
#709 = LINE('',#710,#711);
#710 = CARTESIAN_POINT('',(51.6,-7.,41.));
#711 = VECTOR('',#712,1.);
#712 = DIRECTION('',(0.,-1.,0.));
#713 = ORIENTED_EDGE('',*,*,#714,.F.);
#714 = EDGE_CURVE('',#689,#707,#715,.T.);
#715 = LINE('',#716,#717);
#716 = CARTESIAN_POINT('',(51.6,21.5,21.5));
#717 = VECTOR('',#718,1.);
#718 = DIRECTION('',(0.,0.,1.));
#719 = FACE_BOUND('',#720,.F.);
#720 = EDGE_LOOP('',(#721,#731,#739,#747));
#721 = ORIENTED_EDGE('',*,*,#722,.T.);
#722 = EDGE_CURVE('',#723,#725,#727,.T.);
#723 = VERTEX_POINT('',#724);
#724 = CARTESIAN_POINT('',(51.6,-18.5,40.));
#725 = VERTEX_POINT('',#726);
#726 = CARTESIAN_POINT('',(51.6,-21.5,40.));
#727 = LINE('',#728,#729);
#728 = CARTESIAN_POINT('',(51.6,-27.,40.));
#729 = VECTOR('',#730,1.);
#730 = DIRECTION('',(0.,-1.,0.));
#731 = ORIENTED_EDGE('',*,*,#732,.T.);
#732 = EDGE_CURVE('',#725,#733,#735,.T.);
#733 = VERTEX_POINT('',#734);
#734 = CARTESIAN_POINT('',(51.6,-21.5,41.));
#735 = LINE('',#736,#737);
#736 = CARTESIAN_POINT('',(51.6,-21.5,21.5));
#737 = VECTOR('',#738,1.);
#738 = DIRECTION('',(0.,0.,1.));
#739 = ORIENTED_EDGE('',*,*,#740,.F.);
#740 = EDGE_CURVE('',#741,#733,#743,.T.);
#741 = VERTEX_POINT('',#742);
#742 = CARTESIAN_POINT('',(51.6,-18.5,41.));
#743 = LINE('',#744,#745);
#744 = CARTESIAN_POINT('',(51.6,-27.,41.));
#745 = VECTOR('',#746,1.);
#746 = DIRECTION('',(0.,-1.,0.));
#747 = ORIENTED_EDGE('',*,*,#748,.F.);
#748 = EDGE_CURVE('',#723,#741,#749,.T.);
#749 = LINE('',#750,#751);
#750 = CARTESIAN_POINT('',(51.6,-18.5,21.5));
#751 = VECTOR('',#752,1.);
#752 = DIRECTION('',(0.,0.,1.));
#753 = PLANE('',#754);
#754 = AXIS2_PLACEMENT_3D('',#755,#756,#757);
#755 = CARTESIAN_POINT('',(51.6,-32.5,3.));
#756 = DIRECTION('',(1.,0.,0.));
#757 = DIRECTION('',(0.,0.,1.));
#758 = ADVANCED_FACE('',(#759),#778,.F.);
#759 = FACE_BOUND('',#760,.F.);
#760 = EDGE_LOOP('',(#761,#762,#763,#772));
#761 = ORIENTED_EDGE('',*,*,#159,.F.);
#762 = ORIENTED_EDGE('',*,*,#679,.F.);
#763 = ORIENTED_EDGE('',*,*,#764,.T.);
#764 = EDGE_CURVE('',#672,#765,#767,.T.);
#765 = VERTEX_POINT('',#766);
#766 = CARTESIAN_POINT('',(40.,44.1,3.));
#767 = CIRCLE('',#768,11.6);
#768 = AXIS2_PLACEMENT_3D('',#769,#770,#771);
#769 = CARTESIAN_POINT('',(40.,32.5,3.));
#770 = DIRECTION('',(0.,0.,1.));
#771 = DIRECTION('',(1.,0.,0.));
#772 = ORIENTED_EDGE('',*,*,#773,.T.);
#773 = EDGE_CURVE('',#765,#152,#774,.T.);
#774 = LINE('',#775,#776);
#775 = CARTESIAN_POINT('',(40.,44.1,3.));
#776 = VECTOR('',#777,1.);
#777 = DIRECTION('',(0.,0.,1.));
#778 = CYLINDRICAL_SURFACE('',#779,11.6);
#779 = AXIS2_PLACEMENT_3D('',#780,#781,#782);
#780 = CARTESIAN_POINT('',(40.,32.5,3.));
#781 = DIRECTION('',(0.,0.,1.));
#782 = DIRECTION('',(1.,0.,0.));
#783 = ADVANCED_FACE('',(#784),#866,.F.);
#784 = FACE_BOUND('',#785,.F.);
#785 = EDGE_LOOP('',(#786,#796,#802,#803,#804,#812,#820,#828,#836,#844,
    #852,#860));
#786 = ORIENTED_EDGE('',*,*,#787,.F.);
#787 = EDGE_CURVE('',#788,#790,#792,.T.);
#788 = VERTEX_POINT('',#789);
#789 = CARTESIAN_POINT('',(-40.,44.1,3.));
#790 = VERTEX_POINT('',#791);
#791 = CARTESIAN_POINT('',(-27.5,44.1,3.));
#792 = LINE('',#793,#794);
#793 = CARTESIAN_POINT('',(-40.,44.1,3.));
#794 = VECTOR('',#795,1.);
#795 = DIRECTION('',(1.,0.,0.));
#796 = ORIENTED_EDGE('',*,*,#797,.T.);
#797 = EDGE_CURVE('',#788,#143,#798,.T.);
#798 = LINE('',#799,#800);
#799 = CARTESIAN_POINT('',(-40.,44.1,3.));
#800 = VECTOR('',#801,1.);
#801 = DIRECTION('',(0.,0.,1.));
#802 = ORIENTED_EDGE('',*,*,#151,.F.);
#803 = ORIENTED_EDGE('',*,*,#773,.F.);
#804 = ORIENTED_EDGE('',*,*,#805,.F.);
#805 = EDGE_CURVE('',#806,#765,#808,.T.);
#806 = VERTEX_POINT('',#807);
#807 = CARTESIAN_POINT('',(27.5,44.1,3.));
#808 = LINE('',#809,#810);
#809 = CARTESIAN_POINT('',(-40.,44.1,3.));
#810 = VECTOR('',#811,1.);
#811 = DIRECTION('',(1.,0.,0.));
#812 = ORIENTED_EDGE('',*,*,#813,.F.);
#813 = EDGE_CURVE('',#814,#806,#816,.T.);
#814 = VERTEX_POINT('',#815);
#815 = CARTESIAN_POINT('',(27.5,44.1,13.9));
#816 = LINE('',#817,#818);
#817 = CARTESIAN_POINT('',(27.5,44.1,8.05));
#818 = VECTOR('',#819,1.);
#819 = DIRECTION('',(0.,0.,-1.));
#820 = ORIENTED_EDGE('',*,*,#821,.F.);
#821 = EDGE_CURVE('',#822,#814,#824,.T.);
#822 = VERTEX_POINT('',#823);
#823 = CARTESIAN_POINT('',(22.5,44.1,13.9));
#824 = LINE('',#825,#826);
#825 = CARTESIAN_POINT('',(-8.75,44.1,13.9));
#826 = VECTOR('',#827,1.);
#827 = DIRECTION('',(1.,0.,0.));
#828 = ORIENTED_EDGE('',*,*,#829,.T.);
#829 = EDGE_CURVE('',#822,#830,#832,.T.);
#830 = VERTEX_POINT('',#831);
#831 = CARTESIAN_POINT('',(22.5,44.1,3.));
#832 = LINE('',#833,#834);
#833 = CARTESIAN_POINT('',(22.5,44.1,3.));
#834 = VECTOR('',#835,1.);
#835 = DIRECTION('',(0.,0.,-1.));
#836 = ORIENTED_EDGE('',*,*,#837,.F.);
#837 = EDGE_CURVE('',#838,#830,#840,.T.);
#838 = VERTEX_POINT('',#839);
#839 = CARTESIAN_POINT('',(-22.5,44.1,3.));
#840 = LINE('',#841,#842);
#841 = CARTESIAN_POINT('',(-40.,44.1,3.));
#842 = VECTOR('',#843,1.);
#843 = DIRECTION('',(1.,0.,0.));
#844 = ORIENTED_EDGE('',*,*,#845,.F.);
#845 = EDGE_CURVE('',#846,#838,#848,.T.);
#846 = VERTEX_POINT('',#847);
#847 = CARTESIAN_POINT('',(-22.5,44.1,13.9));
#848 = LINE('',#849,#850);
#849 = CARTESIAN_POINT('',(-22.5,44.1,8.05));
#850 = VECTOR('',#851,1.);
#851 = DIRECTION('',(0.,0.,-1.));
#852 = ORIENTED_EDGE('',*,*,#853,.F.);
#853 = EDGE_CURVE('',#854,#846,#856,.T.);
#854 = VERTEX_POINT('',#855);
#855 = CARTESIAN_POINT('',(-27.5,44.1,13.9));
#856 = LINE('',#857,#858);
#857 = CARTESIAN_POINT('',(-33.75,44.1,13.9));
#858 = VECTOR('',#859,1.);
#859 = DIRECTION('',(1.,0.,0.));
#860 = ORIENTED_EDGE('',*,*,#861,.T.);
#861 = EDGE_CURVE('',#854,#790,#862,.T.);
#862 = LINE('',#863,#864);
#863 = CARTESIAN_POINT('',(-27.5,44.1,3.));
#864 = VECTOR('',#865,1.);
#865 = DIRECTION('',(0.,0.,-1.));
#866 = PLANE('',#867);
#867 = AXIS2_PLACEMENT_3D('',#868,#869,#870);
#868 = CARTESIAN_POINT('',(-40.,44.1,3.));
#869 = DIRECTION('',(0.,1.,0.));
#870 = DIRECTION('',(0.,0.,1.));
#871 = ADVANCED_FACE('',(#872),#891,.F.);
#872 = FACE_BOUND('',#873,.F.);
#873 = EDGE_LOOP('',(#874,#875,#876,#885));
#874 = ORIENTED_EDGE('',*,*,#142,.F.);
#875 = ORIENTED_EDGE('',*,*,#797,.F.);
#876 = ORIENTED_EDGE('',*,*,#877,.T.);
#877 = EDGE_CURVE('',#788,#878,#880,.T.);
#878 = VERTEX_POINT('',#879);
#879 = CARTESIAN_POINT('',(-51.6,32.5,3.));
#880 = CIRCLE('',#881,11.6);
#881 = AXIS2_PLACEMENT_3D('',#882,#883,#884);
#882 = CARTESIAN_POINT('',(-40.,32.5,3.));
#883 = DIRECTION('',(0.,0.,1.));
#884 = DIRECTION('',(1.,0.,0.));
#885 = ORIENTED_EDGE('',*,*,#886,.T.);
#886 = EDGE_CURVE('',#878,#135,#887,.T.);
#887 = LINE('',#888,#889);
#888 = CARTESIAN_POINT('',(-51.6,32.5,3.));
#889 = VECTOR('',#890,1.);
#890 = DIRECTION('',(0.,0.,1.));
#891 = CYLINDRICAL_SURFACE('',#892,11.6);
#892 = AXIS2_PLACEMENT_3D('',#893,#894,#895);
#893 = CARTESIAN_POINT('',(-40.,32.5,3.));
#894 = DIRECTION('',(0.,0.,1.));
#895 = DIRECTION('',(1.,0.,0.));
#896 = ADVANCED_FACE('',(#897,#908,#958,#992,#1026,#1060,#1094),#1128,
  .T.);
#897 = FACE_BOUND('',#898,.T.);
#898 = EDGE_LOOP('',(#899,#900,#906,#907));
#899 = ORIENTED_EDGE('',*,*,#526,.F.);
#900 = ORIENTED_EDGE('',*,*,#901,.T.);
#901 = EDGE_CURVE('',#527,#878,#902,.T.);
#902 = LINE('',#903,#904);
#903 = CARTESIAN_POINT('',(-51.6,-32.5,3.));
#904 = VECTOR('',#905,1.);
#905 = DIRECTION('',(0.,1.,0.));
#906 = ORIENTED_EDGE('',*,*,#886,.T.);
#907 = ORIENTED_EDGE('',*,*,#134,.F.);
#908 = FACE_BOUND('',#909,.T.);
#909 = EDGE_LOOP('',(#910,#920,#928,#936,#944,#952));
#910 = ORIENTED_EDGE('',*,*,#911,.F.);
#911 = EDGE_CURVE('',#912,#914,#916,.T.);
#912 = VERTEX_POINT('',#913);
#913 = CARTESIAN_POINT('',(-51.6,26.5,36.));
#914 = VERTEX_POINT('',#915);
#915 = CARTESIAN_POINT('',(-51.6,26.5,41.));
#916 = LINE('',#917,#918);
#917 = CARTESIAN_POINT('',(-51.6,26.5,19.5));
#918 = VECTOR('',#919,1.);
#919 = DIRECTION('',(0.,0.,1.));
#920 = ORIENTED_EDGE('',*,*,#921,.T.);
#921 = EDGE_CURVE('',#912,#922,#924,.T.);
#922 = VERTEX_POINT('',#923);
#923 = CARTESIAN_POINT('',(-51.6,23.5,36.));
#924 = LINE('',#925,#926);
#925 = CARTESIAN_POINT('',(-51.6,-4.5,36.));
#926 = VECTOR('',#927,1.);
#927 = DIRECTION('',(0.,-1.,0.));
#928 = ORIENTED_EDGE('',*,*,#929,.T.);
#929 = EDGE_CURVE('',#922,#930,#932,.T.);
#930 = VERTEX_POINT('',#931);
#931 = CARTESIAN_POINT('',(-51.6,23.5,40.));
#932 = LINE('',#933,#934);
#933 = CARTESIAN_POINT('',(-51.6,23.5,19.5));
#934 = VECTOR('',#935,1.);
#935 = DIRECTION('',(0.,0.,1.));
#936 = ORIENTED_EDGE('',*,*,#937,.T.);
#937 = EDGE_CURVE('',#930,#938,#940,.T.);
#938 = VERTEX_POINT('',#939);
#939 = CARTESIAN_POINT('',(-51.6,22.8,40.));
#940 = LINE('',#941,#942);
#941 = CARTESIAN_POINT('',(-51.6,-4.85,40.));
#942 = VECTOR('',#943,1.);
#943 = DIRECTION('',(0.,-1.,0.));
#944 = ORIENTED_EDGE('',*,*,#945,.T.);
#945 = EDGE_CURVE('',#938,#946,#948,.T.);
#946 = VERTEX_POINT('',#947);
#947 = CARTESIAN_POINT('',(-51.6,22.8,41.));
#948 = LINE('',#949,#950);
#949 = CARTESIAN_POINT('',(-51.6,22.8,21.5));
#950 = VECTOR('',#951,1.);
#951 = DIRECTION('',(0.,0.,1.));
#952 = ORIENTED_EDGE('',*,*,#953,.F.);
#953 = EDGE_CURVE('',#914,#946,#954,.T.);
#954 = LINE('',#955,#956);
#955 = CARTESIAN_POINT('',(-51.6,-4.85,41.));
#956 = VECTOR('',#957,1.);
#957 = DIRECTION('',(0.,-1.,0.));
#958 = FACE_BOUND('',#959,.T.);
#959 = EDGE_LOOP('',(#960,#970,#978,#986));
#960 = ORIENTED_EDGE('',*,*,#961,.T.);
#961 = EDGE_CURVE('',#962,#964,#966,.T.);
#962 = VERTEX_POINT('',#963);
#963 = CARTESIAN_POINT('',(-51.6,21.5,40.));
#964 = VERTEX_POINT('',#965);
#965 = CARTESIAN_POINT('',(-51.6,18.5,40.));
#966 = LINE('',#967,#968);
#967 = CARTESIAN_POINT('',(-51.6,-7.,40.));
#968 = VECTOR('',#969,1.);
#969 = DIRECTION('',(0.,-1.,0.));
#970 = ORIENTED_EDGE('',*,*,#971,.T.);
#971 = EDGE_CURVE('',#964,#972,#974,.T.);
#972 = VERTEX_POINT('',#973);
#973 = CARTESIAN_POINT('',(-51.6,18.5,41.));
#974 = LINE('',#975,#976);
#975 = CARTESIAN_POINT('',(-51.6,18.5,21.5));
#976 = VECTOR('',#977,1.);
#977 = DIRECTION('',(0.,0.,1.));
#978 = ORIENTED_EDGE('',*,*,#979,.F.);
#979 = EDGE_CURVE('',#980,#972,#982,.T.);
#980 = VERTEX_POINT('',#981);
#981 = CARTESIAN_POINT('',(-51.6,21.5,41.));
#982 = LINE('',#983,#984);
#983 = CARTESIAN_POINT('',(-51.6,-7.,41.));
#984 = VECTOR('',#985,1.);
#985 = DIRECTION('',(0.,-1.,0.));
#986 = ORIENTED_EDGE('',*,*,#987,.F.);
#987 = EDGE_CURVE('',#962,#980,#988,.T.);
#988 = LINE('',#989,#990);
#989 = CARTESIAN_POINT('',(-51.6,21.5,21.5));
#990 = VECTOR('',#991,1.);
#991 = DIRECTION('',(0.,0.,1.));
#992 = FACE_BOUND('',#993,.T.);
#993 = EDGE_LOOP('',(#994,#1004,#1012,#1020));
#994 = ORIENTED_EDGE('',*,*,#995,.T.);
#995 = EDGE_CURVE('',#996,#998,#1000,.T.);
#996 = VERTEX_POINT('',#997);
#997 = CARTESIAN_POINT('',(-51.6,12.75,36.));
#998 = VERTEX_POINT('',#999);
#999 = CARTESIAN_POINT('',(-51.6,9.75,36.));
#1000 = LINE('',#1001,#1002);
#1001 = CARTESIAN_POINT('',(-51.6,-11.375,36.));
#1002 = VECTOR('',#1003,1.);
#1003 = DIRECTION('',(0.,-1.,0.));
#1004 = ORIENTED_EDGE('',*,*,#1005,.T.);
#1005 = EDGE_CURVE('',#998,#1006,#1008,.T.);
#1006 = VERTEX_POINT('',#1007);
#1007 = CARTESIAN_POINT('',(-51.6,9.75,41.));
#1008 = LINE('',#1009,#1010);
#1009 = CARTESIAN_POINT('',(-51.6,9.75,19.5));
#1010 = VECTOR('',#1011,1.);
#1011 = DIRECTION('',(0.,0.,1.));
#1012 = ORIENTED_EDGE('',*,*,#1013,.F.);
#1013 = EDGE_CURVE('',#1014,#1006,#1016,.T.);
#1014 = VERTEX_POINT('',#1015);
#1015 = CARTESIAN_POINT('',(-51.6,12.75,41.));
#1016 = LINE('',#1017,#1018);
#1017 = CARTESIAN_POINT('',(-51.6,-11.375,41.));
#1018 = VECTOR('',#1019,1.);
#1019 = DIRECTION('',(0.,-1.,0.));
#1020 = ORIENTED_EDGE('',*,*,#1021,.F.);
#1021 = EDGE_CURVE('',#996,#1014,#1022,.T.);
#1022 = LINE('',#1023,#1024);
#1023 = CARTESIAN_POINT('',(-51.6,12.75,19.5));
#1024 = VECTOR('',#1025,1.);
#1025 = DIRECTION('',(0.,0.,1.));
#1026 = FACE_BOUND('',#1027,.T.);
#1027 = EDGE_LOOP('',(#1028,#1038,#1046,#1054));
#1028 = ORIENTED_EDGE('',*,*,#1029,.T.);
#1029 = EDGE_CURVE('',#1030,#1032,#1034,.T.);
#1030 = VERTEX_POINT('',#1031);
#1031 = CARTESIAN_POINT('',(-51.6,-9.75,36.));
#1032 = VERTEX_POINT('',#1033);
#1033 = CARTESIAN_POINT('',(-51.6,-12.75,36.));
#1034 = LINE('',#1035,#1036);
#1035 = CARTESIAN_POINT('',(-51.6,-22.625,36.));
#1036 = VECTOR('',#1037,1.);
#1037 = DIRECTION('',(0.,-1.,0.));
#1038 = ORIENTED_EDGE('',*,*,#1039,.T.);
#1039 = EDGE_CURVE('',#1032,#1040,#1042,.T.);
#1040 = VERTEX_POINT('',#1041);
#1041 = CARTESIAN_POINT('',(-51.6,-12.75,41.));
#1042 = LINE('',#1043,#1044);
#1043 = CARTESIAN_POINT('',(-51.6,-12.75,19.5));
#1044 = VECTOR('',#1045,1.);
#1045 = DIRECTION('',(0.,0.,1.));
#1046 = ORIENTED_EDGE('',*,*,#1047,.F.);
#1047 = EDGE_CURVE('',#1048,#1040,#1050,.T.);
#1048 = VERTEX_POINT('',#1049);
#1049 = CARTESIAN_POINT('',(-51.6,-9.75,41.));
#1050 = LINE('',#1051,#1052);
#1051 = CARTESIAN_POINT('',(-51.6,-22.625,41.));
#1052 = VECTOR('',#1053,1.);
#1053 = DIRECTION('',(0.,-1.,0.));
#1054 = ORIENTED_EDGE('',*,*,#1055,.F.);
#1055 = EDGE_CURVE('',#1030,#1048,#1056,.T.);
#1056 = LINE('',#1057,#1058);
#1057 = CARTESIAN_POINT('',(-51.6,-9.75,19.5));
#1058 = VECTOR('',#1059,1.);
#1059 = DIRECTION('',(0.,0.,1.));
#1060 = FACE_BOUND('',#1061,.T.);
#1061 = EDGE_LOOP('',(#1062,#1072,#1080,#1088));
#1062 = ORIENTED_EDGE('',*,*,#1063,.T.);
#1063 = EDGE_CURVE('',#1064,#1066,#1068,.T.);
#1064 = VERTEX_POINT('',#1065);
#1065 = CARTESIAN_POINT('',(-51.6,-28.5,36.));
#1066 = VERTEX_POINT('',#1067);
#1067 = CARTESIAN_POINT('',(-51.6,-31.5,36.));
#1068 = LINE('',#1069,#1070);
#1069 = CARTESIAN_POINT('',(-51.6,-32.,36.));
#1070 = VECTOR('',#1071,1.);
#1071 = DIRECTION('',(0.,-1.,0.));
#1072 = ORIENTED_EDGE('',*,*,#1073,.T.);
#1073 = EDGE_CURVE('',#1066,#1074,#1076,.T.);
#1074 = VERTEX_POINT('',#1075);
#1075 = CARTESIAN_POINT('',(-51.6,-31.5,41.));
#1076 = LINE('',#1077,#1078);
#1077 = CARTESIAN_POINT('',(-51.6,-31.5,19.5));
#1078 = VECTOR('',#1079,1.);
#1079 = DIRECTION('',(0.,0.,1.));
#1080 = ORIENTED_EDGE('',*,*,#1081,.F.);
#1081 = EDGE_CURVE('',#1082,#1074,#1084,.T.);
#1082 = VERTEX_POINT('',#1083);
#1083 = CARTESIAN_POINT('',(-51.6,-28.5,41.));
#1084 = LINE('',#1085,#1086);
#1085 = CARTESIAN_POINT('',(-51.6,-32.,41.));
#1086 = VECTOR('',#1087,1.);
#1087 = DIRECTION('',(0.,-1.,0.));
#1088 = ORIENTED_EDGE('',*,*,#1089,.F.);
#1089 = EDGE_CURVE('',#1064,#1082,#1090,.T.);
#1090 = LINE('',#1091,#1092);
#1091 = CARTESIAN_POINT('',(-51.6,-28.5,19.5));
#1092 = VECTOR('',#1093,1.);
#1093 = DIRECTION('',(0.,0.,1.));
#1094 = FACE_BOUND('',#1095,.T.);
#1095 = EDGE_LOOP('',(#1096,#1106,#1114,#1122));
#1096 = ORIENTED_EDGE('',*,*,#1097,.T.);
#1097 = EDGE_CURVE('',#1098,#1100,#1102,.T.);
#1098 = VERTEX_POINT('',#1099);
#1099 = CARTESIAN_POINT('',(-51.6,-18.5,40.));
#1100 = VERTEX_POINT('',#1101);
#1101 = CARTESIAN_POINT('',(-51.6,-21.5,40.));
#1102 = LINE('',#1103,#1104);
#1103 = CARTESIAN_POINT('',(-51.6,-27.,40.));
#1104 = VECTOR('',#1105,1.);
#1105 = DIRECTION('',(0.,-1.,0.));
#1106 = ORIENTED_EDGE('',*,*,#1107,.T.);
#1107 = EDGE_CURVE('',#1100,#1108,#1110,.T.);
#1108 = VERTEX_POINT('',#1109);
#1109 = CARTESIAN_POINT('',(-51.6,-21.5,41.));
#1110 = LINE('',#1111,#1112);
#1111 = CARTESIAN_POINT('',(-51.6,-21.5,21.5));
#1112 = VECTOR('',#1113,1.);
#1113 = DIRECTION('',(0.,0.,1.));
#1114 = ORIENTED_EDGE('',*,*,#1115,.F.);
#1115 = EDGE_CURVE('',#1116,#1108,#1118,.T.);
#1116 = VERTEX_POINT('',#1117);
#1117 = CARTESIAN_POINT('',(-51.6,-18.5,41.));
#1118 = LINE('',#1119,#1120);
#1119 = CARTESIAN_POINT('',(-51.6,-27.,41.));
#1120 = VECTOR('',#1121,1.);
#1121 = DIRECTION('',(0.,-1.,0.));
#1122 = ORIENTED_EDGE('',*,*,#1123,.F.);
#1123 = EDGE_CURVE('',#1098,#1116,#1124,.T.);
#1124 = LINE('',#1125,#1126);
#1125 = CARTESIAN_POINT('',(-51.6,-18.5,21.5));
#1126 = VECTOR('',#1127,1.);
#1127 = DIRECTION('',(0.,0.,1.));
#1128 = PLANE('',#1129);
#1129 = AXIS2_PLACEMENT_3D('',#1130,#1131,#1132);
#1130 = CARTESIAN_POINT('',(-51.6,-32.5,3.));
#1131 = DIRECTION('',(1.,0.,0.));
#1132 = DIRECTION('',(0.,0.,1.));
#1133 = ADVANCED_FACE('',(#1134),#1153,.F.);
#1134 = FACE_BOUND('',#1135,.F.);
#1135 = EDGE_LOOP('',(#1136,#1144,#1151,#1152));
#1136 = ORIENTED_EDGE('',*,*,#1137,.T.);
#1137 = EDGE_CURVE('',#277,#1138,#1140,.T.);
#1138 = VERTEX_POINT('',#1139);
#1139 = CARTESIAN_POINT('',(46.4,-36.,1.3));
#1140 = LINE('',#1141,#1142);
#1141 = CARTESIAN_POINT('',(46.4,-36.,-0.1));
#1142 = VECTOR('',#1143,1.);
#1143 = DIRECTION('',(0.,0.,1.));
#1144 = ORIENTED_EDGE('',*,*,#1145,.F.);
#1145 = EDGE_CURVE('',#1138,#1138,#1146,.T.);
#1146 = CIRCLE('',#1147,2.4);
#1147 = AXIS2_PLACEMENT_3D('',#1148,#1149,#1150);
#1148 = CARTESIAN_POINT('',(44.,-36.,1.3));
#1149 = DIRECTION('',(0.,0.,1.));
#1150 = DIRECTION('',(1.,0.,0.));
#1151 = ORIENTED_EDGE('',*,*,#1137,.F.);
#1152 = ORIENTED_EDGE('',*,*,#276,.T.);
#1153 = CYLINDRICAL_SURFACE('',#1154,2.4);
#1154 = AXIS2_PLACEMENT_3D('',#1155,#1156,#1157);
#1155 = CARTESIAN_POINT('',(44.,-36.,-0.1));
#1156 = DIRECTION('',(0.,0.,1.));
#1157 = DIRECTION('',(1.,0.,0.));
#1158 = ADVANCED_FACE('',(#1159),#1184,.F.);
#1159 = FACE_BOUND('',#1160,.F.);
#1160 = EDGE_LOOP('',(#1161,#1169,#1170,#1178));
#1161 = ORIENTED_EDGE('',*,*,#1162,.F.);
#1162 = EDGE_CURVE('',#290,#1163,#1165,.T.);
#1163 = VERTEX_POINT('',#1164);
#1164 = CARTESIAN_POINT('',(11.031664199358,-1.692597114673,1.));
#1165 = LINE('',#1166,#1167);
#1166 = CARTESIAN_POINT('',(11.031664199358,-1.692597114673,-0.2));
#1167 = VECTOR('',#1168,1.);
#1168 = DIRECTION('',(0.,0.,1.));
#1169 = ORIENTED_EDGE('',*,*,#287,.F.);
#1170 = ORIENTED_EDGE('',*,*,#1171,.T.);
#1171 = EDGE_CURVE('',#288,#1172,#1174,.T.);
#1172 = VERTEX_POINT('',#1173);
#1173 = CARTESIAN_POINT('',(9.472818472546,-0.792597114673,1.));
#1174 = LINE('',#1175,#1176);
#1175 = CARTESIAN_POINT('',(9.472818472546,-0.792597114673,-0.2));
#1176 = VECTOR('',#1177,1.);
#1177 = DIRECTION('',(0.,0.,1.));
#1178 = ORIENTED_EDGE('',*,*,#1179,.T.);
#1179 = EDGE_CURVE('',#1172,#1163,#1180,.T.);
#1180 = LINE('',#1181,#1182);
#1181 = CARTESIAN_POINT('',(8.996504500465,-0.517597114673,1.));
#1182 = VECTOR('',#1183,1.);
#1183 = DIRECTION('',(0.866025403784,-0.5,0.));
#1184 = PLANE('',#1185);
#1185 = AXIS2_PLACEMENT_3D('',#1186,#1187,#1188);
#1186 = CARTESIAN_POINT('',(9.472818472546,-0.792597114673,-0.2));
#1187 = DIRECTION('',(0.5,0.866025403784,0.));
#1188 = DIRECTION('',(0.,0.,1.));
#1189 = ADVANCED_FACE('',(#1190),#1208,.T.);
#1190 = FACE_BOUND('',#1191,.T.);
#1191 = EDGE_LOOP('',(#1192,#1200,#1201,#1202));
#1192 = ORIENTED_EDGE('',*,*,#1193,.F.);
#1193 = EDGE_CURVE('',#298,#1194,#1196,.T.);
#1194 = VERTEX_POINT('',#1195);
#1195 = CARTESIAN_POINT('',(5.422818472546,-7.807402885327,1.));
#1196 = LINE('',#1197,#1198);
#1197 = CARTESIAN_POINT('',(5.422818472546,-7.807402885327,-0.2));
#1198 = VECTOR('',#1199,1.);
#1199 = DIRECTION('',(0.,0.,1.));
#1200 = ORIENTED_EDGE('',*,*,#297,.F.);
#1201 = ORIENTED_EDGE('',*,*,#1171,.T.);
#1202 = ORIENTED_EDGE('',*,*,#1203,.T.);
#1203 = EDGE_CURVE('',#1172,#1194,#1204,.T.);
#1204 = LINE('',#1205,#1206);
#1205 = CARTESIAN_POINT('',(4.997818472546,-8.543524478544,1.));
#1206 = VECTOR('',#1207,1.);
#1207 = DIRECTION('',(-0.5,-0.866025403784,0.));
#1208 = PLANE('',#1209);
#1209 = AXIS2_PLACEMENT_3D('',#1210,#1211,#1212);
#1210 = CARTESIAN_POINT('',(5.422818472546,-7.807402885327,-0.2));
#1211 = DIRECTION('',(0.866025403784,-0.5,0.));
#1212 = DIRECTION('',(0.,0.,1.));
#1213 = ADVANCED_FACE('',(#1214),#1232,.F.);
#1214 = FACE_BOUND('',#1215,.F.);
#1215 = EDGE_LOOP('',(#1216,#1224,#1225,#1226));
#1216 = ORIENTED_EDGE('',*,*,#1217,.F.);
#1217 = EDGE_CURVE('',#306,#1218,#1220,.T.);
#1218 = VERTEX_POINT('',#1219);
#1219 = CARTESIAN_POINT('',(6.981664199358,-8.707402885327,1.));
#1220 = LINE('',#1221,#1222);
#1221 = CARTESIAN_POINT('',(6.981664199358,-8.707402885327,-0.2));
#1222 = VECTOR('',#1223,1.);
#1223 = DIRECTION('',(0.,0.,1.));
#1224 = ORIENTED_EDGE('',*,*,#313,.F.);
#1225 = ORIENTED_EDGE('',*,*,#1162,.T.);
#1226 = ORIENTED_EDGE('',*,*,#1227,.T.);
#1227 = EDGE_CURVE('',#1163,#1218,#1228,.T.);
#1228 = LINE('',#1229,#1230);
#1229 = CARTESIAN_POINT('',(6.556664199358,-9.443524478544,1.));
#1230 = VECTOR('',#1231,1.);
#1231 = DIRECTION('',(-0.5,-0.866025403784,0.));
#1232 = PLANE('',#1233);
#1233 = AXIS2_PLACEMENT_3D('',#1234,#1235,#1236);
#1234 = CARTESIAN_POINT('',(6.981664199358,-8.707402885327,-0.2));
#1235 = DIRECTION('',(0.866025403784,-0.5,0.));
#1236 = DIRECTION('',(0.,0.,1.));
#1237 = ADVANCED_FACE('',(#1238),#1249,.T.);
#1238 = FACE_BOUND('',#1239,.T.);
#1239 = EDGE_LOOP('',(#1240,#1241,#1242,#1243));
#1240 = ORIENTED_EDGE('',*,*,#1217,.F.);
#1241 = ORIENTED_EDGE('',*,*,#305,.F.);
#1242 = ORIENTED_EDGE('',*,*,#1193,.T.);
#1243 = ORIENTED_EDGE('',*,*,#1244,.T.);
#1244 = EDGE_CURVE('',#1194,#1218,#1245,.T.);
#1245 = LINE('',#1246,#1247);
#1246 = CARTESIAN_POINT('',(4.946504500465,-7.532402885327,1.));
#1247 = VECTOR('',#1248,1.);
#1248 = DIRECTION('',(0.866025403784,-0.5,0.));
#1249 = PLANE('',#1250);
#1250 = AXIS2_PLACEMENT_3D('',#1251,#1252,#1253);
#1251 = CARTESIAN_POINT('',(5.422818472546,-7.807402885327,-0.2));
#1252 = DIRECTION('',(0.5,0.866025403784,0.));
#1253 = DIRECTION('',(0.,0.,1.));
#1254 = ADVANCED_FACE('',(#1255),#1274,.F.);
#1255 = FACE_BOUND('',#1256,.F.);
#1256 = EDGE_LOOP('',(#1257,#1265,#1272,#1273));
#1257 = ORIENTED_EDGE('',*,*,#1258,.T.);
#1258 = EDGE_CURVE('',#322,#1259,#1261,.T.);
#1259 = VERTEX_POINT('',#1260);
#1260 = CARTESIAN_POINT('',(-41.6,-36.,1.3));
#1261 = LINE('',#1262,#1263);
#1262 = CARTESIAN_POINT('',(-41.6,-36.,-0.1));
#1263 = VECTOR('',#1264,1.);
#1264 = DIRECTION('',(0.,0.,1.));
#1265 = ORIENTED_EDGE('',*,*,#1266,.F.);
#1266 = EDGE_CURVE('',#1259,#1259,#1267,.T.);
#1267 = CIRCLE('',#1268,2.4);
#1268 = AXIS2_PLACEMENT_3D('',#1269,#1270,#1271);
#1269 = CARTESIAN_POINT('',(-44.,-36.,1.3));
#1270 = DIRECTION('',(0.,0.,1.));
#1271 = DIRECTION('',(1.,0.,0.));
#1272 = ORIENTED_EDGE('',*,*,#1258,.F.);
#1273 = ORIENTED_EDGE('',*,*,#321,.T.);
#1274 = CYLINDRICAL_SURFACE('',#1275,2.4);
#1275 = AXIS2_PLACEMENT_3D('',#1276,#1277,#1278);
#1276 = CARTESIAN_POINT('',(-44.,-36.,-0.1));
#1277 = DIRECTION('',(0.,0.,1.));
#1278 = DIRECTION('',(1.,0.,0.));
#1279 = ADVANCED_FACE('',(#1280),#1305,.F.);
#1280 = FACE_BOUND('',#1281,.F.);
#1281 = EDGE_LOOP('',(#1282,#1290,#1291,#1299));
#1282 = ORIENTED_EDGE('',*,*,#1283,.F.);
#1283 = EDGE_CURVE('',#335,#1284,#1286,.T.);
#1284 = VERTEX_POINT('',#1285);
#1285 = CARTESIAN_POINT('',(-9.472818472546,-0.792597114673,1.));
#1286 = LINE('',#1287,#1288);
#1287 = CARTESIAN_POINT('',(-9.472818472546,-0.792597114673,-0.2));
#1288 = VECTOR('',#1289,1.);
#1289 = DIRECTION('',(0.,0.,1.));
#1290 = ORIENTED_EDGE('',*,*,#332,.F.);
#1291 = ORIENTED_EDGE('',*,*,#1292,.T.);
#1292 = EDGE_CURVE('',#333,#1293,#1295,.T.);
#1293 = VERTEX_POINT('',#1294);
#1294 = CARTESIAN_POINT('',(-11.03166419935,-1.692597114673,1.));
#1295 = LINE('',#1296,#1297);
#1296 = CARTESIAN_POINT('',(-11.03166419935,-1.692597114673,-0.2));
#1297 = VECTOR('',#1298,1.);
#1298 = DIRECTION('',(0.,0.,1.));
#1299 = ORIENTED_EDGE('',*,*,#1300,.T.);
#1300 = EDGE_CURVE('',#1293,#1284,#1301,.T.);
#1301 = LINE('',#1302,#1303);
#1302 = CARTESIAN_POINT('',(-11.50797817144,-1.967597114673,1.));
#1303 = VECTOR('',#1304,1.);
#1304 = DIRECTION('',(0.866025403784,0.5,0.));
#1305 = PLANE('',#1306);
#1306 = AXIS2_PLACEMENT_3D('',#1307,#1308,#1309);
#1307 = CARTESIAN_POINT('',(-11.03166419935,-1.692597114673,-0.2));
#1308 = DIRECTION('',(-0.5,0.866025403784,0.));
#1309 = DIRECTION('',(0.,0.,1.));
#1310 = ADVANCED_FACE('',(#1311),#1329,.T.);
#1311 = FACE_BOUND('',#1312,.T.);
#1312 = EDGE_LOOP('',(#1313,#1321,#1322,#1323));
#1313 = ORIENTED_EDGE('',*,*,#1314,.F.);
#1314 = EDGE_CURVE('',#343,#1315,#1317,.T.);
#1315 = VERTEX_POINT('',#1316);
#1316 = CARTESIAN_POINT('',(-6.981664199358,-8.707402885327,1.));
#1317 = LINE('',#1318,#1319);
#1318 = CARTESIAN_POINT('',(-6.981664199358,-8.707402885327,-0.2));
#1319 = VECTOR('',#1320,1.);
#1320 = DIRECTION('',(0.,0.,1.));
#1321 = ORIENTED_EDGE('',*,*,#342,.F.);
#1322 = ORIENTED_EDGE('',*,*,#1292,.T.);
#1323 = ORIENTED_EDGE('',*,*,#1324,.T.);
#1324 = EDGE_CURVE('',#1293,#1315,#1325,.T.);
#1325 = LINE('',#1326,#1327);
#1326 = CARTESIAN_POINT('',(-6.556664199358,-9.443524478544,1.));
#1327 = VECTOR('',#1328,1.);
#1328 = DIRECTION('',(0.5,-0.866025403784,0.));
#1329 = PLANE('',#1330);
#1330 = AXIS2_PLACEMENT_3D('',#1331,#1332,#1333);
#1331 = CARTESIAN_POINT('',(-6.981664199358,-8.707402885327,-0.2));
#1332 = DIRECTION('',(0.866025403784,0.5,0.));
#1333 = DIRECTION('',(0.,0.,1.));
#1334 = ADVANCED_FACE('',(#1335),#1353,.F.);
#1335 = FACE_BOUND('',#1336,.F.);
#1336 = EDGE_LOOP('',(#1337,#1345,#1346,#1347));
#1337 = ORIENTED_EDGE('',*,*,#1338,.F.);
#1338 = EDGE_CURVE('',#351,#1339,#1341,.T.);
#1339 = VERTEX_POINT('',#1340);
#1340 = CARTESIAN_POINT('',(-5.422818472546,-7.807402885327,1.));
#1341 = LINE('',#1342,#1343);
#1342 = CARTESIAN_POINT('',(-5.422818472546,-7.807402885327,-0.2));
#1343 = VECTOR('',#1344,1.);
#1344 = DIRECTION('',(0.,0.,1.));
#1345 = ORIENTED_EDGE('',*,*,#358,.F.);
#1346 = ORIENTED_EDGE('',*,*,#1283,.T.);
#1347 = ORIENTED_EDGE('',*,*,#1348,.T.);
#1348 = EDGE_CURVE('',#1284,#1339,#1349,.T.);
#1349 = LINE('',#1350,#1351);
#1350 = CARTESIAN_POINT('',(-4.997818472546,-8.543524478544,1.));
#1351 = VECTOR('',#1352,1.);
#1352 = DIRECTION('',(0.5,-0.866025403784,0.));
#1353 = PLANE('',#1354);
#1354 = AXIS2_PLACEMENT_3D('',#1355,#1356,#1357);
#1355 = CARTESIAN_POINT('',(-5.422818472546,-7.807402885327,-0.2));
#1356 = DIRECTION('',(0.866025403784,0.5,0.));
#1357 = DIRECTION('',(0.,0.,1.));
#1358 = ADVANCED_FACE('',(#1359),#1370,.T.);
#1359 = FACE_BOUND('',#1360,.T.);
#1360 = EDGE_LOOP('',(#1361,#1362,#1363,#1364));
#1361 = ORIENTED_EDGE('',*,*,#1338,.F.);
#1362 = ORIENTED_EDGE('',*,*,#350,.F.);
#1363 = ORIENTED_EDGE('',*,*,#1314,.T.);
#1364 = ORIENTED_EDGE('',*,*,#1365,.T.);
#1365 = EDGE_CURVE('',#1315,#1339,#1366,.T.);
#1366 = LINE('',#1367,#1368);
#1367 = CARTESIAN_POINT('',(-7.45797817144,-8.982402885327,1.));
#1368 = VECTOR('',#1369,1.);
#1369 = DIRECTION('',(0.866025403784,0.5,0.));
#1370 = PLANE('',#1371);
#1371 = AXIS2_PLACEMENT_3D('',#1372,#1373,#1374);
#1372 = CARTESIAN_POINT('',(-6.981664199358,-8.707402885327,-0.2));
#1373 = DIRECTION('',(-0.5,0.866025403784,0.));
#1374 = DIRECTION('',(0.,0.,1.));
#1375 = ADVANCED_FACE('',(#1376),#1395,.F.);
#1376 = FACE_BOUND('',#1377,.F.);
#1377 = EDGE_LOOP('',(#1378,#1386,#1393,#1394));
#1378 = ORIENTED_EDGE('',*,*,#1379,.T.);
#1379 = EDGE_CURVE('',#367,#1380,#1382,.T.);
#1380 = VERTEX_POINT('',#1381);
#1381 = CARTESIAN_POINT('',(46.4,36.,1.3));
#1382 = LINE('',#1383,#1384);
#1383 = CARTESIAN_POINT('',(46.4,36.,-0.1));
#1384 = VECTOR('',#1385,1.);
#1385 = DIRECTION('',(0.,0.,1.));
#1386 = ORIENTED_EDGE('',*,*,#1387,.F.);
#1387 = EDGE_CURVE('',#1380,#1380,#1388,.T.);
#1388 = CIRCLE('',#1389,2.4);
#1389 = AXIS2_PLACEMENT_3D('',#1390,#1391,#1392);
#1390 = CARTESIAN_POINT('',(44.,36.,1.3));
#1391 = DIRECTION('',(0.,0.,1.));
#1392 = DIRECTION('',(1.,0.,0.));
#1393 = ORIENTED_EDGE('',*,*,#1379,.F.);
#1394 = ORIENTED_EDGE('',*,*,#366,.T.);
#1395 = CYLINDRICAL_SURFACE('',#1396,2.4);
#1396 = AXIS2_PLACEMENT_3D('',#1397,#1398,#1399);
#1397 = CARTESIAN_POINT('',(44.,36.,-0.1));
#1398 = DIRECTION('',(0.,0.,1.));
#1399 = DIRECTION('',(1.,0.,0.));
#1400 = ADVANCED_FACE('',(#1401),#1426,.F.);
#1401 = FACE_BOUND('',#1402,.F.);
#1402 = EDGE_LOOP('',(#1403,#1411,#1412,#1420));
#1403 = ORIENTED_EDGE('',*,*,#1404,.F.);
#1404 = EDGE_CURVE('',#380,#1405,#1407,.T.);
#1405 = VERTEX_POINT('',#1406);
#1406 = CARTESIAN_POINT('',(0.9,15.15,1.));
#1407 = LINE('',#1408,#1409);
#1408 = CARTESIAN_POINT('',(0.9,15.15,-0.2));
#1409 = VECTOR('',#1410,1.);
#1410 = DIRECTION('',(0.,0.,1.));
#1411 = ORIENTED_EDGE('',*,*,#377,.F.);
#1412 = ORIENTED_EDGE('',*,*,#1413,.T.);
#1413 = EDGE_CURVE('',#378,#1414,#1416,.T.);
#1414 = VERTEX_POINT('',#1415);
#1415 = CARTESIAN_POINT('',(-0.9,15.15,1.));
#1416 = LINE('',#1417,#1418);
#1417 = CARTESIAN_POINT('',(-0.9,15.15,-0.2));
#1418 = VECTOR('',#1419,1.);
#1419 = DIRECTION('',(0.,0.,1.));
#1420 = ORIENTED_EDGE('',*,*,#1421,.T.);
#1421 = EDGE_CURVE('',#1414,#1405,#1422,.T.);
#1422 = LINE('',#1423,#1424);
#1423 = CARTESIAN_POINT('',(-1.45,15.15,1.));
#1424 = VECTOR('',#1425,1.);
#1425 = DIRECTION('',(1.,0.,0.));
#1426 = PLANE('',#1427);
#1427 = AXIS2_PLACEMENT_3D('',#1428,#1429,#1430);
#1428 = CARTESIAN_POINT('',(-0.9,15.15,-0.2));
#1429 = DIRECTION('',(0.,1.,0.));
#1430 = DIRECTION('',(0.,0.,1.));
#1431 = ADVANCED_FACE('',(#1432),#1450,.T.);
#1432 = FACE_BOUND('',#1433,.T.);
#1433 = EDGE_LOOP('',(#1434,#1442,#1443,#1444));
#1434 = ORIENTED_EDGE('',*,*,#1435,.F.);
#1435 = EDGE_CURVE('',#388,#1436,#1438,.T.);
#1436 = VERTEX_POINT('',#1437);
#1437 = CARTESIAN_POINT('',(-0.9,7.05,1.));
#1438 = LINE('',#1439,#1440);
#1439 = CARTESIAN_POINT('',(-0.9,7.05,-0.2));
#1440 = VECTOR('',#1441,1.);
#1441 = DIRECTION('',(0.,0.,1.));
#1442 = ORIENTED_EDGE('',*,*,#387,.F.);
#1443 = ORIENTED_EDGE('',*,*,#1413,.T.);
#1444 = ORIENTED_EDGE('',*,*,#1445,.T.);
#1445 = EDGE_CURVE('',#1414,#1436,#1446,.T.);
#1446 = LINE('',#1447,#1448);
#1447 = CARTESIAN_POINT('',(-0.9,6.2,1.));
#1448 = VECTOR('',#1449,1.);
#1449 = DIRECTION('',(0.,-1.,0.));
#1450 = PLANE('',#1451);
#1451 = AXIS2_PLACEMENT_3D('',#1452,#1453,#1454);
#1452 = CARTESIAN_POINT('',(-0.9,7.05,-0.2));
#1453 = DIRECTION('',(1.,0.,0.));
#1454 = DIRECTION('',(0.,0.,1.));
#1455 = ADVANCED_FACE('',(#1456),#1474,.F.);
#1456 = FACE_BOUND('',#1457,.F.);
#1457 = EDGE_LOOP('',(#1458,#1466,#1467,#1468));
#1458 = ORIENTED_EDGE('',*,*,#1459,.F.);
#1459 = EDGE_CURVE('',#396,#1460,#1462,.T.);
#1460 = VERTEX_POINT('',#1461);
#1461 = CARTESIAN_POINT('',(0.9,7.05,1.));
#1462 = LINE('',#1463,#1464);
#1463 = CARTESIAN_POINT('',(0.9,7.05,-0.2));
#1464 = VECTOR('',#1465,1.);
#1465 = DIRECTION('',(0.,0.,1.));
#1466 = ORIENTED_EDGE('',*,*,#403,.F.);
#1467 = ORIENTED_EDGE('',*,*,#1404,.T.);
#1468 = ORIENTED_EDGE('',*,*,#1469,.T.);
#1469 = EDGE_CURVE('',#1405,#1460,#1470,.T.);
#1470 = LINE('',#1471,#1472);
#1471 = CARTESIAN_POINT('',(0.9,6.2,1.));
#1472 = VECTOR('',#1473,1.);
#1473 = DIRECTION('',(0.,-1.,0.));
#1474 = PLANE('',#1475);
#1475 = AXIS2_PLACEMENT_3D('',#1476,#1477,#1478);
#1476 = CARTESIAN_POINT('',(0.9,7.05,-0.2));
#1477 = DIRECTION('',(1.,0.,0.));
#1478 = DIRECTION('',(0.,0.,1.));
#1479 = ADVANCED_FACE('',(#1480),#1491,.T.);
#1480 = FACE_BOUND('',#1481,.T.);
#1481 = EDGE_LOOP('',(#1482,#1483,#1484,#1485));
#1482 = ORIENTED_EDGE('',*,*,#1459,.F.);
#1483 = ORIENTED_EDGE('',*,*,#395,.F.);
#1484 = ORIENTED_EDGE('',*,*,#1435,.T.);
#1485 = ORIENTED_EDGE('',*,*,#1486,.T.);
#1486 = EDGE_CURVE('',#1436,#1460,#1487,.T.);
#1487 = LINE('',#1488,#1489);
#1488 = CARTESIAN_POINT('',(-1.45,7.05,1.));
#1489 = VECTOR('',#1490,1.);
#1490 = DIRECTION('',(1.,0.,0.));
#1491 = PLANE('',#1492);
#1492 = AXIS2_PLACEMENT_3D('',#1493,#1494,#1495);
#1493 = CARTESIAN_POINT('',(-0.9,7.05,-0.2));
#1494 = DIRECTION('',(0.,1.,0.));
#1495 = DIRECTION('',(0.,0.,1.));
#1496 = ADVANCED_FACE('',(#1497),#1516,.F.);
#1497 = FACE_BOUND('',#1498,.F.);
#1498 = EDGE_LOOP('',(#1499,#1507,#1514,#1515));
#1499 = ORIENTED_EDGE('',*,*,#1500,.T.);
#1500 = EDGE_CURVE('',#412,#1501,#1503,.T.);
#1501 = VERTEX_POINT('',#1502);
#1502 = CARTESIAN_POINT('',(-41.6,36.,1.3));
#1503 = LINE('',#1504,#1505);
#1504 = CARTESIAN_POINT('',(-41.6,36.,-0.1));
#1505 = VECTOR('',#1506,1.);
#1506 = DIRECTION('',(0.,0.,1.));
#1507 = ORIENTED_EDGE('',*,*,#1508,.F.);
#1508 = EDGE_CURVE('',#1501,#1501,#1509,.T.);
#1509 = CIRCLE('',#1510,2.4);
#1510 = AXIS2_PLACEMENT_3D('',#1511,#1512,#1513);
#1511 = CARTESIAN_POINT('',(-44.,36.,1.3));
#1512 = DIRECTION('',(0.,0.,1.));
#1513 = DIRECTION('',(1.,0.,0.));
#1514 = ORIENTED_EDGE('',*,*,#1500,.F.);
#1515 = ORIENTED_EDGE('',*,*,#411,.T.);
#1516 = CYLINDRICAL_SURFACE('',#1517,2.4);
#1517 = AXIS2_PLACEMENT_3D('',#1518,#1519,#1520);
#1518 = CARTESIAN_POINT('',(-44.,36.,-0.1));
#1519 = DIRECTION('',(0.,0.,1.));
#1520 = DIRECTION('',(1.,0.,0.));
#1521 = ADVANCED_FACE('',(#1522,#1624,#1635,#1669,#1680,#1691,#1702,
    #1736,#1747,#1781),#1792,.F.);
#1522 = FACE_BOUND('',#1523,.F.);
#1523 = EDGE_LOOP('',(#1524,#1525,#1526,#1527,#1528,#1536,#1544,#1550,
    #1551,#1559,#1567,#1573,#1574,#1575,#1576,#1577,#1578,#1586,#1594,
    #1600,#1601,#1609,#1617,#1623));
#1524 = ORIENTED_EDGE('',*,*,#534,.F.);
#1525 = ORIENTED_EDGE('',*,*,#901,.T.);
#1526 = ORIENTED_EDGE('',*,*,#877,.F.);
#1527 = ORIENTED_EDGE('',*,*,#787,.T.);
#1528 = ORIENTED_EDGE('',*,*,#1529,.F.);
#1529 = EDGE_CURVE('',#1530,#790,#1532,.T.);
#1530 = VERTEX_POINT('',#1531);
#1531 = CARTESIAN_POINT('',(-27.5,43.2,3.));
#1532 = LINE('',#1533,#1534);
#1533 = CARTESIAN_POINT('',(-27.5,43.2,3.));
#1534 = VECTOR('',#1535,1.);
#1535 = DIRECTION('',(0.,1.,0.));
#1536 = ORIENTED_EDGE('',*,*,#1537,.T.);
#1537 = EDGE_CURVE('',#1530,#1538,#1540,.T.);
#1538 = VERTEX_POINT('',#1539);
#1539 = CARTESIAN_POINT('',(-22.5,43.2,3.));
#1540 = LINE('',#1541,#1542);
#1541 = CARTESIAN_POINT('',(-27.5,43.2,3.));
#1542 = VECTOR('',#1543,1.);
#1543 = DIRECTION('',(1.,0.,0.));
#1544 = ORIENTED_EDGE('',*,*,#1545,.T.);
#1545 = EDGE_CURVE('',#1538,#838,#1546,.T.);
#1546 = LINE('',#1547,#1548);
#1547 = CARTESIAN_POINT('',(-22.5,43.2,3.));
#1548 = VECTOR('',#1549,1.);
#1549 = DIRECTION('',(0.,1.,0.));
#1550 = ORIENTED_EDGE('',*,*,#837,.T.);
#1551 = ORIENTED_EDGE('',*,*,#1552,.F.);
#1552 = EDGE_CURVE('',#1553,#830,#1555,.T.);
#1553 = VERTEX_POINT('',#1554);
#1554 = CARTESIAN_POINT('',(22.5,43.2,3.));
#1555 = LINE('',#1556,#1557);
#1556 = CARTESIAN_POINT('',(22.5,43.2,3.));
#1557 = VECTOR('',#1558,1.);
#1558 = DIRECTION('',(0.,1.,0.));
#1559 = ORIENTED_EDGE('',*,*,#1560,.T.);
#1560 = EDGE_CURVE('',#1553,#1561,#1563,.T.);
#1561 = VERTEX_POINT('',#1562);
#1562 = CARTESIAN_POINT('',(27.5,43.2,3.));
#1563 = LINE('',#1564,#1565);
#1564 = CARTESIAN_POINT('',(22.5,43.2,3.));
#1565 = VECTOR('',#1566,1.);
#1566 = DIRECTION('',(1.,0.,0.));
#1567 = ORIENTED_EDGE('',*,*,#1568,.T.);
#1568 = EDGE_CURVE('',#1561,#806,#1569,.T.);
#1569 = LINE('',#1570,#1571);
#1570 = CARTESIAN_POINT('',(27.5,43.2,3.));
#1571 = VECTOR('',#1572,1.);
#1572 = DIRECTION('',(0.,1.,0.));
#1573 = ORIENTED_EDGE('',*,*,#805,.T.);
#1574 = ORIENTED_EDGE('',*,*,#764,.F.);
#1575 = ORIENTED_EDGE('',*,*,#671,.F.);
#1576 = ORIENTED_EDGE('',*,*,#645,.F.);
#1577 = ORIENTED_EDGE('',*,*,#575,.F.);
#1578 = ORIENTED_EDGE('',*,*,#1579,.T.);
#1579 = EDGE_CURVE('',#576,#1580,#1582,.T.);
#1580 = VERTEX_POINT('',#1581);
#1581 = CARTESIAN_POINT('',(27.5,-43.2,3.));
#1582 = LINE('',#1583,#1584);
#1583 = CARTESIAN_POINT('',(27.5,-44.2,3.));
#1584 = VECTOR('',#1585,1.);
#1585 = DIRECTION('',(0.,1.,0.));
#1586 = ORIENTED_EDGE('',*,*,#1587,.F.);
#1587 = EDGE_CURVE('',#1588,#1580,#1590,.T.);
#1588 = VERTEX_POINT('',#1589);
#1589 = CARTESIAN_POINT('',(22.5,-43.2,3.));
#1590 = LINE('',#1591,#1592);
#1591 = CARTESIAN_POINT('',(22.5,-43.2,3.));
#1592 = VECTOR('',#1593,1.);
#1593 = DIRECTION('',(1.,0.,0.));
#1594 = ORIENTED_EDGE('',*,*,#1595,.F.);
#1595 = EDGE_CURVE('',#600,#1588,#1596,.T.);
#1596 = LINE('',#1597,#1598);
#1597 = CARTESIAN_POINT('',(22.5,-44.2,3.));
#1598 = VECTOR('',#1599,1.);
#1599 = DIRECTION('',(0.,1.,0.));
#1600 = ORIENTED_EDGE('',*,*,#607,.F.);
#1601 = ORIENTED_EDGE('',*,*,#1602,.T.);
#1602 = EDGE_CURVE('',#608,#1603,#1605,.T.);
#1603 = VERTEX_POINT('',#1604);
#1604 = CARTESIAN_POINT('',(-22.5,-43.2,3.));
#1605 = LINE('',#1606,#1607);
#1606 = CARTESIAN_POINT('',(-22.5,-44.2,3.));
#1607 = VECTOR('',#1608,1.);
#1608 = DIRECTION('',(0.,1.,0.));
#1609 = ORIENTED_EDGE('',*,*,#1610,.F.);
#1610 = EDGE_CURVE('',#1611,#1603,#1613,.T.);
#1611 = VERTEX_POINT('',#1612);
#1612 = CARTESIAN_POINT('',(-27.5,-43.2,3.));
#1613 = LINE('',#1614,#1615);
#1614 = CARTESIAN_POINT('',(-27.5,-43.2,3.));
#1615 = VECTOR('',#1616,1.);
#1616 = DIRECTION('',(1.,0.,0.));
#1617 = ORIENTED_EDGE('',*,*,#1618,.F.);
#1618 = EDGE_CURVE('',#558,#1611,#1619,.T.);
#1619 = LINE('',#1620,#1621);
#1620 = CARTESIAN_POINT('',(-27.5,-44.2,3.));
#1621 = VECTOR('',#1622,1.);
#1622 = DIRECTION('',(0.,1.,0.));
#1623 = ORIENTED_EDGE('',*,*,#557,.F.);
#1624 = FACE_BOUND('',#1625,.F.);
#1625 = EDGE_LOOP('',(#1626));
#1626 = ORIENTED_EDGE('',*,*,#1627,.T.);
#1627 = EDGE_CURVE('',#1628,#1628,#1630,.T.);
#1628 = VERTEX_POINT('',#1629);
#1629 = CARTESIAN_POINT('',(47.1,-36.,3.));
#1630 = CIRCLE('',#1631,3.1);
#1631 = AXIS2_PLACEMENT_3D('',#1632,#1633,#1634);
#1632 = CARTESIAN_POINT('',(44.,-36.,3.));
#1633 = DIRECTION('',(0.,0.,1.));
#1634 = DIRECTION('',(1.,0.,0.));
#1635 = FACE_BOUND('',#1636,.F.);
#1636 = EDGE_LOOP('',(#1637,#1647,#1655,#1663));
#1637 = ORIENTED_EDGE('',*,*,#1638,.F.);
#1638 = EDGE_CURVE('',#1639,#1641,#1643,.T.);
#1639 = VERTEX_POINT('',#1640);
#1640 = CARTESIAN_POINT('',(9.472818472546,-0.792597114673,3.));
#1641 = VERTEX_POINT('',#1642);
#1642 = CARTESIAN_POINT('',(11.031664199358,-1.692597114673,3.));
#1643 = LINE('',#1644,#1645);
#1644 = CARTESIAN_POINT('',(5.748909236273,1.357402885327,3.));
#1645 = VECTOR('',#1646,1.);
#1646 = DIRECTION('',(0.866025403784,-0.5,0.));
#1647 = ORIENTED_EDGE('',*,*,#1648,.T.);
#1648 = EDGE_CURVE('',#1639,#1649,#1651,.T.);
#1649 = VERTEX_POINT('',#1650);
#1650 = CARTESIAN_POINT('',(5.422818472546,-7.807402885327,3.));
#1651 = LINE('',#1652,#1653);
#1652 = CARTESIAN_POINT('',(6.435318472546,-6.053701442663,3.));
#1653 = VECTOR('',#1654,1.);
#1654 = DIRECTION('',(-0.5,-0.866025403784,0.));
#1655 = ORIENTED_EDGE('',*,*,#1656,.T.);
#1656 = EDGE_CURVE('',#1649,#1657,#1659,.T.);
#1657 = VERTEX_POINT('',#1658);
#1658 = CARTESIAN_POINT('',(6.981664199358,-8.707402885327,3.));
#1659 = LINE('',#1660,#1661);
#1660 = CARTESIAN_POINT('',(1.698909236273,-5.657402885327,3.));
#1661 = VECTOR('',#1662,1.);
#1662 = DIRECTION('',(0.866025403784,-0.5,0.));
#1663 = ORIENTED_EDGE('',*,*,#1664,.F.);
#1664 = EDGE_CURVE('',#1641,#1657,#1665,.T.);
#1665 = LINE('',#1666,#1667);
#1666 = CARTESIAN_POINT('',(7.994164199358,-6.953701442663,3.));
#1667 = VECTOR('',#1668,1.);
#1668 = DIRECTION('',(-0.5,-0.866025403784,0.));
#1669 = FACE_BOUND('',#1670,.F.);
#1670 = EDGE_LOOP('',(#1671));
#1671 = ORIENTED_EDGE('',*,*,#1672,.T.);
#1672 = EDGE_CURVE('',#1673,#1673,#1675,.T.);
#1673 = VERTEX_POINT('',#1674);
#1674 = CARTESIAN_POINT('',(-40.9,-36.,3.));
#1675 = CIRCLE('',#1676,3.1);
#1676 = AXIS2_PLACEMENT_3D('',#1677,#1678,#1679);
#1677 = CARTESIAN_POINT('',(-44.,-36.,3.));
#1678 = DIRECTION('',(0.,0.,1.));
#1679 = DIRECTION('',(1.,0.,0.));
#1680 = FACE_BOUND('',#1681,.F.);
#1681 = EDGE_LOOP('',(#1682));
#1682 = ORIENTED_EDGE('',*,*,#1683,.T.);
#1683 = EDGE_CURVE('',#1684,#1684,#1686,.T.);
#1684 = VERTEX_POINT('',#1685);
#1685 = CARTESIAN_POINT('',(-36.35,-28.,3.));
#1686 = CIRCLE('',#1687,0.65);
#1687 = AXIS2_PLACEMENT_3D('',#1688,#1689,#1690);
#1688 = CARTESIAN_POINT('',(-37.,-28.,3.));
#1689 = DIRECTION('',(0.,0.,1.));
#1690 = DIRECTION('',(1.,0.,0.));
#1691 = FACE_BOUND('',#1692,.F.);
#1692 = EDGE_LOOP('',(#1693));
#1693 = ORIENTED_EDGE('',*,*,#1694,.T.);
#1694 = EDGE_CURVE('',#1695,#1695,#1697,.T.);
#1695 = VERTEX_POINT('',#1696);
#1696 = CARTESIAN_POINT('',(-36.35,-23.,3.));
#1697 = CIRCLE('',#1698,0.65);
#1698 = AXIS2_PLACEMENT_3D('',#1699,#1700,#1701);
#1699 = CARTESIAN_POINT('',(-37.,-23.,3.));
#1700 = DIRECTION('',(0.,0.,1.));
#1701 = DIRECTION('',(1.,0.,0.));
#1702 = FACE_BOUND('',#1703,.F.);
#1703 = EDGE_LOOP('',(#1704,#1714,#1722,#1730));
#1704 = ORIENTED_EDGE('',*,*,#1705,.F.);
#1705 = EDGE_CURVE('',#1706,#1708,#1710,.T.);
#1706 = VERTEX_POINT('',#1707);
#1707 = CARTESIAN_POINT('',(-11.03166419935,-1.692597114673,3.));
#1708 = VERTEX_POINT('',#1709);
#1709 = CARTESIAN_POINT('',(-9.472818472546,-0.792597114673,3.));
#1710 = LINE('',#1711,#1712);
#1711 = CARTESIAN_POINT('',(-6.528332099679,0.907402885327,3.));
#1712 = VECTOR('',#1713,1.);
#1713 = DIRECTION('',(0.866025403784,0.5,0.));
#1714 = ORIENTED_EDGE('',*,*,#1715,.T.);
#1715 = EDGE_CURVE('',#1706,#1716,#1718,.T.);
#1716 = VERTEX_POINT('',#1717);
#1717 = CARTESIAN_POINT('',(-6.981664199358,-8.707402885327,3.));
#1718 = LINE('',#1719,#1720);
#1719 = CARTESIAN_POINT('',(-7.994164199358,-6.953701442663,3.));
#1720 = VECTOR('',#1721,1.);
#1721 = DIRECTION('',(0.5,-0.866025403784,0.));
#1722 = ORIENTED_EDGE('',*,*,#1723,.T.);
#1723 = EDGE_CURVE('',#1716,#1724,#1726,.T.);
#1724 = VERTEX_POINT('',#1725);
#1725 = CARTESIAN_POINT('',(-5.422818472546,-7.807402885327,3.));
#1726 = LINE('',#1727,#1728);
#1727 = CARTESIAN_POINT('',(-2.478332099679,-6.107402885327,3.));
#1728 = VECTOR('',#1729,1.);
#1729 = DIRECTION('',(0.866025403784,0.5,0.));
#1730 = ORIENTED_EDGE('',*,*,#1731,.F.);
#1731 = EDGE_CURVE('',#1708,#1724,#1732,.T.);
#1732 = LINE('',#1733,#1734);
#1733 = CARTESIAN_POINT('',(-6.435318472546,-6.053701442663,3.));
#1734 = VECTOR('',#1735,1.);
#1735 = DIRECTION('',(0.5,-0.866025403784,0.));
#1736 = FACE_BOUND('',#1737,.F.);
#1737 = EDGE_LOOP('',(#1738));
#1738 = ORIENTED_EDGE('',*,*,#1739,.T.);
#1739 = EDGE_CURVE('',#1740,#1740,#1742,.T.);
#1740 = VERTEX_POINT('',#1741);
#1741 = CARTESIAN_POINT('',(47.1,36.,3.));
#1742 = CIRCLE('',#1743,3.1);
#1743 = AXIS2_PLACEMENT_3D('',#1744,#1745,#1746);
#1744 = CARTESIAN_POINT('',(44.,36.,3.));
#1745 = DIRECTION('',(0.,0.,1.));
#1746 = DIRECTION('',(1.,0.,0.));
#1747 = FACE_BOUND('',#1748,.F.);
#1748 = EDGE_LOOP('',(#1749,#1759,#1767,#1775));
#1749 = ORIENTED_EDGE('',*,*,#1750,.F.);
#1750 = EDGE_CURVE('',#1751,#1753,#1755,.T.);
#1751 = VERTEX_POINT('',#1752);
#1752 = CARTESIAN_POINT('',(-0.9,15.15,3.));
#1753 = VERTEX_POINT('',#1754);
#1754 = CARTESIAN_POINT('',(0.9,15.15,3.));
#1755 = LINE('',#1756,#1757);
#1756 = CARTESIAN_POINT('',(-0.45,15.15,3.));
#1757 = VECTOR('',#1758,1.);
#1758 = DIRECTION('',(1.,0.,0.));
#1759 = ORIENTED_EDGE('',*,*,#1760,.T.);
#1760 = EDGE_CURVE('',#1751,#1761,#1763,.T.);
#1761 = VERTEX_POINT('',#1762);
#1762 = CARTESIAN_POINT('',(-0.9,7.05,3.));
#1763 = LINE('',#1764,#1765);
#1764 = CARTESIAN_POINT('',(-0.9,3.525,3.));
#1765 = VECTOR('',#1766,1.);
#1766 = DIRECTION('',(0.,-1.,0.));
#1767 = ORIENTED_EDGE('',*,*,#1768,.T.);
#1768 = EDGE_CURVE('',#1761,#1769,#1771,.T.);
#1769 = VERTEX_POINT('',#1770);
#1770 = CARTESIAN_POINT('',(0.9,7.05,3.));
#1771 = LINE('',#1772,#1773);
#1772 = CARTESIAN_POINT('',(-0.45,7.05,3.));
#1773 = VECTOR('',#1774,1.);
#1774 = DIRECTION('',(1.,0.,0.));
#1775 = ORIENTED_EDGE('',*,*,#1776,.F.);
#1776 = EDGE_CURVE('',#1753,#1769,#1777,.T.);
#1777 = LINE('',#1778,#1779);
#1778 = CARTESIAN_POINT('',(0.9,3.525,3.));
#1779 = VECTOR('',#1780,1.);
#1780 = DIRECTION('',(0.,-1.,0.));
#1781 = FACE_BOUND('',#1782,.F.);
#1782 = EDGE_LOOP('',(#1783));
#1783 = ORIENTED_EDGE('',*,*,#1784,.T.);
#1784 = EDGE_CURVE('',#1785,#1785,#1787,.T.);
#1785 = VERTEX_POINT('',#1786);
#1786 = CARTESIAN_POINT('',(-40.9,36.,3.));
#1787 = CIRCLE('',#1788,3.1);
#1788 = AXIS2_PLACEMENT_3D('',#1789,#1790,#1791);
#1789 = CARTESIAN_POINT('',(-44.,36.,3.));
#1790 = DIRECTION('',(0.,0.,1.));
#1791 = DIRECTION('',(1.,0.,0.));
#1792 = PLANE('',#1793);
#1793 = AXIS2_PLACEMENT_3D('',#1794,#1795,#1796);
#1794 = CARTESIAN_POINT('',(0.,-1.26E-15,3.));
#1795 = DIRECTION('',(-0.,-0.,-1.));
#1796 = DIRECTION('',(-1.,0.,0.));
#1797 = ADVANCED_FACE('',(#1798),#1832,.T.);
#1798 = FACE_BOUND('',#1799,.T.);
#1799 = EDGE_LOOP('',(#1800,#1808,#1809,#1810,#1818,#1826));
#1800 = ORIENTED_EDGE('',*,*,#1801,.F.);
#1801 = EDGE_CURVE('',#1611,#1802,#1804,.T.);
#1802 = VERTEX_POINT('',#1803);
#1803 = CARTESIAN_POINT('',(-27.5,-43.2,13.1));
#1804 = LINE('',#1805,#1806);
#1805 = CARTESIAN_POINT('',(-27.5,-43.2,3.));
#1806 = VECTOR('',#1807,1.);
#1807 = DIRECTION('',(0.,0.,1.));
#1808 = ORIENTED_EDGE('',*,*,#1618,.F.);
#1809 = ORIENTED_EDGE('',*,*,#631,.F.);
#1810 = ORIENTED_EDGE('',*,*,#1811,.T.);
#1811 = EDGE_CURVE('',#624,#1812,#1814,.T.);
#1812 = VERTEX_POINT('',#1813);
#1813 = CARTESIAN_POINT('',(-27.5,-41.9,13.9));
#1814 = LINE('',#1815,#1816);
#1815 = CARTESIAN_POINT('',(-27.5,-44.2,13.9));
#1816 = VECTOR('',#1817,1.);
#1817 = DIRECTION('',(0.,1.,0.));
#1818 = ORIENTED_EDGE('',*,*,#1819,.F.);
#1819 = EDGE_CURVE('',#1820,#1812,#1822,.T.);
#1820 = VERTEX_POINT('',#1821);
#1821 = CARTESIAN_POINT('',(-27.5,-41.9,13.1));
#1822 = LINE('',#1823,#1824);
#1823 = CARTESIAN_POINT('',(-27.5,-41.9,13.1));
#1824 = VECTOR('',#1825,1.);
#1825 = DIRECTION('',(0.,0.,1.));
#1826 = ORIENTED_EDGE('',*,*,#1827,.F.);
#1827 = EDGE_CURVE('',#1802,#1820,#1828,.T.);
#1828 = LINE('',#1829,#1830);
#1829 = CARTESIAN_POINT('',(-27.5,-44.2,13.1));
#1830 = VECTOR('',#1831,1.);
#1831 = DIRECTION('',(0.,1.,0.));
#1832 = PLANE('',#1833);
#1833 = AXIS2_PLACEMENT_3D('',#1834,#1835,#1836);
#1834 = CARTESIAN_POINT('',(-27.5,-43.50114503816,8.951145038168));
#1835 = DIRECTION('',(-1.,-0.,-0.));
#1836 = DIRECTION('',(0.,0.,-1.));
#1837 = ADVANCED_FACE('',(#1838),#1856,.T.);
#1838 = FACE_BOUND('',#1839,.T.);
#1839 = EDGE_LOOP('',(#1840,#1841,#1842,#1850));
#1840 = ORIENTED_EDGE('',*,*,#1811,.F.);
#1841 = ORIENTED_EDGE('',*,*,#623,.T.);
#1842 = ORIENTED_EDGE('',*,*,#1843,.T.);
#1843 = EDGE_CURVE('',#616,#1844,#1846,.T.);
#1844 = VERTEX_POINT('',#1845);
#1845 = CARTESIAN_POINT('',(-22.5,-41.9,13.9));
#1846 = LINE('',#1847,#1848);
#1847 = CARTESIAN_POINT('',(-22.5,-44.2,13.9));
#1848 = VECTOR('',#1849,1.);
#1849 = DIRECTION('',(0.,1.,0.));
#1850 = ORIENTED_EDGE('',*,*,#1851,.F.);
#1851 = EDGE_CURVE('',#1812,#1844,#1852,.T.);
#1852 = LINE('',#1853,#1854);
#1853 = CARTESIAN_POINT('',(-27.5,-41.9,13.9));
#1854 = VECTOR('',#1855,1.);
#1855 = DIRECTION('',(1.,0.,0.));
#1856 = PLANE('',#1857);
#1857 = AXIS2_PLACEMENT_3D('',#1858,#1859,#1860);
#1858 = CARTESIAN_POINT('',(-27.5,-44.2,13.9));
#1859 = DIRECTION('',(0.,0.,1.));
#1860 = DIRECTION('',(1.,0.,0.));
#1861 = ADVANCED_FACE('',(#1862),#1889,.T.);
#1862 = FACE_BOUND('',#1863,.T.);
#1863 = EDGE_LOOP('',(#1864,#1865,#1866,#1867,#1875,#1883));
#1864 = ORIENTED_EDGE('',*,*,#1843,.F.);
#1865 = ORIENTED_EDGE('',*,*,#615,.T.);
#1866 = ORIENTED_EDGE('',*,*,#1602,.T.);
#1867 = ORIENTED_EDGE('',*,*,#1868,.T.);
#1868 = EDGE_CURVE('',#1603,#1869,#1871,.T.);
#1869 = VERTEX_POINT('',#1870);
#1870 = CARTESIAN_POINT('',(-22.5,-43.2,13.1));
#1871 = LINE('',#1872,#1873);
#1872 = CARTESIAN_POINT('',(-22.5,-43.2,3.));
#1873 = VECTOR('',#1874,1.);
#1874 = DIRECTION('',(0.,0.,1.));
#1875 = ORIENTED_EDGE('',*,*,#1876,.T.);
#1876 = EDGE_CURVE('',#1869,#1877,#1879,.T.);
#1877 = VERTEX_POINT('',#1878);
#1878 = CARTESIAN_POINT('',(-22.5,-41.9,13.1));
#1879 = LINE('',#1880,#1881);
#1880 = CARTESIAN_POINT('',(-22.5,-44.2,13.1));
#1881 = VECTOR('',#1882,1.);
#1882 = DIRECTION('',(0.,1.,0.));
#1883 = ORIENTED_EDGE('',*,*,#1884,.T.);
#1884 = EDGE_CURVE('',#1877,#1844,#1885,.T.);
#1885 = LINE('',#1886,#1887);
#1886 = CARTESIAN_POINT('',(-22.5,-41.9,13.1));
#1887 = VECTOR('',#1888,1.);
#1888 = DIRECTION('',(0.,0.,1.));
#1889 = PLANE('',#1890);
#1890 = AXIS2_PLACEMENT_3D('',#1891,#1892,#1893);
#1891 = CARTESIAN_POINT('',(-22.5,-43.50114503816,8.951145038168));
#1892 = DIRECTION('',(1.,0.,0.));
#1893 = DIRECTION('',(0.,0.,1.));
#1894 = ADVANCED_FACE('',(#1895),#1929,.T.);
#1895 = FACE_BOUND('',#1896,.T.);
#1896 = EDGE_LOOP('',(#1897,#1905,#1906,#1907,#1915,#1923));
#1897 = ORIENTED_EDGE('',*,*,#1898,.F.);
#1898 = EDGE_CURVE('',#1588,#1899,#1901,.T.);
#1899 = VERTEX_POINT('',#1900);
#1900 = CARTESIAN_POINT('',(22.5,-43.2,13.1));
#1901 = LINE('',#1902,#1903);
#1902 = CARTESIAN_POINT('',(22.5,-43.2,3.));
#1903 = VECTOR('',#1904,1.);
#1904 = DIRECTION('',(0.,0.,1.));
#1905 = ORIENTED_EDGE('',*,*,#1595,.F.);
#1906 = ORIENTED_EDGE('',*,*,#599,.F.);
#1907 = ORIENTED_EDGE('',*,*,#1908,.T.);
#1908 = EDGE_CURVE('',#592,#1909,#1911,.T.);
#1909 = VERTEX_POINT('',#1910);
#1910 = CARTESIAN_POINT('',(22.5,-41.9,13.9));
#1911 = LINE('',#1912,#1913);
#1912 = CARTESIAN_POINT('',(22.5,-44.2,13.9));
#1913 = VECTOR('',#1914,1.);
#1914 = DIRECTION('',(0.,1.,0.));
#1915 = ORIENTED_EDGE('',*,*,#1916,.F.);
#1916 = EDGE_CURVE('',#1917,#1909,#1919,.T.);
#1917 = VERTEX_POINT('',#1918);
#1918 = CARTESIAN_POINT('',(22.5,-41.9,13.1));
#1919 = LINE('',#1920,#1921);
#1920 = CARTESIAN_POINT('',(22.5,-41.9,13.1));
#1921 = VECTOR('',#1922,1.);
#1922 = DIRECTION('',(0.,0.,1.));
#1923 = ORIENTED_EDGE('',*,*,#1924,.F.);
#1924 = EDGE_CURVE('',#1899,#1917,#1925,.T.);
#1925 = LINE('',#1926,#1927);
#1926 = CARTESIAN_POINT('',(22.5,-44.2,13.1));
#1927 = VECTOR('',#1928,1.);
#1928 = DIRECTION('',(0.,1.,0.));
#1929 = PLANE('',#1930);
#1930 = AXIS2_PLACEMENT_3D('',#1931,#1932,#1933);
#1931 = CARTESIAN_POINT('',(22.5,-43.50114503816,8.951145038168));
#1932 = DIRECTION('',(-1.,-0.,-0.));
#1933 = DIRECTION('',(0.,0.,-1.));
#1934 = ADVANCED_FACE('',(#1935),#1953,.T.);
#1935 = FACE_BOUND('',#1936,.T.);
#1936 = EDGE_LOOP('',(#1937,#1938,#1939,#1947));
#1937 = ORIENTED_EDGE('',*,*,#1908,.F.);
#1938 = ORIENTED_EDGE('',*,*,#591,.T.);
#1939 = ORIENTED_EDGE('',*,*,#1940,.T.);
#1940 = EDGE_CURVE('',#584,#1941,#1943,.T.);
#1941 = VERTEX_POINT('',#1942);
#1942 = CARTESIAN_POINT('',(27.5,-41.9,13.9));
#1943 = LINE('',#1944,#1945);
#1944 = CARTESIAN_POINT('',(27.5,-44.2,13.9));
#1945 = VECTOR('',#1946,1.);
#1946 = DIRECTION('',(0.,1.,0.));
#1947 = ORIENTED_EDGE('',*,*,#1948,.F.);
#1948 = EDGE_CURVE('',#1909,#1941,#1949,.T.);
#1949 = LINE('',#1950,#1951);
#1950 = CARTESIAN_POINT('',(22.5,-41.9,13.9));
#1951 = VECTOR('',#1952,1.);
#1952 = DIRECTION('',(1.,0.,0.));
#1953 = PLANE('',#1954);
#1954 = AXIS2_PLACEMENT_3D('',#1955,#1956,#1957);
#1955 = CARTESIAN_POINT('',(22.5,-44.2,13.9));
#1956 = DIRECTION('',(0.,0.,1.));
#1957 = DIRECTION('',(1.,0.,0.));
#1958 = ADVANCED_FACE('',(#1959),#1986,.T.);
#1959 = FACE_BOUND('',#1960,.T.);
#1960 = EDGE_LOOP('',(#1961,#1962,#1963,#1964,#1972,#1980));
#1961 = ORIENTED_EDGE('',*,*,#1940,.F.);
#1962 = ORIENTED_EDGE('',*,*,#583,.T.);
#1963 = ORIENTED_EDGE('',*,*,#1579,.T.);
#1964 = ORIENTED_EDGE('',*,*,#1965,.T.);
#1965 = EDGE_CURVE('',#1580,#1966,#1968,.T.);
#1966 = VERTEX_POINT('',#1967);
#1967 = CARTESIAN_POINT('',(27.5,-43.2,13.1));
#1968 = LINE('',#1969,#1970);
#1969 = CARTESIAN_POINT('',(27.5,-43.2,3.));
#1970 = VECTOR('',#1971,1.);
#1971 = DIRECTION('',(0.,0.,1.));
#1972 = ORIENTED_EDGE('',*,*,#1973,.T.);
#1973 = EDGE_CURVE('',#1966,#1974,#1976,.T.);
#1974 = VERTEX_POINT('',#1975);
#1975 = CARTESIAN_POINT('',(27.5,-41.9,13.1));
#1976 = LINE('',#1977,#1978);
#1977 = CARTESIAN_POINT('',(27.5,-44.2,13.1));
#1978 = VECTOR('',#1979,1.);
#1979 = DIRECTION('',(0.,1.,0.));
#1980 = ORIENTED_EDGE('',*,*,#1981,.T.);
#1981 = EDGE_CURVE('',#1974,#1941,#1982,.T.);
#1982 = LINE('',#1983,#1984);
#1983 = CARTESIAN_POINT('',(27.5,-41.9,13.1));
#1984 = VECTOR('',#1985,1.);
#1985 = DIRECTION('',(0.,0.,1.));
#1986 = PLANE('',#1987);
#1987 = AXIS2_PLACEMENT_3D('',#1988,#1989,#1990);
#1988 = CARTESIAN_POINT('',(27.5,-43.50114503816,8.951145038168));
#1989 = DIRECTION('',(1.,0.,0.));
#1990 = DIRECTION('',(0.,0.,1.));
#1991 = ADVANCED_FACE('',(#1992),#2017,.F.);
#1992 = FACE_BOUND('',#1993,.F.);
#1993 = EDGE_LOOP('',(#1994,#2002,#2010,#2016));
#1994 = ORIENTED_EDGE('',*,*,#1995,.F.);
#1995 = EDGE_CURVE('',#1996,#689,#1998,.T.);
#1996 = VERTEX_POINT('',#1997);
#1997 = CARTESIAN_POINT('',(28.,21.5,40.));
#1998 = LINE('',#1999,#2000);
#1999 = CARTESIAN_POINT('',(28.,21.5,40.));
#2000 = VECTOR('',#2001,1.);
#2001 = DIRECTION('',(1.,0.,0.));
#2002 = ORIENTED_EDGE('',*,*,#2003,.F.);
#2003 = EDGE_CURVE('',#2004,#1996,#2006,.T.);
#2004 = VERTEX_POINT('',#2005);
#2005 = CARTESIAN_POINT('',(28.,18.5,40.));
#2006 = LINE('',#2007,#2008);
#2007 = CARTESIAN_POINT('',(28.,18.5,40.));
#2008 = VECTOR('',#2009,1.);
#2009 = DIRECTION('',(0.,1.,0.));
#2010 = ORIENTED_EDGE('',*,*,#2011,.T.);
#2011 = EDGE_CURVE('',#2004,#691,#2012,.T.);
#2012 = LINE('',#2013,#2014);
#2013 = CARTESIAN_POINT('',(28.,18.5,40.));
#2014 = VECTOR('',#2015,1.);
#2015 = DIRECTION('',(1.,0.,0.));
#2016 = ORIENTED_EDGE('',*,*,#688,.F.);
#2017 = PLANE('',#2018);
#2018 = AXIS2_PLACEMENT_3D('',#2019,#2020,#2021);
#2019 = CARTESIAN_POINT('',(28.,18.5,40.));
#2020 = DIRECTION('',(0.,0.,1.));
#2021 = DIRECTION('',(1.,0.,0.));
#2022 = ADVANCED_FACE('',(#2023),#2041,.T.);
#2023 = FACE_BOUND('',#2024,.T.);
#2024 = EDGE_LOOP('',(#2025,#2026,#2034,#2040));
#2025 = ORIENTED_EDGE('',*,*,#1995,.F.);
#2026 = ORIENTED_EDGE('',*,*,#2027,.T.);
#2027 = EDGE_CURVE('',#1996,#2028,#2030,.T.);
#2028 = VERTEX_POINT('',#2029);
#2029 = CARTESIAN_POINT('',(28.,21.5,41.));
#2030 = LINE('',#2031,#2032);
#2031 = CARTESIAN_POINT('',(28.,21.5,40.));
#2032 = VECTOR('',#2033,1.);
#2033 = DIRECTION('',(0.,0.,1.));
#2034 = ORIENTED_EDGE('',*,*,#2035,.T.);
#2035 = EDGE_CURVE('',#2028,#707,#2036,.T.);
#2036 = LINE('',#2037,#2038);
#2037 = CARTESIAN_POINT('',(28.,21.5,41.));
#2038 = VECTOR('',#2039,1.);
#2039 = DIRECTION('',(1.,0.,0.));
#2040 = ORIENTED_EDGE('',*,*,#714,.F.);
#2041 = PLANE('',#2042);
#2042 = AXIS2_PLACEMENT_3D('',#2043,#2044,#2045);
#2043 = CARTESIAN_POINT('',(28.,21.5,40.));
#2044 = DIRECTION('',(0.,1.,0.));
#2045 = DIRECTION('',(0.,0.,1.));
#2046 = ADVANCED_FACE('',(#2047),#2065,.T.);
#2047 = FACE_BOUND('',#2048,.T.);
#2048 = EDGE_LOOP('',(#2049,#2050,#2058,#2064));
#2049 = ORIENTED_EDGE('',*,*,#2035,.F.);
#2050 = ORIENTED_EDGE('',*,*,#2051,.F.);
#2051 = EDGE_CURVE('',#2052,#2028,#2054,.T.);
#2052 = VERTEX_POINT('',#2053);
#2053 = CARTESIAN_POINT('',(28.,18.5,41.));
#2054 = LINE('',#2055,#2056);
#2055 = CARTESIAN_POINT('',(28.,18.5,41.));
#2056 = VECTOR('',#2057,1.);
#2057 = DIRECTION('',(0.,1.,0.));
#2058 = ORIENTED_EDGE('',*,*,#2059,.T.);
#2059 = EDGE_CURVE('',#2052,#699,#2060,.T.);
#2060 = LINE('',#2061,#2062);
#2061 = CARTESIAN_POINT('',(28.,18.5,41.));
#2062 = VECTOR('',#2063,1.);
#2063 = DIRECTION('',(1.,0.,0.));
#2064 = ORIENTED_EDGE('',*,*,#706,.F.);
#2065 = PLANE('',#2066);
#2066 = AXIS2_PLACEMENT_3D('',#2067,#2068,#2069);
#2067 = CARTESIAN_POINT('',(28.,18.5,41.));
#2068 = DIRECTION('',(0.,0.,1.));
#2069 = DIRECTION('',(1.,0.,0.));
#2070 = ADVANCED_FACE('',(#2071),#2082,.F.);
#2071 = FACE_BOUND('',#2072,.F.);
#2072 = EDGE_LOOP('',(#2073,#2074,#2080,#2081));
#2073 = ORIENTED_EDGE('',*,*,#2011,.F.);
#2074 = ORIENTED_EDGE('',*,*,#2075,.T.);
#2075 = EDGE_CURVE('',#2004,#2052,#2076,.T.);
#2076 = LINE('',#2077,#2078);
#2077 = CARTESIAN_POINT('',(28.,18.5,40.));
#2078 = VECTOR('',#2079,1.);
#2079 = DIRECTION('',(0.,0.,1.));
#2080 = ORIENTED_EDGE('',*,*,#2059,.T.);
#2081 = ORIENTED_EDGE('',*,*,#698,.F.);
#2082 = PLANE('',#2083);
#2083 = AXIS2_PLACEMENT_3D('',#2084,#2085,#2086);
#2084 = CARTESIAN_POINT('',(28.,18.5,40.));
#2085 = DIRECTION('',(0.,1.,0.));
#2086 = DIRECTION('',(0.,0.,1.));
#2087 = ADVANCED_FACE('',(#2088),#2113,.F.);
#2088 = FACE_BOUND('',#2089,.F.);
#2089 = EDGE_LOOP('',(#2090,#2098,#2106,#2112));
#2090 = ORIENTED_EDGE('',*,*,#2091,.F.);
#2091 = EDGE_CURVE('',#2092,#723,#2094,.T.);
#2092 = VERTEX_POINT('',#2093);
#2093 = CARTESIAN_POINT('',(28.,-18.5,40.));
#2094 = LINE('',#2095,#2096);
#2095 = CARTESIAN_POINT('',(28.,-18.5,40.));
#2096 = VECTOR('',#2097,1.);
#2097 = DIRECTION('',(1.,0.,0.));
#2098 = ORIENTED_EDGE('',*,*,#2099,.F.);
#2099 = EDGE_CURVE('',#2100,#2092,#2102,.T.);
#2100 = VERTEX_POINT('',#2101);
#2101 = CARTESIAN_POINT('',(28.,-21.5,40.));
#2102 = LINE('',#2103,#2104);
#2103 = CARTESIAN_POINT('',(28.,-21.5,40.));
#2104 = VECTOR('',#2105,1.);
#2105 = DIRECTION('',(0.,1.,0.));
#2106 = ORIENTED_EDGE('',*,*,#2107,.T.);
#2107 = EDGE_CURVE('',#2100,#725,#2108,.T.);
#2108 = LINE('',#2109,#2110);
#2109 = CARTESIAN_POINT('',(28.,-21.5,40.));
#2110 = VECTOR('',#2111,1.);
#2111 = DIRECTION('',(1.,0.,0.));
#2112 = ORIENTED_EDGE('',*,*,#722,.F.);
#2113 = PLANE('',#2114);
#2114 = AXIS2_PLACEMENT_3D('',#2115,#2116,#2117);
#2115 = CARTESIAN_POINT('',(28.,-21.5,40.));
#2116 = DIRECTION('',(0.,0.,1.));
#2117 = DIRECTION('',(1.,0.,0.));
#2118 = ADVANCED_FACE('',(#2119),#2137,.T.);
#2119 = FACE_BOUND('',#2120,.T.);
#2120 = EDGE_LOOP('',(#2121,#2122,#2130,#2136));
#2121 = ORIENTED_EDGE('',*,*,#2091,.F.);
#2122 = ORIENTED_EDGE('',*,*,#2123,.T.);
#2123 = EDGE_CURVE('',#2092,#2124,#2126,.T.);
#2124 = VERTEX_POINT('',#2125);
#2125 = CARTESIAN_POINT('',(28.,-18.5,41.));
#2126 = LINE('',#2127,#2128);
#2127 = CARTESIAN_POINT('',(28.,-18.5,40.));
#2128 = VECTOR('',#2129,1.);
#2129 = DIRECTION('',(0.,0.,1.));
#2130 = ORIENTED_EDGE('',*,*,#2131,.T.);
#2131 = EDGE_CURVE('',#2124,#741,#2132,.T.);
#2132 = LINE('',#2133,#2134);
#2133 = CARTESIAN_POINT('',(28.,-18.5,41.));
#2134 = VECTOR('',#2135,1.);
#2135 = DIRECTION('',(1.,0.,0.));
#2136 = ORIENTED_EDGE('',*,*,#748,.F.);
#2137 = PLANE('',#2138);
#2138 = AXIS2_PLACEMENT_3D('',#2139,#2140,#2141);
#2139 = CARTESIAN_POINT('',(28.,-18.5,40.));
#2140 = DIRECTION('',(0.,1.,0.));
#2141 = DIRECTION('',(0.,0.,1.));
#2142 = ADVANCED_FACE('',(#2143),#2161,.F.);
#2143 = FACE_BOUND('',#2144,.F.);
#2144 = EDGE_LOOP('',(#2145,#2146,#2154,#2160));
#2145 = ORIENTED_EDGE('',*,*,#2107,.F.);
#2146 = ORIENTED_EDGE('',*,*,#2147,.T.);
#2147 = EDGE_CURVE('',#2100,#2148,#2150,.T.);
#2148 = VERTEX_POINT('',#2149);
#2149 = CARTESIAN_POINT('',(28.,-21.5,41.));
#2150 = LINE('',#2151,#2152);
#2151 = CARTESIAN_POINT('',(28.,-21.5,40.));
#2152 = VECTOR('',#2153,1.);
#2153 = DIRECTION('',(0.,0.,1.));
#2154 = ORIENTED_EDGE('',*,*,#2155,.T.);
#2155 = EDGE_CURVE('',#2148,#733,#2156,.T.);
#2156 = LINE('',#2157,#2158);
#2157 = CARTESIAN_POINT('',(28.,-21.5,41.));
#2158 = VECTOR('',#2159,1.);
#2159 = DIRECTION('',(1.,0.,0.));
#2160 = ORIENTED_EDGE('',*,*,#732,.F.);
#2161 = PLANE('',#2162);
#2162 = AXIS2_PLACEMENT_3D('',#2163,#2164,#2165);
#2163 = CARTESIAN_POINT('',(28.,-21.5,40.));
#2164 = DIRECTION('',(0.,1.,0.));
#2165 = DIRECTION('',(0.,0.,1.));
#2166 = ADVANCED_FACE('',(#2167),#2178,.T.);
#2167 = FACE_BOUND('',#2168,.T.);
#2168 = EDGE_LOOP('',(#2169,#2170,#2176,#2177));
#2169 = ORIENTED_EDGE('',*,*,#2131,.F.);
#2170 = ORIENTED_EDGE('',*,*,#2171,.F.);
#2171 = EDGE_CURVE('',#2148,#2124,#2172,.T.);
#2172 = LINE('',#2173,#2174);
#2173 = CARTESIAN_POINT('',(28.,-21.5,41.));
#2174 = VECTOR('',#2175,1.);
#2175 = DIRECTION('',(0.,1.,0.));
#2176 = ORIENTED_EDGE('',*,*,#2155,.T.);
#2177 = ORIENTED_EDGE('',*,*,#740,.F.);
#2178 = PLANE('',#2179);
#2179 = AXIS2_PLACEMENT_3D('',#2180,#2181,#2182);
#2180 = CARTESIAN_POINT('',(28.,-21.5,41.));
#2181 = DIRECTION('',(0.,0.,1.));
#2182 = DIRECTION('',(1.,0.,0.));
#2183 = ADVANCED_FACE('',(#2184),#2218,.T.);
#2184 = FACE_BOUND('',#2185,.T.);
#2185 = EDGE_LOOP('',(#2186,#2194,#2202,#2210,#2216,#2217));
#2186 = ORIENTED_EDGE('',*,*,#2187,.T.);
#2187 = EDGE_CURVE('',#1530,#2188,#2190,.T.);
#2188 = VERTEX_POINT('',#2189);
#2189 = CARTESIAN_POINT('',(-27.5,43.2,13.1));
#2190 = LINE('',#2191,#2192);
#2191 = CARTESIAN_POINT('',(-27.5,43.2,3.));
#2192 = VECTOR('',#2193,1.);
#2193 = DIRECTION('',(0.,0.,1.));
#2194 = ORIENTED_EDGE('',*,*,#2195,.F.);
#2195 = EDGE_CURVE('',#2196,#2188,#2198,.T.);
#2196 = VERTEX_POINT('',#2197);
#2197 = CARTESIAN_POINT('',(-27.5,41.9,13.1));
#2198 = LINE('',#2199,#2200);
#2199 = CARTESIAN_POINT('',(-27.5,41.9,13.1));
#2200 = VECTOR('',#2201,1.);
#2201 = DIRECTION('',(0.,1.,0.));
#2202 = ORIENTED_EDGE('',*,*,#2203,.T.);
#2203 = EDGE_CURVE('',#2196,#2204,#2206,.T.);
#2204 = VERTEX_POINT('',#2205);
#2205 = CARTESIAN_POINT('',(-27.5,41.9,13.9));
#2206 = LINE('',#2207,#2208);
#2207 = CARTESIAN_POINT('',(-27.5,41.9,13.1));
#2208 = VECTOR('',#2209,1.);
#2209 = DIRECTION('',(0.,0.,1.));
#2210 = ORIENTED_EDGE('',*,*,#2211,.T.);
#2211 = EDGE_CURVE('',#2204,#854,#2212,.T.);
#2212 = LINE('',#2213,#2214);
#2213 = CARTESIAN_POINT('',(-27.5,41.9,13.9));
#2214 = VECTOR('',#2215,1.);
#2215 = DIRECTION('',(0.,1.,0.));
#2216 = ORIENTED_EDGE('',*,*,#861,.T.);
#2217 = ORIENTED_EDGE('',*,*,#1529,.F.);
#2218 = PLANE('',#2219);
#2219 = AXIS2_PLACEMENT_3D('',#2220,#2221,#2222);
#2220 = CARTESIAN_POINT('',(-27.5,43.501145038168,8.951145038168));
#2221 = DIRECTION('',(-1.,-0.,-0.));
#2222 = DIRECTION('',(0.,0.,-1.));
#2223 = ADVANCED_FACE('',(#2224),#2242,.T.);
#2224 = FACE_BOUND('',#2225,.T.);
#2225 = EDGE_LOOP('',(#2226,#2227,#2235,#2241));
#2226 = ORIENTED_EDGE('',*,*,#2211,.F.);
#2227 = ORIENTED_EDGE('',*,*,#2228,.T.);
#2228 = EDGE_CURVE('',#2204,#2229,#2231,.T.);
#2229 = VERTEX_POINT('',#2230);
#2230 = CARTESIAN_POINT('',(-22.5,41.9,13.9));
#2231 = LINE('',#2232,#2233);
#2232 = CARTESIAN_POINT('',(-27.5,41.9,13.9));
#2233 = VECTOR('',#2234,1.);
#2234 = DIRECTION('',(1.,0.,0.));
#2235 = ORIENTED_EDGE('',*,*,#2236,.T.);
#2236 = EDGE_CURVE('',#2229,#846,#2237,.T.);
#2237 = LINE('',#2238,#2239);
#2238 = CARTESIAN_POINT('',(-22.5,41.9,13.9));
#2239 = VECTOR('',#2240,1.);
#2240 = DIRECTION('',(0.,1.,0.));
#2241 = ORIENTED_EDGE('',*,*,#853,.F.);
#2242 = PLANE('',#2243);
#2243 = AXIS2_PLACEMENT_3D('',#2244,#2245,#2246);
#2244 = CARTESIAN_POINT('',(-27.5,41.9,13.9));
#2245 = DIRECTION('',(0.,0.,1.));
#2246 = DIRECTION('',(1.,0.,0.));
#2247 = ADVANCED_FACE('',(#2248),#2275,.T.);
#2248 = FACE_BOUND('',#2249,.T.);
#2249 = EDGE_LOOP('',(#2250,#2251,#2259,#2267,#2273,#2274));
#2250 = ORIENTED_EDGE('',*,*,#2236,.F.);
#2251 = ORIENTED_EDGE('',*,*,#2252,.F.);
#2252 = EDGE_CURVE('',#2253,#2229,#2255,.T.);
#2253 = VERTEX_POINT('',#2254);
#2254 = CARTESIAN_POINT('',(-22.5,41.9,13.1));
#2255 = LINE('',#2256,#2257);
#2256 = CARTESIAN_POINT('',(-22.5,41.9,13.1));
#2257 = VECTOR('',#2258,1.);
#2258 = DIRECTION('',(0.,0.,1.));
#2259 = ORIENTED_EDGE('',*,*,#2260,.T.);
#2260 = EDGE_CURVE('',#2253,#2261,#2263,.T.);
#2261 = VERTEX_POINT('',#2262);
#2262 = CARTESIAN_POINT('',(-22.5,43.2,13.1));
#2263 = LINE('',#2264,#2265);
#2264 = CARTESIAN_POINT('',(-22.5,41.9,13.1));
#2265 = VECTOR('',#2266,1.);
#2266 = DIRECTION('',(0.,1.,0.));
#2267 = ORIENTED_EDGE('',*,*,#2268,.F.);
#2268 = EDGE_CURVE('',#1538,#2261,#2269,.T.);
#2269 = LINE('',#2270,#2271);
#2270 = CARTESIAN_POINT('',(-22.5,43.2,3.));
#2271 = VECTOR('',#2272,1.);
#2272 = DIRECTION('',(0.,0.,1.));
#2273 = ORIENTED_EDGE('',*,*,#1545,.T.);
#2274 = ORIENTED_EDGE('',*,*,#845,.F.);
#2275 = PLANE('',#2276);
#2276 = AXIS2_PLACEMENT_3D('',#2277,#2278,#2279);
#2277 = CARTESIAN_POINT('',(-22.5,43.501145038168,8.951145038168));
#2278 = DIRECTION('',(1.,0.,0.));
#2279 = DIRECTION('',(0.,0.,1.));
#2280 = ADVANCED_FACE('',(#2281),#2315,.T.);
#2281 = FACE_BOUND('',#2282,.T.);
#2282 = EDGE_LOOP('',(#2283,#2291,#2299,#2307,#2313,#2314));
#2283 = ORIENTED_EDGE('',*,*,#2284,.T.);
#2284 = EDGE_CURVE('',#1553,#2285,#2287,.T.);
#2285 = VERTEX_POINT('',#2286);
#2286 = CARTESIAN_POINT('',(22.5,43.2,13.1));
#2287 = LINE('',#2288,#2289);
#2288 = CARTESIAN_POINT('',(22.5,43.2,3.));
#2289 = VECTOR('',#2290,1.);
#2290 = DIRECTION('',(0.,0.,1.));
#2291 = ORIENTED_EDGE('',*,*,#2292,.F.);
#2292 = EDGE_CURVE('',#2293,#2285,#2295,.T.);
#2293 = VERTEX_POINT('',#2294);
#2294 = CARTESIAN_POINT('',(22.5,41.9,13.1));
#2295 = LINE('',#2296,#2297);
#2296 = CARTESIAN_POINT('',(22.5,41.9,13.1));
#2297 = VECTOR('',#2298,1.);
#2298 = DIRECTION('',(0.,1.,0.));
#2299 = ORIENTED_EDGE('',*,*,#2300,.T.);
#2300 = EDGE_CURVE('',#2293,#2301,#2303,.T.);
#2301 = VERTEX_POINT('',#2302);
#2302 = CARTESIAN_POINT('',(22.5,41.9,13.9));
#2303 = LINE('',#2304,#2305);
#2304 = CARTESIAN_POINT('',(22.5,41.9,13.1));
#2305 = VECTOR('',#2306,1.);
#2306 = DIRECTION('',(0.,0.,1.));
#2307 = ORIENTED_EDGE('',*,*,#2308,.T.);
#2308 = EDGE_CURVE('',#2301,#822,#2309,.T.);
#2309 = LINE('',#2310,#2311);
#2310 = CARTESIAN_POINT('',(22.5,41.9,13.9));
#2311 = VECTOR('',#2312,1.);
#2312 = DIRECTION('',(0.,1.,0.));
#2313 = ORIENTED_EDGE('',*,*,#829,.T.);
#2314 = ORIENTED_EDGE('',*,*,#1552,.F.);
#2315 = PLANE('',#2316);
#2316 = AXIS2_PLACEMENT_3D('',#2317,#2318,#2319);
#2317 = CARTESIAN_POINT('',(22.5,43.501145038168,8.951145038168));
#2318 = DIRECTION('',(-1.,-0.,-0.));
#2319 = DIRECTION('',(0.,0.,-1.));
#2320 = ADVANCED_FACE('',(#2321),#2339,.T.);
#2321 = FACE_BOUND('',#2322,.T.);
#2322 = EDGE_LOOP('',(#2323,#2324,#2332,#2338));
#2323 = ORIENTED_EDGE('',*,*,#2308,.F.);
#2324 = ORIENTED_EDGE('',*,*,#2325,.T.);
#2325 = EDGE_CURVE('',#2301,#2326,#2328,.T.);
#2326 = VERTEX_POINT('',#2327);
#2327 = CARTESIAN_POINT('',(27.5,41.9,13.9));
#2328 = LINE('',#2329,#2330);
#2329 = CARTESIAN_POINT('',(22.5,41.9,13.9));
#2330 = VECTOR('',#2331,1.);
#2331 = DIRECTION('',(1.,0.,0.));
#2332 = ORIENTED_EDGE('',*,*,#2333,.T.);
#2333 = EDGE_CURVE('',#2326,#814,#2334,.T.);
#2334 = LINE('',#2335,#2336);
#2335 = CARTESIAN_POINT('',(27.5,41.9,13.9));
#2336 = VECTOR('',#2337,1.);
#2337 = DIRECTION('',(0.,1.,0.));
#2338 = ORIENTED_EDGE('',*,*,#821,.F.);
#2339 = PLANE('',#2340);
#2340 = AXIS2_PLACEMENT_3D('',#2341,#2342,#2343);
#2341 = CARTESIAN_POINT('',(22.5,41.9,13.9));
#2342 = DIRECTION('',(0.,0.,1.));
#2343 = DIRECTION('',(1.,0.,0.));
#2344 = ADVANCED_FACE('',(#2345),#2372,.T.);
#2345 = FACE_BOUND('',#2346,.T.);
#2346 = EDGE_LOOP('',(#2347,#2348,#2356,#2364,#2370,#2371));
#2347 = ORIENTED_EDGE('',*,*,#2333,.F.);
#2348 = ORIENTED_EDGE('',*,*,#2349,.F.);
#2349 = EDGE_CURVE('',#2350,#2326,#2352,.T.);
#2350 = VERTEX_POINT('',#2351);
#2351 = CARTESIAN_POINT('',(27.5,41.9,13.1));
#2352 = LINE('',#2353,#2354);
#2353 = CARTESIAN_POINT('',(27.5,41.9,13.1));
#2354 = VECTOR('',#2355,1.);
#2355 = DIRECTION('',(0.,0.,1.));
#2356 = ORIENTED_EDGE('',*,*,#2357,.T.);
#2357 = EDGE_CURVE('',#2350,#2358,#2360,.T.);
#2358 = VERTEX_POINT('',#2359);
#2359 = CARTESIAN_POINT('',(27.5,43.2,13.1));
#2360 = LINE('',#2361,#2362);
#2361 = CARTESIAN_POINT('',(27.5,41.9,13.1));
#2362 = VECTOR('',#2363,1.);
#2363 = DIRECTION('',(0.,1.,0.));
#2364 = ORIENTED_EDGE('',*,*,#2365,.F.);
#2365 = EDGE_CURVE('',#1561,#2358,#2366,.T.);
#2366 = LINE('',#2367,#2368);
#2367 = CARTESIAN_POINT('',(27.5,43.2,3.));
#2368 = VECTOR('',#2369,1.);
#2369 = DIRECTION('',(0.,0.,1.));
#2370 = ORIENTED_EDGE('',*,*,#1568,.T.);
#2371 = ORIENTED_EDGE('',*,*,#813,.F.);
#2372 = PLANE('',#2373);
#2373 = AXIS2_PLACEMENT_3D('',#2374,#2375,#2376);
#2374 = CARTESIAN_POINT('',(27.5,43.501145038168,8.951145038168));
#2375 = DIRECTION('',(1.,0.,0.));
#2376 = DIRECTION('',(0.,0.,1.));
#2377 = ADVANCED_FACE('',(#2378),#2403,.T.);
#2378 = FACE_BOUND('',#2379,.T.);
#2379 = EDGE_LOOP('',(#2380,#2388,#2389,#2397));
#2380 = ORIENTED_EDGE('',*,*,#2381,.F.);
#2381 = EDGE_CURVE('',#912,#2382,#2384,.T.);
#2382 = VERTEX_POINT('',#2383);
#2383 = CARTESIAN_POINT('',(-32.,26.5,36.));
#2384 = LINE('',#2385,#2386);
#2385 = CARTESIAN_POINT('',(-52.,26.5,36.));
#2386 = VECTOR('',#2387,1.);
#2387 = DIRECTION('',(1.,0.,0.));
#2388 = ORIENTED_EDGE('',*,*,#911,.T.);
#2389 = ORIENTED_EDGE('',*,*,#2390,.T.);
#2390 = EDGE_CURVE('',#914,#2391,#2393,.T.);
#2391 = VERTEX_POINT('',#2392);
#2392 = CARTESIAN_POINT('',(-32.,26.5,41.));
#2393 = LINE('',#2394,#2395);
#2394 = CARTESIAN_POINT('',(-52.,26.5,41.));
#2395 = VECTOR('',#2396,1.);
#2396 = DIRECTION('',(1.,0.,0.));
#2397 = ORIENTED_EDGE('',*,*,#2398,.F.);
#2398 = EDGE_CURVE('',#2382,#2391,#2399,.T.);
#2399 = LINE('',#2400,#2401);
#2400 = CARTESIAN_POINT('',(-32.,26.5,36.));
#2401 = VECTOR('',#2402,1.);
#2402 = DIRECTION('',(0.,0.,1.));
#2403 = PLANE('',#2404);
#2404 = AXIS2_PLACEMENT_3D('',#2405,#2406,#2407);
#2405 = CARTESIAN_POINT('',(-52.,26.5,36.));
#2406 = DIRECTION('',(0.,1.,0.));
#2407 = DIRECTION('',(0.,0.,1.));
#2408 = ADVANCED_FACE('',(#2409,#2761),#2781,.T.);
#2409 = FACE_BOUND('',#2410,.T.);
#2410 = EDGE_LOOP('',(#2411,#2412,#2413,#2421,#2463,#2471,#2479,#2487,
    #2499,#2510,#2518,#2657,#2665,#2673,#2682,#2691,#2699,#2707,#2715,
    #2723,#2731,#2739,#2747,#2755));
#2411 = ORIENTED_EDGE('',*,*,#2390,.F.);
#2412 = ORIENTED_EDGE('',*,*,#953,.T.);
#2413 = ORIENTED_EDGE('',*,*,#2414,.T.);
#2414 = EDGE_CURVE('',#946,#2415,#2417,.T.);
#2415 = VERTEX_POINT('',#2416);
#2416 = CARTESIAN_POINT('',(-41.55990321235,22.8,41.));
#2417 = LINE('',#2418,#2419);
#2418 = CARTESIAN_POINT('',(-52.,22.8,41.));
#2419 = VECTOR('',#2420,1.);
#2420 = DIRECTION('',(1.,0.,0.));
#2421 = ORIENTED_EDGE('',*,*,#2422,.F.);
#2422 = EDGE_CURVE('',#2423,#2415,#2425,.T.);
#2423 = VERTEX_POINT('',#2424);
#2424 = CARTESIAN_POINT('',(-38.44009678764,22.8,41.));
#2425 = B_SPLINE_CURVE_WITH_KNOTS('',6,(#2426,#2427,#2428,#2429,#2430,
    #2431,#2432,#2433,#2434,#2435,#2436,#2437,#2438,#2439,#2440,#2441,
    #2442,#2443,#2444,#2445,#2446,#2447,#2448,#2449,#2450,#2451,#2452,
    #2453,#2454,#2455,#2456,#2457,#2458,#2459,#2460,#2461,#2462),
  .UNSPECIFIED.,.F.,.F.,(7,5,5,5,5,5,5,7),(0.,0.162279111785,
    0.265903540565,0.499301937861,0.665268681668,0.737859189708,
    0.841534327807,1.),.UNSPECIFIED.);
#2426 = CARTESIAN_POINT('',(-38.36986544617,22.73,41.));
#2427 = CARTESIAN_POINT('',(-38.43892074066,22.801598169874,41.));
#2428 = CARTESIAN_POINT('',(-38.51129381739,22.869866700289,41.));
#2429 = CARTESIAN_POINT('',(-38.58686010823,22.934539320684,41.));
#2430 = CARTESIAN_POINT('',(-38.66546247839,22.995355603424,41.));
#2431 = CARTESIAN_POINT('',(-38.74690771065,23.052066761946,41.));
#2432 = CARTESIAN_POINT('',(-38.88463705887,23.137885660923,41.));
#2433 = CARTESIAN_POINT('',(-38.9393759802,23.16956220036,41.));
#2434 = CARTESIAN_POINT('',(-38.99511941021,23.19941064103,41.));
#2435 = CARTESIAN_POINT('',(-39.05180166008,23.227375017666,41.));
#2436 = CARTESIAN_POINT('',(-39.10935169558,23.253403825925,41.));
#2437 = CARTESIAN_POINT('',(-39.29909843516,23.331610453298,41.));
#2438 = CARTESIAN_POINT('',(-39.43453689369,23.375721228027,41.));
#2439 = CARTESIAN_POINT('',(-39.5731046877,23.409230749282,41.));
#2440 = CARTESIAN_POINT('',(-39.71382167409,23.431767061419,41.));
#2441 = CARTESIAN_POINT('',(-39.8556433395,23.443117242463,41.));
#2442 = CARTESIAN_POINT('',(-40.09830628375,23.443402701811,41.));
#2443 = CARTESIAN_POINT('',(-40.19916091176,23.437866394311,41.));
#2444 = CARTESIAN_POINT('',(-40.29963338236,23.426674593242,41.));
#2445 = CARTESIAN_POINT('',(-40.39934292859,23.409877521068,41.));
#2446 = CARTESIAN_POINT('',(-40.49792133918,23.387573709701,41.));
#2447 = CARTESIAN_POINT('',(-40.63748108895,23.347806903002,41.));
#2448 = CARTESIAN_POINT('',(-40.67966421873,23.334680268448,41.));
#2449 = CARTESIAN_POINT('',(-40.72153474163,23.320539624771,41.));
#2450 = CARTESIAN_POINT('',(-40.76306453934,23.305398395007,41.));
#2451 = CARTESIAN_POINT('',(-40.80422652139,23.289271428383,41.));
#2452 = CARTESIAN_POINT('',(-40.90322040289,23.247757558024,41.));
#2453 = CARTESIAN_POINT('',(-40.96064296843,23.221362327564,41.));
#2454 = CARTESIAN_POINT('',(-41.01718636135,23.193037008185,41.));
#2455 = CARTESIAN_POINT('',(-41.07278001427,23.16283369782,41.));
#2456 = CARTESIAN_POINT('',(-41.12735875289,23.130808893082,41.));
#2457 = CARTESIAN_POINT('',(-41.26264280905,23.045383078427,41.));
#2458 = CARTESIAN_POINT('',(-41.34191337065,22.989628214768,41.));
#2459 = CARTESIAN_POINT('',(-41.41846011069,22.929975589048,41.));
#2460 = CARTESIAN_POINT('',(-41.4921046446,22.866657413431,41.));
#2461 = CARTESIAN_POINT('',(-41.56270141842,22.799916276786,41.));
#2462 = CARTESIAN_POINT('',(-41.63013455382,22.73,41.));
#2463 = ORIENTED_EDGE('',*,*,#2464,.T.);
#2464 = EDGE_CURVE('',#2423,#2465,#2467,.T.);
#2465 = VERTEX_POINT('',#2466);
#2466 = CARTESIAN_POINT('',(-35.5,22.8,41.));
#2467 = LINE('',#2468,#2469);
#2468 = CARTESIAN_POINT('',(-52.,22.8,41.));
#2469 = VECTOR('',#2470,1.);
#2470 = DIRECTION('',(1.,0.,0.));
#2471 = ORIENTED_EDGE('',*,*,#2472,.F.);
#2472 = EDGE_CURVE('',#2473,#2465,#2475,.T.);
#2473 = VERTEX_POINT('',#2474);
#2474 = CARTESIAN_POINT('',(-35.5,21.5,41.));
#2475 = LINE('',#2476,#2477);
#2476 = CARTESIAN_POINT('',(-35.5,11.25,41.));
#2477 = VECTOR('',#2478,1.);
#2478 = DIRECTION('',(0.,1.,0.));
#2479 = ORIENTED_EDGE('',*,*,#2480,.F.);
#2480 = EDGE_CURVE('',#2481,#2473,#2483,.T.);
#2481 = VERTEX_POINT('',#2482);
#2482 = CARTESIAN_POINT('',(-37.68454690127,21.5,41.));
#2483 = LINE('',#2484,#2485);
#2484 = CARTESIAN_POINT('',(-52.,21.5,41.));
#2485 = VECTOR('',#2486,1.);
#2486 = DIRECTION('',(1.,0.,0.));
#2487 = ORIENTED_EDGE('',*,*,#2488,.F.);
#2488 = EDGE_CURVE('',#2489,#2481,#2491,.T.);
#2489 = VERTEX_POINT('',#2490);
#2490 = CARTESIAN_POINT('',(-37.55,20.472135955,41.));
#2491 = B_SPLINE_CURVE_WITH_KNOTS('',6,(#2492,#2493,#2494,#2495,#2496,
    #2497,#2498),.UNSPECIFIED.,.F.,.F.,(7,7),(0.,1.),
  .PIECEWISE_BEZIER_KNOTS.);
#2492 = CARTESIAN_POINT('',(-37.55,20.472135955,41.));
#2493 = CARTESIAN_POINT('',(-37.55,20.699141925127,41.));
#2494 = CARTESIAN_POINT('',(-37.56402212716,20.925809956144,41.));
#2495 = CARTESIAN_POINT('',(-37.59341231704,21.151024294154,41.));
#2496 = CARTESIAN_POINT('',(-37.63937844198,21.373207522403,41.));
#2497 = CARTESIAN_POINT('',(-37.70286109008,21.590338063517,41.));
#2498 = CARTESIAN_POINT('',(-37.78430783314,21.8,41.));
#2499 = ORIENTED_EDGE('',*,*,#2500,.T.);
#2500 = EDGE_CURVE('',#2489,#2501,#2503,.T.);
#2501 = VERTEX_POINT('',#2502);
#2502 = CARTESIAN_POINT('',(-37.66222442051,19.426539302229,41.));
#2503 = B_SPLINE_CURVE_WITH_KNOTS('',5,(#2504,#2505,#2506,#2507,#2508,
    #2509),.UNSPECIFIED.,.F.,.F.,(6,6),(0.,1.),
  .PIECEWISE_BEZIER_KNOTS.);
#2504 = CARTESIAN_POINT('',(-37.55,20.472135955,41.));
#2505 = CARTESIAN_POINT('',(-37.55,20.261998244694,41.));
#2506 = CARTESIAN_POINT('',(-37.56251690624,20.0515618754,41.));
#2507 = CARTESIAN_POINT('',(-37.58631184673,19.841837291895,41.));
#2508 = CARTESIAN_POINT('',(-37.62002153796,19.633430034251,41.));
#2509 = CARTESIAN_POINT('',(-37.66222442051,19.426539302229,41.));
#2510 = ORIENTED_EDGE('',*,*,#2511,.T.);
#2511 = EDGE_CURVE('',#2501,#2512,#2514,.T.);
#2512 = VERTEX_POINT('',#2513);
#2513 = CARTESIAN_POINT('',(-38.92636381392,19.426539302229,41.));
#2514 = LINE('',#2515,#2516);
#2515 = CARTESIAN_POINT('',(-46.,19.426539302229,41.));
#2516 = VECTOR('',#2517,1.);
#2517 = DIRECTION('',(-1.,-5.E-16,0.));
#2518 = ORIENTED_EDGE('',*,*,#2519,.T.);
#2519 = EDGE_CURVE('',#2512,#2520,#2522,.T.);
#2520 = VERTEX_POINT('',#2521);
#2521 = CARTESIAN_POINT('',(-39.79050825233,18.5,41.));
#2522 = B_SPLINE_CURVE_WITH_KNOTS('',7,(#2523,#2524,#2525,#2526,#2527,
    #2528,#2529,#2530,#2531,#2532,#2533,#2534,#2535,#2536,#2537,#2538,
    #2539,#2540,#2541,#2542,#2543,#2544,#2545,#2546,#2547,#2548,#2549,
    #2550,#2551,#2552,#2553,#2554,#2555,#2556,#2557,#2558,#2559,#2560,
    #2561,#2562,#2563,#2564,#2565,#2566,#2567,#2568,#2569,#2570,#2571,
    #2572,#2573,#2574,#2575,#2576,#2577,#2578,#2579,#2580,#2581,#2582,
    #2583,#2584,#2585,#2586,#2587,#2588,#2589,#2590,#2591,#2592,#2593,
    #2594,#2595,#2596,#2597,#2598,#2599,#2600,#2601,#2602,#2603,#2604,
    #2605,#2606,#2607,#2608,#2609,#2610,#2611,#2612,#2613,#2614,#2615,
    #2616,#2617,#2618,#2619,#2620,#2621,#2622,#2623,#2624,#2625,#2626,
    #2627,#2628,#2629,#2630,#2631,#2632,#2633,#2634,#2635,#2636,#2637,
    #2638,#2639,#2640,#2641,#2642,#2643,#2644,#2645,#2646,#2647,#2648,
    #2649,#2650,#2651,#2652,#2653,#2654,#2655,#2656),.UNSPECIFIED.,.T.,
  .F.,(8,6,6,6,6,6,6,6,6,6,6,6,6,6,6,6,6,6,6,6,6,6,8),(0.,
    7.857525040791E-02,0.177758524004,0.205651634215,0.227268797951,
    0.260270099084,0.282978683684,0.314543616808,0.342407640828,
    0.365435096855,0.383772173404,0.442614189345,0.556347021393,
    0.615248518839,0.667699006554,0.697855443106,0.716670248159,
    0.759932480919,0.800557198997,0.818431355237,0.84570793075,
    0.891912303708,1.),.UNSPECIFIED.);
#2523 = CARTESIAN_POINT('',(-38.7,20.472135955,41.));
#2524 = CARTESIAN_POINT('',(-38.69999997068,20.358517430384,41.));
#2525 = CARTESIAN_POINT('',(-38.7064362997,20.24457993045,41.));
#2526 = CARTESIAN_POINT('',(-38.71906825895,20.130802147542,41.));
#2527 = CARTESIAN_POINT('',(-38.73766293188,20.017624582771,41.));
#2528 = CARTESIAN_POINT('',(-38.76199938439,19.905454404076,41.));
#2529 = CARTESIAN_POINT('',(-38.79188890544,19.794677437714,41.));
#2530 = CARTESIAN_POINT('',(-38.87179792169,19.548090122888,41.));
#2531 = CARTESIAN_POINT('',(-38.924976098,19.413529288979,41.));
#2532 = CARTESIAN_POINT('',(-38.98653866551,19.282543170725,41.));
#2533 = CARTESIAN_POINT('',(-39.0564080029,19.156015529449,41.));
#2534 = CARTESIAN_POINT('',(-39.13463144109,19.035283749483,41.));
#2535 = CARTESIAN_POINT('',(-39.22131403102,18.922078979738,41.));
#2536 = CARTESIAN_POINT('',(-39.34425540418,18.790381237121,41.));
#2537 = CARTESIAN_POINT('',(-39.37195803794,18.762315420664,41.));
#2538 = CARTESIAN_POINT('',(-39.40038782774,18.735160774395,41.));
#2539 = CARTESIAN_POINT('',(-39.42955204111,18.709000197531,41.));
#2540 = CARTESIAN_POINT('',(-39.45945432919,18.683928982493,41.));
#2541 = CARTESIAN_POINT('',(-39.4900938543,18.6600538951,41.));
#2542 = CARTESIAN_POINT('',(-39.54577661037,18.620006923453,41.));
#2543 = CARTESIAN_POINT('',(-39.57052647663,18.603311546291,41.));
#2544 = CARTESIAN_POINT('',(-39.59571031491,18.587460563958,41.));
#2545 = CARTESIAN_POINT('',(-39.62132025117,18.572514012267,41.));
#2546 = CARTESIAN_POINT('',(-39.64734333846,18.558535394582,41.));
#2547 = CARTESIAN_POINT('',(-39.67376065666,18.545589554253,41.));
#2548 = CARTESIAN_POINT('',(-39.74143833461,18.515651352672,41.));
#2549 = CARTESIAN_POINT('',(-39.78319793452,18.500114615969,41.));
#2550 = CARTESIAN_POINT('',(-39.82571748549,18.487364982433,41.));
#2551 = CARTESIAN_POINT('',(-39.86885762722,18.477622632797,41.));
#2552 = CARTESIAN_POINT('',(-39.91244452398,18.471063207633,41.));
#2553 = CARTESIAN_POINT('',(-39.95626702333,18.467787731957,41.));
#2554 = CARTESIAN_POINT('',(-40.03021786173,18.467795808523,41.));
#2555 = CARTESIAN_POINT('',(-40.06036464386,18.469352122967,41.));
#2556 = CARTESIAN_POINT('',(-40.09043678044,18.472462103098,41.));
#2557 = CARTESIAN_POINT('',(-40.12036342453,18.477103867461,41.));
#2558 = CARTESIAN_POINT('',(-40.15008018377,18.483236852716,41.));
#2559 = CARTESIAN_POINT('',(-40.17952904136,18.490805633141,41.));
#2560 = CARTESIAN_POINT('',(-40.24914784873,18.512167371851,41.));
#2561 = CARTESIAN_POINT('',(-40.28902361015,18.527239297736,41.));
#2562 = CARTESIAN_POINT('',(-40.32815664749,18.544781418834,41.));
#2563 = CARTESIAN_POINT('',(-40.36645718657,18.564591108857,41.));
#2564 = CARTESIAN_POINT('',(-40.40386812665,18.58645946719,41.));
#2565 = CARTESIAN_POINT('',(-40.44035857436,18.610189571895,41.));
#2566 = CARTESIAN_POINT('',(-40.50730697267,18.658058505929,41.));
#2567 = CARTESIAN_POINT('',(-40.53796763146,18.68182005074,41.));
#2568 = CARTESIAN_POINT('',(-40.56789273531,18.706781850462,41.));
#2569 = CARTESIAN_POINT('',(-40.59708114713,18.732836860338,41.));
#2570 = CARTESIAN_POINT('',(-40.6255363182,18.759889468161,41.));
#2571 = CARTESIAN_POINT('',(-40.65326539498,18.787856454905,41.));
#2572 = CARTESIAN_POINT('',(-40.70260244962,18.840478501726,41.));
#2573 = CARTESIAN_POINT('',(-40.72443634848,18.864864345488,41.));
#2574 = CARTESIAN_POINT('',(-40.74578495903,18.889785314428,41.));
#2575 = CARTESIAN_POINT('',(-40.76665302851,18.915204933429,41.));
#2576 = CARTESIAN_POINT('',(-40.78704511499,18.941090424453,41.));
#2577 = CARTESIAN_POINT('',(-40.80696558733,18.967412706543,41.));
#2578 = CARTESIAN_POINT('',(-40.84190932483,19.015434747024,41.));
#2579 = CARTESIAN_POINT('',(-40.85710348291,19.036983581853,41.));
#2580 = CARTESIAN_POINT('',(-40.87200308416,19.058779881493,41.));
#2581 = CARTESIAN_POINT('',(-40.88660987664,19.080811537389,41.));
#2582 = CARTESIAN_POINT('',(-40.90092537173,19.103067351245,41.));
#2583 = CARTESIAN_POINT('',(-40.91495084411,19.125537035021,41.));
#2584 = CARTESIAN_POINT('',(-40.97276646441,19.220970539422,41.));
#2585 = CARTESIAN_POINT('',(-41.01386456695,19.295825465851,41.));
#2586 = CARTESIAN_POINT('',(-41.05202638902,19.372476885484,41.));
#2587 = CARTESIAN_POINT('',(-41.08725375388,19.450679953655,41.));
#2588 = CARTESIAN_POINT('',(-41.11952476803,19.530225924252,41.));
#2589 = CARTESIAN_POINT('',(-41.14880273285,19.610932225404,41.));
#2590 = CARTESIAN_POINT('',(-41.22573717656,19.850571998224,41.));
#2591 = CARTESIAN_POINT('',(-41.26502715419,20.012133686259,41.));
#2592 = CARTESIAN_POINT('',(-41.29256514263,20.176241369796,41.));
#2593 = CARTESIAN_POINT('',(-41.30768055565,20.341735642402,41.));
#2594 = CARTESIAN_POINT('',(-41.30960818766,20.507281608692,41.));
#2595 = CARTESIAN_POINT('',(-41.29761977065,20.671310507842,41.));
#2596 = CARTESIAN_POINT('',(-41.25729088778,20.915225119481,41.));
#2597 = CARTESIAN_POINT('',(-41.23962447319,20.997528713063,41.));
#2598 = CARTESIAN_POINT('',(-41.21796604155,21.078648726015,41.));
#2599 = CARTESIAN_POINT('',(-41.19224219662,21.158285202939,41.));
#2600 = CARTESIAN_POINT('',(-41.16240128002,21.236106732516,41.));
#2601 = CARTESIAN_POINT('',(-41.12842312062,21.311753382416,41.));
#2602 = CARTESIAN_POINT('',(-41.05640659269,21.44992159423,41.));
#2603 = CARTESIAN_POINT('',(-41.01922100842,21.512972003304,41.));
#2604 = CARTESIAN_POINT('',(-40.97878877824,21.573717804565,41.));
#2605 = CARTESIAN_POINT('',(-40.9351543331,21.631867371809,41.));
#2606 = CARTESIAN_POINT('',(-40.88839698724,21.687117488267,41.));
#2607 = CARTESIAN_POINT('',(-40.83863813751,21.739160325396,41.));
#2608 = CARTESIAN_POINT('',(-40.75581196967,21.81559268458,41.));
#2609 = CARTESIAN_POINT('',(-40.72463956958,21.842334765031,41.));
#2610 = CARTESIAN_POINT('',(-40.69256335733,21.867857901864,41.));
#2611 = CARTESIAN_POINT('',(-40.65962074828,21.892105350316,41.));
#2612 = CARTESIAN_POINT('',(-40.62585447837,21.915022382002,41.));
#2613 = CARTESIAN_POINT('',(-40.59131260414,21.936556284911,41.));
#2614 = CARTESIAN_POINT('',(-40.53404699661,21.969197059247,41.));
#2615 = CARTESIAN_POINT('',(-40.51176432107,21.981179963259,41.));
#2616 = CARTESIAN_POINT('',(-40.48921347403,21.992592937991,41.));
#2617 = CARTESIAN_POINT('',(-40.46640818603,22.003424506595,41.));
#2618 = CARTESIAN_POINT('',(-40.44336292019,22.013663852829,41.));
#2619 = CARTESIAN_POINT('',(-40.4200928722,22.023300821056,41.));
#2620 = CARTESIAN_POINT('',(-40.34262720926,22.053078085775,41.));
#2621 = CARTESIAN_POINT('',(-40.28753271575,22.070596564368,41.));
#2622 = CARTESIAN_POINT('',(-40.23152880103,22.084765167595,41.));
#2623 = CARTESIAN_POINT('',(-40.17482650815,22.095492926231,41.));
#2624 = CARTESIAN_POINT('',(-40.11764805572,22.102716495119,41.));
#2625 = CARTESIAN_POINT('',(-40.06022528149,22.106402562033,41.));
#2626 = CARTESIAN_POINT('',(-39.94887197485,22.106689053087,41.));
#2627 = CARTESIAN_POINT('',(-39.89493600228,22.103707846483,41.));
#2628 = CARTESIAN_POINT('',(-39.84118816268,22.097605860968,41.));
#2629 = CARTESIAN_POINT('',(-39.78782081451,22.088407521216,41.));
#2630 = CARTESIAN_POINT('',(-39.73501948314,22.076160826139,41.));
#2631 = CARTESIAN_POINT('',(-39.68296166377,22.060935722702,41.));
#2632 = CARTESIAN_POINT('',(-39.60931228519,22.03485301172,41.));
#2633 = CARTESIAN_POINT('',(-39.58698493648,22.026324260787,41.));
#2634 = CARTESIAN_POINT('',(-39.56484761464,22.017243874408,41.));
#2635 = CARTESIAN_POINT('',(-39.5429137817,22.007620081632,41.));
#2636 = CARTESIAN_POINT('',(-39.52119632522,21.997461693085,41.));
#2637 = CARTESIAN_POINT('',(-39.49970755825,21.986778100973,41.));
#2638 = CARTESIAN_POINT('',(-39.44603352775,21.958489608709,41.));
#2639 = CARTESIAN_POINT('',(-39.41416762409,21.940199527222,41.));
#2640 = CARTESIAN_POINT('',(-39.38290317333,21.920744908296,41.));
#2641 = CARTESIAN_POINT('',(-39.35227828678,21.900163323928,41.));
#2642 = CARTESIAN_POINT('',(-39.32232752211,21.878494044436,41.));
#2643 = CARTESIAN_POINT('',(-39.29308188337,21.855778038456,41.));
#2644 = CARTESIAN_POINT('',(-39.21626994932,21.791877887498,41.));
#2645 = CARTESIAN_POINT('',(-39.17007248684,21.748814787077,41.));
#2646 = CARTESIAN_POINT('',(-39.12611104374,21.703074070264,41.));
#2647 = CARTESIAN_POINT('',(-39.08448920718,21.654865763428,41.));
#2648 = CARTESIAN_POINT('',(-39.04528327388,21.604400154107,41.));
#2649 = CARTESIAN_POINT('',(-39.00854598273,21.551883424391,41.));
#2650 = CARTESIAN_POINT('',(-38.89422107552,21.3703235192,41.));
#2651 = CARTESIAN_POINT('',(-38.82784480602,21.233025924627,41.));
#2652 = CARTESIAN_POINT('',(-38.77554189566,21.088108398285,41.));
#2653 = CARTESIAN_POINT('',(-38.73715016138,20.93781691634,41.));
#2654 = CARTESIAN_POINT('',(-38.7121807001,20.7840751812,41.));
#2655 = CARTESIAN_POINT('',(-38.70000025097,20.628446223031,41.));
#2656 = CARTESIAN_POINT('',(-38.7,20.472135955,41.));
#2657 = ORIENTED_EDGE('',*,*,#2658,.T.);
#2658 = EDGE_CURVE('',#2520,#2659,#2661,.T.);
#2659 = VERTEX_POINT('',#2660);
#2660 = CARTESIAN_POINT('',(-35.5,18.5,41.));
#2661 = LINE('',#2662,#2663);
#2662 = CARTESIAN_POINT('',(-52.,18.5,41.));
#2663 = VECTOR('',#2664,1.);
#2664 = DIRECTION('',(1.,0.,0.));
#2665 = ORIENTED_EDGE('',*,*,#2666,.F.);
#2666 = EDGE_CURVE('',#2667,#2659,#2669,.T.);
#2667 = VERTEX_POINT('',#2668);
#2668 = CARTESIAN_POINT('',(-35.5,12.993559577416,41.));
#2669 = LINE('',#2670,#2671);
#2670 = CARTESIAN_POINT('',(-35.5,11.25,41.));
#2671 = VECTOR('',#2672,1.);
#2672 = DIRECTION('',(0.,1.,0.));
#2673 = ORIENTED_EDGE('',*,*,#2674,.T.);
#2674 = EDGE_CURVE('',#2667,#2675,#2677,.T.);
#2675 = VERTEX_POINT('',#2676);
#2676 = CARTESIAN_POINT('',(-31.7,11.25,41.));
#2677 = CIRCLE('',#2678,2.3);
#2678 = AXIS2_PLACEMENT_3D('',#2679,#2680,#2681);
#2679 = CARTESIAN_POINT('',(-34.,11.25,41.));
#2680 = DIRECTION('',(0.,0.,1.));
#2681 = DIRECTION('',(1.,0.,0.));
#2682 = ORIENTED_EDGE('',*,*,#2683,.T.);
#2683 = EDGE_CURVE('',#2675,#2684,#2686,.T.);
#2684 = VERTEX_POINT('',#2685);
#2685 = CARTESIAN_POINT('',(-32.5,12.993559577416,41.));
#2686 = CIRCLE('',#2687,2.3);
#2687 = AXIS2_PLACEMENT_3D('',#2688,#2689,#2690);
#2688 = CARTESIAN_POINT('',(-34.,11.25,41.));
#2689 = DIRECTION('',(0.,0.,1.));
#2690 = DIRECTION('',(1.,0.,0.));
#2691 = ORIENTED_EDGE('',*,*,#2692,.T.);
#2692 = EDGE_CURVE('',#2684,#2693,#2695,.T.);
#2693 = VERTEX_POINT('',#2694);
#2694 = CARTESIAN_POINT('',(-32.5,18.5,41.));
#2695 = LINE('',#2696,#2697);
#2696 = CARTESIAN_POINT('',(-32.5,11.25,41.));
#2697 = VECTOR('',#2698,1.);
#2698 = DIRECTION('',(0.,1.,0.));
#2699 = ORIENTED_EDGE('',*,*,#2700,.T.);
#2700 = EDGE_CURVE('',#2693,#2701,#2703,.T.);
#2701 = VERTEX_POINT('',#2702);
#2702 = CARTESIAN_POINT('',(-28.,18.5,41.));
#2703 = LINE('',#2704,#2705);
#2704 = CARTESIAN_POINT('',(-52.,18.5,41.));
#2705 = VECTOR('',#2706,1.);
#2706 = DIRECTION('',(1.,0.,0.));
#2707 = ORIENTED_EDGE('',*,*,#2708,.T.);
#2708 = EDGE_CURVE('',#2701,#2709,#2711,.T.);
#2709 = VERTEX_POINT('',#2710);
#2710 = CARTESIAN_POINT('',(-28.,21.5,41.));
#2711 = LINE('',#2712,#2713);
#2712 = CARTESIAN_POINT('',(-28.,18.5,41.));
#2713 = VECTOR('',#2714,1.);
#2714 = DIRECTION('',(0.,1.,0.));
#2715 = ORIENTED_EDGE('',*,*,#2716,.F.);
#2716 = EDGE_CURVE('',#2717,#2709,#2719,.T.);
#2717 = VERTEX_POINT('',#2718);
#2718 = CARTESIAN_POINT('',(-32.5,21.5,41.));
#2719 = LINE('',#2720,#2721);
#2720 = CARTESIAN_POINT('',(-52.,21.5,41.));
#2721 = VECTOR('',#2722,1.);
#2722 = DIRECTION('',(1.,0.,0.));
#2723 = ORIENTED_EDGE('',*,*,#2724,.T.);
#2724 = EDGE_CURVE('',#2717,#2725,#2727,.T.);
#2725 = VERTEX_POINT('',#2726);
#2726 = CARTESIAN_POINT('',(-32.5,22.8,41.));
#2727 = LINE('',#2728,#2729);
#2728 = CARTESIAN_POINT('',(-32.5,11.25,41.));
#2729 = VECTOR('',#2730,1.);
#2730 = DIRECTION('',(0.,1.,0.));
#2731 = ORIENTED_EDGE('',*,*,#2732,.T.);
#2732 = EDGE_CURVE('',#2725,#2733,#2735,.T.);
#2733 = VERTEX_POINT('',#2734);
#2734 = CARTESIAN_POINT('',(-26.,22.8,41.));
#2735 = LINE('',#2736,#2737);
#2736 = CARTESIAN_POINT('',(-52.,22.8,41.));
#2737 = VECTOR('',#2738,1.);
#2738 = DIRECTION('',(1.,0.,0.));
#2739 = ORIENTED_EDGE('',*,*,#2740,.T.);
#2740 = EDGE_CURVE('',#2733,#2741,#2743,.T.);
#2741 = VERTEX_POINT('',#2742);
#2742 = CARTESIAN_POINT('',(-26.,25.,41.));
#2743 = LINE('',#2744,#2745);
#2744 = CARTESIAN_POINT('',(-26.,22.8,41.));
#2745 = VECTOR('',#2746,1.);
#2746 = DIRECTION('',(0.,1.,0.));
#2747 = ORIENTED_EDGE('',*,*,#2748,.F.);
#2748 = EDGE_CURVE('',#2749,#2741,#2751,.T.);
#2749 = VERTEX_POINT('',#2750);
#2750 = CARTESIAN_POINT('',(-32.,25.,41.));
#2751 = LINE('',#2752,#2753);
#2752 = CARTESIAN_POINT('',(-52.,25.,41.));
#2753 = VECTOR('',#2754,1.);
#2754 = DIRECTION('',(1.,0.,0.));
#2755 = ORIENTED_EDGE('',*,*,#2756,.T.);
#2756 = EDGE_CURVE('',#2749,#2391,#2757,.T.);
#2757 = LINE('',#2758,#2759);
#2758 = CARTESIAN_POINT('',(-32.,23.5,41.));
#2759 = VECTOR('',#2760,1.);
#2760 = DIRECTION('',(0.,1.,0.));
#2761 = FACE_BOUND('',#2762,.T.);
#2762 = EDGE_LOOP('',(#2763,#2774));
#2763 = ORIENTED_EDGE('',*,*,#2764,.F.);
#2764 = EDGE_CURVE('',#2765,#2767,#2769,.T.);
#2765 = VERTEX_POINT('',#2766);
#2766 = CARTESIAN_POINT('',(-33.5,11.25,41.));
#2767 = VERTEX_POINT('',#2768);
#2768 = CARTESIAN_POINT('',(-34.5,11.25,41.));
#2769 = CIRCLE('',#2770,0.5);
#2770 = AXIS2_PLACEMENT_3D('',#2771,#2772,#2773);
#2771 = CARTESIAN_POINT('',(-34.,11.25,41.));
#2772 = DIRECTION('',(0.,0.,1.));
#2773 = DIRECTION('',(1.,0.,0.));
#2774 = ORIENTED_EDGE('',*,*,#2775,.F.);
#2775 = EDGE_CURVE('',#2767,#2765,#2776,.T.);
#2776 = CIRCLE('',#2777,0.5);
#2777 = AXIS2_PLACEMENT_3D('',#2778,#2779,#2780);
#2778 = CARTESIAN_POINT('',(-34.,11.25,41.));
#2779 = DIRECTION('',(0.,0.,1.));
#2780 = DIRECTION('',(1.,0.,0.));
#2781 = PLANE('',#2782);
#2782 = AXIS2_PLACEMENT_3D('',#2783,#2784,#2785);
#2783 = CARTESIAN_POINT('',(-38.75646920586,20.848474898827,41.));
#2784 = DIRECTION('',(0.,0.,1.));
#2785 = DIRECTION('',(1.,0.,0.));
#2786 = ADVANCED_FACE('',(#2787),#2844,.F.);
#2787 = FACE_BOUND('',#2788,.F.);
#2788 = EDGE_LOOP('',(#2789,#2797,#2798,#2799));
#2789 = ORIENTED_EDGE('',*,*,#2790,.F.);
#2790 = EDGE_CURVE('',#938,#2791,#2793,.T.);
#2791 = VERTEX_POINT('',#2792);
#2792 = CARTESIAN_POINT('',(-40.21690933784,22.8,40.));
#2793 = LINE('',#2794,#2795);
#2794 = CARTESIAN_POINT('',(-52.,22.8,40.));
#2795 = VECTOR('',#2796,1.);
#2796 = DIRECTION('',(1.,0.,0.));
#2797 = ORIENTED_EDGE('',*,*,#945,.T.);
#2798 = ORIENTED_EDGE('',*,*,#2414,.T.);
#2799 = ORIENTED_EDGE('',*,*,#2800,.T.);
#2800 = EDGE_CURVE('',#2415,#2791,#2801,.T.);
#2801 = B_SPLINE_CURVE_WITH_KNOTS('',6,(#2802,#2803,#2804,#2805,#2806,
    #2807,#2808,#2809,#2810,#2811,#2812,#2813,#2814,#2815,#2816,#2817,
    #2818,#2819,#2820,#2821,#2822,#2823,#2824,#2825,#2826,#2827,#2828,
    #2829,#2830,#2831,#2832,#2833,#2834,#2835,#2836,#2837,#2838,#2839,
    #2840,#2841,#2842,#2843),.UNSPECIFIED.,.F.,.F.,(7,5,5,5,5,5,5,5,7),(
    0.,0.219609146145,0.319740043124,0.414371317791,0.498291110672,
    0.623604428152,0.683392739676,0.780639162197,1.),.UNSPECIFIED.);
#2802 = CARTESIAN_POINT('',(-41.61881452516,22.8,41.1));
#2803 = CARTESIAN_POINT('',(-41.54290889862,22.8,40.965697381787));
#2804 = CARTESIAN_POINT('',(-41.45972781788,22.8,40.836110518832));
#2805 = CARTESIAN_POINT('',(-41.36873620636,22.8,40.71221183754));
#2806 = CARTESIAN_POINT('',(-41.26952270049,22.8,40.595377529108));
#2807 = CARTESIAN_POINT('',(-41.1619103788,22.8,40.487304312936));
#2808 = CARTESIAN_POINT('',(-40.99332524149,22.8,40.345444383311));
#2809 = CARTESIAN_POINT('',(-40.93883961163,22.8,40.303238518554));
#2810 = CARTESIAN_POINT('',(-40.88269364977,22.8,40.26343530232));
#2811 = CARTESIAN_POINT('',(-40.8249415967,22.8,40.226227831218));
#2812 = CARTESIAN_POINT('',(-40.76566670968,22.8,40.191810061603));
#2813 = CARTESIAN_POINT('',(-40.64763936628,22.8,40.130652367083));
#2814 = CARTESIAN_POINT('',(-40.58903532428,22.8,40.103593685244));
#2815 = CARTESIAN_POINT('',(-40.5292771984,22.8,40.079349838062));
#2816 = CARTESIAN_POINT('',(-40.46849028554,22.8,40.058068620775));
#2817 = CARTESIAN_POINT('',(-40.40682498448,22.8,40.03987853407));
#2818 = CARTESIAN_POINT('',(-40.28915288556,22.8,40.011578870406));
#2819 = CARTESIAN_POINT('',(-40.23329272543,22.8,40.000786967159));
#2820 = CARTESIAN_POINT('',(-40.17700421141,22.8,39.992574384465));
#2821 = CARTESIAN_POINT('',(-40.12041993323,22.8,39.986990863215));
#2822 = CARTESIAN_POINT('',(-40.06367946665,22.8,39.98406320143));
#2823 = CARTESIAN_POINT('',(-39.92218672625,22.8,39.98338909006));
#2824 = CARTESIAN_POINT('',(-39.83740761742,22.8,39.98891085404));
#2825 = CARTESIAN_POINT('',(-39.75309244852,22.8,40.000363912866));
#2826 = CARTESIAN_POINT('',(-39.6696973816,22.8,40.017625035766));
#2827 = CARTESIAN_POINT('',(-39.58763358612,22.8,40.040464784347));
#2828 = CARTESIAN_POINT('',(-39.46892279401,22.8,40.081979783151));
#2829 = CARTESIAN_POINT('',(-39.43096210617,22.8,40.096589097726));
#2830 = CARTESIAN_POINT('',(-39.39342161781,22.8,40.11236480516));
#2831 = CARTESIAN_POINT('',(-39.35633415524,22.8,40.129271148577));
#2832 = CARTESIAN_POINT('',(-39.31972838089,22.8,40.14727008248));
#2833 = CARTESIAN_POINT('',(-39.22491237105,22.8,40.197308267531));
#2834 = CARTESIAN_POINT('',(-39.1675350037,22.8,40.231079728045));
#2835 = CARTESIAN_POINT('',(-39.11160156328,22.8,40.267464731197));
#2836 = CARTESIAN_POINT('',(-39.05718657778,22.8,40.306285661701));
#2837 = CARTESIAN_POINT('',(-39.00433888273,22.8,40.347365984709));
#2838 = CARTESIAN_POINT('',(-38.83747466281,22.8,40.487922099463));
#2839 = CARTESIAN_POINT('',(-38.73002374395,22.8,40.595911792516));
#2840 = CARTESIAN_POINT('',(-38.63095185047,22.8,40.712636669118));
#2841 = CARTESIAN_POINT('',(-38.54008207438,22.8,40.83640670044));
#2842 = CARTESIAN_POINT('',(-38.45700434002,22.8,40.965850891841));
#2843 = CARTESIAN_POINT('',(-38.38118547483,22.8,41.1));
#2844 = PLANE('',#2845);
#2845 = AXIS2_PLACEMENT_3D('',#2846,#2847,#2848);
#2846 = CARTESIAN_POINT('',(-52.,22.8,40.));
#2847 = DIRECTION('',(0.,1.,0.));
#2848 = DIRECTION('',(0.,0.,1.));
#2849 = ADVANCED_FACE('',(#2850),#2891,.F.);
#2850 = FACE_BOUND('',#2851,.F.);
#2851 = EDGE_LOOP('',(#2852,#2860,#2861,#2862,#2877,#2885));
#2852 = ORIENTED_EDGE('',*,*,#2853,.F.);
#2853 = EDGE_CURVE('',#930,#2854,#2856,.T.);
#2854 = VERTEX_POINT('',#2855);
#2855 = CARTESIAN_POINT('',(-35.5,23.5,40.));
#2856 = LINE('',#2857,#2858);
#2857 = CARTESIAN_POINT('',(-52.,23.5,40.));
#2858 = VECTOR('',#2859,1.);
#2859 = DIRECTION('',(1.,0.,0.));
#2860 = ORIENTED_EDGE('',*,*,#937,.T.);
#2861 = ORIENTED_EDGE('',*,*,#2790,.T.);
#2862 = ORIENTED_EDGE('',*,*,#2863,.F.);
#2863 = EDGE_CURVE('',#2864,#2791,#2866,.T.);
#2864 = VERTEX_POINT('',#2865);
#2865 = CARTESIAN_POINT('',(-39.78309066215,22.8,40.));
#2866 = B_SPLINE_CURVE_WITH_KNOTS('',5,(#2867,#2868,#2869,#2870,#2871,
    #2872,#2873,#2874,#2875,#2876),.UNSPECIFIED.,.F.,.F.,(6,4,6),(0.,
    0.50308139543,1.),.UNSPECIFIED.);
#2867 = CARTESIAN_POINT('',(-39.43552379001,22.73,40.));
#2868 = CARTESIAN_POINT('',(-39.54612979164,22.762624439859,40.));
#2869 = CARTESIAN_POINT('',(-39.65895151468,22.787393143963,40.));
#2870 = CARTESIAN_POINT('',(-39.77329873231,22.803960530581,40.));
#2871 = CARTESIAN_POINT('',(-39.88842249974,22.812140348773,40.));
#2872 = CARTESIAN_POINT('',(-40.11721796112,22.811731976249,40.));
#2873 = CARTESIAN_POINT('',(-40.23090310468,22.803347958509,40.));
#2874 = CARTESIAN_POINT('',(-40.34381251451,22.786785075138,40.));
#2875 = CARTESIAN_POINT('',(-40.45522511352,22.762224795883,40.));
#2876 = CARTESIAN_POINT('',(-40.56447620998,22.73,40.));
#2877 = ORIENTED_EDGE('',*,*,#2878,.T.);
#2878 = EDGE_CURVE('',#2864,#2879,#2881,.T.);
#2879 = VERTEX_POINT('',#2880);
#2880 = CARTESIAN_POINT('',(-35.5,22.8,40.));
#2881 = LINE('',#2882,#2883);
#2882 = CARTESIAN_POINT('',(-52.,22.8,40.));
#2883 = VECTOR('',#2884,1.);
#2884 = DIRECTION('',(1.,0.,0.));
#2885 = ORIENTED_EDGE('',*,*,#2886,.F.);
#2886 = EDGE_CURVE('',#2854,#2879,#2887,.T.);
#2887 = LINE('',#2888,#2889);
#2888 = CARTESIAN_POINT('',(-35.5,17.025,40.));
#2889 = VECTOR('',#2890,1.);
#2890 = DIRECTION('',(0.,-1.,0.));
#2891 = PLANE('',#2892);
#2892 = AXIS2_PLACEMENT_3D('',#2893,#2894,#2895);
#2893 = CARTESIAN_POINT('',(-52.,22.8,40.));
#2894 = DIRECTION('',(0.,0.,1.));
#2895 = DIRECTION('',(1.,0.,0.));
#2896 = ADVANCED_FACE('',(#2897),#2915,.F.);
#2897 = FACE_BOUND('',#2898,.F.);
#2898 = EDGE_LOOP('',(#2899,#2907,#2908,#2909));
#2899 = ORIENTED_EDGE('',*,*,#2900,.F.);
#2900 = EDGE_CURVE('',#922,#2901,#2903,.T.);
#2901 = VERTEX_POINT('',#2902);
#2902 = CARTESIAN_POINT('',(-35.5,23.5,36.));
#2903 = LINE('',#2904,#2905);
#2904 = CARTESIAN_POINT('',(-52.,23.5,36.));
#2905 = VECTOR('',#2906,1.);
#2906 = DIRECTION('',(1.,0.,0.));
#2907 = ORIENTED_EDGE('',*,*,#929,.T.);
#2908 = ORIENTED_EDGE('',*,*,#2853,.T.);
#2909 = ORIENTED_EDGE('',*,*,#2910,.T.);
#2910 = EDGE_CURVE('',#2854,#2901,#2911,.T.);
#2911 = LINE('',#2912,#2913);
#2912 = CARTESIAN_POINT('',(-35.5,23.5,36.));
#2913 = VECTOR('',#2914,1.);
#2914 = DIRECTION('',(0.,0.,-1.));
#2915 = PLANE('',#2916);
#2916 = AXIS2_PLACEMENT_3D('',#2917,#2918,#2919);
#2917 = CARTESIAN_POINT('',(-52.,23.5,36.));
#2918 = DIRECTION('',(0.,1.,0.));
#2919 = DIRECTION('',(0.,0.,1.));
#2920 = ADVANCED_FACE('',(#2921),#2964,.T.);
#2921 = FACE_BOUND('',#2922,.T.);
#2922 = EDGE_LOOP('',(#2923,#2924,#2932,#2940,#2948,#2956,#2962,#2963));
#2923 = ORIENTED_EDGE('',*,*,#2381,.T.);
#2924 = ORIENTED_EDGE('',*,*,#2925,.F.);
#2925 = EDGE_CURVE('',#2926,#2382,#2928,.T.);
#2926 = VERTEX_POINT('',#2927);
#2927 = CARTESIAN_POINT('',(-32.,23.5,36.));
#2928 = LINE('',#2929,#2930);
#2929 = CARTESIAN_POINT('',(-32.,23.5,36.));
#2930 = VECTOR('',#2931,1.);
#2931 = DIRECTION('',(0.,1.,0.));
#2932 = ORIENTED_EDGE('',*,*,#2933,.F.);
#2933 = EDGE_CURVE('',#2934,#2926,#2936,.T.);
#2934 = VERTEX_POINT('',#2935);
#2935 = CARTESIAN_POINT('',(-32.5,23.5,36.));
#2936 = LINE('',#2937,#2938);
#2937 = CARTESIAN_POINT('',(-52.,23.5,36.));
#2938 = VECTOR('',#2939,1.);
#2939 = DIRECTION('',(1.,0.,0.));
#2940 = ORIENTED_EDGE('',*,*,#2941,.F.);
#2941 = EDGE_CURVE('',#2942,#2934,#2944,.T.);
#2942 = VERTEX_POINT('',#2943);
#2943 = CARTESIAN_POINT('',(-32.5,11.25,36.));
#2944 = LINE('',#2945,#2946);
#2945 = CARTESIAN_POINT('',(-32.5,11.25,36.));
#2946 = VECTOR('',#2947,1.);
#2947 = DIRECTION('',(0.,1.,0.));
#2948 = ORIENTED_EDGE('',*,*,#2949,.F.);
#2949 = EDGE_CURVE('',#2950,#2942,#2952,.T.);
#2950 = VERTEX_POINT('',#2951);
#2951 = CARTESIAN_POINT('',(-35.5,11.25,36.));
#2952 = LINE('',#2953,#2954);
#2953 = CARTESIAN_POINT('',(-35.5,11.25,36.));
#2954 = VECTOR('',#2955,1.);
#2955 = DIRECTION('',(1.,0.,0.));
#2956 = ORIENTED_EDGE('',*,*,#2957,.T.);
#2957 = EDGE_CURVE('',#2950,#2901,#2958,.T.);
#2958 = LINE('',#2959,#2960);
#2959 = CARTESIAN_POINT('',(-35.5,11.25,36.));
#2960 = VECTOR('',#2961,1.);
#2961 = DIRECTION('',(0.,1.,0.));
#2962 = ORIENTED_EDGE('',*,*,#2900,.F.);
#2963 = ORIENTED_EDGE('',*,*,#921,.F.);
#2964 = PLANE('',#2965);
#2965 = AXIS2_PLACEMENT_3D('',#2966,#2967,#2968);
#2966 = CARTESIAN_POINT('',(-39.05824964132,21.792503586801,36.));
#2967 = DIRECTION('',(-0.,-0.,-1.));
#2968 = DIRECTION('',(-1.,0.,0.));
#2969 = ADVANCED_FACE('',(#2970),#3080,.F.);
#2970 = FACE_BOUND('',#2971,.F.);
#2971 = EDGE_LOOP('',(#2972,#2980,#2981,#2989,#3062,#3070));
#2972 = ORIENTED_EDGE('',*,*,#2973,.F.);
#2973 = EDGE_CURVE('',#962,#2974,#2976,.T.);
#2974 = VERTEX_POINT('',#2975);
#2975 = CARTESIAN_POINT('',(-41.98718707823,21.5,40.));
#2976 = LINE('',#2977,#2978);
#2977 = CARTESIAN_POINT('',(-52.,21.5,40.));
#2978 = VECTOR('',#2979,1.);
#2979 = DIRECTION('',(1.,0.,0.));
#2980 = ORIENTED_EDGE('',*,*,#961,.T.);
#2981 = ORIENTED_EDGE('',*,*,#2982,.T.);
#2982 = EDGE_CURVE('',#964,#2983,#2985,.T.);
#2983 = VERTEX_POINT('',#2984);
#2984 = CARTESIAN_POINT('',(-41.23370957886,18.5,40.));
#2985 = LINE('',#2986,#2987);
#2986 = CARTESIAN_POINT('',(-52.,18.5,40.));
#2987 = VECTOR('',#2988,1.);
#2988 = DIRECTION('',(1.,0.,0.));
#2989 = ORIENTED_EDGE('',*,*,#2990,.F.);
#2990 = EDGE_CURVE('',#2991,#2983,#2993,.T.);
#2991 = VERTEX_POINT('',#2992);
#2992 = CARTESIAN_POINT('',(-41.16157315881,20.283174127786,40.));
#2993 = B_SPLINE_CURVE_WITH_KNOTS('',7,(#2994,#2995,#2996,#2997,#2998,
    #2999,#3000,#3001,#3002,#3003,#3004,#3005,#3006,#3007,#3008,#3009,
    #3010,#3011,#3012,#3013,#3014,#3015,#3016,#3017,#3018,#3019,#3020,
    #3021,#3022,#3023,#3024,#3025,#3026,#3027,#3028,#3029,#3030,#3031,
    #3032,#3033,#3034,#3035,#3036,#3037,#3038,#3039,#3040,#3041,#3042,
    #3043,#3044,#3045,#3046,#3047,#3048,#3049,#3050,#3051,#3052,#3053,
    #3054,#3055,#3056,#3057,#3058,#3059,#3060,#3061),.UNSPECIFIED.,.F.,
  .F.,(8,6,6,6,6,6,6,6,6,6,6,8),(0.,0.218750193777,0.295709156423,
    0.336843111027,0.362532440956,0.418468949642,0.481386747604,
    0.51013347774,0.55782500479,0.655398993952,0.84387332581,1.),
  .UNSPECIFIED.);
#2994 = CARTESIAN_POINT('',(-38.7,19.316624790355,40.));
#2995 = CARTESIAN_POINT('',(-38.7,19.527948898331,40.));
#2996 = CARTESIAN_POINT('',(-38.71224565926,19.73753611598,40.));
#2997 = CARTESIAN_POINT('',(-38.73865219262,19.944797978564,40.));
#2998 = CARTESIAN_POINT('',(-38.78135231335,20.147992540121,40.));
#2999 = CARTESIAN_POINT('',(-38.84250661349,20.344221485807,40.));
#3000 = CARTESIAN_POINT('',(-38.92380291658,20.529541035845,40.));
#3001 = CARTESIAN_POINT('',(-39.06240403383,20.758316767743,40.));
#3002 = CARTESIAN_POINT('',(-39.1010747859,20.81581777521,40.));
#3003 = CARTESIAN_POINT('',(-39.14236839977,20.871034160144,40.));
#3004 = CARTESIAN_POINT('',(-39.18628267883,20.923689802664,40.));
#3005 = CARTESIAN_POINT('',(-39.23278146414,20.973487514376,40.));
#3006 = CARTESIAN_POINT('',(-39.28178622591,21.020117850463,40.));
#3007 = CARTESIAN_POINT('',(-39.3606306211,21.08633129234,40.));
#3008 = CARTESIAN_POINT('',(-39.3887720315,21.108400056944,40.));
#3009 = CARTESIAN_POINT('',(-39.41757140037,21.12942618239,40.));
#3010 = CARTESIAN_POINT('',(-39.44700407251,21.149361717328,40.));
#3011 = CARTESIAN_POINT('',(-39.47704089387,21.168159570372,40.));
#3012 = CARTESIAN_POINT('',(-39.50764788191,21.185774288218,40.));
#3013 = CARTESIAN_POINT('',(-39.5582324754,21.212397948716,40.));
#3014 = CARTESIAN_POINT('',(-39.57788624796,21.222154898966,40.));
#3015 = CARTESIAN_POINT('',(-39.59773769034,21.231423113384,40.));
#3016 = CARTESIAN_POINT('',(-39.61777660068,21.240192586151,40.));
#3017 = CARTESIAN_POINT('',(-39.63799209851,21.248453876764,40.));
#3018 = CARTESIAN_POINT('',(-39.65837262475,21.256198110037,40.));
#3019 = CARTESIAN_POINT('',(-39.7236156352,21.279135492901,40.));
#3020 = CARTESIAN_POINT('',(-39.76905283433,21.292364354592,40.));
#3021 = CARTESIAN_POINT('',(-39.81508693927,21.30301701307,40.));
#3022 = CARTESIAN_POINT('',(-39.86157809482,21.311025547769,40.));
#3023 = CARTESIAN_POINT('',(-39.90837817911,21.316342813503,40.));
#3024 = CARTESIAN_POINT('',(-39.9553317922,21.318944588311,40.));
#3025 = CARTESIAN_POINT('',(-40.05508183626,21.318704767647,40.));
#3026 = CARTESIAN_POINT('',(-40.10788420662,21.31514317495,40.));
#3027 = CARTESIAN_POINT('',(-40.16045263094,21.308147650822,40.));
#3028 = CARTESIAN_POINT('',(-40.21256698486,21.297759203529,40.));
#3029 = CARTESIAN_POINT('',(-40.26402034426,21.284054830857,40.));
#3030 = CARTESIAN_POINT('',(-40.31462058501,21.267143208986,40.));
#3031 = CARTESIAN_POINT('',(-40.38684083001,21.238030358183,40.));
#3032 = CARTESIAN_POINT('',(-40.40927601354,21.228258728945,40.));
#3033 = CARTESIAN_POINT('',(-40.43148149257,21.21785830672,40.));
#3034 = CARTESIAN_POINT('',(-40.45344233256,21.206842620867,40.));
#3035 = CARTESIAN_POINT('',(-40.47514470529,21.195225917029,40.));
#3036 = CARTESIAN_POINT('',(-40.49657588878,21.183023157134,40.));
#3037 = CARTESIAN_POINT('',(-40.55280994369,21.14905907206,40.));
#3038 = CARTESIAN_POINT('',(-40.58711741611,21.126297883311,40.));
#3039 = CARTESIAN_POINT('',(-40.62059365794,21.102037273224,40.));
#3040 = CARTESIAN_POINT('',(-40.65319481567,21.076350940158,40.));
#3041 = CARTESIAN_POINT('',(-40.68488542593,21.049314007287,40.));
#3042 = CARTESIAN_POINT('',(-40.71563763245,21.021001569133,40.));
#3043 = CARTESIAN_POINT('',(-40.80638461529,20.931102696155,40.));
#3044 = CARTESIAN_POINT('',(-40.86331508149,20.865694805742,40.));
#3045 = CARTESIAN_POINT('',(-40.91605744526,20.795884055558,40.));
#3046 = CARTESIAN_POINT('',(-40.9645562414,20.722264875115,40.));
#3047 = CARTESIAN_POINT('',(-41.00883798376,20.645381226355,40.));
#3048 = CARTESIAN_POINT('',(-41.04898807475,20.565709321263,40.));
#3049 = CARTESIAN_POINT('',(-41.15494640006,20.325136436324,40.));
#3050 = CARTESIAN_POINT('',(-41.20973675306,20.157879507815,40.));
#3051 = CARTESIAN_POINT('',(-41.25055641428,19.984557757647,40.));
#3052 = CARTESIAN_POINT('',(-41.27862249839,19.807234878137,40.));
#3053 = CARTESIAN_POINT('',(-41.29529617898,19.62743955514,40.));
#3054 = CARTESIAN_POINT('',(-41.30190423247,19.446142188021,40.));
#3055 = CARTESIAN_POINT('',(-41.2978286458,19.112677575757,40.));
#3056 = CARTESIAN_POINT('',(-41.28991946254,18.96094886825,40.));
#3057 = CARTESIAN_POINT('',(-41.27665931783,18.808890552467,40.));
#3058 = CARTESIAN_POINT('',(-41.25873360274,18.656712716414,40.));
#3059 = CARTESIAN_POINT('',(-41.23681337089,18.504523186604,40.));
#3060 = CARTESIAN_POINT('',(-41.21157442692,18.35232417693,40.));
#3061 = CARTESIAN_POINT('',(-41.18372351585,18.2,40.));
#3062 = ORIENTED_EDGE('',*,*,#3063,.T.);
#3063 = EDGE_CURVE('',#2991,#3064,#3066,.T.);
#3064 = VERTEX_POINT('',#3065);
#3065 = CARTESIAN_POINT('',(-42.37944367516,20.283174127786,40.));
#3066 = LINE('',#3067,#3068);
#3067 = CARTESIAN_POINT('',(-46.,20.283174127786,40.));
#3068 = VECTOR('',#3069,1.);
#3069 = DIRECTION('',(-1.,-5.E-16,0.));
#3070 = ORIENTED_EDGE('',*,*,#3071,.F.);
#3071 = EDGE_CURVE('',#2974,#3064,#3072,.T.);
#3072 = B_SPLINE_CURVE_WITH_KNOTS('',6,(#3073,#3074,#3075,#3076,#3077,
    #3078,#3079),.UNSPECIFIED.,.F.,.F.,(7,7),(0.,1.),
  .PIECEWISE_BEZIER_KNOTS.);
#3073 = CARTESIAN_POINT('',(-41.80405394918,21.8,40.));
#3074 = CARTESIAN_POINT('',(-41.95844736596,21.57815601084,40.));
#3075 = CARTESIAN_POINT('',(-42.08798115116,21.337923222996,40.));
#3076 = CARTESIAN_POINT('',(-42.19288975091,21.084542824315,40.));
#3077 = CARTESIAN_POINT('',(-42.27481404851,20.822372005197,40.));
#3078 = CARTESIAN_POINT('',(-42.3361216498,20.554614432847,40.));
#3079 = CARTESIAN_POINT('',(-42.37944367516,20.283174127786,40.));
#3080 = PLANE('',#3081);
#3081 = AXIS2_PLACEMENT_3D('',#3082,#3083,#3084);
#3082 = CARTESIAN_POINT('',(-52.,18.5,40.));
#3083 = DIRECTION('',(0.,0.,1.));
#3084 = DIRECTION('',(1.,0.,0.));
#3085 = ADVANCED_FACE('',(#3086),#3111,.T.);
#3086 = FACE_BOUND('',#3087,.T.);
#3087 = EDGE_LOOP('',(#3088,#3089,#3090,#3098));
#3088 = ORIENTED_EDGE('',*,*,#2973,.F.);
#3089 = ORIENTED_EDGE('',*,*,#987,.T.);
#3090 = ORIENTED_EDGE('',*,*,#3091,.T.);
#3091 = EDGE_CURVE('',#980,#3092,#3094,.T.);
#3092 = VERTEX_POINT('',#3093);
#3093 = CARTESIAN_POINT('',(-42.31545309872,21.5,41.));
#3094 = LINE('',#3095,#3096);
#3095 = CARTESIAN_POINT('',(-52.,21.5,41.));
#3096 = VECTOR('',#3097,1.);
#3097 = DIRECTION('',(1.,0.,0.));
#3098 = ORIENTED_EDGE('',*,*,#3099,.T.);
#3099 = EDGE_CURVE('',#3092,#2974,#3100,.T.);
#3100 = B_SPLINE_CURVE_WITH_KNOTS('',5,(#3101,#3102,#3103,#3104,#3105,
    #3106,#3107,#3108,#3109,#3110),.UNSPECIFIED.,.F.,.F.,(6,4,6),(0.,
    4.595195238077E-02,1.),.UNSPECIFIED.);
#3101 = CARTESIAN_POINT('',(-42.33480996849,21.5,41.1));
#3102 = CARTESIAN_POINT('',(-42.33268604182,21.5,41.088452146752));
#3103 = CARTESIAN_POINT('',(-42.33053188825,21.5,41.076911385052));
#3104 = CARTESIAN_POINT('',(-42.3283472913,21.5,41.065378055221));
#3105 = CARTESIAN_POINT('',(-42.32613197322,21.5,41.053852120657));
#3106 = CARTESIAN_POINT('',(-42.27724907786,21.5,40.803193422249));
#3107 = CARTESIAN_POINT('',(-42.21727861232,21.5,40.56739109914));
#3108 = CARTESIAN_POINT('',(-42.14178136342,21.5,40.336353872248));
#3109 = CARTESIAN_POINT('',(-42.04868078397,21.5,40.112687055881));
#3110 = CARTESIAN_POINT('',(-41.93662067645,21.5,39.9));
#3111 = PLANE('',#3112);
#3112 = AXIS2_PLACEMENT_3D('',#3113,#3114,#3115);
#3113 = CARTESIAN_POINT('',(-52.,21.5,40.));
#3114 = DIRECTION('',(0.,1.,0.));
#3115 = DIRECTION('',(0.,0.,1.));
#3116 = ADVANCED_FACE('',(#3117),#3182,.F.);
#3117 = FACE_BOUND('',#3118,.F.);
#3118 = EDGE_LOOP('',(#3119,#3120,#3121,#3129));
#3119 = ORIENTED_EDGE('',*,*,#2982,.F.);
#3120 = ORIENTED_EDGE('',*,*,#971,.T.);
#3121 = ORIENTED_EDGE('',*,*,#3122,.T.);
#3122 = EDGE_CURVE('',#972,#3123,#3125,.T.);
#3123 = VERTEX_POINT('',#3124);
#3124 = CARTESIAN_POINT('',(-40.20949174766,18.5,41.));
#3125 = LINE('',#3126,#3127);
#3126 = CARTESIAN_POINT('',(-52.,18.5,41.));
#3127 = VECTOR('',#3128,1.);
#3128 = DIRECTION('',(1.,0.,0.));
#3129 = ORIENTED_EDGE('',*,*,#3130,.T.);
#3130 = EDGE_CURVE('',#3123,#2983,#3131,.T.);
#3131 = B_SPLINE_CURVE_WITH_KNOTS('',7,(#3132,#3133,#3134,#3135,#3136,
    #3137,#3138,#3139,#3140,#3141,#3142,#3143,#3144,#3145,#3146,#3147,
    #3148,#3149,#3150,#3151,#3152,#3153,#3154,#3155,#3156,#3157,#3158,
    #3159,#3160,#3161,#3162,#3163,#3164,#3165,#3166,#3167,#3168,#3169,
    #3170,#3171,#3172,#3173,#3174,#3175,#3176,#3177,#3178,#3179,#3180,
    #3181),.UNSPECIFIED.,.F.,.F.,(8,6,6,6,6,6,6,6,8),(0.,0.298689695411,
    0.371238532556,0.50005039188,0.588698029082,0.630343047686,
    0.702909846918,0.927121861353,1.),.UNSPECIFIED.);
#3132 = CARTESIAN_POINT('',(-38.74005367511,18.5,39.9));
#3133 = CARTESIAN_POINT('',(-38.7750788941,18.5,40.053482298218));
#3134 = CARTESIAN_POINT('',(-38.82765526082,18.5,40.202874016729));
#3135 = CARTESIAN_POINT('',(-38.89716469691,18.5,40.345777837639));
#3136 = CARTESIAN_POINT('',(-38.98284121613,18.5,40.479589388575));
#3137 = CARTESIAN_POINT('',(-39.08359835254,18.5,40.601545227388));
#3138 = CARTESIAN_POINT('',(-39.19804340624,18.5,40.708672880882));
#3139 = CARTESIAN_POINT('',(-39.35489532986,18.5,40.81972898797));
#3140 = CARTESIAN_POINT('',(-39.38623300328,18.5,40.840377448542));
#3141 = CARTESIAN_POINT('',(-39.41822402582,18.5,40.859927908283));
#3142 = CARTESIAN_POINT('',(-39.45083368318,18.5,40.878337208236));
#3143 = CARTESIAN_POINT('',(-39.48402398975,18.5,40.89556326097));
#3144 = CARTESIAN_POINT('',(-39.51775340311,18.5,40.911565823835));
#3145 = CARTESIAN_POINT('',(-39.61274037502,18.5,40.952480998109));
#3146 = CARTESIAN_POINT('',(-39.67507000616,18.5,40.974682986136));
#3147 = CARTESIAN_POINT('',(-39.7386991621,18.5,40.992695839889));
#3148 = CARTESIAN_POINT('',(-39.80333602705,18.5,41.00633919321));
#3149 = CARTESIAN_POINT('',(-39.8686645838,18.5,41.015481434411));
#3150 = CARTESIAN_POINT('',(-39.93434595832,18.5,41.0200514305));
#3151 = CARTESIAN_POINT('',(-40.04521612876,18.5,41.020049439943));
#3152 = CARTESIAN_POINT('',(-40.09041391896,18.5,41.017883748486));
#3153 = CARTESIAN_POINT('',(-40.13549803146,18.5,41.013552989672));
#3154 = CARTESIAN_POINT('',(-40.18035682115,18.5,41.007072782439));
#3155 = CARTESIAN_POINT('',(-40.22488248195,18.5,40.998473128329));
#3156 = CARTESIAN_POINT('',(-40.26897142757,18.5,40.987796987784));
#3157 = CARTESIAN_POINT('',(-40.33298518005,18.5,40.969133509476));
#3158 = CARTESIAN_POINT('',(-40.35332782588,18.5,40.962721787125));
#3159 = CARTESIAN_POINT('',(-40.37354258852,18.5,40.9558693157));
#3160 = CARTESIAN_POINT('',(-40.39361981918,18.5,40.948582120855));
#3161 = CARTESIAN_POINT('',(-40.41355024137,18.5,40.940866627602));
#3162 = CARTESIAN_POINT('',(-40.43332495097,18.5,40.932729660314));
#3163 = CARTESIAN_POINT('',(-40.48710681862,18.5,40.909277873315));
#3164 = CARTESIAN_POINT('',(-40.52077959161,18.5,40.893119365024));
#3165 = CARTESIAN_POINT('',(-40.5539086174,18.5,40.875740800287));
#3166 = CARTESIAN_POINT('',(-40.58645261586,18.5,40.857182621291));
#3167 = CARTESIAN_POINT('',(-40.61837385631,18.5,40.837487062288));
#3168 = CARTESIAN_POINT('',(-40.64963786937,18.5,40.816697381911));
#3169 = CARTESIAN_POINT('',(-40.77468263138,18.5,40.727376447802));
#3170 = CARTESIAN_POINT('',(-40.86253980485,18.5,40.649892405448));
#3171 = CARTESIAN_POINT('',(-40.94292627045,18.5,40.563664558733));
#3172 = CARTESIAN_POINT('',(-41.01518066571,18.5,40.469967519776));
#3173 = CARTESIAN_POINT('',(-41.0787867593,18.5,40.370024137133));
#3174 = CARTESIAN_POINT('',(-41.13333275423,18.5,40.264973054115));
#3175 = CARTESIAN_POINT('',(-41.19315711191,18.5,40.120407823469));
#3176 = CARTESIAN_POINT('',(-41.20683873284,18.5,40.084519071979));
#3177 = CARTESIAN_POINT('',(-41.21951463718,18.5,40.048241954271));
#3178 = CARTESIAN_POINT('',(-41.23117353091,18.5,40.011614017419));
#3179 = CARTESIAN_POINT('',(-41.24180486113,18.5,39.974672757647));
#3180 = CARTESIAN_POINT('',(-41.25139881601,18.5,39.937455620331));
#3181 = CARTESIAN_POINT('',(-41.25994632488,18.5,39.9));
#3182 = PLANE('',#3183);
#3183 = AXIS2_PLACEMENT_3D('',#3184,#3185,#3186);
#3184 = CARTESIAN_POINT('',(-52.,18.5,40.));
#3185 = DIRECTION('',(0.,1.,0.));
#3186 = DIRECTION('',(0.,0.,1.));
#3187 = ADVANCED_FACE('',(#3188),#3351,.T.);
#3188 = FACE_BOUND('',#3189,.T.);
#3189 = EDGE_LOOP('',(#3190,#3329,#3337,#3348,#3349,#3350));
#3190 = ORIENTED_EDGE('',*,*,#3191,.T.);
#3191 = EDGE_CURVE('',#3123,#3192,#3194,.T.);
#3192 = VERTEX_POINT('',#3193);
#3193 = CARTESIAN_POINT('',(-41.07363618607,19.426539302229,41.));
#3194 = B_SPLINE_CURVE_WITH_KNOTS('',7,(#3195,#3196,#3197,#3198,#3199,
    #3200,#3201,#3202,#3203,#3204,#3205,#3206,#3207,#3208,#3209,#3210,
    #3211,#3212,#3213,#3214,#3215,#3216,#3217,#3218,#3219,#3220,#3221,
    #3222,#3223,#3224,#3225,#3226,#3227,#3228,#3229,#3230,#3231,#3232,
    #3233,#3234,#3235,#3236,#3237,#3238,#3239,#3240,#3241,#3242,#3243,
    #3244,#3245,#3246,#3247,#3248,#3249,#3250,#3251,#3252,#3253,#3254,
    #3255,#3256,#3257,#3258,#3259,#3260,#3261,#3262,#3263,#3264,#3265,
    #3266,#3267,#3268,#3269,#3270,#3271,#3272,#3273,#3274,#3275,#3276,
    #3277,#3278,#3279,#3280,#3281,#3282,#3283,#3284,#3285,#3286,#3287,
    #3288,#3289,#3290,#3291,#3292,#3293,#3294,#3295,#3296,#3297,#3298,
    #3299,#3300,#3301,#3302,#3303,#3304,#3305,#3306,#3307,#3308,#3309,
    #3310,#3311,#3312,#3313,#3314,#3315,#3316,#3317,#3318,#3319,#3320,
    #3321,#3322,#3323,#3324,#3325,#3326,#3327,#3328),.UNSPECIFIED.,.T.,
  .F.,(8,6,6,6,6,6,6,6,6,6,6,6,6,6,6,6,6,6,6,6,6,6,8),(0.,
    7.857525040791E-02,0.177758524004,0.205651634215,0.227268797951,
    0.260270099084,0.282978683684,0.314543616808,0.342407640828,
    0.365435096855,0.383772173404,0.442614189345,0.556347021393,
    0.615248518839,0.667699006554,0.697855443106,0.716670248159,
    0.759932480919,0.800557198997,0.818431355237,0.84570793075,
    0.891912303708,1.),.UNSPECIFIED.);
#3195 = CARTESIAN_POINT('',(-38.7,20.472135955,41.));
#3196 = CARTESIAN_POINT('',(-38.69999997068,20.358517430384,41.));
#3197 = CARTESIAN_POINT('',(-38.7064362997,20.24457993045,41.));
#3198 = CARTESIAN_POINT('',(-38.71906825895,20.130802147542,41.));
#3199 = CARTESIAN_POINT('',(-38.73766293188,20.017624582771,41.));
#3200 = CARTESIAN_POINT('',(-38.76199938439,19.905454404076,41.));
#3201 = CARTESIAN_POINT('',(-38.79188890544,19.794677437714,41.));
#3202 = CARTESIAN_POINT('',(-38.87179792169,19.548090122888,41.));
#3203 = CARTESIAN_POINT('',(-38.924976098,19.413529288979,41.));
#3204 = CARTESIAN_POINT('',(-38.98653866551,19.282543170725,41.));
#3205 = CARTESIAN_POINT('',(-39.0564080029,19.156015529449,41.));
#3206 = CARTESIAN_POINT('',(-39.13463144109,19.035283749483,41.));
#3207 = CARTESIAN_POINT('',(-39.22131403102,18.922078979738,41.));
#3208 = CARTESIAN_POINT('',(-39.34425540418,18.790381237121,41.));
#3209 = CARTESIAN_POINT('',(-39.37195803794,18.762315420664,41.));
#3210 = CARTESIAN_POINT('',(-39.40038782774,18.735160774395,41.));
#3211 = CARTESIAN_POINT('',(-39.42955204111,18.709000197531,41.));
#3212 = CARTESIAN_POINT('',(-39.45945432919,18.683928982493,41.));
#3213 = CARTESIAN_POINT('',(-39.4900938543,18.6600538951,41.));
#3214 = CARTESIAN_POINT('',(-39.54577661037,18.620006923453,41.));
#3215 = CARTESIAN_POINT('',(-39.57052647663,18.603311546291,41.));
#3216 = CARTESIAN_POINT('',(-39.59571031491,18.587460563958,41.));
#3217 = CARTESIAN_POINT('',(-39.62132025117,18.572514012267,41.));
#3218 = CARTESIAN_POINT('',(-39.64734333846,18.558535394582,41.));
#3219 = CARTESIAN_POINT('',(-39.67376065666,18.545589554253,41.));
#3220 = CARTESIAN_POINT('',(-39.74143833461,18.515651352672,41.));
#3221 = CARTESIAN_POINT('',(-39.78319793452,18.500114615969,41.));
#3222 = CARTESIAN_POINT('',(-39.82571748549,18.487364982433,41.));
#3223 = CARTESIAN_POINT('',(-39.86885762722,18.477622632797,41.));
#3224 = CARTESIAN_POINT('',(-39.91244452398,18.471063207633,41.));
#3225 = CARTESIAN_POINT('',(-39.95626702333,18.467787731957,41.));
#3226 = CARTESIAN_POINT('',(-40.03021786173,18.467795808523,41.));
#3227 = CARTESIAN_POINT('',(-40.06036464386,18.469352122967,41.));
#3228 = CARTESIAN_POINT('',(-40.09043678044,18.472462103098,41.));
#3229 = CARTESIAN_POINT('',(-40.12036342453,18.477103867461,41.));
#3230 = CARTESIAN_POINT('',(-40.15008018377,18.483236852716,41.));
#3231 = CARTESIAN_POINT('',(-40.17952904136,18.490805633141,41.));
#3232 = CARTESIAN_POINT('',(-40.24914784873,18.512167371851,41.));
#3233 = CARTESIAN_POINT('',(-40.28902361015,18.527239297736,41.));
#3234 = CARTESIAN_POINT('',(-40.32815664749,18.544781418834,41.));
#3235 = CARTESIAN_POINT('',(-40.36645718657,18.564591108857,41.));
#3236 = CARTESIAN_POINT('',(-40.40386812665,18.58645946719,41.));
#3237 = CARTESIAN_POINT('',(-40.44035857436,18.610189571895,41.));
#3238 = CARTESIAN_POINT('',(-40.50730697267,18.658058505929,41.));
#3239 = CARTESIAN_POINT('',(-40.53796763146,18.68182005074,41.));
#3240 = CARTESIAN_POINT('',(-40.56789273531,18.706781850462,41.));
#3241 = CARTESIAN_POINT('',(-40.59708114713,18.732836860338,41.));
#3242 = CARTESIAN_POINT('',(-40.6255363182,18.759889468161,41.));
#3243 = CARTESIAN_POINT('',(-40.65326539498,18.787856454905,41.));
#3244 = CARTESIAN_POINT('',(-40.70260244962,18.840478501726,41.));
#3245 = CARTESIAN_POINT('',(-40.72443634848,18.864864345488,41.));
#3246 = CARTESIAN_POINT('',(-40.74578495903,18.889785314428,41.));
#3247 = CARTESIAN_POINT('',(-40.76665302851,18.915204933429,41.));
#3248 = CARTESIAN_POINT('',(-40.78704511499,18.941090424453,41.));
#3249 = CARTESIAN_POINT('',(-40.80696558733,18.967412706543,41.));
#3250 = CARTESIAN_POINT('',(-40.84190932483,19.015434747024,41.));
#3251 = CARTESIAN_POINT('',(-40.85710348291,19.036983581853,41.));
#3252 = CARTESIAN_POINT('',(-40.87200308416,19.058779881493,41.));
#3253 = CARTESIAN_POINT('',(-40.88660987664,19.080811537389,41.));
#3254 = CARTESIAN_POINT('',(-40.90092537173,19.103067351245,41.));
#3255 = CARTESIAN_POINT('',(-40.91495084411,19.125537035021,41.));
#3256 = CARTESIAN_POINT('',(-40.97276646441,19.220970539422,41.));
#3257 = CARTESIAN_POINT('',(-41.01386456695,19.295825465851,41.));
#3258 = CARTESIAN_POINT('',(-41.05202638902,19.372476885484,41.));
#3259 = CARTESIAN_POINT('',(-41.08725375388,19.450679953655,41.));
#3260 = CARTESIAN_POINT('',(-41.11952476803,19.530225924252,41.));
#3261 = CARTESIAN_POINT('',(-41.14880273285,19.610932225404,41.));
#3262 = CARTESIAN_POINT('',(-41.22573717656,19.850571998224,41.));
#3263 = CARTESIAN_POINT('',(-41.26502715419,20.012133686259,41.));
#3264 = CARTESIAN_POINT('',(-41.29256514263,20.176241369796,41.));
#3265 = CARTESIAN_POINT('',(-41.30768055565,20.341735642402,41.));
#3266 = CARTESIAN_POINT('',(-41.30960818766,20.507281608692,41.));
#3267 = CARTESIAN_POINT('',(-41.29761977065,20.671310507842,41.));
#3268 = CARTESIAN_POINT('',(-41.25729088778,20.915225119481,41.));
#3269 = CARTESIAN_POINT('',(-41.23962447319,20.997528713063,41.));
#3270 = CARTESIAN_POINT('',(-41.21796604155,21.078648726015,41.));
#3271 = CARTESIAN_POINT('',(-41.19224219662,21.158285202939,41.));
#3272 = CARTESIAN_POINT('',(-41.16240128002,21.236106732516,41.));
#3273 = CARTESIAN_POINT('',(-41.12842312062,21.311753382416,41.));
#3274 = CARTESIAN_POINT('',(-41.05640659269,21.44992159423,41.));
#3275 = CARTESIAN_POINT('',(-41.01922100842,21.512972003304,41.));
#3276 = CARTESIAN_POINT('',(-40.97878877824,21.573717804565,41.));
#3277 = CARTESIAN_POINT('',(-40.9351543331,21.631867371809,41.));
#3278 = CARTESIAN_POINT('',(-40.88839698724,21.687117488267,41.));
#3279 = CARTESIAN_POINT('',(-40.83863813751,21.739160325396,41.));
#3280 = CARTESIAN_POINT('',(-40.75581196967,21.81559268458,41.));
#3281 = CARTESIAN_POINT('',(-40.72463956958,21.842334765031,41.));
#3282 = CARTESIAN_POINT('',(-40.69256335733,21.867857901864,41.));
#3283 = CARTESIAN_POINT('',(-40.65962074828,21.892105350316,41.));
#3284 = CARTESIAN_POINT('',(-40.62585447837,21.915022382002,41.));
#3285 = CARTESIAN_POINT('',(-40.59131260414,21.936556284911,41.));
#3286 = CARTESIAN_POINT('',(-40.53404699661,21.969197059247,41.));
#3287 = CARTESIAN_POINT('',(-40.51176432107,21.981179963259,41.));
#3288 = CARTESIAN_POINT('',(-40.48921347403,21.992592937991,41.));
#3289 = CARTESIAN_POINT('',(-40.46640818603,22.003424506595,41.));
#3290 = CARTESIAN_POINT('',(-40.44336292019,22.013663852829,41.));
#3291 = CARTESIAN_POINT('',(-40.4200928722,22.023300821056,41.));
#3292 = CARTESIAN_POINT('',(-40.34262720926,22.053078085775,41.));
#3293 = CARTESIAN_POINT('',(-40.28753271575,22.070596564368,41.));
#3294 = CARTESIAN_POINT('',(-40.23152880103,22.084765167595,41.));
#3295 = CARTESIAN_POINT('',(-40.17482650815,22.095492926231,41.));
#3296 = CARTESIAN_POINT('',(-40.11764805572,22.102716495119,41.));
#3297 = CARTESIAN_POINT('',(-40.06022528149,22.106402562033,41.));
#3298 = CARTESIAN_POINT('',(-39.94887197485,22.106689053087,41.));
#3299 = CARTESIAN_POINT('',(-39.89493600228,22.103707846483,41.));
#3300 = CARTESIAN_POINT('',(-39.84118816268,22.097605860968,41.));
#3301 = CARTESIAN_POINT('',(-39.78782081451,22.088407521216,41.));
#3302 = CARTESIAN_POINT('',(-39.73501948314,22.076160826139,41.));
#3303 = CARTESIAN_POINT('',(-39.68296166377,22.060935722702,41.));
#3304 = CARTESIAN_POINT('',(-39.60931228519,22.03485301172,41.));
#3305 = CARTESIAN_POINT('',(-39.58698493648,22.026324260787,41.));
#3306 = CARTESIAN_POINT('',(-39.56484761464,22.017243874408,41.));
#3307 = CARTESIAN_POINT('',(-39.5429137817,22.007620081632,41.));
#3308 = CARTESIAN_POINT('',(-39.52119632522,21.997461693085,41.));
#3309 = CARTESIAN_POINT('',(-39.49970755825,21.986778100973,41.));
#3310 = CARTESIAN_POINT('',(-39.44603352775,21.958489608709,41.));
#3311 = CARTESIAN_POINT('',(-39.41416762409,21.940199527222,41.));
#3312 = CARTESIAN_POINT('',(-39.38290317333,21.920744908296,41.));
#3313 = CARTESIAN_POINT('',(-39.35227828678,21.900163323928,41.));
#3314 = CARTESIAN_POINT('',(-39.32232752211,21.878494044436,41.));
#3315 = CARTESIAN_POINT('',(-39.29308188337,21.855778038456,41.));
#3316 = CARTESIAN_POINT('',(-39.21626994932,21.791877887498,41.));
#3317 = CARTESIAN_POINT('',(-39.17007248684,21.748814787077,41.));
#3318 = CARTESIAN_POINT('',(-39.12611104374,21.703074070264,41.));
#3319 = CARTESIAN_POINT('',(-39.08448920718,21.654865763428,41.));
#3320 = CARTESIAN_POINT('',(-39.04528327388,21.604400154107,41.));
#3321 = CARTESIAN_POINT('',(-39.00854598273,21.551883424391,41.));
#3322 = CARTESIAN_POINT('',(-38.89422107552,21.3703235192,41.));
#3323 = CARTESIAN_POINT('',(-38.82784480602,21.233025924627,41.));
#3324 = CARTESIAN_POINT('',(-38.77554189566,21.088108398285,41.));
#3325 = CARTESIAN_POINT('',(-38.73715016138,20.93781691634,41.));
#3326 = CARTESIAN_POINT('',(-38.7121807001,20.7840751812,41.));
#3327 = CARTESIAN_POINT('',(-38.70000025097,20.628446223031,41.));
#3328 = CARTESIAN_POINT('',(-38.7,20.472135955,41.));
#3329 = ORIENTED_EDGE('',*,*,#3330,.T.);
#3330 = EDGE_CURVE('',#3192,#3331,#3333,.T.);
#3331 = VERTEX_POINT('',#3332);
#3332 = CARTESIAN_POINT('',(-42.33777557948,19.426539302229,41.));
#3333 = LINE('',#3334,#3335);
#3334 = CARTESIAN_POINT('',(-46.,19.426539302229,41.));
#3335 = VECTOR('',#3336,1.);
#3336 = DIRECTION('',(-1.,-5.E-16,0.));
#3337 = ORIENTED_EDGE('',*,*,#3338,.F.);
#3338 = EDGE_CURVE('',#3092,#3331,#3339,.T.);
#3339 = B_SPLINE_CURVE_WITH_KNOTS('',7,(#3340,#3341,#3342,#3343,#3344,
    #3345,#3346,#3347),.UNSPECIFIED.,.F.,.F.,(8,8),(0.,1.),
  .PIECEWISE_BEZIER_KNOTS.);
#3340 = CARTESIAN_POINT('',(-42.21569216685,21.8,41.));
#3341 = CARTESIAN_POINT('',(-42.3394125575,21.481516341702,41.));
#3342 = CARTESIAN_POINT('',(-42.4227204351,21.146565298713,41.));
#3343 = CARTESIAN_POINT('',(-42.46729341616,20.802579175198,41.));
#3344 = CARTESIAN_POINT('',(-42.4765603551,20.455364797832,41.));
#3345 = CARTESIAN_POINT('',(-42.45488899756,20.108996280561,41.));
#3346 = CARTESIAN_POINT('',(-42.40699138609,19.765855198071,41.));
#3347 = CARTESIAN_POINT('',(-42.33777557948,19.426539302229,41.));
#3348 = ORIENTED_EDGE('',*,*,#3091,.F.);
#3349 = ORIENTED_EDGE('',*,*,#979,.T.);
#3350 = ORIENTED_EDGE('',*,*,#3122,.T.);
#3351 = PLANE('',#3352);
#3352 = AXIS2_PLACEMENT_3D('',#3353,#3354,#3355);
#3353 = CARTESIAN_POINT('',(-38.75646920586,20.848474898827,41.));
#3354 = DIRECTION('',(0.,0.,1.));
#3355 = DIRECTION('',(1.,0.,0.));
#3356 = ADVANCED_FACE('',(#3357),#3382,.F.);
#3357 = FACE_BOUND('',#3358,.F.);
#3358 = EDGE_LOOP('',(#3359,#3367,#3368,#3376));
#3359 = ORIENTED_EDGE('',*,*,#3360,.F.);
#3360 = EDGE_CURVE('',#996,#3361,#3363,.T.);
#3361 = VERTEX_POINT('',#3362);
#3362 = CARTESIAN_POINT('',(-45.,12.75,36.));
#3363 = LINE('',#3364,#3365);
#3364 = CARTESIAN_POINT('',(-52.,12.75,36.));
#3365 = VECTOR('',#3366,1.);
#3366 = DIRECTION('',(1.,0.,0.));
#3367 = ORIENTED_EDGE('',*,*,#995,.T.);
#3368 = ORIENTED_EDGE('',*,*,#3369,.T.);
#3369 = EDGE_CURVE('',#998,#3370,#3372,.T.);
#3370 = VERTEX_POINT('',#3371);
#3371 = CARTESIAN_POINT('',(-45.,9.75,36.));
#3372 = LINE('',#3373,#3374);
#3373 = CARTESIAN_POINT('',(-52.,9.75,36.));
#3374 = VECTOR('',#3375,1.);
#3375 = DIRECTION('',(1.,0.,0.));
#3376 = ORIENTED_EDGE('',*,*,#3377,.T.);
#3377 = EDGE_CURVE('',#3370,#3361,#3378,.T.);
#3378 = LINE('',#3379,#3380);
#3379 = CARTESIAN_POINT('',(-45.,9.75,36.));
#3380 = VECTOR('',#3381,1.);
#3381 = DIRECTION('',(0.,1.,0.));
#3382 = PLANE('',#3383);
#3383 = AXIS2_PLACEMENT_3D('',#3384,#3385,#3386);
#3384 = CARTESIAN_POINT('',(-52.,9.75,36.));
#3385 = DIRECTION('',(0.,0.,1.));
#3386 = DIRECTION('',(1.,0.,0.));
#3387 = ADVANCED_FACE('',(#3388),#3422,.T.);
#3388 = FACE_BOUND('',#3389,.T.);
#3389 = EDGE_LOOP('',(#3390,#3391,#3392,#3400,#3408,#3416));
#3390 = ORIENTED_EDGE('',*,*,#3360,.F.);
#3391 = ORIENTED_EDGE('',*,*,#1021,.T.);
#3392 = ORIENTED_EDGE('',*,*,#3393,.T.);
#3393 = EDGE_CURVE('',#1014,#3394,#3396,.T.);
#3394 = VERTEX_POINT('',#3395);
#3395 = CARTESIAN_POINT('',(-47.74355957741,12.75,41.));
#3396 = LINE('',#3397,#3398);
#3397 = CARTESIAN_POINT('',(-52.,12.75,41.));
#3398 = VECTOR('',#3399,1.);
#3399 = DIRECTION('',(1.,0.,0.));
#3400 = ORIENTED_EDGE('',*,*,#3401,.F.);
#3401 = EDGE_CURVE('',#3402,#3394,#3404,.T.);
#3402 = VERTEX_POINT('',#3403);
#3403 = CARTESIAN_POINT('',(-47.74355957741,12.75,38.));
#3404 = LINE('',#3405,#3406);
#3405 = CARTESIAN_POINT('',(-47.74355957741,12.75,38.));
#3406 = VECTOR('',#3407,1.);
#3407 = DIRECTION('',(0.,0.,1.));
#3408 = ORIENTED_EDGE('',*,*,#3409,.F.);
#3409 = EDGE_CURVE('',#3410,#3402,#3412,.T.);
#3410 = VERTEX_POINT('',#3411);
#3411 = CARTESIAN_POINT('',(-45.,12.75,38.));
#3412 = LINE('',#3413,#3414);
#3413 = CARTESIAN_POINT('',(-49.,12.75,38.));
#3414 = VECTOR('',#3415,1.);
#3415 = DIRECTION('',(-1.,0.,0.));
#3416 = ORIENTED_EDGE('',*,*,#3417,.F.);
#3417 = EDGE_CURVE('',#3361,#3410,#3418,.T.);
#3418 = LINE('',#3419,#3420);
#3419 = CARTESIAN_POINT('',(-45.,12.75,36.));
#3420 = VECTOR('',#3421,1.);
#3421 = DIRECTION('',(0.,0.,1.));
#3422 = PLANE('',#3423);
#3423 = AXIS2_PLACEMENT_3D('',#3424,#3425,#3426);
#3424 = CARTESIAN_POINT('',(-52.,12.75,36.));
#3425 = DIRECTION('',(0.,1.,0.));
#3426 = DIRECTION('',(0.,0.,1.));
#3427 = ADVANCED_FACE('',(#3428),#3462,.F.);
#3428 = FACE_BOUND('',#3429,.F.);
#3429 = EDGE_LOOP('',(#3430,#3431,#3432,#3440,#3448,#3456));
#3430 = ORIENTED_EDGE('',*,*,#3369,.F.);
#3431 = ORIENTED_EDGE('',*,*,#1005,.T.);
#3432 = ORIENTED_EDGE('',*,*,#3433,.T.);
#3433 = EDGE_CURVE('',#1006,#3434,#3436,.T.);
#3434 = VERTEX_POINT('',#3435);
#3435 = CARTESIAN_POINT('',(-47.74355957741,9.75,41.));
#3436 = LINE('',#3437,#3438);
#3437 = CARTESIAN_POINT('',(-52.,9.75,41.));
#3438 = VECTOR('',#3439,1.);
#3439 = DIRECTION('',(1.,0.,0.));
#3440 = ORIENTED_EDGE('',*,*,#3441,.F.);
#3441 = EDGE_CURVE('',#3442,#3434,#3444,.T.);
#3442 = VERTEX_POINT('',#3443);
#3443 = CARTESIAN_POINT('',(-47.74355957741,9.75,38.));
#3444 = LINE('',#3445,#3446);
#3445 = CARTESIAN_POINT('',(-47.74355957741,9.75,38.));
#3446 = VECTOR('',#3447,1.);
#3447 = DIRECTION('',(0.,0.,1.));
#3448 = ORIENTED_EDGE('',*,*,#3449,.F.);
#3449 = EDGE_CURVE('',#3450,#3442,#3452,.T.);
#3450 = VERTEX_POINT('',#3451);
#3451 = CARTESIAN_POINT('',(-45.,9.75,38.));
#3452 = LINE('',#3453,#3454);
#3453 = CARTESIAN_POINT('',(-49.,9.75,38.));
#3454 = VECTOR('',#3455,1.);
#3455 = DIRECTION('',(-1.,0.,0.));
#3456 = ORIENTED_EDGE('',*,*,#3457,.F.);
#3457 = EDGE_CURVE('',#3370,#3450,#3458,.T.);
#3458 = LINE('',#3459,#3460);
#3459 = CARTESIAN_POINT('',(-45.,9.75,36.));
#3460 = VECTOR('',#3461,1.);
#3461 = DIRECTION('',(0.,0.,1.));
#3462 = PLANE('',#3463);
#3463 = AXIS2_PLACEMENT_3D('',#3464,#3465,#3466);
#3464 = CARTESIAN_POINT('',(-52.,9.75,36.));
#3465 = DIRECTION('',(0.,1.,0.));
#3466 = DIRECTION('',(0.,0.,1.));
#3467 = ADVANCED_FACE('',(#3468,#3489),#3500,.T.);
#3468 = FACE_BOUND('',#3469,.T.);
#3469 = EDGE_LOOP('',(#3470,#3471,#3472,#3473,#3482));
#3470 = ORIENTED_EDGE('',*,*,#3393,.F.);
#3471 = ORIENTED_EDGE('',*,*,#1013,.T.);
#3472 = ORIENTED_EDGE('',*,*,#3433,.T.);
#3473 = ORIENTED_EDGE('',*,*,#3474,.T.);
#3474 = EDGE_CURVE('',#3434,#3475,#3477,.T.);
#3475 = VERTEX_POINT('',#3476);
#3476 = CARTESIAN_POINT('',(-43.7,11.25,41.));
#3477 = CIRCLE('',#3478,2.3);
#3478 = AXIS2_PLACEMENT_3D('',#3479,#3480,#3481);
#3479 = CARTESIAN_POINT('',(-46.,11.25,41.));
#3480 = DIRECTION('',(0.,0.,1.));
#3481 = DIRECTION('',(1.,0.,0.));
#3482 = ORIENTED_EDGE('',*,*,#3483,.T.);
#3483 = EDGE_CURVE('',#3475,#3394,#3484,.T.);
#3484 = CIRCLE('',#3485,2.3);
#3485 = AXIS2_PLACEMENT_3D('',#3486,#3487,#3488);
#3486 = CARTESIAN_POINT('',(-46.,11.25,41.));
#3487 = DIRECTION('',(0.,0.,1.));
#3488 = DIRECTION('',(1.,0.,0.));
#3489 = FACE_BOUND('',#3490,.T.);
#3490 = EDGE_LOOP('',(#3491));
#3491 = ORIENTED_EDGE('',*,*,#3492,.F.);
#3492 = EDGE_CURVE('',#3493,#3493,#3495,.T.);
#3493 = VERTEX_POINT('',#3494);
#3494 = CARTESIAN_POINT('',(-45.5,11.25,41.));
#3495 = CIRCLE('',#3496,0.5);
#3496 = AXIS2_PLACEMENT_3D('',#3497,#3498,#3499);
#3497 = CARTESIAN_POINT('',(-46.,11.25,41.));
#3498 = DIRECTION('',(0.,0.,1.));
#3499 = DIRECTION('',(1.,0.,0.));
#3500 = PLANE('',#3501);
#3501 = AXIS2_PLACEMENT_3D('',#3502,#3503,#3504);
#3502 = CARTESIAN_POINT('',(-47.7959230734,11.25,41.));
#3503 = DIRECTION('',(0.,0.,1.));
#3504 = DIRECTION('',(1.,0.,0.));
#3505 = ADVANCED_FACE('',(#3506),#3531,.F.);
#3506 = FACE_BOUND('',#3507,.F.);
#3507 = EDGE_LOOP('',(#3508,#3516,#3517,#3525));
#3508 = ORIENTED_EDGE('',*,*,#3509,.F.);
#3509 = EDGE_CURVE('',#1030,#3510,#3512,.T.);
#3510 = VERTEX_POINT('',#3511);
#3511 = CARTESIAN_POINT('',(-45.,-9.75,36.));
#3512 = LINE('',#3513,#3514);
#3513 = CARTESIAN_POINT('',(-52.,-9.75,36.));
#3514 = VECTOR('',#3515,1.);
#3515 = DIRECTION('',(1.,0.,0.));
#3516 = ORIENTED_EDGE('',*,*,#1029,.T.);
#3517 = ORIENTED_EDGE('',*,*,#3518,.T.);
#3518 = EDGE_CURVE('',#1032,#3519,#3521,.T.);
#3519 = VERTEX_POINT('',#3520);
#3520 = CARTESIAN_POINT('',(-45.,-12.75,36.));
#3521 = LINE('',#3522,#3523);
#3522 = CARTESIAN_POINT('',(-52.,-12.75,36.));
#3523 = VECTOR('',#3524,1.);
#3524 = DIRECTION('',(1.,0.,0.));
#3525 = ORIENTED_EDGE('',*,*,#3526,.T.);
#3526 = EDGE_CURVE('',#3519,#3510,#3527,.T.);
#3527 = LINE('',#3528,#3529);
#3528 = CARTESIAN_POINT('',(-45.,-12.75,36.));
#3529 = VECTOR('',#3530,1.);
#3530 = DIRECTION('',(0.,1.,0.));
#3531 = PLANE('',#3532);
#3532 = AXIS2_PLACEMENT_3D('',#3533,#3534,#3535);
#3533 = CARTESIAN_POINT('',(-52.,-12.75,36.));
#3534 = DIRECTION('',(0.,0.,1.));
#3535 = DIRECTION('',(1.,0.,0.));
#3536 = ADVANCED_FACE('',(#3537),#3571,.T.);
#3537 = FACE_BOUND('',#3538,.T.);
#3538 = EDGE_LOOP('',(#3539,#3540,#3541,#3549,#3557,#3565));
#3539 = ORIENTED_EDGE('',*,*,#3509,.F.);
#3540 = ORIENTED_EDGE('',*,*,#1055,.T.);
#3541 = ORIENTED_EDGE('',*,*,#3542,.T.);
#3542 = EDGE_CURVE('',#1048,#3543,#3545,.T.);
#3543 = VERTEX_POINT('',#3544);
#3544 = CARTESIAN_POINT('',(-47.74355957741,-9.75,41.));
#3545 = LINE('',#3546,#3547);
#3546 = CARTESIAN_POINT('',(-52.,-9.75,41.));
#3547 = VECTOR('',#3548,1.);
#3548 = DIRECTION('',(1.,0.,0.));
#3549 = ORIENTED_EDGE('',*,*,#3550,.F.);
#3550 = EDGE_CURVE('',#3551,#3543,#3553,.T.);
#3551 = VERTEX_POINT('',#3552);
#3552 = CARTESIAN_POINT('',(-47.74355957741,-9.75,38.));
#3553 = LINE('',#3554,#3555);
#3554 = CARTESIAN_POINT('',(-47.74355957741,-9.75,38.));
#3555 = VECTOR('',#3556,1.);
#3556 = DIRECTION('',(0.,0.,1.));
#3557 = ORIENTED_EDGE('',*,*,#3558,.F.);
#3558 = EDGE_CURVE('',#3559,#3551,#3561,.T.);
#3559 = VERTEX_POINT('',#3560);
#3560 = CARTESIAN_POINT('',(-45.,-9.75,38.));
#3561 = LINE('',#3562,#3563);
#3562 = CARTESIAN_POINT('',(-49.,-9.75,38.));
#3563 = VECTOR('',#3564,1.);
#3564 = DIRECTION('',(-1.,0.,0.));
#3565 = ORIENTED_EDGE('',*,*,#3566,.F.);
#3566 = EDGE_CURVE('',#3510,#3559,#3567,.T.);
#3567 = LINE('',#3568,#3569);
#3568 = CARTESIAN_POINT('',(-45.,-9.75,36.));
#3569 = VECTOR('',#3570,1.);
#3570 = DIRECTION('',(0.,0.,1.));
#3571 = PLANE('',#3572);
#3572 = AXIS2_PLACEMENT_3D('',#3573,#3574,#3575);
#3573 = CARTESIAN_POINT('',(-52.,-9.75,36.));
#3574 = DIRECTION('',(0.,1.,0.));
#3575 = DIRECTION('',(0.,0.,1.));
#3576 = ADVANCED_FACE('',(#3577),#3611,.F.);
#3577 = FACE_BOUND('',#3578,.F.);
#3578 = EDGE_LOOP('',(#3579,#3580,#3581,#3589,#3597,#3605));
#3579 = ORIENTED_EDGE('',*,*,#3518,.F.);
#3580 = ORIENTED_EDGE('',*,*,#1039,.T.);
#3581 = ORIENTED_EDGE('',*,*,#3582,.T.);
#3582 = EDGE_CURVE('',#1040,#3583,#3585,.T.);
#3583 = VERTEX_POINT('',#3584);
#3584 = CARTESIAN_POINT('',(-47.74355957741,-12.75,41.));
#3585 = LINE('',#3586,#3587);
#3586 = CARTESIAN_POINT('',(-52.,-12.75,41.));
#3587 = VECTOR('',#3588,1.);
#3588 = DIRECTION('',(1.,0.,0.));
#3589 = ORIENTED_EDGE('',*,*,#3590,.F.);
#3590 = EDGE_CURVE('',#3591,#3583,#3593,.T.);
#3591 = VERTEX_POINT('',#3592);
#3592 = CARTESIAN_POINT('',(-47.74355957741,-12.75,38.));
#3593 = LINE('',#3594,#3595);
#3594 = CARTESIAN_POINT('',(-47.74355957741,-12.75,38.));
#3595 = VECTOR('',#3596,1.);
#3596 = DIRECTION('',(0.,0.,1.));
#3597 = ORIENTED_EDGE('',*,*,#3598,.F.);
#3598 = EDGE_CURVE('',#3599,#3591,#3601,.T.);
#3599 = VERTEX_POINT('',#3600);
#3600 = CARTESIAN_POINT('',(-45.,-12.75,38.));
#3601 = LINE('',#3602,#3603);
#3602 = CARTESIAN_POINT('',(-49.,-12.75,38.));
#3603 = VECTOR('',#3604,1.);
#3604 = DIRECTION('',(-1.,0.,0.));
#3605 = ORIENTED_EDGE('',*,*,#3606,.F.);
#3606 = EDGE_CURVE('',#3519,#3599,#3607,.T.);
#3607 = LINE('',#3608,#3609);
#3608 = CARTESIAN_POINT('',(-45.,-12.75,36.));
#3609 = VECTOR('',#3610,1.);
#3610 = DIRECTION('',(0.,0.,1.));
#3611 = PLANE('',#3612);
#3612 = AXIS2_PLACEMENT_3D('',#3613,#3614,#3615);
#3613 = CARTESIAN_POINT('',(-52.,-12.75,36.));
#3614 = DIRECTION('',(0.,1.,0.));
#3615 = DIRECTION('',(0.,0.,1.));
#3616 = ADVANCED_FACE('',(#3617,#3638),#3649,.T.);
#3617 = FACE_BOUND('',#3618,.T.);
#3618 = EDGE_LOOP('',(#3619,#3620,#3621,#3622,#3631));
#3619 = ORIENTED_EDGE('',*,*,#3542,.F.);
#3620 = ORIENTED_EDGE('',*,*,#1047,.T.);
#3621 = ORIENTED_EDGE('',*,*,#3582,.T.);
#3622 = ORIENTED_EDGE('',*,*,#3623,.T.);
#3623 = EDGE_CURVE('',#3583,#3624,#3626,.T.);
#3624 = VERTEX_POINT('',#3625);
#3625 = CARTESIAN_POINT('',(-43.7,-11.25,41.));
#3626 = CIRCLE('',#3627,2.3);
#3627 = AXIS2_PLACEMENT_3D('',#3628,#3629,#3630);
#3628 = CARTESIAN_POINT('',(-46.,-11.25,41.));
#3629 = DIRECTION('',(0.,0.,1.));
#3630 = DIRECTION('',(1.,0.,0.));
#3631 = ORIENTED_EDGE('',*,*,#3632,.T.);
#3632 = EDGE_CURVE('',#3624,#3543,#3633,.T.);
#3633 = CIRCLE('',#3634,2.3);
#3634 = AXIS2_PLACEMENT_3D('',#3635,#3636,#3637);
#3635 = CARTESIAN_POINT('',(-46.,-11.25,41.));
#3636 = DIRECTION('',(0.,0.,1.));
#3637 = DIRECTION('',(1.,0.,0.));
#3638 = FACE_BOUND('',#3639,.T.);
#3639 = EDGE_LOOP('',(#3640));
#3640 = ORIENTED_EDGE('',*,*,#3641,.F.);
#3641 = EDGE_CURVE('',#3642,#3642,#3644,.T.);
#3642 = VERTEX_POINT('',#3643);
#3643 = CARTESIAN_POINT('',(-45.5,-11.25,41.));
#3644 = CIRCLE('',#3645,0.5);
#3645 = AXIS2_PLACEMENT_3D('',#3646,#3647,#3648);
#3646 = CARTESIAN_POINT('',(-46.,-11.25,41.));
#3647 = DIRECTION('',(0.,0.,1.));
#3648 = DIRECTION('',(1.,0.,0.));
#3649 = PLANE('',#3650);
#3650 = AXIS2_PLACEMENT_3D('',#3651,#3652,#3653);
#3651 = CARTESIAN_POINT('',(-47.7959230734,-11.25,41.));
#3652 = DIRECTION('',(0.,0.,1.));
#3653 = DIRECTION('',(1.,0.,0.));
#3654 = ADVANCED_FACE('',(#3655),#3712,.T.);
#3655 = FACE_BOUND('',#3656,.T.);
#3656 = EDGE_LOOP('',(#3657,#3665,#3673,#3681,#3689,#3697,#3705,#3711));
#3657 = ORIENTED_EDGE('',*,*,#3658,.T.);
#3658 = EDGE_CURVE('',#1064,#3659,#3661,.T.);
#3659 = VERTEX_POINT('',#3660);
#3660 = CARTESIAN_POINT('',(-35.5,-28.5,36.));
#3661 = LINE('',#3662,#3663);
#3662 = CARTESIAN_POINT('',(-52.,-28.5,36.));
#3663 = VECTOR('',#3664,1.);
#3664 = DIRECTION('',(1.,0.,0.));
#3665 = ORIENTED_EDGE('',*,*,#3666,.T.);
#3666 = EDGE_CURVE('',#3659,#3667,#3669,.T.);
#3667 = VERTEX_POINT('',#3668);
#3668 = CARTESIAN_POINT('',(-35.5,-11.25,36.));
#3669 = LINE('',#3670,#3671);
#3670 = CARTESIAN_POINT('',(-35.5,-30.,36.));
#3671 = VECTOR('',#3672,1.);
#3672 = DIRECTION('',(0.,1.,0.));
#3673 = ORIENTED_EDGE('',*,*,#3674,.T.);
#3674 = EDGE_CURVE('',#3667,#3675,#3677,.T.);
#3675 = VERTEX_POINT('',#3676);
#3676 = CARTESIAN_POINT('',(-32.5,-11.25,36.));
#3677 = LINE('',#3678,#3679);
#3678 = CARTESIAN_POINT('',(-35.5,-11.25,36.));
#3679 = VECTOR('',#3680,1.);
#3680 = DIRECTION('',(1.,0.,0.));
#3681 = ORIENTED_EDGE('',*,*,#3682,.F.);
#3682 = EDGE_CURVE('',#3683,#3675,#3685,.T.);
#3683 = VERTEX_POINT('',#3684);
#3684 = CARTESIAN_POINT('',(-32.5,-28.5,36.));
#3685 = LINE('',#3686,#3687);
#3686 = CARTESIAN_POINT('',(-32.5,-30.,36.));
#3687 = VECTOR('',#3688,1.);
#3688 = DIRECTION('',(0.,1.,0.));
#3689 = ORIENTED_EDGE('',*,*,#3690,.T.);
#3690 = EDGE_CURVE('',#3683,#3691,#3693,.T.);
#3691 = VERTEX_POINT('',#3692);
#3692 = CARTESIAN_POINT('',(-32.,-28.5,36.));
#3693 = LINE('',#3694,#3695);
#3694 = CARTESIAN_POINT('',(-52.,-28.5,36.));
#3695 = VECTOR('',#3696,1.);
#3696 = DIRECTION('',(1.,0.,0.));
#3697 = ORIENTED_EDGE('',*,*,#3698,.F.);
#3698 = EDGE_CURVE('',#3699,#3691,#3701,.T.);
#3699 = VERTEX_POINT('',#3700);
#3700 = CARTESIAN_POINT('',(-32.,-31.5,36.));
#3701 = LINE('',#3702,#3703);
#3702 = CARTESIAN_POINT('',(-32.,-31.5,36.));
#3703 = VECTOR('',#3704,1.);
#3704 = DIRECTION('',(0.,1.,0.));
#3705 = ORIENTED_EDGE('',*,*,#3706,.F.);
#3706 = EDGE_CURVE('',#1066,#3699,#3707,.T.);
#3707 = LINE('',#3708,#3709);
#3708 = CARTESIAN_POINT('',(-52.,-31.5,36.));
#3709 = VECTOR('',#3710,1.);
#3710 = DIRECTION('',(1.,0.,0.));
#3711 = ORIENTED_EDGE('',*,*,#1063,.F.);
#3712 = PLANE('',#3713);
#3713 = AXIS2_PLACEMENT_3D('',#3714,#3715,#3716);
#3714 = CARTESIAN_POINT('',(-38.42358845671,-24.96784818067,36.));
#3715 = DIRECTION('',(-0.,-0.,-1.));
#3716 = DIRECTION('',(-1.,0.,0.));
#3717 = ADVANCED_FACE('',(#3718),#3736,.T.);
#3718 = FACE_BOUND('',#3719,.T.);
#3719 = EDGE_LOOP('',(#3720,#3721,#3722,#3730));
#3720 = ORIENTED_EDGE('',*,*,#3658,.F.);
#3721 = ORIENTED_EDGE('',*,*,#1089,.T.);
#3722 = ORIENTED_EDGE('',*,*,#3723,.T.);
#3723 = EDGE_CURVE('',#1082,#3724,#3726,.T.);
#3724 = VERTEX_POINT('',#3725);
#3725 = CARTESIAN_POINT('',(-35.5,-28.5,41.));
#3726 = LINE('',#3727,#3728);
#3727 = CARTESIAN_POINT('',(-52.,-28.5,41.));
#3728 = VECTOR('',#3729,1.);
#3729 = DIRECTION('',(1.,0.,0.));
#3730 = ORIENTED_EDGE('',*,*,#3731,.T.);
#3731 = EDGE_CURVE('',#3724,#3659,#3732,.T.);
#3732 = LINE('',#3733,#3734);
#3733 = CARTESIAN_POINT('',(-35.5,-28.5,36.));
#3734 = VECTOR('',#3735,1.);
#3735 = DIRECTION('',(0.,0.,-1.));
#3736 = PLANE('',#3737);
#3737 = AXIS2_PLACEMENT_3D('',#3738,#3739,#3740);
#3738 = CARTESIAN_POINT('',(-52.,-28.5,36.));
#3739 = DIRECTION('',(0.,1.,0.));
#3740 = DIRECTION('',(0.,0.,1.));
#3741 = ADVANCED_FACE('',(#3742),#3760,.F.);
#3742 = FACE_BOUND('',#3743,.F.);
#3743 = EDGE_LOOP('',(#3744,#3745,#3746,#3754));
#3744 = ORIENTED_EDGE('',*,*,#3706,.F.);
#3745 = ORIENTED_EDGE('',*,*,#1073,.T.);
#3746 = ORIENTED_EDGE('',*,*,#3747,.T.);
#3747 = EDGE_CURVE('',#1074,#3748,#3750,.T.);
#3748 = VERTEX_POINT('',#3749);
#3749 = CARTESIAN_POINT('',(-32.,-31.5,41.));
#3750 = LINE('',#3751,#3752);
#3751 = CARTESIAN_POINT('',(-52.,-31.5,41.));
#3752 = VECTOR('',#3753,1.);
#3753 = DIRECTION('',(1.,0.,0.));
#3754 = ORIENTED_EDGE('',*,*,#3755,.F.);
#3755 = EDGE_CURVE('',#3699,#3748,#3756,.T.);
#3756 = LINE('',#3757,#3758);
#3757 = CARTESIAN_POINT('',(-32.,-31.5,36.));
#3758 = VECTOR('',#3759,1.);
#3759 = DIRECTION('',(0.,0.,1.));
#3760 = PLANE('',#3761);
#3761 = AXIS2_PLACEMENT_3D('',#3762,#3763,#3764);
#3762 = CARTESIAN_POINT('',(-52.,-31.5,36.));
#3763 = DIRECTION('',(0.,1.,0.));
#3764 = DIRECTION('',(0.,0.,1.));
#3765 = ADVANCED_FACE('',(#3766,#3919),#3939,.T.);
#3766 = FACE_BOUND('',#3767,.T.);
#3767 = EDGE_LOOP('',(#3768,#3769,#3770,#3771,#3779,#3787,#3795,#3803,
    #3811,#3819,#3827,#3836,#3845,#3853,#3859,#3860,#3868,#3905,#3913));
#3768 = ORIENTED_EDGE('',*,*,#3723,.F.);
#3769 = ORIENTED_EDGE('',*,*,#1081,.T.);
#3770 = ORIENTED_EDGE('',*,*,#3747,.T.);
#3771 = ORIENTED_EDGE('',*,*,#3772,.T.);
#3772 = EDGE_CURVE('',#3748,#3773,#3775,.T.);
#3773 = VERTEX_POINT('',#3774);
#3774 = CARTESIAN_POINT('',(-32.,-28.5,41.));
#3775 = LINE('',#3776,#3777);
#3776 = CARTESIAN_POINT('',(-32.,-31.5,41.));
#3777 = VECTOR('',#3778,1.);
#3778 = DIRECTION('',(0.,1.,0.));
#3779 = ORIENTED_EDGE('',*,*,#3780,.F.);
#3780 = EDGE_CURVE('',#3781,#3773,#3783,.T.);
#3781 = VERTEX_POINT('',#3782);
#3782 = CARTESIAN_POINT('',(-32.5,-28.5,41.));
#3783 = LINE('',#3784,#3785);
#3784 = CARTESIAN_POINT('',(-52.,-28.5,41.));
#3785 = VECTOR('',#3786,1.);
#3786 = DIRECTION('',(1.,0.,0.));
#3787 = ORIENTED_EDGE('',*,*,#3788,.T.);
#3788 = EDGE_CURVE('',#3781,#3789,#3791,.T.);
#3789 = VERTEX_POINT('',#3790);
#3790 = CARTESIAN_POINT('',(-32.5,-21.5,41.));
#3791 = LINE('',#3792,#3793);
#3792 = CARTESIAN_POINT('',(-32.5,-30.,41.));
#3793 = VECTOR('',#3794,1.);
#3794 = DIRECTION('',(0.,1.,0.));
#3795 = ORIENTED_EDGE('',*,*,#3796,.T.);
#3796 = EDGE_CURVE('',#3789,#3797,#3799,.T.);
#3797 = VERTEX_POINT('',#3798);
#3798 = CARTESIAN_POINT('',(-28.,-21.5,41.));
#3799 = LINE('',#3800,#3801);
#3800 = CARTESIAN_POINT('',(-52.,-21.5,41.));
#3801 = VECTOR('',#3802,1.);
#3802 = DIRECTION('',(1.,0.,0.));
#3803 = ORIENTED_EDGE('',*,*,#3804,.T.);
#3804 = EDGE_CURVE('',#3797,#3805,#3807,.T.);
#3805 = VERTEX_POINT('',#3806);
#3806 = CARTESIAN_POINT('',(-28.,-18.5,41.));
#3807 = LINE('',#3808,#3809);
#3808 = CARTESIAN_POINT('',(-28.,-21.5,41.));
#3809 = VECTOR('',#3810,1.);
#3810 = DIRECTION('',(0.,1.,0.));
#3811 = ORIENTED_EDGE('',*,*,#3812,.F.);
#3812 = EDGE_CURVE('',#3813,#3805,#3815,.T.);
#3813 = VERTEX_POINT('',#3814);
#3814 = CARTESIAN_POINT('',(-32.5,-18.5,41.));
#3815 = LINE('',#3816,#3817);
#3816 = CARTESIAN_POINT('',(-52.,-18.5,41.));
#3817 = VECTOR('',#3818,1.);
#3818 = DIRECTION('',(1.,0.,0.));
#3819 = ORIENTED_EDGE('',*,*,#3820,.T.);
#3820 = EDGE_CURVE('',#3813,#3821,#3823,.T.);
#3821 = VERTEX_POINT('',#3822);
#3822 = CARTESIAN_POINT('',(-32.5,-12.99355957741,41.));
#3823 = LINE('',#3824,#3825);
#3824 = CARTESIAN_POINT('',(-32.5,-30.,41.));
#3825 = VECTOR('',#3826,1.);
#3826 = DIRECTION('',(0.,1.,0.));
#3827 = ORIENTED_EDGE('',*,*,#3828,.T.);
#3828 = EDGE_CURVE('',#3821,#3829,#3831,.T.);
#3829 = VERTEX_POINT('',#3830);
#3830 = CARTESIAN_POINT('',(-31.7,-11.25,41.));
#3831 = CIRCLE('',#3832,2.3);
#3832 = AXIS2_PLACEMENT_3D('',#3833,#3834,#3835);
#3833 = CARTESIAN_POINT('',(-34.,-11.25,41.));
#3834 = DIRECTION('',(0.,0.,1.));
#3835 = DIRECTION('',(1.,0.,0.));
#3836 = ORIENTED_EDGE('',*,*,#3837,.T.);
#3837 = EDGE_CURVE('',#3829,#3838,#3840,.T.);
#3838 = VERTEX_POINT('',#3839);
#3839 = CARTESIAN_POINT('',(-35.5,-12.99355957741,41.));
#3840 = CIRCLE('',#3841,2.3);
#3841 = AXIS2_PLACEMENT_3D('',#3842,#3843,#3844);
#3842 = CARTESIAN_POINT('',(-34.,-11.25,41.));
#3843 = DIRECTION('',(0.,0.,1.));
#3844 = DIRECTION('',(1.,0.,0.));
#3845 = ORIENTED_EDGE('',*,*,#3846,.F.);
#3846 = EDGE_CURVE('',#3847,#3838,#3849,.T.);
#3847 = VERTEX_POINT('',#3848);
#3848 = CARTESIAN_POINT('',(-35.5,-18.5,41.));
#3849 = LINE('',#3850,#3851);
#3850 = CARTESIAN_POINT('',(-35.5,-30.,41.));
#3851 = VECTOR('',#3852,1.);
#3852 = DIRECTION('',(0.,1.,0.));
#3853 = ORIENTED_EDGE('',*,*,#3854,.F.);
#3854 = EDGE_CURVE('',#1116,#3847,#3855,.T.);
#3855 = LINE('',#3856,#3857);
#3856 = CARTESIAN_POINT('',(-52.,-18.5,41.));
#3857 = VECTOR('',#3858,1.);
#3858 = DIRECTION('',(1.,0.,0.));
#3859 = ORIENTED_EDGE('',*,*,#1115,.T.);
#3860 = ORIENTED_EDGE('',*,*,#3861,.T.);
#3861 = EDGE_CURVE('',#1108,#3862,#3864,.T.);
#3862 = VERTEX_POINT('',#3863);
#3863 = CARTESIAN_POINT('',(-39.13658061503,-21.5,41.));
#3864 = LINE('',#3865,#3866);
#3865 = CARTESIAN_POINT('',(-52.,-21.5,41.));
#3866 = VECTOR('',#3867,1.);
#3867 = DIRECTION('',(1.,0.,0.));
#3868 = ORIENTED_EDGE('',*,*,#3869,.T.);
#3869 = EDGE_CURVE('',#3862,#3870,#3872,.T.);
#3870 = VERTEX_POINT('',#3871);
#3871 = CARTESIAN_POINT('',(-36.86341938496,-21.5,41.));
#3872 = B_SPLINE_CURVE_WITH_KNOTS('',6,(#3873,#3874,#3875,#3876,#3877,
    #3878,#3879,#3880,#3881,#3882,#3883,#3884,#3885,#3886,#3887,#3888,
    #3889,#3890,#3891,#3892,#3893,#3894,#3895,#3896,#3897,#3898,#3899,
    #3900,#3901,#3902,#3903,#3904),.UNSPECIFIED.,.F.,.F.,(7,5,5,5,5,5,7)
  ,(0.,0.212720208633,0.315469762792,0.500766706672,0.626992856501,
    0.782849107875,1.),.UNSPECIFIED.);
#3873 = CARTESIAN_POINT('',(-39.37496025891,-21.8,41.));
#3874 = CARTESIAN_POINT('',(-39.3065979647,-21.699428246,41.));
#3875 = CARTESIAN_POINT('',(-39.23318426859,-21.60276773287,41.));
#3876 = CARTESIAN_POINT('',(-39.15444803517,-21.51070265242,41.));
#3877 = CARTESIAN_POINT('',(-39.07020933155,-21.42414137189,41.));
#3878 = CARTESIAN_POINT('',(-38.980434799,-21.34416727062,41.));
#3879 = CARTESIAN_POINT('',(-38.83938853883,-21.23706275372,41.));
#3880 = CARTESIAN_POINT('',(-38.79221053402,-21.20399166325,41.));
#3881 = CARTESIAN_POINT('',(-38.74382266629,-21.17286822099,41.));
#3882 = CARTESIAN_POINT('',(-38.6942705201,-21.14383252572,41.));
#3883 = CARTESIAN_POINT('',(-38.64361977301,-21.11702390661,41.));
#3884 = CARTESIAN_POINT('',(-38.49879647419,-21.0484828076,41.));
#3885 = CARTESIAN_POINT('',(-38.40230279759,-21.01204076195,41.));
#3886 = CARTESIAN_POINT('',(-38.30308209579,-20.98407867453,41.));
#3887 = CARTESIAN_POINT('',(-38.20189265509,-20.96523684931,41.));
#3888 = CARTESIAN_POINT('',(-38.09965450814,-20.9559221174,41.));
#3889 = CARTESIAN_POINT('',(-37.92785924012,-20.95625215469,41.));
#3890 = CARTESIAN_POINT('',(-37.85825026388,-20.96079964102,41.));
#3891 = CARTESIAN_POINT('',(-37.78897584729,-20.96975994315,41.));
#3892 = CARTESIAN_POINT('',(-37.72034145937,-20.9830493885,41.));
#3893 = CARTESIAN_POINT('',(-37.65262441882,-21.00051567414,41.));
#3894 = CARTESIAN_POINT('',(-37.50390171383,-21.04842017588,41.));
#3895 = CARTESIAN_POINT('',(-37.42349507714,-21.08094490259,41.));
#3896 = CARTESIAN_POINT('',(-37.3453038559,-21.11914460183,41.));
#3897 = CARTESIAN_POINT('',(-37.26963857319,-21.16254132836,41.));
#3898 = CARTESIAN_POINT('',(-37.1967029479,-21.210638953,41.));
#3899 = CARTESIAN_POINT('',(-37.02895552964,-21.33585256521,41.));
#3900 = CARTESIAN_POINT('',(-36.93683580287,-21.41693100941,41.));
#3901 = CARTESIAN_POINT('',(-36.85048711139,-21.50494613032,41.));
#3902 = CARTESIAN_POINT('',(-36.76988112173,-21.59873629146,41.));
#3903 = CARTESIAN_POINT('',(-36.69482837176,-21.69732987932,41.));
#3904 = CARTESIAN_POINT('',(-36.62503974108,-21.8,41.));
#3905 = ORIENTED_EDGE('',*,*,#3906,.T.);
#3906 = EDGE_CURVE('',#3870,#3907,#3909,.T.);
#3907 = VERTEX_POINT('',#3908);
#3908 = CARTESIAN_POINT('',(-35.5,-21.5,41.));
#3909 = LINE('',#3910,#3911);
#3910 = CARTESIAN_POINT('',(-52.,-21.5,41.));
#3911 = VECTOR('',#3912,1.);
#3912 = DIRECTION('',(1.,0.,0.));
#3913 = ORIENTED_EDGE('',*,*,#3914,.F.);
#3914 = EDGE_CURVE('',#3724,#3907,#3915,.T.);
#3915 = LINE('',#3916,#3917);
#3916 = CARTESIAN_POINT('',(-35.5,-30.,41.));
#3917 = VECTOR('',#3918,1.);
#3918 = DIRECTION('',(0.,1.,0.));
#3919 = FACE_BOUND('',#3920,.T.);
#3920 = EDGE_LOOP('',(#3921,#3932));
#3921 = ORIENTED_EDGE('',*,*,#3922,.F.);
#3922 = EDGE_CURVE('',#3923,#3925,#3927,.T.);
#3923 = VERTEX_POINT('',#3924);
#3924 = CARTESIAN_POINT('',(-34.5,-11.25,41.));
#3925 = VERTEX_POINT('',#3926);
#3926 = CARTESIAN_POINT('',(-33.5,-11.25,41.));
#3927 = CIRCLE('',#3928,0.5);
#3928 = AXIS2_PLACEMENT_3D('',#3929,#3930,#3931);
#3929 = CARTESIAN_POINT('',(-34.,-11.25,41.));
#3930 = DIRECTION('',(0.,0.,1.));
#3931 = DIRECTION('',(1.,0.,0.));
#3932 = ORIENTED_EDGE('',*,*,#3933,.F.);
#3933 = EDGE_CURVE('',#3925,#3923,#3934,.T.);
#3934 = CIRCLE('',#3935,0.5);
#3935 = AXIS2_PLACEMENT_3D('',#3936,#3937,#3938);
#3936 = CARTESIAN_POINT('',(-34.,-11.25,41.));
#3937 = DIRECTION('',(0.,0.,1.));
#3938 = DIRECTION('',(1.,0.,0.));
#3939 = PLANE('',#3940);
#3940 = AXIS2_PLACEMENT_3D('',#3941,#3942,#3943);
#3941 = CARTESIAN_POINT('',(-39.28243192798,-22.81239196523,41.));
#3942 = DIRECTION('',(0.,0.,1.));
#3943 = DIRECTION('',(1.,0.,0.));
#3944 = ADVANCED_FACE('',(#3945),#4025,.F.);
#3945 = FACE_BOUND('',#3946,.F.);
#3946 = EDGE_LOOP('',(#3947,#3955,#3956,#3964,#4011,#4019));
#3947 = ORIENTED_EDGE('',*,*,#3948,.F.);
#3948 = EDGE_CURVE('',#1098,#3949,#3951,.T.);
#3949 = VERTEX_POINT('',#3950);
#3950 = CARTESIAN_POINT('',(-35.5,-18.5,40.));
#3951 = LINE('',#3952,#3953);
#3952 = CARTESIAN_POINT('',(-52.,-18.5,40.));
#3953 = VECTOR('',#3954,1.);
#3954 = DIRECTION('',(1.,0.,0.));
#3955 = ORIENTED_EDGE('',*,*,#1097,.T.);
#3956 = ORIENTED_EDGE('',*,*,#3957,.T.);
#3957 = EDGE_CURVE('',#1100,#3958,#3960,.T.);
#3958 = VERTEX_POINT('',#3959);
#3959 = CARTESIAN_POINT('',(-40.06728587398,-21.5,40.));
#3960 = LINE('',#3961,#3962);
#3961 = CARTESIAN_POINT('',(-52.,-21.5,40.));
#3962 = VECTOR('',#3963,1.);
#3963 = DIRECTION('',(1.,0.,0.));
#3964 = ORIENTED_EDGE('',*,*,#3965,.T.);
#3965 = EDGE_CURVE('',#3958,#3966,#3968,.T.);
#3966 = VERTEX_POINT('',#3967);
#3967 = CARTESIAN_POINT('',(-35.93271412602,-21.5,40.));
#3968 = B_SPLINE_CURVE_WITH_KNOTS('',6,(#3969,#3970,#3971,#3972,#3973,
    #3974,#3975,#3976,#3977,#3978,#3979,#3980,#3981,#3982,#3983,#3984,
    #3985,#3986,#3987,#3988,#3989,#3990,#3991,#3992,#3993,#3994,#3995,
    #3996,#3997,#3998,#3999,#4000,#4001,#4002,#4003,#4004,#4005,#4006,
    #4007,#4008,#4009,#4010),.UNSPECIFIED.,.F.,.F.,(7,5,5,5,5,5,5,5,7),(
    0.,0.234718236902,0.333164687724,0.386991962218,0.499483778084,
    0.579662201469,0.668342167581,0.764612376708,1.),.UNSPECIFIED.);
#3969 = CARTESIAN_POINT('',(-40.16055341493,-21.8,40.));
#3970 = CARTESIAN_POINT('',(-40.09101008802,-21.54847546436,40.));
#3971 = CARTESIAN_POINT('',(-40.00665241263,-21.30210334978,40.));
#3972 = CARTESIAN_POINT('',(-39.90506136901,-21.06249420206,40.));
#3973 = CARTESIAN_POINT('',(-39.78383154841,-20.83285301009,40.));
#3974 = CARTESIAN_POINT('',(-39.64114554565,-20.61769968633,40.));
#3975 = CARTESIAN_POINT('',(-39.40715727728,-20.34088847087,40.));
#3976 = CARTESIAN_POINT('',(-39.33415217439,-20.26267751232,40.));
#3977 = CARTESIAN_POINT('',(-39.25726684113,-20.18849340251,40.));
#3978 = CARTESIAN_POINT('',(-39.17654937963,-20.11883068349,40.));
#3979 = CARTESIAN_POINT('',(-39.09213458877,-20.05420761537,40.));
#3980 = CARTESIAN_POINT('',(-38.95622313536,-19.96284150334,40.));
#3981 = CARTESIAN_POINT('',(-38.90714781032,-19.93220505273,40.));
#3982 = CARTESIAN_POINT('',(-38.85708151578,-19.9033135346,40.));
#3983 = CARTESIAN_POINT('',(-38.80607448901,-19.87624999867,40.));
#3984 = CARTESIAN_POINT('',(-38.75418723961,-19.85109396201,40.));
#3985 = CARTESIAN_POINT('',(-38.59136465426,-19.77948698533,40.));
#3986 = CARTESIAN_POINT('',(-38.47767255808,-19.73969271336,40.));
#3987 = CARTESIAN_POINT('',(-38.36112646466,-19.70924599746,40.));
#3988 = CARTESIAN_POINT('',(-38.24256039869,-19.68866199761,40.));
#3989 = CARTESIAN_POINT('',(-38.12292674657,-19.67825501,40.));
#3990 = CARTESIAN_POINT('',(-37.91804026389,-19.67785417783,40.));
#3991 = CARTESIAN_POINT('',(-37.83276273279,-19.6828554856,40.));
#3992 = CARTESIAN_POINT('',(-37.74784833116,-19.6930265767,40.));
#3993 = CARTESIAN_POINT('',(-37.66365307717,-19.708293938,40.));
#3994 = CARTESIAN_POINT('',(-37.58050929025,-19.7285178195,40.));
#3995 = CARTESIAN_POINT('',(-37.40826763678,-19.78113360154,40.));
#3996 = CARTESIAN_POINT('',(-37.31946218067,-19.81459180015,40.));
#3997 = CARTESIAN_POINT('',(-37.23271540664,-19.85361148514,40.));
#3998 = CARTESIAN_POINT('',(-37.14835091325,-19.89786199197,40.));
#3999 = CARTESIAN_POINT('',(-37.0666183902,-19.94697348317,40.));
#4000 = CARTESIAN_POINT('',(-36.90203413631,-20.05874171052,40.));
#4001 = CARTESIAN_POINT('',(-36.81968132364,-20.12220069284,40.));
#4002 = CARTESIAN_POINT('',(-36.74086867382,-20.19045978316,40.));
#4003 = CARTESIAN_POINT('',(-36.66572046009,-20.26303500403,40.));
#4004 = CARTESIAN_POINT('',(-36.59428179354,-20.33946437568,40.));
#4005 = CARTESIAN_POINT('',(-36.36090234142,-20.61461611699,40.));
#4006 = CARTESIAN_POINT('',(-36.21755975148,-20.830219473,40.));
#4007 = CARTESIAN_POINT('',(-36.09581253942,-21.06043392824,40.));
#4008 = CARTESIAN_POINT('',(-35.99383124982,-21.30069136172,40.));
#4009 = CARTESIAN_POINT('',(-35.90918931616,-21.54775425863,40.));
#4010 = CARTESIAN_POINT('',(-35.83944658506,-21.8,40.));
#4011 = ORIENTED_EDGE('',*,*,#4012,.T.);
#4012 = EDGE_CURVE('',#3966,#4013,#4015,.T.);
#4013 = VERTEX_POINT('',#4014);
#4014 = CARTESIAN_POINT('',(-35.5,-21.5,40.));
#4015 = LINE('',#4016,#4017);
#4016 = CARTESIAN_POINT('',(-52.,-21.5,40.));
#4017 = VECTOR('',#4018,1.);
#4018 = DIRECTION('',(1.,0.,0.));
#4019 = ORIENTED_EDGE('',*,*,#4020,.T.);
#4020 = EDGE_CURVE('',#4013,#3949,#4021,.T.);
#4021 = LINE('',#4022,#4023);
#4022 = CARTESIAN_POINT('',(-35.5,-25.75,40.));
#4023 = VECTOR('',#4024,1.);
#4024 = DIRECTION('',(0.,1.,0.));
#4025 = PLANE('',#4026);
#4026 = AXIS2_PLACEMENT_3D('',#4027,#4028,#4029);
#4027 = CARTESIAN_POINT('',(-52.,-21.5,40.));
#4028 = DIRECTION('',(0.,0.,1.));
#4029 = DIRECTION('',(1.,0.,0.));
#4030 = ADVANCED_FACE('',(#4031),#4042,.T.);
#4031 = FACE_BOUND('',#4032,.T.);
#4032 = EDGE_LOOP('',(#4033,#4034,#4035,#4036));
#4033 = ORIENTED_EDGE('',*,*,#3948,.F.);
#4034 = ORIENTED_EDGE('',*,*,#1123,.T.);
#4035 = ORIENTED_EDGE('',*,*,#3854,.T.);
#4036 = ORIENTED_EDGE('',*,*,#4037,.T.);
#4037 = EDGE_CURVE('',#3847,#3949,#4038,.T.);
#4038 = LINE('',#4039,#4040);
#4039 = CARTESIAN_POINT('',(-35.5,-18.5,38.));
#4040 = VECTOR('',#4041,1.);
#4041 = DIRECTION('',(0.,0.,-1.));
#4042 = PLANE('',#4043);
#4043 = AXIS2_PLACEMENT_3D('',#4044,#4045,#4046);
#4044 = CARTESIAN_POINT('',(-52.,-18.5,40.));
#4045 = DIRECTION('',(0.,1.,0.));
#4046 = DIRECTION('',(0.,0.,1.));
#4047 = ADVANCED_FACE('',(#4048),#4068,.F.);
#4048 = FACE_BOUND('',#4049,.F.);
#4049 = EDGE_LOOP('',(#4050,#4051,#4052,#4053));
#4050 = ORIENTED_EDGE('',*,*,#3957,.F.);
#4051 = ORIENTED_EDGE('',*,*,#1107,.T.);
#4052 = ORIENTED_EDGE('',*,*,#3861,.T.);
#4053 = ORIENTED_EDGE('',*,*,#4054,.T.);
#4054 = EDGE_CURVE('',#3862,#3958,#4055,.T.);
#4055 = B_SPLINE_CURVE_WITH_KNOTS('',6,(#4056,#4057,#4058,#4059,#4060,
    #4061,#4062,#4063,#4064,#4065,#4066,#4067),.UNSPECIFIED.,.F.,.F.,(7,
    5,7),(0.,0.563794314955,1.),.UNSPECIFIED.);
#4056 = CARTESIAN_POINT('',(-38.9513428823,-21.5,41.1));
#4057 = CARTESIAN_POINT('',(-39.09485949516,-21.5,41.030875956925));
#4058 = CARTESIAN_POINT('',(-39.23270539453,-21.5,40.949561636717));
#4059 = CARTESIAN_POINT('',(-39.36370953472,-21.5,40.856900181995));
#4060 = CARTESIAN_POINT('',(-39.48698272326,-21.5,40.753909633107));
#4061 = CARTESIAN_POINT('',(-39.6018608014,-21.5,40.641678728699));
#4062 = CARTESIAN_POINT('',(-39.78993316308,-21.5,40.428251413452));
#4063 = CARTESIAN_POINT('',(-39.86668668775,-21.5,40.330294610161));
#4064 = CARTESIAN_POINT('',(-39.93795679889,-21.5,40.227993901108));
#4065 = CARTESIAN_POINT('',(-40.00363160598,-21.5,40.121856838535));
#4066 = CARTESIAN_POINT('',(-40.06367136518,-21.5,40.01237247488));
#4067 = CARTESIAN_POINT('',(-40.11809381155,-21.5,39.9));
#4068 = PLANE('',#4069);
#4069 = AXIS2_PLACEMENT_3D('',#4070,#4071,#4072);
#4070 = CARTESIAN_POINT('',(-52.,-21.5,40.));
#4071 = DIRECTION('',(0.,1.,0.));
#4072 = DIRECTION('',(0.,0.,1.));
#4073 = ADVANCED_FACE('',(#4074,#4077),#4088,.F.);
#4074 = FACE_BOUND('',#4075,.F.);
#4075 = EDGE_LOOP('',(#4076));
#4076 = ORIENTED_EDGE('',*,*,#1145,.T.);
#4077 = FACE_BOUND('',#4078,.F.);
#4078 = EDGE_LOOP('',(#4079));
#4079 = ORIENTED_EDGE('',*,*,#4080,.F.);
#4080 = EDGE_CURVE('',#4081,#4081,#4083,.T.);
#4081 = VERTEX_POINT('',#4082);
#4082 = CARTESIAN_POINT('',(45.3,-36.,1.3));
#4083 = CIRCLE('',#4084,1.3);
#4084 = AXIS2_PLACEMENT_3D('',#4085,#4086,#4087);
#4085 = CARTESIAN_POINT('',(44.,-36.,1.3));
#4086 = DIRECTION('',(0.,0.,1.));
#4087 = DIRECTION('',(1.,0.,0.));
#4088 = PLANE('',#4089);
#4089 = AXIS2_PLACEMENT_3D('',#4090,#4091,#4092);
#4090 = CARTESIAN_POINT('',(44.,-36.,1.3));
#4091 = DIRECTION('',(0.,0.,1.));
#4092 = DIRECTION('',(1.,0.,0.));
#4093 = ADVANCED_FACE('',(#4094,#4128),#4134,.T.);
#4094 = FACE_BOUND('',#4095,.T.);
#4095 = EDGE_LOOP('',(#4096,#4106,#4114,#4122));
#4096 = ORIENTED_EDGE('',*,*,#4097,.F.);
#4097 = EDGE_CURVE('',#4098,#4100,#4102,.T.);
#4098 = VERTEX_POINT('',#4099);
#4099 = CARTESIAN_POINT('',(3.620190528383,-8.729646071761,1.));
#4100 = VERTEX_POINT('',#4101);
#4101 = CARTESIAN_POINT('',(9.370190528383,1.229646071761,1.));
#4102 = LINE('',#4103,#4104);
#4103 = CARTESIAN_POINT('',(3.620190528383,-8.729646071761,1.));
#4104 = VECTOR('',#4105,1.);
#4105 = DIRECTION('',(0.5,0.866025403784,0.));
#4106 = ORIENTED_EDGE('',*,*,#4107,.T.);
#4107 = EDGE_CURVE('',#4098,#4108,#4110,.T.);
#4108 = VERTEX_POINT('',#4109);
#4109 = CARTESIAN_POINT('',(7.084292143521,-10.72964607176,1.));
#4110 = LINE('',#4111,#4112);
#4111 = CARTESIAN_POINT('',(3.620190528383,-8.729646071761,1.));
#4112 = VECTOR('',#4113,1.);
#4113 = DIRECTION('',(0.866025403784,-0.5,0.));
#4114 = ORIENTED_EDGE('',*,*,#4115,.T.);
#4115 = EDGE_CURVE('',#4108,#4116,#4118,.T.);
#4116 = VERTEX_POINT('',#4117);
#4117 = CARTESIAN_POINT('',(12.834292143521,-0.770353928239,1.));
#4118 = LINE('',#4119,#4120);
#4119 = CARTESIAN_POINT('',(7.084292143521,-10.72964607176,1.));
#4120 = VECTOR('',#4121,1.);
#4121 = DIRECTION('',(0.5,0.866025403784,0.));
#4122 = ORIENTED_EDGE('',*,*,#4123,.F.);
#4123 = EDGE_CURVE('',#4100,#4116,#4124,.T.);
#4124 = LINE('',#4125,#4126);
#4125 = CARTESIAN_POINT('',(9.370190528383,1.229646071761,1.));
#4126 = VECTOR('',#4127,1.);
#4127 = DIRECTION('',(0.866025403784,-0.5,0.));
#4128 = FACE_BOUND('',#4129,.T.);
#4129 = EDGE_LOOP('',(#4130,#4131,#4132,#4133));
#4130 = ORIENTED_EDGE('',*,*,#1203,.F.);
#4131 = ORIENTED_EDGE('',*,*,#1179,.T.);
#4132 = ORIENTED_EDGE('',*,*,#1227,.T.);
#4133 = ORIENTED_EDGE('',*,*,#1244,.F.);
#4134 = PLANE('',#4135);
#4135 = AXIS2_PLACEMENT_3D('',#4136,#4137,#4138);
#4136 = CARTESIAN_POINT('',(3.620190528383,-8.729646071761,1.));
#4137 = DIRECTION('',(0.,0.,1.));
#4138 = DIRECTION('',(0.866025403784,-0.5,0.));
#4139 = ADVANCED_FACE('',(#4140,#4143),#4154,.F.);
#4140 = FACE_BOUND('',#4141,.F.);
#4141 = EDGE_LOOP('',(#4142));
#4142 = ORIENTED_EDGE('',*,*,#1266,.T.);
#4143 = FACE_BOUND('',#4144,.F.);
#4144 = EDGE_LOOP('',(#4145));
#4145 = ORIENTED_EDGE('',*,*,#4146,.F.);
#4146 = EDGE_CURVE('',#4147,#4147,#4149,.T.);
#4147 = VERTEX_POINT('',#4148);
#4148 = CARTESIAN_POINT('',(-42.7,-36.,1.3));
#4149 = CIRCLE('',#4150,1.3);
#4150 = AXIS2_PLACEMENT_3D('',#4151,#4152,#4153);
#4151 = CARTESIAN_POINT('',(-44.,-36.,1.3));
#4152 = DIRECTION('',(0.,0.,1.));
#4153 = DIRECTION('',(1.,0.,0.));
#4154 = PLANE('',#4155);
#4155 = AXIS2_PLACEMENT_3D('',#4156,#4157,#4158);
#4156 = CARTESIAN_POINT('',(-44.,-36.,1.3));
#4157 = DIRECTION('',(0.,0.,1.));
#4158 = DIRECTION('',(1.,0.,0.));
#4159 = ADVANCED_FACE('',(#4160,#4194),#4200,.T.);
#4160 = FACE_BOUND('',#4161,.T.);
#4161 = EDGE_LOOP('',(#4162,#4172,#4180,#4188));
#4162 = ORIENTED_EDGE('',*,*,#4163,.F.);
#4163 = EDGE_CURVE('',#4164,#4166,#4168,.T.);
#4164 = VERTEX_POINT('',#4165);
#4165 = CARTESIAN_POINT('',(-7.084292143521,-10.72964607176,1.));
#4166 = VERTEX_POINT('',#4167);
#4167 = CARTESIAN_POINT('',(-12.83429214352,-0.770353928239,1.));
#4168 = LINE('',#4169,#4170);
#4169 = CARTESIAN_POINT('',(-7.084292143521,-10.72964607176,1.));
#4170 = VECTOR('',#4171,1.);
#4171 = DIRECTION('',(-0.5,0.866025403784,0.));
#4172 = ORIENTED_EDGE('',*,*,#4173,.T.);
#4173 = EDGE_CURVE('',#4164,#4174,#4176,.T.);
#4174 = VERTEX_POINT('',#4175);
#4175 = CARTESIAN_POINT('',(-3.620190528383,-8.729646071761,1.));
#4176 = LINE('',#4177,#4178);
#4177 = CARTESIAN_POINT('',(-7.084292143521,-10.72964607176,1.));
#4178 = VECTOR('',#4179,1.);
#4179 = DIRECTION('',(0.866025403784,0.5,0.));
#4180 = ORIENTED_EDGE('',*,*,#4181,.T.);
#4181 = EDGE_CURVE('',#4174,#4182,#4184,.T.);
#4182 = VERTEX_POINT('',#4183);
#4183 = CARTESIAN_POINT('',(-9.370190528383,1.229646071761,1.));
#4184 = LINE('',#4185,#4186);
#4185 = CARTESIAN_POINT('',(-3.620190528383,-8.729646071761,1.));
#4186 = VECTOR('',#4187,1.);
#4187 = DIRECTION('',(-0.5,0.866025403784,0.));
#4188 = ORIENTED_EDGE('',*,*,#4189,.F.);
#4189 = EDGE_CURVE('',#4166,#4182,#4190,.T.);
#4190 = LINE('',#4191,#4192);
#4191 = CARTESIAN_POINT('',(-12.83429214352,-0.770353928239,1.));
#4192 = VECTOR('',#4193,1.);
#4193 = DIRECTION('',(0.866025403784,0.5,0.));
#4194 = FACE_BOUND('',#4195,.T.);
#4195 = EDGE_LOOP('',(#4196,#4197,#4198,#4199));
#4196 = ORIENTED_EDGE('',*,*,#1324,.F.);
#4197 = ORIENTED_EDGE('',*,*,#1300,.T.);
#4198 = ORIENTED_EDGE('',*,*,#1348,.T.);
#4199 = ORIENTED_EDGE('',*,*,#1365,.F.);
#4200 = PLANE('',#4201);
#4201 = AXIS2_PLACEMENT_3D('',#4202,#4203,#4204);
#4202 = CARTESIAN_POINT('',(-7.084292143521,-10.72964607176,1.));
#4203 = DIRECTION('',(0.,0.,1.));
#4204 = DIRECTION('',(0.866025403784,0.5,0.));
#4205 = ADVANCED_FACE('',(#4206,#4209),#4220,.F.);
#4206 = FACE_BOUND('',#4207,.F.);
#4207 = EDGE_LOOP('',(#4208));
#4208 = ORIENTED_EDGE('',*,*,#1387,.T.);
#4209 = FACE_BOUND('',#4210,.F.);
#4210 = EDGE_LOOP('',(#4211));
#4211 = ORIENTED_EDGE('',*,*,#4212,.F.);
#4212 = EDGE_CURVE('',#4213,#4213,#4215,.T.);
#4213 = VERTEX_POINT('',#4214);
#4214 = CARTESIAN_POINT('',(45.3,36.,1.3));
#4215 = CIRCLE('',#4216,1.3);
#4216 = AXIS2_PLACEMENT_3D('',#4217,#4218,#4219);
#4217 = CARTESIAN_POINT('',(44.,36.,1.3));
#4218 = DIRECTION('',(0.,0.,1.));
#4219 = DIRECTION('',(1.,0.,0.));
#4220 = PLANE('',#4221);
#4221 = AXIS2_PLACEMENT_3D('',#4222,#4223,#4224);
#4222 = CARTESIAN_POINT('',(44.,36.,1.3));
#4223 = DIRECTION('',(0.,0.,1.));
#4224 = DIRECTION('',(1.,0.,0.));
#4225 = ADVANCED_FACE('',(#4226,#4260),#4266,.T.);
#4226 = FACE_BOUND('',#4227,.T.);
#4227 = EDGE_LOOP('',(#4228,#4238,#4246,#4254));
#4228 = ORIENTED_EDGE('',*,*,#4229,.F.);
#4229 = EDGE_CURVE('',#4230,#4232,#4234,.T.);
#4230 = VERTEX_POINT('',#4231);
#4231 = CARTESIAN_POINT('',(-2.,5.35,1.));
#4232 = VERTEX_POINT('',#4233);
#4233 = CARTESIAN_POINT('',(-2.,16.85,1.));
#4234 = LINE('',#4235,#4236);
#4235 = CARTESIAN_POINT('',(-2.,5.35,1.));
#4236 = VECTOR('',#4237,1.);
#4237 = DIRECTION('',(0.,1.,0.));
#4238 = ORIENTED_EDGE('',*,*,#4239,.T.);
#4239 = EDGE_CURVE('',#4230,#4240,#4242,.T.);
#4240 = VERTEX_POINT('',#4241);
#4241 = CARTESIAN_POINT('',(2.,5.35,1.));
#4242 = LINE('',#4243,#4244);
#4243 = CARTESIAN_POINT('',(-2.,5.35,1.));
#4244 = VECTOR('',#4245,1.);
#4245 = DIRECTION('',(1.,0.,0.));
#4246 = ORIENTED_EDGE('',*,*,#4247,.T.);
#4247 = EDGE_CURVE('',#4240,#4248,#4250,.T.);
#4248 = VERTEX_POINT('',#4249);
#4249 = CARTESIAN_POINT('',(2.,16.85,1.));
#4250 = LINE('',#4251,#4252);
#4251 = CARTESIAN_POINT('',(2.,5.35,1.));
#4252 = VECTOR('',#4253,1.);
#4253 = DIRECTION('',(0.,1.,0.));
#4254 = ORIENTED_EDGE('',*,*,#4255,.F.);
#4255 = EDGE_CURVE('',#4232,#4248,#4256,.T.);
#4256 = LINE('',#4257,#4258);
#4257 = CARTESIAN_POINT('',(-2.,16.85,1.));
#4258 = VECTOR('',#4259,1.);
#4259 = DIRECTION('',(1.,0.,0.));
#4260 = FACE_BOUND('',#4261,.T.);
#4261 = EDGE_LOOP('',(#4262,#4263,#4264,#4265));
#4262 = ORIENTED_EDGE('',*,*,#1445,.F.);
#4263 = ORIENTED_EDGE('',*,*,#1421,.T.);
#4264 = ORIENTED_EDGE('',*,*,#1469,.T.);
#4265 = ORIENTED_EDGE('',*,*,#1486,.F.);
#4266 = PLANE('',#4267);
#4267 = AXIS2_PLACEMENT_3D('',#4268,#4269,#4270);
#4268 = CARTESIAN_POINT('',(-2.,5.35,1.));
#4269 = DIRECTION('',(0.,0.,1.));
#4270 = DIRECTION('',(1.,0.,0.));
#4271 = ADVANCED_FACE('',(#4272,#4275),#4286,.F.);
#4272 = FACE_BOUND('',#4273,.F.);
#4273 = EDGE_LOOP('',(#4274));
#4274 = ORIENTED_EDGE('',*,*,#1508,.T.);
#4275 = FACE_BOUND('',#4276,.F.);
#4276 = EDGE_LOOP('',(#4277));
#4277 = ORIENTED_EDGE('',*,*,#4278,.F.);
#4278 = EDGE_CURVE('',#4279,#4279,#4281,.T.);
#4279 = VERTEX_POINT('',#4280);
#4280 = CARTESIAN_POINT('',(-42.7,36.,1.3));
#4281 = CIRCLE('',#4282,1.3);
#4282 = AXIS2_PLACEMENT_3D('',#4283,#4284,#4285);
#4283 = CARTESIAN_POINT('',(-44.,36.,1.3));
#4284 = DIRECTION('',(0.,0.,1.));
#4285 = DIRECTION('',(1.,0.,0.));
#4286 = PLANE('',#4287);
#4287 = AXIS2_PLACEMENT_3D('',#4288,#4289,#4290);
#4288 = CARTESIAN_POINT('',(-44.,36.,1.3));
#4289 = DIRECTION('',(0.,0.,1.));
#4290 = DIRECTION('',(1.,0.,0.));
#4291 = ADVANCED_FACE('',(#4292),#4303,.T.);
#4292 = FACE_BOUND('',#4293,.T.);
#4293 = EDGE_LOOP('',(#4294,#4295,#4296,#4302));
#4294 = ORIENTED_EDGE('',*,*,#1610,.F.);
#4295 = ORIENTED_EDGE('',*,*,#1801,.T.);
#4296 = ORIENTED_EDGE('',*,*,#4297,.T.);
#4297 = EDGE_CURVE('',#1802,#1869,#4298,.T.);
#4298 = LINE('',#4299,#4300);
#4299 = CARTESIAN_POINT('',(-27.5,-43.2,13.1));
#4300 = VECTOR('',#4301,1.);
#4301 = DIRECTION('',(1.,0.,0.));
#4302 = ORIENTED_EDGE('',*,*,#1868,.F.);
#4303 = PLANE('',#4304);
#4304 = AXIS2_PLACEMENT_3D('',#4305,#4306,#4307);
#4305 = CARTESIAN_POINT('',(-27.5,-43.2,3.));
#4306 = DIRECTION('',(0.,1.,0.));
#4307 = DIRECTION('',(0.,0.,1.));
#4308 = ADVANCED_FACE('',(#4309),#4320,.T.);
#4309 = FACE_BOUND('',#4310,.T.);
#4310 = EDGE_LOOP('',(#4311,#4312,#4313,#4319));
#4311 = ORIENTED_EDGE('',*,*,#1587,.F.);
#4312 = ORIENTED_EDGE('',*,*,#1898,.T.);
#4313 = ORIENTED_EDGE('',*,*,#4314,.T.);
#4314 = EDGE_CURVE('',#1899,#1966,#4315,.T.);
#4315 = LINE('',#4316,#4317);
#4316 = CARTESIAN_POINT('',(22.5,-43.2,13.1));
#4317 = VECTOR('',#4318,1.);
#4318 = DIRECTION('',(1.,0.,0.));
#4319 = ORIENTED_EDGE('',*,*,#1965,.F.);
#4320 = PLANE('',#4321);
#4321 = AXIS2_PLACEMENT_3D('',#4322,#4323,#4324);
#4322 = CARTESIAN_POINT('',(22.5,-43.2,3.));
#4323 = DIRECTION('',(0.,1.,0.));
#4324 = DIRECTION('',(0.,0.,1.));
#4325 = ADVANCED_FACE('',(#4326),#4337,.F.);
#4326 = FACE_BOUND('',#4327,.F.);
#4327 = EDGE_LOOP('',(#4328,#4329,#4330,#4336));
#4328 = ORIENTED_EDGE('',*,*,#1560,.F.);
#4329 = ORIENTED_EDGE('',*,*,#2284,.T.);
#4330 = ORIENTED_EDGE('',*,*,#4331,.T.);
#4331 = EDGE_CURVE('',#2285,#2358,#4332,.T.);
#4332 = LINE('',#4333,#4334);
#4333 = CARTESIAN_POINT('',(22.5,43.2,13.1));
#4334 = VECTOR('',#4335,1.);
#4335 = DIRECTION('',(1.,0.,0.));
#4336 = ORIENTED_EDGE('',*,*,#2365,.F.);
#4337 = PLANE('',#4338);
#4338 = AXIS2_PLACEMENT_3D('',#4339,#4340,#4341);
#4339 = CARTESIAN_POINT('',(22.5,43.2,3.));
#4340 = DIRECTION('',(0.,1.,0.));
#4341 = DIRECTION('',(0.,0.,1.));
#4342 = ADVANCED_FACE('',(#4343),#4354,.F.);
#4343 = FACE_BOUND('',#4344,.F.);
#4344 = EDGE_LOOP('',(#4345,#4346,#4347,#4353));
#4345 = ORIENTED_EDGE('',*,*,#1537,.F.);
#4346 = ORIENTED_EDGE('',*,*,#2187,.T.);
#4347 = ORIENTED_EDGE('',*,*,#4348,.T.);
#4348 = EDGE_CURVE('',#2188,#2261,#4349,.T.);
#4349 = LINE('',#4350,#4351);
#4350 = CARTESIAN_POINT('',(-27.5,43.2,13.1));
#4351 = VECTOR('',#4352,1.);
#4352 = DIRECTION('',(1.,0.,0.));
#4353 = ORIENTED_EDGE('',*,*,#2268,.F.);
#4354 = PLANE('',#4355);
#4355 = AXIS2_PLACEMENT_3D('',#4356,#4357,#4358);
#4356 = CARTESIAN_POINT('',(-27.5,43.2,3.));
#4357 = DIRECTION('',(0.,1.,0.));
#4358 = DIRECTION('',(0.,0.,1.));
#4359 = ADVANCED_FACE('',(#4360),#4379,.T.);
#4360 = FACE_BOUND('',#4361,.T.);
#4361 = EDGE_LOOP('',(#4362,#4371,#4377,#4378));
#4362 = ORIENTED_EDGE('',*,*,#4363,.F.);
#4363 = EDGE_CURVE('',#4364,#4364,#4366,.T.);
#4364 = VERTEX_POINT('',#4365);
#4365 = CARTESIAN_POINT('',(47.1,-36.,11.5));
#4366 = CIRCLE('',#4367,3.1);
#4367 = AXIS2_PLACEMENT_3D('',#4368,#4369,#4370);
#4368 = CARTESIAN_POINT('',(44.,-36.,11.5));
#4369 = DIRECTION('',(0.,0.,1.));
#4370 = DIRECTION('',(1.,0.,0.));
#4371 = ORIENTED_EDGE('',*,*,#4372,.F.);
#4372 = EDGE_CURVE('',#1628,#4364,#4373,.T.);
#4373 = LINE('',#4374,#4375);
#4374 = CARTESIAN_POINT('',(47.1,-36.,3.));
#4375 = VECTOR('',#4376,1.);
#4376 = DIRECTION('',(0.,0.,1.));
#4377 = ORIENTED_EDGE('',*,*,#1627,.T.);
#4378 = ORIENTED_EDGE('',*,*,#4372,.T.);
#4379 = CYLINDRICAL_SURFACE('',#4380,3.1);
#4380 = AXIS2_PLACEMENT_3D('',#4381,#4382,#4383);
#4381 = CARTESIAN_POINT('',(44.,-36.,3.));
#4382 = DIRECTION('',(0.,0.,1.));
#4383 = DIRECTION('',(1.,0.,0.));
#4384 = ADVANCED_FACE('',(#4385),#4410,.F.);
#4385 = FACE_BOUND('',#4386,.F.);
#4386 = EDGE_LOOP('',(#4387,#4395,#4403,#4409));
#4387 = ORIENTED_EDGE('',*,*,#4388,.F.);
#4388 = EDGE_CURVE('',#4389,#1641,#4391,.T.);
#4389 = VERTEX_POINT('',#4390);
#4390 = CARTESIAN_POINT('',(11.031664199358,-1.692597114673,2.));
#4391 = LINE('',#4392,#4393);
#4392 = CARTESIAN_POINT('',(11.031664199358,-1.692597114673,-0.2));
#4393 = VECTOR('',#4394,1.);
#4394 = DIRECTION('',(0.,0.,1.));
#4395 = ORIENTED_EDGE('',*,*,#4396,.F.);
#4396 = EDGE_CURVE('',#4397,#4389,#4399,.T.);
#4397 = VERTEX_POINT('',#4398);
#4398 = CARTESIAN_POINT('',(9.472818472546,-0.792597114673,2.));
#4399 = LINE('',#4400,#4401);
#4400 = CARTESIAN_POINT('',(8.996504500465,-0.517597114673,2.));
#4401 = VECTOR('',#4402,1.);
#4402 = DIRECTION('',(0.866025403784,-0.5,0.));
#4403 = ORIENTED_EDGE('',*,*,#4404,.T.);
#4404 = EDGE_CURVE('',#4397,#1639,#4405,.T.);
#4405 = LINE('',#4406,#4407);
#4406 = CARTESIAN_POINT('',(9.472818472546,-0.792597114673,-0.2));
#4407 = VECTOR('',#4408,1.);
#4408 = DIRECTION('',(0.,0.,1.));
#4409 = ORIENTED_EDGE('',*,*,#1638,.T.);
#4410 = PLANE('',#4411);
#4411 = AXIS2_PLACEMENT_3D('',#4412,#4413,#4414);
#4412 = CARTESIAN_POINT('',(9.472818472546,-0.792597114673,-0.2));
#4413 = DIRECTION('',(0.5,0.866025403784,0.));
#4414 = DIRECTION('',(0.,0.,1.));
#4415 = ADVANCED_FACE('',(#4416),#4434,.T.);
#4416 = FACE_BOUND('',#4417,.T.);
#4417 = EDGE_LOOP('',(#4418,#4426,#4432,#4433));
#4418 = ORIENTED_EDGE('',*,*,#4419,.F.);
#4419 = EDGE_CURVE('',#4420,#1649,#4422,.T.);
#4420 = VERTEX_POINT('',#4421);
#4421 = CARTESIAN_POINT('',(5.422818472546,-7.807402885327,2.));
#4422 = LINE('',#4423,#4424);
#4423 = CARTESIAN_POINT('',(5.422818472546,-7.807402885327,-0.2));
#4424 = VECTOR('',#4425,1.);
#4425 = DIRECTION('',(0.,0.,1.));
#4426 = ORIENTED_EDGE('',*,*,#4427,.F.);
#4427 = EDGE_CURVE('',#4397,#4420,#4428,.T.);
#4428 = LINE('',#4429,#4430);
#4429 = CARTESIAN_POINT('',(4.997818472546,-8.543524478544,2.));
#4430 = VECTOR('',#4431,1.);
#4431 = DIRECTION('',(-0.5,-0.866025403784,0.));
#4432 = ORIENTED_EDGE('',*,*,#4404,.T.);
#4433 = ORIENTED_EDGE('',*,*,#1648,.T.);
#4434 = PLANE('',#4435);
#4435 = AXIS2_PLACEMENT_3D('',#4436,#4437,#4438);
#4436 = CARTESIAN_POINT('',(5.422818472546,-7.807402885327,-0.2));
#4437 = DIRECTION('',(0.866025403784,-0.5,0.));
#4438 = DIRECTION('',(0.,0.,1.));
#4439 = ADVANCED_FACE('',(#4440),#4458,.F.);
#4440 = FACE_BOUND('',#4441,.F.);
#4441 = EDGE_LOOP('',(#4442,#4450,#4456,#4457));
#4442 = ORIENTED_EDGE('',*,*,#4443,.F.);
#4443 = EDGE_CURVE('',#4444,#1657,#4446,.T.);
#4444 = VERTEX_POINT('',#4445);
#4445 = CARTESIAN_POINT('',(6.981664199358,-8.707402885327,2.));
#4446 = LINE('',#4447,#4448);
#4447 = CARTESIAN_POINT('',(6.981664199358,-8.707402885327,-0.2));
#4448 = VECTOR('',#4449,1.);
#4449 = DIRECTION('',(0.,0.,1.));
#4450 = ORIENTED_EDGE('',*,*,#4451,.F.);
#4451 = EDGE_CURVE('',#4389,#4444,#4452,.T.);
#4452 = LINE('',#4453,#4454);
#4453 = CARTESIAN_POINT('',(6.556664199358,-9.443524478544,2.));
#4454 = VECTOR('',#4455,1.);
#4455 = DIRECTION('',(-0.5,-0.866025403784,0.));
#4456 = ORIENTED_EDGE('',*,*,#4388,.T.);
#4457 = ORIENTED_EDGE('',*,*,#1664,.T.);
#4458 = PLANE('',#4459);
#4459 = AXIS2_PLACEMENT_3D('',#4460,#4461,#4462);
#4460 = CARTESIAN_POINT('',(6.981664199358,-8.707402885327,-0.2));
#4461 = DIRECTION('',(0.866025403784,-0.5,0.));
#4462 = DIRECTION('',(0.,0.,1.));
#4463 = ADVANCED_FACE('',(#4464),#4475,.T.);
#4464 = FACE_BOUND('',#4465,.T.);
#4465 = EDGE_LOOP('',(#4466,#4467,#4473,#4474));
#4466 = ORIENTED_EDGE('',*,*,#4443,.F.);
#4467 = ORIENTED_EDGE('',*,*,#4468,.F.);
#4468 = EDGE_CURVE('',#4420,#4444,#4469,.T.);
#4469 = LINE('',#4470,#4471);
#4470 = CARTESIAN_POINT('',(4.946504500465,-7.532402885327,2.));
#4471 = VECTOR('',#4472,1.);
#4472 = DIRECTION('',(0.866025403784,-0.5,0.));
#4473 = ORIENTED_EDGE('',*,*,#4419,.T.);
#4474 = ORIENTED_EDGE('',*,*,#1656,.T.);
#4475 = PLANE('',#4476);
#4476 = AXIS2_PLACEMENT_3D('',#4477,#4478,#4479);
#4477 = CARTESIAN_POINT('',(5.422818472546,-7.807402885327,-0.2));
#4478 = DIRECTION('',(0.5,0.866025403784,0.));
#4479 = DIRECTION('',(0.,0.,1.));
#4480 = ADVANCED_FACE('',(#4481),#4500,.T.);
#4481 = FACE_BOUND('',#4482,.T.);
#4482 = EDGE_LOOP('',(#4483,#4492,#4498,#4499));
#4483 = ORIENTED_EDGE('',*,*,#4484,.F.);
#4484 = EDGE_CURVE('',#4485,#4485,#4487,.T.);
#4485 = VERTEX_POINT('',#4486);
#4486 = CARTESIAN_POINT('',(-40.9,-36.,11.5));
#4487 = CIRCLE('',#4488,3.1);
#4488 = AXIS2_PLACEMENT_3D('',#4489,#4490,#4491);
#4489 = CARTESIAN_POINT('',(-44.,-36.,11.5));
#4490 = DIRECTION('',(0.,0.,1.));
#4491 = DIRECTION('',(1.,0.,0.));
#4492 = ORIENTED_EDGE('',*,*,#4493,.F.);
#4493 = EDGE_CURVE('',#1673,#4485,#4494,.T.);
#4494 = LINE('',#4495,#4496);
#4495 = CARTESIAN_POINT('',(-40.9,-36.,3.));
#4496 = VECTOR('',#4497,1.);
#4497 = DIRECTION('',(0.,0.,1.));
#4498 = ORIENTED_EDGE('',*,*,#1672,.T.);
#4499 = ORIENTED_EDGE('',*,*,#4493,.T.);
#4500 = CYLINDRICAL_SURFACE('',#4501,3.1);
#4501 = AXIS2_PLACEMENT_3D('',#4502,#4503,#4504);
#4502 = CARTESIAN_POINT('',(-44.,-36.,3.));
#4503 = DIRECTION('',(0.,0.,1.));
#4504 = DIRECTION('',(1.,0.,0.));
#4505 = ADVANCED_FACE('',(#4506),#4525,.T.);
#4506 = FACE_BOUND('',#4507,.T.);
#4507 = EDGE_LOOP('',(#4508,#4517,#4523,#4524));
#4508 = ORIENTED_EDGE('',*,*,#4509,.F.);
#4509 = EDGE_CURVE('',#4510,#4510,#4512,.T.);
#4510 = VERTEX_POINT('',#4511);
#4511 = CARTESIAN_POINT('',(-36.35,-28.,4.));
#4512 = CIRCLE('',#4513,0.65);
#4513 = AXIS2_PLACEMENT_3D('',#4514,#4515,#4516);
#4514 = CARTESIAN_POINT('',(-37.,-28.,4.));
#4515 = DIRECTION('',(0.,0.,1.));
#4516 = DIRECTION('',(1.,0.,0.));
#4517 = ORIENTED_EDGE('',*,*,#4518,.F.);
#4518 = EDGE_CURVE('',#1684,#4510,#4519,.T.);
#4519 = LINE('',#4520,#4521);
#4520 = CARTESIAN_POINT('',(-36.35,-28.,3.));
#4521 = VECTOR('',#4522,1.);
#4522 = DIRECTION('',(0.,0.,1.));
#4523 = ORIENTED_EDGE('',*,*,#1683,.T.);
#4524 = ORIENTED_EDGE('',*,*,#4518,.T.);
#4525 = CYLINDRICAL_SURFACE('',#4526,0.65);
#4526 = AXIS2_PLACEMENT_3D('',#4527,#4528,#4529);
#4527 = CARTESIAN_POINT('',(-37.,-28.,3.));
#4528 = DIRECTION('',(0.,0.,1.));
#4529 = DIRECTION('',(1.,0.,0.));
#4530 = ADVANCED_FACE('',(#4531),#4550,.T.);
#4531 = FACE_BOUND('',#4532,.T.);
#4532 = EDGE_LOOP('',(#4533,#4542,#4548,#4549));
#4533 = ORIENTED_EDGE('',*,*,#4534,.F.);
#4534 = EDGE_CURVE('',#4535,#4535,#4537,.T.);
#4535 = VERTEX_POINT('',#4536);
#4536 = CARTESIAN_POINT('',(-36.35,-23.,4.));
#4537 = CIRCLE('',#4538,0.65);
#4538 = AXIS2_PLACEMENT_3D('',#4539,#4540,#4541);
#4539 = CARTESIAN_POINT('',(-37.,-23.,4.));
#4540 = DIRECTION('',(0.,0.,1.));
#4541 = DIRECTION('',(1.,0.,0.));
#4542 = ORIENTED_EDGE('',*,*,#4543,.F.);
#4543 = EDGE_CURVE('',#1695,#4535,#4544,.T.);
#4544 = LINE('',#4545,#4546);
#4545 = CARTESIAN_POINT('',(-36.35,-23.,3.));
#4546 = VECTOR('',#4547,1.);
#4547 = DIRECTION('',(0.,0.,1.));
#4548 = ORIENTED_EDGE('',*,*,#1694,.T.);
#4549 = ORIENTED_EDGE('',*,*,#4543,.T.);
#4550 = CYLINDRICAL_SURFACE('',#4551,0.65);
#4551 = AXIS2_PLACEMENT_3D('',#4552,#4553,#4554);
#4552 = CARTESIAN_POINT('',(-37.,-23.,3.));
#4553 = DIRECTION('',(0.,0.,1.));
#4554 = DIRECTION('',(1.,0.,0.));
#4555 = ADVANCED_FACE('',(#4556),#4581,.F.);
#4556 = FACE_BOUND('',#4557,.F.);
#4557 = EDGE_LOOP('',(#4558,#4566,#4574,#4580));
#4558 = ORIENTED_EDGE('',*,*,#4559,.F.);
#4559 = EDGE_CURVE('',#4560,#1708,#4562,.T.);
#4560 = VERTEX_POINT('',#4561);
#4561 = CARTESIAN_POINT('',(-9.472818472546,-0.792597114673,2.));
#4562 = LINE('',#4563,#4564);
#4563 = CARTESIAN_POINT('',(-9.472818472546,-0.792597114673,-0.2));
#4564 = VECTOR('',#4565,1.);
#4565 = DIRECTION('',(0.,0.,1.));
#4566 = ORIENTED_EDGE('',*,*,#4567,.F.);
#4567 = EDGE_CURVE('',#4568,#4560,#4570,.T.);
#4568 = VERTEX_POINT('',#4569);
#4569 = CARTESIAN_POINT('',(-11.03166419935,-1.692597114673,2.));
#4570 = LINE('',#4571,#4572);
#4571 = CARTESIAN_POINT('',(-11.50797817144,-1.967597114673,2.));
#4572 = VECTOR('',#4573,1.);
#4573 = DIRECTION('',(0.866025403784,0.5,0.));
#4574 = ORIENTED_EDGE('',*,*,#4575,.T.);
#4575 = EDGE_CURVE('',#4568,#1706,#4576,.T.);
#4576 = LINE('',#4577,#4578);
#4577 = CARTESIAN_POINT('',(-11.03166419935,-1.692597114673,-0.2));
#4578 = VECTOR('',#4579,1.);
#4579 = DIRECTION('',(0.,0.,1.));
#4580 = ORIENTED_EDGE('',*,*,#1705,.T.);
#4581 = PLANE('',#4582);
#4582 = AXIS2_PLACEMENT_3D('',#4583,#4584,#4585);
#4583 = CARTESIAN_POINT('',(-11.03166419935,-1.692597114673,-0.2));
#4584 = DIRECTION('',(-0.5,0.866025403784,0.));
#4585 = DIRECTION('',(0.,0.,1.));
#4586 = ADVANCED_FACE('',(#4587),#4605,.T.);
#4587 = FACE_BOUND('',#4588,.T.);
#4588 = EDGE_LOOP('',(#4589,#4597,#4603,#4604));
#4589 = ORIENTED_EDGE('',*,*,#4590,.F.);
#4590 = EDGE_CURVE('',#4591,#1716,#4593,.T.);
#4591 = VERTEX_POINT('',#4592);
#4592 = CARTESIAN_POINT('',(-6.981664199358,-8.707402885327,2.));
#4593 = LINE('',#4594,#4595);
#4594 = CARTESIAN_POINT('',(-6.981664199358,-8.707402885327,-0.2));
#4595 = VECTOR('',#4596,1.);
#4596 = DIRECTION('',(0.,0.,1.));
#4597 = ORIENTED_EDGE('',*,*,#4598,.F.);
#4598 = EDGE_CURVE('',#4568,#4591,#4599,.T.);
#4599 = LINE('',#4600,#4601);
#4600 = CARTESIAN_POINT('',(-6.556664199358,-9.443524478544,2.));
#4601 = VECTOR('',#4602,1.);
#4602 = DIRECTION('',(0.5,-0.866025403784,0.));
#4603 = ORIENTED_EDGE('',*,*,#4575,.T.);
#4604 = ORIENTED_EDGE('',*,*,#1715,.T.);
#4605 = PLANE('',#4606);
#4606 = AXIS2_PLACEMENT_3D('',#4607,#4608,#4609);
#4607 = CARTESIAN_POINT('',(-6.981664199358,-8.707402885327,-0.2));
#4608 = DIRECTION('',(0.866025403784,0.5,0.));
#4609 = DIRECTION('',(0.,0.,1.));
#4610 = ADVANCED_FACE('',(#4611),#4629,.F.);
#4611 = FACE_BOUND('',#4612,.F.);
#4612 = EDGE_LOOP('',(#4613,#4621,#4627,#4628));
#4613 = ORIENTED_EDGE('',*,*,#4614,.F.);
#4614 = EDGE_CURVE('',#4615,#1724,#4617,.T.);
#4615 = VERTEX_POINT('',#4616);
#4616 = CARTESIAN_POINT('',(-5.422818472546,-7.807402885327,2.));
#4617 = LINE('',#4618,#4619);
#4618 = CARTESIAN_POINT('',(-5.422818472546,-7.807402885327,-0.2));
#4619 = VECTOR('',#4620,1.);
#4620 = DIRECTION('',(0.,0.,1.));
#4621 = ORIENTED_EDGE('',*,*,#4622,.F.);
#4622 = EDGE_CURVE('',#4560,#4615,#4623,.T.);
#4623 = LINE('',#4624,#4625);
#4624 = CARTESIAN_POINT('',(-4.997818472546,-8.543524478544,2.));
#4625 = VECTOR('',#4626,1.);
#4626 = DIRECTION('',(0.5,-0.866025403784,0.));
#4627 = ORIENTED_EDGE('',*,*,#4559,.T.);
#4628 = ORIENTED_EDGE('',*,*,#1731,.T.);
#4629 = PLANE('',#4630);
#4630 = AXIS2_PLACEMENT_3D('',#4631,#4632,#4633);
#4631 = CARTESIAN_POINT('',(-5.422818472546,-7.807402885327,-0.2));
#4632 = DIRECTION('',(0.866025403784,0.5,0.));
#4633 = DIRECTION('',(0.,0.,1.));
#4634 = ADVANCED_FACE('',(#4635),#4646,.T.);
#4635 = FACE_BOUND('',#4636,.T.);
#4636 = EDGE_LOOP('',(#4637,#4638,#4644,#4645));
#4637 = ORIENTED_EDGE('',*,*,#4614,.F.);
#4638 = ORIENTED_EDGE('',*,*,#4639,.F.);
#4639 = EDGE_CURVE('',#4591,#4615,#4640,.T.);
#4640 = LINE('',#4641,#4642);
#4641 = CARTESIAN_POINT('',(-7.45797817144,-8.982402885327,2.));
#4642 = VECTOR('',#4643,1.);
#4643 = DIRECTION('',(0.866025403784,0.5,0.));
#4644 = ORIENTED_EDGE('',*,*,#4590,.T.);
#4645 = ORIENTED_EDGE('',*,*,#1723,.T.);
#4646 = PLANE('',#4647);
#4647 = AXIS2_PLACEMENT_3D('',#4648,#4649,#4650);
#4648 = CARTESIAN_POINT('',(-6.981664199358,-8.707402885327,-0.2));
#4649 = DIRECTION('',(-0.5,0.866025403784,0.));
#4650 = DIRECTION('',(0.,0.,1.));
#4651 = ADVANCED_FACE('',(#4652),#4671,.T.);
#4652 = FACE_BOUND('',#4653,.T.);
#4653 = EDGE_LOOP('',(#4654,#4663,#4669,#4670));
#4654 = ORIENTED_EDGE('',*,*,#4655,.F.);
#4655 = EDGE_CURVE('',#4656,#4656,#4658,.T.);
#4656 = VERTEX_POINT('',#4657);
#4657 = CARTESIAN_POINT('',(47.1,36.,11.5));
#4658 = CIRCLE('',#4659,3.1);
#4659 = AXIS2_PLACEMENT_3D('',#4660,#4661,#4662);
#4660 = CARTESIAN_POINT('',(44.,36.,11.5));
#4661 = DIRECTION('',(0.,0.,1.));
#4662 = DIRECTION('',(1.,0.,0.));
#4663 = ORIENTED_EDGE('',*,*,#4664,.F.);
#4664 = EDGE_CURVE('',#1740,#4656,#4665,.T.);
#4665 = LINE('',#4666,#4667);
#4666 = CARTESIAN_POINT('',(47.1,36.,3.));
#4667 = VECTOR('',#4668,1.);
#4668 = DIRECTION('',(0.,0.,1.));
#4669 = ORIENTED_EDGE('',*,*,#1739,.T.);
#4670 = ORIENTED_EDGE('',*,*,#4664,.T.);
#4671 = CYLINDRICAL_SURFACE('',#4672,3.1);
#4672 = AXIS2_PLACEMENT_3D('',#4673,#4674,#4675);
#4673 = CARTESIAN_POINT('',(44.,36.,3.));
#4674 = DIRECTION('',(0.,0.,1.));
#4675 = DIRECTION('',(1.,0.,0.));
#4676 = ADVANCED_FACE('',(#4677),#4702,.F.);
#4677 = FACE_BOUND('',#4678,.F.);
#4678 = EDGE_LOOP('',(#4679,#4687,#4695,#4701));
#4679 = ORIENTED_EDGE('',*,*,#4680,.F.);
#4680 = EDGE_CURVE('',#4681,#1753,#4683,.T.);
#4681 = VERTEX_POINT('',#4682);
#4682 = CARTESIAN_POINT('',(0.9,15.15,2.));
#4683 = LINE('',#4684,#4685);
#4684 = CARTESIAN_POINT('',(0.9,15.15,-0.2));
#4685 = VECTOR('',#4686,1.);
#4686 = DIRECTION('',(0.,0.,1.));
#4687 = ORIENTED_EDGE('',*,*,#4688,.F.);
#4688 = EDGE_CURVE('',#4689,#4681,#4691,.T.);
#4689 = VERTEX_POINT('',#4690);
#4690 = CARTESIAN_POINT('',(-0.9,15.15,2.));
#4691 = LINE('',#4692,#4693);
#4692 = CARTESIAN_POINT('',(-1.45,15.15,2.));
#4693 = VECTOR('',#4694,1.);
#4694 = DIRECTION('',(1.,0.,0.));
#4695 = ORIENTED_EDGE('',*,*,#4696,.T.);
#4696 = EDGE_CURVE('',#4689,#1751,#4697,.T.);
#4697 = LINE('',#4698,#4699);
#4698 = CARTESIAN_POINT('',(-0.9,15.15,-0.2));
#4699 = VECTOR('',#4700,1.);
#4700 = DIRECTION('',(0.,0.,1.));
#4701 = ORIENTED_EDGE('',*,*,#1750,.T.);
#4702 = PLANE('',#4703);
#4703 = AXIS2_PLACEMENT_3D('',#4704,#4705,#4706);
#4704 = CARTESIAN_POINT('',(-0.9,15.15,-0.2));
#4705 = DIRECTION('',(0.,1.,0.));
#4706 = DIRECTION('',(0.,0.,1.));
#4707 = ADVANCED_FACE('',(#4708),#4726,.T.);
#4708 = FACE_BOUND('',#4709,.T.);
#4709 = EDGE_LOOP('',(#4710,#4718,#4724,#4725));
#4710 = ORIENTED_EDGE('',*,*,#4711,.F.);
#4711 = EDGE_CURVE('',#4712,#1761,#4714,.T.);
#4712 = VERTEX_POINT('',#4713);
#4713 = CARTESIAN_POINT('',(-0.9,7.05,2.));
#4714 = LINE('',#4715,#4716);
#4715 = CARTESIAN_POINT('',(-0.9,7.05,-0.2));
#4716 = VECTOR('',#4717,1.);
#4717 = DIRECTION('',(0.,0.,1.));
#4718 = ORIENTED_EDGE('',*,*,#4719,.F.);
#4719 = EDGE_CURVE('',#4689,#4712,#4720,.T.);
#4720 = LINE('',#4721,#4722);
#4721 = CARTESIAN_POINT('',(-0.9,6.2,2.));
#4722 = VECTOR('',#4723,1.);
#4723 = DIRECTION('',(0.,-1.,0.));
#4724 = ORIENTED_EDGE('',*,*,#4696,.T.);
#4725 = ORIENTED_EDGE('',*,*,#1760,.T.);
#4726 = PLANE('',#4727);
#4727 = AXIS2_PLACEMENT_3D('',#4728,#4729,#4730);
#4728 = CARTESIAN_POINT('',(-0.9,7.05,-0.2));
#4729 = DIRECTION('',(1.,0.,0.));
#4730 = DIRECTION('',(0.,0.,1.));
#4731 = ADVANCED_FACE('',(#4732),#4750,.F.);
#4732 = FACE_BOUND('',#4733,.F.);
#4733 = EDGE_LOOP('',(#4734,#4742,#4748,#4749));
#4734 = ORIENTED_EDGE('',*,*,#4735,.F.);
#4735 = EDGE_CURVE('',#4736,#1769,#4738,.T.);
#4736 = VERTEX_POINT('',#4737);
#4737 = CARTESIAN_POINT('',(0.9,7.05,2.));
#4738 = LINE('',#4739,#4740);
#4739 = CARTESIAN_POINT('',(0.9,7.05,-0.2));
#4740 = VECTOR('',#4741,1.);
#4741 = DIRECTION('',(0.,0.,1.));
#4742 = ORIENTED_EDGE('',*,*,#4743,.F.);
#4743 = EDGE_CURVE('',#4681,#4736,#4744,.T.);
#4744 = LINE('',#4745,#4746);
#4745 = CARTESIAN_POINT('',(0.9,6.2,2.));
#4746 = VECTOR('',#4747,1.);
#4747 = DIRECTION('',(0.,-1.,0.));
#4748 = ORIENTED_EDGE('',*,*,#4680,.T.);
#4749 = ORIENTED_EDGE('',*,*,#1776,.T.);
#4750 = PLANE('',#4751);
#4751 = AXIS2_PLACEMENT_3D('',#4752,#4753,#4754);
#4752 = CARTESIAN_POINT('',(0.9,7.05,-0.2));
#4753 = DIRECTION('',(1.,0.,0.));
#4754 = DIRECTION('',(0.,0.,1.));
#4755 = ADVANCED_FACE('',(#4756),#4767,.T.);
#4756 = FACE_BOUND('',#4757,.T.);
#4757 = EDGE_LOOP('',(#4758,#4759,#4765,#4766));
#4758 = ORIENTED_EDGE('',*,*,#4735,.F.);
#4759 = ORIENTED_EDGE('',*,*,#4760,.F.);
#4760 = EDGE_CURVE('',#4712,#4736,#4761,.T.);
#4761 = LINE('',#4762,#4763);
#4762 = CARTESIAN_POINT('',(-1.45,7.05,2.));
#4763 = VECTOR('',#4764,1.);
#4764 = DIRECTION('',(1.,0.,0.));
#4765 = ORIENTED_EDGE('',*,*,#4711,.T.);
#4766 = ORIENTED_EDGE('',*,*,#1768,.T.);
#4767 = PLANE('',#4768);
#4768 = AXIS2_PLACEMENT_3D('',#4769,#4770,#4771);
#4769 = CARTESIAN_POINT('',(-0.9,7.05,-0.2));
#4770 = DIRECTION('',(0.,1.,0.));
#4771 = DIRECTION('',(0.,0.,1.));
#4772 = ADVANCED_FACE('',(#4773),#4792,.T.);
#4773 = FACE_BOUND('',#4774,.T.);
#4774 = EDGE_LOOP('',(#4775,#4784,#4790,#4791));
#4775 = ORIENTED_EDGE('',*,*,#4776,.F.);
#4776 = EDGE_CURVE('',#4777,#4777,#4779,.T.);
#4777 = VERTEX_POINT('',#4778);
#4778 = CARTESIAN_POINT('',(-40.9,36.,11.5));
#4779 = CIRCLE('',#4780,3.1);
#4780 = AXIS2_PLACEMENT_3D('',#4781,#4782,#4783);
#4781 = CARTESIAN_POINT('',(-44.,36.,11.5));
#4782 = DIRECTION('',(0.,0.,1.));
#4783 = DIRECTION('',(1.,0.,0.));
#4784 = ORIENTED_EDGE('',*,*,#4785,.F.);
#4785 = EDGE_CURVE('',#1785,#4777,#4786,.T.);
#4786 = LINE('',#4787,#4788);
#4787 = CARTESIAN_POINT('',(-40.9,36.,3.));
#4788 = VECTOR('',#4789,1.);
#4789 = DIRECTION('',(0.,0.,1.));
#4790 = ORIENTED_EDGE('',*,*,#1784,.T.);
#4791 = ORIENTED_EDGE('',*,*,#4785,.T.);
#4792 = CYLINDRICAL_SURFACE('',#4793,3.1);
#4793 = AXIS2_PLACEMENT_3D('',#4794,#4795,#4796);
#4794 = CARTESIAN_POINT('',(-44.,36.,3.));
#4795 = DIRECTION('',(0.,0.,1.));
#4796 = DIRECTION('',(1.,0.,0.));
#4797 = ADVANCED_FACE('',(#4798),#4809,.T.);
#4798 = FACE_BOUND('',#4799,.T.);
#4799 = EDGE_LOOP('',(#4800,#4806,#4807,#4808));
#4800 = ORIENTED_EDGE('',*,*,#4801,.F.);
#4801 = EDGE_CURVE('',#1820,#1877,#4802,.T.);
#4802 = LINE('',#4803,#4804);
#4803 = CARTESIAN_POINT('',(-27.5,-41.9,13.1));
#4804 = VECTOR('',#4805,1.);
#4805 = DIRECTION('',(1.,0.,0.));
#4806 = ORIENTED_EDGE('',*,*,#1819,.T.);
#4807 = ORIENTED_EDGE('',*,*,#1851,.T.);
#4808 = ORIENTED_EDGE('',*,*,#1884,.F.);
#4809 = PLANE('',#4810);
#4810 = AXIS2_PLACEMENT_3D('',#4811,#4812,#4813);
#4811 = CARTESIAN_POINT('',(-27.5,-41.9,13.1));
#4812 = DIRECTION('',(0.,1.,0.));
#4813 = DIRECTION('',(0.,0.,1.));
#4814 = ADVANCED_FACE('',(#4815),#4821,.F.);
#4815 = FACE_BOUND('',#4816,.F.);
#4816 = EDGE_LOOP('',(#4817,#4818,#4819,#4820));
#4817 = ORIENTED_EDGE('',*,*,#1827,.F.);
#4818 = ORIENTED_EDGE('',*,*,#4297,.T.);
#4819 = ORIENTED_EDGE('',*,*,#1876,.T.);
#4820 = ORIENTED_EDGE('',*,*,#4801,.F.);
#4821 = PLANE('',#4822);
#4822 = AXIS2_PLACEMENT_3D('',#4823,#4824,#4825);
#4823 = CARTESIAN_POINT('',(-27.5,-44.2,13.1));
#4824 = DIRECTION('',(0.,0.,1.));
#4825 = DIRECTION('',(1.,0.,0.));
#4826 = ADVANCED_FACE('',(#4827),#4838,.T.);
#4827 = FACE_BOUND('',#4828,.T.);
#4828 = EDGE_LOOP('',(#4829,#4835,#4836,#4837));
#4829 = ORIENTED_EDGE('',*,*,#4830,.F.);
#4830 = EDGE_CURVE('',#1917,#1974,#4831,.T.);
#4831 = LINE('',#4832,#4833);
#4832 = CARTESIAN_POINT('',(22.5,-41.9,13.1));
#4833 = VECTOR('',#4834,1.);
#4834 = DIRECTION('',(1.,0.,0.));
#4835 = ORIENTED_EDGE('',*,*,#1916,.T.);
#4836 = ORIENTED_EDGE('',*,*,#1948,.T.);
#4837 = ORIENTED_EDGE('',*,*,#1981,.F.);
#4838 = PLANE('',#4839);
#4839 = AXIS2_PLACEMENT_3D('',#4840,#4841,#4842);
#4840 = CARTESIAN_POINT('',(22.5,-41.9,13.1));
#4841 = DIRECTION('',(0.,1.,0.));
#4842 = DIRECTION('',(0.,0.,1.));
#4843 = ADVANCED_FACE('',(#4844),#4850,.F.);
#4844 = FACE_BOUND('',#4845,.F.);
#4845 = EDGE_LOOP('',(#4846,#4847,#4848,#4849));
#4846 = ORIENTED_EDGE('',*,*,#1924,.F.);
#4847 = ORIENTED_EDGE('',*,*,#4314,.T.);
#4848 = ORIENTED_EDGE('',*,*,#1973,.T.);
#4849 = ORIENTED_EDGE('',*,*,#4830,.F.);
#4850 = PLANE('',#4851);
#4851 = AXIS2_PLACEMENT_3D('',#4852,#4853,#4854);
#4852 = CARTESIAN_POINT('',(22.5,-44.2,13.1));
#4853 = DIRECTION('',(0.,0.,1.));
#4854 = DIRECTION('',(1.,0.,0.));
#4855 = ADVANCED_FACE('',(#4856),#4862,.F.);
#4856 = FACE_BOUND('',#4857,.F.);
#4857 = EDGE_LOOP('',(#4858,#4859,#4860,#4861));
#4858 = ORIENTED_EDGE('',*,*,#2075,.F.);
#4859 = ORIENTED_EDGE('',*,*,#2003,.T.);
#4860 = ORIENTED_EDGE('',*,*,#2027,.T.);
#4861 = ORIENTED_EDGE('',*,*,#2051,.F.);
#4862 = PLANE('',#4863);
#4863 = AXIS2_PLACEMENT_3D('',#4864,#4865,#4866);
#4864 = CARTESIAN_POINT('',(28.,18.5,40.));
#4865 = DIRECTION('',(1.,0.,0.));
#4866 = DIRECTION('',(0.,0.,1.));
#4867 = ADVANCED_FACE('',(#4868),#4874,.F.);
#4868 = FACE_BOUND('',#4869,.F.);
#4869 = EDGE_LOOP('',(#4870,#4871,#4872,#4873));
#4870 = ORIENTED_EDGE('',*,*,#2147,.F.);
#4871 = ORIENTED_EDGE('',*,*,#2099,.T.);
#4872 = ORIENTED_EDGE('',*,*,#2123,.T.);
#4873 = ORIENTED_EDGE('',*,*,#2171,.F.);
#4874 = PLANE('',#4875);
#4875 = AXIS2_PLACEMENT_3D('',#4876,#4877,#4878);
#4876 = CARTESIAN_POINT('',(28.,-21.5,40.));
#4877 = DIRECTION('',(1.,0.,0.));
#4878 = DIRECTION('',(0.,0.,1.));
#4879 = ADVANCED_FACE('',(#4880),#4891,.F.);
#4880 = FACE_BOUND('',#4881,.F.);
#4881 = EDGE_LOOP('',(#4882,#4883,#4889,#4890));
#4882 = ORIENTED_EDGE('',*,*,#2195,.F.);
#4883 = ORIENTED_EDGE('',*,*,#4884,.T.);
#4884 = EDGE_CURVE('',#2196,#2253,#4885,.T.);
#4885 = LINE('',#4886,#4887);
#4886 = CARTESIAN_POINT('',(-27.5,41.9,13.1));
#4887 = VECTOR('',#4888,1.);
#4888 = DIRECTION('',(1.,0.,0.));
#4889 = ORIENTED_EDGE('',*,*,#2260,.T.);
#4890 = ORIENTED_EDGE('',*,*,#4348,.F.);
#4891 = PLANE('',#4892);
#4892 = AXIS2_PLACEMENT_3D('',#4893,#4894,#4895);
#4893 = CARTESIAN_POINT('',(-27.5,41.9,13.1));
#4894 = DIRECTION('',(0.,0.,1.));
#4895 = DIRECTION('',(1.,0.,0.));
#4896 = ADVANCED_FACE('',(#4897),#4903,.F.);
#4897 = FACE_BOUND('',#4898,.F.);
#4898 = EDGE_LOOP('',(#4899,#4900,#4901,#4902));
#4899 = ORIENTED_EDGE('',*,*,#4884,.F.);
#4900 = ORIENTED_EDGE('',*,*,#2203,.T.);
#4901 = ORIENTED_EDGE('',*,*,#2228,.T.);
#4902 = ORIENTED_EDGE('',*,*,#2252,.F.);
#4903 = PLANE('',#4904);
#4904 = AXIS2_PLACEMENT_3D('',#4905,#4906,#4907);
#4905 = CARTESIAN_POINT('',(-27.5,41.9,13.1));
#4906 = DIRECTION('',(0.,1.,0.));
#4907 = DIRECTION('',(0.,0.,1.));
#4908 = ADVANCED_FACE('',(#4909),#4920,.F.);
#4909 = FACE_BOUND('',#4910,.F.);
#4910 = EDGE_LOOP('',(#4911,#4912,#4918,#4919));
#4911 = ORIENTED_EDGE('',*,*,#2292,.F.);
#4912 = ORIENTED_EDGE('',*,*,#4913,.T.);
#4913 = EDGE_CURVE('',#2293,#2350,#4914,.T.);
#4914 = LINE('',#4915,#4916);
#4915 = CARTESIAN_POINT('',(22.5,41.9,13.1));
#4916 = VECTOR('',#4917,1.);
#4917 = DIRECTION('',(1.,0.,0.));
#4918 = ORIENTED_EDGE('',*,*,#2357,.T.);
#4919 = ORIENTED_EDGE('',*,*,#4331,.F.);
#4920 = PLANE('',#4921);
#4921 = AXIS2_PLACEMENT_3D('',#4922,#4923,#4924);
#4922 = CARTESIAN_POINT('',(22.5,41.9,13.1));
#4923 = DIRECTION('',(0.,0.,1.));
#4924 = DIRECTION('',(1.,0.,0.));
#4925 = ADVANCED_FACE('',(#4926),#4932,.F.);
#4926 = FACE_BOUND('',#4927,.F.);
#4927 = EDGE_LOOP('',(#4928,#4929,#4930,#4931));
#4928 = ORIENTED_EDGE('',*,*,#4913,.F.);
#4929 = ORIENTED_EDGE('',*,*,#2300,.T.);
#4930 = ORIENTED_EDGE('',*,*,#2325,.T.);
#4931 = ORIENTED_EDGE('',*,*,#2349,.F.);
#4932 = PLANE('',#4933);
#4933 = AXIS2_PLACEMENT_3D('',#4934,#4935,#4936);
#4934 = CARTESIAN_POINT('',(22.5,41.9,13.1));
#4935 = DIRECTION('',(0.,1.,0.));
#4936 = DIRECTION('',(0.,0.,1.));
#4937 = ADVANCED_FACE('',(#4938),#4965,.T.);
#4938 = FACE_BOUND('',#4939,.T.);
#4939 = EDGE_LOOP('',(#4940,#4948,#4949,#4950,#4951,#4959));
#4940 = ORIENTED_EDGE('',*,*,#4941,.F.);
#4941 = EDGE_CURVE('',#2926,#4942,#4944,.T.);
#4942 = VERTEX_POINT('',#4943);
#4943 = CARTESIAN_POINT('',(-32.,23.5,40.));
#4944 = LINE('',#4945,#4946);
#4945 = CARTESIAN_POINT('',(-32.,23.5,36.));
#4946 = VECTOR('',#4947,1.);
#4947 = DIRECTION('',(0.,0.,1.));
#4948 = ORIENTED_EDGE('',*,*,#2925,.T.);
#4949 = ORIENTED_EDGE('',*,*,#2398,.T.);
#4950 = ORIENTED_EDGE('',*,*,#2756,.F.);
#4951 = ORIENTED_EDGE('',*,*,#4952,.F.);
#4952 = EDGE_CURVE('',#4953,#2749,#4955,.T.);
#4953 = VERTEX_POINT('',#4954);
#4954 = CARTESIAN_POINT('',(-32.,25.,40.));
#4955 = LINE('',#4956,#4957);
#4956 = CARTESIAN_POINT('',(-32.,25.,38.));
#4957 = VECTOR('',#4958,1.);
#4958 = DIRECTION('',(0.,0.,1.));
#4959 = ORIENTED_EDGE('',*,*,#4960,.T.);
#4960 = EDGE_CURVE('',#4953,#4942,#4961,.T.);
#4961 = LINE('',#4962,#4963);
#4962 = CARTESIAN_POINT('',(-32.,23.15,40.));
#4963 = VECTOR('',#4964,1.);
#4964 = DIRECTION('',(0.,-1.,0.));
#4965 = PLANE('',#4966);
#4966 = AXIS2_PLACEMENT_3D('',#4967,#4968,#4969);
#4967 = CARTESIAN_POINT('',(-32.,23.5,36.));
#4968 = DIRECTION('',(1.,0.,0.));
#4969 = DIRECTION('',(0.,0.,1.));
#4970 = ADVANCED_FACE('',(#4971),#4989,.T.);
#4971 = FACE_BOUND('',#4972,.T.);
#4972 = EDGE_LOOP('',(#4973,#4981,#4982,#4983));
#4973 = ORIENTED_EDGE('',*,*,#4974,.F.);
#4974 = EDGE_CURVE('',#4953,#4975,#4977,.T.);
#4975 = VERTEX_POINT('',#4976);
#4976 = CARTESIAN_POINT('',(-26.,25.,40.));
#4977 = LINE('',#4978,#4979);
#4978 = CARTESIAN_POINT('',(-52.,25.,40.));
#4979 = VECTOR('',#4980,1.);
#4980 = DIRECTION('',(1.,0.,0.));
#4981 = ORIENTED_EDGE('',*,*,#4952,.T.);
#4982 = ORIENTED_EDGE('',*,*,#2748,.T.);
#4983 = ORIENTED_EDGE('',*,*,#4984,.F.);
#4984 = EDGE_CURVE('',#4975,#2741,#4985,.T.);
#4985 = LINE('',#4986,#4987);
#4986 = CARTESIAN_POINT('',(-26.,25.,40.));
#4987 = VECTOR('',#4988,1.);
#4988 = DIRECTION('',(0.,0.,1.));
#4989 = PLANE('',#4990);
#4990 = AXIS2_PLACEMENT_3D('',#4991,#4992,#4993);
#4991 = CARTESIAN_POINT('',(-52.,25.,40.));
#4992 = DIRECTION('',(0.,1.,0.));
#4993 = DIRECTION('',(0.,0.,1.));
#4994 = ADVANCED_FACE('',(#4995),#5013,.T.);
#4995 = FACE_BOUND('',#4996,.T.);
#4996 = EDGE_LOOP('',(#4997,#5005,#5011,#5012));
#4997 = ORIENTED_EDGE('',*,*,#4998,.F.);
#4998 = EDGE_CURVE('',#4999,#2733,#5001,.T.);
#4999 = VERTEX_POINT('',#5000);
#5000 = CARTESIAN_POINT('',(-26.,22.8,40.));
#5001 = LINE('',#5002,#5003);
#5002 = CARTESIAN_POINT('',(-26.,22.8,40.));
#5003 = VECTOR('',#5004,1.);
#5004 = DIRECTION('',(0.,0.,1.));
#5005 = ORIENTED_EDGE('',*,*,#5006,.T.);
#5006 = EDGE_CURVE('',#4999,#4975,#5007,.T.);
#5007 = LINE('',#5008,#5009);
#5008 = CARTESIAN_POINT('',(-26.,22.8,40.));
#5009 = VECTOR('',#5010,1.);
#5010 = DIRECTION('',(0.,1.,0.));
#5011 = ORIENTED_EDGE('',*,*,#4984,.T.);
#5012 = ORIENTED_EDGE('',*,*,#2740,.F.);
#5013 = PLANE('',#5014);
#5014 = AXIS2_PLACEMENT_3D('',#5015,#5016,#5017);
#5015 = CARTESIAN_POINT('',(-26.,22.8,40.));
#5016 = DIRECTION('',(1.,0.,0.));
#5017 = DIRECTION('',(0.,0.,1.));
#5018 = ADVANCED_FACE('',(#5019),#5037,.F.);
#5019 = FACE_BOUND('',#5020,.F.);
#5020 = EDGE_LOOP('',(#5021,#5029,#5035,#5036));
#5021 = ORIENTED_EDGE('',*,*,#5022,.F.);
#5022 = EDGE_CURVE('',#5023,#4999,#5025,.T.);
#5023 = VERTEX_POINT('',#5024);
#5024 = CARTESIAN_POINT('',(-32.5,22.8,40.));
#5025 = LINE('',#5026,#5027);
#5026 = CARTESIAN_POINT('',(-52.,22.8,40.));
#5027 = VECTOR('',#5028,1.);
#5028 = DIRECTION('',(1.,0.,0.));
#5029 = ORIENTED_EDGE('',*,*,#5030,.T.);
#5030 = EDGE_CURVE('',#5023,#2725,#5031,.T.);
#5031 = LINE('',#5032,#5033);
#5032 = CARTESIAN_POINT('',(-32.5,22.8,38.));
#5033 = VECTOR('',#5034,1.);
#5034 = DIRECTION('',(0.,0.,1.));
#5035 = ORIENTED_EDGE('',*,*,#2732,.T.);
#5036 = ORIENTED_EDGE('',*,*,#4998,.F.);
#5037 = PLANE('',#5038);
#5038 = AXIS2_PLACEMENT_3D('',#5039,#5040,#5041);
#5039 = CARTESIAN_POINT('',(-52.,22.8,40.));
#5040 = DIRECTION('',(0.,1.,0.));
#5041 = DIRECTION('',(0.,0.,1.));
#5042 = ADVANCED_FACE('',(#5043),#5107,.T.);
#5043 = FACE_BOUND('',#5044,.T.);
#5044 = EDGE_LOOP('',(#5045,#5053,#5054,#5062,#5068,#5069,#5070,#5078,
    #5086,#5092,#5093,#5101));
#5045 = ORIENTED_EDGE('',*,*,#5046,.F.);
#5046 = EDGE_CURVE('',#2942,#5047,#5049,.T.);
#5047 = VERTEX_POINT('',#5048);
#5048 = CARTESIAN_POINT('',(-32.5,11.25,38.));
#5049 = LINE('',#5050,#5051);
#5050 = CARTESIAN_POINT('',(-32.5,11.25,36.));
#5051 = VECTOR('',#5052,1.);
#5052 = DIRECTION('',(0.,0.,1.));
#5053 = ORIENTED_EDGE('',*,*,#2941,.T.);
#5054 = ORIENTED_EDGE('',*,*,#5055,.F.);
#5055 = EDGE_CURVE('',#5056,#2934,#5058,.T.);
#5056 = VERTEX_POINT('',#5057);
#5057 = CARTESIAN_POINT('',(-32.5,23.5,40.));
#5058 = LINE('',#5059,#5060);
#5059 = CARTESIAN_POINT('',(-32.5,23.5,36.));
#5060 = VECTOR('',#5061,1.);
#5061 = DIRECTION('',(0.,0.,-1.));
#5062 = ORIENTED_EDGE('',*,*,#5063,.T.);
#5063 = EDGE_CURVE('',#5056,#5023,#5064,.T.);
#5064 = LINE('',#5065,#5066);
#5065 = CARTESIAN_POINT('',(-32.5,17.025,40.));
#5066 = VECTOR('',#5067,1.);
#5067 = DIRECTION('',(0.,-1.,0.));
#5068 = ORIENTED_EDGE('',*,*,#5030,.T.);
#5069 = ORIENTED_EDGE('',*,*,#2724,.F.);
#5070 = ORIENTED_EDGE('',*,*,#5071,.T.);
#5071 = EDGE_CURVE('',#2717,#5072,#5074,.T.);
#5072 = VERTEX_POINT('',#5073);
#5073 = CARTESIAN_POINT('',(-32.5,21.5,40.));
#5074 = LINE('',#5075,#5076);
#5075 = CARTESIAN_POINT('',(-32.5,21.5,38.));
#5076 = VECTOR('',#5077,1.);
#5077 = DIRECTION('',(0.,0.,-1.));
#5078 = ORIENTED_EDGE('',*,*,#5079,.F.);
#5079 = EDGE_CURVE('',#5080,#5072,#5082,.T.);
#5080 = VERTEX_POINT('',#5081);
#5081 = CARTESIAN_POINT('',(-32.5,18.5,40.));
#5082 = LINE('',#5083,#5084);
#5083 = CARTESIAN_POINT('',(-32.5,14.875,40.));
#5084 = VECTOR('',#5085,1.);
#5085 = DIRECTION('',(0.,1.,0.));
#5086 = ORIENTED_EDGE('',*,*,#5087,.F.);
#5087 = EDGE_CURVE('',#2693,#5080,#5088,.T.);
#5088 = LINE('',#5089,#5090);
#5089 = CARTESIAN_POINT('',(-32.5,18.5,38.));
#5090 = VECTOR('',#5091,1.);
#5091 = DIRECTION('',(0.,0.,-1.));
#5092 = ORIENTED_EDGE('',*,*,#2692,.F.);
#5093 = ORIENTED_EDGE('',*,*,#5094,.F.);
#5094 = EDGE_CURVE('',#5095,#2684,#5097,.T.);
#5095 = VERTEX_POINT('',#5096);
#5096 = CARTESIAN_POINT('',(-32.5,12.993559577416,38.));
#5097 = LINE('',#5098,#5099);
#5098 = CARTESIAN_POINT('',(-32.5,12.993559577416,38.));
#5099 = VECTOR('',#5100,1.);
#5100 = DIRECTION('',(0.,0.,1.));
#5101 = ORIENTED_EDGE('',*,*,#5102,.F.);
#5102 = EDGE_CURVE('',#5047,#5095,#5103,.T.);
#5103 = LINE('',#5104,#5105);
#5104 = CARTESIAN_POINT('',(-32.5,11.25,38.));
#5105 = VECTOR('',#5106,1.);
#5106 = DIRECTION('',(0.,1.,0.));
#5107 = PLANE('',#5108);
#5108 = AXIS2_PLACEMENT_3D('',#5109,#5110,#5111);
#5109 = CARTESIAN_POINT('',(-32.5,11.25,36.));
#5110 = DIRECTION('',(1.,0.,0.));
#5111 = DIRECTION('',(0.,0.,1.));
#5112 = ADVANCED_FACE('',(#5113),#5131,.T.);
#5113 = FACE_BOUND('',#5114,.T.);
#5114 = EDGE_LOOP('',(#5115,#5123,#5124,#5125));
#5115 = ORIENTED_EDGE('',*,*,#5116,.F.);
#5116 = EDGE_CURVE('',#5072,#5117,#5119,.T.);
#5117 = VERTEX_POINT('',#5118);
#5118 = CARTESIAN_POINT('',(-28.,21.5,40.));
#5119 = LINE('',#5120,#5121);
#5120 = CARTESIAN_POINT('',(-52.,21.5,40.));
#5121 = VECTOR('',#5122,1.);
#5122 = DIRECTION('',(1.,0.,0.));
#5123 = ORIENTED_EDGE('',*,*,#5071,.F.);
#5124 = ORIENTED_EDGE('',*,*,#2716,.T.);
#5125 = ORIENTED_EDGE('',*,*,#5126,.F.);
#5126 = EDGE_CURVE('',#5117,#2709,#5127,.T.);
#5127 = LINE('',#5128,#5129);
#5128 = CARTESIAN_POINT('',(-28.,21.5,40.));
#5129 = VECTOR('',#5130,1.);
#5130 = DIRECTION('',(0.,0.,1.));
#5131 = PLANE('',#5132);
#5132 = AXIS2_PLACEMENT_3D('',#5133,#5134,#5135);
#5133 = CARTESIAN_POINT('',(-52.,21.5,40.));
#5134 = DIRECTION('',(0.,1.,0.));
#5135 = DIRECTION('',(0.,0.,1.));
#5136 = ADVANCED_FACE('',(#5137),#5155,.T.);
#5137 = FACE_BOUND('',#5138,.T.);
#5138 = EDGE_LOOP('',(#5139,#5147,#5153,#5154));
#5139 = ORIENTED_EDGE('',*,*,#5140,.F.);
#5140 = EDGE_CURVE('',#5141,#2701,#5143,.T.);
#5141 = VERTEX_POINT('',#5142);
#5142 = CARTESIAN_POINT('',(-28.,18.5,40.));
#5143 = LINE('',#5144,#5145);
#5144 = CARTESIAN_POINT('',(-28.,18.5,40.));
#5145 = VECTOR('',#5146,1.);
#5146 = DIRECTION('',(0.,0.,1.));
#5147 = ORIENTED_EDGE('',*,*,#5148,.T.);
#5148 = EDGE_CURVE('',#5141,#5117,#5149,.T.);
#5149 = LINE('',#5150,#5151);
#5150 = CARTESIAN_POINT('',(-28.,18.5,40.));
#5151 = VECTOR('',#5152,1.);
#5152 = DIRECTION('',(0.,1.,0.));
#5153 = ORIENTED_EDGE('',*,*,#5126,.T.);
#5154 = ORIENTED_EDGE('',*,*,#2708,.F.);
#5155 = PLANE('',#5156);
#5156 = AXIS2_PLACEMENT_3D('',#5157,#5158,#5159);
#5157 = CARTESIAN_POINT('',(-28.,18.5,40.));
#5158 = DIRECTION('',(1.,0.,0.));
#5159 = DIRECTION('',(0.,0.,1.));
#5160 = ADVANCED_FACE('',(#5161),#5172,.F.);
#5161 = FACE_BOUND('',#5162,.F.);
#5162 = EDGE_LOOP('',(#5163,#5169,#5170,#5171));
#5163 = ORIENTED_EDGE('',*,*,#5164,.F.);
#5164 = EDGE_CURVE('',#5080,#5141,#5165,.T.);
#5165 = LINE('',#5166,#5167);
#5166 = CARTESIAN_POINT('',(-52.,18.5,40.));
#5167 = VECTOR('',#5168,1.);
#5168 = DIRECTION('',(1.,0.,0.));
#5169 = ORIENTED_EDGE('',*,*,#5087,.F.);
#5170 = ORIENTED_EDGE('',*,*,#2700,.T.);
#5171 = ORIENTED_EDGE('',*,*,#5140,.F.);
#5172 = PLANE('',#5173);
#5173 = AXIS2_PLACEMENT_3D('',#5174,#5175,#5176);
#5174 = CARTESIAN_POINT('',(-52.,18.5,40.));
#5175 = DIRECTION('',(0.,1.,0.));
#5176 = DIRECTION('',(0.,0.,1.));
#5177 = ADVANCED_FACE('',(#5178),#5207,.T.);
#5178 = FACE_BOUND('',#5179,.T.);
#5179 = EDGE_LOOP('',(#5180,#5189,#5190,#5191,#5192,#5200));
#5180 = ORIENTED_EDGE('',*,*,#5181,.T.);
#5181 = EDGE_CURVE('',#5182,#5095,#5184,.T.);
#5182 = VERTEX_POINT('',#5183);
#5183 = CARTESIAN_POINT('',(-31.7,11.25,38.));
#5184 = CIRCLE('',#5185,2.3);
#5185 = AXIS2_PLACEMENT_3D('',#5186,#5187,#5188);
#5186 = CARTESIAN_POINT('',(-34.,11.25,38.));
#5187 = DIRECTION('',(0.,0.,1.));
#5188 = DIRECTION('',(1.,0.,0.));
#5189 = ORIENTED_EDGE('',*,*,#5094,.T.);
#5190 = ORIENTED_EDGE('',*,*,#2683,.F.);
#5191 = ORIENTED_EDGE('',*,*,#2674,.F.);
#5192 = ORIENTED_EDGE('',*,*,#5193,.F.);
#5193 = EDGE_CURVE('',#5194,#2667,#5196,.T.);
#5194 = VERTEX_POINT('',#5195);
#5195 = CARTESIAN_POINT('',(-35.5,12.993559577416,38.));
#5196 = LINE('',#5197,#5198);
#5197 = CARTESIAN_POINT('',(-35.5,12.993559577416,38.));
#5198 = VECTOR('',#5199,1.);
#5199 = DIRECTION('',(0.,0.,1.));
#5200 = ORIENTED_EDGE('',*,*,#5201,.T.);
#5201 = EDGE_CURVE('',#5194,#5182,#5202,.T.);
#5202 = CIRCLE('',#5203,2.3);
#5203 = AXIS2_PLACEMENT_3D('',#5204,#5205,#5206);
#5204 = CARTESIAN_POINT('',(-34.,11.25,38.));
#5205 = DIRECTION('',(0.,0.,1.));
#5206 = DIRECTION('',(1.,0.,0.));
#5207 = CYLINDRICAL_SURFACE('',#5208,2.3);
#5208 = AXIS2_PLACEMENT_3D('',#5209,#5210,#5211);
#5209 = CARTESIAN_POINT('',(-34.,11.25,38.));
#5210 = DIRECTION('',(0.,0.,1.));
#5211 = DIRECTION('',(1.,0.,0.));
#5212 = ADVANCED_FACE('',(#5213),#5263,.F.);
#5213 = FACE_BOUND('',#5214,.F.);
#5214 = EDGE_LOOP('',(#5215,#5223,#5224,#5225,#5226,#5232,#5233,#5241,
    #5249,#5255,#5256,#5257));
#5215 = ORIENTED_EDGE('',*,*,#5216,.F.);
#5216 = EDGE_CURVE('',#2950,#5217,#5219,.T.);
#5217 = VERTEX_POINT('',#5218);
#5218 = CARTESIAN_POINT('',(-35.5,11.25,38.));
#5219 = LINE('',#5220,#5221);
#5220 = CARTESIAN_POINT('',(-35.5,11.25,36.));
#5221 = VECTOR('',#5222,1.);
#5222 = DIRECTION('',(0.,0.,1.));
#5223 = ORIENTED_EDGE('',*,*,#2957,.T.);
#5224 = ORIENTED_EDGE('',*,*,#2910,.F.);
#5225 = ORIENTED_EDGE('',*,*,#2886,.T.);
#5226 = ORIENTED_EDGE('',*,*,#5227,.T.);
#5227 = EDGE_CURVE('',#2879,#2465,#5228,.T.);
#5228 = LINE('',#5229,#5230);
#5229 = CARTESIAN_POINT('',(-35.5,22.8,38.));
#5230 = VECTOR('',#5231,1.);
#5231 = DIRECTION('',(0.,0.,1.));
#5232 = ORIENTED_EDGE('',*,*,#2472,.F.);
#5233 = ORIENTED_EDGE('',*,*,#5234,.T.);
#5234 = EDGE_CURVE('',#2473,#5235,#5237,.T.);
#5235 = VERTEX_POINT('',#5236);
#5236 = CARTESIAN_POINT('',(-35.5,21.5,40.));
#5237 = LINE('',#5238,#5239);
#5238 = CARTESIAN_POINT('',(-35.5,21.5,38.));
#5239 = VECTOR('',#5240,1.);
#5240 = DIRECTION('',(0.,0.,-1.));
#5241 = ORIENTED_EDGE('',*,*,#5242,.F.);
#5242 = EDGE_CURVE('',#5243,#5235,#5245,.T.);
#5243 = VERTEX_POINT('',#5244);
#5244 = CARTESIAN_POINT('',(-35.5,18.5,40.));
#5245 = LINE('',#5246,#5247);
#5246 = CARTESIAN_POINT('',(-35.5,14.875,40.));
#5247 = VECTOR('',#5248,1.);
#5248 = DIRECTION('',(0.,1.,0.));
#5249 = ORIENTED_EDGE('',*,*,#5250,.F.);
#5250 = EDGE_CURVE('',#2659,#5243,#5251,.T.);
#5251 = LINE('',#5252,#5253);
#5252 = CARTESIAN_POINT('',(-35.5,18.5,38.));
#5253 = VECTOR('',#5254,1.);
#5254 = DIRECTION('',(0.,0.,-1.));
#5255 = ORIENTED_EDGE('',*,*,#2666,.F.);
#5256 = ORIENTED_EDGE('',*,*,#5193,.F.);
#5257 = ORIENTED_EDGE('',*,*,#5258,.F.);
#5258 = EDGE_CURVE('',#5217,#5194,#5259,.T.);
#5259 = LINE('',#5260,#5261);
#5260 = CARTESIAN_POINT('',(-35.5,11.25,38.));
#5261 = VECTOR('',#5262,1.);
#5262 = DIRECTION('',(0.,1.,0.));
#5263 = PLANE('',#5264);
#5264 = AXIS2_PLACEMENT_3D('',#5265,#5266,#5267);
#5265 = CARTESIAN_POINT('',(-35.5,11.25,36.));
#5266 = DIRECTION('',(1.,0.,0.));
#5267 = DIRECTION('',(0.,0.,1.));
#5268 = ADVANCED_FACE('',(#5269),#5334,.F.);
#5269 = FACE_BOUND('',#5270,.F.);
#5270 = EDGE_LOOP('',(#5271,#5279,#5332,#5333));
#5271 = ORIENTED_EDGE('',*,*,#5272,.F.);
#5272 = EDGE_CURVE('',#5273,#5243,#5275,.T.);
#5273 = VERTEX_POINT('',#5274);
#5274 = CARTESIAN_POINT('',(-38.76629042113,18.5,40.));
#5275 = LINE('',#5276,#5277);
#5276 = CARTESIAN_POINT('',(-52.,18.5,40.));
#5277 = VECTOR('',#5278,1.);
#5278 = DIRECTION('',(1.,0.,0.));
#5279 = ORIENTED_EDGE('',*,*,#5280,.T.);
#5280 = EDGE_CURVE('',#5273,#2520,#5281,.T.);
#5281 = B_SPLINE_CURVE_WITH_KNOTS('',7,(#5282,#5283,#5284,#5285,#5286,
    #5287,#5288,#5289,#5290,#5291,#5292,#5293,#5294,#5295,#5296,#5297,
    #5298,#5299,#5300,#5301,#5302,#5303,#5304,#5305,#5306,#5307,#5308,
    #5309,#5310,#5311,#5312,#5313,#5314,#5315,#5316,#5317,#5318,#5319,
    #5320,#5321,#5322,#5323,#5324,#5325,#5326,#5327,#5328,#5329,#5330,
    #5331),.UNSPECIFIED.,.F.,.F.,(8,6,6,6,6,6,6,6,8),(0.,0.298689695411,
    0.371238532556,0.50005039188,0.588698029082,0.630343047686,
    0.702909846918,0.927121861353,1.),.UNSPECIFIED.);
#5282 = CARTESIAN_POINT('',(-38.74005367511,18.5,39.9));
#5283 = CARTESIAN_POINT('',(-38.7750788941,18.5,40.053482298218));
#5284 = CARTESIAN_POINT('',(-38.82765526082,18.5,40.202874016729));
#5285 = CARTESIAN_POINT('',(-38.89716469691,18.5,40.345777837639));
#5286 = CARTESIAN_POINT('',(-38.98284121613,18.5,40.479589388575));
#5287 = CARTESIAN_POINT('',(-39.08359835254,18.5,40.601545227388));
#5288 = CARTESIAN_POINT('',(-39.19804340624,18.5,40.708672880882));
#5289 = CARTESIAN_POINT('',(-39.35489532986,18.5,40.81972898797));
#5290 = CARTESIAN_POINT('',(-39.38623300328,18.5,40.840377448542));
#5291 = CARTESIAN_POINT('',(-39.41822402582,18.5,40.859927908283));
#5292 = CARTESIAN_POINT('',(-39.45083368318,18.5,40.878337208236));
#5293 = CARTESIAN_POINT('',(-39.48402398975,18.5,40.89556326097));
#5294 = CARTESIAN_POINT('',(-39.51775340311,18.5,40.911565823835));
#5295 = CARTESIAN_POINT('',(-39.61274037502,18.5,40.952480998109));
#5296 = CARTESIAN_POINT('',(-39.67507000616,18.5,40.974682986136));
#5297 = CARTESIAN_POINT('',(-39.7386991621,18.5,40.992695839889));
#5298 = CARTESIAN_POINT('',(-39.80333602705,18.5,41.00633919321));
#5299 = CARTESIAN_POINT('',(-39.8686645838,18.5,41.015481434411));
#5300 = CARTESIAN_POINT('',(-39.93434595832,18.5,41.0200514305));
#5301 = CARTESIAN_POINT('',(-40.04521612876,18.5,41.020049439943));
#5302 = CARTESIAN_POINT('',(-40.09041391896,18.5,41.017883748486));
#5303 = CARTESIAN_POINT('',(-40.13549803146,18.5,41.013552989672));
#5304 = CARTESIAN_POINT('',(-40.18035682115,18.5,41.007072782439));
#5305 = CARTESIAN_POINT('',(-40.22488248195,18.5,40.998473128329));
#5306 = CARTESIAN_POINT('',(-40.26897142757,18.5,40.987796987784));
#5307 = CARTESIAN_POINT('',(-40.33298518005,18.5,40.969133509476));
#5308 = CARTESIAN_POINT('',(-40.35332782588,18.5,40.962721787125));
#5309 = CARTESIAN_POINT('',(-40.37354258852,18.5,40.9558693157));
#5310 = CARTESIAN_POINT('',(-40.39361981918,18.5,40.948582120855));
#5311 = CARTESIAN_POINT('',(-40.41355024137,18.5,40.940866627602));
#5312 = CARTESIAN_POINT('',(-40.43332495097,18.5,40.932729660314));
#5313 = CARTESIAN_POINT('',(-40.48710681862,18.5,40.909277873315));
#5314 = CARTESIAN_POINT('',(-40.52077959161,18.5,40.893119365024));
#5315 = CARTESIAN_POINT('',(-40.5539086174,18.5,40.875740800287));
#5316 = CARTESIAN_POINT('',(-40.58645261586,18.5,40.857182621291));
#5317 = CARTESIAN_POINT('',(-40.61837385631,18.5,40.837487062288));
#5318 = CARTESIAN_POINT('',(-40.64963786937,18.5,40.816697381911));
#5319 = CARTESIAN_POINT('',(-40.77468263138,18.5,40.727376447802));
#5320 = CARTESIAN_POINT('',(-40.86253980485,18.5,40.649892405448));
#5321 = CARTESIAN_POINT('',(-40.94292627045,18.5,40.563664558733));
#5322 = CARTESIAN_POINT('',(-41.01518066571,18.5,40.469967519776));
#5323 = CARTESIAN_POINT('',(-41.0787867593,18.5,40.370024137133));
#5324 = CARTESIAN_POINT('',(-41.13333275423,18.5,40.264973054115));
#5325 = CARTESIAN_POINT('',(-41.19315711191,18.5,40.120407823469));
#5326 = CARTESIAN_POINT('',(-41.20683873284,18.5,40.084519071979));
#5327 = CARTESIAN_POINT('',(-41.21951463718,18.5,40.048241954271));
#5328 = CARTESIAN_POINT('',(-41.23117353091,18.5,40.011614017419));
#5329 = CARTESIAN_POINT('',(-41.24180486113,18.5,39.974672757647));
#5330 = CARTESIAN_POINT('',(-41.25139881601,18.5,39.937455620331));
#5331 = CARTESIAN_POINT('',(-41.25994632488,18.5,39.9));
#5332 = ORIENTED_EDGE('',*,*,#2658,.T.);
#5333 = ORIENTED_EDGE('',*,*,#5250,.T.);
#5334 = PLANE('',#5335);
#5335 = AXIS2_PLACEMENT_3D('',#5336,#5337,#5338);
#5336 = CARTESIAN_POINT('',(-52.,18.5,40.));
#5337 = DIRECTION('',(0.,1.,0.));
#5338 = DIRECTION('',(0.,0.,1.));
#5339 = ADVANCED_FACE('',(#5340),#5372,.F.);
#5340 = FACE_BOUND('',#5341,.F.);
#5341 = EDGE_LOOP('',(#5342,#5354,#5363,#5370,#5371));
#5342 = ORIENTED_EDGE('',*,*,#5343,.F.);
#5343 = EDGE_CURVE('',#5344,#5273,#5346,.T.);
#5344 = VERTEX_POINT('',#5345);
#5345 = CARTESIAN_POINT('',(-38.7,19.316624790355,40.));
#5346 = B_SPLINE_CURVE_WITH_KNOTS('',6,(#5347,#5348,#5349,#5350,#5351,
    #5352,#5353),.UNSPECIFIED.,.F.,.F.,(7,7),(0.,1.),
  .PIECEWISE_BEZIER_KNOTS.);
#5347 = CARTESIAN_POINT('',(-38.7,19.316624790355,40.));
#5348 = CARTESIAN_POINT('',(-38.7,19.131806093782,40.));
#5349 = CARTESIAN_POINT('',(-38.70963383594,18.945850786442,40.));
#5350 = CARTESIAN_POINT('',(-38.72744915571,18.759457026542,40.));
#5351 = CARTESIAN_POINT('',(-38.75207232338,18.573008527819,40.));
#5352 = CARTESIAN_POINT('',(-38.78215794147,18.386603551946,40.));
#5353 = CARTESIAN_POINT('',(-38.81627648414,18.2,40.));
#5354 = ORIENTED_EDGE('',*,*,#5355,.T.);
#5355 = EDGE_CURVE('',#5344,#5356,#5358,.T.);
#5356 = VERTEX_POINT('',#5357);
#5357 = CARTESIAN_POINT('',(-38.7,19.903413578933,40.443316729045));
#5358 = CIRCLE('',#5359,6.);
#5359 = AXIS2_PLACEMENT_3D('',#5360,#5361,#5362);
#5360 = CARTESIAN_POINT('',(-38.7,16.,45.));
#5361 = DIRECTION('',(1.,-0.,0.));
#5362 = DIRECTION('',(0.,5.9E-16,-1.));
#5363 = ORIENTED_EDGE('',*,*,#5364,.F.);
#5364 = EDGE_CURVE('',#2512,#5356,#5365,.T.);
#5365 = CIRCLE('',#5366,1.3);
#5366 = AXIS2_PLACEMENT_3D('',#5367,#5368,#5369);
#5367 = CARTESIAN_POINT('',(-40.,19.903413578933,40.443316729045));
#5368 = DIRECTION('',(-3.8E-16,0.759447211826,0.650568929822));
#5369 = DIRECTION('',(0.,-0.650568929822,0.759447211826));
#5370 = ORIENTED_EDGE('',*,*,#2519,.T.);
#5371 = ORIENTED_EDGE('',*,*,#5280,.F.);
#5372 = TOROIDAL_SURFACE('',#5373,6.,1.3);
#5373 = AXIS2_PLACEMENT_3D('',#5374,#5375,#5376);
#5374 = CARTESIAN_POINT('',(-40.,16.,45.));
#5375 = DIRECTION('',(1.,0.,0.));
#5376 = DIRECTION('',(0.,5.9E-16,-1.));
#5377 = ADVANCED_FACE('',(#5378),#5415,.T.);
#5378 = FACE_BOUND('',#5379,.T.);
#5379 = EDGE_LOOP('',(#5380,#5389,#5398,#5406,#5413,#5414));
#5380 = ORIENTED_EDGE('',*,*,#5381,.F.);
#5381 = EDGE_CURVE('',#5382,#2501,#5384,.T.);
#5382 = VERTEX_POINT('',#5383);
#5383 = CARTESIAN_POINT('',(-37.55,19.903413578933,40.443316729045));
#5384 = CIRCLE('',#5385,2.45);
#5385 = AXIS2_PLACEMENT_3D('',#5386,#5387,#5388);
#5386 = CARTESIAN_POINT('',(-40.,19.903413578933,40.443316729045));
#5387 = DIRECTION('',(0.,-0.759447211826,-0.650568929822));
#5388 = DIRECTION('',(0.,0.650568929822,-0.759447211826));
#5389 = ORIENTED_EDGE('',*,*,#5390,.F.);
#5390 = EDGE_CURVE('',#5391,#5382,#5393,.T.);
#5391 = VERTEX_POINT('',#5392);
#5392 = CARTESIAN_POINT('',(-37.62055632483,20.283174127786,40.));
#5393 = CIRCLE('',#5394,2.45);
#5394 = AXIS2_PLACEMENT_3D('',#5395,#5396,#5397);
#5395 = CARTESIAN_POINT('',(-40.,19.903413578933,40.443316729045));
#5396 = DIRECTION('',(0.,-0.759447211826,-0.650568929822));
#5397 = DIRECTION('',(0.,0.650568929822,-0.759447211826));
#5398 = ORIENTED_EDGE('',*,*,#5399,.T.);
#5399 = EDGE_CURVE('',#5391,#5400,#5402,.T.);
#5400 = VERTEX_POINT('',#5401);
#5401 = CARTESIAN_POINT('',(-38.83842684118,20.283174127786,40.));
#5402 = LINE('',#5403,#5404);
#5403 = CARTESIAN_POINT('',(-46.,20.283174127786,40.));
#5404 = VECTOR('',#5405,1.);
#5405 = DIRECTION('',(-1.,-5.E-16,0.));
#5406 = ORIENTED_EDGE('',*,*,#5407,.F.);
#5407 = EDGE_CURVE('',#5356,#5400,#5408,.T.);
#5408 = CIRCLE('',#5409,1.3);
#5409 = AXIS2_PLACEMENT_3D('',#5410,#5411,#5412);
#5410 = CARTESIAN_POINT('',(-40.,19.903413578933,40.443316729045));
#5411 = DIRECTION('',(-3.8E-16,0.759447211826,0.650568929822));
#5412 = DIRECTION('',(0.,-0.650568929822,0.759447211826));
#5413 = ORIENTED_EDGE('',*,*,#5364,.F.);
#5414 = ORIENTED_EDGE('',*,*,#2511,.F.);
#5415 = PLANE('',#5416);
#5416 = AXIS2_PLACEMENT_3D('',#5417,#5418,#5419);
#5417 = CARTESIAN_POINT('',(-40.,19.903413578933,40.443316729045));
#5418 = DIRECTION('',(-3.8E-16,0.759447211826,0.650568929822));
#5419 = DIRECTION('',(0.,-0.650568929822,0.759447211826));
#5420 = ADVANCED_FACE('',(#5421),#5432,.F.);
#5421 = FACE_BOUND('',#5422,.F.);
#5422 = EDGE_LOOP('',(#5423,#5424,#5431));
#5423 = ORIENTED_EDGE('',*,*,#5381,.F.);
#5424 = ORIENTED_EDGE('',*,*,#5425,.T.);
#5425 = EDGE_CURVE('',#5382,#2489,#5426,.T.);
#5426 = CIRCLE('',#5427,6.);
#5427 = AXIS2_PLACEMENT_3D('',#5428,#5429,#5430);
#5428 = CARTESIAN_POINT('',(-37.55,16.,45.));
#5429 = DIRECTION('',(1.,-0.,0.));
#5430 = DIRECTION('',(0.,5.9E-16,-1.));
#5431 = ORIENTED_EDGE('',*,*,#2500,.T.);
#5432 = TOROIDAL_SURFACE('',#5433,6.,2.45);
#5433 = AXIS2_PLACEMENT_3D('',#5434,#5435,#5436);
#5434 = CARTESIAN_POINT('',(-40.,16.,45.));
#5435 = DIRECTION('',(1.,0.,0.));
#5436 = DIRECTION('',(0.,5.9E-16,-1.));
#5437 = ADVANCED_FACE('',(#5438),#5464,.F.);
#5438 = FACE_BOUND('',#5439,.F.);
#5439 = EDGE_LOOP('',(#5440,#5441,#5442,#5454,#5463));
#5440 = ORIENTED_EDGE('',*,*,#5425,.F.);
#5441 = ORIENTED_EDGE('',*,*,#5390,.F.);
#5442 = ORIENTED_EDGE('',*,*,#5443,.T.);
#5443 = EDGE_CURVE('',#5391,#5444,#5446,.T.);
#5444 = VERTEX_POINT('',#5445);
#5445 = CARTESIAN_POINT('',(-38.01281292176,21.5,40.));
#5446 = B_SPLINE_CURVE_WITH_KNOTS('',6,(#5447,#5448,#5449,#5450,#5451,
    #5452,#5453),.UNSPECIFIED.,.F.,.F.,(7,7),(0.,1.),
  .PIECEWISE_BEZIER_KNOTS.);
#5447 = CARTESIAN_POINT('',(-37.62055632483,20.283174127786,40.));
#5448 = CARTESIAN_POINT('',(-37.66387835127,20.554614439607,40.));
#5449 = CARTESIAN_POINT('',(-37.7251859497,20.822371988614,40.));
#5450 = CARTESIAN_POINT('',(-37.80711024279,21.084542814375,40.));
#5451 = CARTESIAN_POINT('',(-37.91201885158,21.337923241208,40.));
#5452 = CARTESIAN_POINT('',(-38.04155265397,21.578156039482,40.));
#5453 = CARTESIAN_POINT('',(-38.19594605081,21.8,40.));
#5454 = ORIENTED_EDGE('',*,*,#5455,.T.);
#5455 = EDGE_CURVE('',#5444,#2481,#5456,.T.);
#5456 = B_SPLINE_CURVE_WITH_KNOTS('',5,(#5457,#5458,#5459,#5460,#5461,
    #5462),.UNSPECIFIED.,.F.,.F.,(6,6),(0.,1.),
  .PIECEWISE_BEZIER_KNOTS.);
#5457 = CARTESIAN_POINT('',(-38.06337932354,21.5,39.9));
#5458 = CARTESIAN_POINT('',(-37.9459199951,21.5,40.122934631294));
#5459 = CARTESIAN_POINT('',(-37.84929611188,21.5,40.357922952805));
#5460 = CARTESIAN_POINT('',(-37.77193408875,21.5,40.600823797973));
#5461 = CARTESIAN_POINT('',(-37.71141092972,21.5,40.848695518815));
#5462 = CARTESIAN_POINT('',(-37.6651900315,21.5,41.1));
#5463 = ORIENTED_EDGE('',*,*,#2488,.F.);
#5464 = TOROIDAL_SURFACE('',#5465,6.,2.45);
#5465 = AXIS2_PLACEMENT_3D('',#5466,#5467,#5468);
#5466 = CARTESIAN_POINT('',(-40.,16.,45.));
#5467 = DIRECTION('',(1.,0.,0.));
#5468 = DIRECTION('',(0.,5.9E-16,-1.));
#5469 = ADVANCED_FACE('',(#5470),#5481,.T.);
#5470 = FACE_BOUND('',#5471,.T.);
#5471 = EDGE_LOOP('',(#5472,#5478,#5479,#5480));
#5472 = ORIENTED_EDGE('',*,*,#5473,.F.);
#5473 = EDGE_CURVE('',#5444,#5235,#5474,.T.);
#5474 = LINE('',#5475,#5476);
#5475 = CARTESIAN_POINT('',(-52.,21.5,40.));
#5476 = VECTOR('',#5477,1.);
#5477 = DIRECTION('',(1.,0.,0.));
#5478 = ORIENTED_EDGE('',*,*,#5455,.T.);
#5479 = ORIENTED_EDGE('',*,*,#2480,.T.);
#5480 = ORIENTED_EDGE('',*,*,#5234,.T.);
#5481 = PLANE('',#5482);
#5482 = AXIS2_PLACEMENT_3D('',#5483,#5484,#5485);
#5483 = CARTESIAN_POINT('',(-52.,21.5,40.));
#5484 = DIRECTION('',(0.,1.,0.));
#5485 = DIRECTION('',(0.,0.,1.));
#5486 = ADVANCED_FACE('',(#5487),#5537,.F.);
#5487 = FACE_BOUND('',#5488,.F.);
#5488 = EDGE_LOOP('',(#5489,#5490,#5535,#5536));
#5489 = ORIENTED_EDGE('',*,*,#2878,.F.);
#5490 = ORIENTED_EDGE('',*,*,#5491,.T.);
#5491 = EDGE_CURVE('',#2864,#2423,#5492,.T.);
#5492 = B_SPLINE_CURVE_WITH_KNOTS('',6,(#5493,#5494,#5495,#5496,#5497,
    #5498,#5499,#5500,#5501,#5502,#5503,#5504,#5505,#5506,#5507,#5508,
    #5509,#5510,#5511,#5512,#5513,#5514,#5515,#5516,#5517,#5518,#5519,
    #5520,#5521,#5522,#5523,#5524,#5525,#5526,#5527,#5528,#5529,#5530,
    #5531,#5532,#5533,#5534),.UNSPECIFIED.,.F.,.F.,(7,5,5,5,5,5,5,5,7),(
    0.,0.219609146145,0.319740043124,0.414371317791,0.498291110672,
    0.623604428152,0.683392739676,0.780639162197,1.),.UNSPECIFIED.);
#5493 = CARTESIAN_POINT('',(-41.61881452516,22.8,41.1));
#5494 = CARTESIAN_POINT('',(-41.54290889862,22.8,40.965697381787));
#5495 = CARTESIAN_POINT('',(-41.45972781788,22.8,40.836110518832));
#5496 = CARTESIAN_POINT('',(-41.36873620636,22.8,40.71221183754));
#5497 = CARTESIAN_POINT('',(-41.26952270049,22.8,40.595377529108));
#5498 = CARTESIAN_POINT('',(-41.1619103788,22.8,40.487304312936));
#5499 = CARTESIAN_POINT('',(-40.99332524149,22.8,40.345444383311));
#5500 = CARTESIAN_POINT('',(-40.93883961163,22.8,40.303238518554));
#5501 = CARTESIAN_POINT('',(-40.88269364977,22.8,40.26343530232));
#5502 = CARTESIAN_POINT('',(-40.8249415967,22.8,40.226227831218));
#5503 = CARTESIAN_POINT('',(-40.76566670968,22.8,40.191810061603));
#5504 = CARTESIAN_POINT('',(-40.64763936628,22.8,40.130652367083));
#5505 = CARTESIAN_POINT('',(-40.58903532428,22.8,40.103593685244));
#5506 = CARTESIAN_POINT('',(-40.5292771984,22.8,40.079349838062));
#5507 = CARTESIAN_POINT('',(-40.46849028554,22.8,40.058068620775));
#5508 = CARTESIAN_POINT('',(-40.40682498448,22.8,40.03987853407));
#5509 = CARTESIAN_POINT('',(-40.28915288556,22.8,40.011578870406));
#5510 = CARTESIAN_POINT('',(-40.23329272543,22.8,40.000786967159));
#5511 = CARTESIAN_POINT('',(-40.17700421141,22.8,39.992574384465));
#5512 = CARTESIAN_POINT('',(-40.12041993323,22.8,39.986990863215));
#5513 = CARTESIAN_POINT('',(-40.06367946665,22.8,39.98406320143));
#5514 = CARTESIAN_POINT('',(-39.92218672625,22.8,39.98338909006));
#5515 = CARTESIAN_POINT('',(-39.83740761742,22.8,39.98891085404));
#5516 = CARTESIAN_POINT('',(-39.75309244852,22.8,40.000363912866));
#5517 = CARTESIAN_POINT('',(-39.6696973816,22.8,40.017625035766));
#5518 = CARTESIAN_POINT('',(-39.58763358612,22.8,40.040464784347));
#5519 = CARTESIAN_POINT('',(-39.46892279401,22.8,40.081979783151));
#5520 = CARTESIAN_POINT('',(-39.43096210617,22.8,40.096589097726));
#5521 = CARTESIAN_POINT('',(-39.39342161781,22.8,40.11236480516));
#5522 = CARTESIAN_POINT('',(-39.35633415524,22.8,40.129271148577));
#5523 = CARTESIAN_POINT('',(-39.31972838089,22.8,40.14727008248));
#5524 = CARTESIAN_POINT('',(-39.22491237105,22.8,40.197308267531));
#5525 = CARTESIAN_POINT('',(-39.1675350037,22.8,40.231079728045));
#5526 = CARTESIAN_POINT('',(-39.11160156328,22.8,40.267464731197));
#5527 = CARTESIAN_POINT('',(-39.05718657778,22.8,40.306285661701));
#5528 = CARTESIAN_POINT('',(-39.00433888273,22.8,40.347365984709));
#5529 = CARTESIAN_POINT('',(-38.83747466281,22.8,40.487922099463));
#5530 = CARTESIAN_POINT('',(-38.73002374395,22.8,40.595911792516));
#5531 = CARTESIAN_POINT('',(-38.63095185047,22.8,40.712636669118));
#5532 = CARTESIAN_POINT('',(-38.54008207438,22.8,40.83640670044));
#5533 = CARTESIAN_POINT('',(-38.45700434002,22.8,40.965850891841));
#5534 = CARTESIAN_POINT('',(-38.38118547483,22.8,41.1));
#5535 = ORIENTED_EDGE('',*,*,#2464,.T.);
#5536 = ORIENTED_EDGE('',*,*,#5227,.F.);
#5537 = PLANE('',#5538);
#5538 = AXIS2_PLACEMENT_3D('',#5539,#5540,#5541);
#5539 = CARTESIAN_POINT('',(-52.,22.8,40.));
#5540 = DIRECTION('',(0.,1.,0.));
#5541 = DIRECTION('',(0.,0.,1.));
#5542 = ADVANCED_FACE('',(#5543),#5549,.F.);
#5543 = FACE_BOUND('',#5544,.F.);
#5544 = EDGE_LOOP('',(#5545,#5546,#5547,#5548));
#5545 = ORIENTED_EDGE('',*,*,#2422,.F.);
#5546 = ORIENTED_EDGE('',*,*,#5491,.F.);
#5547 = ORIENTED_EDGE('',*,*,#2863,.T.);
#5548 = ORIENTED_EDGE('',*,*,#2800,.F.);
#5549 = TOROIDAL_SURFACE('',#5550,6.,2.45);
#5550 = AXIS2_PLACEMENT_3D('',#5551,#5552,#5553);
#5551 = CARTESIAN_POINT('',(-40.,16.,45.));
#5552 = DIRECTION('',(1.,0.,0.));
#5553 = DIRECTION('',(0.,5.9E-16,-1.));
#5554 = ADVANCED_FACE('',(#5555),#5599,.F.);
#5555 = FACE_BOUND('',#5556,.F.);
#5556 = EDGE_LOOP('',(#5557,#5567,#5576,#5584,#5591,#5596,#5597,#5598));
#5557 = ORIENTED_EDGE('',*,*,#5558,.F.);
#5558 = EDGE_CURVE('',#5559,#5561,#5563,.T.);
#5559 = VERTEX_POINT('',#5560);
#5560 = CARTESIAN_POINT('',(-33.5,11.25,37.8));
#5561 = VERTEX_POINT('',#5562);
#5562 = CARTESIAN_POINT('',(-33.5,11.25,38.));
#5563 = LINE('',#5564,#5565);
#5564 = CARTESIAN_POINT('',(-33.5,11.25,37.8));
#5565 = VECTOR('',#5566,1.);
#5566 = DIRECTION('',(0.,0.,1.));
#5567 = ORIENTED_EDGE('',*,*,#5568,.T.);
#5568 = EDGE_CURVE('',#5559,#5569,#5571,.T.);
#5569 = VERTEX_POINT('',#5570);
#5570 = CARTESIAN_POINT('',(-34.5,11.25,37.8));
#5571 = CIRCLE('',#5572,0.5);
#5572 = AXIS2_PLACEMENT_3D('',#5573,#5574,#5575);
#5573 = CARTESIAN_POINT('',(-34.,11.25,37.8));
#5574 = DIRECTION('',(0.,0.,1.));
#5575 = DIRECTION('',(1.,0.,0.));
#5576 = ORIENTED_EDGE('',*,*,#5577,.T.);
#5577 = EDGE_CURVE('',#5569,#5578,#5580,.T.);
#5578 = VERTEX_POINT('',#5579);
#5579 = CARTESIAN_POINT('',(-34.5,11.25,38.));
#5580 = LINE('',#5581,#5582);
#5581 = CARTESIAN_POINT('',(-34.5,11.25,37.8));
#5582 = VECTOR('',#5583,1.);
#5583 = DIRECTION('',(0.,0.,1.));
#5584 = ORIENTED_EDGE('',*,*,#5585,.T.);
#5585 = EDGE_CURVE('',#5578,#5561,#5586,.T.);
#5586 = CIRCLE('',#5587,0.5);
#5587 = AXIS2_PLACEMENT_3D('',#5588,#5589,#5590);
#5588 = CARTESIAN_POINT('',(-34.,11.25,38.));
#5589 = DIRECTION('',(0.,0.,1.));
#5590 = DIRECTION('',(1.,0.,0.));
#5591 = ORIENTED_EDGE('',*,*,#5592,.T.);
#5592 = EDGE_CURVE('',#5561,#2765,#5593,.T.);
#5593 = B_SPLINE_CURVE_WITH_KNOTS('',1,(#5594,#5595),.UNSPECIFIED.,.F.,
  .F.,(2,2),(0.2,3.2),.PIECEWISE_BEZIER_KNOTS.);
#5594 = CARTESIAN_POINT('',(-33.5,11.25,38.));
#5595 = CARTESIAN_POINT('',(-33.5,11.25,41.));
#5596 = ORIENTED_EDGE('',*,*,#2775,.F.);
#5597 = ORIENTED_EDGE('',*,*,#2764,.F.);
#5598 = ORIENTED_EDGE('',*,*,#5592,.F.);
#5599 = CYLINDRICAL_SURFACE('',#5600,0.5);
#5600 = AXIS2_PLACEMENT_3D('',#5601,#5602,#5603);
#5601 = CARTESIAN_POINT('',(-34.,11.25,37.8));
#5602 = DIRECTION('',(0.,0.,1.));
#5603 = DIRECTION('',(1.,0.,0.));
#5604 = ADVANCED_FACE('',(#5605),#5616,.F.);
#5605 = FACE_BOUND('',#5606,.F.);
#5606 = EDGE_LOOP('',(#5607,#5608,#5609,#5615));
#5607 = ORIENTED_EDGE('',*,*,#2933,.F.);
#5608 = ORIENTED_EDGE('',*,*,#5055,.F.);
#5609 = ORIENTED_EDGE('',*,*,#5610,.T.);
#5610 = EDGE_CURVE('',#5056,#4942,#5611,.T.);
#5611 = LINE('',#5612,#5613);
#5612 = CARTESIAN_POINT('',(-52.,23.5,40.));
#5613 = VECTOR('',#5614,1.);
#5614 = DIRECTION('',(1.,0.,0.));
#5615 = ORIENTED_EDGE('',*,*,#4941,.F.);
#5616 = PLANE('',#5617);
#5617 = AXIS2_PLACEMENT_3D('',#5618,#5619,#5620);
#5618 = CARTESIAN_POINT('',(-52.,23.5,36.));
#5619 = DIRECTION('',(0.,1.,0.));
#5620 = DIRECTION('',(0.,0.,1.));
#5621 = ADVANCED_FACE('',(#5622),#5647,.F.);
#5622 = FACE_BOUND('',#5623,.F.);
#5623 = EDGE_LOOP('',(#5624,#5625,#5626,#5627,#5633,#5634,#5640,#5641));
#5624 = ORIENTED_EDGE('',*,*,#5046,.F.);
#5625 = ORIENTED_EDGE('',*,*,#2949,.F.);
#5626 = ORIENTED_EDGE('',*,*,#5216,.T.);
#5627 = ORIENTED_EDGE('',*,*,#5628,.F.);
#5628 = EDGE_CURVE('',#5578,#5217,#5629,.T.);
#5629 = LINE('',#5630,#5631);
#5630 = CARTESIAN_POINT('',(-34.75,11.25,38.));
#5631 = VECTOR('',#5632,1.);
#5632 = DIRECTION('',(-1.,0.,0.));
#5633 = ORIENTED_EDGE('',*,*,#5577,.F.);
#5634 = ORIENTED_EDGE('',*,*,#5635,.T.);
#5635 = EDGE_CURVE('',#5569,#5559,#5636,.T.);
#5636 = LINE('',#5637,#5638);
#5637 = CARTESIAN_POINT('',(-34.75,11.25,37.8));
#5638 = VECTOR('',#5639,1.);
#5639 = DIRECTION('',(1.,0.,0.));
#5640 = ORIENTED_EDGE('',*,*,#5558,.T.);
#5641 = ORIENTED_EDGE('',*,*,#5642,.F.);
#5642 = EDGE_CURVE('',#5047,#5561,#5643,.T.);
#5643 = LINE('',#5644,#5645);
#5644 = CARTESIAN_POINT('',(-34.75,11.25,38.));
#5645 = VECTOR('',#5646,1.);
#5646 = DIRECTION('',(-1.,0.,0.));
#5647 = PLANE('',#5648);
#5648 = AXIS2_PLACEMENT_3D('',#5649,#5650,#5651);
#5649 = CARTESIAN_POINT('',(-35.5,11.25,36.));
#5650 = DIRECTION('',(0.,1.,0.));
#5651 = DIRECTION('',(0.,0.,1.));
#5652 = ADVANCED_FACE('',(#5653),#5665,.F.);
#5653 = FACE_BOUND('',#5654,.F.);
#5654 = EDGE_LOOP('',(#5655,#5662,#5663,#5664));
#5655 = ORIENTED_EDGE('',*,*,#5656,.F.);
#5656 = EDGE_CURVE('',#3331,#3064,#5657,.T.);
#5657 = CIRCLE('',#5658,2.45);
#5658 = AXIS2_PLACEMENT_3D('',#5659,#5660,#5661);
#5659 = CARTESIAN_POINT('',(-40.,19.903413578933,40.443316729045));
#5660 = DIRECTION('',(0.,-0.759447211826,-0.650568929822));
#5661 = DIRECTION('',(0.,0.650568929822,-0.759447211826));
#5662 = ORIENTED_EDGE('',*,*,#3338,.F.);
#5663 = ORIENTED_EDGE('',*,*,#3099,.T.);
#5664 = ORIENTED_EDGE('',*,*,#3071,.T.);
#5665 = TOROIDAL_SURFACE('',#5666,6.,2.45);
#5666 = AXIS2_PLACEMENT_3D('',#5667,#5668,#5669);
#5667 = CARTESIAN_POINT('',(-40.,16.,45.));
#5668 = DIRECTION('',(1.,0.,0.));
#5669 = DIRECTION('',(0.,5.9E-16,-1.));
#5670 = ADVANCED_FACE('',(#5671),#5683,.T.);
#5671 = FACE_BOUND('',#5672,.T.);
#5672 = EDGE_LOOP('',(#5673,#5674,#5681,#5682));
#5673 = ORIENTED_EDGE('',*,*,#3330,.F.);
#5674 = ORIENTED_EDGE('',*,*,#5675,.F.);
#5675 = EDGE_CURVE('',#2991,#3192,#5676,.T.);
#5676 = CIRCLE('',#5677,1.3);
#5677 = AXIS2_PLACEMENT_3D('',#5678,#5679,#5680);
#5678 = CARTESIAN_POINT('',(-40.,19.903413578933,40.443316729045));
#5679 = DIRECTION('',(-3.8E-16,0.759447211826,0.650568929822));
#5680 = DIRECTION('',(0.,-0.650568929822,0.759447211826));
#5681 = ORIENTED_EDGE('',*,*,#3063,.T.);
#5682 = ORIENTED_EDGE('',*,*,#5656,.F.);
#5683 = PLANE('',#5684);
#5684 = AXIS2_PLACEMENT_3D('',#5685,#5686,#5687);
#5685 = CARTESIAN_POINT('',(-40.,19.903413578933,40.443316729045));
#5686 = DIRECTION('',(-3.8E-16,0.759447211826,0.650568929822));
#5687 = DIRECTION('',(0.,-0.650568929822,0.759447211826));
#5688 = ADVANCED_FACE('',(#5689),#5695,.F.);
#5689 = FACE_BOUND('',#5690,.F.);
#5690 = EDGE_LOOP('',(#5691,#5692,#5693,#5694));
#5691 = ORIENTED_EDGE('',*,*,#5675,.F.);
#5692 = ORIENTED_EDGE('',*,*,#2990,.T.);
#5693 = ORIENTED_EDGE('',*,*,#3130,.F.);
#5694 = ORIENTED_EDGE('',*,*,#3191,.T.);
#5695 = TOROIDAL_SURFACE('',#5696,6.,1.3);
#5696 = AXIS2_PLACEMENT_3D('',#5697,#5698,#5699);
#5697 = CARTESIAN_POINT('',(-40.,16.,45.));
#5698 = DIRECTION('',(1.,0.,0.));
#5699 = DIRECTION('',(0.,5.9E-16,-1.));
#5700 = ADVANCED_FACE('',(#5701),#5712,.T.);
#5701 = FACE_BOUND('',#5702,.T.);
#5702 = EDGE_LOOP('',(#5703,#5704,#5705,#5706));
#5703 = ORIENTED_EDGE('',*,*,#3457,.F.);
#5704 = ORIENTED_EDGE('',*,*,#3377,.T.);
#5705 = ORIENTED_EDGE('',*,*,#3417,.T.);
#5706 = ORIENTED_EDGE('',*,*,#5707,.F.);
#5707 = EDGE_CURVE('',#3450,#3410,#5708,.T.);
#5708 = LINE('',#5709,#5710);
#5709 = CARTESIAN_POINT('',(-45.,10.5,38.));
#5710 = VECTOR('',#5711,1.);
#5711 = DIRECTION('',(0.,1.,0.));
#5712 = PLANE('',#5713);
#5713 = AXIS2_PLACEMENT_3D('',#5714,#5715,#5716);
#5714 = CARTESIAN_POINT('',(-45.,9.75,36.));
#5715 = DIRECTION('',(1.,0.,0.));
#5716 = DIRECTION('',(0.,0.,1.));
#5717 = ADVANCED_FACE('',(#5718),#5739,.F.);
#5718 = FACE_BOUND('',#5719,.F.);
#5719 = EDGE_LOOP('',(#5720,#5729,#5736,#5737,#5738));
#5720 = ORIENTED_EDGE('',*,*,#5721,.T.);
#5721 = EDGE_CURVE('',#3442,#5722,#5724,.T.);
#5722 = VERTEX_POINT('',#5723);
#5723 = CARTESIAN_POINT('',(-43.7,11.25,38.));
#5724 = CIRCLE('',#5725,2.3);
#5725 = AXIS2_PLACEMENT_3D('',#5726,#5727,#5728);
#5726 = CARTESIAN_POINT('',(-46.,11.25,38.));
#5727 = DIRECTION('',(0.,0.,1.));
#5728 = DIRECTION('',(1.,0.,0.));
#5729 = ORIENTED_EDGE('',*,*,#5730,.T.);
#5730 = EDGE_CURVE('',#5722,#3402,#5731,.T.);
#5731 = CIRCLE('',#5732,2.3);
#5732 = AXIS2_PLACEMENT_3D('',#5733,#5734,#5735);
#5733 = CARTESIAN_POINT('',(-46.,11.25,38.));
#5734 = DIRECTION('',(0.,0.,1.));
#5735 = DIRECTION('',(1.,0.,0.));
#5736 = ORIENTED_EDGE('',*,*,#3409,.F.);
#5737 = ORIENTED_EDGE('',*,*,#5707,.F.);
#5738 = ORIENTED_EDGE('',*,*,#3449,.T.);
#5739 = PLANE('',#5740);
#5740 = AXIS2_PLACEMENT_3D('',#5741,#5742,#5743);
#5741 = CARTESIAN_POINT('',(-46.,11.25,38.));
#5742 = DIRECTION('',(0.,0.,1.));
#5743 = DIRECTION('',(1.,0.,0.));
#5744 = ADVANCED_FACE('',(#5745),#5753,.T.);
#5745 = FACE_BOUND('',#5746,.T.);
#5746 = EDGE_LOOP('',(#5747,#5748,#5749,#5750,#5751,#5752));
#5747 = ORIENTED_EDGE('',*,*,#3474,.F.);
#5748 = ORIENTED_EDGE('',*,*,#3441,.F.);
#5749 = ORIENTED_EDGE('',*,*,#5721,.T.);
#5750 = ORIENTED_EDGE('',*,*,#5730,.T.);
#5751 = ORIENTED_EDGE('',*,*,#3401,.T.);
#5752 = ORIENTED_EDGE('',*,*,#3483,.F.);
#5753 = CYLINDRICAL_SURFACE('',#5754,2.3);
#5754 = AXIS2_PLACEMENT_3D('',#5755,#5756,#5757);
#5755 = CARTESIAN_POINT('',(-46.,11.25,38.));
#5756 = DIRECTION('',(0.,0.,1.));
#5757 = DIRECTION('',(1.,0.,0.));
#5758 = ADVANCED_FACE('',(#5759),#5778,.F.);
#5759 = FACE_BOUND('',#5760,.F.);
#5760 = EDGE_LOOP('',(#5761,#5762,#5770,#5777));
#5761 = ORIENTED_EDGE('',*,*,#3492,.F.);
#5762 = ORIENTED_EDGE('',*,*,#5763,.F.);
#5763 = EDGE_CURVE('',#5764,#3493,#5766,.T.);
#5764 = VERTEX_POINT('',#5765);
#5765 = CARTESIAN_POINT('',(-45.5,11.25,37.8));
#5766 = LINE('',#5767,#5768);
#5767 = CARTESIAN_POINT('',(-45.5,11.25,37.8));
#5768 = VECTOR('',#5769,1.);
#5769 = DIRECTION('',(0.,0.,1.));
#5770 = ORIENTED_EDGE('',*,*,#5771,.T.);
#5771 = EDGE_CURVE('',#5764,#5764,#5772,.T.);
#5772 = CIRCLE('',#5773,0.5);
#5773 = AXIS2_PLACEMENT_3D('',#5774,#5775,#5776);
#5774 = CARTESIAN_POINT('',(-46.,11.25,37.8));
#5775 = DIRECTION('',(0.,0.,1.));
#5776 = DIRECTION('',(1.,0.,0.));
#5777 = ORIENTED_EDGE('',*,*,#5763,.T.);
#5778 = CYLINDRICAL_SURFACE('',#5779,0.5);
#5779 = AXIS2_PLACEMENT_3D('',#5780,#5781,#5782);
#5780 = CARTESIAN_POINT('',(-46.,11.25,37.8));
#5781 = DIRECTION('',(0.,0.,1.));
#5782 = DIRECTION('',(1.,0.,0.));
#5783 = ADVANCED_FACE('',(#5784),#5795,.T.);
#5784 = FACE_BOUND('',#5785,.T.);
#5785 = EDGE_LOOP('',(#5786,#5787,#5788,#5789));
#5786 = ORIENTED_EDGE('',*,*,#3606,.F.);
#5787 = ORIENTED_EDGE('',*,*,#3526,.T.);
#5788 = ORIENTED_EDGE('',*,*,#3566,.T.);
#5789 = ORIENTED_EDGE('',*,*,#5790,.F.);
#5790 = EDGE_CURVE('',#3599,#3559,#5791,.T.);
#5791 = LINE('',#5792,#5793);
#5792 = CARTESIAN_POINT('',(-45.,-12.,38.));
#5793 = VECTOR('',#5794,1.);
#5794 = DIRECTION('',(0.,1.,0.));
#5795 = PLANE('',#5796);
#5796 = AXIS2_PLACEMENT_3D('',#5797,#5798,#5799);
#5797 = CARTESIAN_POINT('',(-45.,-12.75,36.));
#5798 = DIRECTION('',(1.,0.,0.));
#5799 = DIRECTION('',(0.,0.,1.));
#5800 = ADVANCED_FACE('',(#5801),#5822,.F.);
#5801 = FACE_BOUND('',#5802,.F.);
#5802 = EDGE_LOOP('',(#5803,#5812,#5819,#5820,#5821));
#5803 = ORIENTED_EDGE('',*,*,#5804,.T.);
#5804 = EDGE_CURVE('',#3591,#5805,#5807,.T.);
#5805 = VERTEX_POINT('',#5806);
#5806 = CARTESIAN_POINT('',(-43.7,-11.25,38.));
#5807 = CIRCLE('',#5808,2.3);
#5808 = AXIS2_PLACEMENT_3D('',#5809,#5810,#5811);
#5809 = CARTESIAN_POINT('',(-46.,-11.25,38.));
#5810 = DIRECTION('',(0.,0.,1.));
#5811 = DIRECTION('',(1.,0.,0.));
#5812 = ORIENTED_EDGE('',*,*,#5813,.T.);
#5813 = EDGE_CURVE('',#5805,#3551,#5814,.T.);
#5814 = CIRCLE('',#5815,2.3);
#5815 = AXIS2_PLACEMENT_3D('',#5816,#5817,#5818);
#5816 = CARTESIAN_POINT('',(-46.,-11.25,38.));
#5817 = DIRECTION('',(0.,0.,1.));
#5818 = DIRECTION('',(1.,0.,0.));
#5819 = ORIENTED_EDGE('',*,*,#3558,.F.);
#5820 = ORIENTED_EDGE('',*,*,#5790,.F.);
#5821 = ORIENTED_EDGE('',*,*,#3598,.T.);
#5822 = PLANE('',#5823);
#5823 = AXIS2_PLACEMENT_3D('',#5824,#5825,#5826);
#5824 = CARTESIAN_POINT('',(-46.,-11.25,38.));
#5825 = DIRECTION('',(0.,0.,1.));
#5826 = DIRECTION('',(1.,0.,0.));
#5827 = ADVANCED_FACE('',(#5828),#5836,.T.);
#5828 = FACE_BOUND('',#5829,.T.);
#5829 = EDGE_LOOP('',(#5830,#5831,#5832,#5833,#5834,#5835));
#5830 = ORIENTED_EDGE('',*,*,#3623,.F.);
#5831 = ORIENTED_EDGE('',*,*,#3590,.F.);
#5832 = ORIENTED_EDGE('',*,*,#5804,.T.);
#5833 = ORIENTED_EDGE('',*,*,#5813,.T.);
#5834 = ORIENTED_EDGE('',*,*,#3550,.T.);
#5835 = ORIENTED_EDGE('',*,*,#3632,.F.);
#5836 = CYLINDRICAL_SURFACE('',#5837,2.3);
#5837 = AXIS2_PLACEMENT_3D('',#5838,#5839,#5840);
#5838 = CARTESIAN_POINT('',(-46.,-11.25,38.));
#5839 = DIRECTION('',(0.,0.,1.));
#5840 = DIRECTION('',(1.,0.,0.));
#5841 = ADVANCED_FACE('',(#5842),#5861,.F.);
#5842 = FACE_BOUND('',#5843,.F.);
#5843 = EDGE_LOOP('',(#5844,#5845,#5853,#5860));
#5844 = ORIENTED_EDGE('',*,*,#3641,.F.);
#5845 = ORIENTED_EDGE('',*,*,#5846,.F.);
#5846 = EDGE_CURVE('',#5847,#3642,#5849,.T.);
#5847 = VERTEX_POINT('',#5848);
#5848 = CARTESIAN_POINT('',(-45.5,-11.25,37.8));
#5849 = LINE('',#5850,#5851);
#5850 = CARTESIAN_POINT('',(-45.5,-11.25,37.8));
#5851 = VECTOR('',#5852,1.);
#5852 = DIRECTION('',(0.,0.,1.));
#5853 = ORIENTED_EDGE('',*,*,#5854,.T.);
#5854 = EDGE_CURVE('',#5847,#5847,#5855,.T.);
#5855 = CIRCLE('',#5856,0.5);
#5856 = AXIS2_PLACEMENT_3D('',#5857,#5858,#5859);
#5857 = CARTESIAN_POINT('',(-46.,-11.25,37.8));
#5858 = DIRECTION('',(0.,0.,1.));
#5859 = DIRECTION('',(1.,0.,0.));
#5860 = ORIENTED_EDGE('',*,*,#5846,.T.);
#5861 = CYLINDRICAL_SURFACE('',#5862,0.5);
#5862 = AXIS2_PLACEMENT_3D('',#5863,#5864,#5865);
#5863 = CARTESIAN_POINT('',(-46.,-11.25,37.8));
#5864 = DIRECTION('',(0.,0.,1.));
#5865 = DIRECTION('',(1.,0.,0.));
#5866 = ADVANCED_FACE('',(#5867),#5903,.F.);
#5867 = FACE_BOUND('',#5868,.F.);
#5868 = EDGE_LOOP('',(#5869,#5870,#5871,#5879,#5887,#5893,#5894,#5895,
    #5896,#5902));
#5869 = ORIENTED_EDGE('',*,*,#3731,.T.);
#5870 = ORIENTED_EDGE('',*,*,#3666,.T.);
#5871 = ORIENTED_EDGE('',*,*,#5872,.T.);
#5872 = EDGE_CURVE('',#3667,#5873,#5875,.T.);
#5873 = VERTEX_POINT('',#5874);
#5874 = CARTESIAN_POINT('',(-35.5,-11.25,38.));
#5875 = LINE('',#5876,#5877);
#5876 = CARTESIAN_POINT('',(-35.5,-11.25,36.));
#5877 = VECTOR('',#5878,1.);
#5878 = DIRECTION('',(0.,0.,1.));
#5879 = ORIENTED_EDGE('',*,*,#5880,.F.);
#5880 = EDGE_CURVE('',#5881,#5873,#5883,.T.);
#5881 = VERTEX_POINT('',#5882);
#5882 = CARTESIAN_POINT('',(-35.5,-12.99355957741,38.));
#5883 = LINE('',#5884,#5885);
#5884 = CARTESIAN_POINT('',(-35.5,-20.625,38.));
#5885 = VECTOR('',#5886,1.);
#5886 = DIRECTION('',(0.,1.,0.));
#5887 = ORIENTED_EDGE('',*,*,#5888,.T.);
#5888 = EDGE_CURVE('',#5881,#3838,#5889,.T.);
#5889 = LINE('',#5890,#5891);
#5890 = CARTESIAN_POINT('',(-35.5,-12.99355957741,38.));
#5891 = VECTOR('',#5892,1.);
#5892 = DIRECTION('',(0.,0.,1.));
#5893 = ORIENTED_EDGE('',*,*,#3846,.F.);
#5894 = ORIENTED_EDGE('',*,*,#4037,.T.);
#5895 = ORIENTED_EDGE('',*,*,#4020,.F.);
#5896 = ORIENTED_EDGE('',*,*,#5897,.F.);
#5897 = EDGE_CURVE('',#3907,#4013,#5898,.T.);
#5898 = LINE('',#5899,#5900);
#5899 = CARTESIAN_POINT('',(-35.5,-21.5,38.));
#5900 = VECTOR('',#5901,1.);
#5901 = DIRECTION('',(0.,0.,-1.));
#5902 = ORIENTED_EDGE('',*,*,#3914,.F.);
#5903 = PLANE('',#5904);
#5904 = AXIS2_PLACEMENT_3D('',#5905,#5906,#5907);
#5905 = CARTESIAN_POINT('',(-35.5,-30.,36.));
#5906 = DIRECTION('',(1.,0.,0.));
#5907 = DIRECTION('',(0.,0.,1.));
#5908 = ADVANCED_FACE('',(#5909),#5959,.T.);
#5909 = FACE_BOUND('',#5910,.T.);
#5910 = EDGE_LOOP('',(#5911,#5919,#5920,#5921,#5929,#5937,#5945,#5953));
#5911 = ORIENTED_EDGE('',*,*,#5912,.F.);
#5912 = EDGE_CURVE('',#3675,#5913,#5915,.T.);
#5913 = VERTEX_POINT('',#5914);
#5914 = CARTESIAN_POINT('',(-32.5,-11.25,38.));
#5915 = LINE('',#5916,#5917);
#5916 = CARTESIAN_POINT('',(-32.5,-11.25,36.));
#5917 = VECTOR('',#5918,1.);
#5918 = DIRECTION('',(0.,0.,1.));
#5919 = ORIENTED_EDGE('',*,*,#3674,.F.);
#5920 = ORIENTED_EDGE('',*,*,#5872,.T.);
#5921 = ORIENTED_EDGE('',*,*,#5922,.F.);
#5922 = EDGE_CURVE('',#5923,#5873,#5925,.T.);
#5923 = VERTEX_POINT('',#5924);
#5924 = CARTESIAN_POINT('',(-34.5,-11.25,38.));
#5925 = LINE('',#5926,#5927);
#5926 = CARTESIAN_POINT('',(-34.75,-11.25,38.));
#5927 = VECTOR('',#5928,1.);
#5928 = DIRECTION('',(-1.,0.,0.));
#5929 = ORIENTED_EDGE('',*,*,#5930,.F.);
#5930 = EDGE_CURVE('',#5931,#5923,#5933,.T.);
#5931 = VERTEX_POINT('',#5932);
#5932 = CARTESIAN_POINT('',(-34.5,-11.25,37.8));
#5933 = LINE('',#5934,#5935);
#5934 = CARTESIAN_POINT('',(-34.5,-11.25,37.8));
#5935 = VECTOR('',#5936,1.);
#5936 = DIRECTION('',(0.,0.,1.));
#5937 = ORIENTED_EDGE('',*,*,#5938,.T.);
#5938 = EDGE_CURVE('',#5931,#5939,#5941,.T.);
#5939 = VERTEX_POINT('',#5940);
#5940 = CARTESIAN_POINT('',(-33.5,-11.25,37.8));
#5941 = LINE('',#5942,#5943);
#5942 = CARTESIAN_POINT('',(-34.75,-11.25,37.8));
#5943 = VECTOR('',#5944,1.);
#5944 = DIRECTION('',(1.,0.,0.));
#5945 = ORIENTED_EDGE('',*,*,#5946,.T.);
#5946 = EDGE_CURVE('',#5939,#5947,#5949,.T.);
#5947 = VERTEX_POINT('',#5948);
#5948 = CARTESIAN_POINT('',(-33.5,-11.25,38.));
#5949 = LINE('',#5950,#5951);
#5950 = CARTESIAN_POINT('',(-33.5,-11.25,37.8));
#5951 = VECTOR('',#5952,1.);
#5952 = DIRECTION('',(0.,0.,1.));
#5953 = ORIENTED_EDGE('',*,*,#5954,.F.);
#5954 = EDGE_CURVE('',#5913,#5947,#5955,.T.);
#5955 = LINE('',#5956,#5957);
#5956 = CARTESIAN_POINT('',(-34.75,-11.25,38.));
#5957 = VECTOR('',#5958,1.);
#5958 = DIRECTION('',(-1.,0.,0.));
#5959 = PLANE('',#5960);
#5960 = AXIS2_PLACEMENT_3D('',#5961,#5962,#5963);
#5961 = CARTESIAN_POINT('',(-35.5,-11.25,36.));
#5962 = DIRECTION('',(0.,1.,0.));
#5963 = DIRECTION('',(0.,0.,1.));
#5964 = ADVANCED_FACE('',(#5965),#6013,.T.);
#5965 = FACE_BOUND('',#5966,.T.);
#5966 = EDGE_LOOP('',(#5967,#5973,#5974,#5975,#5983,#5989,#5990,#5998,
    #6006,#6012));
#5967 = ORIENTED_EDGE('',*,*,#5968,.T.);
#5968 = EDGE_CURVE('',#3781,#3683,#5969,.T.);
#5969 = LINE('',#5970,#5971);
#5970 = CARTESIAN_POINT('',(-32.5,-28.5,36.));
#5971 = VECTOR('',#5972,1.);
#5972 = DIRECTION('',(0.,0.,-1.));
#5973 = ORIENTED_EDGE('',*,*,#3682,.T.);
#5974 = ORIENTED_EDGE('',*,*,#5912,.T.);
#5975 = ORIENTED_EDGE('',*,*,#5976,.F.);
#5976 = EDGE_CURVE('',#5977,#5913,#5979,.T.);
#5977 = VERTEX_POINT('',#5978);
#5978 = CARTESIAN_POINT('',(-32.5,-12.99355957741,38.));
#5979 = LINE('',#5980,#5981);
#5980 = CARTESIAN_POINT('',(-32.5,-20.625,38.));
#5981 = VECTOR('',#5982,1.);
#5982 = DIRECTION('',(0.,1.,0.));
#5983 = ORIENTED_EDGE('',*,*,#5984,.T.);
#5984 = EDGE_CURVE('',#5977,#3821,#5985,.T.);
#5985 = LINE('',#5986,#5987);
#5986 = CARTESIAN_POINT('',(-32.5,-12.99355957741,38.));
#5987 = VECTOR('',#5988,1.);
#5988 = DIRECTION('',(0.,0.,1.));
#5989 = ORIENTED_EDGE('',*,*,#3820,.F.);
#5990 = ORIENTED_EDGE('',*,*,#5991,.T.);
#5991 = EDGE_CURVE('',#3813,#5992,#5994,.T.);
#5992 = VERTEX_POINT('',#5993);
#5993 = CARTESIAN_POINT('',(-32.5,-18.5,40.));
#5994 = LINE('',#5995,#5996);
#5995 = CARTESIAN_POINT('',(-32.5,-18.5,38.));
#5996 = VECTOR('',#5997,1.);
#5997 = DIRECTION('',(0.,0.,-1.));
#5998 = ORIENTED_EDGE('',*,*,#5999,.F.);
#5999 = EDGE_CURVE('',#6000,#5992,#6002,.T.);
#6000 = VERTEX_POINT('',#6001);
#6001 = CARTESIAN_POINT('',(-32.5,-21.5,40.));
#6002 = LINE('',#6003,#6004);
#6003 = CARTESIAN_POINT('',(-32.5,-25.75,40.));
#6004 = VECTOR('',#6005,1.);
#6005 = DIRECTION('',(0.,1.,0.));
#6006 = ORIENTED_EDGE('',*,*,#6007,.F.);
#6007 = EDGE_CURVE('',#3789,#6000,#6008,.T.);
#6008 = LINE('',#6009,#6010);
#6009 = CARTESIAN_POINT('',(-32.5,-21.5,38.));
#6010 = VECTOR('',#6011,1.);
#6011 = DIRECTION('',(0.,0.,-1.));
#6012 = ORIENTED_EDGE('',*,*,#3788,.F.);
#6013 = PLANE('',#6014);
#6014 = AXIS2_PLACEMENT_3D('',#6015,#6016,#6017);
#6015 = CARTESIAN_POINT('',(-32.5,-30.,36.));
#6016 = DIRECTION('',(1.,0.,0.));
#6017 = DIRECTION('',(0.,0.,1.));
#6018 = ADVANCED_FACE('',(#6019),#6030,.T.);
#6019 = FACE_BOUND('',#6020,.T.);
#6020 = EDGE_LOOP('',(#6021,#6022,#6023,#6024));
#6021 = ORIENTED_EDGE('',*,*,#3690,.F.);
#6022 = ORIENTED_EDGE('',*,*,#5968,.F.);
#6023 = ORIENTED_EDGE('',*,*,#3780,.T.);
#6024 = ORIENTED_EDGE('',*,*,#6025,.F.);
#6025 = EDGE_CURVE('',#3691,#3773,#6026,.T.);
#6026 = LINE('',#6027,#6028);
#6027 = CARTESIAN_POINT('',(-32.,-28.5,36.));
#6028 = VECTOR('',#6029,1.);
#6029 = DIRECTION('',(0.,0.,1.));
#6030 = PLANE('',#6031);
#6031 = AXIS2_PLACEMENT_3D('',#6032,#6033,#6034);
#6032 = CARTESIAN_POINT('',(-52.,-28.5,36.));
#6033 = DIRECTION('',(0.,1.,0.));
#6034 = DIRECTION('',(0.,0.,1.));
#6035 = ADVANCED_FACE('',(#6036),#6042,.T.);
#6036 = FACE_BOUND('',#6037,.T.);
#6037 = EDGE_LOOP('',(#6038,#6039,#6040,#6041));
#6038 = ORIENTED_EDGE('',*,*,#3755,.F.);
#6039 = ORIENTED_EDGE('',*,*,#3698,.T.);
#6040 = ORIENTED_EDGE('',*,*,#6025,.T.);
#6041 = ORIENTED_EDGE('',*,*,#3772,.F.);
#6042 = PLANE('',#6043);
#6043 = AXIS2_PLACEMENT_3D('',#6044,#6045,#6046);
#6044 = CARTESIAN_POINT('',(-32.,-31.5,36.));
#6045 = DIRECTION('',(1.,0.,0.));
#6046 = DIRECTION('',(0.,0.,1.));
#6047 = ADVANCED_FACE('',(#6048),#6066,.F.);
#6048 = FACE_BOUND('',#6049,.F.);
#6049 = EDGE_LOOP('',(#6050,#6058,#6059,#6060));
#6050 = ORIENTED_EDGE('',*,*,#6051,.F.);
#6051 = EDGE_CURVE('',#6000,#6052,#6054,.T.);
#6052 = VERTEX_POINT('',#6053);
#6053 = CARTESIAN_POINT('',(-28.,-21.5,40.));
#6054 = LINE('',#6055,#6056);
#6055 = CARTESIAN_POINT('',(-52.,-21.5,40.));
#6056 = VECTOR('',#6057,1.);
#6057 = DIRECTION('',(1.,0.,0.));
#6058 = ORIENTED_EDGE('',*,*,#6007,.F.);
#6059 = ORIENTED_EDGE('',*,*,#3796,.T.);
#6060 = ORIENTED_EDGE('',*,*,#6061,.F.);
#6061 = EDGE_CURVE('',#6052,#3797,#6062,.T.);
#6062 = LINE('',#6063,#6064);
#6063 = CARTESIAN_POINT('',(-28.,-21.5,40.));
#6064 = VECTOR('',#6065,1.);
#6065 = DIRECTION('',(0.,0.,1.));
#6066 = PLANE('',#6067);
#6067 = AXIS2_PLACEMENT_3D('',#6068,#6069,#6070);
#6068 = CARTESIAN_POINT('',(-52.,-21.5,40.));
#6069 = DIRECTION('',(0.,1.,0.));
#6070 = DIRECTION('',(0.,0.,1.));
#6071 = ADVANCED_FACE('',(#6072),#6090,.T.);
#6072 = FACE_BOUND('',#6073,.T.);
#6073 = EDGE_LOOP('',(#6074,#6075,#6083,#6089));
#6074 = ORIENTED_EDGE('',*,*,#6061,.F.);
#6075 = ORIENTED_EDGE('',*,*,#6076,.T.);
#6076 = EDGE_CURVE('',#6052,#6077,#6079,.T.);
#6077 = VERTEX_POINT('',#6078);
#6078 = CARTESIAN_POINT('',(-28.,-18.5,40.));
#6079 = LINE('',#6080,#6081);
#6080 = CARTESIAN_POINT('',(-28.,-21.5,40.));
#6081 = VECTOR('',#6082,1.);
#6082 = DIRECTION('',(0.,1.,0.));
#6083 = ORIENTED_EDGE('',*,*,#6084,.T.);
#6084 = EDGE_CURVE('',#6077,#3805,#6085,.T.);
#6085 = LINE('',#6086,#6087);
#6086 = CARTESIAN_POINT('',(-28.,-18.5,40.));
#6087 = VECTOR('',#6088,1.);
#6088 = DIRECTION('',(0.,0.,1.));
#6089 = ORIENTED_EDGE('',*,*,#3804,.F.);
#6090 = PLANE('',#6091);
#6091 = AXIS2_PLACEMENT_3D('',#6092,#6093,#6094);
#6092 = CARTESIAN_POINT('',(-28.,-21.5,40.));
#6093 = DIRECTION('',(1.,0.,0.));
#6094 = DIRECTION('',(0.,0.,1.));
#6095 = ADVANCED_FACE('',(#6096),#6107,.T.);
#6096 = FACE_BOUND('',#6097,.T.);
#6097 = EDGE_LOOP('',(#6098,#6104,#6105,#6106));
#6098 = ORIENTED_EDGE('',*,*,#6099,.F.);
#6099 = EDGE_CURVE('',#5992,#6077,#6100,.T.);
#6100 = LINE('',#6101,#6102);
#6101 = CARTESIAN_POINT('',(-52.,-18.5,40.));
#6102 = VECTOR('',#6103,1.);
#6103 = DIRECTION('',(1.,0.,0.));
#6104 = ORIENTED_EDGE('',*,*,#5991,.F.);
#6105 = ORIENTED_EDGE('',*,*,#3812,.T.);
#6106 = ORIENTED_EDGE('',*,*,#6084,.F.);
#6107 = PLANE('',#6108);
#6108 = AXIS2_PLACEMENT_3D('',#6109,#6110,#6111);
#6109 = CARTESIAN_POINT('',(-52.,-18.5,40.));
#6110 = DIRECTION('',(0.,1.,0.));
#6111 = DIRECTION('',(0.,0.,1.));
#6112 = ADVANCED_FACE('',(#6113),#6135,.T.);
#6113 = FACE_BOUND('',#6114,.T.);
#6114 = EDGE_LOOP('',(#6115,#6116,#6117,#6126,#6133,#6134));
#6115 = ORIENTED_EDGE('',*,*,#3828,.F.);
#6116 = ORIENTED_EDGE('',*,*,#5984,.F.);
#6117 = ORIENTED_EDGE('',*,*,#6118,.T.);
#6118 = EDGE_CURVE('',#5977,#6119,#6121,.T.);
#6119 = VERTEX_POINT('',#6120);
#6120 = CARTESIAN_POINT('',(-31.7,-11.25,38.));
#6121 = CIRCLE('',#6122,2.3);
#6122 = AXIS2_PLACEMENT_3D('',#6123,#6124,#6125);
#6123 = CARTESIAN_POINT('',(-34.,-11.25,38.));
#6124 = DIRECTION('',(0.,0.,1.));
#6125 = DIRECTION('',(1.,0.,0.));
#6126 = ORIENTED_EDGE('',*,*,#6127,.T.);
#6127 = EDGE_CURVE('',#6119,#5881,#6128,.T.);
#6128 = CIRCLE('',#6129,2.3);
#6129 = AXIS2_PLACEMENT_3D('',#6130,#6131,#6132);
#6130 = CARTESIAN_POINT('',(-34.,-11.25,38.));
#6131 = DIRECTION('',(0.,0.,1.));
#6132 = DIRECTION('',(1.,0.,0.));
#6133 = ORIENTED_EDGE('',*,*,#5888,.T.);
#6134 = ORIENTED_EDGE('',*,*,#3837,.F.);
#6135 = CYLINDRICAL_SURFACE('',#6136,2.3);
#6136 = AXIS2_PLACEMENT_3D('',#6137,#6138,#6139);
#6137 = CARTESIAN_POINT('',(-34.,-11.25,38.));
#6138 = DIRECTION('',(0.,0.,1.));
#6139 = DIRECTION('',(1.,0.,0.));
#6140 = ADVANCED_FACE('',(#6141),#6161,.F.);
#6141 = FACE_BOUND('',#6142,.F.);
#6142 = EDGE_LOOP('',(#6143,#6144,#6145,#6146));
#6143 = ORIENTED_EDGE('',*,*,#3965,.F.);
#6144 = ORIENTED_EDGE('',*,*,#4054,.F.);
#6145 = ORIENTED_EDGE('',*,*,#3869,.T.);
#6146 = ORIENTED_EDGE('',*,*,#6147,.F.);
#6147 = EDGE_CURVE('',#3966,#3870,#6148,.T.);
#6148 = B_SPLINE_CURVE_WITH_KNOTS('',6,(#6149,#6150,#6151,#6152,#6153,
    #6154,#6155,#6156,#6157,#6158,#6159,#6160),.UNSPECIFIED.,.F.,.F.,(7,
    5,7),(0.,0.439719778552,1.),.UNSPECIFIED.);
#6149 = CARTESIAN_POINT('',(-35.88190618844,-21.5,39.9));
#6150 = CARTESIAN_POINT('',(-35.93676709396,-21.5,40.013277813449));
#6151 = CARTESIAN_POINT('',(-35.99733622684,-21.5,40.123620857296));
#6152 = CARTESIAN_POINT('',(-36.0636317167,-21.5,40.230558680355));
#6153 = CARTESIAN_POINT('',(-36.13561235622,-21.5,40.333590026058));
#6154 = CARTESIAN_POINT('',(-36.21316234587,-21.5,40.432194687518));
#6155 = CARTESIAN_POINT('',(-36.40172264421,-21.5,40.645172769578));
#6156 = CARTESIAN_POINT('',(-36.51609253533,-21.5,40.756475031848));
#6157 = CARTESIAN_POINT('',(-36.63874105334,-21.5,40.858631655657));
#6158 = CARTESIAN_POINT('',(-36.76901337743,-21.5,40.950574914262));
#6159 = CARTESIAN_POINT('',(-36.90603505794,-21.5,41.031306813862));
#6160 = CARTESIAN_POINT('',(-37.04865711769,-21.5,41.1));
#6161 = TOROIDAL_SURFACE('',#6162,6.,2.45);
#6162 = AXIS2_PLACEMENT_3D('',#6163,#6164,#6165);
#6163 = CARTESIAN_POINT('',(-38.,-25.5,33.875702269357));
#6164 = DIRECTION('',(-1.,0.,0.));
#6165 = DIRECTION('',(0.,0.375,0.927024810887));
#6166 = ADVANCED_FACE('',(#6167),#6173,.F.);
#6167 = FACE_BOUND('',#6168,.F.);
#6168 = EDGE_LOOP('',(#6169,#6170,#6171,#6172));
#6169 = ORIENTED_EDGE('',*,*,#4012,.F.);
#6170 = ORIENTED_EDGE('',*,*,#6147,.T.);
#6171 = ORIENTED_EDGE('',*,*,#3906,.T.);
#6172 = ORIENTED_EDGE('',*,*,#5897,.T.);
#6173 = PLANE('',#6174);
#6174 = AXIS2_PLACEMENT_3D('',#6175,#6176,#6177);
#6175 = CARTESIAN_POINT('',(-52.,-21.5,40.));
#6176 = DIRECTION('',(0.,1.,0.));
#6177 = DIRECTION('',(0.,0.,1.));
#6178 = ADVANCED_FACE('',(#6179),#6205,.F.);
#6179 = FACE_BOUND('',#6180,.F.);
#6180 = EDGE_LOOP('',(#6181,#6188,#6189,#6194,#6195,#6196,#6197,#6204));
#6181 = ORIENTED_EDGE('',*,*,#6182,.T.);
#6182 = EDGE_CURVE('',#5931,#5939,#6183,.T.);
#6183 = CIRCLE('',#6184,0.5);
#6184 = AXIS2_PLACEMENT_3D('',#6185,#6186,#6187);
#6185 = CARTESIAN_POINT('',(-34.,-11.25,37.8));
#6186 = DIRECTION('',(0.,0.,1.));
#6187 = DIRECTION('',(1.,0.,0.));
#6188 = ORIENTED_EDGE('',*,*,#5946,.T.);
#6189 = ORIENTED_EDGE('',*,*,#6190,.T.);
#6190 = EDGE_CURVE('',#5947,#3925,#6191,.T.);
#6191 = B_SPLINE_CURVE_WITH_KNOTS('',1,(#6192,#6193),.UNSPECIFIED.,.F.,
  .F.,(2,2),(0.2,3.2),.PIECEWISE_BEZIER_KNOTS.);
#6192 = CARTESIAN_POINT('',(-33.5,-11.25,38.));
#6193 = CARTESIAN_POINT('',(-33.5,-11.25,41.));
#6194 = ORIENTED_EDGE('',*,*,#3922,.F.);
#6195 = ORIENTED_EDGE('',*,*,#3933,.F.);
#6196 = ORIENTED_EDGE('',*,*,#6190,.F.);
#6197 = ORIENTED_EDGE('',*,*,#6198,.T.);
#6198 = EDGE_CURVE('',#5947,#5923,#6199,.T.);
#6199 = CIRCLE('',#6200,0.5);
#6200 = AXIS2_PLACEMENT_3D('',#6201,#6202,#6203);
#6201 = CARTESIAN_POINT('',(-34.,-11.25,38.));
#6202 = DIRECTION('',(0.,0.,1.));
#6203 = DIRECTION('',(1.,0.,0.));
#6204 = ORIENTED_EDGE('',*,*,#5930,.F.);
#6205 = CYLINDRICAL_SURFACE('',#6206,0.5);
#6206 = AXIS2_PLACEMENT_3D('',#6207,#6208,#6209);
#6207 = CARTESIAN_POINT('',(-34.,-11.25,37.8));
#6208 = DIRECTION('',(0.,0.,1.));
#6209 = DIRECTION('',(1.,0.,0.));
#6210 = ADVANCED_FACE('',(#6211),#6230,.F.);
#6211 = FACE_BOUND('',#6212,.F.);
#6212 = EDGE_LOOP('',(#6213,#6221,#6228,#6229));
#6213 = ORIENTED_EDGE('',*,*,#6214,.T.);
#6214 = EDGE_CURVE('',#4081,#6215,#6217,.T.);
#6215 = VERTEX_POINT('',#6216);
#6216 = CARTESIAN_POINT('',(45.3,-36.,11.5));
#6217 = LINE('',#6218,#6219);
#6218 = CARTESIAN_POINT('',(45.3,-36.,-0.1));
#6219 = VECTOR('',#6220,1.);
#6220 = DIRECTION('',(0.,0.,1.));
#6221 = ORIENTED_EDGE('',*,*,#6222,.F.);
#6222 = EDGE_CURVE('',#6215,#6215,#6223,.T.);
#6223 = CIRCLE('',#6224,1.3);
#6224 = AXIS2_PLACEMENT_3D('',#6225,#6226,#6227);
#6225 = CARTESIAN_POINT('',(44.,-36.,11.5));
#6226 = DIRECTION('',(0.,0.,1.));
#6227 = DIRECTION('',(1.,0.,0.));
#6228 = ORIENTED_EDGE('',*,*,#6214,.F.);
#6229 = ORIENTED_EDGE('',*,*,#4080,.T.);
#6230 = CYLINDRICAL_SURFACE('',#6231,1.3);
#6231 = AXIS2_PLACEMENT_3D('',#6232,#6233,#6234);
#6232 = CARTESIAN_POINT('',(44.,-36.,-0.1));
#6233 = DIRECTION('',(0.,0.,1.));
#6234 = DIRECTION('',(1.,0.,0.));
#6235 = ADVANCED_FACE('',(#6236),#6261,.T.);
#6236 = FACE_BOUND('',#6237,.T.);
#6237 = EDGE_LOOP('',(#6238,#6246,#6247,#6255));
#6238 = ORIENTED_EDGE('',*,*,#6239,.F.);
#6239 = EDGE_CURVE('',#4098,#6240,#6242,.T.);
#6240 = VERTEX_POINT('',#6241);
#6241 = CARTESIAN_POINT('',(3.620190528383,-8.729646071761,2.));
#6242 = LINE('',#6243,#6244);
#6243 = CARTESIAN_POINT('',(3.620190528383,-8.729646071761,1.));
#6244 = VECTOR('',#6245,1.);
#6245 = DIRECTION('',(0.,0.,1.));
#6246 = ORIENTED_EDGE('',*,*,#4097,.T.);
#6247 = ORIENTED_EDGE('',*,*,#6248,.T.);
#6248 = EDGE_CURVE('',#4100,#6249,#6251,.T.);
#6249 = VERTEX_POINT('',#6250);
#6250 = CARTESIAN_POINT('',(9.370190528383,1.229646071761,2.));
#6251 = LINE('',#6252,#6253);
#6252 = CARTESIAN_POINT('',(9.370190528383,1.229646071761,1.));
#6253 = VECTOR('',#6254,1.);
#6254 = DIRECTION('',(0.,0.,1.));
#6255 = ORIENTED_EDGE('',*,*,#6256,.F.);
#6256 = EDGE_CURVE('',#6240,#6249,#6257,.T.);
#6257 = LINE('',#6258,#6259);
#6258 = CARTESIAN_POINT('',(3.620190528383,-8.729646071761,2.));
#6259 = VECTOR('',#6260,1.);
#6260 = DIRECTION('',(0.5,0.866025403784,0.));
#6261 = PLANE('',#6262);
#6262 = AXIS2_PLACEMENT_3D('',#6263,#6264,#6265);
#6263 = CARTESIAN_POINT('',(3.620190528383,-8.729646071761,1.));
#6264 = DIRECTION('',(0.866025403784,-0.5,0.));
#6265 = DIRECTION('',(0.,0.,1.));
#6266 = ADVANCED_FACE('',(#6267),#6285,.F.);
#6267 = FACE_BOUND('',#6268,.F.);
#6268 = EDGE_LOOP('',(#6269,#6270,#6271,#6279));
#6269 = ORIENTED_EDGE('',*,*,#4123,.F.);
#6270 = ORIENTED_EDGE('',*,*,#6248,.T.);
#6271 = ORIENTED_EDGE('',*,*,#6272,.T.);
#6272 = EDGE_CURVE('',#6249,#6273,#6275,.T.);
#6273 = VERTEX_POINT('',#6274);
#6274 = CARTESIAN_POINT('',(12.834292143521,-0.770353928239,2.));
#6275 = LINE('',#6276,#6277);
#6276 = CARTESIAN_POINT('',(9.370190528383,1.229646071761,2.));
#6277 = VECTOR('',#6278,1.);
#6278 = DIRECTION('',(0.866025403784,-0.5,0.));
#6279 = ORIENTED_EDGE('',*,*,#6280,.F.);
#6280 = EDGE_CURVE('',#4116,#6273,#6281,.T.);
#6281 = LINE('',#6282,#6283);
#6282 = CARTESIAN_POINT('',(12.834292143521,-0.770353928239,1.));
#6283 = VECTOR('',#6284,1.);
#6284 = DIRECTION('',(0.,0.,1.));
#6285 = PLANE('',#6286);
#6286 = AXIS2_PLACEMENT_3D('',#6287,#6288,#6289);
#6287 = CARTESIAN_POINT('',(9.370190528383,1.229646071761,1.));
#6288 = DIRECTION('',(0.5,0.866025403784,0.));
#6289 = DIRECTION('',(0.,0.,1.));
#6290 = ADVANCED_FACE('',(#6291),#6309,.T.);
#6291 = FACE_BOUND('',#6292,.T.);
#6292 = EDGE_LOOP('',(#6293,#6294,#6295,#6303));
#6293 = ORIENTED_EDGE('',*,*,#4107,.F.);
#6294 = ORIENTED_EDGE('',*,*,#6239,.T.);
#6295 = ORIENTED_EDGE('',*,*,#6296,.T.);
#6296 = EDGE_CURVE('',#6240,#6297,#6299,.T.);
#6297 = VERTEX_POINT('',#6298);
#6298 = CARTESIAN_POINT('',(7.084292143521,-10.72964607176,2.));
#6299 = LINE('',#6300,#6301);
#6300 = CARTESIAN_POINT('',(3.620190528383,-8.729646071761,2.));
#6301 = VECTOR('',#6302,1.);
#6302 = DIRECTION('',(0.866025403784,-0.5,0.));
#6303 = ORIENTED_EDGE('',*,*,#6304,.F.);
#6304 = EDGE_CURVE('',#4108,#6297,#6305,.T.);
#6305 = LINE('',#6306,#6307);
#6306 = CARTESIAN_POINT('',(7.084292143521,-10.72964607176,1.));
#6307 = VECTOR('',#6308,1.);
#6308 = DIRECTION('',(0.,0.,1.));
#6309 = PLANE('',#6310);
#6310 = AXIS2_PLACEMENT_3D('',#6311,#6312,#6313);
#6311 = CARTESIAN_POINT('',(3.620190528383,-8.729646071761,1.));
#6312 = DIRECTION('',(0.5,0.866025403784,0.));
#6313 = DIRECTION('',(0.,0.,1.));
#6314 = ADVANCED_FACE('',(#6315),#6326,.F.);
#6315 = FACE_BOUND('',#6316,.F.);
#6316 = EDGE_LOOP('',(#6317,#6318,#6319,#6320));
#6317 = ORIENTED_EDGE('',*,*,#6304,.F.);
#6318 = ORIENTED_EDGE('',*,*,#4115,.T.);
#6319 = ORIENTED_EDGE('',*,*,#6280,.T.);
#6320 = ORIENTED_EDGE('',*,*,#6321,.F.);
#6321 = EDGE_CURVE('',#6297,#6273,#6322,.T.);
#6322 = LINE('',#6323,#6324);
#6323 = CARTESIAN_POINT('',(7.084292143521,-10.72964607176,2.));
#6324 = VECTOR('',#6325,1.);
#6325 = DIRECTION('',(0.5,0.866025403784,0.));
#6326 = PLANE('',#6327);
#6327 = AXIS2_PLACEMENT_3D('',#6328,#6329,#6330);
#6328 = CARTESIAN_POINT('',(7.084292143521,-10.72964607176,1.));
#6329 = DIRECTION('',(0.866025403784,-0.5,0.));
#6330 = DIRECTION('',(0.,0.,1.));
#6331 = ADVANCED_FACE('',(#6332),#6351,.F.);
#6332 = FACE_BOUND('',#6333,.F.);
#6333 = EDGE_LOOP('',(#6334,#6342,#6349,#6350));
#6334 = ORIENTED_EDGE('',*,*,#6335,.T.);
#6335 = EDGE_CURVE('',#4147,#6336,#6338,.T.);
#6336 = VERTEX_POINT('',#6337);
#6337 = CARTESIAN_POINT('',(-42.7,-36.,11.5));
#6338 = LINE('',#6339,#6340);
#6339 = CARTESIAN_POINT('',(-42.7,-36.,-0.1));
#6340 = VECTOR('',#6341,1.);
#6341 = DIRECTION('',(0.,0.,1.));
#6342 = ORIENTED_EDGE('',*,*,#6343,.F.);
#6343 = EDGE_CURVE('',#6336,#6336,#6344,.T.);
#6344 = CIRCLE('',#6345,1.3);
#6345 = AXIS2_PLACEMENT_3D('',#6346,#6347,#6348);
#6346 = CARTESIAN_POINT('',(-44.,-36.,11.5));
#6347 = DIRECTION('',(0.,0.,1.));
#6348 = DIRECTION('',(1.,0.,0.));
#6349 = ORIENTED_EDGE('',*,*,#6335,.F.);
#6350 = ORIENTED_EDGE('',*,*,#4146,.T.);
#6351 = CYLINDRICAL_SURFACE('',#6352,1.3);
#6352 = AXIS2_PLACEMENT_3D('',#6353,#6354,#6355);
#6353 = CARTESIAN_POINT('',(-44.,-36.,-0.1));
#6354 = DIRECTION('',(0.,0.,1.));
#6355 = DIRECTION('',(1.,0.,0.));
#6356 = ADVANCED_FACE('',(#6357),#6382,.T.);
#6357 = FACE_BOUND('',#6358,.T.);
#6358 = EDGE_LOOP('',(#6359,#6367,#6368,#6376));
#6359 = ORIENTED_EDGE('',*,*,#6360,.F.);
#6360 = EDGE_CURVE('',#4164,#6361,#6363,.T.);
#6361 = VERTEX_POINT('',#6362);
#6362 = CARTESIAN_POINT('',(-7.084292143521,-10.72964607176,2.));
#6363 = LINE('',#6364,#6365);
#6364 = CARTESIAN_POINT('',(-7.084292143521,-10.72964607176,1.));
#6365 = VECTOR('',#6366,1.);
#6366 = DIRECTION('',(0.,0.,1.));
#6367 = ORIENTED_EDGE('',*,*,#4163,.T.);
#6368 = ORIENTED_EDGE('',*,*,#6369,.T.);
#6369 = EDGE_CURVE('',#4166,#6370,#6372,.T.);
#6370 = VERTEX_POINT('',#6371);
#6371 = CARTESIAN_POINT('',(-12.83429214352,-0.770353928239,2.));
#6372 = LINE('',#6373,#6374);
#6373 = CARTESIAN_POINT('',(-12.83429214352,-0.770353928239,1.));
#6374 = VECTOR('',#6375,1.);
#6375 = DIRECTION('',(0.,0.,1.));
#6376 = ORIENTED_EDGE('',*,*,#6377,.F.);
#6377 = EDGE_CURVE('',#6361,#6370,#6378,.T.);
#6378 = LINE('',#6379,#6380);
#6379 = CARTESIAN_POINT('',(-7.084292143521,-10.72964607176,2.));
#6380 = VECTOR('',#6381,1.);
#6381 = DIRECTION('',(-0.5,0.866025403784,0.));
#6382 = PLANE('',#6383);
#6383 = AXIS2_PLACEMENT_3D('',#6384,#6385,#6386);
#6384 = CARTESIAN_POINT('',(-7.084292143521,-10.72964607176,1.));
#6385 = DIRECTION('',(0.866025403784,0.5,0.));
#6386 = DIRECTION('',(0.,0.,1.));
#6387 = ADVANCED_FACE('',(#6388),#6406,.F.);
#6388 = FACE_BOUND('',#6389,.F.);
#6389 = EDGE_LOOP('',(#6390,#6391,#6392,#6400));
#6390 = ORIENTED_EDGE('',*,*,#4189,.F.);
#6391 = ORIENTED_EDGE('',*,*,#6369,.T.);
#6392 = ORIENTED_EDGE('',*,*,#6393,.T.);
#6393 = EDGE_CURVE('',#6370,#6394,#6396,.T.);
#6394 = VERTEX_POINT('',#6395);
#6395 = CARTESIAN_POINT('',(-9.370190528383,1.229646071761,2.));
#6396 = LINE('',#6397,#6398);
#6397 = CARTESIAN_POINT('',(-12.83429214352,-0.770353928239,2.));
#6398 = VECTOR('',#6399,1.);
#6399 = DIRECTION('',(0.866025403784,0.5,0.));
#6400 = ORIENTED_EDGE('',*,*,#6401,.F.);
#6401 = EDGE_CURVE('',#4182,#6394,#6402,.T.);
#6402 = LINE('',#6403,#6404);
#6403 = CARTESIAN_POINT('',(-9.370190528383,1.229646071761,1.));
#6404 = VECTOR('',#6405,1.);
#6405 = DIRECTION('',(0.,0.,1.));
#6406 = PLANE('',#6407);
#6407 = AXIS2_PLACEMENT_3D('',#6408,#6409,#6410);
#6408 = CARTESIAN_POINT('',(-12.83429214352,-0.770353928239,1.));
#6409 = DIRECTION('',(-0.5,0.866025403784,0.));
#6410 = DIRECTION('',(0.,0.,1.));
#6411 = ADVANCED_FACE('',(#6412),#6430,.T.);
#6412 = FACE_BOUND('',#6413,.T.);
#6413 = EDGE_LOOP('',(#6414,#6415,#6416,#6424));
#6414 = ORIENTED_EDGE('',*,*,#4173,.F.);
#6415 = ORIENTED_EDGE('',*,*,#6360,.T.);
#6416 = ORIENTED_EDGE('',*,*,#6417,.T.);
#6417 = EDGE_CURVE('',#6361,#6418,#6420,.T.);
#6418 = VERTEX_POINT('',#6419);
#6419 = CARTESIAN_POINT('',(-3.620190528383,-8.729646071761,2.));
#6420 = LINE('',#6421,#6422);
#6421 = CARTESIAN_POINT('',(-7.084292143521,-10.72964607176,2.));
#6422 = VECTOR('',#6423,1.);
#6423 = DIRECTION('',(0.866025403784,0.5,0.));
#6424 = ORIENTED_EDGE('',*,*,#6425,.F.);
#6425 = EDGE_CURVE('',#4174,#6418,#6426,.T.);
#6426 = LINE('',#6427,#6428);
#6427 = CARTESIAN_POINT('',(-3.620190528383,-8.729646071761,1.));
#6428 = VECTOR('',#6429,1.);
#6429 = DIRECTION('',(0.,0.,1.));
#6430 = PLANE('',#6431);
#6431 = AXIS2_PLACEMENT_3D('',#6432,#6433,#6434);
#6432 = CARTESIAN_POINT('',(-7.084292143521,-10.72964607176,1.));
#6433 = DIRECTION('',(-0.5,0.866025403784,0.));
#6434 = DIRECTION('',(0.,0.,1.));
#6435 = ADVANCED_FACE('',(#6436),#6447,.F.);
#6436 = FACE_BOUND('',#6437,.F.);
#6437 = EDGE_LOOP('',(#6438,#6439,#6440,#6441));
#6438 = ORIENTED_EDGE('',*,*,#6425,.F.);
#6439 = ORIENTED_EDGE('',*,*,#4181,.T.);
#6440 = ORIENTED_EDGE('',*,*,#6401,.T.);
#6441 = ORIENTED_EDGE('',*,*,#6442,.F.);
#6442 = EDGE_CURVE('',#6418,#6394,#6443,.T.);
#6443 = LINE('',#6444,#6445);
#6444 = CARTESIAN_POINT('',(-3.620190528383,-8.729646071761,2.));
#6445 = VECTOR('',#6446,1.);
#6446 = DIRECTION('',(-0.5,0.866025403784,0.));
#6447 = PLANE('',#6448);
#6448 = AXIS2_PLACEMENT_3D('',#6449,#6450,#6451);
#6449 = CARTESIAN_POINT('',(-3.620190528383,-8.729646071761,1.));
#6450 = DIRECTION('',(0.866025403784,0.5,0.));
#6451 = DIRECTION('',(0.,0.,1.));
#6452 = ADVANCED_FACE('',(#6453),#6472,.F.);
#6453 = FACE_BOUND('',#6454,.F.);
#6454 = EDGE_LOOP('',(#6455,#6463,#6470,#6471));
#6455 = ORIENTED_EDGE('',*,*,#6456,.T.);
#6456 = EDGE_CURVE('',#4213,#6457,#6459,.T.);
#6457 = VERTEX_POINT('',#6458);
#6458 = CARTESIAN_POINT('',(45.3,36.,11.5));
#6459 = LINE('',#6460,#6461);
#6460 = CARTESIAN_POINT('',(45.3,36.,-0.1));
#6461 = VECTOR('',#6462,1.);
#6462 = DIRECTION('',(0.,0.,1.));
#6463 = ORIENTED_EDGE('',*,*,#6464,.F.);
#6464 = EDGE_CURVE('',#6457,#6457,#6465,.T.);
#6465 = CIRCLE('',#6466,1.3);
#6466 = AXIS2_PLACEMENT_3D('',#6467,#6468,#6469);
#6467 = CARTESIAN_POINT('',(44.,36.,11.5));
#6468 = DIRECTION('',(0.,0.,1.));
#6469 = DIRECTION('',(1.,0.,0.));
#6470 = ORIENTED_EDGE('',*,*,#6456,.F.);
#6471 = ORIENTED_EDGE('',*,*,#4212,.T.);
#6472 = CYLINDRICAL_SURFACE('',#6473,1.3);
#6473 = AXIS2_PLACEMENT_3D('',#6474,#6475,#6476);
#6474 = CARTESIAN_POINT('',(44.,36.,-0.1));
#6475 = DIRECTION('',(0.,0.,1.));
#6476 = DIRECTION('',(1.,0.,0.));
#6477 = ADVANCED_FACE('',(#6478),#6503,.T.);
#6478 = FACE_BOUND('',#6479,.T.);
#6479 = EDGE_LOOP('',(#6480,#6488,#6489,#6497));
#6480 = ORIENTED_EDGE('',*,*,#6481,.F.);
#6481 = EDGE_CURVE('',#4230,#6482,#6484,.T.);
#6482 = VERTEX_POINT('',#6483);
#6483 = CARTESIAN_POINT('',(-2.,5.35,2.));
#6484 = LINE('',#6485,#6486);
#6485 = CARTESIAN_POINT('',(-2.,5.35,1.));
#6486 = VECTOR('',#6487,1.);
#6487 = DIRECTION('',(0.,0.,1.));
#6488 = ORIENTED_EDGE('',*,*,#4229,.T.);
#6489 = ORIENTED_EDGE('',*,*,#6490,.T.);
#6490 = EDGE_CURVE('',#4232,#6491,#6493,.T.);
#6491 = VERTEX_POINT('',#6492);
#6492 = CARTESIAN_POINT('',(-2.,16.85,2.));
#6493 = LINE('',#6494,#6495);
#6494 = CARTESIAN_POINT('',(-2.,16.85,1.));
#6495 = VECTOR('',#6496,1.);
#6496 = DIRECTION('',(0.,0.,1.));
#6497 = ORIENTED_EDGE('',*,*,#6498,.F.);
#6498 = EDGE_CURVE('',#6482,#6491,#6499,.T.);
#6499 = LINE('',#6500,#6501);
#6500 = CARTESIAN_POINT('',(-2.,5.35,2.));
#6501 = VECTOR('',#6502,1.);
#6502 = DIRECTION('',(0.,1.,0.));
#6503 = PLANE('',#6504);
#6504 = AXIS2_PLACEMENT_3D('',#6505,#6506,#6507);
#6505 = CARTESIAN_POINT('',(-2.,5.35,1.));
#6506 = DIRECTION('',(1.,0.,0.));
#6507 = DIRECTION('',(0.,0.,1.));
#6508 = ADVANCED_FACE('',(#6509),#6527,.F.);
#6509 = FACE_BOUND('',#6510,.F.);
#6510 = EDGE_LOOP('',(#6511,#6512,#6513,#6521));
#6511 = ORIENTED_EDGE('',*,*,#4255,.F.);
#6512 = ORIENTED_EDGE('',*,*,#6490,.T.);
#6513 = ORIENTED_EDGE('',*,*,#6514,.T.);
#6514 = EDGE_CURVE('',#6491,#6515,#6517,.T.);
#6515 = VERTEX_POINT('',#6516);
#6516 = CARTESIAN_POINT('',(2.,16.85,2.));
#6517 = LINE('',#6518,#6519);
#6518 = CARTESIAN_POINT('',(-2.,16.85,2.));
#6519 = VECTOR('',#6520,1.);
#6520 = DIRECTION('',(1.,0.,0.));
#6521 = ORIENTED_EDGE('',*,*,#6522,.F.);
#6522 = EDGE_CURVE('',#4248,#6515,#6523,.T.);
#6523 = LINE('',#6524,#6525);
#6524 = CARTESIAN_POINT('',(2.,16.85,1.));
#6525 = VECTOR('',#6526,1.);
#6526 = DIRECTION('',(0.,0.,1.));
#6527 = PLANE('',#6528);
#6528 = AXIS2_PLACEMENT_3D('',#6529,#6530,#6531);
#6529 = CARTESIAN_POINT('',(-2.,16.85,1.));
#6530 = DIRECTION('',(0.,1.,0.));
#6531 = DIRECTION('',(0.,0.,1.));
#6532 = ADVANCED_FACE('',(#6533),#6551,.T.);
#6533 = FACE_BOUND('',#6534,.T.);
#6534 = EDGE_LOOP('',(#6535,#6536,#6537,#6545));
#6535 = ORIENTED_EDGE('',*,*,#4239,.F.);
#6536 = ORIENTED_EDGE('',*,*,#6481,.T.);
#6537 = ORIENTED_EDGE('',*,*,#6538,.T.);
#6538 = EDGE_CURVE('',#6482,#6539,#6541,.T.);
#6539 = VERTEX_POINT('',#6540);
#6540 = CARTESIAN_POINT('',(2.,5.35,2.));
#6541 = LINE('',#6542,#6543);
#6542 = CARTESIAN_POINT('',(-2.,5.35,2.));
#6543 = VECTOR('',#6544,1.);
#6544 = DIRECTION('',(1.,0.,0.));
#6545 = ORIENTED_EDGE('',*,*,#6546,.F.);
#6546 = EDGE_CURVE('',#4240,#6539,#6547,.T.);
#6547 = LINE('',#6548,#6549);
#6548 = CARTESIAN_POINT('',(2.,5.35,1.));
#6549 = VECTOR('',#6550,1.);
#6550 = DIRECTION('',(0.,0.,1.));
#6551 = PLANE('',#6552);
#6552 = AXIS2_PLACEMENT_3D('',#6553,#6554,#6555);
#6553 = CARTESIAN_POINT('',(-2.,5.35,1.));
#6554 = DIRECTION('',(0.,1.,0.));
#6555 = DIRECTION('',(0.,0.,1.));
#6556 = ADVANCED_FACE('',(#6557),#6568,.F.);
#6557 = FACE_BOUND('',#6558,.F.);
#6558 = EDGE_LOOP('',(#6559,#6560,#6561,#6562));
#6559 = ORIENTED_EDGE('',*,*,#6546,.F.);
#6560 = ORIENTED_EDGE('',*,*,#4247,.T.);
#6561 = ORIENTED_EDGE('',*,*,#6522,.T.);
#6562 = ORIENTED_EDGE('',*,*,#6563,.F.);
#6563 = EDGE_CURVE('',#6539,#6515,#6564,.T.);
#6564 = LINE('',#6565,#6566);
#6565 = CARTESIAN_POINT('',(2.,5.35,2.));
#6566 = VECTOR('',#6567,1.);
#6567 = DIRECTION('',(0.,1.,0.));
#6568 = PLANE('',#6569);
#6569 = AXIS2_PLACEMENT_3D('',#6570,#6571,#6572);
#6570 = CARTESIAN_POINT('',(2.,5.35,1.));
#6571 = DIRECTION('',(1.,0.,0.));
#6572 = DIRECTION('',(0.,0.,1.));
#6573 = ADVANCED_FACE('',(#6574),#6593,.F.);
#6574 = FACE_BOUND('',#6575,.F.);
#6575 = EDGE_LOOP('',(#6576,#6584,#6591,#6592));
#6576 = ORIENTED_EDGE('',*,*,#6577,.T.);
#6577 = EDGE_CURVE('',#4279,#6578,#6580,.T.);
#6578 = VERTEX_POINT('',#6579);
#6579 = CARTESIAN_POINT('',(-42.7,36.,11.5));
#6580 = LINE('',#6581,#6582);
#6581 = CARTESIAN_POINT('',(-42.7,36.,-0.1));
#6582 = VECTOR('',#6583,1.);
#6583 = DIRECTION('',(0.,0.,1.));
#6584 = ORIENTED_EDGE('',*,*,#6585,.F.);
#6585 = EDGE_CURVE('',#6578,#6578,#6586,.T.);
#6586 = CIRCLE('',#6587,1.3);
#6587 = AXIS2_PLACEMENT_3D('',#6588,#6589,#6590);
#6588 = CARTESIAN_POINT('',(-44.,36.,11.5));
#6589 = DIRECTION('',(0.,0.,1.));
#6590 = DIRECTION('',(1.,0.,0.));
#6591 = ORIENTED_EDGE('',*,*,#6577,.F.);
#6592 = ORIENTED_EDGE('',*,*,#4278,.T.);
#6593 = CYLINDRICAL_SURFACE('',#6594,1.3);
#6594 = AXIS2_PLACEMENT_3D('',#6595,#6596,#6597);
#6595 = CARTESIAN_POINT('',(-44.,36.,-0.1));
#6596 = DIRECTION('',(0.,0.,1.));
#6597 = DIRECTION('',(1.,0.,0.));
#6598 = ADVANCED_FACE('',(#6599,#6602),#6605,.T.);
#6599 = FACE_BOUND('',#6600,.T.);
#6600 = EDGE_LOOP('',(#6601));
#6601 = ORIENTED_EDGE('',*,*,#4363,.T.);
#6602 = FACE_BOUND('',#6603,.T.);
#6603 = EDGE_LOOP('',(#6604));
#6604 = ORIENTED_EDGE('',*,*,#6222,.F.);
#6605 = PLANE('',#6606);
#6606 = AXIS2_PLACEMENT_3D('',#6607,#6608,#6609);
#6607 = CARTESIAN_POINT('',(44.,-36.,11.5));
#6608 = DIRECTION('',(0.,0.,1.));
#6609 = DIRECTION('',(1.,0.,0.));
#6610 = ADVANCED_FACE('',(#6611,#6617),#6623,.F.);
#6611 = FACE_BOUND('',#6612,.F.);
#6612 = EDGE_LOOP('',(#6613,#6614,#6615,#6616));
#6613 = ORIENTED_EDGE('',*,*,#6256,.F.);
#6614 = ORIENTED_EDGE('',*,*,#6296,.T.);
#6615 = ORIENTED_EDGE('',*,*,#6321,.T.);
#6616 = ORIENTED_EDGE('',*,*,#6272,.F.);
#6617 = FACE_BOUND('',#6618,.F.);
#6618 = EDGE_LOOP('',(#6619,#6620,#6621,#6622));
#6619 = ORIENTED_EDGE('',*,*,#4427,.F.);
#6620 = ORIENTED_EDGE('',*,*,#4396,.T.);
#6621 = ORIENTED_EDGE('',*,*,#4451,.T.);
#6622 = ORIENTED_EDGE('',*,*,#4468,.F.);
#6623 = PLANE('',#6624);
#6624 = AXIS2_PLACEMENT_3D('',#6625,#6626,#6627);
#6625 = CARTESIAN_POINT('',(3.620190528383,-8.729646071761,2.));
#6626 = DIRECTION('',(0.,0.,1.));
#6627 = DIRECTION('',(0.866025403784,-0.5,0.));
#6628 = ADVANCED_FACE('',(#6629,#6632),#6635,.T.);
#6629 = FACE_BOUND('',#6630,.T.);
#6630 = EDGE_LOOP('',(#6631));
#6631 = ORIENTED_EDGE('',*,*,#4484,.T.);
#6632 = FACE_BOUND('',#6633,.T.);
#6633 = EDGE_LOOP('',(#6634));
#6634 = ORIENTED_EDGE('',*,*,#6343,.F.);
#6635 = PLANE('',#6636);
#6636 = AXIS2_PLACEMENT_3D('',#6637,#6638,#6639);
#6637 = CARTESIAN_POINT('',(-44.,-36.,11.5));
#6638 = DIRECTION('',(0.,0.,1.));
#6639 = DIRECTION('',(1.,0.,0.));
#6640 = ADVANCED_FACE('',(#6641,#6652),#6655,.F.);
#6641 = FACE_BOUND('',#6642,.F.);
#6642 = EDGE_LOOP('',(#6643));
#6643 = ORIENTED_EDGE('',*,*,#6644,.T.);
#6644 = EDGE_CURVE('',#6645,#6645,#6647,.T.);
#6645 = VERTEX_POINT('',#6646);
#6646 = CARTESIAN_POINT('',(-35.9,-28.,4.));
#6647 = CIRCLE('',#6648,1.1);
#6648 = AXIS2_PLACEMENT_3D('',#6649,#6650,#6651);
#6649 = CARTESIAN_POINT('',(-37.,-28.,4.));
#6650 = DIRECTION('',(0.,0.,1.));
#6651 = DIRECTION('',(1.,0.,0.));
#6652 = FACE_BOUND('',#6653,.F.);
#6653 = EDGE_LOOP('',(#6654));
#6654 = ORIENTED_EDGE('',*,*,#4509,.F.);
#6655 = PLANE('',#6656);
#6656 = AXIS2_PLACEMENT_3D('',#6657,#6658,#6659);
#6657 = CARTESIAN_POINT('',(-37.,-28.,4.));
#6658 = DIRECTION('',(0.,0.,1.));
#6659 = DIRECTION('',(1.,0.,0.));
#6660 = ADVANCED_FACE('',(#6661,#6672),#6675,.F.);
#6661 = FACE_BOUND('',#6662,.F.);
#6662 = EDGE_LOOP('',(#6663));
#6663 = ORIENTED_EDGE('',*,*,#6664,.T.);
#6664 = EDGE_CURVE('',#6665,#6665,#6667,.T.);
#6665 = VERTEX_POINT('',#6666);
#6666 = CARTESIAN_POINT('',(-35.9,-23.,4.));
#6667 = CIRCLE('',#6668,1.1);
#6668 = AXIS2_PLACEMENT_3D('',#6669,#6670,#6671);
#6669 = CARTESIAN_POINT('',(-37.,-23.,4.));
#6670 = DIRECTION('',(0.,0.,1.));
#6671 = DIRECTION('',(1.,0.,0.));
#6672 = FACE_BOUND('',#6673,.F.);
#6673 = EDGE_LOOP('',(#6674));
#6674 = ORIENTED_EDGE('',*,*,#4534,.F.);
#6675 = PLANE('',#6676);
#6676 = AXIS2_PLACEMENT_3D('',#6677,#6678,#6679);
#6677 = CARTESIAN_POINT('',(-37.,-23.,4.));
#6678 = DIRECTION('',(0.,0.,1.));
#6679 = DIRECTION('',(1.,0.,0.));
#6680 = ADVANCED_FACE('',(#6681,#6687),#6693,.F.);
#6681 = FACE_BOUND('',#6682,.F.);
#6682 = EDGE_LOOP('',(#6683,#6684,#6685,#6686));
#6683 = ORIENTED_EDGE('',*,*,#6377,.F.);
#6684 = ORIENTED_EDGE('',*,*,#6417,.T.);
#6685 = ORIENTED_EDGE('',*,*,#6442,.T.);
#6686 = ORIENTED_EDGE('',*,*,#6393,.F.);
#6687 = FACE_BOUND('',#6688,.F.);
#6688 = EDGE_LOOP('',(#6689,#6690,#6691,#6692));
#6689 = ORIENTED_EDGE('',*,*,#4598,.F.);
#6690 = ORIENTED_EDGE('',*,*,#4567,.T.);
#6691 = ORIENTED_EDGE('',*,*,#4622,.T.);
#6692 = ORIENTED_EDGE('',*,*,#4639,.F.);
#6693 = PLANE('',#6694);
#6694 = AXIS2_PLACEMENT_3D('',#6695,#6696,#6697);
#6695 = CARTESIAN_POINT('',(-7.084292143521,-10.72964607176,2.));
#6696 = DIRECTION('',(0.,0.,1.));
#6697 = DIRECTION('',(0.866025403784,0.5,0.));
#6698 = ADVANCED_FACE('',(#6699,#6702),#6705,.T.);
#6699 = FACE_BOUND('',#6700,.T.);
#6700 = EDGE_LOOP('',(#6701));
#6701 = ORIENTED_EDGE('',*,*,#4655,.T.);
#6702 = FACE_BOUND('',#6703,.T.);
#6703 = EDGE_LOOP('',(#6704));
#6704 = ORIENTED_EDGE('',*,*,#6464,.F.);
#6705 = PLANE('',#6706);
#6706 = AXIS2_PLACEMENT_3D('',#6707,#6708,#6709);
#6707 = CARTESIAN_POINT('',(44.,36.,11.5));
#6708 = DIRECTION('',(0.,0.,1.));
#6709 = DIRECTION('',(1.,0.,0.));
#6710 = ADVANCED_FACE('',(#6711,#6717),#6723,.F.);
#6711 = FACE_BOUND('',#6712,.F.);
#6712 = EDGE_LOOP('',(#6713,#6714,#6715,#6716));
#6713 = ORIENTED_EDGE('',*,*,#6498,.F.);
#6714 = ORIENTED_EDGE('',*,*,#6538,.T.);
#6715 = ORIENTED_EDGE('',*,*,#6563,.T.);
#6716 = ORIENTED_EDGE('',*,*,#6514,.F.);
#6717 = FACE_BOUND('',#6718,.F.);
#6718 = EDGE_LOOP('',(#6719,#6720,#6721,#6722));
#6719 = ORIENTED_EDGE('',*,*,#4719,.F.);
#6720 = ORIENTED_EDGE('',*,*,#4688,.T.);
#6721 = ORIENTED_EDGE('',*,*,#4743,.T.);
#6722 = ORIENTED_EDGE('',*,*,#4760,.F.);
#6723 = PLANE('',#6724);
#6724 = AXIS2_PLACEMENT_3D('',#6725,#6726,#6727);
#6725 = CARTESIAN_POINT('',(-2.,5.35,2.));
#6726 = DIRECTION('',(0.,0.,1.));
#6727 = DIRECTION('',(1.,0.,0.));
#6728 = ADVANCED_FACE('',(#6729,#6732),#6735,.T.);
#6729 = FACE_BOUND('',#6730,.T.);
#6730 = EDGE_LOOP('',(#6731));
#6731 = ORIENTED_EDGE('',*,*,#4776,.T.);
#6732 = FACE_BOUND('',#6733,.T.);
#6733 = EDGE_LOOP('',(#6734));
#6734 = ORIENTED_EDGE('',*,*,#6585,.F.);
#6735 = PLANE('',#6736);
#6736 = AXIS2_PLACEMENT_3D('',#6737,#6738,#6739);
#6737 = CARTESIAN_POINT('',(-44.,36.,11.5));
#6738 = DIRECTION('',(0.,0.,1.));
#6739 = DIRECTION('',(1.,0.,0.));
#6740 = ADVANCED_FACE('',(#6741),#6749,.F.);
#6741 = FACE_BOUND('',#6742,.F.);
#6742 = EDGE_LOOP('',(#6743,#6744,#6745,#6746,#6747,#6748));
#6743 = ORIENTED_EDGE('',*,*,#4974,.F.);
#6744 = ORIENTED_EDGE('',*,*,#4960,.T.);
#6745 = ORIENTED_EDGE('',*,*,#5610,.F.);
#6746 = ORIENTED_EDGE('',*,*,#5063,.T.);
#6747 = ORIENTED_EDGE('',*,*,#5022,.T.);
#6748 = ORIENTED_EDGE('',*,*,#5006,.T.);
#6749 = PLANE('',#6750);
#6750 = AXIS2_PLACEMENT_3D('',#6751,#6752,#6753);
#6751 = CARTESIAN_POINT('',(-52.,22.8,40.));
#6752 = DIRECTION('',(0.,0.,1.));
#6753 = DIRECTION('',(1.,0.,0.));
#6754 = ADVANCED_FACE('',(#6755),#6764,.F.);
#6755 = FACE_BOUND('',#6756,.F.);
#6756 = EDGE_LOOP('',(#6757,#6758,#6759,#6760,#6761,#6762,#6763));
#6757 = ORIENTED_EDGE('',*,*,#5201,.T.);
#6758 = ORIENTED_EDGE('',*,*,#5181,.T.);
#6759 = ORIENTED_EDGE('',*,*,#5102,.F.);
#6760 = ORIENTED_EDGE('',*,*,#5642,.T.);
#6761 = ORIENTED_EDGE('',*,*,#5585,.F.);
#6762 = ORIENTED_EDGE('',*,*,#5628,.T.);
#6763 = ORIENTED_EDGE('',*,*,#5258,.T.);
#6764 = PLANE('',#6765);
#6765 = AXIS2_PLACEMENT_3D('',#6766,#6767,#6768);
#6766 = CARTESIAN_POINT('',(-34.,11.25,38.));
#6767 = DIRECTION('',(0.,0.,1.));
#6768 = DIRECTION('',(1.,0.,0.));
#6769 = ADVANCED_FACE('',(#6770),#6776,.F.);
#6770 = FACE_BOUND('',#6771,.F.);
#6771 = EDGE_LOOP('',(#6772,#6773,#6774,#6775));
#6772 = ORIENTED_EDGE('',*,*,#5116,.F.);
#6773 = ORIENTED_EDGE('',*,*,#5079,.F.);
#6774 = ORIENTED_EDGE('',*,*,#5164,.T.);
#6775 = ORIENTED_EDGE('',*,*,#5148,.T.);
#6776 = PLANE('',#6777);
#6777 = AXIS2_PLACEMENT_3D('',#6778,#6779,#6780);
#6778 = CARTESIAN_POINT('',(-52.,18.5,40.));
#6779 = DIRECTION('',(0.,0.,1.));
#6780 = DIRECTION('',(1.,0.,0.));
#6781 = ADVANCED_FACE('',(#6782),#6861,.F.);
#6782 = FACE_BOUND('',#6783,.F.);
#6783 = EDGE_LOOP('',(#6784,#6785,#6786,#6787,#6788,#6789,#6790));
#6784 = ORIENTED_EDGE('',*,*,#5343,.T.);
#6785 = ORIENTED_EDGE('',*,*,#5272,.T.);
#6786 = ORIENTED_EDGE('',*,*,#5242,.T.);
#6787 = ORIENTED_EDGE('',*,*,#5473,.F.);
#6788 = ORIENTED_EDGE('',*,*,#5443,.F.);
#6789 = ORIENTED_EDGE('',*,*,#5399,.T.);
#6790 = ORIENTED_EDGE('',*,*,#6791,.F.);
#6791 = EDGE_CURVE('',#5344,#5400,#6792,.T.);
#6792 = B_SPLINE_CURVE_WITH_KNOTS('',7,(#6793,#6794,#6795,#6796,#6797,
    #6798,#6799,#6800,#6801,#6802,#6803,#6804,#6805,#6806,#6807,#6808,
    #6809,#6810,#6811,#6812,#6813,#6814,#6815,#6816,#6817,#6818,#6819,
    #6820,#6821,#6822,#6823,#6824,#6825,#6826,#6827,#6828,#6829,#6830,
    #6831,#6832,#6833,#6834,#6835,#6836,#6837,#6838,#6839,#6840,#6841,
    #6842,#6843,#6844,#6845,#6846,#6847,#6848,#6849,#6850,#6851,#6852,
    #6853,#6854,#6855,#6856,#6857,#6858,#6859,#6860),.UNSPECIFIED.,.F.,
  .F.,(8,6,6,6,6,6,6,6,6,6,6,8),(0.,0.218750193777,0.295709156423,
    0.336843111027,0.362532440956,0.418468949642,0.481386747604,
    0.51013347774,0.55782500479,0.655398993952,0.84387332581,1.),
  .UNSPECIFIED.);
#6793 = CARTESIAN_POINT('',(-38.7,19.316624790355,40.));
#6794 = CARTESIAN_POINT('',(-38.7,19.527948898331,40.));
#6795 = CARTESIAN_POINT('',(-38.71224565926,19.73753611598,40.));
#6796 = CARTESIAN_POINT('',(-38.73865219262,19.944797978564,40.));
#6797 = CARTESIAN_POINT('',(-38.78135231335,20.147992540121,40.));
#6798 = CARTESIAN_POINT('',(-38.84250661349,20.344221485807,40.));
#6799 = CARTESIAN_POINT('',(-38.92380291658,20.529541035845,40.));
#6800 = CARTESIAN_POINT('',(-39.06240403383,20.758316767743,40.));
#6801 = CARTESIAN_POINT('',(-39.1010747859,20.81581777521,40.));
#6802 = CARTESIAN_POINT('',(-39.14236839977,20.871034160144,40.));
#6803 = CARTESIAN_POINT('',(-39.18628267883,20.923689802664,40.));
#6804 = CARTESIAN_POINT('',(-39.23278146414,20.973487514376,40.));
#6805 = CARTESIAN_POINT('',(-39.28178622591,21.020117850463,40.));
#6806 = CARTESIAN_POINT('',(-39.3606306211,21.08633129234,40.));
#6807 = CARTESIAN_POINT('',(-39.3887720315,21.108400056944,40.));
#6808 = CARTESIAN_POINT('',(-39.41757140037,21.12942618239,40.));
#6809 = CARTESIAN_POINT('',(-39.44700407251,21.149361717328,40.));
#6810 = CARTESIAN_POINT('',(-39.47704089387,21.168159570372,40.));
#6811 = CARTESIAN_POINT('',(-39.50764788191,21.185774288218,40.));
#6812 = CARTESIAN_POINT('',(-39.5582324754,21.212397948716,40.));
#6813 = CARTESIAN_POINT('',(-39.57788624796,21.222154898966,40.));
#6814 = CARTESIAN_POINT('',(-39.59773769034,21.231423113384,40.));
#6815 = CARTESIAN_POINT('',(-39.61777660068,21.240192586151,40.));
#6816 = CARTESIAN_POINT('',(-39.63799209851,21.248453876764,40.));
#6817 = CARTESIAN_POINT('',(-39.65837262475,21.256198110037,40.));
#6818 = CARTESIAN_POINT('',(-39.7236156352,21.279135492901,40.));
#6819 = CARTESIAN_POINT('',(-39.76905283433,21.292364354592,40.));
#6820 = CARTESIAN_POINT('',(-39.81508693927,21.30301701307,40.));
#6821 = CARTESIAN_POINT('',(-39.86157809482,21.311025547769,40.));
#6822 = CARTESIAN_POINT('',(-39.90837817911,21.316342813503,40.));
#6823 = CARTESIAN_POINT('',(-39.9553317922,21.318944588311,40.));
#6824 = CARTESIAN_POINT('',(-40.05508183626,21.318704767647,40.));
#6825 = CARTESIAN_POINT('',(-40.10788420662,21.31514317495,40.));
#6826 = CARTESIAN_POINT('',(-40.16045263094,21.308147650822,40.));
#6827 = CARTESIAN_POINT('',(-40.21256698486,21.297759203529,40.));
#6828 = CARTESIAN_POINT('',(-40.26402034426,21.284054830857,40.));
#6829 = CARTESIAN_POINT('',(-40.31462058501,21.267143208986,40.));
#6830 = CARTESIAN_POINT('',(-40.38684083001,21.238030358183,40.));
#6831 = CARTESIAN_POINT('',(-40.40927601354,21.228258728945,40.));
#6832 = CARTESIAN_POINT('',(-40.43148149257,21.21785830672,40.));
#6833 = CARTESIAN_POINT('',(-40.45344233256,21.206842620867,40.));
#6834 = CARTESIAN_POINT('',(-40.47514470529,21.195225917029,40.));
#6835 = CARTESIAN_POINT('',(-40.49657588878,21.183023157134,40.));
#6836 = CARTESIAN_POINT('',(-40.55280994369,21.14905907206,40.));
#6837 = CARTESIAN_POINT('',(-40.58711741611,21.126297883311,40.));
#6838 = CARTESIAN_POINT('',(-40.62059365794,21.102037273224,40.));
#6839 = CARTESIAN_POINT('',(-40.65319481567,21.076350940158,40.));
#6840 = CARTESIAN_POINT('',(-40.68488542593,21.049314007287,40.));
#6841 = CARTESIAN_POINT('',(-40.71563763245,21.021001569133,40.));
#6842 = CARTESIAN_POINT('',(-40.80638461529,20.931102696155,40.));
#6843 = CARTESIAN_POINT('',(-40.86331508149,20.865694805742,40.));
#6844 = CARTESIAN_POINT('',(-40.91605744526,20.795884055558,40.));
#6845 = CARTESIAN_POINT('',(-40.9645562414,20.722264875115,40.));
#6846 = CARTESIAN_POINT('',(-41.00883798376,20.645381226355,40.));
#6847 = CARTESIAN_POINT('',(-41.04898807475,20.565709321263,40.));
#6848 = CARTESIAN_POINT('',(-41.15494640006,20.325136436324,40.));
#6849 = CARTESIAN_POINT('',(-41.20973675306,20.157879507815,40.));
#6850 = CARTESIAN_POINT('',(-41.25055641428,19.984557757647,40.));
#6851 = CARTESIAN_POINT('',(-41.27862249839,19.807234878137,40.));
#6852 = CARTESIAN_POINT('',(-41.29529617898,19.62743955514,40.));
#6853 = CARTESIAN_POINT('',(-41.30190423247,19.446142188021,40.));
#6854 = CARTESIAN_POINT('',(-41.2978286458,19.112677575757,40.));
#6855 = CARTESIAN_POINT('',(-41.28991946254,18.96094886825,40.));
#6856 = CARTESIAN_POINT('',(-41.27665931783,18.808890552467,40.));
#6857 = CARTESIAN_POINT('',(-41.25873360274,18.656712716414,40.));
#6858 = CARTESIAN_POINT('',(-41.23681337089,18.504523186604,40.));
#6859 = CARTESIAN_POINT('',(-41.21157442692,18.35232417693,40.));
#6860 = CARTESIAN_POINT('',(-41.18372351585,18.2,40.));
#6861 = PLANE('',#6862);
#6862 = AXIS2_PLACEMENT_3D('',#6863,#6864,#6865);
#6863 = CARTESIAN_POINT('',(-52.,18.5,40.));
#6864 = DIRECTION('',(0.,0.,1.));
#6865 = DIRECTION('',(1.,0.,0.));
#6866 = ADVANCED_FACE('',(#6867),#6872,.F.);
#6867 = FACE_BOUND('',#6868,.F.);
#6868 = EDGE_LOOP('',(#6869,#6870,#6871));
#6869 = ORIENTED_EDGE('',*,*,#5355,.F.);
#6870 = ORIENTED_EDGE('',*,*,#6791,.T.);
#6871 = ORIENTED_EDGE('',*,*,#5407,.F.);
#6872 = TOROIDAL_SURFACE('',#6873,6.,1.3);
#6873 = AXIS2_PLACEMENT_3D('',#6874,#6875,#6876);
#6874 = CARTESIAN_POINT('',(-40.,16.,45.));
#6875 = DIRECTION('',(1.,0.,0.));
#6876 = DIRECTION('',(0.,5.9E-16,-1.));
#6877 = ADVANCED_FACE('',(#6878),#6882,.T.);
#6878 = FACE_BOUND('',#6879,.T.);
#6879 = EDGE_LOOP('',(#6880,#6881));
#6880 = ORIENTED_EDGE('',*,*,#5635,.T.);
#6881 = ORIENTED_EDGE('',*,*,#5568,.T.);
#6882 = PLANE('',#6883);
#6883 = AXIS2_PLACEMENT_3D('',#6884,#6885,#6886);
#6884 = CARTESIAN_POINT('',(-34.,11.25,37.8));
#6885 = DIRECTION('',(0.,0.,1.));
#6886 = DIRECTION('',(1.,0.,0.));
#6887 = ADVANCED_FACE('',(#6888),#6891,.T.);
#6888 = FACE_BOUND('',#6889,.F.);
#6889 = EDGE_LOOP('',(#6890));
#6890 = ORIENTED_EDGE('',*,*,#5771,.F.);
#6891 = PLANE('',#6892);
#6892 = AXIS2_PLACEMENT_3D('',#6893,#6894,#6895);
#6893 = CARTESIAN_POINT('',(-46.,11.25,37.8));
#6894 = DIRECTION('',(0.,0.,1.));
#6895 = DIRECTION('',(1.,0.,0.));
#6896 = ADVANCED_FACE('',(#6897),#6900,.T.);
#6897 = FACE_BOUND('',#6898,.F.);
#6898 = EDGE_LOOP('',(#6899));
#6899 = ORIENTED_EDGE('',*,*,#5854,.F.);
#6900 = PLANE('',#6901);
#6901 = AXIS2_PLACEMENT_3D('',#6902,#6903,#6904);
#6902 = CARTESIAN_POINT('',(-46.,-11.25,37.8));
#6903 = DIRECTION('',(0.,0.,1.));
#6904 = DIRECTION('',(1.,0.,0.));
#6905 = ADVANCED_FACE('',(#6906),#6915,.F.);
#6906 = FACE_BOUND('',#6907,.F.);
#6907 = EDGE_LOOP('',(#6908,#6909,#6910,#6911,#6912,#6913,#6914));
#6908 = ORIENTED_EDGE('',*,*,#6118,.T.);
#6909 = ORIENTED_EDGE('',*,*,#6127,.T.);
#6910 = ORIENTED_EDGE('',*,*,#5880,.T.);
#6911 = ORIENTED_EDGE('',*,*,#5922,.F.);
#6912 = ORIENTED_EDGE('',*,*,#6198,.F.);
#6913 = ORIENTED_EDGE('',*,*,#5954,.F.);
#6914 = ORIENTED_EDGE('',*,*,#5976,.F.);
#6915 = PLANE('',#6916);
#6916 = AXIS2_PLACEMENT_3D('',#6917,#6918,#6919);
#6917 = CARTESIAN_POINT('',(-34.,-11.25,38.));
#6918 = DIRECTION('',(0.,0.,1.));
#6919 = DIRECTION('',(1.,0.,0.));
#6920 = ADVANCED_FACE('',(#6921),#6925,.T.);
#6921 = FACE_BOUND('',#6922,.T.);
#6922 = EDGE_LOOP('',(#6923,#6924));
#6923 = ORIENTED_EDGE('',*,*,#6182,.T.);
#6924 = ORIENTED_EDGE('',*,*,#5938,.F.);
#6925 = PLANE('',#6926);
#6926 = AXIS2_PLACEMENT_3D('',#6927,#6928,#6929);
#6927 = CARTESIAN_POINT('',(-34.,-11.25,37.8));
#6928 = DIRECTION('',(0.,0.,1.));
#6929 = DIRECTION('',(1.,0.,0.));
#6930 = ADVANCED_FACE('',(#6931),#6937,.F.);
#6931 = FACE_BOUND('',#6932,.F.);
#6932 = EDGE_LOOP('',(#6933,#6934,#6935,#6936));
#6933 = ORIENTED_EDGE('',*,*,#6099,.F.);
#6934 = ORIENTED_EDGE('',*,*,#5999,.F.);
#6935 = ORIENTED_EDGE('',*,*,#6051,.T.);
#6936 = ORIENTED_EDGE('',*,*,#6076,.T.);
#6937 = PLANE('',#6938);
#6938 = AXIS2_PLACEMENT_3D('',#6939,#6940,#6941);
#6939 = CARTESIAN_POINT('',(-52.,-21.5,40.));
#6940 = DIRECTION('',(0.,0.,1.));
#6941 = DIRECTION('',(1.,0.,0.));
#6942 = ADVANCED_FACE('',(#6943),#6962,.T.);
#6943 = FACE_BOUND('',#6944,.T.);
#6944 = EDGE_LOOP('',(#6945,#6954,#6960,#6961));
#6945 = ORIENTED_EDGE('',*,*,#6946,.F.);
#6946 = EDGE_CURVE('',#6947,#6947,#6949,.T.);
#6947 = VERTEX_POINT('',#6948);
#6948 = CARTESIAN_POINT('',(-35.9,-28.,4.4));
#6949 = CIRCLE('',#6950,1.1);
#6950 = AXIS2_PLACEMENT_3D('',#6951,#6952,#6953);
#6951 = CARTESIAN_POINT('',(-37.,-28.,4.4));
#6952 = DIRECTION('',(0.,0.,1.));
#6953 = DIRECTION('',(1.,0.,0.));
#6954 = ORIENTED_EDGE('',*,*,#6955,.F.);
#6955 = EDGE_CURVE('',#6645,#6947,#6956,.T.);
#6956 = LINE('',#6957,#6958);
#6957 = CARTESIAN_POINT('',(-35.9,-28.,4.));
#6958 = VECTOR('',#6959,1.);
#6959 = DIRECTION('',(0.,0.,1.));
#6960 = ORIENTED_EDGE('',*,*,#6644,.T.);
#6961 = ORIENTED_EDGE('',*,*,#6955,.T.);
#6962 = CYLINDRICAL_SURFACE('',#6963,1.1);
#6963 = AXIS2_PLACEMENT_3D('',#6964,#6965,#6966);
#6964 = CARTESIAN_POINT('',(-37.,-28.,4.));
#6965 = DIRECTION('',(0.,0.,1.));
#6966 = DIRECTION('',(1.,0.,0.));
#6967 = ADVANCED_FACE('',(#6968),#6987,.T.);
#6968 = FACE_BOUND('',#6969,.T.);
#6969 = EDGE_LOOP('',(#6970,#6979,#6985,#6986));
#6970 = ORIENTED_EDGE('',*,*,#6971,.F.);
#6971 = EDGE_CURVE('',#6972,#6972,#6974,.T.);
#6972 = VERTEX_POINT('',#6973);
#6973 = CARTESIAN_POINT('',(-35.9,-23.,4.4));
#6974 = CIRCLE('',#6975,1.1);
#6975 = AXIS2_PLACEMENT_3D('',#6976,#6977,#6978);
#6976 = CARTESIAN_POINT('',(-37.,-23.,4.4));
#6977 = DIRECTION('',(0.,0.,1.));
#6978 = DIRECTION('',(1.,0.,0.));
#6979 = ORIENTED_EDGE('',*,*,#6980,.F.);
#6980 = EDGE_CURVE('',#6665,#6972,#6981,.T.);
#6981 = LINE('',#6982,#6983);
#6982 = CARTESIAN_POINT('',(-35.9,-23.,4.));
#6983 = VECTOR('',#6984,1.);
#6984 = DIRECTION('',(0.,0.,1.));
#6985 = ORIENTED_EDGE('',*,*,#6664,.T.);
#6986 = ORIENTED_EDGE('',*,*,#6980,.T.);
#6987 = CYLINDRICAL_SURFACE('',#6988,1.1);
#6988 = AXIS2_PLACEMENT_3D('',#6989,#6990,#6991);
#6989 = CARTESIAN_POINT('',(-37.,-23.,4.));
#6990 = DIRECTION('',(0.,0.,1.));
#6991 = DIRECTION('',(1.,0.,0.));
#6992 = ADVANCED_FACE('',(#6993),#6996,.T.);
#6993 = FACE_BOUND('',#6994,.T.);
#6994 = EDGE_LOOP('',(#6995));
#6995 = ORIENTED_EDGE('',*,*,#6946,.T.);
#6996 = PLANE('',#6997);
#6997 = AXIS2_PLACEMENT_3D('',#6998,#6999,#7000);
#6998 = CARTESIAN_POINT('',(-37.,-28.,4.4));
#6999 = DIRECTION('',(0.,0.,1.));
#7000 = DIRECTION('',(1.,0.,0.));
#7001 = ADVANCED_FACE('',(#7002),#7005,.T.);
#7002 = FACE_BOUND('',#7003,.T.);
#7003 = EDGE_LOOP('',(#7004));
#7004 = ORIENTED_EDGE('',*,*,#6971,.T.);
#7005 = PLANE('',#7006);
#7006 = AXIS2_PLACEMENT_3D('',#7007,#7008,#7009);
#7007 = CARTESIAN_POINT('',(-37.,-23.,4.4));
#7008 = DIRECTION('',(0.,0.,1.));
#7009 = DIRECTION('',(1.,0.,0.));
#7010 = ( GEOMETRIC_REPRESENTATION_CONTEXT(3) 
GLOBAL_UNCERTAINTY_ASSIGNED_CONTEXT((#7014)) 
GLOBAL_UNIT_ASSIGNED_CONTEXT((#7011,#7012,#7013)) REPRESENTATION_CONTEXT
('Context #1','3D Context with UNIT and UNCERTAINTY') );
#7011 = ( LENGTH_UNIT() NAMED_UNIT(*) SI_UNIT(.MILLI.,.METRE.) );
#7012 = ( NAMED_UNIT(*) PLANE_ANGLE_UNIT() SI_UNIT($,.RADIAN.) );
#7013 = ( NAMED_UNIT(*) SI_UNIT($,.STERADIAN.) SOLID_ANGLE_UNIT() );
#7014 = UNCERTAINTY_MEASURE_WITH_UNIT(LENGTH_MEASURE(5.E-07),#7011,
  'distance_accuracy_value','confusion accuracy');
#7015 = PRODUCT_RELATED_PRODUCT_CATEGORY('part',$,(#7));
ENDSEC;
END-ISO-10303-21;
