ISO-10303-21;
HEADER;
FILE_DESCRIPTION(('FreeCAD Model'),'2;1');
FILE_NAME('Open CASCADE Shape Model','2026-09-30T04:39:39',('FreeCAD'),(
    'FreeCAD'),'Open CASCADE STEP processor 7.8','FreeCAD','Unknown');
FILE_SCHEMA(('AUTOMOTIVE_DESIGN { 1 0 10303 214 1 1 1 1 }'));
ENDSEC;
DATA;
#1 = APPLICATION_PROTOCOL_DEFINITION('international standard',
  'automotive_design',2000,#2);
#2 = APPLICATION_CONTEXT(
  'core data for automotive mechanical design processes');
#3 = SHAPE_DEFINITION_REPRESENTATION(#4,#10);
#4 = PRODUCT_DEFINITION_SHAPE('','',#5);
#5 = PRODUCT_DEFINITION('design','',#6,#9);
#6 = PRODUCT_DEFINITION_FORMATION('','',#7);
#7 = PRODUCT('Open CASCADE STEP translator 7.8 1',
  'Open CASCADE STEP translator 7.8 1','',(#8));
#8 = PRODUCT_CONTEXT('',#2,'mechanical');
#9 = PRODUCT_DEFINITION_CONTEXT('part definition',#2,'design');
#10 = SHAPE_REPRESENTATION('',(#11,#15,#3049,#3199,#3349,#3499,#3649,
    #3799,#3949,#4099,#4249,#4399,#4549,#4699,#4849,#4999,#5149,#5299,
    #5352,#5405,#5458,#5511,#5564,#5714,#5864,#6014,#6164,#6314,#6464,
    #6614,#6764,#6914,#7064,#7117,#7170,#7320,#7470,#7620,#7673,#7726,
    #7779,#7832,#7982,#8035,#8088,#8141,#8194,#8344,#8494,#8547,#8600,
    #8750,#8900,#8953,#9006,#9156,#9306,#9456,#9606,#9756,#9906,#10056,
    #10206,#10259,#10312,#10365,#10515,#10665,#10815,#10965,#11115,
    #11265,#11415,#11565,#11715,#11865,#12015,#12165,#12315,#12465,
    #12615,#12765,#12915,#13065,#13215,#13365,#13418,#13471,#13524,
    #13577,#13630,#13683,#13736,#13789,#13939,#14089,#14239,#14389,
    #14539,#14689,#14839,#14989,#15139,#15289,#15439,#15589,#15642,
    #15695,#15845,#15995,#16145,#16295,#16445,#16595,#16745,#16895,
    #17045,#17195,#17345,#17495,#17645,#17698,#17751,#17804,#17857,
    #18007,#18157,#18307,#18457,#18510,#18563,#18713,#18863,#19013,
    #19163,#19313,#19463,#19613,#19763,#19913,#20063,#20213,#20363,
    #20416,#20520),#20624);
#11 = AXIS2_PLACEMENT_3D('',#12,#13,#14);
#12 = CARTESIAN_POINT('',(0.,0.,0.));
#13 = DIRECTION('',(0.,0.,1.));
#14 = DIRECTION('',(1.,0.,-0.));
#15 = MANIFOLD_SOLID_BREP('',#16);
#16 = CLOSED_SHELL('',(#17,#59,#90,#121,#933,#1745,#1762,#1779,#1796,
    #1813,#1830,#1847,#1864,#1881,#1898,#1915,#1932,#1949,#1966,#1983,
    #2000,#2017,#2029,#2046,#2063,#2080,#2097,#2114,#2131,#2148,#2165,
    #2182,#2199,#2216,#2233,#2250,#2267,#2284,#2301,#2318,#2335,#2352,
    #2369,#2386,#2403,#2420,#2437,#2454,#2471,#2488,#2505,#2522,#2539,
    #2556,#2573,#2590,#2607,#2624,#2641,#2658,#2675,#2692,#2709,#2726,
    #2743,#2760,#2777,#2794,#2811,#2828,#2845,#2862,#2879,#2896,#2913,
    #2930,#2947,#2964,#2981,#2998,#3015,#3032));
#17 = ADVANCED_FACE('',(#18),#54,.F.);
#18 = FACE_BOUND('',#19,.T.);
#19 = EDGE_LOOP('',(#20,#30,#39,#47));
#20 = ORIENTED_EDGE('',*,*,#21,.T.);
#21 = EDGE_CURVE('',#22,#24,#26,.T.);
#22 = VERTEX_POINT('',#23);
#23 = CARTESIAN_POINT('',(-38.,-9.,0.));
#24 = VERTEX_POINT('',#25);
#25 = CARTESIAN_POINT('',(-38.,-9.,1.6));
#26 = LINE('',#27,#28);
#27 = CARTESIAN_POINT('',(-38.,-9.,0.));
#28 = VECTOR('',#29,1.);
#29 = DIRECTION('',(0.,0.,1.));
#30 = ORIENTED_EDGE('',*,*,#31,.T.);
#31 = EDGE_CURVE('',#24,#32,#34,.T.);
#32 = VERTEX_POINT('',#33);
#33 = CARTESIAN_POINT('',(-39.,-8.,1.6));
#34 = CIRCLE('',#35,0.999999252925);
#35 = AXIS2_PLACEMENT_3D('',#36,#37,#38);
#36 = CARTESIAN_POINT('',(-38.99999925292,-8.999999252925,1.6));
#37 = DIRECTION('',(0.,-0.,1.));
#38 = DIRECTION('',(-7.470757491648E-07,1.,0.));
#39 = ORIENTED_EDGE('',*,*,#40,.F.);
#40 = EDGE_CURVE('',#41,#32,#43,.T.);
#41 = VERTEX_POINT('',#42);
#42 = CARTESIAN_POINT('',(-39.,-8.,0.));
#43 = LINE('',#44,#45);
#44 = CARTESIAN_POINT('',(-39.,-8.,0.));
#45 = VECTOR('',#46,1.);
#46 = DIRECTION('',(0.,0.,1.));
#47 = ORIENTED_EDGE('',*,*,#48,.F.);
#48 = EDGE_CURVE('',#22,#41,#49,.T.);
#49 = CIRCLE('',#50,0.999999252925);
#50 = AXIS2_PLACEMENT_3D('',#51,#52,#53);
#51 = CARTESIAN_POINT('',(-38.99999925292,-8.999999252925,0.));
#52 = DIRECTION('',(0.,-0.,1.));
#53 = DIRECTION('',(-7.470757491648E-07,1.,0.));
#54 = CYLINDRICAL_SURFACE('',#55,0.999999252925);
#55 = AXIS2_PLACEMENT_3D('',#56,#57,#58);
#56 = CARTESIAN_POINT('',(-38.99999925292,-8.999999252925,0.));
#57 = DIRECTION('',(0.,0.,-1.));
#58 = DIRECTION('',(-7.470757491648E-07,1.,0.));
#59 = ADVANCED_FACE('',(#60),#85,.T.);
#60 = FACE_BOUND('',#61,.T.);
#61 = EDGE_LOOP('',(#62,#72,#78,#79));
#62 = ORIENTED_EDGE('',*,*,#63,.T.);
#63 = EDGE_CURVE('',#64,#66,#68,.T.);
#64 = VERTEX_POINT('',#65);
#65 = CARTESIAN_POINT('',(-38.,-21.,0.));
#66 = VERTEX_POINT('',#67);
#67 = CARTESIAN_POINT('',(-38.,-21.,1.6));
#68 = LINE('',#69,#70);
#69 = CARTESIAN_POINT('',(-38.,-21.,0.));
#70 = VECTOR('',#71,1.);
#71 = DIRECTION('',(0.,0.,1.));
#72 = ORIENTED_EDGE('',*,*,#73,.T.);
#73 = EDGE_CURVE('',#66,#24,#74,.T.);
#74 = LINE('',#75,#76);
#75 = CARTESIAN_POINT('',(-38.,-21.,1.6));
#76 = VECTOR('',#77,1.);
#77 = DIRECTION('',(0.,1.,0.));
#78 = ORIENTED_EDGE('',*,*,#21,.F.);
#79 = ORIENTED_EDGE('',*,*,#80,.F.);
#80 = EDGE_CURVE('',#64,#22,#81,.T.);
#81 = LINE('',#82,#83);
#82 = CARTESIAN_POINT('',(-38.,-21.,0.));
#83 = VECTOR('',#84,1.);
#84 = DIRECTION('',(0.,1.,0.));
#85 = PLANE('',#86);
#86 = AXIS2_PLACEMENT_3D('',#87,#88,#89);
#87 = CARTESIAN_POINT('',(-38.,-21.,0.));
#88 = DIRECTION('',(-1.,0.,0.));
#89 = DIRECTION('',(0.,1.,0.));
#90 = ADVANCED_FACE('',(#91),#116,.T.);
#91 = FACE_BOUND('',#92,.T.);
#92 = EDGE_LOOP('',(#93,#94,#102,#110));
#93 = ORIENTED_EDGE('',*,*,#40,.T.);
#94 = ORIENTED_EDGE('',*,*,#95,.T.);
#95 = EDGE_CURVE('',#32,#96,#98,.T.);
#96 = VERTEX_POINT('',#97);
#97 = CARTESIAN_POINT('',(-50.,-8.,1.6));
#98 = LINE('',#99,#100);
#99 = CARTESIAN_POINT('',(-39.,-8.,1.6));
#100 = VECTOR('',#101,1.);
#101 = DIRECTION('',(-1.,0.,0.));
#102 = ORIENTED_EDGE('',*,*,#103,.F.);
#103 = EDGE_CURVE('',#104,#96,#106,.T.);
#104 = VERTEX_POINT('',#105);
#105 = CARTESIAN_POINT('',(-50.,-8.,0.));
#106 = LINE('',#107,#108);
#107 = CARTESIAN_POINT('',(-50.,-8.,0.));
#108 = VECTOR('',#109,1.);
#109 = DIRECTION('',(0.,0.,1.));
#110 = ORIENTED_EDGE('',*,*,#111,.F.);
#111 = EDGE_CURVE('',#41,#104,#112,.T.);
#112 = LINE('',#113,#114);
#113 = CARTESIAN_POINT('',(-39.,-8.,0.));
#114 = VECTOR('',#115,1.);
#115 = DIRECTION('',(-1.,0.,0.));
#116 = PLANE('',#117);
#117 = AXIS2_PLACEMENT_3D('',#118,#119,#120);
#118 = CARTESIAN_POINT('',(-39.,-8.,0.));
#119 = DIRECTION('',(0.,-1.,0.));
#120 = DIRECTION('',(-1.,0.,0.));
#121 = ADVANCED_FACE('',(#122,#268,#279,#290,#301,#312,#323,#334,#345,
    #356,#367,#378,#389,#400,#411,#422,#433,#444,#455,#466,#477,#488,
    #499,#510,#521,#532,#543,#554,#565,#576,#587,#598,#609,#620,#631,
    #642,#653,#664,#675,#686,#697,#708,#719,#730,#741,#752,#763,#774,
    #785,#796,#807,#818,#829,#840,#851,#862,#873,#884,#895,#906,#917),
  #928,.T.);
#122 = FACE_BOUND('',#123,.T.);
#123 = EDGE_LOOP('',(#124,#125,#126,#134,#143,#151,#160,#168,#176,#185,
    #193,#202,#210,#218,#227,#235,#244,#252,#260,#267));
#124 = ORIENTED_EDGE('',*,*,#48,.T.);
#125 = ORIENTED_EDGE('',*,*,#111,.T.);
#126 = ORIENTED_EDGE('',*,*,#127,.T.);
#127 = EDGE_CURVE('',#104,#128,#130,.T.);
#128 = VERTEX_POINT('',#129);
#129 = CARTESIAN_POINT('',(-50.,32.5,0.));
#130 = LINE('',#131,#132);
#131 = CARTESIAN_POINT('',(-50.,-8.,0.));
#132 = VECTOR('',#133,1.);
#133 = DIRECTION('',(0.,1.,0.));
#134 = ORIENTED_EDGE('',*,*,#135,.T.);
#135 = EDGE_CURVE('',#128,#136,#138,.T.);
#136 = VERTEX_POINT('',#137);
#137 = CARTESIAN_POINT('',(-40.,42.5,0.));
#138 = CIRCLE('',#139,9.999999357669);
#139 = AXIS2_PLACEMENT_3D('',#140,#141,#142);
#140 = CARTESIAN_POINT('',(-40.00000064233,32.500000642331,0.));
#141 = DIRECTION('',(0.,0.,-1.));
#142 = DIRECTION('',(-1.,-6.423314275614E-08,-0.));
#143 = ORIENTED_EDGE('',*,*,#144,.T.);
#144 = EDGE_CURVE('',#136,#145,#147,.T.);
#145 = VERTEX_POINT('',#146);
#146 = CARTESIAN_POINT('',(40.,42.5,0.));
#147 = LINE('',#148,#149);
#148 = CARTESIAN_POINT('',(-40.,42.5,0.));
#149 = VECTOR('',#150,1.);
#150 = DIRECTION('',(1.,0.,0.));
#151 = ORIENTED_EDGE('',*,*,#152,.T.);
#152 = EDGE_CURVE('',#145,#153,#155,.T.);
#153 = VERTEX_POINT('',#154);
#154 = CARTESIAN_POINT('',(50.,32.5,0.));
#155 = CIRCLE('',#156,10.000001064775);
#156 = AXIS2_PLACEMENT_3D('',#157,#158,#159);
#157 = CARTESIAN_POINT('',(39.999998935225,32.499998935225,0.));
#158 = DIRECTION('',(0.,0.,-1.));
#159 = DIRECTION('',(1.064775304683E-07,1.,0.));
#160 = ORIENTED_EDGE('',*,*,#161,.T.);
#161 = EDGE_CURVE('',#153,#162,#164,.T.);
#162 = VERTEX_POINT('',#163);
#163 = CARTESIAN_POINT('',(50.,22.,0.));
#164 = LINE('',#165,#166);
#165 = CARTESIAN_POINT('',(50.,32.5,0.));
#166 = VECTOR('',#167,1.);
#167 = DIRECTION('',(0.,-1.,0.));
#168 = ORIENTED_EDGE('',*,*,#169,.T.);
#169 = EDGE_CURVE('',#162,#170,#172,.T.);
#170 = VERTEX_POINT('',#171);
#171 = CARTESIAN_POINT('',(45.,22.,0.));
#172 = LINE('',#173,#174);
#173 = CARTESIAN_POINT('',(50.,22.,0.));
#174 = VECTOR('',#175,1.);
#175 = DIRECTION('',(-1.,0.,0.));
#176 = ORIENTED_EDGE('',*,*,#177,.T.);
#177 = EDGE_CURVE('',#170,#178,#180,.T.);
#178 = VERTEX_POINT('',#179);
#179 = CARTESIAN_POINT('',(44.,21.,0.));
#180 = CIRCLE('',#181,0.999999252925);
#181 = AXIS2_PLACEMENT_3D('',#182,#183,#184);
#182 = CARTESIAN_POINT('',(44.999999252925,21.000000747075,0.));
#183 = DIRECTION('',(-0.,0.,1.));
#184 = DIRECTION('',(-1.,-7.470757314012E-07,-0.));
#185 = ORIENTED_EDGE('',*,*,#186,.T.);
#186 = EDGE_CURVE('',#178,#187,#189,.T.);
#187 = VERTEX_POINT('',#188);
#188 = CARTESIAN_POINT('',(44.,13.,0.));
#189 = LINE('',#190,#191);
#190 = CARTESIAN_POINT('',(44.,21.,0.));
#191 = VECTOR('',#192,1.);
#192 = DIRECTION('',(0.,-1.,0.));
#193 = ORIENTED_EDGE('',*,*,#194,.T.);
#194 = EDGE_CURVE('',#187,#195,#197,.T.);
#195 = VERTEX_POINT('',#196);
#196 = CARTESIAN_POINT('',(45.,12.,0.));
#197 = CIRCLE('',#198,0.999999252925);
#198 = AXIS2_PLACEMENT_3D('',#199,#200,#201);
#199 = CARTESIAN_POINT('',(44.999999252925,12.999999252925,0.));
#200 = DIRECTION('',(-0.,0.,1.));
#201 = DIRECTION('',(7.470757278485E-07,-1.,0.));
#202 = ORIENTED_EDGE('',*,*,#203,.T.);
#203 = EDGE_CURVE('',#195,#204,#206,.T.);
#204 = VERTEX_POINT('',#205);
#205 = CARTESIAN_POINT('',(50.,12.,0.));
#206 = LINE('',#207,#208);
#207 = CARTESIAN_POINT('',(45.,12.,0.));
#208 = VECTOR('',#209,1.);
#209 = DIRECTION('',(1.,0.,0.));
#210 = ORIENTED_EDGE('',*,*,#211,.T.);
#211 = EDGE_CURVE('',#204,#212,#214,.T.);
#212 = VERTEX_POINT('',#213);
#213 = CARTESIAN_POINT('',(50.,-32.5,0.));
#214 = LINE('',#215,#216);
#215 = CARTESIAN_POINT('',(50.,12.,0.));
#216 = VECTOR('',#217,1.);
#217 = DIRECTION('',(0.,-1.,0.));
#218 = ORIENTED_EDGE('',*,*,#219,.T.);
#219 = EDGE_CURVE('',#212,#220,#222,.T.);
#220 = VERTEX_POINT('',#221);
#221 = CARTESIAN_POINT('',(40.,-42.5,0.));
#222 = CIRCLE('',#223,10.000002771883);
#223 = AXIS2_PLACEMENT_3D('',#224,#225,#226);
#224 = CARTESIAN_POINT('',(39.999997228117,-32.49999722811,0.));
#225 = DIRECTION('',(0.,0.,-1.));
#226 = DIRECTION('',(1.,-2.771882278315E-07,0.));
#227 = ORIENTED_EDGE('',*,*,#228,.T.);
#228 = EDGE_CURVE('',#220,#229,#231,.T.);
#229 = VERTEX_POINT('',#230);
#230 = CARTESIAN_POINT('',(-40.,-42.5,0.));
#231 = LINE('',#232,#233);
#232 = CARTESIAN_POINT('',(40.,-42.5,0.));
#233 = VECTOR('',#234,1.);
#234 = DIRECTION('',(-1.,0.,0.));
#235 = ORIENTED_EDGE('',*,*,#236,.T.);
#236 = EDGE_CURVE('',#229,#237,#239,.T.);
#237 = VERTEX_POINT('',#238);
#238 = CARTESIAN_POINT('',(-50.,-32.5,0.));
#239 = CIRCLE('',#240,10.000001064775);
#240 = AXIS2_PLACEMENT_3D('',#241,#242,#243);
#241 = CARTESIAN_POINT('',(-39.99999893522,-32.49999893522,0.));
#242 = DIRECTION('',(0.,0.,-1.));
#243 = DIRECTION('',(-1.064775304683E-07,-1.,-0.));
#244 = ORIENTED_EDGE('',*,*,#245,.T.);
#245 = EDGE_CURVE('',#237,#246,#248,.T.);
#246 = VERTEX_POINT('',#247);
#247 = CARTESIAN_POINT('',(-50.,-22.,0.));
#248 = LINE('',#249,#250);
#249 = CARTESIAN_POINT('',(-50.,-32.5,0.));
#250 = VECTOR('',#251,1.);
#251 = DIRECTION('',(0.,1.,0.));
#252 = ORIENTED_EDGE('',*,*,#253,.T.);
#253 = EDGE_CURVE('',#246,#254,#256,.T.);
#254 = VERTEX_POINT('',#255);
#255 = CARTESIAN_POINT('',(-39.,-22.,0.));
#256 = LINE('',#257,#258);
#257 = CARTESIAN_POINT('',(-50.,-22.,0.));
#258 = VECTOR('',#259,1.);
#259 = DIRECTION('',(1.,0.,0.));
#260 = ORIENTED_EDGE('',*,*,#261,.T.);
#261 = EDGE_CURVE('',#254,#64,#262,.T.);
#262 = CIRCLE('',#263,0.999999252925);
#263 = AXIS2_PLACEMENT_3D('',#264,#265,#266);
#264 = CARTESIAN_POINT('',(-38.99999925292,-21.00000074707,0.));
#265 = DIRECTION('',(0.,-0.,1.));
#266 = DIRECTION('',(1.,7.470757314012E-07,0.));
#267 = ORIENTED_EDGE('',*,*,#80,.T.);
#268 = FACE_BOUND('',#269,.T.);
#269 = EDGE_LOOP('',(#270));
#270 = ORIENTED_EDGE('',*,*,#271,.T.);
#271 = EDGE_CURVE('',#272,#272,#274,.T.);
#272 = VERTEX_POINT('',#273);
#273 = CARTESIAN_POINT('',(45.6,-36.,0.));
#274 = CIRCLE('',#275,1.6);
#275 = AXIS2_PLACEMENT_3D('',#276,#277,#278);
#276 = CARTESIAN_POINT('',(44.,-36.,0.));
#277 = DIRECTION('',(0.,0.,1.));
#278 = DIRECTION('',(1.,0.,0.));
#279 = FACE_BOUND('',#280,.T.);
#280 = EDGE_LOOP('',(#281));
#281 = ORIENTED_EDGE('',*,*,#282,.T.);
#282 = EDGE_CURVE('',#283,#283,#285,.T.);
#283 = VERTEX_POINT('',#284);
#284 = CARTESIAN_POINT('',(27.8,-36.25,0.));
#285 = CIRCLE('',#286,0.55);
#286 = AXIS2_PLACEMENT_3D('',#287,#288,#289);
#287 = CARTESIAN_POINT('',(27.25,-36.25,0.));
#288 = DIRECTION('',(0.,0.,1.));
#289 = DIRECTION('',(1.,0.,0.));
#290 = FACE_BOUND('',#291,.T.);
#291 = EDGE_LOOP('',(#292));
#292 = ORIENTED_EDGE('',*,*,#293,.T.);
#293 = EDGE_CURVE('',#294,#294,#296,.T.);
#294 = VERTEX_POINT('',#295);
#295 = CARTESIAN_POINT('',(27.8,-31.75,0.));
#296 = CIRCLE('',#297,0.55);
#297 = AXIS2_PLACEMENT_3D('',#298,#299,#300);
#298 = CARTESIAN_POINT('',(27.25,-31.75,0.));
#299 = DIRECTION('',(0.,0.,1.));
#300 = DIRECTION('',(1.,0.,0.));
#301 = FACE_BOUND('',#302,.T.);
#302 = EDGE_LOOP('',(#303));
#303 = ORIENTED_EDGE('',*,*,#304,.T.);
#304 = EDGE_CURVE('',#305,#305,#307,.T.);
#305 = VERTEX_POINT('',#306);
#306 = CARTESIAN_POINT('',(41.8,-27.25,0.));
#307 = CIRCLE('',#308,0.55);
#308 = AXIS2_PLACEMENT_3D('',#309,#310,#311);
#309 = CARTESIAN_POINT('',(41.25,-27.25,0.));
#310 = DIRECTION('',(0.,0.,1.));
#311 = DIRECTION('',(1.,0.,0.));
#312 = FACE_BOUND('',#313,.T.);
#313 = EDGE_LOOP('',(#314));
#314 = ORIENTED_EDGE('',*,*,#315,.T.);
#315 = EDGE_CURVE('',#316,#316,#318,.T.);
#316 = VERTEX_POINT('',#317);
#317 = CARTESIAN_POINT('',(35.3,-27.25,0.));
#318 = CIRCLE('',#319,0.55);
#319 = AXIS2_PLACEMENT_3D('',#320,#321,#322);
#320 = CARTESIAN_POINT('',(34.75,-27.25,0.));
#321 = DIRECTION('',(0.,0.,1.));
#322 = DIRECTION('',(1.,0.,0.));
#323 = FACE_BOUND('',#324,.T.);
#324 = EDGE_LOOP('',(#325));
#325 = ORIENTED_EDGE('',*,*,#326,.T.);
#326 = EDGE_CURVE('',#327,#327,#329,.T.);
#327 = VERTEX_POINT('',#328);
#328 = CARTESIAN_POINT('',(41.8,-22.75,0.));
#329 = CIRCLE('',#330,0.55);
#330 = AXIS2_PLACEMENT_3D('',#331,#332,#333);
#331 = CARTESIAN_POINT('',(41.25,-22.75,0.));
#332 = DIRECTION('',(0.,0.,1.));
#333 = DIRECTION('',(1.,0.,0.));
#334 = FACE_BOUND('',#335,.T.);
#335 = EDGE_LOOP('',(#336));
#336 = ORIENTED_EDGE('',*,*,#337,.T.);
#337 = EDGE_CURVE('',#338,#338,#340,.T.);
#338 = VERTEX_POINT('',#339);
#339 = CARTESIAN_POINT('',(35.3,-22.75,0.));
#340 = CIRCLE('',#341,0.55);
#341 = AXIS2_PLACEMENT_3D('',#342,#343,#344);
#342 = CARTESIAN_POINT('',(34.75,-22.75,0.));
#343 = DIRECTION('',(0.,0.,1.));
#344 = DIRECTION('',(1.,0.,0.));
#345 = FACE_BOUND('',#346,.T.);
#346 = EDGE_LOOP('',(#347));
#347 = ORIENTED_EDGE('',*,*,#348,.T.);
#348 = EDGE_CURVE('',#349,#349,#351,.T.);
#349 = VERTEX_POINT('',#350);
#350 = CARTESIAN_POINT('',(21.3,-36.25,0.));
#351 = CIRCLE('',#352,0.55);
#352 = AXIS2_PLACEMENT_3D('',#353,#354,#355);
#353 = CARTESIAN_POINT('',(20.75,-36.25,0.));
#354 = DIRECTION('',(0.,0.,1.));
#355 = DIRECTION('',(1.,0.,0.));
#356 = FACE_BOUND('',#357,.T.);
#357 = EDGE_LOOP('',(#358));
#358 = ORIENTED_EDGE('',*,*,#359,.T.);
#359 = EDGE_CURVE('',#360,#360,#362,.T.);
#360 = VERTEX_POINT('',#361);
#361 = CARTESIAN_POINT('',(21.3,-31.75,0.));
#362 = CIRCLE('',#363,0.55);
#363 = AXIS2_PLACEMENT_3D('',#364,#365,#366);
#364 = CARTESIAN_POINT('',(20.75,-31.75,0.));
#365 = DIRECTION('',(0.,0.,1.));
#366 = DIRECTION('',(1.,0.,0.));
#367 = FACE_BOUND('',#368,.T.);
#368 = EDGE_LOOP('',(#369));
#369 = ORIENTED_EDGE('',*,*,#370,.T.);
#370 = EDGE_CURVE('',#371,#371,#373,.T.);
#371 = VERTEX_POINT('',#372);
#372 = CARTESIAN_POINT('',(20.15,-12.5,0.));
#373 = CIRCLE('',#374,0.65);
#374 = AXIS2_PLACEMENT_3D('',#375,#376,#377);
#375 = CARTESIAN_POINT('',(19.5,-12.5,0.));
#376 = DIRECTION('',(0.,0.,1.));
#377 = DIRECTION('',(1.,0.,0.));
#378 = FACE_BOUND('',#379,.T.);
#379 = EDGE_LOOP('',(#380));
#380 = ORIENTED_EDGE('',*,*,#381,.T.);
#381 = EDGE_CURVE('',#382,#382,#384,.T.);
#382 = VERTEX_POINT('',#383);
#383 = CARTESIAN_POINT('',(4.89,-12.5,0.));
#384 = CIRCLE('',#385,0.65);
#385 = AXIS2_PLACEMENT_3D('',#386,#387,#388);
#386 = CARTESIAN_POINT('',(4.24,-12.5,0.));
#387 = DIRECTION('',(0.,0.,1.));
#388 = DIRECTION('',(1.,0.,0.));
#389 = FACE_BOUND('',#390,.T.);
#390 = EDGE_LOOP('',(#391));
#391 = ORIENTED_EDGE('',*,*,#392,.T.);
#392 = EDGE_CURVE('',#393,#393,#395,.T.);
#393 = VERTEX_POINT('',#394);
#394 = CARTESIAN_POINT('',(20.15,-5.,0.));
#395 = CIRCLE('',#396,0.65);
#396 = AXIS2_PLACEMENT_3D('',#397,#398,#399);
#397 = CARTESIAN_POINT('',(19.5,-5.,0.));
#398 = DIRECTION('',(0.,0.,1.));
#399 = DIRECTION('',(1.,0.,0.));
#400 = FACE_BOUND('',#401,.T.);
#401 = EDGE_LOOP('',(#402));
#402 = ORIENTED_EDGE('',*,*,#403,.T.);
#403 = EDGE_CURVE('',#404,#404,#406,.T.);
#404 = VERTEX_POINT('',#405);
#405 = CARTESIAN_POINT('',(4.89,-5.,0.));
#406 = CIRCLE('',#407,0.65);
#407 = AXIS2_PLACEMENT_3D('',#408,#409,#410);
#408 = CARTESIAN_POINT('',(4.24,-5.,0.));
#409 = DIRECTION('',(0.,0.,1.));
#410 = DIRECTION('',(1.,0.,0.));
#411 = FACE_BOUND('',#412,.T.);
#412 = EDGE_LOOP('',(#413));
#413 = ORIENTED_EDGE('',*,*,#414,.T.);
#414 = EDGE_CURVE('',#415,#415,#417,.T.);
#415 = VERTEX_POINT('',#416);
#416 = CARTESIAN_POINT('',(-32.65,-40.9,0.));
#417 = CIRCLE('',#418,0.45);
#418 = AXIS2_PLACEMENT_3D('',#419,#420,#421);
#419 = CARTESIAN_POINT('',(-33.1,-40.9,0.));
#420 = DIRECTION('',(0.,0.,1.));
#421 = DIRECTION('',(1.,0.,0.));
#422 = FACE_BOUND('',#423,.T.);
#423 = EDGE_LOOP('',(#424));
#424 = ORIENTED_EDGE('',*,*,#425,.T.);
#425 = EDGE_CURVE('',#426,#426,#428,.T.);
#426 = VERTEX_POINT('',#427);
#427 = CARTESIAN_POINT('',(-42.4,-36.,0.));
#428 = CIRCLE('',#429,1.6);
#429 = AXIS2_PLACEMENT_3D('',#430,#431,#432);
#430 = CARTESIAN_POINT('',(-44.,-36.,0.));
#431 = DIRECTION('',(0.,0.,1.));
#432 = DIRECTION('',(1.,0.,0.));
#433 = FACE_BOUND('',#434,.T.);
#434 = EDGE_LOOP('',(#435));
#435 = ORIENTED_EDGE('',*,*,#436,.T.);
#436 = EDGE_CURVE('',#437,#437,#439,.T.);
#437 = VERTEX_POINT('',#438);
#438 = CARTESIAN_POINT('',(-0.15,-12.5,0.));
#439 = CIRCLE('',#440,0.65);
#440 = AXIS2_PLACEMENT_3D('',#441,#442,#443);
#441 = CARTESIAN_POINT('',(-0.8,-12.5,0.));
#442 = DIRECTION('',(0.,0.,1.));
#443 = DIRECTION('',(1.,0.,0.));
#444 = FACE_BOUND('',#445,.T.);
#445 = EDGE_LOOP('',(#446));
#446 = ORIENTED_EDGE('',*,*,#447,.T.);
#447 = EDGE_CURVE('',#448,#448,#450,.T.);
#448 = VERTEX_POINT('',#449);
#449 = CARTESIAN_POINT('',(-5.19,-12.5,0.));
#450 = CIRCLE('',#451,0.65);
#451 = AXIS2_PLACEMENT_3D('',#452,#453,#454);
#452 = CARTESIAN_POINT('',(-5.84,-12.5,0.));
#453 = DIRECTION('',(0.,0.,1.));
#454 = DIRECTION('',(1.,0.,0.));
#455 = FACE_BOUND('',#456,.T.);
#456 = EDGE_LOOP('',(#457));
#457 = ORIENTED_EDGE('',*,*,#458,.T.);
#458 = EDGE_CURVE('',#459,#459,#461,.T.);
#459 = VERTEX_POINT('',#460);
#460 = CARTESIAN_POINT('',(-20.85,-19.5,0.));
#461 = CIRCLE('',#462,0.65);
#462 = AXIS2_PLACEMENT_3D('',#463,#464,#465);
#463 = CARTESIAN_POINT('',(-21.5,-19.5,0.));
#464 = DIRECTION('',(0.,0.,1.));
#465 = DIRECTION('',(1.,0.,0.));
#466 = FACE_BOUND('',#467,.T.);
#467 = EDGE_LOOP('',(#468));
#468 = ORIENTED_EDGE('',*,*,#469,.T.);
#469 = EDGE_CURVE('',#470,#470,#472,.T.);
#470 = VERTEX_POINT('',#471);
#471 = CARTESIAN_POINT('',(-20.85,-11.88,0.));
#472 = CIRCLE('',#473,0.65);
#473 = AXIS2_PLACEMENT_3D('',#474,#475,#476);
#474 = CARTESIAN_POINT('',(-21.5,-11.88,0.));
#475 = DIRECTION('',(0.,0.,1.));
#476 = DIRECTION('',(1.,0.,0.));
#477 = FACE_BOUND('',#478,.T.);
#478 = EDGE_LOOP('',(#479));
#479 = ORIENTED_EDGE('',*,*,#480,.T.);
#480 = EDGE_CURVE('',#481,#481,#483,.T.);
#481 = VERTEX_POINT('',#482);
#482 = CARTESIAN_POINT('',(-0.15,-5.,0.));
#483 = CIRCLE('',#484,0.65);
#484 = AXIS2_PLACEMENT_3D('',#485,#486,#487);
#485 = CARTESIAN_POINT('',(-0.8,-5.,0.));
#486 = DIRECTION('',(0.,0.,1.));
#487 = DIRECTION('',(1.,0.,0.));
#488 = FACE_BOUND('',#489,.T.);
#489 = EDGE_LOOP('',(#490));
#490 = ORIENTED_EDGE('',*,*,#491,.T.);
#491 = EDGE_CURVE('',#492,#492,#494,.T.);
#492 = VERTEX_POINT('',#493);
#493 = CARTESIAN_POINT('',(-5.19,-5.,0.));
#494 = CIRCLE('',#495,0.65);
#495 = AXIS2_PLACEMENT_3D('',#496,#497,#498);
#496 = CARTESIAN_POINT('',(-5.84,-5.,0.));
#497 = DIRECTION('',(0.,0.,1.));
#498 = DIRECTION('',(1.,0.,0.));
#499 = FACE_BOUND('',#500,.T.);
#500 = EDGE_LOOP('',(#501));
#501 = ORIENTED_EDGE('',*,*,#502,.T.);
#502 = EDGE_CURVE('',#503,#503,#505,.T.);
#503 = VERTEX_POINT('',#504);
#504 = CARTESIAN_POINT('',(-20.85,-3.26,0.));
#505 = CIRCLE('',#506,0.65);
#506 = AXIS2_PLACEMENT_3D('',#507,#508,#509);
#507 = CARTESIAN_POINT('',(-21.5,-3.26,0.));
#508 = DIRECTION('',(0.,0.,1.));
#509 = DIRECTION('',(1.,0.,0.));
#510 = FACE_BOUND('',#511,.T.);
#511 = EDGE_LOOP('',(#512));
#512 = ORIENTED_EDGE('',*,*,#513,.T.);
#513 = EDGE_CURVE('',#514,#514,#516,.T.);
#514 = VERTEX_POINT('',#515);
#515 = CARTESIAN_POINT('',(-32.65,-10.9,0.));
#516 = CIRCLE('',#517,0.45);
#517 = AXIS2_PLACEMENT_3D('',#518,#519,#520);
#518 = CARTESIAN_POINT('',(-33.1,-10.9,0.));
#519 = DIRECTION('',(0.,0.,1.));
#520 = DIRECTION('',(1.,0.,0.));
#521 = FACE_BOUND('',#522,.T.);
#522 = EDGE_LOOP('',(#523));
#523 = ORIENTED_EDGE('',*,*,#524,.T.);
#524 = EDGE_CURVE('',#525,#525,#527,.T.);
#525 = VERTEX_POINT('',#526);
#526 = CARTESIAN_POINT('',(44.5,-1.58,0.));
#527 = CIRCLE('',#528,0.5);
#528 = AXIS2_PLACEMENT_3D('',#529,#530,#531);
#529 = CARTESIAN_POINT('',(44.,-1.58,0.));
#530 = DIRECTION('',(0.,0.,1.));
#531 = DIRECTION('',(1.,0.,0.));
#532 = FACE_BOUND('',#533,.T.);
#533 = EDGE_LOOP('',(#534));
#534 = ORIENTED_EDGE('',*,*,#535,.T.);
#535 = EDGE_CURVE('',#536,#536,#538,.T.);
#536 = VERTEX_POINT('',#537);
#537 = CARTESIAN_POINT('',(44.5,0.96,0.));
#538 = CIRCLE('',#539,0.5);
#539 = AXIS2_PLACEMENT_3D('',#540,#541,#542);
#540 = CARTESIAN_POINT('',(44.,0.96,0.));
#541 = DIRECTION('',(0.,0.,1.));
#542 = DIRECTION('',(1.,0.,0.));
#543 = FACE_BOUND('',#544,.T.);
#544 = EDGE_LOOP('',(#545));
#545 = ORIENTED_EDGE('',*,*,#546,.T.);
#546 = EDGE_CURVE('',#547,#547,#549,.T.);
#547 = VERTEX_POINT('',#548);
#548 = CARTESIAN_POINT('',(44.5,3.5,0.));
#549 = CIRCLE('',#550,0.5);
#550 = AXIS2_PLACEMENT_3D('',#551,#552,#553);
#551 = CARTESIAN_POINT('',(44.,3.5,0.));
#552 = DIRECTION('',(0.,0.,1.));
#553 = DIRECTION('',(1.,0.,0.));
#554 = FACE_BOUND('',#555,.T.);
#555 = EDGE_LOOP('',(#556));
#556 = ORIENTED_EDGE('',*,*,#557,.T.);
#557 = EDGE_CURVE('',#558,#558,#560,.T.);
#558 = VERTEX_POINT('',#559);
#559 = CARTESIAN_POINT('',(3.85,17.55,0.));
#560 = CIRCLE('',#561,0.75);
#561 = AXIS2_PLACEMENT_3D('',#562,#563,#564);
#562 = CARTESIAN_POINT('',(3.1,17.55,0.));
#563 = DIRECTION('',(0.,0.,1.));
#564 = DIRECTION('',(1.,0.,0.));
#565 = FACE_BOUND('',#566,.T.);
#566 = EDGE_LOOP('',(#567));
#567 = ORIENTED_EDGE('',*,*,#568,.T.);
#568 = EDGE_CURVE('',#569,#569,#571,.T.);
#569 = VERTEX_POINT('',#570);
#570 = CARTESIAN_POINT('',(31.61,18.2,0.));
#571 = CIRCLE('',#572,0.1);
#572 = AXIS2_PLACEMENT_3D('',#573,#574,#575);
#573 = CARTESIAN_POINT('',(31.51,18.2,0.));
#574 = DIRECTION('',(0.,0.,1.));
#575 = DIRECTION('',(1.,0.,0.));
#576 = FACE_BOUND('',#577,.T.);
#577 = EDGE_LOOP('',(#578));
#578 = ORIENTED_EDGE('',*,*,#579,.T.);
#579 = EDGE_CURVE('',#580,#580,#582,.T.);
#580 = VERTEX_POINT('',#581);
#581 = CARTESIAN_POINT('',(32.16,18.75,0.));
#582 = CIRCLE('',#583,0.1);
#583 = AXIS2_PLACEMENT_3D('',#584,#585,#586);
#584 = CARTESIAN_POINT('',(32.06,18.75,0.));
#585 = DIRECTION('',(0.,0.,1.));
#586 = DIRECTION('',(1.,0.,0.));
#587 = FACE_BOUND('',#588,.T.);
#588 = EDGE_LOOP('',(#589));
#589 = ORIENTED_EDGE('',*,*,#590,.T.);
#590 = EDGE_CURVE('',#591,#591,#593,.T.);
#591 = VERTEX_POINT('',#592);
#592 = CARTESIAN_POINT('',(31.61,19.3,0.));
#593 = CIRCLE('',#594,0.1);
#594 = AXIS2_PLACEMENT_3D('',#595,#596,#597);
#595 = CARTESIAN_POINT('',(31.51,19.3,0.));
#596 = DIRECTION('',(0.,0.,1.));
#597 = DIRECTION('',(1.,0.,0.));
#598 = FACE_BOUND('',#599,.T.);
#599 = EDGE_LOOP('',(#600));
#600 = ORIENTED_EDGE('',*,*,#601,.T.);
#601 = EDGE_CURVE('',#602,#602,#604,.T.);
#602 = VERTEX_POINT('',#603);
#603 = CARTESIAN_POINT('',(32.16,19.85,0.));
#604 = CIRCLE('',#605,0.1);
#605 = AXIS2_PLACEMENT_3D('',#606,#607,#608);
#606 = CARTESIAN_POINT('',(32.06,19.85,0.));
#607 = DIRECTION('',(0.,0.,1.));
#608 = DIRECTION('',(1.,0.,0.));
#609 = FACE_BOUND('',#610,.T.);
#610 = EDGE_LOOP('',(#611));
#611 = ORIENTED_EDGE('',*,*,#612,.T.);
#612 = EDGE_CURVE('',#613,#613,#615,.T.);
#613 = VERTEX_POINT('',#614);
#614 = CARTESIAN_POINT('',(30.51,18.2,0.));
#615 = CIRCLE('',#616,0.1);
#616 = AXIS2_PLACEMENT_3D('',#617,#618,#619);
#617 = CARTESIAN_POINT('',(30.41,18.2,0.));
#618 = DIRECTION('',(0.,0.,1.));
#619 = DIRECTION('',(1.,0.,0.));
#620 = FACE_BOUND('',#621,.T.);
#621 = EDGE_LOOP('',(#622));
#622 = ORIENTED_EDGE('',*,*,#623,.T.);
#623 = EDGE_CURVE('',#624,#624,#626,.T.);
#624 = VERTEX_POINT('',#625);
#625 = CARTESIAN_POINT('',(31.06,18.75,0.));
#626 = CIRCLE('',#627,0.1);
#627 = AXIS2_PLACEMENT_3D('',#628,#629,#630);
#628 = CARTESIAN_POINT('',(30.96,18.75,0.));
#629 = DIRECTION('',(0.,0.,1.));
#630 = DIRECTION('',(1.,0.,0.));
#631 = FACE_BOUND('',#632,.T.);
#632 = EDGE_LOOP('',(#633));
#633 = ORIENTED_EDGE('',*,*,#634,.T.);
#634 = EDGE_CURVE('',#635,#635,#637,.T.);
#635 = VERTEX_POINT('',#636);
#636 = CARTESIAN_POINT('',(29.96,18.75,0.));
#637 = CIRCLE('',#638,0.1);
#638 = AXIS2_PLACEMENT_3D('',#639,#640,#641);
#639 = CARTESIAN_POINT('',(29.86,18.75,0.));
#640 = DIRECTION('',(0.,0.,1.));
#641 = DIRECTION('',(1.,0.,0.));
#642 = FACE_BOUND('',#643,.T.);
#643 = EDGE_LOOP('',(#644));
#644 = ORIENTED_EDGE('',*,*,#645,.T.);
#645 = EDGE_CURVE('',#646,#646,#648,.T.);
#646 = VERTEX_POINT('',#647);
#647 = CARTESIAN_POINT('',(30.51,19.3,0.));
#648 = CIRCLE('',#649,0.1);
#649 = AXIS2_PLACEMENT_3D('',#650,#651,#652);
#650 = CARTESIAN_POINT('',(30.41,19.3,0.));
#651 = DIRECTION('',(0.,0.,1.));
#652 = DIRECTION('',(1.,0.,0.));
#653 = FACE_BOUND('',#654,.T.);
#654 = EDGE_LOOP('',(#655));
#655 = ORIENTED_EDGE('',*,*,#656,.T.);
#656 = EDGE_CURVE('',#657,#657,#659,.T.);
#657 = VERTEX_POINT('',#658);
#658 = CARTESIAN_POINT('',(31.06,19.85,0.));
#659 = CIRCLE('',#660,0.1);
#660 = AXIS2_PLACEMENT_3D('',#661,#662,#663);
#661 = CARTESIAN_POINT('',(30.96,19.85,0.));
#662 = DIRECTION('',(0.,0.,1.));
#663 = DIRECTION('',(1.,0.,0.));
#664 = FACE_BOUND('',#665,.T.);
#665 = EDGE_LOOP('',(#666));
#666 = ORIENTED_EDGE('',*,*,#667,.T.);
#667 = EDGE_CURVE('',#668,#668,#670,.T.);
#668 = VERTEX_POINT('',#669);
#669 = CARTESIAN_POINT('',(29.96,19.85,0.));
#670 = CIRCLE('',#671,0.1);
#671 = AXIS2_PLACEMENT_3D('',#672,#673,#674);
#672 = CARTESIAN_POINT('',(29.86,19.85,0.));
#673 = DIRECTION('',(0.,0.,1.));
#674 = DIRECTION('',(1.,0.,0.));
#675 = FACE_BOUND('',#676,.T.);
#676 = EDGE_LOOP('',(#677));
#677 = ORIENTED_EDGE('',*,*,#678,.T.);
#678 = EDGE_CURVE('',#679,#679,#681,.T.);
#679 = VERTEX_POINT('',#680);
#680 = CARTESIAN_POINT('',(31.61,20.4,0.));
#681 = CIRCLE('',#682,0.1);
#682 = AXIS2_PLACEMENT_3D('',#683,#684,#685);
#683 = CARTESIAN_POINT('',(31.51,20.4,0.));
#684 = DIRECTION('',(0.,0.,1.));
#685 = DIRECTION('',(1.,0.,0.));
#686 = FACE_BOUND('',#687,.T.);
#687 = EDGE_LOOP('',(#688));
#688 = ORIENTED_EDGE('',*,*,#689,.T.);
#689 = EDGE_CURVE('',#690,#690,#692,.T.);
#690 = VERTEX_POINT('',#691);
#691 = CARTESIAN_POINT('',(30.51,20.4,0.));
#692 = CIRCLE('',#693,0.1);
#693 = AXIS2_PLACEMENT_3D('',#694,#695,#696);
#694 = CARTESIAN_POINT('',(30.41,20.4,0.));
#695 = DIRECTION('',(0.,0.,1.));
#696 = DIRECTION('',(1.,0.,0.));
#697 = FACE_BOUND('',#698,.T.);
#698 = EDGE_LOOP('',(#699));
#699 = ORIENTED_EDGE('',*,*,#700,.T.);
#700 = EDGE_CURVE('',#701,#701,#703,.T.);
#701 = VERTEX_POINT('',#702);
#702 = CARTESIAN_POINT('',(45.6,36.,0.));
#703 = CIRCLE('',#704,1.6);
#704 = AXIS2_PLACEMENT_3D('',#705,#706,#707);
#705 = CARTESIAN_POINT('',(44.,36.,0.));
#706 = DIRECTION('',(0.,0.,1.));
#707 = DIRECTION('',(1.,0.,0.));
#708 = FACE_BOUND('',#709,.T.);
#709 = EDGE_LOOP('',(#710));
#710 = ORIENTED_EDGE('',*,*,#711,.T.);
#711 = EDGE_CURVE('',#712,#712,#714,.T.);
#712 = VERTEX_POINT('',#713);
#713 = CARTESIAN_POINT('',(35.72,34.,0.));
#714 = CIRCLE('',#715,0.45);
#715 = AXIS2_PLACEMENT_3D('',#716,#717,#718);
#716 = CARTESIAN_POINT('',(35.27,34.,0.));
#717 = DIRECTION('',(0.,0.,1.));
#718 = DIRECTION('',(1.,0.,0.));
#719 = FACE_BOUND('',#720,.T.);
#720 = EDGE_LOOP('',(#721));
#721 = ORIENTED_EDGE('',*,*,#722,.T.);
#722 = EDGE_CURVE('',#723,#723,#725,.T.);
#723 = VERTEX_POINT('',#724);
#724 = CARTESIAN_POINT('',(33.18,34.,0.));
#725 = CIRCLE('',#726,0.45);
#726 = AXIS2_PLACEMENT_3D('',#727,#728,#729);
#727 = CARTESIAN_POINT('',(32.73,34.,0.));
#728 = DIRECTION('',(0.,0.,1.));
#729 = DIRECTION('',(1.,0.,0.));
#730 = FACE_BOUND('',#731,.T.);
#731 = EDGE_LOOP('',(#732));
#732 = ORIENTED_EDGE('',*,*,#733,.T.);
#733 = EDGE_CURVE('',#734,#734,#736,.T.);
#734 = VERTEX_POINT('',#735);
#735 = CARTESIAN_POINT('',(3.85,25.55,0.));
#736 = CIRCLE('',#737,0.75);
#737 = AXIS2_PLACEMENT_3D('',#738,#739,#740);
#738 = CARTESIAN_POINT('',(3.1,25.55,0.));
#739 = DIRECTION('',(0.,0.,1.));
#740 = DIRECTION('',(1.,0.,0.));
#741 = FACE_BOUND('',#742,.T.);
#742 = EDGE_LOOP('',(#743));
#743 = ORIENTED_EDGE('',*,*,#744,.T.);
#744 = EDGE_CURVE('',#745,#745,#747,.T.);
#745 = VERTEX_POINT('',#746);
#746 = CARTESIAN_POINT('',(22.66,35.5,0.));
#747 = CIRCLE('',#748,0.5);
#748 = AXIS2_PLACEMENT_3D('',#749,#750,#751);
#749 = CARTESIAN_POINT('',(22.16,35.5,0.));
#750 = DIRECTION('',(0.,0.,1.));
#751 = DIRECTION('',(1.,0.,0.));
#752 = FACE_BOUND('',#753,.T.);
#753 = EDGE_LOOP('',(#754));
#754 = ORIENTED_EDGE('',*,*,#755,.T.);
#755 = EDGE_CURVE('',#756,#756,#758,.T.);
#756 = VERTEX_POINT('',#757);
#757 = CARTESIAN_POINT('',(20.12,35.5,0.));
#758 = CIRCLE('',#759,0.5);
#759 = AXIS2_PLACEMENT_3D('',#760,#761,#762);
#760 = CARTESIAN_POINT('',(19.62,35.5,0.));
#761 = DIRECTION('',(0.,0.,1.));
#762 = DIRECTION('',(1.,0.,0.));
#763 = FACE_BOUND('',#764,.T.);
#764 = EDGE_LOOP('',(#765));
#765 = ORIENTED_EDGE('',*,*,#766,.T.);
#766 = EDGE_CURVE('',#767,#767,#769,.T.);
#767 = VERTEX_POINT('',#768);
#768 = CARTESIAN_POINT('',(17.58,35.5,0.));
#769 = CIRCLE('',#770,0.5);
#770 = AXIS2_PLACEMENT_3D('',#771,#772,#773);
#771 = CARTESIAN_POINT('',(17.08,35.5,0.));
#772 = DIRECTION('',(0.,0.,1.));
#773 = DIRECTION('',(1.,0.,0.));
#774 = FACE_BOUND('',#775,.T.);
#775 = EDGE_LOOP('',(#776));
#776 = ORIENTED_EDGE('',*,*,#777,.T.);
#777 = EDGE_CURVE('',#778,#778,#780,.T.);
#778 = VERTEX_POINT('',#779);
#779 = CARTESIAN_POINT('',(15.04,35.5,0.));
#780 = CIRCLE('',#781,0.5);
#781 = AXIS2_PLACEMENT_3D('',#782,#783,#784);
#782 = CARTESIAN_POINT('',(14.54,35.5,0.));
#783 = DIRECTION('',(0.,0.,1.));
#784 = DIRECTION('',(1.,0.,0.));
#785 = FACE_BOUND('',#786,.T.);
#786 = EDGE_LOOP('',(#787));
#787 = ORIENTED_EDGE('',*,*,#788,.T.);
#788 = EDGE_CURVE('',#789,#789,#791,.T.);
#789 = VERTEX_POINT('',#790);
#790 = CARTESIAN_POINT('',(12.5,35.5,0.));
#791 = CIRCLE('',#792,0.5);
#792 = AXIS2_PLACEMENT_3D('',#793,#794,#795);
#793 = CARTESIAN_POINT('',(12.,35.5,0.));
#794 = DIRECTION('',(0.,0.,1.));
#795 = DIRECTION('',(1.,0.,0.));
#796 = FACE_BOUND('',#797,.T.);
#797 = EDGE_LOOP('',(#798));
#798 = ORIENTED_EDGE('',*,*,#799,.T.);
#799 = EDGE_CURVE('',#800,#800,#802,.T.);
#800 = VERTEX_POINT('',#801);
#801 = CARTESIAN_POINT('',(-3.39,7.5,0.));
#802 = CIRCLE('',#803,0.45);
#803 = AXIS2_PLACEMENT_3D('',#804,#805,#806);
#804 = CARTESIAN_POINT('',(-3.84,7.5,0.));
#805 = DIRECTION('',(0.,0.,1.));
#806 = DIRECTION('',(1.,0.,0.));
#807 = FACE_BOUND('',#808,.T.);
#808 = EDGE_LOOP('',(#809));
#809 = ORIENTED_EDGE('',*,*,#810,.T.);
#810 = EDGE_CURVE('',#811,#811,#813,.T.);
#811 = VERTEX_POINT('',#812);
#812 = CARTESIAN_POINT('',(-13.55,7.5,0.));
#813 = CIRCLE('',#814,0.45);
#814 = AXIS2_PLACEMENT_3D('',#815,#816,#817);
#815 = CARTESIAN_POINT('',(-14.,7.5,0.));
#816 = DIRECTION('',(0.,0.,1.));
#817 = DIRECTION('',(1.,0.,0.));
#818 = FACE_BOUND('',#819,.T.);
#819 = EDGE_LOOP('',(#820));
#820 = ORIENTED_EDGE('',*,*,#821,.T.);
#821 = EDGE_CURVE('',#822,#822,#824,.T.);
#822 = VERTEX_POINT('',#823);
#823 = CARTESIAN_POINT('',(-20.85,4.36,0.));
#824 = CIRCLE('',#825,0.65);
#825 = AXIS2_PLACEMENT_3D('',#826,#827,#828);
#826 = CARTESIAN_POINT('',(-21.5,4.36,0.));
#827 = DIRECTION('',(0.,0.,1.));
#828 = DIRECTION('',(1.,0.,0.));
#829 = FACE_BOUND('',#830,.T.);
#830 = EDGE_LOOP('',(#831));
#831 = ORIENTED_EDGE('',*,*,#832,.T.);
#832 = EDGE_CURVE('',#833,#833,#835,.T.);
#833 = VERTEX_POINT('',#834);
#834 = CARTESIAN_POINT('',(-5.39,11.5,0.));
#835 = CIRCLE('',#836,0.45);
#836 = AXIS2_PLACEMENT_3D('',#837,#838,#839);
#837 = CARTESIAN_POINT('',(-5.84,11.5,0.));
#838 = DIRECTION('',(0.,0.,1.));
#839 = DIRECTION('',(1.,0.,0.));
#840 = FACE_BOUND('',#841,.T.);
#841 = EDGE_LOOP('',(#842));
#842 = ORIENTED_EDGE('',*,*,#843,.T.);
#843 = EDGE_CURVE('',#844,#844,#846,.T.);
#844 = VERTEX_POINT('',#845);
#845 = CARTESIAN_POINT('',(-15.55,11.5,0.));
#846 = CIRCLE('',#847,0.45);
#847 = AXIS2_PLACEMENT_3D('',#848,#849,#850);
#848 = CARTESIAN_POINT('',(-16.,11.5,0.));
#849 = DIRECTION('',(0.,0.,1.));
#850 = DIRECTION('',(1.,0.,0.));
#851 = FACE_BOUND('',#852,.T.);
#852 = EDGE_LOOP('',(#853));
#853 = ORIENTED_EDGE('',*,*,#854,.T.);
#854 = EDGE_CURVE('',#855,#855,#857,.T.);
#855 = VERTEX_POINT('',#856);
#856 = CARTESIAN_POINT('',(-18.89,11.5,0.));
#857 = CIRCLE('',#858,0.45);
#858 = AXIS2_PLACEMENT_3D('',#859,#860,#861);
#859 = CARTESIAN_POINT('',(-19.34,11.5,0.));
#860 = DIRECTION('',(0.,0.,1.));
#861 = DIRECTION('',(1.,0.,0.));
#862 = FACE_BOUND('',#863,.T.);
#863 = EDGE_LOOP('',(#864));
#864 = ORIENTED_EDGE('',*,*,#865,.T.);
#865 = EDGE_CURVE('',#866,#866,#868,.T.);
#866 = VERTEX_POINT('',#867);
#867 = CARTESIAN_POINT('',(-29.05,11.5,0.));
#868 = CIRCLE('',#869,0.45);
#869 = AXIS2_PLACEMENT_3D('',#870,#871,#872);
#870 = CARTESIAN_POINT('',(-29.5,11.5,0.));
#871 = DIRECTION('',(0.,0.,1.));
#872 = DIRECTION('',(1.,0.,0.));
#873 = FACE_BOUND('',#874,.T.);
#874 = EDGE_LOOP('',(#875));
#875 = ORIENTED_EDGE('',*,*,#876,.T.);
#876 = EDGE_CURVE('',#877,#877,#879,.T.);
#877 = VERTEX_POINT('',#878);
#878 = CARTESIAN_POINT('',(-32.39,11.5,0.));
#879 = CIRCLE('',#880,0.45);
#880 = AXIS2_PLACEMENT_3D('',#881,#882,#883);
#881 = CARTESIAN_POINT('',(-32.84,11.5,0.));
#882 = DIRECTION('',(0.,0.,1.));
#883 = DIRECTION('',(1.,0.,0.));
#884 = FACE_BOUND('',#885,.T.);
#885 = EDGE_LOOP('',(#886));
#886 = ORIENTED_EDGE('',*,*,#887,.T.);
#887 = EDGE_CURVE('',#888,#888,#890,.T.);
#888 = VERTEX_POINT('',#889);
#889 = CARTESIAN_POINT('',(-42.55,11.5,0.));
#890 = CIRCLE('',#891,0.45);
#891 = AXIS2_PLACEMENT_3D('',#892,#893,#894);
#892 = CARTESIAN_POINT('',(-43.,11.5,0.));
#893 = DIRECTION('',(0.,0.,1.));
#894 = DIRECTION('',(1.,0.,0.));
#895 = FACE_BOUND('',#896,.T.);
#896 = EDGE_LOOP('',(#897));
#897 = ORIENTED_EDGE('',*,*,#898,.T.);
#898 = EDGE_CURVE('',#899,#899,#901,.T.);
#899 = VERTEX_POINT('',#900);
#900 = CARTESIAN_POINT('',(-34.65,17.55,0.));
#901 = CIRCLE('',#902,0.75);
#902 = AXIS2_PLACEMENT_3D('',#903,#904,#905);
#903 = CARTESIAN_POINT('',(-35.4,17.55,0.));
#904 = DIRECTION('',(0.,0.,1.));
#905 = DIRECTION('',(1.,0.,0.));
#906 = FACE_BOUND('',#907,.T.);
#907 = EDGE_LOOP('',(#908));
#908 = ORIENTED_EDGE('',*,*,#909,.T.);
#909 = EDGE_CURVE('',#910,#910,#912,.T.);
#910 = VERTEX_POINT('',#911);
#911 = CARTESIAN_POINT('',(-34.65,28.3,0.));
#912 = CIRCLE('',#913,0.75);
#913 = AXIS2_PLACEMENT_3D('',#914,#915,#916);
#914 = CARTESIAN_POINT('',(-35.4,28.3,0.));
#915 = DIRECTION('',(0.,0.,1.));
#916 = DIRECTION('',(1.,0.,0.));
#917 = FACE_BOUND('',#918,.T.);
#918 = EDGE_LOOP('',(#919));
#919 = ORIENTED_EDGE('',*,*,#920,.T.);
#920 = EDGE_CURVE('',#921,#921,#923,.T.);
#921 = VERTEX_POINT('',#922);
#922 = CARTESIAN_POINT('',(-42.4,36.,0.));
#923 = CIRCLE('',#924,1.6);
#924 = AXIS2_PLACEMENT_3D('',#925,#926,#927);
#925 = CARTESIAN_POINT('',(-44.,36.,0.));
#926 = DIRECTION('',(0.,0.,1.));
#927 = DIRECTION('',(1.,0.,0.));
#928 = PLANE('',#929);
#929 = AXIS2_PLACEMENT_3D('',#930,#931,#932);
#930 = CARTESIAN_POINT('',(-1.007860846194,-0.408430633437,0.));
#931 = DIRECTION('',(-0.,-0.,-1.));
#932 = DIRECTION('',(-1.,0.,0.));
#933 = ADVANCED_FACE('',(#934,#1080,#1091,#1102,#1113,#1124,#1135,#1146,
    #1157,#1168,#1179,#1190,#1201,#1212,#1223,#1234,#1245,#1256,#1267,
    #1278,#1289,#1300,#1311,#1322,#1333,#1344,#1355,#1366,#1377,#1388,
    #1399,#1410,#1421,#1432,#1443,#1454,#1465,#1476,#1487,#1498,#1509,
    #1520,#1531,#1542,#1553,#1564,#1575,#1586,#1597,#1608,#1619,#1630,
    #1641,#1652,#1663,#1674,#1685,#1696,#1707,#1718,#1729),#1740,.F.);
#934 = FACE_BOUND('',#935,.F.);
#935 = EDGE_LOOP('',(#936,#937,#938,#946,#955,#963,#972,#980,#988,#997,
    #1005,#1014,#1022,#1030,#1039,#1047,#1056,#1064,#1072,#1079));
#936 = ORIENTED_EDGE('',*,*,#31,.T.);
#937 = ORIENTED_EDGE('',*,*,#95,.T.);
#938 = ORIENTED_EDGE('',*,*,#939,.T.);
#939 = EDGE_CURVE('',#96,#940,#942,.T.);
#940 = VERTEX_POINT('',#941);
#941 = CARTESIAN_POINT('',(-50.,32.5,1.6));
#942 = LINE('',#943,#944);
#943 = CARTESIAN_POINT('',(-50.,-8.,1.6));
#944 = VECTOR('',#945,1.);
#945 = DIRECTION('',(0.,1.,0.));
#946 = ORIENTED_EDGE('',*,*,#947,.T.);
#947 = EDGE_CURVE('',#940,#948,#950,.T.);
#948 = VERTEX_POINT('',#949);
#949 = CARTESIAN_POINT('',(-40.,42.5,1.6));
#950 = CIRCLE('',#951,9.999999357669);
#951 = AXIS2_PLACEMENT_3D('',#952,#953,#954);
#952 = CARTESIAN_POINT('',(-40.00000064233,32.500000642331,1.6));
#953 = DIRECTION('',(0.,0.,-1.));
#954 = DIRECTION('',(-1.,-6.423314275614E-08,-0.));
#955 = ORIENTED_EDGE('',*,*,#956,.T.);
#956 = EDGE_CURVE('',#948,#957,#959,.T.);
#957 = VERTEX_POINT('',#958);
#958 = CARTESIAN_POINT('',(40.,42.5,1.6));
#959 = LINE('',#960,#961);
#960 = CARTESIAN_POINT('',(-40.,42.5,1.6));
#961 = VECTOR('',#962,1.);
#962 = DIRECTION('',(1.,0.,0.));
#963 = ORIENTED_EDGE('',*,*,#964,.T.);
#964 = EDGE_CURVE('',#957,#965,#967,.T.);
#965 = VERTEX_POINT('',#966);
#966 = CARTESIAN_POINT('',(50.,32.5,1.6));
#967 = CIRCLE('',#968,10.000001064775);
#968 = AXIS2_PLACEMENT_3D('',#969,#970,#971);
#969 = CARTESIAN_POINT('',(39.999998935225,32.499998935225,1.6));
#970 = DIRECTION('',(0.,0.,-1.));
#971 = DIRECTION('',(1.064775304683E-07,1.,0.));
#972 = ORIENTED_EDGE('',*,*,#973,.T.);
#973 = EDGE_CURVE('',#965,#974,#976,.T.);
#974 = VERTEX_POINT('',#975);
#975 = CARTESIAN_POINT('',(50.,22.,1.6));
#976 = LINE('',#977,#978);
#977 = CARTESIAN_POINT('',(50.,32.5,1.6));
#978 = VECTOR('',#979,1.);
#979 = DIRECTION('',(0.,-1.,0.));
#980 = ORIENTED_EDGE('',*,*,#981,.T.);
#981 = EDGE_CURVE('',#974,#982,#984,.T.);
#982 = VERTEX_POINT('',#983);
#983 = CARTESIAN_POINT('',(45.,22.,1.6));
#984 = LINE('',#985,#986);
#985 = CARTESIAN_POINT('',(50.,22.,1.6));
#986 = VECTOR('',#987,1.);
#987 = DIRECTION('',(-1.,0.,0.));
#988 = ORIENTED_EDGE('',*,*,#989,.T.);
#989 = EDGE_CURVE('',#982,#990,#992,.T.);
#990 = VERTEX_POINT('',#991);
#991 = CARTESIAN_POINT('',(44.,21.,1.6));
#992 = CIRCLE('',#993,0.999999252925);
#993 = AXIS2_PLACEMENT_3D('',#994,#995,#996);
#994 = CARTESIAN_POINT('',(44.999999252925,21.000000747075,1.6));
#995 = DIRECTION('',(-0.,0.,1.));
#996 = DIRECTION('',(-1.,-7.470757314012E-07,-0.));
#997 = ORIENTED_EDGE('',*,*,#998,.T.);
#998 = EDGE_CURVE('',#990,#999,#1001,.T.);
#999 = VERTEX_POINT('',#1000);
#1000 = CARTESIAN_POINT('',(44.,13.,1.6));
#1001 = LINE('',#1002,#1003);
#1002 = CARTESIAN_POINT('',(44.,21.,1.6));
#1003 = VECTOR('',#1004,1.);
#1004 = DIRECTION('',(0.,-1.,0.));
#1005 = ORIENTED_EDGE('',*,*,#1006,.T.);
#1006 = EDGE_CURVE('',#999,#1007,#1009,.T.);
#1007 = VERTEX_POINT('',#1008);
#1008 = CARTESIAN_POINT('',(45.,12.,1.6));
#1009 = CIRCLE('',#1010,0.999999252925);
#1010 = AXIS2_PLACEMENT_3D('',#1011,#1012,#1013);
#1011 = CARTESIAN_POINT('',(44.999999252925,12.999999252925,1.6));
#1012 = DIRECTION('',(-0.,0.,1.));
#1013 = DIRECTION('',(7.470757278485E-07,-1.,0.));
#1014 = ORIENTED_EDGE('',*,*,#1015,.T.);
#1015 = EDGE_CURVE('',#1007,#1016,#1018,.T.);
#1016 = VERTEX_POINT('',#1017);
#1017 = CARTESIAN_POINT('',(50.,12.,1.6));
#1018 = LINE('',#1019,#1020);
#1019 = CARTESIAN_POINT('',(45.,12.,1.6));
#1020 = VECTOR('',#1021,1.);
#1021 = DIRECTION('',(1.,0.,0.));
#1022 = ORIENTED_EDGE('',*,*,#1023,.T.);
#1023 = EDGE_CURVE('',#1016,#1024,#1026,.T.);
#1024 = VERTEX_POINT('',#1025);
#1025 = CARTESIAN_POINT('',(50.,-32.5,1.6));
#1026 = LINE('',#1027,#1028);
#1027 = CARTESIAN_POINT('',(50.,12.,1.6));
#1028 = VECTOR('',#1029,1.);
#1029 = DIRECTION('',(0.,-1.,0.));
#1030 = ORIENTED_EDGE('',*,*,#1031,.T.);
#1031 = EDGE_CURVE('',#1024,#1032,#1034,.T.);
#1032 = VERTEX_POINT('',#1033);
#1033 = CARTESIAN_POINT('',(40.,-42.5,1.6));
#1034 = CIRCLE('',#1035,10.000002771883);
#1035 = AXIS2_PLACEMENT_3D('',#1036,#1037,#1038);
#1036 = CARTESIAN_POINT('',(39.999997228117,-32.49999722811,1.6));
#1037 = DIRECTION('',(0.,0.,-1.));
#1038 = DIRECTION('',(1.,-2.771882278315E-07,0.));
#1039 = ORIENTED_EDGE('',*,*,#1040,.T.);
#1040 = EDGE_CURVE('',#1032,#1041,#1043,.T.);
#1041 = VERTEX_POINT('',#1042);
#1042 = CARTESIAN_POINT('',(-40.,-42.5,1.6));
#1043 = LINE('',#1044,#1045);
#1044 = CARTESIAN_POINT('',(40.,-42.5,1.6));
#1045 = VECTOR('',#1046,1.);
#1046 = DIRECTION('',(-1.,0.,0.));
#1047 = ORIENTED_EDGE('',*,*,#1048,.T.);
#1048 = EDGE_CURVE('',#1041,#1049,#1051,.T.);
#1049 = VERTEX_POINT('',#1050);
#1050 = CARTESIAN_POINT('',(-50.,-32.5,1.6));
#1051 = CIRCLE('',#1052,10.000001064775);
#1052 = AXIS2_PLACEMENT_3D('',#1053,#1054,#1055);
#1053 = CARTESIAN_POINT('',(-39.99999893522,-32.49999893522,1.6));
#1054 = DIRECTION('',(0.,0.,-1.));
#1055 = DIRECTION('',(-1.064775304683E-07,-1.,-0.));
#1056 = ORIENTED_EDGE('',*,*,#1057,.T.);
#1057 = EDGE_CURVE('',#1049,#1058,#1060,.T.);
#1058 = VERTEX_POINT('',#1059);
#1059 = CARTESIAN_POINT('',(-50.,-22.,1.6));
#1060 = LINE('',#1061,#1062);
#1061 = CARTESIAN_POINT('',(-50.,-32.5,1.6));
#1062 = VECTOR('',#1063,1.);
#1063 = DIRECTION('',(0.,1.,0.));
#1064 = ORIENTED_EDGE('',*,*,#1065,.T.);
#1065 = EDGE_CURVE('',#1058,#1066,#1068,.T.);
#1066 = VERTEX_POINT('',#1067);
#1067 = CARTESIAN_POINT('',(-39.,-22.,1.6));
#1068 = LINE('',#1069,#1070);
#1069 = CARTESIAN_POINT('',(-50.,-22.,1.6));
#1070 = VECTOR('',#1071,1.);
#1071 = DIRECTION('',(1.,0.,0.));
#1072 = ORIENTED_EDGE('',*,*,#1073,.T.);
#1073 = EDGE_CURVE('',#1066,#66,#1074,.T.);
#1074 = CIRCLE('',#1075,0.999999252925);
#1075 = AXIS2_PLACEMENT_3D('',#1076,#1077,#1078);
#1076 = CARTESIAN_POINT('',(-38.99999925292,-21.00000074707,1.6));
#1077 = DIRECTION('',(0.,-0.,1.));
#1078 = DIRECTION('',(1.,7.470757314012E-07,0.));
#1079 = ORIENTED_EDGE('',*,*,#73,.T.);
#1080 = FACE_BOUND('',#1081,.F.);
#1081 = EDGE_LOOP('',(#1082));
#1082 = ORIENTED_EDGE('',*,*,#1083,.T.);
#1083 = EDGE_CURVE('',#1084,#1084,#1086,.T.);
#1084 = VERTEX_POINT('',#1085);
#1085 = CARTESIAN_POINT('',(45.6,-36.,1.6));
#1086 = CIRCLE('',#1087,1.6);
#1087 = AXIS2_PLACEMENT_3D('',#1088,#1089,#1090);
#1088 = CARTESIAN_POINT('',(44.,-36.,1.6));
#1089 = DIRECTION('',(0.,0.,1.));
#1090 = DIRECTION('',(1.,0.,0.));
#1091 = FACE_BOUND('',#1092,.F.);
#1092 = EDGE_LOOP('',(#1093));
#1093 = ORIENTED_EDGE('',*,*,#1094,.T.);
#1094 = EDGE_CURVE('',#1095,#1095,#1097,.T.);
#1095 = VERTEX_POINT('',#1096);
#1096 = CARTESIAN_POINT('',(27.8,-36.25,1.6));
#1097 = CIRCLE('',#1098,0.55);
#1098 = AXIS2_PLACEMENT_3D('',#1099,#1100,#1101);
#1099 = CARTESIAN_POINT('',(27.25,-36.25,1.6));
#1100 = DIRECTION('',(0.,0.,1.));
#1101 = DIRECTION('',(1.,0.,0.));
#1102 = FACE_BOUND('',#1103,.F.);
#1103 = EDGE_LOOP('',(#1104));
#1104 = ORIENTED_EDGE('',*,*,#1105,.T.);
#1105 = EDGE_CURVE('',#1106,#1106,#1108,.T.);
#1106 = VERTEX_POINT('',#1107);
#1107 = CARTESIAN_POINT('',(27.8,-31.75,1.6));
#1108 = CIRCLE('',#1109,0.55);
#1109 = AXIS2_PLACEMENT_3D('',#1110,#1111,#1112);
#1110 = CARTESIAN_POINT('',(27.25,-31.75,1.6));
#1111 = DIRECTION('',(0.,0.,1.));
#1112 = DIRECTION('',(1.,0.,0.));
#1113 = FACE_BOUND('',#1114,.F.);
#1114 = EDGE_LOOP('',(#1115));
#1115 = ORIENTED_EDGE('',*,*,#1116,.T.);
#1116 = EDGE_CURVE('',#1117,#1117,#1119,.T.);
#1117 = VERTEX_POINT('',#1118);
#1118 = CARTESIAN_POINT('',(41.8,-27.25,1.6));
#1119 = CIRCLE('',#1120,0.55);
#1120 = AXIS2_PLACEMENT_3D('',#1121,#1122,#1123);
#1121 = CARTESIAN_POINT('',(41.25,-27.25,1.6));
#1122 = DIRECTION('',(0.,0.,1.));
#1123 = DIRECTION('',(1.,0.,0.));
#1124 = FACE_BOUND('',#1125,.F.);
#1125 = EDGE_LOOP('',(#1126));
#1126 = ORIENTED_EDGE('',*,*,#1127,.T.);
#1127 = EDGE_CURVE('',#1128,#1128,#1130,.T.);
#1128 = VERTEX_POINT('',#1129);
#1129 = CARTESIAN_POINT('',(35.3,-27.25,1.6));
#1130 = CIRCLE('',#1131,0.55);
#1131 = AXIS2_PLACEMENT_3D('',#1132,#1133,#1134);
#1132 = CARTESIAN_POINT('',(34.75,-27.25,1.6));
#1133 = DIRECTION('',(0.,0.,1.));
#1134 = DIRECTION('',(1.,0.,0.));
#1135 = FACE_BOUND('',#1136,.F.);
#1136 = EDGE_LOOP('',(#1137));
#1137 = ORIENTED_EDGE('',*,*,#1138,.T.);
#1138 = EDGE_CURVE('',#1139,#1139,#1141,.T.);
#1139 = VERTEX_POINT('',#1140);
#1140 = CARTESIAN_POINT('',(41.8,-22.75,1.6));
#1141 = CIRCLE('',#1142,0.55);
#1142 = AXIS2_PLACEMENT_3D('',#1143,#1144,#1145);
#1143 = CARTESIAN_POINT('',(41.25,-22.75,1.6));
#1144 = DIRECTION('',(0.,0.,1.));
#1145 = DIRECTION('',(1.,0.,0.));
#1146 = FACE_BOUND('',#1147,.F.);
#1147 = EDGE_LOOP('',(#1148));
#1148 = ORIENTED_EDGE('',*,*,#1149,.T.);
#1149 = EDGE_CURVE('',#1150,#1150,#1152,.T.);
#1150 = VERTEX_POINT('',#1151);
#1151 = CARTESIAN_POINT('',(35.3,-22.75,1.6));
#1152 = CIRCLE('',#1153,0.55);
#1153 = AXIS2_PLACEMENT_3D('',#1154,#1155,#1156);
#1154 = CARTESIAN_POINT('',(34.75,-22.75,1.6));
#1155 = DIRECTION('',(0.,0.,1.));
#1156 = DIRECTION('',(1.,0.,0.));
#1157 = FACE_BOUND('',#1158,.F.);
#1158 = EDGE_LOOP('',(#1159));
#1159 = ORIENTED_EDGE('',*,*,#1160,.T.);
#1160 = EDGE_CURVE('',#1161,#1161,#1163,.T.);
#1161 = VERTEX_POINT('',#1162);
#1162 = CARTESIAN_POINT('',(21.3,-36.25,1.6));
#1163 = CIRCLE('',#1164,0.55);
#1164 = AXIS2_PLACEMENT_3D('',#1165,#1166,#1167);
#1165 = CARTESIAN_POINT('',(20.75,-36.25,1.6));
#1166 = DIRECTION('',(0.,0.,1.));
#1167 = DIRECTION('',(1.,0.,0.));
#1168 = FACE_BOUND('',#1169,.F.);
#1169 = EDGE_LOOP('',(#1170));
#1170 = ORIENTED_EDGE('',*,*,#1171,.T.);
#1171 = EDGE_CURVE('',#1172,#1172,#1174,.T.);
#1172 = VERTEX_POINT('',#1173);
#1173 = CARTESIAN_POINT('',(21.3,-31.75,1.6));
#1174 = CIRCLE('',#1175,0.55);
#1175 = AXIS2_PLACEMENT_3D('',#1176,#1177,#1178);
#1176 = CARTESIAN_POINT('',(20.75,-31.75,1.6));
#1177 = DIRECTION('',(0.,0.,1.));
#1178 = DIRECTION('',(1.,0.,0.));
#1179 = FACE_BOUND('',#1180,.F.);
#1180 = EDGE_LOOP('',(#1181));
#1181 = ORIENTED_EDGE('',*,*,#1182,.T.);
#1182 = EDGE_CURVE('',#1183,#1183,#1185,.T.);
#1183 = VERTEX_POINT('',#1184);
#1184 = CARTESIAN_POINT('',(20.15,-12.5,1.6));
#1185 = CIRCLE('',#1186,0.65);
#1186 = AXIS2_PLACEMENT_3D('',#1187,#1188,#1189);
#1187 = CARTESIAN_POINT('',(19.5,-12.5,1.6));
#1188 = DIRECTION('',(0.,0.,1.));
#1189 = DIRECTION('',(1.,0.,0.));
#1190 = FACE_BOUND('',#1191,.F.);
#1191 = EDGE_LOOP('',(#1192));
#1192 = ORIENTED_EDGE('',*,*,#1193,.T.);
#1193 = EDGE_CURVE('',#1194,#1194,#1196,.T.);
#1194 = VERTEX_POINT('',#1195);
#1195 = CARTESIAN_POINT('',(4.89,-12.5,1.6));
#1196 = CIRCLE('',#1197,0.65);
#1197 = AXIS2_PLACEMENT_3D('',#1198,#1199,#1200);
#1198 = CARTESIAN_POINT('',(4.24,-12.5,1.6));
#1199 = DIRECTION('',(0.,0.,1.));
#1200 = DIRECTION('',(1.,0.,0.));
#1201 = FACE_BOUND('',#1202,.F.);
#1202 = EDGE_LOOP('',(#1203));
#1203 = ORIENTED_EDGE('',*,*,#1204,.T.);
#1204 = EDGE_CURVE('',#1205,#1205,#1207,.T.);
#1205 = VERTEX_POINT('',#1206);
#1206 = CARTESIAN_POINT('',(20.15,-5.,1.6));
#1207 = CIRCLE('',#1208,0.65);
#1208 = AXIS2_PLACEMENT_3D('',#1209,#1210,#1211);
#1209 = CARTESIAN_POINT('',(19.5,-5.,1.6));
#1210 = DIRECTION('',(0.,0.,1.));
#1211 = DIRECTION('',(1.,0.,0.));
#1212 = FACE_BOUND('',#1213,.F.);
#1213 = EDGE_LOOP('',(#1214));
#1214 = ORIENTED_EDGE('',*,*,#1215,.T.);
#1215 = EDGE_CURVE('',#1216,#1216,#1218,.T.);
#1216 = VERTEX_POINT('',#1217);
#1217 = CARTESIAN_POINT('',(4.89,-5.,1.6));
#1218 = CIRCLE('',#1219,0.65);
#1219 = AXIS2_PLACEMENT_3D('',#1220,#1221,#1222);
#1220 = CARTESIAN_POINT('',(4.24,-5.,1.6));
#1221 = DIRECTION('',(0.,0.,1.));
#1222 = DIRECTION('',(1.,0.,0.));
#1223 = FACE_BOUND('',#1224,.F.);
#1224 = EDGE_LOOP('',(#1225));
#1225 = ORIENTED_EDGE('',*,*,#1226,.T.);
#1226 = EDGE_CURVE('',#1227,#1227,#1229,.T.);
#1227 = VERTEX_POINT('',#1228);
#1228 = CARTESIAN_POINT('',(-32.65,-40.9,1.6));
#1229 = CIRCLE('',#1230,0.45);
#1230 = AXIS2_PLACEMENT_3D('',#1231,#1232,#1233);
#1231 = CARTESIAN_POINT('',(-33.1,-40.9,1.6));
#1232 = DIRECTION('',(0.,0.,1.));
#1233 = DIRECTION('',(1.,0.,0.));
#1234 = FACE_BOUND('',#1235,.F.);
#1235 = EDGE_LOOP('',(#1236));
#1236 = ORIENTED_EDGE('',*,*,#1237,.T.);
#1237 = EDGE_CURVE('',#1238,#1238,#1240,.T.);
#1238 = VERTEX_POINT('',#1239);
#1239 = CARTESIAN_POINT('',(-42.4,-36.,1.6));
#1240 = CIRCLE('',#1241,1.6);
#1241 = AXIS2_PLACEMENT_3D('',#1242,#1243,#1244);
#1242 = CARTESIAN_POINT('',(-44.,-36.,1.6));
#1243 = DIRECTION('',(0.,0.,1.));
#1244 = DIRECTION('',(1.,0.,0.));
#1245 = FACE_BOUND('',#1246,.F.);
#1246 = EDGE_LOOP('',(#1247));
#1247 = ORIENTED_EDGE('',*,*,#1248,.T.);
#1248 = EDGE_CURVE('',#1249,#1249,#1251,.T.);
#1249 = VERTEX_POINT('',#1250);
#1250 = CARTESIAN_POINT('',(-0.15,-12.5,1.6));
#1251 = CIRCLE('',#1252,0.65);
#1252 = AXIS2_PLACEMENT_3D('',#1253,#1254,#1255);
#1253 = CARTESIAN_POINT('',(-0.8,-12.5,1.6));
#1254 = DIRECTION('',(0.,0.,1.));
#1255 = DIRECTION('',(1.,0.,0.));
#1256 = FACE_BOUND('',#1257,.F.);
#1257 = EDGE_LOOP('',(#1258));
#1258 = ORIENTED_EDGE('',*,*,#1259,.T.);
#1259 = EDGE_CURVE('',#1260,#1260,#1262,.T.);
#1260 = VERTEX_POINT('',#1261);
#1261 = CARTESIAN_POINT('',(-5.19,-12.5,1.6));
#1262 = CIRCLE('',#1263,0.65);
#1263 = AXIS2_PLACEMENT_3D('',#1264,#1265,#1266);
#1264 = CARTESIAN_POINT('',(-5.84,-12.5,1.6));
#1265 = DIRECTION('',(0.,0.,1.));
#1266 = DIRECTION('',(1.,0.,0.));
#1267 = FACE_BOUND('',#1268,.F.);
#1268 = EDGE_LOOP('',(#1269));
#1269 = ORIENTED_EDGE('',*,*,#1270,.T.);
#1270 = EDGE_CURVE('',#1271,#1271,#1273,.T.);
#1271 = VERTEX_POINT('',#1272);
#1272 = CARTESIAN_POINT('',(-20.85,-19.5,1.6));
#1273 = CIRCLE('',#1274,0.65);
#1274 = AXIS2_PLACEMENT_3D('',#1275,#1276,#1277);
#1275 = CARTESIAN_POINT('',(-21.5,-19.5,1.6));
#1276 = DIRECTION('',(0.,0.,1.));
#1277 = DIRECTION('',(1.,0.,0.));
#1278 = FACE_BOUND('',#1279,.F.);
#1279 = EDGE_LOOP('',(#1280));
#1280 = ORIENTED_EDGE('',*,*,#1281,.T.);
#1281 = EDGE_CURVE('',#1282,#1282,#1284,.T.);
#1282 = VERTEX_POINT('',#1283);
#1283 = CARTESIAN_POINT('',(-20.85,-11.88,1.6));
#1284 = CIRCLE('',#1285,0.65);
#1285 = AXIS2_PLACEMENT_3D('',#1286,#1287,#1288);
#1286 = CARTESIAN_POINT('',(-21.5,-11.88,1.6));
#1287 = DIRECTION('',(0.,0.,1.));
#1288 = DIRECTION('',(1.,0.,0.));
#1289 = FACE_BOUND('',#1290,.F.);
#1290 = EDGE_LOOP('',(#1291));
#1291 = ORIENTED_EDGE('',*,*,#1292,.T.);
#1292 = EDGE_CURVE('',#1293,#1293,#1295,.T.);
#1293 = VERTEX_POINT('',#1294);
#1294 = CARTESIAN_POINT('',(-0.15,-5.,1.6));
#1295 = CIRCLE('',#1296,0.65);
#1296 = AXIS2_PLACEMENT_3D('',#1297,#1298,#1299);
#1297 = CARTESIAN_POINT('',(-0.8,-5.,1.6));
#1298 = DIRECTION('',(0.,0.,1.));
#1299 = DIRECTION('',(1.,0.,0.));
#1300 = FACE_BOUND('',#1301,.F.);
#1301 = EDGE_LOOP('',(#1302));
#1302 = ORIENTED_EDGE('',*,*,#1303,.T.);
#1303 = EDGE_CURVE('',#1304,#1304,#1306,.T.);
#1304 = VERTEX_POINT('',#1305);
#1305 = CARTESIAN_POINT('',(-5.19,-5.,1.6));
#1306 = CIRCLE('',#1307,0.65);
#1307 = AXIS2_PLACEMENT_3D('',#1308,#1309,#1310);
#1308 = CARTESIAN_POINT('',(-5.84,-5.,1.6));
#1309 = DIRECTION('',(0.,0.,1.));
#1310 = DIRECTION('',(1.,0.,0.));
#1311 = FACE_BOUND('',#1312,.F.);
#1312 = EDGE_LOOP('',(#1313));
#1313 = ORIENTED_EDGE('',*,*,#1314,.T.);
#1314 = EDGE_CURVE('',#1315,#1315,#1317,.T.);
#1315 = VERTEX_POINT('',#1316);
#1316 = CARTESIAN_POINT('',(-20.85,-3.26,1.6));
#1317 = CIRCLE('',#1318,0.65);
#1318 = AXIS2_PLACEMENT_3D('',#1319,#1320,#1321);
#1319 = CARTESIAN_POINT('',(-21.5,-3.26,1.6));
#1320 = DIRECTION('',(0.,0.,1.));
#1321 = DIRECTION('',(1.,0.,0.));
#1322 = FACE_BOUND('',#1323,.F.);
#1323 = EDGE_LOOP('',(#1324));
#1324 = ORIENTED_EDGE('',*,*,#1325,.T.);
#1325 = EDGE_CURVE('',#1326,#1326,#1328,.T.);
#1326 = VERTEX_POINT('',#1327);
#1327 = CARTESIAN_POINT('',(-32.65,-10.9,1.6));
#1328 = CIRCLE('',#1329,0.45);
#1329 = AXIS2_PLACEMENT_3D('',#1330,#1331,#1332);
#1330 = CARTESIAN_POINT('',(-33.1,-10.9,1.6));
#1331 = DIRECTION('',(0.,0.,1.));
#1332 = DIRECTION('',(1.,0.,0.));
#1333 = FACE_BOUND('',#1334,.F.);
#1334 = EDGE_LOOP('',(#1335));
#1335 = ORIENTED_EDGE('',*,*,#1336,.T.);
#1336 = EDGE_CURVE('',#1337,#1337,#1339,.T.);
#1337 = VERTEX_POINT('',#1338);
#1338 = CARTESIAN_POINT('',(44.5,-1.58,1.6));
#1339 = CIRCLE('',#1340,0.5);
#1340 = AXIS2_PLACEMENT_3D('',#1341,#1342,#1343);
#1341 = CARTESIAN_POINT('',(44.,-1.58,1.6));
#1342 = DIRECTION('',(0.,0.,1.));
#1343 = DIRECTION('',(1.,0.,0.));
#1344 = FACE_BOUND('',#1345,.F.);
#1345 = EDGE_LOOP('',(#1346));
#1346 = ORIENTED_EDGE('',*,*,#1347,.T.);
#1347 = EDGE_CURVE('',#1348,#1348,#1350,.T.);
#1348 = VERTEX_POINT('',#1349);
#1349 = CARTESIAN_POINT('',(44.5,0.96,1.6));
#1350 = CIRCLE('',#1351,0.5);
#1351 = AXIS2_PLACEMENT_3D('',#1352,#1353,#1354);
#1352 = CARTESIAN_POINT('',(44.,0.96,1.6));
#1353 = DIRECTION('',(0.,0.,1.));
#1354 = DIRECTION('',(1.,0.,0.));
#1355 = FACE_BOUND('',#1356,.F.);
#1356 = EDGE_LOOP('',(#1357));
#1357 = ORIENTED_EDGE('',*,*,#1358,.T.);
#1358 = EDGE_CURVE('',#1359,#1359,#1361,.T.);
#1359 = VERTEX_POINT('',#1360);
#1360 = CARTESIAN_POINT('',(44.5,3.5,1.6));
#1361 = CIRCLE('',#1362,0.5);
#1362 = AXIS2_PLACEMENT_3D('',#1363,#1364,#1365);
#1363 = CARTESIAN_POINT('',(44.,3.5,1.6));
#1364 = DIRECTION('',(0.,0.,1.));
#1365 = DIRECTION('',(1.,0.,0.));
#1366 = FACE_BOUND('',#1367,.F.);
#1367 = EDGE_LOOP('',(#1368));
#1368 = ORIENTED_EDGE('',*,*,#1369,.T.);
#1369 = EDGE_CURVE('',#1370,#1370,#1372,.T.);
#1370 = VERTEX_POINT('',#1371);
#1371 = CARTESIAN_POINT('',(3.85,17.55,1.6));
#1372 = CIRCLE('',#1373,0.75);
#1373 = AXIS2_PLACEMENT_3D('',#1374,#1375,#1376);
#1374 = CARTESIAN_POINT('',(3.1,17.55,1.6));
#1375 = DIRECTION('',(0.,0.,1.));
#1376 = DIRECTION('',(1.,0.,0.));
#1377 = FACE_BOUND('',#1378,.F.);
#1378 = EDGE_LOOP('',(#1379));
#1379 = ORIENTED_EDGE('',*,*,#1380,.T.);
#1380 = EDGE_CURVE('',#1381,#1381,#1383,.T.);
#1381 = VERTEX_POINT('',#1382);
#1382 = CARTESIAN_POINT('',(31.61,18.2,1.6));
#1383 = CIRCLE('',#1384,0.1);
#1384 = AXIS2_PLACEMENT_3D('',#1385,#1386,#1387);
#1385 = CARTESIAN_POINT('',(31.51,18.2,1.6));
#1386 = DIRECTION('',(0.,0.,1.));
#1387 = DIRECTION('',(1.,0.,0.));
#1388 = FACE_BOUND('',#1389,.F.);
#1389 = EDGE_LOOP('',(#1390));
#1390 = ORIENTED_EDGE('',*,*,#1391,.T.);
#1391 = EDGE_CURVE('',#1392,#1392,#1394,.T.);
#1392 = VERTEX_POINT('',#1393);
#1393 = CARTESIAN_POINT('',(32.16,18.75,1.6));
#1394 = CIRCLE('',#1395,0.1);
#1395 = AXIS2_PLACEMENT_3D('',#1396,#1397,#1398);
#1396 = CARTESIAN_POINT('',(32.06,18.75,1.6));
#1397 = DIRECTION('',(0.,0.,1.));
#1398 = DIRECTION('',(1.,0.,0.));
#1399 = FACE_BOUND('',#1400,.F.);
#1400 = EDGE_LOOP('',(#1401));
#1401 = ORIENTED_EDGE('',*,*,#1402,.T.);
#1402 = EDGE_CURVE('',#1403,#1403,#1405,.T.);
#1403 = VERTEX_POINT('',#1404);
#1404 = CARTESIAN_POINT('',(31.61,19.3,1.6));
#1405 = CIRCLE('',#1406,0.1);
#1406 = AXIS2_PLACEMENT_3D('',#1407,#1408,#1409);
#1407 = CARTESIAN_POINT('',(31.51,19.3,1.6));
#1408 = DIRECTION('',(0.,0.,1.));
#1409 = DIRECTION('',(1.,0.,0.));
#1410 = FACE_BOUND('',#1411,.F.);
#1411 = EDGE_LOOP('',(#1412));
#1412 = ORIENTED_EDGE('',*,*,#1413,.T.);
#1413 = EDGE_CURVE('',#1414,#1414,#1416,.T.);
#1414 = VERTEX_POINT('',#1415);
#1415 = CARTESIAN_POINT('',(32.16,19.85,1.6));
#1416 = CIRCLE('',#1417,0.1);
#1417 = AXIS2_PLACEMENT_3D('',#1418,#1419,#1420);
#1418 = CARTESIAN_POINT('',(32.06,19.85,1.6));
#1419 = DIRECTION('',(0.,0.,1.));
#1420 = DIRECTION('',(1.,0.,0.));
#1421 = FACE_BOUND('',#1422,.F.);
#1422 = EDGE_LOOP('',(#1423));
#1423 = ORIENTED_EDGE('',*,*,#1424,.T.);
#1424 = EDGE_CURVE('',#1425,#1425,#1427,.T.);
#1425 = VERTEX_POINT('',#1426);
#1426 = CARTESIAN_POINT('',(30.51,18.2,1.6));
#1427 = CIRCLE('',#1428,0.1);
#1428 = AXIS2_PLACEMENT_3D('',#1429,#1430,#1431);
#1429 = CARTESIAN_POINT('',(30.41,18.2,1.6));
#1430 = DIRECTION('',(0.,0.,1.));
#1431 = DIRECTION('',(1.,0.,0.));
#1432 = FACE_BOUND('',#1433,.F.);
#1433 = EDGE_LOOP('',(#1434));
#1434 = ORIENTED_EDGE('',*,*,#1435,.T.);
#1435 = EDGE_CURVE('',#1436,#1436,#1438,.T.);
#1436 = VERTEX_POINT('',#1437);
#1437 = CARTESIAN_POINT('',(31.06,18.75,1.6));
#1438 = CIRCLE('',#1439,0.1);
#1439 = AXIS2_PLACEMENT_3D('',#1440,#1441,#1442);
#1440 = CARTESIAN_POINT('',(30.96,18.75,1.6));
#1441 = DIRECTION('',(0.,0.,1.));
#1442 = DIRECTION('',(1.,0.,0.));
#1443 = FACE_BOUND('',#1444,.F.);
#1444 = EDGE_LOOP('',(#1445));
#1445 = ORIENTED_EDGE('',*,*,#1446,.T.);
#1446 = EDGE_CURVE('',#1447,#1447,#1449,.T.);
#1447 = VERTEX_POINT('',#1448);
#1448 = CARTESIAN_POINT('',(29.96,18.75,1.6));
#1449 = CIRCLE('',#1450,0.1);
#1450 = AXIS2_PLACEMENT_3D('',#1451,#1452,#1453);
#1451 = CARTESIAN_POINT('',(29.86,18.75,1.6));
#1452 = DIRECTION('',(0.,0.,1.));
#1453 = DIRECTION('',(1.,0.,0.));
#1454 = FACE_BOUND('',#1455,.F.);
#1455 = EDGE_LOOP('',(#1456));
#1456 = ORIENTED_EDGE('',*,*,#1457,.T.);
#1457 = EDGE_CURVE('',#1458,#1458,#1460,.T.);
#1458 = VERTEX_POINT('',#1459);
#1459 = CARTESIAN_POINT('',(30.51,19.3,1.6));
#1460 = CIRCLE('',#1461,0.1);
#1461 = AXIS2_PLACEMENT_3D('',#1462,#1463,#1464);
#1462 = CARTESIAN_POINT('',(30.41,19.3,1.6));
#1463 = DIRECTION('',(0.,0.,1.));
#1464 = DIRECTION('',(1.,0.,0.));
#1465 = FACE_BOUND('',#1466,.F.);
#1466 = EDGE_LOOP('',(#1467));
#1467 = ORIENTED_EDGE('',*,*,#1468,.T.);
#1468 = EDGE_CURVE('',#1469,#1469,#1471,.T.);
#1469 = VERTEX_POINT('',#1470);
#1470 = CARTESIAN_POINT('',(31.06,19.85,1.6));
#1471 = CIRCLE('',#1472,0.1);
#1472 = AXIS2_PLACEMENT_3D('',#1473,#1474,#1475);
#1473 = CARTESIAN_POINT('',(30.96,19.85,1.6));
#1474 = DIRECTION('',(0.,0.,1.));
#1475 = DIRECTION('',(1.,0.,0.));
#1476 = FACE_BOUND('',#1477,.F.);
#1477 = EDGE_LOOP('',(#1478));
#1478 = ORIENTED_EDGE('',*,*,#1479,.T.);
#1479 = EDGE_CURVE('',#1480,#1480,#1482,.T.);
#1480 = VERTEX_POINT('',#1481);
#1481 = CARTESIAN_POINT('',(29.96,19.85,1.6));
#1482 = CIRCLE('',#1483,0.1);
#1483 = AXIS2_PLACEMENT_3D('',#1484,#1485,#1486);
#1484 = CARTESIAN_POINT('',(29.86,19.85,1.6));
#1485 = DIRECTION('',(0.,0.,1.));
#1486 = DIRECTION('',(1.,0.,0.));
#1487 = FACE_BOUND('',#1488,.F.);
#1488 = EDGE_LOOP('',(#1489));
#1489 = ORIENTED_EDGE('',*,*,#1490,.T.);
#1490 = EDGE_CURVE('',#1491,#1491,#1493,.T.);
#1491 = VERTEX_POINT('',#1492);
#1492 = CARTESIAN_POINT('',(31.61,20.4,1.6));
#1493 = CIRCLE('',#1494,0.1);
#1494 = AXIS2_PLACEMENT_3D('',#1495,#1496,#1497);
#1495 = CARTESIAN_POINT('',(31.51,20.4,1.6));
#1496 = DIRECTION('',(0.,0.,1.));
#1497 = DIRECTION('',(1.,0.,0.));
#1498 = FACE_BOUND('',#1499,.F.);
#1499 = EDGE_LOOP('',(#1500));
#1500 = ORIENTED_EDGE('',*,*,#1501,.T.);
#1501 = EDGE_CURVE('',#1502,#1502,#1504,.T.);
#1502 = VERTEX_POINT('',#1503);
#1503 = CARTESIAN_POINT('',(30.51,20.4,1.6));
#1504 = CIRCLE('',#1505,0.1);
#1505 = AXIS2_PLACEMENT_3D('',#1506,#1507,#1508);
#1506 = CARTESIAN_POINT('',(30.41,20.4,1.6));
#1507 = DIRECTION('',(0.,0.,1.));
#1508 = DIRECTION('',(1.,0.,0.));
#1509 = FACE_BOUND('',#1510,.F.);
#1510 = EDGE_LOOP('',(#1511));
#1511 = ORIENTED_EDGE('',*,*,#1512,.T.);
#1512 = EDGE_CURVE('',#1513,#1513,#1515,.T.);
#1513 = VERTEX_POINT('',#1514);
#1514 = CARTESIAN_POINT('',(45.6,36.,1.6));
#1515 = CIRCLE('',#1516,1.6);
#1516 = AXIS2_PLACEMENT_3D('',#1517,#1518,#1519);
#1517 = CARTESIAN_POINT('',(44.,36.,1.6));
#1518 = DIRECTION('',(0.,0.,1.));
#1519 = DIRECTION('',(1.,0.,0.));
#1520 = FACE_BOUND('',#1521,.F.);
#1521 = EDGE_LOOP('',(#1522));
#1522 = ORIENTED_EDGE('',*,*,#1523,.T.);
#1523 = EDGE_CURVE('',#1524,#1524,#1526,.T.);
#1524 = VERTEX_POINT('',#1525);
#1525 = CARTESIAN_POINT('',(35.72,34.,1.6));
#1526 = CIRCLE('',#1527,0.45);
#1527 = AXIS2_PLACEMENT_3D('',#1528,#1529,#1530);
#1528 = CARTESIAN_POINT('',(35.27,34.,1.6));
#1529 = DIRECTION('',(0.,0.,1.));
#1530 = DIRECTION('',(1.,0.,0.));
#1531 = FACE_BOUND('',#1532,.F.);
#1532 = EDGE_LOOP('',(#1533));
#1533 = ORIENTED_EDGE('',*,*,#1534,.T.);
#1534 = EDGE_CURVE('',#1535,#1535,#1537,.T.);
#1535 = VERTEX_POINT('',#1536);
#1536 = CARTESIAN_POINT('',(33.18,34.,1.6));
#1537 = CIRCLE('',#1538,0.45);
#1538 = AXIS2_PLACEMENT_3D('',#1539,#1540,#1541);
#1539 = CARTESIAN_POINT('',(32.73,34.,1.6));
#1540 = DIRECTION('',(0.,0.,1.));
#1541 = DIRECTION('',(1.,0.,0.));
#1542 = FACE_BOUND('',#1543,.F.);
#1543 = EDGE_LOOP('',(#1544));
#1544 = ORIENTED_EDGE('',*,*,#1545,.T.);
#1545 = EDGE_CURVE('',#1546,#1546,#1548,.T.);
#1546 = VERTEX_POINT('',#1547);
#1547 = CARTESIAN_POINT('',(3.85,25.55,1.6));
#1548 = CIRCLE('',#1549,0.75);
#1549 = AXIS2_PLACEMENT_3D('',#1550,#1551,#1552);
#1550 = CARTESIAN_POINT('',(3.1,25.55,1.6));
#1551 = DIRECTION('',(0.,0.,1.));
#1552 = DIRECTION('',(1.,0.,0.));
#1553 = FACE_BOUND('',#1554,.F.);
#1554 = EDGE_LOOP('',(#1555));
#1555 = ORIENTED_EDGE('',*,*,#1556,.T.);
#1556 = EDGE_CURVE('',#1557,#1557,#1559,.T.);
#1557 = VERTEX_POINT('',#1558);
#1558 = CARTESIAN_POINT('',(22.66,35.5,1.6));
#1559 = CIRCLE('',#1560,0.5);
#1560 = AXIS2_PLACEMENT_3D('',#1561,#1562,#1563);
#1561 = CARTESIAN_POINT('',(22.16,35.5,1.6));
#1562 = DIRECTION('',(0.,0.,1.));
#1563 = DIRECTION('',(1.,0.,0.));
#1564 = FACE_BOUND('',#1565,.F.);
#1565 = EDGE_LOOP('',(#1566));
#1566 = ORIENTED_EDGE('',*,*,#1567,.T.);
#1567 = EDGE_CURVE('',#1568,#1568,#1570,.T.);
#1568 = VERTEX_POINT('',#1569);
#1569 = CARTESIAN_POINT('',(20.12,35.5,1.6));
#1570 = CIRCLE('',#1571,0.5);
#1571 = AXIS2_PLACEMENT_3D('',#1572,#1573,#1574);
#1572 = CARTESIAN_POINT('',(19.62,35.5,1.6));
#1573 = DIRECTION('',(0.,0.,1.));
#1574 = DIRECTION('',(1.,0.,0.));
#1575 = FACE_BOUND('',#1576,.F.);
#1576 = EDGE_LOOP('',(#1577));
#1577 = ORIENTED_EDGE('',*,*,#1578,.T.);
#1578 = EDGE_CURVE('',#1579,#1579,#1581,.T.);
#1579 = VERTEX_POINT('',#1580);
#1580 = CARTESIAN_POINT('',(17.58,35.5,1.6));
#1581 = CIRCLE('',#1582,0.5);
#1582 = AXIS2_PLACEMENT_3D('',#1583,#1584,#1585);
#1583 = CARTESIAN_POINT('',(17.08,35.5,1.6));
#1584 = DIRECTION('',(0.,0.,1.));
#1585 = DIRECTION('',(1.,0.,0.));
#1586 = FACE_BOUND('',#1587,.F.);
#1587 = EDGE_LOOP('',(#1588));
#1588 = ORIENTED_EDGE('',*,*,#1589,.T.);
#1589 = EDGE_CURVE('',#1590,#1590,#1592,.T.);
#1590 = VERTEX_POINT('',#1591);
#1591 = CARTESIAN_POINT('',(15.04,35.5,1.6));
#1592 = CIRCLE('',#1593,0.5);
#1593 = AXIS2_PLACEMENT_3D('',#1594,#1595,#1596);
#1594 = CARTESIAN_POINT('',(14.54,35.5,1.6));
#1595 = DIRECTION('',(0.,0.,1.));
#1596 = DIRECTION('',(1.,0.,0.));
#1597 = FACE_BOUND('',#1598,.F.);
#1598 = EDGE_LOOP('',(#1599));
#1599 = ORIENTED_EDGE('',*,*,#1600,.T.);
#1600 = EDGE_CURVE('',#1601,#1601,#1603,.T.);
#1601 = VERTEX_POINT('',#1602);
#1602 = CARTESIAN_POINT('',(12.5,35.5,1.6));
#1603 = CIRCLE('',#1604,0.5);
#1604 = AXIS2_PLACEMENT_3D('',#1605,#1606,#1607);
#1605 = CARTESIAN_POINT('',(12.,35.5,1.6));
#1606 = DIRECTION('',(0.,0.,1.));
#1607 = DIRECTION('',(1.,0.,0.));
#1608 = FACE_BOUND('',#1609,.F.);
#1609 = EDGE_LOOP('',(#1610));
#1610 = ORIENTED_EDGE('',*,*,#1611,.T.);
#1611 = EDGE_CURVE('',#1612,#1612,#1614,.T.);
#1612 = VERTEX_POINT('',#1613);
#1613 = CARTESIAN_POINT('',(-3.39,7.5,1.6));
#1614 = CIRCLE('',#1615,0.45);
#1615 = AXIS2_PLACEMENT_3D('',#1616,#1617,#1618);
#1616 = CARTESIAN_POINT('',(-3.84,7.5,1.6));
#1617 = DIRECTION('',(0.,0.,1.));
#1618 = DIRECTION('',(1.,0.,0.));
#1619 = FACE_BOUND('',#1620,.F.);
#1620 = EDGE_LOOP('',(#1621));
#1621 = ORIENTED_EDGE('',*,*,#1622,.T.);
#1622 = EDGE_CURVE('',#1623,#1623,#1625,.T.);
#1623 = VERTEX_POINT('',#1624);
#1624 = CARTESIAN_POINT('',(-13.55,7.5,1.6));
#1625 = CIRCLE('',#1626,0.45);
#1626 = AXIS2_PLACEMENT_3D('',#1627,#1628,#1629);
#1627 = CARTESIAN_POINT('',(-14.,7.5,1.6));
#1628 = DIRECTION('',(0.,0.,1.));
#1629 = DIRECTION('',(1.,0.,0.));
#1630 = FACE_BOUND('',#1631,.F.);
#1631 = EDGE_LOOP('',(#1632));
#1632 = ORIENTED_EDGE('',*,*,#1633,.T.);
#1633 = EDGE_CURVE('',#1634,#1634,#1636,.T.);
#1634 = VERTEX_POINT('',#1635);
#1635 = CARTESIAN_POINT('',(-20.85,4.36,1.6));
#1636 = CIRCLE('',#1637,0.65);
#1637 = AXIS2_PLACEMENT_3D('',#1638,#1639,#1640);
#1638 = CARTESIAN_POINT('',(-21.5,4.36,1.6));
#1639 = DIRECTION('',(0.,0.,1.));
#1640 = DIRECTION('',(1.,0.,0.));
#1641 = FACE_BOUND('',#1642,.F.);
#1642 = EDGE_LOOP('',(#1643));
#1643 = ORIENTED_EDGE('',*,*,#1644,.T.);
#1644 = EDGE_CURVE('',#1645,#1645,#1647,.T.);
#1645 = VERTEX_POINT('',#1646);
#1646 = CARTESIAN_POINT('',(-5.39,11.5,1.6));
#1647 = CIRCLE('',#1648,0.45);
#1648 = AXIS2_PLACEMENT_3D('',#1649,#1650,#1651);
#1649 = CARTESIAN_POINT('',(-5.84,11.5,1.6));
#1650 = DIRECTION('',(0.,0.,1.));
#1651 = DIRECTION('',(1.,0.,0.));
#1652 = FACE_BOUND('',#1653,.F.);
#1653 = EDGE_LOOP('',(#1654));
#1654 = ORIENTED_EDGE('',*,*,#1655,.T.);
#1655 = EDGE_CURVE('',#1656,#1656,#1658,.T.);
#1656 = VERTEX_POINT('',#1657);
#1657 = CARTESIAN_POINT('',(-15.55,11.5,1.6));
#1658 = CIRCLE('',#1659,0.45);
#1659 = AXIS2_PLACEMENT_3D('',#1660,#1661,#1662);
#1660 = CARTESIAN_POINT('',(-16.,11.5,1.6));
#1661 = DIRECTION('',(0.,0.,1.));
#1662 = DIRECTION('',(1.,0.,0.));
#1663 = FACE_BOUND('',#1664,.F.);
#1664 = EDGE_LOOP('',(#1665));
#1665 = ORIENTED_EDGE('',*,*,#1666,.T.);
#1666 = EDGE_CURVE('',#1667,#1667,#1669,.T.);
#1667 = VERTEX_POINT('',#1668);
#1668 = CARTESIAN_POINT('',(-18.89,11.5,1.6));
#1669 = CIRCLE('',#1670,0.45);
#1670 = AXIS2_PLACEMENT_3D('',#1671,#1672,#1673);
#1671 = CARTESIAN_POINT('',(-19.34,11.5,1.6));
#1672 = DIRECTION('',(0.,0.,1.));
#1673 = DIRECTION('',(1.,0.,0.));
#1674 = FACE_BOUND('',#1675,.F.);
#1675 = EDGE_LOOP('',(#1676));
#1676 = ORIENTED_EDGE('',*,*,#1677,.T.);
#1677 = EDGE_CURVE('',#1678,#1678,#1680,.T.);
#1678 = VERTEX_POINT('',#1679);
#1679 = CARTESIAN_POINT('',(-29.05,11.5,1.6));
#1680 = CIRCLE('',#1681,0.45);
#1681 = AXIS2_PLACEMENT_3D('',#1682,#1683,#1684);
#1682 = CARTESIAN_POINT('',(-29.5,11.5,1.6));
#1683 = DIRECTION('',(0.,0.,1.));
#1684 = DIRECTION('',(1.,0.,0.));
#1685 = FACE_BOUND('',#1686,.F.);
#1686 = EDGE_LOOP('',(#1687));
#1687 = ORIENTED_EDGE('',*,*,#1688,.T.);
#1688 = EDGE_CURVE('',#1689,#1689,#1691,.T.);
#1689 = VERTEX_POINT('',#1690);
#1690 = CARTESIAN_POINT('',(-32.39,11.5,1.6));
#1691 = CIRCLE('',#1692,0.45);
#1692 = AXIS2_PLACEMENT_3D('',#1693,#1694,#1695);
#1693 = CARTESIAN_POINT('',(-32.84,11.5,1.6));
#1694 = DIRECTION('',(0.,0.,1.));
#1695 = DIRECTION('',(1.,0.,0.));
#1696 = FACE_BOUND('',#1697,.F.);
#1697 = EDGE_LOOP('',(#1698));
#1698 = ORIENTED_EDGE('',*,*,#1699,.T.);
#1699 = EDGE_CURVE('',#1700,#1700,#1702,.T.);
#1700 = VERTEX_POINT('',#1701);
#1701 = CARTESIAN_POINT('',(-42.55,11.5,1.6));
#1702 = CIRCLE('',#1703,0.45);
#1703 = AXIS2_PLACEMENT_3D('',#1704,#1705,#1706);
#1704 = CARTESIAN_POINT('',(-43.,11.5,1.6));
#1705 = DIRECTION('',(0.,0.,1.));
#1706 = DIRECTION('',(1.,0.,0.));
#1707 = FACE_BOUND('',#1708,.F.);
#1708 = EDGE_LOOP('',(#1709));
#1709 = ORIENTED_EDGE('',*,*,#1710,.T.);
#1710 = EDGE_CURVE('',#1711,#1711,#1713,.T.);
#1711 = VERTEX_POINT('',#1712);
#1712 = CARTESIAN_POINT('',(-34.65,17.55,1.6));
#1713 = CIRCLE('',#1714,0.75);
#1714 = AXIS2_PLACEMENT_3D('',#1715,#1716,#1717);
#1715 = CARTESIAN_POINT('',(-35.4,17.55,1.6));
#1716 = DIRECTION('',(0.,0.,1.));
#1717 = DIRECTION('',(1.,0.,0.));
#1718 = FACE_BOUND('',#1719,.F.);
#1719 = EDGE_LOOP('',(#1720));
#1720 = ORIENTED_EDGE('',*,*,#1721,.T.);
#1721 = EDGE_CURVE('',#1722,#1722,#1724,.T.);
#1722 = VERTEX_POINT('',#1723);
#1723 = CARTESIAN_POINT('',(-34.65,28.3,1.6));
#1724 = CIRCLE('',#1725,0.75);
#1725 = AXIS2_PLACEMENT_3D('',#1726,#1727,#1728);
#1726 = CARTESIAN_POINT('',(-35.4,28.3,1.6));
#1727 = DIRECTION('',(0.,0.,1.));
#1728 = DIRECTION('',(1.,0.,0.));
#1729 = FACE_BOUND('',#1730,.F.);
#1730 = EDGE_LOOP('',(#1731));
#1731 = ORIENTED_EDGE('',*,*,#1732,.T.);
#1732 = EDGE_CURVE('',#1733,#1733,#1735,.T.);
#1733 = VERTEX_POINT('',#1734);
#1734 = CARTESIAN_POINT('',(-42.4,36.,1.6));
#1735 = CIRCLE('',#1736,1.6);
#1736 = AXIS2_PLACEMENT_3D('',#1737,#1738,#1739);
#1737 = CARTESIAN_POINT('',(-44.,36.,1.6));
#1738 = DIRECTION('',(0.,0.,1.));
#1739 = DIRECTION('',(1.,0.,0.));
#1740 = PLANE('',#1741);
#1741 = AXIS2_PLACEMENT_3D('',#1742,#1743,#1744);
#1742 = CARTESIAN_POINT('',(-1.007860846194,-0.408430633437,1.6));
#1743 = DIRECTION('',(-0.,-0.,-1.));
#1744 = DIRECTION('',(-1.,0.,0.));
#1745 = ADVANCED_FACE('',(#1746),#1757,.F.);
#1746 = FACE_BOUND('',#1747,.T.);
#1747 = EDGE_LOOP('',(#1748,#1754,#1755,#1756));
#1748 = ORIENTED_EDGE('',*,*,#1749,.T.);
#1749 = EDGE_CURVE('',#254,#1066,#1750,.T.);
#1750 = LINE('',#1751,#1752);
#1751 = CARTESIAN_POINT('',(-39.,-22.,0.));
#1752 = VECTOR('',#1753,1.);
#1753 = DIRECTION('',(0.,0.,1.));
#1754 = ORIENTED_EDGE('',*,*,#1073,.T.);
#1755 = ORIENTED_EDGE('',*,*,#63,.F.);
#1756 = ORIENTED_EDGE('',*,*,#261,.F.);
#1757 = CYLINDRICAL_SURFACE('',#1758,0.999999252925);
#1758 = AXIS2_PLACEMENT_3D('',#1759,#1760,#1761);
#1759 = CARTESIAN_POINT('',(-38.99999925292,-21.00000074707,0.));
#1760 = DIRECTION('',(0.,0.,-1.));
#1761 = DIRECTION('',(1.,7.470757314012E-07,0.));
#1762 = ADVANCED_FACE('',(#1763),#1774,.T.);
#1763 = FACE_BOUND('',#1764,.T.);
#1764 = EDGE_LOOP('',(#1765,#1766,#1767,#1773));
#1765 = ORIENTED_EDGE('',*,*,#103,.T.);
#1766 = ORIENTED_EDGE('',*,*,#939,.T.);
#1767 = ORIENTED_EDGE('',*,*,#1768,.F.);
#1768 = EDGE_CURVE('',#128,#940,#1769,.T.);
#1769 = LINE('',#1770,#1771);
#1770 = CARTESIAN_POINT('',(-50.,32.5,0.));
#1771 = VECTOR('',#1772,1.);
#1772 = DIRECTION('',(0.,0.,1.));
#1773 = ORIENTED_EDGE('',*,*,#127,.F.);
#1774 = PLANE('',#1775);
#1775 = AXIS2_PLACEMENT_3D('',#1776,#1777,#1778);
#1776 = CARTESIAN_POINT('',(-50.,-8.,0.));
#1777 = DIRECTION('',(-1.,0.,0.));
#1778 = DIRECTION('',(0.,1.,0.));
#1779 = ADVANCED_FACE('',(#1780),#1791,.T.);
#1780 = FACE_BOUND('',#1781,.T.);
#1781 = EDGE_LOOP('',(#1782,#1788,#1789,#1790));
#1782 = ORIENTED_EDGE('',*,*,#1783,.T.);
#1783 = EDGE_CURVE('',#246,#1058,#1784,.T.);
#1784 = LINE('',#1785,#1786);
#1785 = CARTESIAN_POINT('',(-50.,-22.,0.));
#1786 = VECTOR('',#1787,1.);
#1787 = DIRECTION('',(0.,0.,1.));
#1788 = ORIENTED_EDGE('',*,*,#1065,.T.);
#1789 = ORIENTED_EDGE('',*,*,#1749,.F.);
#1790 = ORIENTED_EDGE('',*,*,#253,.F.);
#1791 = PLANE('',#1792);
#1792 = AXIS2_PLACEMENT_3D('',#1793,#1794,#1795);
#1793 = CARTESIAN_POINT('',(-50.,-22.,0.));
#1794 = DIRECTION('',(0.,1.,0.));
#1795 = DIRECTION('',(1.,0.,0.));
#1796 = ADVANCED_FACE('',(#1797),#1808,.T.);
#1797 = FACE_BOUND('',#1798,.T.);
#1798 = EDGE_LOOP('',(#1799,#1800,#1801,#1807));
#1799 = ORIENTED_EDGE('',*,*,#1768,.T.);
#1800 = ORIENTED_EDGE('',*,*,#947,.T.);
#1801 = ORIENTED_EDGE('',*,*,#1802,.F.);
#1802 = EDGE_CURVE('',#136,#948,#1803,.T.);
#1803 = LINE('',#1804,#1805);
#1804 = CARTESIAN_POINT('',(-40.,42.5,0.));
#1805 = VECTOR('',#1806,1.);
#1806 = DIRECTION('',(0.,0.,1.));
#1807 = ORIENTED_EDGE('',*,*,#135,.F.);
#1808 = CYLINDRICAL_SURFACE('',#1809,9.999999357669);
#1809 = AXIS2_PLACEMENT_3D('',#1810,#1811,#1812);
#1810 = CARTESIAN_POINT('',(-40.00000064233,32.500000642331,0.));
#1811 = DIRECTION('',(0.,0.,-1.));
#1812 = DIRECTION('',(-1.,-6.423314275614E-08,-0.));
#1813 = ADVANCED_FACE('',(#1814),#1825,.T.);
#1814 = FACE_BOUND('',#1815,.T.);
#1815 = EDGE_LOOP('',(#1816,#1822,#1823,#1824));
#1816 = ORIENTED_EDGE('',*,*,#1817,.T.);
#1817 = EDGE_CURVE('',#237,#1049,#1818,.T.);
#1818 = LINE('',#1819,#1820);
#1819 = CARTESIAN_POINT('',(-50.,-32.5,0.));
#1820 = VECTOR('',#1821,1.);
#1821 = DIRECTION('',(0.,0.,1.));
#1822 = ORIENTED_EDGE('',*,*,#1057,.T.);
#1823 = ORIENTED_EDGE('',*,*,#1783,.F.);
#1824 = ORIENTED_EDGE('',*,*,#245,.F.);
#1825 = PLANE('',#1826);
#1826 = AXIS2_PLACEMENT_3D('',#1827,#1828,#1829);
#1827 = CARTESIAN_POINT('',(-50.,-32.5,0.));
#1828 = DIRECTION('',(-1.,0.,0.));
#1829 = DIRECTION('',(0.,1.,0.));
#1830 = ADVANCED_FACE('',(#1831),#1842,.T.);
#1831 = FACE_BOUND('',#1832,.T.);
#1832 = EDGE_LOOP('',(#1833,#1834,#1835,#1841));
#1833 = ORIENTED_EDGE('',*,*,#1802,.T.);
#1834 = ORIENTED_EDGE('',*,*,#956,.T.);
#1835 = ORIENTED_EDGE('',*,*,#1836,.F.);
#1836 = EDGE_CURVE('',#145,#957,#1837,.T.);
#1837 = LINE('',#1838,#1839);
#1838 = CARTESIAN_POINT('',(40.,42.5,0.));
#1839 = VECTOR('',#1840,1.);
#1840 = DIRECTION('',(0.,0.,1.));
#1841 = ORIENTED_EDGE('',*,*,#144,.F.);
#1842 = PLANE('',#1843);
#1843 = AXIS2_PLACEMENT_3D('',#1844,#1845,#1846);
#1844 = CARTESIAN_POINT('',(-40.,42.5,0.));
#1845 = DIRECTION('',(0.,1.,0.));
#1846 = DIRECTION('',(1.,0.,0.));
#1847 = ADVANCED_FACE('',(#1848),#1859,.T.);
#1848 = FACE_BOUND('',#1849,.T.);
#1849 = EDGE_LOOP('',(#1850,#1856,#1857,#1858));
#1850 = ORIENTED_EDGE('',*,*,#1851,.T.);
#1851 = EDGE_CURVE('',#229,#1041,#1852,.T.);
#1852 = LINE('',#1853,#1854);
#1853 = CARTESIAN_POINT('',(-40.,-42.5,0.));
#1854 = VECTOR('',#1855,1.);
#1855 = DIRECTION('',(0.,0.,1.));
#1856 = ORIENTED_EDGE('',*,*,#1048,.T.);
#1857 = ORIENTED_EDGE('',*,*,#1817,.F.);
#1858 = ORIENTED_EDGE('',*,*,#236,.F.);
#1859 = CYLINDRICAL_SURFACE('',#1860,10.000001064775);
#1860 = AXIS2_PLACEMENT_3D('',#1861,#1862,#1863);
#1861 = CARTESIAN_POINT('',(-39.99999893522,-32.49999893522,0.));
#1862 = DIRECTION('',(0.,0.,-1.));
#1863 = DIRECTION('',(-1.064775304683E-07,-1.,-0.));
#1864 = ADVANCED_FACE('',(#1865),#1876,.T.);
#1865 = FACE_BOUND('',#1866,.T.);
#1866 = EDGE_LOOP('',(#1867,#1868,#1869,#1875));
#1867 = ORIENTED_EDGE('',*,*,#1836,.T.);
#1868 = ORIENTED_EDGE('',*,*,#964,.T.);
#1869 = ORIENTED_EDGE('',*,*,#1870,.F.);
#1870 = EDGE_CURVE('',#153,#965,#1871,.T.);
#1871 = LINE('',#1872,#1873);
#1872 = CARTESIAN_POINT('',(50.,32.5,0.));
#1873 = VECTOR('',#1874,1.);
#1874 = DIRECTION('',(0.,0.,1.));
#1875 = ORIENTED_EDGE('',*,*,#152,.F.);
#1876 = CYLINDRICAL_SURFACE('',#1877,10.000001064775);
#1877 = AXIS2_PLACEMENT_3D('',#1878,#1879,#1880);
#1878 = CARTESIAN_POINT('',(39.999998935225,32.499998935225,0.));
#1879 = DIRECTION('',(0.,0.,-1.));
#1880 = DIRECTION('',(1.064775304683E-07,1.,0.));
#1881 = ADVANCED_FACE('',(#1882),#1893,.T.);
#1882 = FACE_BOUND('',#1883,.T.);
#1883 = EDGE_LOOP('',(#1884,#1890,#1891,#1892));
#1884 = ORIENTED_EDGE('',*,*,#1885,.T.);
#1885 = EDGE_CURVE('',#220,#1032,#1886,.T.);
#1886 = LINE('',#1887,#1888);
#1887 = CARTESIAN_POINT('',(40.,-42.5,0.));
#1888 = VECTOR('',#1889,1.);
#1889 = DIRECTION('',(0.,0.,1.));
#1890 = ORIENTED_EDGE('',*,*,#1040,.T.);
#1891 = ORIENTED_EDGE('',*,*,#1851,.F.);
#1892 = ORIENTED_EDGE('',*,*,#228,.F.);
#1893 = PLANE('',#1894);
#1894 = AXIS2_PLACEMENT_3D('',#1895,#1896,#1897);
#1895 = CARTESIAN_POINT('',(40.,-42.5,0.));
#1896 = DIRECTION('',(0.,-1.,0.));
#1897 = DIRECTION('',(-1.,0.,0.));
#1898 = ADVANCED_FACE('',(#1899),#1910,.T.);
#1899 = FACE_BOUND('',#1900,.T.);
#1900 = EDGE_LOOP('',(#1901,#1902,#1903,#1909));
#1901 = ORIENTED_EDGE('',*,*,#1870,.T.);
#1902 = ORIENTED_EDGE('',*,*,#973,.T.);
#1903 = ORIENTED_EDGE('',*,*,#1904,.F.);
#1904 = EDGE_CURVE('',#162,#974,#1905,.T.);
#1905 = LINE('',#1906,#1907);
#1906 = CARTESIAN_POINT('',(50.,22.,0.));
#1907 = VECTOR('',#1908,1.);
#1908 = DIRECTION('',(0.,0.,1.));
#1909 = ORIENTED_EDGE('',*,*,#161,.F.);
#1910 = PLANE('',#1911);
#1911 = AXIS2_PLACEMENT_3D('',#1912,#1913,#1914);
#1912 = CARTESIAN_POINT('',(50.,32.5,0.));
#1913 = DIRECTION('',(1.,0.,0.));
#1914 = DIRECTION('',(0.,-1.,0.));
#1915 = ADVANCED_FACE('',(#1916),#1927,.T.);
#1916 = FACE_BOUND('',#1917,.T.);
#1917 = EDGE_LOOP('',(#1918,#1924,#1925,#1926));
#1918 = ORIENTED_EDGE('',*,*,#1919,.T.);
#1919 = EDGE_CURVE('',#212,#1024,#1920,.T.);
#1920 = LINE('',#1921,#1922);
#1921 = CARTESIAN_POINT('',(50.,-32.5,0.));
#1922 = VECTOR('',#1923,1.);
#1923 = DIRECTION('',(0.,0.,1.));
#1924 = ORIENTED_EDGE('',*,*,#1031,.T.);
#1925 = ORIENTED_EDGE('',*,*,#1885,.F.);
#1926 = ORIENTED_EDGE('',*,*,#219,.F.);
#1927 = CYLINDRICAL_SURFACE('',#1928,10.000002771883);
#1928 = AXIS2_PLACEMENT_3D('',#1929,#1930,#1931);
#1929 = CARTESIAN_POINT('',(39.999997228117,-32.49999722811,0.));
#1930 = DIRECTION('',(0.,0.,-1.));
#1931 = DIRECTION('',(1.,-2.771882278315E-07,0.));
#1932 = ADVANCED_FACE('',(#1933),#1944,.T.);
#1933 = FACE_BOUND('',#1934,.T.);
#1934 = EDGE_LOOP('',(#1935,#1936,#1937,#1943));
#1935 = ORIENTED_EDGE('',*,*,#1904,.T.);
#1936 = ORIENTED_EDGE('',*,*,#981,.T.);
#1937 = ORIENTED_EDGE('',*,*,#1938,.F.);
#1938 = EDGE_CURVE('',#170,#982,#1939,.T.);
#1939 = LINE('',#1940,#1941);
#1940 = CARTESIAN_POINT('',(45.,22.,0.));
#1941 = VECTOR('',#1942,1.);
#1942 = DIRECTION('',(0.,0.,1.));
#1943 = ORIENTED_EDGE('',*,*,#169,.F.);
#1944 = PLANE('',#1945);
#1945 = AXIS2_PLACEMENT_3D('',#1946,#1947,#1948);
#1946 = CARTESIAN_POINT('',(50.,22.,0.));
#1947 = DIRECTION('',(0.,-1.,0.));
#1948 = DIRECTION('',(-1.,0.,0.));
#1949 = ADVANCED_FACE('',(#1950),#1961,.T.);
#1950 = FACE_BOUND('',#1951,.T.);
#1951 = EDGE_LOOP('',(#1952,#1958,#1959,#1960));
#1952 = ORIENTED_EDGE('',*,*,#1953,.T.);
#1953 = EDGE_CURVE('',#204,#1016,#1954,.T.);
#1954 = LINE('',#1955,#1956);
#1955 = CARTESIAN_POINT('',(50.,12.,0.));
#1956 = VECTOR('',#1957,1.);
#1957 = DIRECTION('',(0.,0.,1.));
#1958 = ORIENTED_EDGE('',*,*,#1023,.T.);
#1959 = ORIENTED_EDGE('',*,*,#1919,.F.);
#1960 = ORIENTED_EDGE('',*,*,#211,.F.);
#1961 = PLANE('',#1962);
#1962 = AXIS2_PLACEMENT_3D('',#1963,#1964,#1965);
#1963 = CARTESIAN_POINT('',(50.,12.,0.));
#1964 = DIRECTION('',(1.,0.,0.));
#1965 = DIRECTION('',(0.,-1.,0.));
#1966 = ADVANCED_FACE('',(#1967),#1978,.F.);
#1967 = FACE_BOUND('',#1968,.T.);
#1968 = EDGE_LOOP('',(#1969,#1970,#1971,#1977));
#1969 = ORIENTED_EDGE('',*,*,#1938,.T.);
#1970 = ORIENTED_EDGE('',*,*,#989,.T.);
#1971 = ORIENTED_EDGE('',*,*,#1972,.F.);
#1972 = EDGE_CURVE('',#178,#990,#1973,.T.);
#1973 = LINE('',#1974,#1975);
#1974 = CARTESIAN_POINT('',(44.,21.,0.));
#1975 = VECTOR('',#1976,1.);
#1976 = DIRECTION('',(0.,0.,1.));
#1977 = ORIENTED_EDGE('',*,*,#177,.F.);
#1978 = CYLINDRICAL_SURFACE('',#1979,0.999999252925);
#1979 = AXIS2_PLACEMENT_3D('',#1980,#1981,#1982);
#1980 = CARTESIAN_POINT('',(44.999999252925,21.000000747075,0.));
#1981 = DIRECTION('',(0.,0.,-1.));
#1982 = DIRECTION('',(-1.,-7.470757314012E-07,-0.));
#1983 = ADVANCED_FACE('',(#1984),#1995,.T.);
#1984 = FACE_BOUND('',#1985,.T.);
#1985 = EDGE_LOOP('',(#1986,#1992,#1993,#1994));
#1986 = ORIENTED_EDGE('',*,*,#1987,.T.);
#1987 = EDGE_CURVE('',#195,#1007,#1988,.T.);
#1988 = LINE('',#1989,#1990);
#1989 = CARTESIAN_POINT('',(45.,12.,0.));
#1990 = VECTOR('',#1991,1.);
#1991 = DIRECTION('',(0.,0.,1.));
#1992 = ORIENTED_EDGE('',*,*,#1015,.T.);
#1993 = ORIENTED_EDGE('',*,*,#1953,.F.);
#1994 = ORIENTED_EDGE('',*,*,#203,.F.);
#1995 = PLANE('',#1996);
#1996 = AXIS2_PLACEMENT_3D('',#1997,#1998,#1999);
#1997 = CARTESIAN_POINT('',(45.,12.,0.));
#1998 = DIRECTION('',(0.,1.,0.));
#1999 = DIRECTION('',(1.,0.,0.));
#2000 = ADVANCED_FACE('',(#2001),#2012,.T.);
#2001 = FACE_BOUND('',#2002,.T.);
#2002 = EDGE_LOOP('',(#2003,#2004,#2005,#2011));
#2003 = ORIENTED_EDGE('',*,*,#1972,.T.);
#2004 = ORIENTED_EDGE('',*,*,#998,.T.);
#2005 = ORIENTED_EDGE('',*,*,#2006,.F.);
#2006 = EDGE_CURVE('',#187,#999,#2007,.T.);
#2007 = LINE('',#2008,#2009);
#2008 = CARTESIAN_POINT('',(44.,13.,0.));
#2009 = VECTOR('',#2010,1.);
#2010 = DIRECTION('',(0.,0.,1.));
#2011 = ORIENTED_EDGE('',*,*,#186,.F.);
#2012 = PLANE('',#2013);
#2013 = AXIS2_PLACEMENT_3D('',#2014,#2015,#2016);
#2014 = CARTESIAN_POINT('',(44.,21.,0.));
#2015 = DIRECTION('',(1.,0.,0.));
#2016 = DIRECTION('',(0.,-1.,0.));
#2017 = ADVANCED_FACE('',(#2018),#2024,.F.);
#2018 = FACE_BOUND('',#2019,.T.);
#2019 = EDGE_LOOP('',(#2020,#2021,#2022,#2023));
#2020 = ORIENTED_EDGE('',*,*,#2006,.T.);
#2021 = ORIENTED_EDGE('',*,*,#1006,.T.);
#2022 = ORIENTED_EDGE('',*,*,#1987,.F.);
#2023 = ORIENTED_EDGE('',*,*,#194,.F.);
#2024 = CYLINDRICAL_SURFACE('',#2025,0.999999252925);
#2025 = AXIS2_PLACEMENT_3D('',#2026,#2027,#2028);
#2026 = CARTESIAN_POINT('',(44.999999252925,12.999999252925,0.));
#2027 = DIRECTION('',(0.,0.,-1.));
#2028 = DIRECTION('',(7.470757278485E-07,-1.,0.));
#2029 = ADVANCED_FACE('',(#2030),#2041,.F.);
#2030 = FACE_BOUND('',#2031,.F.);
#2031 = EDGE_LOOP('',(#2032,#2033,#2039,#2040));
#2032 = ORIENTED_EDGE('',*,*,#1083,.F.);
#2033 = ORIENTED_EDGE('',*,*,#2034,.F.);
#2034 = EDGE_CURVE('',#272,#1084,#2035,.T.);
#2035 = LINE('',#2036,#2037);
#2036 = CARTESIAN_POINT('',(45.6,-36.,-0.1));
#2037 = VECTOR('',#2038,1.);
#2038 = DIRECTION('',(0.,0.,1.));
#2039 = ORIENTED_EDGE('',*,*,#271,.T.);
#2040 = ORIENTED_EDGE('',*,*,#2034,.T.);
#2041 = CYLINDRICAL_SURFACE('',#2042,1.6);
#2042 = AXIS2_PLACEMENT_3D('',#2043,#2044,#2045);
#2043 = CARTESIAN_POINT('',(44.,-36.,-0.1));
#2044 = DIRECTION('',(0.,0.,1.));
#2045 = DIRECTION('',(1.,0.,0.));
#2046 = ADVANCED_FACE('',(#2047),#2058,.F.);
#2047 = FACE_BOUND('',#2048,.F.);
#2048 = EDGE_LOOP('',(#2049,#2050,#2056,#2057));
#2049 = ORIENTED_EDGE('',*,*,#1094,.F.);
#2050 = ORIENTED_EDGE('',*,*,#2051,.F.);
#2051 = EDGE_CURVE('',#283,#1095,#2052,.T.);
#2052 = LINE('',#2053,#2054);
#2053 = CARTESIAN_POINT('',(27.8,-36.25,-0.1));
#2054 = VECTOR('',#2055,1.);
#2055 = DIRECTION('',(0.,0.,1.));
#2056 = ORIENTED_EDGE('',*,*,#282,.T.);
#2057 = ORIENTED_EDGE('',*,*,#2051,.T.);
#2058 = CYLINDRICAL_SURFACE('',#2059,0.55);
#2059 = AXIS2_PLACEMENT_3D('',#2060,#2061,#2062);
#2060 = CARTESIAN_POINT('',(27.25,-36.25,-0.1));
#2061 = DIRECTION('',(0.,0.,1.));
#2062 = DIRECTION('',(1.,0.,0.));
#2063 = ADVANCED_FACE('',(#2064),#2075,.F.);
#2064 = FACE_BOUND('',#2065,.F.);
#2065 = EDGE_LOOP('',(#2066,#2067,#2073,#2074));
#2066 = ORIENTED_EDGE('',*,*,#1105,.F.);
#2067 = ORIENTED_EDGE('',*,*,#2068,.F.);
#2068 = EDGE_CURVE('',#294,#1106,#2069,.T.);
#2069 = LINE('',#2070,#2071);
#2070 = CARTESIAN_POINT('',(27.8,-31.75,-0.1));
#2071 = VECTOR('',#2072,1.);
#2072 = DIRECTION('',(0.,0.,1.));
#2073 = ORIENTED_EDGE('',*,*,#293,.T.);
#2074 = ORIENTED_EDGE('',*,*,#2068,.T.);
#2075 = CYLINDRICAL_SURFACE('',#2076,0.55);
#2076 = AXIS2_PLACEMENT_3D('',#2077,#2078,#2079);
#2077 = CARTESIAN_POINT('',(27.25,-31.75,-0.1));
#2078 = DIRECTION('',(0.,0.,1.));
#2079 = DIRECTION('',(1.,0.,0.));
#2080 = ADVANCED_FACE('',(#2081),#2092,.F.);
#2081 = FACE_BOUND('',#2082,.F.);
#2082 = EDGE_LOOP('',(#2083,#2084,#2090,#2091));
#2083 = ORIENTED_EDGE('',*,*,#1116,.F.);
#2084 = ORIENTED_EDGE('',*,*,#2085,.F.);
#2085 = EDGE_CURVE('',#305,#1117,#2086,.T.);
#2086 = LINE('',#2087,#2088);
#2087 = CARTESIAN_POINT('',(41.8,-27.25,-0.1));
#2088 = VECTOR('',#2089,1.);
#2089 = DIRECTION('',(0.,0.,1.));
#2090 = ORIENTED_EDGE('',*,*,#304,.T.);
#2091 = ORIENTED_EDGE('',*,*,#2085,.T.);
#2092 = CYLINDRICAL_SURFACE('',#2093,0.55);
#2093 = AXIS2_PLACEMENT_3D('',#2094,#2095,#2096);
#2094 = CARTESIAN_POINT('',(41.25,-27.25,-0.1));
#2095 = DIRECTION('',(0.,0.,1.));
#2096 = DIRECTION('',(1.,0.,0.));
#2097 = ADVANCED_FACE('',(#2098),#2109,.F.);
#2098 = FACE_BOUND('',#2099,.F.);
#2099 = EDGE_LOOP('',(#2100,#2101,#2107,#2108));
#2100 = ORIENTED_EDGE('',*,*,#1127,.F.);
#2101 = ORIENTED_EDGE('',*,*,#2102,.F.);
#2102 = EDGE_CURVE('',#316,#1128,#2103,.T.);
#2103 = LINE('',#2104,#2105);
#2104 = CARTESIAN_POINT('',(35.3,-27.25,-0.1));
#2105 = VECTOR('',#2106,1.);
#2106 = DIRECTION('',(0.,0.,1.));
#2107 = ORIENTED_EDGE('',*,*,#315,.T.);
#2108 = ORIENTED_EDGE('',*,*,#2102,.T.);
#2109 = CYLINDRICAL_SURFACE('',#2110,0.55);
#2110 = AXIS2_PLACEMENT_3D('',#2111,#2112,#2113);
#2111 = CARTESIAN_POINT('',(34.75,-27.25,-0.1));
#2112 = DIRECTION('',(0.,0.,1.));
#2113 = DIRECTION('',(1.,0.,0.));
#2114 = ADVANCED_FACE('',(#2115),#2126,.F.);
#2115 = FACE_BOUND('',#2116,.F.);
#2116 = EDGE_LOOP('',(#2117,#2118,#2124,#2125));
#2117 = ORIENTED_EDGE('',*,*,#1138,.F.);
#2118 = ORIENTED_EDGE('',*,*,#2119,.F.);
#2119 = EDGE_CURVE('',#327,#1139,#2120,.T.);
#2120 = LINE('',#2121,#2122);
#2121 = CARTESIAN_POINT('',(41.8,-22.75,-0.1));
#2122 = VECTOR('',#2123,1.);
#2123 = DIRECTION('',(0.,0.,1.));
#2124 = ORIENTED_EDGE('',*,*,#326,.T.);
#2125 = ORIENTED_EDGE('',*,*,#2119,.T.);
#2126 = CYLINDRICAL_SURFACE('',#2127,0.55);
#2127 = AXIS2_PLACEMENT_3D('',#2128,#2129,#2130);
#2128 = CARTESIAN_POINT('',(41.25,-22.75,-0.1));
#2129 = DIRECTION('',(0.,0.,1.));
#2130 = DIRECTION('',(1.,0.,0.));
#2131 = ADVANCED_FACE('',(#2132),#2143,.F.);
#2132 = FACE_BOUND('',#2133,.F.);
#2133 = EDGE_LOOP('',(#2134,#2135,#2141,#2142));
#2134 = ORIENTED_EDGE('',*,*,#1149,.F.);
#2135 = ORIENTED_EDGE('',*,*,#2136,.F.);
#2136 = EDGE_CURVE('',#338,#1150,#2137,.T.);
#2137 = LINE('',#2138,#2139);
#2138 = CARTESIAN_POINT('',(35.3,-22.75,-0.1));
#2139 = VECTOR('',#2140,1.);
#2140 = DIRECTION('',(0.,0.,1.));
#2141 = ORIENTED_EDGE('',*,*,#337,.T.);
#2142 = ORIENTED_EDGE('',*,*,#2136,.T.);
#2143 = CYLINDRICAL_SURFACE('',#2144,0.55);
#2144 = AXIS2_PLACEMENT_3D('',#2145,#2146,#2147);
#2145 = CARTESIAN_POINT('',(34.75,-22.75,-0.1));
#2146 = DIRECTION('',(0.,0.,1.));
#2147 = DIRECTION('',(1.,0.,0.));
#2148 = ADVANCED_FACE('',(#2149),#2160,.F.);
#2149 = FACE_BOUND('',#2150,.F.);
#2150 = EDGE_LOOP('',(#2151,#2152,#2158,#2159));
#2151 = ORIENTED_EDGE('',*,*,#1160,.F.);
#2152 = ORIENTED_EDGE('',*,*,#2153,.F.);
#2153 = EDGE_CURVE('',#349,#1161,#2154,.T.);
#2154 = LINE('',#2155,#2156);
#2155 = CARTESIAN_POINT('',(21.3,-36.25,-0.1));
#2156 = VECTOR('',#2157,1.);
#2157 = DIRECTION('',(0.,0.,1.));
#2158 = ORIENTED_EDGE('',*,*,#348,.T.);
#2159 = ORIENTED_EDGE('',*,*,#2153,.T.);
#2160 = CYLINDRICAL_SURFACE('',#2161,0.55);
#2161 = AXIS2_PLACEMENT_3D('',#2162,#2163,#2164);
#2162 = CARTESIAN_POINT('',(20.75,-36.25,-0.1));
#2163 = DIRECTION('',(0.,0.,1.));
#2164 = DIRECTION('',(1.,0.,0.));
#2165 = ADVANCED_FACE('',(#2166),#2177,.F.);
#2166 = FACE_BOUND('',#2167,.F.);
#2167 = EDGE_LOOP('',(#2168,#2169,#2175,#2176));
#2168 = ORIENTED_EDGE('',*,*,#1171,.F.);
#2169 = ORIENTED_EDGE('',*,*,#2170,.F.);
#2170 = EDGE_CURVE('',#360,#1172,#2171,.T.);
#2171 = LINE('',#2172,#2173);
#2172 = CARTESIAN_POINT('',(21.3,-31.75,-0.1));
#2173 = VECTOR('',#2174,1.);
#2174 = DIRECTION('',(0.,0.,1.));
#2175 = ORIENTED_EDGE('',*,*,#359,.T.);
#2176 = ORIENTED_EDGE('',*,*,#2170,.T.);
#2177 = CYLINDRICAL_SURFACE('',#2178,0.55);
#2178 = AXIS2_PLACEMENT_3D('',#2179,#2180,#2181);
#2179 = CARTESIAN_POINT('',(20.75,-31.75,-0.1));
#2180 = DIRECTION('',(0.,0.,1.));
#2181 = DIRECTION('',(1.,0.,0.));
#2182 = ADVANCED_FACE('',(#2183),#2194,.F.);
#2183 = FACE_BOUND('',#2184,.F.);
#2184 = EDGE_LOOP('',(#2185,#2186,#2192,#2193));
#2185 = ORIENTED_EDGE('',*,*,#1182,.F.);
#2186 = ORIENTED_EDGE('',*,*,#2187,.F.);
#2187 = EDGE_CURVE('',#371,#1183,#2188,.T.);
#2188 = LINE('',#2189,#2190);
#2189 = CARTESIAN_POINT('',(20.15,-12.5,-0.1));
#2190 = VECTOR('',#2191,1.);
#2191 = DIRECTION('',(0.,0.,1.));
#2192 = ORIENTED_EDGE('',*,*,#370,.T.);
#2193 = ORIENTED_EDGE('',*,*,#2187,.T.);
#2194 = CYLINDRICAL_SURFACE('',#2195,0.65);
#2195 = AXIS2_PLACEMENT_3D('',#2196,#2197,#2198);
#2196 = CARTESIAN_POINT('',(19.5,-12.5,-0.1));
#2197 = DIRECTION('',(0.,0.,1.));
#2198 = DIRECTION('',(1.,0.,0.));
#2199 = ADVANCED_FACE('',(#2200),#2211,.F.);
#2200 = FACE_BOUND('',#2201,.F.);
#2201 = EDGE_LOOP('',(#2202,#2203,#2209,#2210));
#2202 = ORIENTED_EDGE('',*,*,#1193,.F.);
#2203 = ORIENTED_EDGE('',*,*,#2204,.F.);
#2204 = EDGE_CURVE('',#382,#1194,#2205,.T.);
#2205 = LINE('',#2206,#2207);
#2206 = CARTESIAN_POINT('',(4.89,-12.5,-0.1));
#2207 = VECTOR('',#2208,1.);
#2208 = DIRECTION('',(0.,0.,1.));
#2209 = ORIENTED_EDGE('',*,*,#381,.T.);
#2210 = ORIENTED_EDGE('',*,*,#2204,.T.);
#2211 = CYLINDRICAL_SURFACE('',#2212,0.65);
#2212 = AXIS2_PLACEMENT_3D('',#2213,#2214,#2215);
#2213 = CARTESIAN_POINT('',(4.24,-12.5,-0.1));
#2214 = DIRECTION('',(0.,0.,1.));
#2215 = DIRECTION('',(1.,0.,0.));
#2216 = ADVANCED_FACE('',(#2217),#2228,.F.);
#2217 = FACE_BOUND('',#2218,.F.);
#2218 = EDGE_LOOP('',(#2219,#2220,#2226,#2227));
#2219 = ORIENTED_EDGE('',*,*,#1204,.F.);
#2220 = ORIENTED_EDGE('',*,*,#2221,.F.);
#2221 = EDGE_CURVE('',#393,#1205,#2222,.T.);
#2222 = LINE('',#2223,#2224);
#2223 = CARTESIAN_POINT('',(20.15,-5.,-0.1));
#2224 = VECTOR('',#2225,1.);
#2225 = DIRECTION('',(0.,0.,1.));
#2226 = ORIENTED_EDGE('',*,*,#392,.T.);
#2227 = ORIENTED_EDGE('',*,*,#2221,.T.);
#2228 = CYLINDRICAL_SURFACE('',#2229,0.65);
#2229 = AXIS2_PLACEMENT_3D('',#2230,#2231,#2232);
#2230 = CARTESIAN_POINT('',(19.5,-5.,-0.1));
#2231 = DIRECTION('',(0.,0.,1.));
#2232 = DIRECTION('',(1.,0.,0.));
#2233 = ADVANCED_FACE('',(#2234),#2245,.F.);
#2234 = FACE_BOUND('',#2235,.F.);
#2235 = EDGE_LOOP('',(#2236,#2237,#2243,#2244));
#2236 = ORIENTED_EDGE('',*,*,#1215,.F.);
#2237 = ORIENTED_EDGE('',*,*,#2238,.F.);
#2238 = EDGE_CURVE('',#404,#1216,#2239,.T.);
#2239 = LINE('',#2240,#2241);
#2240 = CARTESIAN_POINT('',(4.89,-5.,-0.1));
#2241 = VECTOR('',#2242,1.);
#2242 = DIRECTION('',(0.,0.,1.));
#2243 = ORIENTED_EDGE('',*,*,#403,.T.);
#2244 = ORIENTED_EDGE('',*,*,#2238,.T.);
#2245 = CYLINDRICAL_SURFACE('',#2246,0.65);
#2246 = AXIS2_PLACEMENT_3D('',#2247,#2248,#2249);
#2247 = CARTESIAN_POINT('',(4.24,-5.,-0.1));
#2248 = DIRECTION('',(0.,0.,1.));
#2249 = DIRECTION('',(1.,0.,0.));
#2250 = ADVANCED_FACE('',(#2251),#2262,.F.);
#2251 = FACE_BOUND('',#2252,.F.);
#2252 = EDGE_LOOP('',(#2253,#2254,#2260,#2261));
#2253 = ORIENTED_EDGE('',*,*,#1226,.F.);
#2254 = ORIENTED_EDGE('',*,*,#2255,.F.);
#2255 = EDGE_CURVE('',#415,#1227,#2256,.T.);
#2256 = LINE('',#2257,#2258);
#2257 = CARTESIAN_POINT('',(-32.65,-40.9,-0.1));
#2258 = VECTOR('',#2259,1.);
#2259 = DIRECTION('',(0.,0.,1.));
#2260 = ORIENTED_EDGE('',*,*,#414,.T.);
#2261 = ORIENTED_EDGE('',*,*,#2255,.T.);
#2262 = CYLINDRICAL_SURFACE('',#2263,0.45);
#2263 = AXIS2_PLACEMENT_3D('',#2264,#2265,#2266);
#2264 = CARTESIAN_POINT('',(-33.1,-40.9,-0.1));
#2265 = DIRECTION('',(0.,0.,1.));
#2266 = DIRECTION('',(1.,0.,0.));
#2267 = ADVANCED_FACE('',(#2268),#2279,.F.);
#2268 = FACE_BOUND('',#2269,.F.);
#2269 = EDGE_LOOP('',(#2270,#2271,#2277,#2278));
#2270 = ORIENTED_EDGE('',*,*,#1237,.F.);
#2271 = ORIENTED_EDGE('',*,*,#2272,.F.);
#2272 = EDGE_CURVE('',#426,#1238,#2273,.T.);
#2273 = LINE('',#2274,#2275);
#2274 = CARTESIAN_POINT('',(-42.4,-36.,-0.1));
#2275 = VECTOR('',#2276,1.);
#2276 = DIRECTION('',(0.,0.,1.));
#2277 = ORIENTED_EDGE('',*,*,#425,.T.);
#2278 = ORIENTED_EDGE('',*,*,#2272,.T.);
#2279 = CYLINDRICAL_SURFACE('',#2280,1.6);
#2280 = AXIS2_PLACEMENT_3D('',#2281,#2282,#2283);
#2281 = CARTESIAN_POINT('',(-44.,-36.,-0.1));
#2282 = DIRECTION('',(0.,0.,1.));
#2283 = DIRECTION('',(1.,0.,0.));
#2284 = ADVANCED_FACE('',(#2285),#2296,.F.);
#2285 = FACE_BOUND('',#2286,.F.);
#2286 = EDGE_LOOP('',(#2287,#2288,#2294,#2295));
#2287 = ORIENTED_EDGE('',*,*,#1248,.F.);
#2288 = ORIENTED_EDGE('',*,*,#2289,.F.);
#2289 = EDGE_CURVE('',#437,#1249,#2290,.T.);
#2290 = LINE('',#2291,#2292);
#2291 = CARTESIAN_POINT('',(-0.15,-12.5,-0.1));
#2292 = VECTOR('',#2293,1.);
#2293 = DIRECTION('',(0.,0.,1.));
#2294 = ORIENTED_EDGE('',*,*,#436,.T.);
#2295 = ORIENTED_EDGE('',*,*,#2289,.T.);
#2296 = CYLINDRICAL_SURFACE('',#2297,0.65);
#2297 = AXIS2_PLACEMENT_3D('',#2298,#2299,#2300);
#2298 = CARTESIAN_POINT('',(-0.8,-12.5,-0.1));
#2299 = DIRECTION('',(0.,0.,1.));
#2300 = DIRECTION('',(1.,0.,0.));
#2301 = ADVANCED_FACE('',(#2302),#2313,.F.);
#2302 = FACE_BOUND('',#2303,.F.);
#2303 = EDGE_LOOP('',(#2304,#2305,#2311,#2312));
#2304 = ORIENTED_EDGE('',*,*,#1259,.F.);
#2305 = ORIENTED_EDGE('',*,*,#2306,.F.);
#2306 = EDGE_CURVE('',#448,#1260,#2307,.T.);
#2307 = LINE('',#2308,#2309);
#2308 = CARTESIAN_POINT('',(-5.19,-12.5,-0.1));
#2309 = VECTOR('',#2310,1.);
#2310 = DIRECTION('',(0.,0.,1.));
#2311 = ORIENTED_EDGE('',*,*,#447,.T.);
#2312 = ORIENTED_EDGE('',*,*,#2306,.T.);
#2313 = CYLINDRICAL_SURFACE('',#2314,0.65);
#2314 = AXIS2_PLACEMENT_3D('',#2315,#2316,#2317);
#2315 = CARTESIAN_POINT('',(-5.84,-12.5,-0.1));
#2316 = DIRECTION('',(0.,0.,1.));
#2317 = DIRECTION('',(1.,0.,0.));
#2318 = ADVANCED_FACE('',(#2319),#2330,.F.);
#2319 = FACE_BOUND('',#2320,.F.);
#2320 = EDGE_LOOP('',(#2321,#2322,#2328,#2329));
#2321 = ORIENTED_EDGE('',*,*,#1270,.F.);
#2322 = ORIENTED_EDGE('',*,*,#2323,.F.);
#2323 = EDGE_CURVE('',#459,#1271,#2324,.T.);
#2324 = LINE('',#2325,#2326);
#2325 = CARTESIAN_POINT('',(-20.85,-19.5,-0.1));
#2326 = VECTOR('',#2327,1.);
#2327 = DIRECTION('',(0.,0.,1.));
#2328 = ORIENTED_EDGE('',*,*,#458,.T.);
#2329 = ORIENTED_EDGE('',*,*,#2323,.T.);
#2330 = CYLINDRICAL_SURFACE('',#2331,0.65);
#2331 = AXIS2_PLACEMENT_3D('',#2332,#2333,#2334);
#2332 = CARTESIAN_POINT('',(-21.5,-19.5,-0.1));
#2333 = DIRECTION('',(0.,0.,1.));
#2334 = DIRECTION('',(1.,0.,0.));
#2335 = ADVANCED_FACE('',(#2336),#2347,.F.);
#2336 = FACE_BOUND('',#2337,.F.);
#2337 = EDGE_LOOP('',(#2338,#2339,#2345,#2346));
#2338 = ORIENTED_EDGE('',*,*,#1281,.F.);
#2339 = ORIENTED_EDGE('',*,*,#2340,.F.);
#2340 = EDGE_CURVE('',#470,#1282,#2341,.T.);
#2341 = LINE('',#2342,#2343);
#2342 = CARTESIAN_POINT('',(-20.85,-11.88,-0.1));
#2343 = VECTOR('',#2344,1.);
#2344 = DIRECTION('',(0.,0.,1.));
#2345 = ORIENTED_EDGE('',*,*,#469,.T.);
#2346 = ORIENTED_EDGE('',*,*,#2340,.T.);
#2347 = CYLINDRICAL_SURFACE('',#2348,0.65);
#2348 = AXIS2_PLACEMENT_3D('',#2349,#2350,#2351);
#2349 = CARTESIAN_POINT('',(-21.5,-11.88,-0.1));
#2350 = DIRECTION('',(0.,0.,1.));
#2351 = DIRECTION('',(1.,0.,0.));
#2352 = ADVANCED_FACE('',(#2353),#2364,.F.);
#2353 = FACE_BOUND('',#2354,.F.);
#2354 = EDGE_LOOP('',(#2355,#2356,#2362,#2363));
#2355 = ORIENTED_EDGE('',*,*,#1292,.F.);
#2356 = ORIENTED_EDGE('',*,*,#2357,.F.);
#2357 = EDGE_CURVE('',#481,#1293,#2358,.T.);
#2358 = LINE('',#2359,#2360);
#2359 = CARTESIAN_POINT('',(-0.15,-5.,-0.1));
#2360 = VECTOR('',#2361,1.);
#2361 = DIRECTION('',(0.,0.,1.));
#2362 = ORIENTED_EDGE('',*,*,#480,.T.);
#2363 = ORIENTED_EDGE('',*,*,#2357,.T.);
#2364 = CYLINDRICAL_SURFACE('',#2365,0.65);
#2365 = AXIS2_PLACEMENT_3D('',#2366,#2367,#2368);
#2366 = CARTESIAN_POINT('',(-0.8,-5.,-0.1));
#2367 = DIRECTION('',(0.,0.,1.));
#2368 = DIRECTION('',(1.,0.,0.));
#2369 = ADVANCED_FACE('',(#2370),#2381,.F.);
#2370 = FACE_BOUND('',#2371,.F.);
#2371 = EDGE_LOOP('',(#2372,#2373,#2379,#2380));
#2372 = ORIENTED_EDGE('',*,*,#1303,.F.);
#2373 = ORIENTED_EDGE('',*,*,#2374,.F.);
#2374 = EDGE_CURVE('',#492,#1304,#2375,.T.);
#2375 = LINE('',#2376,#2377);
#2376 = CARTESIAN_POINT('',(-5.19,-5.,-0.1));
#2377 = VECTOR('',#2378,1.);
#2378 = DIRECTION('',(0.,0.,1.));
#2379 = ORIENTED_EDGE('',*,*,#491,.T.);
#2380 = ORIENTED_EDGE('',*,*,#2374,.T.);
#2381 = CYLINDRICAL_SURFACE('',#2382,0.65);
#2382 = AXIS2_PLACEMENT_3D('',#2383,#2384,#2385);
#2383 = CARTESIAN_POINT('',(-5.84,-5.,-0.1));
#2384 = DIRECTION('',(0.,0.,1.));
#2385 = DIRECTION('',(1.,0.,0.));
#2386 = ADVANCED_FACE('',(#2387),#2398,.F.);
#2387 = FACE_BOUND('',#2388,.F.);
#2388 = EDGE_LOOP('',(#2389,#2390,#2396,#2397));
#2389 = ORIENTED_EDGE('',*,*,#1314,.F.);
#2390 = ORIENTED_EDGE('',*,*,#2391,.F.);
#2391 = EDGE_CURVE('',#503,#1315,#2392,.T.);
#2392 = LINE('',#2393,#2394);
#2393 = CARTESIAN_POINT('',(-20.85,-3.26,-0.1));
#2394 = VECTOR('',#2395,1.);
#2395 = DIRECTION('',(0.,0.,1.));
#2396 = ORIENTED_EDGE('',*,*,#502,.T.);
#2397 = ORIENTED_EDGE('',*,*,#2391,.T.);
#2398 = CYLINDRICAL_SURFACE('',#2399,0.65);
#2399 = AXIS2_PLACEMENT_3D('',#2400,#2401,#2402);
#2400 = CARTESIAN_POINT('',(-21.5,-3.26,-0.1));
#2401 = DIRECTION('',(0.,0.,1.));
#2402 = DIRECTION('',(1.,0.,0.));
#2403 = ADVANCED_FACE('',(#2404),#2415,.F.);
#2404 = FACE_BOUND('',#2405,.F.);
#2405 = EDGE_LOOP('',(#2406,#2407,#2413,#2414));
#2406 = ORIENTED_EDGE('',*,*,#1325,.F.);
#2407 = ORIENTED_EDGE('',*,*,#2408,.F.);
#2408 = EDGE_CURVE('',#514,#1326,#2409,.T.);
#2409 = LINE('',#2410,#2411);
#2410 = CARTESIAN_POINT('',(-32.65,-10.9,-0.1));
#2411 = VECTOR('',#2412,1.);
#2412 = DIRECTION('',(0.,0.,1.));
#2413 = ORIENTED_EDGE('',*,*,#513,.T.);
#2414 = ORIENTED_EDGE('',*,*,#2408,.T.);
#2415 = CYLINDRICAL_SURFACE('',#2416,0.45);
#2416 = AXIS2_PLACEMENT_3D('',#2417,#2418,#2419);
#2417 = CARTESIAN_POINT('',(-33.1,-10.9,-0.1));
#2418 = DIRECTION('',(0.,0.,1.));
#2419 = DIRECTION('',(1.,0.,0.));
#2420 = ADVANCED_FACE('',(#2421),#2432,.F.);
#2421 = FACE_BOUND('',#2422,.F.);
#2422 = EDGE_LOOP('',(#2423,#2424,#2430,#2431));
#2423 = ORIENTED_EDGE('',*,*,#1336,.F.);
#2424 = ORIENTED_EDGE('',*,*,#2425,.F.);
#2425 = EDGE_CURVE('',#525,#1337,#2426,.T.);
#2426 = LINE('',#2427,#2428);
#2427 = CARTESIAN_POINT('',(44.5,-1.58,-0.1));
#2428 = VECTOR('',#2429,1.);
#2429 = DIRECTION('',(0.,0.,1.));
#2430 = ORIENTED_EDGE('',*,*,#524,.T.);
#2431 = ORIENTED_EDGE('',*,*,#2425,.T.);
#2432 = CYLINDRICAL_SURFACE('',#2433,0.5);
#2433 = AXIS2_PLACEMENT_3D('',#2434,#2435,#2436);
#2434 = CARTESIAN_POINT('',(44.,-1.58,-0.1));
#2435 = DIRECTION('',(0.,0.,1.));
#2436 = DIRECTION('',(1.,0.,0.));
#2437 = ADVANCED_FACE('',(#2438),#2449,.F.);
#2438 = FACE_BOUND('',#2439,.F.);
#2439 = EDGE_LOOP('',(#2440,#2441,#2447,#2448));
#2440 = ORIENTED_EDGE('',*,*,#1347,.F.);
#2441 = ORIENTED_EDGE('',*,*,#2442,.F.);
#2442 = EDGE_CURVE('',#536,#1348,#2443,.T.);
#2443 = LINE('',#2444,#2445);
#2444 = CARTESIAN_POINT('',(44.5,0.96,-0.1));
#2445 = VECTOR('',#2446,1.);
#2446 = DIRECTION('',(0.,0.,1.));
#2447 = ORIENTED_EDGE('',*,*,#535,.T.);
#2448 = ORIENTED_EDGE('',*,*,#2442,.T.);
#2449 = CYLINDRICAL_SURFACE('',#2450,0.5);
#2450 = AXIS2_PLACEMENT_3D('',#2451,#2452,#2453);
#2451 = CARTESIAN_POINT('',(44.,0.96,-0.1));
#2452 = DIRECTION('',(0.,0.,1.));
#2453 = DIRECTION('',(1.,0.,0.));
#2454 = ADVANCED_FACE('',(#2455),#2466,.F.);
#2455 = FACE_BOUND('',#2456,.F.);
#2456 = EDGE_LOOP('',(#2457,#2458,#2464,#2465));
#2457 = ORIENTED_EDGE('',*,*,#1358,.F.);
#2458 = ORIENTED_EDGE('',*,*,#2459,.F.);
#2459 = EDGE_CURVE('',#547,#1359,#2460,.T.);
#2460 = LINE('',#2461,#2462);
#2461 = CARTESIAN_POINT('',(44.5,3.5,-0.1));
#2462 = VECTOR('',#2463,1.);
#2463 = DIRECTION('',(0.,0.,1.));
#2464 = ORIENTED_EDGE('',*,*,#546,.T.);
#2465 = ORIENTED_EDGE('',*,*,#2459,.T.);
#2466 = CYLINDRICAL_SURFACE('',#2467,0.5);
#2467 = AXIS2_PLACEMENT_3D('',#2468,#2469,#2470);
#2468 = CARTESIAN_POINT('',(44.,3.5,-0.1));
#2469 = DIRECTION('',(0.,0.,1.));
#2470 = DIRECTION('',(1.,0.,0.));
#2471 = ADVANCED_FACE('',(#2472),#2483,.F.);
#2472 = FACE_BOUND('',#2473,.F.);
#2473 = EDGE_LOOP('',(#2474,#2475,#2481,#2482));
#2474 = ORIENTED_EDGE('',*,*,#1369,.F.);
#2475 = ORIENTED_EDGE('',*,*,#2476,.F.);
#2476 = EDGE_CURVE('',#558,#1370,#2477,.T.);
#2477 = LINE('',#2478,#2479);
#2478 = CARTESIAN_POINT('',(3.85,17.55,-0.1));
#2479 = VECTOR('',#2480,1.);
#2480 = DIRECTION('',(0.,0.,1.));
#2481 = ORIENTED_EDGE('',*,*,#557,.T.);
#2482 = ORIENTED_EDGE('',*,*,#2476,.T.);
#2483 = CYLINDRICAL_SURFACE('',#2484,0.75);
#2484 = AXIS2_PLACEMENT_3D('',#2485,#2486,#2487);
#2485 = CARTESIAN_POINT('',(3.1,17.55,-0.1));
#2486 = DIRECTION('',(0.,0.,1.));
#2487 = DIRECTION('',(1.,0.,0.));
#2488 = ADVANCED_FACE('',(#2489),#2500,.F.);
#2489 = FACE_BOUND('',#2490,.F.);
#2490 = EDGE_LOOP('',(#2491,#2492,#2498,#2499));
#2491 = ORIENTED_EDGE('',*,*,#1380,.F.);
#2492 = ORIENTED_EDGE('',*,*,#2493,.F.);
#2493 = EDGE_CURVE('',#569,#1381,#2494,.T.);
#2494 = LINE('',#2495,#2496);
#2495 = CARTESIAN_POINT('',(31.61,18.2,-0.1));
#2496 = VECTOR('',#2497,1.);
#2497 = DIRECTION('',(0.,0.,1.));
#2498 = ORIENTED_EDGE('',*,*,#568,.T.);
#2499 = ORIENTED_EDGE('',*,*,#2493,.T.);
#2500 = CYLINDRICAL_SURFACE('',#2501,0.1);
#2501 = AXIS2_PLACEMENT_3D('',#2502,#2503,#2504);
#2502 = CARTESIAN_POINT('',(31.51,18.2,-0.1));
#2503 = DIRECTION('',(0.,0.,1.));
#2504 = DIRECTION('',(1.,0.,0.));
#2505 = ADVANCED_FACE('',(#2506),#2517,.F.);
#2506 = FACE_BOUND('',#2507,.F.);
#2507 = EDGE_LOOP('',(#2508,#2509,#2515,#2516));
#2508 = ORIENTED_EDGE('',*,*,#1391,.F.);
#2509 = ORIENTED_EDGE('',*,*,#2510,.F.);
#2510 = EDGE_CURVE('',#580,#1392,#2511,.T.);
#2511 = LINE('',#2512,#2513);
#2512 = CARTESIAN_POINT('',(32.16,18.75,-0.1));
#2513 = VECTOR('',#2514,1.);
#2514 = DIRECTION('',(0.,0.,1.));
#2515 = ORIENTED_EDGE('',*,*,#579,.T.);
#2516 = ORIENTED_EDGE('',*,*,#2510,.T.);
#2517 = CYLINDRICAL_SURFACE('',#2518,0.1);
#2518 = AXIS2_PLACEMENT_3D('',#2519,#2520,#2521);
#2519 = CARTESIAN_POINT('',(32.06,18.75,-0.1));
#2520 = DIRECTION('',(0.,0.,1.));
#2521 = DIRECTION('',(1.,0.,0.));
#2522 = ADVANCED_FACE('',(#2523),#2534,.F.);
#2523 = FACE_BOUND('',#2524,.F.);
#2524 = EDGE_LOOP('',(#2525,#2526,#2532,#2533));
#2525 = ORIENTED_EDGE('',*,*,#1402,.F.);
#2526 = ORIENTED_EDGE('',*,*,#2527,.F.);
#2527 = EDGE_CURVE('',#591,#1403,#2528,.T.);
#2528 = LINE('',#2529,#2530);
#2529 = CARTESIAN_POINT('',(31.61,19.3,-0.1));
#2530 = VECTOR('',#2531,1.);
#2531 = DIRECTION('',(0.,0.,1.));
#2532 = ORIENTED_EDGE('',*,*,#590,.T.);
#2533 = ORIENTED_EDGE('',*,*,#2527,.T.);
#2534 = CYLINDRICAL_SURFACE('',#2535,0.1);
#2535 = AXIS2_PLACEMENT_3D('',#2536,#2537,#2538);
#2536 = CARTESIAN_POINT('',(31.51,19.3,-0.1));
#2537 = DIRECTION('',(0.,0.,1.));
#2538 = DIRECTION('',(1.,0.,0.));
#2539 = ADVANCED_FACE('',(#2540),#2551,.F.);
#2540 = FACE_BOUND('',#2541,.F.);
#2541 = EDGE_LOOP('',(#2542,#2543,#2549,#2550));
#2542 = ORIENTED_EDGE('',*,*,#1413,.F.);
#2543 = ORIENTED_EDGE('',*,*,#2544,.F.);
#2544 = EDGE_CURVE('',#602,#1414,#2545,.T.);
#2545 = LINE('',#2546,#2547);
#2546 = CARTESIAN_POINT('',(32.16,19.85,-0.1));
#2547 = VECTOR('',#2548,1.);
#2548 = DIRECTION('',(0.,0.,1.));
#2549 = ORIENTED_EDGE('',*,*,#601,.T.);
#2550 = ORIENTED_EDGE('',*,*,#2544,.T.);
#2551 = CYLINDRICAL_SURFACE('',#2552,0.1);
#2552 = AXIS2_PLACEMENT_3D('',#2553,#2554,#2555);
#2553 = CARTESIAN_POINT('',(32.06,19.85,-0.1));
#2554 = DIRECTION('',(0.,0.,1.));
#2555 = DIRECTION('',(1.,0.,0.));
#2556 = ADVANCED_FACE('',(#2557),#2568,.F.);
#2557 = FACE_BOUND('',#2558,.F.);
#2558 = EDGE_LOOP('',(#2559,#2560,#2566,#2567));
#2559 = ORIENTED_EDGE('',*,*,#1424,.F.);
#2560 = ORIENTED_EDGE('',*,*,#2561,.F.);
#2561 = EDGE_CURVE('',#613,#1425,#2562,.T.);
#2562 = LINE('',#2563,#2564);
#2563 = CARTESIAN_POINT('',(30.51,18.2,-0.1));
#2564 = VECTOR('',#2565,1.);
#2565 = DIRECTION('',(0.,0.,1.));
#2566 = ORIENTED_EDGE('',*,*,#612,.T.);
#2567 = ORIENTED_EDGE('',*,*,#2561,.T.);
#2568 = CYLINDRICAL_SURFACE('',#2569,0.1);
#2569 = AXIS2_PLACEMENT_3D('',#2570,#2571,#2572);
#2570 = CARTESIAN_POINT('',(30.41,18.2,-0.1));
#2571 = DIRECTION('',(0.,0.,1.));
#2572 = DIRECTION('',(1.,0.,0.));
#2573 = ADVANCED_FACE('',(#2574),#2585,.F.);
#2574 = FACE_BOUND('',#2575,.F.);
#2575 = EDGE_LOOP('',(#2576,#2577,#2583,#2584));
#2576 = ORIENTED_EDGE('',*,*,#1435,.F.);
#2577 = ORIENTED_EDGE('',*,*,#2578,.F.);
#2578 = EDGE_CURVE('',#624,#1436,#2579,.T.);
#2579 = LINE('',#2580,#2581);
#2580 = CARTESIAN_POINT('',(31.06,18.75,-0.1));
#2581 = VECTOR('',#2582,1.);
#2582 = DIRECTION('',(0.,0.,1.));
#2583 = ORIENTED_EDGE('',*,*,#623,.T.);
#2584 = ORIENTED_EDGE('',*,*,#2578,.T.);
#2585 = CYLINDRICAL_SURFACE('',#2586,0.1);
#2586 = AXIS2_PLACEMENT_3D('',#2587,#2588,#2589);
#2587 = CARTESIAN_POINT('',(30.96,18.75,-0.1));
#2588 = DIRECTION('',(0.,0.,1.));
#2589 = DIRECTION('',(1.,0.,0.));
#2590 = ADVANCED_FACE('',(#2591),#2602,.F.);
#2591 = FACE_BOUND('',#2592,.F.);
#2592 = EDGE_LOOP('',(#2593,#2594,#2600,#2601));
#2593 = ORIENTED_EDGE('',*,*,#1446,.F.);
#2594 = ORIENTED_EDGE('',*,*,#2595,.F.);
#2595 = EDGE_CURVE('',#635,#1447,#2596,.T.);
#2596 = LINE('',#2597,#2598);
#2597 = CARTESIAN_POINT('',(29.96,18.75,-0.1));
#2598 = VECTOR('',#2599,1.);
#2599 = DIRECTION('',(0.,0.,1.));
#2600 = ORIENTED_EDGE('',*,*,#634,.T.);
#2601 = ORIENTED_EDGE('',*,*,#2595,.T.);
#2602 = CYLINDRICAL_SURFACE('',#2603,0.1);
#2603 = AXIS2_PLACEMENT_3D('',#2604,#2605,#2606);
#2604 = CARTESIAN_POINT('',(29.86,18.75,-0.1));
#2605 = DIRECTION('',(0.,0.,1.));
#2606 = DIRECTION('',(1.,0.,0.));
#2607 = ADVANCED_FACE('',(#2608),#2619,.F.);
#2608 = FACE_BOUND('',#2609,.F.);
#2609 = EDGE_LOOP('',(#2610,#2611,#2617,#2618));
#2610 = ORIENTED_EDGE('',*,*,#1457,.F.);
#2611 = ORIENTED_EDGE('',*,*,#2612,.F.);
#2612 = EDGE_CURVE('',#646,#1458,#2613,.T.);
#2613 = LINE('',#2614,#2615);
#2614 = CARTESIAN_POINT('',(30.51,19.3,-0.1));
#2615 = VECTOR('',#2616,1.);
#2616 = DIRECTION('',(0.,0.,1.));
#2617 = ORIENTED_EDGE('',*,*,#645,.T.);
#2618 = ORIENTED_EDGE('',*,*,#2612,.T.);
#2619 = CYLINDRICAL_SURFACE('',#2620,0.1);
#2620 = AXIS2_PLACEMENT_3D('',#2621,#2622,#2623);
#2621 = CARTESIAN_POINT('',(30.41,19.3,-0.1));
#2622 = DIRECTION('',(0.,0.,1.));
#2623 = DIRECTION('',(1.,0.,0.));
#2624 = ADVANCED_FACE('',(#2625),#2636,.F.);
#2625 = FACE_BOUND('',#2626,.F.);
#2626 = EDGE_LOOP('',(#2627,#2628,#2634,#2635));
#2627 = ORIENTED_EDGE('',*,*,#1468,.F.);
#2628 = ORIENTED_EDGE('',*,*,#2629,.F.);
#2629 = EDGE_CURVE('',#657,#1469,#2630,.T.);
#2630 = LINE('',#2631,#2632);
#2631 = CARTESIAN_POINT('',(31.06,19.85,-0.1));
#2632 = VECTOR('',#2633,1.);
#2633 = DIRECTION('',(0.,0.,1.));
#2634 = ORIENTED_EDGE('',*,*,#656,.T.);
#2635 = ORIENTED_EDGE('',*,*,#2629,.T.);
#2636 = CYLINDRICAL_SURFACE('',#2637,0.1);
#2637 = AXIS2_PLACEMENT_3D('',#2638,#2639,#2640);
#2638 = CARTESIAN_POINT('',(30.96,19.85,-0.1));
#2639 = DIRECTION('',(0.,0.,1.));
#2640 = DIRECTION('',(1.,0.,0.));
#2641 = ADVANCED_FACE('',(#2642),#2653,.F.);
#2642 = FACE_BOUND('',#2643,.F.);
#2643 = EDGE_LOOP('',(#2644,#2645,#2651,#2652));
#2644 = ORIENTED_EDGE('',*,*,#1479,.F.);
#2645 = ORIENTED_EDGE('',*,*,#2646,.F.);
#2646 = EDGE_CURVE('',#668,#1480,#2647,.T.);
#2647 = LINE('',#2648,#2649);
#2648 = CARTESIAN_POINT('',(29.96,19.85,-0.1));
#2649 = VECTOR('',#2650,1.);
#2650 = DIRECTION('',(0.,0.,1.));
#2651 = ORIENTED_EDGE('',*,*,#667,.T.);
#2652 = ORIENTED_EDGE('',*,*,#2646,.T.);
#2653 = CYLINDRICAL_SURFACE('',#2654,0.1);
#2654 = AXIS2_PLACEMENT_3D('',#2655,#2656,#2657);
#2655 = CARTESIAN_POINT('',(29.86,19.85,-0.1));
#2656 = DIRECTION('',(0.,0.,1.));
#2657 = DIRECTION('',(1.,0.,0.));
#2658 = ADVANCED_FACE('',(#2659),#2670,.F.);
#2659 = FACE_BOUND('',#2660,.F.);
#2660 = EDGE_LOOP('',(#2661,#2662,#2668,#2669));
#2661 = ORIENTED_EDGE('',*,*,#1490,.F.);
#2662 = ORIENTED_EDGE('',*,*,#2663,.F.);
#2663 = EDGE_CURVE('',#679,#1491,#2664,.T.);
#2664 = LINE('',#2665,#2666);
#2665 = CARTESIAN_POINT('',(31.61,20.4,-0.1));
#2666 = VECTOR('',#2667,1.);
#2667 = DIRECTION('',(0.,0.,1.));
#2668 = ORIENTED_EDGE('',*,*,#678,.T.);
#2669 = ORIENTED_EDGE('',*,*,#2663,.T.);
#2670 = CYLINDRICAL_SURFACE('',#2671,0.1);
#2671 = AXIS2_PLACEMENT_3D('',#2672,#2673,#2674);
#2672 = CARTESIAN_POINT('',(31.51,20.4,-0.1));
#2673 = DIRECTION('',(0.,0.,1.));
#2674 = DIRECTION('',(1.,0.,0.));
#2675 = ADVANCED_FACE('',(#2676),#2687,.F.);
#2676 = FACE_BOUND('',#2677,.F.);
#2677 = EDGE_LOOP('',(#2678,#2679,#2685,#2686));
#2678 = ORIENTED_EDGE('',*,*,#1501,.F.);
#2679 = ORIENTED_EDGE('',*,*,#2680,.F.);
#2680 = EDGE_CURVE('',#690,#1502,#2681,.T.);
#2681 = LINE('',#2682,#2683);
#2682 = CARTESIAN_POINT('',(30.51,20.4,-0.1));
#2683 = VECTOR('',#2684,1.);
#2684 = DIRECTION('',(0.,0.,1.));
#2685 = ORIENTED_EDGE('',*,*,#689,.T.);
#2686 = ORIENTED_EDGE('',*,*,#2680,.T.);
#2687 = CYLINDRICAL_SURFACE('',#2688,0.1);
#2688 = AXIS2_PLACEMENT_3D('',#2689,#2690,#2691);
#2689 = CARTESIAN_POINT('',(30.41,20.4,-0.1));
#2690 = DIRECTION('',(0.,0.,1.));
#2691 = DIRECTION('',(1.,0.,0.));
#2692 = ADVANCED_FACE('',(#2693),#2704,.F.);
#2693 = FACE_BOUND('',#2694,.F.);
#2694 = EDGE_LOOP('',(#2695,#2696,#2702,#2703));
#2695 = ORIENTED_EDGE('',*,*,#1512,.F.);
#2696 = ORIENTED_EDGE('',*,*,#2697,.F.);
#2697 = EDGE_CURVE('',#701,#1513,#2698,.T.);
#2698 = LINE('',#2699,#2700);
#2699 = CARTESIAN_POINT('',(45.6,36.,-0.1));
#2700 = VECTOR('',#2701,1.);
#2701 = DIRECTION('',(0.,0.,1.));
#2702 = ORIENTED_EDGE('',*,*,#700,.T.);
#2703 = ORIENTED_EDGE('',*,*,#2697,.T.);
#2704 = CYLINDRICAL_SURFACE('',#2705,1.6);
#2705 = AXIS2_PLACEMENT_3D('',#2706,#2707,#2708);
#2706 = CARTESIAN_POINT('',(44.,36.,-0.1));
#2707 = DIRECTION('',(0.,0.,1.));
#2708 = DIRECTION('',(1.,0.,0.));
#2709 = ADVANCED_FACE('',(#2710),#2721,.F.);
#2710 = FACE_BOUND('',#2711,.F.);
#2711 = EDGE_LOOP('',(#2712,#2713,#2719,#2720));
#2712 = ORIENTED_EDGE('',*,*,#1523,.F.);
#2713 = ORIENTED_EDGE('',*,*,#2714,.F.);
#2714 = EDGE_CURVE('',#712,#1524,#2715,.T.);
#2715 = LINE('',#2716,#2717);
#2716 = CARTESIAN_POINT('',(35.72,34.,-0.1));
#2717 = VECTOR('',#2718,1.);
#2718 = DIRECTION('',(0.,0.,1.));
#2719 = ORIENTED_EDGE('',*,*,#711,.T.);
#2720 = ORIENTED_EDGE('',*,*,#2714,.T.);
#2721 = CYLINDRICAL_SURFACE('',#2722,0.45);
#2722 = AXIS2_PLACEMENT_3D('',#2723,#2724,#2725);
#2723 = CARTESIAN_POINT('',(35.27,34.,-0.1));
#2724 = DIRECTION('',(0.,0.,1.));
#2725 = DIRECTION('',(1.,0.,0.));
#2726 = ADVANCED_FACE('',(#2727),#2738,.F.);
#2727 = FACE_BOUND('',#2728,.F.);
#2728 = EDGE_LOOP('',(#2729,#2730,#2736,#2737));
#2729 = ORIENTED_EDGE('',*,*,#1534,.F.);
#2730 = ORIENTED_EDGE('',*,*,#2731,.F.);
#2731 = EDGE_CURVE('',#723,#1535,#2732,.T.);
#2732 = LINE('',#2733,#2734);
#2733 = CARTESIAN_POINT('',(33.18,34.,-0.1));
#2734 = VECTOR('',#2735,1.);
#2735 = DIRECTION('',(0.,0.,1.));
#2736 = ORIENTED_EDGE('',*,*,#722,.T.);
#2737 = ORIENTED_EDGE('',*,*,#2731,.T.);
#2738 = CYLINDRICAL_SURFACE('',#2739,0.45);
#2739 = AXIS2_PLACEMENT_3D('',#2740,#2741,#2742);
#2740 = CARTESIAN_POINT('',(32.73,34.,-0.1));
#2741 = DIRECTION('',(0.,0.,1.));
#2742 = DIRECTION('',(1.,0.,0.));
#2743 = ADVANCED_FACE('',(#2744),#2755,.F.);
#2744 = FACE_BOUND('',#2745,.F.);
#2745 = EDGE_LOOP('',(#2746,#2747,#2753,#2754));
#2746 = ORIENTED_EDGE('',*,*,#1545,.F.);
#2747 = ORIENTED_EDGE('',*,*,#2748,.F.);
#2748 = EDGE_CURVE('',#734,#1546,#2749,.T.);
#2749 = LINE('',#2750,#2751);
#2750 = CARTESIAN_POINT('',(3.85,25.55,-0.1));
#2751 = VECTOR('',#2752,1.);
#2752 = DIRECTION('',(0.,0.,1.));
#2753 = ORIENTED_EDGE('',*,*,#733,.T.);
#2754 = ORIENTED_EDGE('',*,*,#2748,.T.);
#2755 = CYLINDRICAL_SURFACE('',#2756,0.75);
#2756 = AXIS2_PLACEMENT_3D('',#2757,#2758,#2759);
#2757 = CARTESIAN_POINT('',(3.1,25.55,-0.1));
#2758 = DIRECTION('',(0.,0.,1.));
#2759 = DIRECTION('',(1.,0.,0.));
#2760 = ADVANCED_FACE('',(#2761),#2772,.F.);
#2761 = FACE_BOUND('',#2762,.F.);
#2762 = EDGE_LOOP('',(#2763,#2764,#2770,#2771));
#2763 = ORIENTED_EDGE('',*,*,#1556,.F.);
#2764 = ORIENTED_EDGE('',*,*,#2765,.F.);
#2765 = EDGE_CURVE('',#745,#1557,#2766,.T.);
#2766 = LINE('',#2767,#2768);
#2767 = CARTESIAN_POINT('',(22.66,35.5,-0.1));
#2768 = VECTOR('',#2769,1.);
#2769 = DIRECTION('',(0.,0.,1.));
#2770 = ORIENTED_EDGE('',*,*,#744,.T.);
#2771 = ORIENTED_EDGE('',*,*,#2765,.T.);
#2772 = CYLINDRICAL_SURFACE('',#2773,0.5);
#2773 = AXIS2_PLACEMENT_3D('',#2774,#2775,#2776);
#2774 = CARTESIAN_POINT('',(22.16,35.5,-0.1));
#2775 = DIRECTION('',(0.,0.,1.));
#2776 = DIRECTION('',(1.,0.,0.));
#2777 = ADVANCED_FACE('',(#2778),#2789,.F.);
#2778 = FACE_BOUND('',#2779,.F.);
#2779 = EDGE_LOOP('',(#2780,#2781,#2787,#2788));
#2780 = ORIENTED_EDGE('',*,*,#1567,.F.);
#2781 = ORIENTED_EDGE('',*,*,#2782,.F.);
#2782 = EDGE_CURVE('',#756,#1568,#2783,.T.);
#2783 = LINE('',#2784,#2785);
#2784 = CARTESIAN_POINT('',(20.12,35.5,-0.1));
#2785 = VECTOR('',#2786,1.);
#2786 = DIRECTION('',(0.,0.,1.));
#2787 = ORIENTED_EDGE('',*,*,#755,.T.);
#2788 = ORIENTED_EDGE('',*,*,#2782,.T.);
#2789 = CYLINDRICAL_SURFACE('',#2790,0.5);
#2790 = AXIS2_PLACEMENT_3D('',#2791,#2792,#2793);
#2791 = CARTESIAN_POINT('',(19.62,35.5,-0.1));
#2792 = DIRECTION('',(0.,0.,1.));
#2793 = DIRECTION('',(1.,0.,0.));
#2794 = ADVANCED_FACE('',(#2795),#2806,.F.);
#2795 = FACE_BOUND('',#2796,.F.);
#2796 = EDGE_LOOP('',(#2797,#2798,#2804,#2805));
#2797 = ORIENTED_EDGE('',*,*,#1578,.F.);
#2798 = ORIENTED_EDGE('',*,*,#2799,.F.);
#2799 = EDGE_CURVE('',#767,#1579,#2800,.T.);
#2800 = LINE('',#2801,#2802);
#2801 = CARTESIAN_POINT('',(17.58,35.5,-0.1));
#2802 = VECTOR('',#2803,1.);
#2803 = DIRECTION('',(0.,0.,1.));
#2804 = ORIENTED_EDGE('',*,*,#766,.T.);
#2805 = ORIENTED_EDGE('',*,*,#2799,.T.);
#2806 = CYLINDRICAL_SURFACE('',#2807,0.5);
#2807 = AXIS2_PLACEMENT_3D('',#2808,#2809,#2810);
#2808 = CARTESIAN_POINT('',(17.08,35.5,-0.1));
#2809 = DIRECTION('',(0.,0.,1.));
#2810 = DIRECTION('',(1.,0.,0.));
#2811 = ADVANCED_FACE('',(#2812),#2823,.F.);
#2812 = FACE_BOUND('',#2813,.F.);
#2813 = EDGE_LOOP('',(#2814,#2815,#2821,#2822));
#2814 = ORIENTED_EDGE('',*,*,#1589,.F.);
#2815 = ORIENTED_EDGE('',*,*,#2816,.F.);
#2816 = EDGE_CURVE('',#778,#1590,#2817,.T.);
#2817 = LINE('',#2818,#2819);
#2818 = CARTESIAN_POINT('',(15.04,35.5,-0.1));
#2819 = VECTOR('',#2820,1.);
#2820 = DIRECTION('',(0.,0.,1.));
#2821 = ORIENTED_EDGE('',*,*,#777,.T.);
#2822 = ORIENTED_EDGE('',*,*,#2816,.T.);
#2823 = CYLINDRICAL_SURFACE('',#2824,0.5);
#2824 = AXIS2_PLACEMENT_3D('',#2825,#2826,#2827);
#2825 = CARTESIAN_POINT('',(14.54,35.5,-0.1));
#2826 = DIRECTION('',(0.,0.,1.));
#2827 = DIRECTION('',(1.,0.,0.));
#2828 = ADVANCED_FACE('',(#2829),#2840,.F.);
#2829 = FACE_BOUND('',#2830,.F.);
#2830 = EDGE_LOOP('',(#2831,#2832,#2838,#2839));
#2831 = ORIENTED_EDGE('',*,*,#1600,.F.);
#2832 = ORIENTED_EDGE('',*,*,#2833,.F.);
#2833 = EDGE_CURVE('',#789,#1601,#2834,.T.);
#2834 = LINE('',#2835,#2836);
#2835 = CARTESIAN_POINT('',(12.5,35.5,-0.1));
#2836 = VECTOR('',#2837,1.);
#2837 = DIRECTION('',(0.,0.,1.));
#2838 = ORIENTED_EDGE('',*,*,#788,.T.);
#2839 = ORIENTED_EDGE('',*,*,#2833,.T.);
#2840 = CYLINDRICAL_SURFACE('',#2841,0.5);
#2841 = AXIS2_PLACEMENT_3D('',#2842,#2843,#2844);
#2842 = CARTESIAN_POINT('',(12.,35.5,-0.1));
#2843 = DIRECTION('',(0.,0.,1.));
#2844 = DIRECTION('',(1.,0.,0.));
#2845 = ADVANCED_FACE('',(#2846),#2857,.F.);
#2846 = FACE_BOUND('',#2847,.F.);
#2847 = EDGE_LOOP('',(#2848,#2849,#2855,#2856));
#2848 = ORIENTED_EDGE('',*,*,#1611,.F.);
#2849 = ORIENTED_EDGE('',*,*,#2850,.F.);
#2850 = EDGE_CURVE('',#800,#1612,#2851,.T.);
#2851 = LINE('',#2852,#2853);
#2852 = CARTESIAN_POINT('',(-3.39,7.5,-0.1));
#2853 = VECTOR('',#2854,1.);
#2854 = DIRECTION('',(0.,0.,1.));
#2855 = ORIENTED_EDGE('',*,*,#799,.T.);
#2856 = ORIENTED_EDGE('',*,*,#2850,.T.);
#2857 = CYLINDRICAL_SURFACE('',#2858,0.45);
#2858 = AXIS2_PLACEMENT_3D('',#2859,#2860,#2861);
#2859 = CARTESIAN_POINT('',(-3.84,7.5,-0.1));
#2860 = DIRECTION('',(0.,0.,1.));
#2861 = DIRECTION('',(1.,0.,0.));
#2862 = ADVANCED_FACE('',(#2863),#2874,.F.);
#2863 = FACE_BOUND('',#2864,.F.);
#2864 = EDGE_LOOP('',(#2865,#2866,#2872,#2873));
#2865 = ORIENTED_EDGE('',*,*,#1622,.F.);
#2866 = ORIENTED_EDGE('',*,*,#2867,.F.);
#2867 = EDGE_CURVE('',#811,#1623,#2868,.T.);
#2868 = LINE('',#2869,#2870);
#2869 = CARTESIAN_POINT('',(-13.55,7.5,-0.1));
#2870 = VECTOR('',#2871,1.);
#2871 = DIRECTION('',(0.,0.,1.));
#2872 = ORIENTED_EDGE('',*,*,#810,.T.);
#2873 = ORIENTED_EDGE('',*,*,#2867,.T.);
#2874 = CYLINDRICAL_SURFACE('',#2875,0.45);
#2875 = AXIS2_PLACEMENT_3D('',#2876,#2877,#2878);
#2876 = CARTESIAN_POINT('',(-14.,7.5,-0.1));
#2877 = DIRECTION('',(0.,0.,1.));
#2878 = DIRECTION('',(1.,0.,0.));
#2879 = ADVANCED_FACE('',(#2880),#2891,.F.);
#2880 = FACE_BOUND('',#2881,.F.);
#2881 = EDGE_LOOP('',(#2882,#2883,#2889,#2890));
#2882 = ORIENTED_EDGE('',*,*,#1633,.F.);
#2883 = ORIENTED_EDGE('',*,*,#2884,.F.);
#2884 = EDGE_CURVE('',#822,#1634,#2885,.T.);
#2885 = LINE('',#2886,#2887);
#2886 = CARTESIAN_POINT('',(-20.85,4.36,-0.1));
#2887 = VECTOR('',#2888,1.);
#2888 = DIRECTION('',(0.,0.,1.));
#2889 = ORIENTED_EDGE('',*,*,#821,.T.);
#2890 = ORIENTED_EDGE('',*,*,#2884,.T.);
#2891 = CYLINDRICAL_SURFACE('',#2892,0.65);
#2892 = AXIS2_PLACEMENT_3D('',#2893,#2894,#2895);
#2893 = CARTESIAN_POINT('',(-21.5,4.36,-0.1));
#2894 = DIRECTION('',(0.,0.,1.));
#2895 = DIRECTION('',(1.,0.,0.));
#2896 = ADVANCED_FACE('',(#2897),#2908,.F.);
#2897 = FACE_BOUND('',#2898,.F.);
#2898 = EDGE_LOOP('',(#2899,#2900,#2906,#2907));
#2899 = ORIENTED_EDGE('',*,*,#1644,.F.);
#2900 = ORIENTED_EDGE('',*,*,#2901,.F.);
#2901 = EDGE_CURVE('',#833,#1645,#2902,.T.);
#2902 = LINE('',#2903,#2904);
#2903 = CARTESIAN_POINT('',(-5.39,11.5,-0.1));
#2904 = VECTOR('',#2905,1.);
#2905 = DIRECTION('',(0.,0.,1.));
#2906 = ORIENTED_EDGE('',*,*,#832,.T.);
#2907 = ORIENTED_EDGE('',*,*,#2901,.T.);
#2908 = CYLINDRICAL_SURFACE('',#2909,0.45);
#2909 = AXIS2_PLACEMENT_3D('',#2910,#2911,#2912);
#2910 = CARTESIAN_POINT('',(-5.84,11.5,-0.1));
#2911 = DIRECTION('',(0.,0.,1.));
#2912 = DIRECTION('',(1.,0.,0.));
#2913 = ADVANCED_FACE('',(#2914),#2925,.F.);
#2914 = FACE_BOUND('',#2915,.F.);
#2915 = EDGE_LOOP('',(#2916,#2917,#2923,#2924));
#2916 = ORIENTED_EDGE('',*,*,#1655,.F.);
#2917 = ORIENTED_EDGE('',*,*,#2918,.F.);
#2918 = EDGE_CURVE('',#844,#1656,#2919,.T.);
#2919 = LINE('',#2920,#2921);
#2920 = CARTESIAN_POINT('',(-15.55,11.5,-0.1));
#2921 = VECTOR('',#2922,1.);
#2922 = DIRECTION('',(0.,0.,1.));
#2923 = ORIENTED_EDGE('',*,*,#843,.T.);
#2924 = ORIENTED_EDGE('',*,*,#2918,.T.);
#2925 = CYLINDRICAL_SURFACE('',#2926,0.45);
#2926 = AXIS2_PLACEMENT_3D('',#2927,#2928,#2929);
#2927 = CARTESIAN_POINT('',(-16.,11.5,-0.1));
#2928 = DIRECTION('',(0.,0.,1.));
#2929 = DIRECTION('',(1.,0.,0.));
#2930 = ADVANCED_FACE('',(#2931),#2942,.F.);
#2931 = FACE_BOUND('',#2932,.F.);
#2932 = EDGE_LOOP('',(#2933,#2934,#2940,#2941));
#2933 = ORIENTED_EDGE('',*,*,#1666,.F.);
#2934 = ORIENTED_EDGE('',*,*,#2935,.F.);
#2935 = EDGE_CURVE('',#855,#1667,#2936,.T.);
#2936 = LINE('',#2937,#2938);
#2937 = CARTESIAN_POINT('',(-18.89,11.5,-0.1));
#2938 = VECTOR('',#2939,1.);
#2939 = DIRECTION('',(0.,0.,1.));
#2940 = ORIENTED_EDGE('',*,*,#854,.T.);
#2941 = ORIENTED_EDGE('',*,*,#2935,.T.);
#2942 = CYLINDRICAL_SURFACE('',#2943,0.45);
#2943 = AXIS2_PLACEMENT_3D('',#2944,#2945,#2946);
#2944 = CARTESIAN_POINT('',(-19.34,11.5,-0.1));
#2945 = DIRECTION('',(0.,0.,1.));
#2946 = DIRECTION('',(1.,0.,0.));
#2947 = ADVANCED_FACE('',(#2948),#2959,.F.);
#2948 = FACE_BOUND('',#2949,.F.);
#2949 = EDGE_LOOP('',(#2950,#2951,#2957,#2958));
#2950 = ORIENTED_EDGE('',*,*,#1677,.F.);
#2951 = ORIENTED_EDGE('',*,*,#2952,.F.);
#2952 = EDGE_CURVE('',#866,#1678,#2953,.T.);
#2953 = LINE('',#2954,#2955);
#2954 = CARTESIAN_POINT('',(-29.05,11.5,-0.1));
#2955 = VECTOR('',#2956,1.);
#2956 = DIRECTION('',(0.,0.,1.));
#2957 = ORIENTED_EDGE('',*,*,#865,.T.);
#2958 = ORIENTED_EDGE('',*,*,#2952,.T.);
#2959 = CYLINDRICAL_SURFACE('',#2960,0.45);
#2960 = AXIS2_PLACEMENT_3D('',#2961,#2962,#2963);
#2961 = CARTESIAN_POINT('',(-29.5,11.5,-0.1));
#2962 = DIRECTION('',(0.,0.,1.));
#2963 = DIRECTION('',(1.,0.,0.));
#2964 = ADVANCED_FACE('',(#2965),#2976,.F.);
#2965 = FACE_BOUND('',#2966,.F.);
#2966 = EDGE_LOOP('',(#2967,#2968,#2974,#2975));
#2967 = ORIENTED_EDGE('',*,*,#1688,.F.);
#2968 = ORIENTED_EDGE('',*,*,#2969,.F.);
#2969 = EDGE_CURVE('',#877,#1689,#2970,.T.);
#2970 = LINE('',#2971,#2972);
#2971 = CARTESIAN_POINT('',(-32.39,11.5,-0.1));
#2972 = VECTOR('',#2973,1.);
#2973 = DIRECTION('',(0.,0.,1.));
#2974 = ORIENTED_EDGE('',*,*,#876,.T.);
#2975 = ORIENTED_EDGE('',*,*,#2969,.T.);
#2976 = CYLINDRICAL_SURFACE('',#2977,0.45);
#2977 = AXIS2_PLACEMENT_3D('',#2978,#2979,#2980);
#2978 = CARTESIAN_POINT('',(-32.84,11.5,-0.1));
#2979 = DIRECTION('',(0.,0.,1.));
#2980 = DIRECTION('',(1.,0.,0.));
#2981 = ADVANCED_FACE('',(#2982),#2993,.F.);
#2982 = FACE_BOUND('',#2983,.F.);
#2983 = EDGE_LOOP('',(#2984,#2985,#2991,#2992));
#2984 = ORIENTED_EDGE('',*,*,#1699,.F.);
#2985 = ORIENTED_EDGE('',*,*,#2986,.F.);
#2986 = EDGE_CURVE('',#888,#1700,#2987,.T.);
#2987 = LINE('',#2988,#2989);
#2988 = CARTESIAN_POINT('',(-42.55,11.5,-0.1));
#2989 = VECTOR('',#2990,1.);
#2990 = DIRECTION('',(0.,0.,1.));
#2991 = ORIENTED_EDGE('',*,*,#887,.T.);
#2992 = ORIENTED_EDGE('',*,*,#2986,.T.);
#2993 = CYLINDRICAL_SURFACE('',#2994,0.45);
#2994 = AXIS2_PLACEMENT_3D('',#2995,#2996,#2997);
#2995 = CARTESIAN_POINT('',(-43.,11.5,-0.1));
#2996 = DIRECTION('',(0.,0.,1.));
#2997 = DIRECTION('',(1.,0.,0.));
#2998 = ADVANCED_FACE('',(#2999),#3010,.F.);
#2999 = FACE_BOUND('',#3000,.F.);
#3000 = EDGE_LOOP('',(#3001,#3002,#3008,#3009));
#3001 = ORIENTED_EDGE('',*,*,#1710,.F.);
#3002 = ORIENTED_EDGE('',*,*,#3003,.F.);
#3003 = EDGE_CURVE('',#899,#1711,#3004,.T.);
#3004 = LINE('',#3005,#3006);
#3005 = CARTESIAN_POINT('',(-34.65,17.55,-0.1));
#3006 = VECTOR('',#3007,1.);
#3007 = DIRECTION('',(0.,0.,1.));
#3008 = ORIENTED_EDGE('',*,*,#898,.T.);
#3009 = ORIENTED_EDGE('',*,*,#3003,.T.);
#3010 = CYLINDRICAL_SURFACE('',#3011,0.75);
#3011 = AXIS2_PLACEMENT_3D('',#3012,#3013,#3014);
#3012 = CARTESIAN_POINT('',(-35.4,17.55,-0.1));
#3013 = DIRECTION('',(0.,0.,1.));
#3014 = DIRECTION('',(1.,0.,0.));
#3015 = ADVANCED_FACE('',(#3016),#3027,.F.);
#3016 = FACE_BOUND('',#3017,.F.);
#3017 = EDGE_LOOP('',(#3018,#3019,#3025,#3026));
#3018 = ORIENTED_EDGE('',*,*,#1721,.F.);
#3019 = ORIENTED_EDGE('',*,*,#3020,.F.);
#3020 = EDGE_CURVE('',#910,#1722,#3021,.T.);
#3021 = LINE('',#3022,#3023);
#3022 = CARTESIAN_POINT('',(-34.65,28.3,-0.1));
#3023 = VECTOR('',#3024,1.);
#3024 = DIRECTION('',(0.,0.,1.));
#3025 = ORIENTED_EDGE('',*,*,#909,.T.);
#3026 = ORIENTED_EDGE('',*,*,#3020,.T.);
#3027 = CYLINDRICAL_SURFACE('',#3028,0.75);
#3028 = AXIS2_PLACEMENT_3D('',#3029,#3030,#3031);
#3029 = CARTESIAN_POINT('',(-35.4,28.3,-0.1));
#3030 = DIRECTION('',(0.,0.,1.));
#3031 = DIRECTION('',(1.,0.,0.));
#3032 = ADVANCED_FACE('',(#3033),#3044,.F.);
#3033 = FACE_BOUND('',#3034,.F.);
#3034 = EDGE_LOOP('',(#3035,#3036,#3042,#3043));
#3035 = ORIENTED_EDGE('',*,*,#1732,.F.);
#3036 = ORIENTED_EDGE('',*,*,#3037,.F.);
#3037 = EDGE_CURVE('',#921,#1733,#3038,.T.);
#3038 = LINE('',#3039,#3040);
#3039 = CARTESIAN_POINT('',(-42.4,36.,-0.1));
#3040 = VECTOR('',#3041,1.);
#3041 = DIRECTION('',(0.,0.,1.));
#3042 = ORIENTED_EDGE('',*,*,#920,.T.);
#3043 = ORIENTED_EDGE('',*,*,#3037,.T.);
#3044 = CYLINDRICAL_SURFACE('',#3045,1.6);
#3045 = AXIS2_PLACEMENT_3D('',#3046,#3047,#3048);
#3046 = CARTESIAN_POINT('',(-44.,36.,-0.1));
#3047 = DIRECTION('',(0.,0.,1.));
#3048 = DIRECTION('',(1.,0.,0.));
#3049 = MANIFOLD_SOLID_BREP('',#3050);
#3050 = CLOSED_SHELL('',(#3051,#3091,#3131,#3153,#3175,#3187));
#3051 = ADVANCED_FACE('',(#3052),#3086,.F.);
#3052 = FACE_BOUND('',#3053,.F.);
#3053 = EDGE_LOOP('',(#3054,#3064,#3072,#3080));
#3054 = ORIENTED_EDGE('',*,*,#3055,.F.);
#3055 = EDGE_CURVE('',#3056,#3058,#3060,.T.);
#3056 = VERTEX_POINT('',#3057);
#3057 = CARTESIAN_POINT('',(-7.25,-41.375,1.6));
#3058 = VERTEX_POINT('',#3059);
#3059 = CARTESIAN_POINT('',(-7.25,-41.375,2.5));
#3060 = LINE('',#3061,#3062);
#3061 = CARTESIAN_POINT('',(-7.25,-41.375,1.6));
#3062 = VECTOR('',#3063,1.);
#3063 = DIRECTION('',(0.,0.,1.));
#3064 = ORIENTED_EDGE('',*,*,#3065,.T.);
#3065 = EDGE_CURVE('',#3056,#3066,#3068,.T.);
#3066 = VERTEX_POINT('',#3067);
#3067 = CARTESIAN_POINT('',(-7.25,-40.025,1.6));
#3068 = LINE('',#3069,#3070);
#3069 = CARTESIAN_POINT('',(-7.25,-41.375,1.6));
#3070 = VECTOR('',#3071,1.);
#3071 = DIRECTION('',(0.,1.,0.));
#3072 = ORIENTED_EDGE('',*,*,#3073,.T.);
#3073 = EDGE_CURVE('',#3066,#3074,#3076,.T.);
#3074 = VERTEX_POINT('',#3075);
#3075 = CARTESIAN_POINT('',(-7.25,-40.025,2.5));
#3076 = LINE('',#3077,#3078);
#3077 = CARTESIAN_POINT('',(-7.25,-40.025,1.6));
#3078 = VECTOR('',#3079,1.);
#3079 = DIRECTION('',(0.,0.,1.));
#3080 = ORIENTED_EDGE('',*,*,#3081,.F.);
#3081 = EDGE_CURVE('',#3058,#3074,#3082,.T.);
#3082 = LINE('',#3083,#3084);
#3083 = CARTESIAN_POINT('',(-7.25,-41.375,2.5));
#3084 = VECTOR('',#3085,1.);
#3085 = DIRECTION('',(0.,1.,0.));
#3086 = PLANE('',#3087);
#3087 = AXIS2_PLACEMENT_3D('',#3088,#3089,#3090);
#3088 = CARTESIAN_POINT('',(-7.25,-41.375,1.6));
#3089 = DIRECTION('',(1.,0.,0.));
#3090 = DIRECTION('',(0.,0.,1.));
#3091 = ADVANCED_FACE('',(#3092),#3126,.T.);
#3092 = FACE_BOUND('',#3093,.T.);
#3093 = EDGE_LOOP('',(#3094,#3104,#3112,#3120));
#3094 = ORIENTED_EDGE('',*,*,#3095,.F.);
#3095 = EDGE_CURVE('',#3096,#3098,#3100,.T.);
#3096 = VERTEX_POINT('',#3097);
#3097 = CARTESIAN_POINT('',(-5.15,-41.375,1.6));
#3098 = VERTEX_POINT('',#3099);
#3099 = CARTESIAN_POINT('',(-5.15,-41.375,2.5));
#3100 = LINE('',#3101,#3102);
#3101 = CARTESIAN_POINT('',(-5.15,-41.375,1.6));
#3102 = VECTOR('',#3103,1.);
#3103 = DIRECTION('',(0.,0.,1.));
#3104 = ORIENTED_EDGE('',*,*,#3105,.T.);
#3105 = EDGE_CURVE('',#3096,#3106,#3108,.T.);
#3106 = VERTEX_POINT('',#3107);
#3107 = CARTESIAN_POINT('',(-5.15,-40.025,1.6));
#3108 = LINE('',#3109,#3110);
#3109 = CARTESIAN_POINT('',(-5.15,-41.375,1.6));
#3110 = VECTOR('',#3111,1.);
#3111 = DIRECTION('',(0.,1.,0.));
#3112 = ORIENTED_EDGE('',*,*,#3113,.T.);
#3113 = EDGE_CURVE('',#3106,#3114,#3116,.T.);
#3114 = VERTEX_POINT('',#3115);
#3115 = CARTESIAN_POINT('',(-5.15,-40.025,2.5));
#3116 = LINE('',#3117,#3118);
#3117 = CARTESIAN_POINT('',(-5.15,-40.025,1.6));
#3118 = VECTOR('',#3119,1.);
#3119 = DIRECTION('',(0.,0.,1.));
#3120 = ORIENTED_EDGE('',*,*,#3121,.F.);
#3121 = EDGE_CURVE('',#3098,#3114,#3122,.T.);
#3122 = LINE('',#3123,#3124);
#3123 = CARTESIAN_POINT('',(-5.15,-41.375,2.5));
#3124 = VECTOR('',#3125,1.);
#3125 = DIRECTION('',(0.,1.,0.));
#3126 = PLANE('',#3127);
#3127 = AXIS2_PLACEMENT_3D('',#3128,#3129,#3130);
#3128 = CARTESIAN_POINT('',(-5.15,-41.375,1.6));
#3129 = DIRECTION('',(1.,0.,0.));
#3130 = DIRECTION('',(0.,0.,1.));
#3131 = ADVANCED_FACE('',(#3132),#3148,.F.);
#3132 = FACE_BOUND('',#3133,.F.);
#3133 = EDGE_LOOP('',(#3134,#3140,#3141,#3147));
#3134 = ORIENTED_EDGE('',*,*,#3135,.F.);
#3135 = EDGE_CURVE('',#3056,#3096,#3136,.T.);
#3136 = LINE('',#3137,#3138);
#3137 = CARTESIAN_POINT('',(-7.25,-41.375,1.6));
#3138 = VECTOR('',#3139,1.);
#3139 = DIRECTION('',(1.,0.,0.));
#3140 = ORIENTED_EDGE('',*,*,#3055,.T.);
#3141 = ORIENTED_EDGE('',*,*,#3142,.T.);
#3142 = EDGE_CURVE('',#3058,#3098,#3143,.T.);
#3143 = LINE('',#3144,#3145);
#3144 = CARTESIAN_POINT('',(-7.25,-41.375,2.5));
#3145 = VECTOR('',#3146,1.);
#3146 = DIRECTION('',(1.,0.,0.));
#3147 = ORIENTED_EDGE('',*,*,#3095,.F.);
#3148 = PLANE('',#3149);
#3149 = AXIS2_PLACEMENT_3D('',#3150,#3151,#3152);
#3150 = CARTESIAN_POINT('',(-7.25,-41.375,1.6));
#3151 = DIRECTION('',(0.,1.,0.));
#3152 = DIRECTION('',(0.,0.,1.));
#3153 = ADVANCED_FACE('',(#3154),#3170,.T.);
#3154 = FACE_BOUND('',#3155,.T.);
#3155 = EDGE_LOOP('',(#3156,#3162,#3163,#3169));
#3156 = ORIENTED_EDGE('',*,*,#3157,.F.);
#3157 = EDGE_CURVE('',#3066,#3106,#3158,.T.);
#3158 = LINE('',#3159,#3160);
#3159 = CARTESIAN_POINT('',(-7.25,-40.025,1.6));
#3160 = VECTOR('',#3161,1.);
#3161 = DIRECTION('',(1.,0.,0.));
#3162 = ORIENTED_EDGE('',*,*,#3073,.T.);
#3163 = ORIENTED_EDGE('',*,*,#3164,.T.);
#3164 = EDGE_CURVE('',#3074,#3114,#3165,.T.);
#3165 = LINE('',#3166,#3167);
#3166 = CARTESIAN_POINT('',(-7.25,-40.025,2.5));
#3167 = VECTOR('',#3168,1.);
#3168 = DIRECTION('',(1.,0.,0.));
#3169 = ORIENTED_EDGE('',*,*,#3113,.F.);
#3170 = PLANE('',#3171);
#3171 = AXIS2_PLACEMENT_3D('',#3172,#3173,#3174);
#3172 = CARTESIAN_POINT('',(-7.25,-40.025,1.6));
#3173 = DIRECTION('',(0.,1.,0.));
#3174 = DIRECTION('',(0.,0.,1.));
#3175 = ADVANCED_FACE('',(#3176),#3182,.F.);
#3176 = FACE_BOUND('',#3177,.F.);
#3177 = EDGE_LOOP('',(#3178,#3179,#3180,#3181));
#3178 = ORIENTED_EDGE('',*,*,#3065,.F.);
#3179 = ORIENTED_EDGE('',*,*,#3135,.T.);
#3180 = ORIENTED_EDGE('',*,*,#3105,.T.);
#3181 = ORIENTED_EDGE('',*,*,#3157,.F.);
#3182 = PLANE('',#3183);
#3183 = AXIS2_PLACEMENT_3D('',#3184,#3185,#3186);
#3184 = CARTESIAN_POINT('',(-7.25,-41.375,1.6));
#3185 = DIRECTION('',(0.,0.,1.));
#3186 = DIRECTION('',(1.,0.,0.));
#3187 = ADVANCED_FACE('',(#3188),#3194,.T.);
#3188 = FACE_BOUND('',#3189,.T.);
#3189 = EDGE_LOOP('',(#3190,#3191,#3192,#3193));
#3190 = ORIENTED_EDGE('',*,*,#3081,.F.);
#3191 = ORIENTED_EDGE('',*,*,#3142,.T.);
#3192 = ORIENTED_EDGE('',*,*,#3121,.T.);
#3193 = ORIENTED_EDGE('',*,*,#3164,.F.);
#3194 = PLANE('',#3195);
#3195 = AXIS2_PLACEMENT_3D('',#3196,#3197,#3198);
#3196 = CARTESIAN_POINT('',(-7.25,-41.375,2.5));
#3197 = DIRECTION('',(0.,0.,1.));
#3198 = DIRECTION('',(1.,0.,0.));
#3199 = MANIFOLD_SOLID_BREP('',#3200);
#3200 = CLOSED_SHELL('',(#3201,#3241,#3281,#3303,#3325,#3337));
#3201 = ADVANCED_FACE('',(#3202),#3236,.F.);
#3202 = FACE_BOUND('',#3203,.F.);
#3203 = EDGE_LOOP('',(#3204,#3214,#3222,#3230));
#3204 = ORIENTED_EDGE('',*,*,#3205,.F.);
#3205 = EDGE_CURVE('',#3206,#3208,#3210,.T.);
#3206 = VERTEX_POINT('',#3207);
#3207 = CARTESIAN_POINT('',(-20.35,-28.9625,1.6));
#3208 = VERTEX_POINT('',#3209);
#3209 = CARTESIAN_POINT('',(-20.35,-28.9625,2.15));
#3210 = LINE('',#3211,#3212);
#3211 = CARTESIAN_POINT('',(-20.35,-28.9625,1.6));
#3212 = VECTOR('',#3213,1.);
#3213 = DIRECTION('',(0.,0.,1.));
#3214 = ORIENTED_EDGE('',*,*,#3215,.T.);
#3215 = EDGE_CURVE('',#3206,#3216,#3218,.T.);
#3216 = VERTEX_POINT('',#3217);
#3217 = CARTESIAN_POINT('',(-20.35,-28.0375,1.6));
#3218 = LINE('',#3219,#3220);
#3219 = CARTESIAN_POINT('',(-20.35,-28.9625,1.6));
#3220 = VECTOR('',#3221,1.);
#3221 = DIRECTION('',(0.,1.,0.));
#3222 = ORIENTED_EDGE('',*,*,#3223,.T.);
#3223 = EDGE_CURVE('',#3216,#3224,#3226,.T.);
#3224 = VERTEX_POINT('',#3225);
#3225 = CARTESIAN_POINT('',(-20.35,-28.0375,2.15));
#3226 = LINE('',#3227,#3228);
#3227 = CARTESIAN_POINT('',(-20.35,-28.0375,1.6));
#3228 = VECTOR('',#3229,1.);
#3229 = DIRECTION('',(0.,0.,1.));
#3230 = ORIENTED_EDGE('',*,*,#3231,.F.);
#3231 = EDGE_CURVE('',#3208,#3224,#3232,.T.);
#3232 = LINE('',#3233,#3234);
#3233 = CARTESIAN_POINT('',(-20.35,-28.9625,2.15));
#3234 = VECTOR('',#3235,1.);
#3235 = DIRECTION('',(0.,1.,0.));
#3236 = PLANE('',#3237);
#3237 = AXIS2_PLACEMENT_3D('',#3238,#3239,#3240);
#3238 = CARTESIAN_POINT('',(-20.35,-28.9625,1.6));
#3239 = DIRECTION('',(1.,0.,0.));
#3240 = DIRECTION('',(0.,0.,1.));
#3241 = ADVANCED_FACE('',(#3242),#3276,.T.);
#3242 = FACE_BOUND('',#3243,.T.);
#3243 = EDGE_LOOP('',(#3244,#3254,#3262,#3270));
#3244 = ORIENTED_EDGE('',*,*,#3245,.F.);
#3245 = EDGE_CURVE('',#3246,#3248,#3250,.T.);
#3246 = VERTEX_POINT('',#3247);
#3247 = CARTESIAN_POINT('',(-18.65,-28.9625,1.6));
#3248 = VERTEX_POINT('',#3249);
#3249 = CARTESIAN_POINT('',(-18.65,-28.9625,2.15));
#3250 = LINE('',#3251,#3252);
#3251 = CARTESIAN_POINT('',(-18.65,-28.9625,1.6));
#3252 = VECTOR('',#3253,1.);
#3253 = DIRECTION('',(0.,0.,1.));
#3254 = ORIENTED_EDGE('',*,*,#3255,.T.);
#3255 = EDGE_CURVE('',#3246,#3256,#3258,.T.);
#3256 = VERTEX_POINT('',#3257);
#3257 = CARTESIAN_POINT('',(-18.65,-28.0375,1.6));
#3258 = LINE('',#3259,#3260);
#3259 = CARTESIAN_POINT('',(-18.65,-28.9625,1.6));
#3260 = VECTOR('',#3261,1.);
#3261 = DIRECTION('',(0.,1.,0.));
#3262 = ORIENTED_EDGE('',*,*,#3263,.T.);
#3263 = EDGE_CURVE('',#3256,#3264,#3266,.T.);
#3264 = VERTEX_POINT('',#3265);
#3265 = CARTESIAN_POINT('',(-18.65,-28.0375,2.15));
#3266 = LINE('',#3267,#3268);
#3267 = CARTESIAN_POINT('',(-18.65,-28.0375,1.6));
#3268 = VECTOR('',#3269,1.);
#3269 = DIRECTION('',(0.,0.,1.));
#3270 = ORIENTED_EDGE('',*,*,#3271,.F.);
#3271 = EDGE_CURVE('',#3248,#3264,#3272,.T.);
#3272 = LINE('',#3273,#3274);
#3273 = CARTESIAN_POINT('',(-18.65,-28.9625,2.15));
#3274 = VECTOR('',#3275,1.);
#3275 = DIRECTION('',(0.,1.,0.));
#3276 = PLANE('',#3277);
#3277 = AXIS2_PLACEMENT_3D('',#3278,#3279,#3280);
#3278 = CARTESIAN_POINT('',(-18.65,-28.9625,1.6));
#3279 = DIRECTION('',(1.,0.,0.));
#3280 = DIRECTION('',(0.,0.,1.));
#3281 = ADVANCED_FACE('',(#3282),#3298,.F.);
#3282 = FACE_BOUND('',#3283,.F.);
#3283 = EDGE_LOOP('',(#3284,#3290,#3291,#3297));
#3284 = ORIENTED_EDGE('',*,*,#3285,.F.);
#3285 = EDGE_CURVE('',#3206,#3246,#3286,.T.);
#3286 = LINE('',#3287,#3288);
#3287 = CARTESIAN_POINT('',(-20.35,-28.9625,1.6));
#3288 = VECTOR('',#3289,1.);
#3289 = DIRECTION('',(1.,0.,0.));
#3290 = ORIENTED_EDGE('',*,*,#3205,.T.);
#3291 = ORIENTED_EDGE('',*,*,#3292,.T.);
#3292 = EDGE_CURVE('',#3208,#3248,#3293,.T.);
#3293 = LINE('',#3294,#3295);
#3294 = CARTESIAN_POINT('',(-20.35,-28.9625,2.15));
#3295 = VECTOR('',#3296,1.);
#3296 = DIRECTION('',(1.,0.,0.));
#3297 = ORIENTED_EDGE('',*,*,#3245,.F.);
#3298 = PLANE('',#3299);
#3299 = AXIS2_PLACEMENT_3D('',#3300,#3301,#3302);
#3300 = CARTESIAN_POINT('',(-20.35,-28.9625,1.6));
#3301 = DIRECTION('',(0.,1.,0.));
#3302 = DIRECTION('',(0.,0.,1.));
#3303 = ADVANCED_FACE('',(#3304),#3320,.T.);
#3304 = FACE_BOUND('',#3305,.T.);
#3305 = EDGE_LOOP('',(#3306,#3312,#3313,#3319));
#3306 = ORIENTED_EDGE('',*,*,#3307,.F.);
#3307 = EDGE_CURVE('',#3216,#3256,#3308,.T.);
#3308 = LINE('',#3309,#3310);
#3309 = CARTESIAN_POINT('',(-20.35,-28.0375,1.6));
#3310 = VECTOR('',#3311,1.);
#3311 = DIRECTION('',(1.,0.,0.));
#3312 = ORIENTED_EDGE('',*,*,#3223,.T.);
#3313 = ORIENTED_EDGE('',*,*,#3314,.T.);
#3314 = EDGE_CURVE('',#3224,#3264,#3315,.T.);
#3315 = LINE('',#3316,#3317);
#3316 = CARTESIAN_POINT('',(-20.35,-28.0375,2.15));
#3317 = VECTOR('',#3318,1.);
#3318 = DIRECTION('',(1.,0.,0.));
#3319 = ORIENTED_EDGE('',*,*,#3263,.F.);
#3320 = PLANE('',#3321);
#3321 = AXIS2_PLACEMENT_3D('',#3322,#3323,#3324);
#3322 = CARTESIAN_POINT('',(-20.35,-28.0375,1.6));
#3323 = DIRECTION('',(0.,1.,0.));
#3324 = DIRECTION('',(0.,0.,1.));
#3325 = ADVANCED_FACE('',(#3326),#3332,.F.);
#3326 = FACE_BOUND('',#3327,.F.);
#3327 = EDGE_LOOP('',(#3328,#3329,#3330,#3331));
#3328 = ORIENTED_EDGE('',*,*,#3215,.F.);
#3329 = ORIENTED_EDGE('',*,*,#3285,.T.);
#3330 = ORIENTED_EDGE('',*,*,#3255,.T.);
#3331 = ORIENTED_EDGE('',*,*,#3307,.F.);
#3332 = PLANE('',#3333);
#3333 = AXIS2_PLACEMENT_3D('',#3334,#3335,#3336);
#3334 = CARTESIAN_POINT('',(-20.35,-28.9625,1.6));
#3335 = DIRECTION('',(0.,0.,1.));
#3336 = DIRECTION('',(1.,0.,0.));
#3337 = ADVANCED_FACE('',(#3338),#3344,.T.);
#3338 = FACE_BOUND('',#3339,.T.);
#3339 = EDGE_LOOP('',(#3340,#3341,#3342,#3343));
#3340 = ORIENTED_EDGE('',*,*,#3231,.F.);
#3341 = ORIENTED_EDGE('',*,*,#3292,.T.);
#3342 = ORIENTED_EDGE('',*,*,#3271,.T.);
#3343 = ORIENTED_EDGE('',*,*,#3314,.F.);
#3344 = PLANE('',#3345);
#3345 = AXIS2_PLACEMENT_3D('',#3346,#3347,#3348);
#3346 = CARTESIAN_POINT('',(-20.35,-28.9625,2.15));
#3347 = DIRECTION('',(0.,0.,1.));
#3348 = DIRECTION('',(1.,0.,0.));
#3349 = MANIFOLD_SOLID_BREP('',#3350);
#3350 = CLOSED_SHELL('',(#3351,#3391,#3431,#3453,#3475,#3487));
#3351 = ADVANCED_FACE('',(#3352),#3386,.F.);
#3352 = FACE_BOUND('',#3353,.F.);
#3353 = EDGE_LOOP('',(#3354,#3364,#3372,#3380));
#3354 = ORIENTED_EDGE('',*,*,#3355,.F.);
#3355 = EDGE_CURVE('',#3356,#3358,#3360,.T.);
#3356 = VERTEX_POINT('',#3357);
#3357 = CARTESIAN_POINT('',(-16.9,-7.07,1.6));
#3358 = VERTEX_POINT('',#3359);
#3359 = CARTESIAN_POINT('',(-16.9,-7.07,23.1));
#3360 = LINE('',#3361,#3362);
#3361 = CARTESIAN_POINT('',(-16.9,-7.07,1.6));
#3362 = VECTOR('',#3363,1.);
#3363 = DIRECTION('',(0.,0.,1.));
#3364 = ORIENTED_EDGE('',*,*,#3365,.T.);
#3365 = EDGE_CURVE('',#3356,#3366,#3368,.T.);
#3366 = VERTEX_POINT('',#3367);
#3367 = CARTESIAN_POINT('',(-29.4,-7.07,1.6));
#3368 = LINE('',#3369,#3370);
#3369 = CARTESIAN_POINT('',(-16.9,-7.07,1.6));
#3370 = VECTOR('',#3371,1.);
#3371 = DIRECTION('',(-1.,2.22044604925E-16,0.));
#3372 = ORIENTED_EDGE('',*,*,#3373,.T.);
#3373 = EDGE_CURVE('',#3366,#3374,#3376,.T.);
#3374 = VERTEX_POINT('',#3375);
#3375 = CARTESIAN_POINT('',(-29.4,-7.07,23.1));
#3376 = LINE('',#3377,#3378);
#3377 = CARTESIAN_POINT('',(-29.4,-7.07,1.6));
#3378 = VECTOR('',#3379,1.);
#3379 = DIRECTION('',(0.,0.,1.));
#3380 = ORIENTED_EDGE('',*,*,#3381,.F.);
#3381 = EDGE_CURVE('',#3358,#3374,#3382,.T.);
#3382 = LINE('',#3383,#3384);
#3383 = CARTESIAN_POINT('',(-16.9,-7.07,23.1));
#3384 = VECTOR('',#3385,1.);
#3385 = DIRECTION('',(-1.,2.22044604925E-16,0.));
#3386 = PLANE('',#3387);
#3387 = AXIS2_PLACEMENT_3D('',#3388,#3389,#3390);
#3388 = CARTESIAN_POINT('',(-16.9,-7.07,1.6));
#3389 = DIRECTION('',(2.22044604925E-16,1.,0.));
#3390 = DIRECTION('',(0.,0.,1.));
#3391 = ADVANCED_FACE('',(#3392),#3426,.T.);
#3392 = FACE_BOUND('',#3393,.T.);
#3393 = EDGE_LOOP('',(#3394,#3404,#3412,#3420));
#3394 = ORIENTED_EDGE('',*,*,#3395,.F.);
#3395 = EDGE_CURVE('',#3396,#3398,#3400,.T.);
#3396 = VERTEX_POINT('',#3397);
#3397 = CARTESIAN_POINT('',(-16.9,8.17,1.6));
#3398 = VERTEX_POINT('',#3399);
#3399 = CARTESIAN_POINT('',(-16.9,8.17,23.1));
#3400 = LINE('',#3401,#3402);
#3401 = CARTESIAN_POINT('',(-16.9,8.17,1.6));
#3402 = VECTOR('',#3403,1.);
#3403 = DIRECTION('',(0.,0.,1.));
#3404 = ORIENTED_EDGE('',*,*,#3405,.T.);
#3405 = EDGE_CURVE('',#3396,#3406,#3408,.T.);
#3406 = VERTEX_POINT('',#3407);
#3407 = CARTESIAN_POINT('',(-29.4,8.17,1.6));
#3408 = LINE('',#3409,#3410);
#3409 = CARTESIAN_POINT('',(-16.9,8.17,1.6));
#3410 = VECTOR('',#3411,1.);
#3411 = DIRECTION('',(-1.,2.22044604925E-16,0.));
#3412 = ORIENTED_EDGE('',*,*,#3413,.T.);
#3413 = EDGE_CURVE('',#3406,#3414,#3416,.T.);
#3414 = VERTEX_POINT('',#3415);
#3415 = CARTESIAN_POINT('',(-29.4,8.17,23.1));
#3416 = LINE('',#3417,#3418);
#3417 = CARTESIAN_POINT('',(-29.4,8.17,1.6));
#3418 = VECTOR('',#3419,1.);
#3419 = DIRECTION('',(0.,0.,1.));
#3420 = ORIENTED_EDGE('',*,*,#3421,.F.);
#3421 = EDGE_CURVE('',#3398,#3414,#3422,.T.);
#3422 = LINE('',#3423,#3424);
#3423 = CARTESIAN_POINT('',(-16.9,8.17,23.1));
#3424 = VECTOR('',#3425,1.);
#3425 = DIRECTION('',(-1.,2.22044604925E-16,0.));
#3426 = PLANE('',#3427);
#3427 = AXIS2_PLACEMENT_3D('',#3428,#3429,#3430);
#3428 = CARTESIAN_POINT('',(-16.9,8.17,1.6));
#3429 = DIRECTION('',(2.22044604925E-16,1.,0.));
#3430 = DIRECTION('',(0.,0.,1.));
#3431 = ADVANCED_FACE('',(#3432),#3448,.F.);
#3432 = FACE_BOUND('',#3433,.F.);
#3433 = EDGE_LOOP('',(#3434,#3440,#3441,#3447));
#3434 = ORIENTED_EDGE('',*,*,#3435,.F.);
#3435 = EDGE_CURVE('',#3356,#3396,#3436,.T.);
#3436 = LINE('',#3437,#3438);
#3437 = CARTESIAN_POINT('',(-16.9,-7.07,1.6));
#3438 = VECTOR('',#3439,1.);
#3439 = DIRECTION('',(2.22044604925E-16,1.,0.));
#3440 = ORIENTED_EDGE('',*,*,#3355,.T.);
#3441 = ORIENTED_EDGE('',*,*,#3442,.T.);
#3442 = EDGE_CURVE('',#3358,#3398,#3443,.T.);
#3443 = LINE('',#3444,#3445);
#3444 = CARTESIAN_POINT('',(-16.9,-7.07,23.1));
#3445 = VECTOR('',#3446,1.);
#3446 = DIRECTION('',(2.22044604925E-16,1.,0.));
#3447 = ORIENTED_EDGE('',*,*,#3395,.F.);
#3448 = PLANE('',#3449);
#3449 = AXIS2_PLACEMENT_3D('',#3450,#3451,#3452);
#3450 = CARTESIAN_POINT('',(-16.9,-7.07,1.6));
#3451 = DIRECTION('',(-1.,2.22044604925E-16,0.));
#3452 = DIRECTION('',(0.,0.,1.));
#3453 = ADVANCED_FACE('',(#3454),#3470,.T.);
#3454 = FACE_BOUND('',#3455,.T.);
#3455 = EDGE_LOOP('',(#3456,#3462,#3463,#3469));
#3456 = ORIENTED_EDGE('',*,*,#3457,.F.);
#3457 = EDGE_CURVE('',#3366,#3406,#3458,.T.);
#3458 = LINE('',#3459,#3460);
#3459 = CARTESIAN_POINT('',(-29.4,-7.07,1.6));
#3460 = VECTOR('',#3461,1.);
#3461 = DIRECTION('',(2.22044604925E-16,1.,0.));
#3462 = ORIENTED_EDGE('',*,*,#3373,.T.);
#3463 = ORIENTED_EDGE('',*,*,#3464,.T.);
#3464 = EDGE_CURVE('',#3374,#3414,#3465,.T.);
#3465 = LINE('',#3466,#3467);
#3466 = CARTESIAN_POINT('',(-29.4,-7.07,23.1));
#3467 = VECTOR('',#3468,1.);
#3468 = DIRECTION('',(2.22044604925E-16,1.,0.));
#3469 = ORIENTED_EDGE('',*,*,#3413,.F.);
#3470 = PLANE('',#3471);
#3471 = AXIS2_PLACEMENT_3D('',#3472,#3473,#3474);
#3472 = CARTESIAN_POINT('',(-29.4,-7.07,1.6));
#3473 = DIRECTION('',(-1.,2.22044604925E-16,0.));
#3474 = DIRECTION('',(0.,0.,1.));
#3475 = ADVANCED_FACE('',(#3476),#3482,.F.);
#3476 = FACE_BOUND('',#3477,.F.);
#3477 = EDGE_LOOP('',(#3478,#3479,#3480,#3481));
#3478 = ORIENTED_EDGE('',*,*,#3365,.F.);
#3479 = ORIENTED_EDGE('',*,*,#3435,.T.);
#3480 = ORIENTED_EDGE('',*,*,#3405,.T.);
#3481 = ORIENTED_EDGE('',*,*,#3457,.F.);
#3482 = PLANE('',#3483);
#3483 = AXIS2_PLACEMENT_3D('',#3484,#3485,#3486);
#3484 = CARTESIAN_POINT('',(-16.9,-7.07,1.6));
#3485 = DIRECTION('',(0.,0.,1.));
#3486 = DIRECTION('',(2.22044604925E-16,1.,0.));
#3487 = ADVANCED_FACE('',(#3488),#3494,.T.);
#3488 = FACE_BOUND('',#3489,.T.);
#3489 = EDGE_LOOP('',(#3490,#3491,#3492,#3493));
#3490 = ORIENTED_EDGE('',*,*,#3381,.F.);
#3491 = ORIENTED_EDGE('',*,*,#3442,.T.);
#3492 = ORIENTED_EDGE('',*,*,#3421,.T.);
#3493 = ORIENTED_EDGE('',*,*,#3464,.F.);
#3494 = PLANE('',#3495);
#3495 = AXIS2_PLACEMENT_3D('',#3496,#3497,#3498);
#3496 = CARTESIAN_POINT('',(-16.9,-7.07,23.1));
#3497 = DIRECTION('',(0.,0.,1.));
#3498 = DIRECTION('',(2.22044604925E-16,1.,0.));
#3499 = MANIFOLD_SOLID_BREP('',#3500);
#3500 = CLOSED_SHELL('',(#3501,#3541,#3581,#3603,#3625,#3637));
#3501 = ADVANCED_FACE('',(#3502),#3536,.F.);
#3502 = FACE_BOUND('',#3503,.F.);
#3503 = EDGE_LOOP('',(#3504,#3514,#3522,#3530));
#3504 = ORIENTED_EDGE('',*,*,#3505,.F.);
#3505 = EDGE_CURVE('',#3506,#3508,#3510,.T.);
#3506 = VERTEX_POINT('',#3507);
#3507 = CARTESIAN_POINT('',(-21.95,-3.71,-3.5));
#3508 = VERTEX_POINT('',#3509);
#3509 = CARTESIAN_POINT('',(-21.95,-3.71,1.6));
#3510 = LINE('',#3511,#3512);
#3511 = CARTESIAN_POINT('',(-21.95,-3.71,-3.5));
#3512 = VECTOR('',#3513,1.);
#3513 = DIRECTION('',(0.,0.,1.));
#3514 = ORIENTED_EDGE('',*,*,#3515,.T.);
#3515 = EDGE_CURVE('',#3506,#3516,#3518,.T.);
#3516 = VERTEX_POINT('',#3517);
#3517 = CARTESIAN_POINT('',(-21.95,-2.81,-3.5));
#3518 = LINE('',#3519,#3520);
#3519 = CARTESIAN_POINT('',(-21.95,-3.71,-3.5));
#3520 = VECTOR('',#3521,1.);
#3521 = DIRECTION('',(0.,1.,0.));
#3522 = ORIENTED_EDGE('',*,*,#3523,.T.);
#3523 = EDGE_CURVE('',#3516,#3524,#3526,.T.);
#3524 = VERTEX_POINT('',#3525);
#3525 = CARTESIAN_POINT('',(-21.95,-2.81,1.6));
#3526 = LINE('',#3527,#3528);
#3527 = CARTESIAN_POINT('',(-21.95,-2.81,-3.5));
#3528 = VECTOR('',#3529,1.);
#3529 = DIRECTION('',(0.,0.,1.));
#3530 = ORIENTED_EDGE('',*,*,#3531,.F.);
#3531 = EDGE_CURVE('',#3508,#3524,#3532,.T.);
#3532 = LINE('',#3533,#3534);
#3533 = CARTESIAN_POINT('',(-21.95,-3.71,1.6));
#3534 = VECTOR('',#3535,1.);
#3535 = DIRECTION('',(0.,1.,0.));
#3536 = PLANE('',#3537);
#3537 = AXIS2_PLACEMENT_3D('',#3538,#3539,#3540);
#3538 = CARTESIAN_POINT('',(-21.95,-3.71,-3.5));
#3539 = DIRECTION('',(1.,0.,0.));
#3540 = DIRECTION('',(0.,0.,1.));
#3541 = ADVANCED_FACE('',(#3542),#3576,.T.);
#3542 = FACE_BOUND('',#3543,.T.);
#3543 = EDGE_LOOP('',(#3544,#3554,#3562,#3570));
#3544 = ORIENTED_EDGE('',*,*,#3545,.F.);
#3545 = EDGE_CURVE('',#3546,#3548,#3550,.T.);
#3546 = VERTEX_POINT('',#3547);
#3547 = CARTESIAN_POINT('',(-21.05,-3.71,-3.5));
#3548 = VERTEX_POINT('',#3549);
#3549 = CARTESIAN_POINT('',(-21.05,-3.71,1.6));
#3550 = LINE('',#3551,#3552);
#3551 = CARTESIAN_POINT('',(-21.05,-3.71,-3.5));
#3552 = VECTOR('',#3553,1.);
#3553 = DIRECTION('',(0.,0.,1.));
#3554 = ORIENTED_EDGE('',*,*,#3555,.T.);
#3555 = EDGE_CURVE('',#3546,#3556,#3558,.T.);
#3556 = VERTEX_POINT('',#3557);
#3557 = CARTESIAN_POINT('',(-21.05,-2.81,-3.5));
#3558 = LINE('',#3559,#3560);
#3559 = CARTESIAN_POINT('',(-21.05,-3.71,-3.5));
#3560 = VECTOR('',#3561,1.);
#3561 = DIRECTION('',(0.,1.,0.));
#3562 = ORIENTED_EDGE('',*,*,#3563,.T.);
#3563 = EDGE_CURVE('',#3556,#3564,#3566,.T.);
#3564 = VERTEX_POINT('',#3565);
#3565 = CARTESIAN_POINT('',(-21.05,-2.81,1.6));
#3566 = LINE('',#3567,#3568);
#3567 = CARTESIAN_POINT('',(-21.05,-2.81,-3.5));
#3568 = VECTOR('',#3569,1.);
#3569 = DIRECTION('',(0.,0.,1.));
#3570 = ORIENTED_EDGE('',*,*,#3571,.F.);
#3571 = EDGE_CURVE('',#3548,#3564,#3572,.T.);
#3572 = LINE('',#3573,#3574);
#3573 = CARTESIAN_POINT('',(-21.05,-3.71,1.6));
#3574 = VECTOR('',#3575,1.);
#3575 = DIRECTION('',(0.,1.,0.));
#3576 = PLANE('',#3577);
#3577 = AXIS2_PLACEMENT_3D('',#3578,#3579,#3580);
#3578 = CARTESIAN_POINT('',(-21.05,-3.71,-3.5));
#3579 = DIRECTION('',(1.,0.,0.));
#3580 = DIRECTION('',(0.,0.,1.));
#3581 = ADVANCED_FACE('',(#3582),#3598,.F.);
#3582 = FACE_BOUND('',#3583,.F.);
#3583 = EDGE_LOOP('',(#3584,#3590,#3591,#3597));
#3584 = ORIENTED_EDGE('',*,*,#3585,.F.);
#3585 = EDGE_CURVE('',#3506,#3546,#3586,.T.);
#3586 = LINE('',#3587,#3588);
#3587 = CARTESIAN_POINT('',(-21.95,-3.71,-3.5));
#3588 = VECTOR('',#3589,1.);
#3589 = DIRECTION('',(1.,0.,0.));
#3590 = ORIENTED_EDGE('',*,*,#3505,.T.);
#3591 = ORIENTED_EDGE('',*,*,#3592,.T.);
#3592 = EDGE_CURVE('',#3508,#3548,#3593,.T.);
#3593 = LINE('',#3594,#3595);
#3594 = CARTESIAN_POINT('',(-21.95,-3.71,1.6));
#3595 = VECTOR('',#3596,1.);
#3596 = DIRECTION('',(1.,0.,0.));
#3597 = ORIENTED_EDGE('',*,*,#3545,.F.);
#3598 = PLANE('',#3599);
#3599 = AXIS2_PLACEMENT_3D('',#3600,#3601,#3602);
#3600 = CARTESIAN_POINT('',(-21.95,-3.71,-3.5));
#3601 = DIRECTION('',(0.,1.,0.));
#3602 = DIRECTION('',(0.,0.,1.));
#3603 = ADVANCED_FACE('',(#3604),#3620,.T.);
#3604 = FACE_BOUND('',#3605,.T.);
#3605 = EDGE_LOOP('',(#3606,#3612,#3613,#3619));
#3606 = ORIENTED_EDGE('',*,*,#3607,.F.);
#3607 = EDGE_CURVE('',#3516,#3556,#3608,.T.);
#3608 = LINE('',#3609,#3610);
#3609 = CARTESIAN_POINT('',(-21.95,-2.81,-3.5));
#3610 = VECTOR('',#3611,1.);
#3611 = DIRECTION('',(1.,0.,0.));
#3612 = ORIENTED_EDGE('',*,*,#3523,.T.);
#3613 = ORIENTED_EDGE('',*,*,#3614,.T.);
#3614 = EDGE_CURVE('',#3524,#3564,#3615,.T.);
#3615 = LINE('',#3616,#3617);
#3616 = CARTESIAN_POINT('',(-21.95,-2.81,1.6));
#3617 = VECTOR('',#3618,1.);
#3618 = DIRECTION('',(1.,0.,0.));
#3619 = ORIENTED_EDGE('',*,*,#3563,.F.);
#3620 = PLANE('',#3621);
#3621 = AXIS2_PLACEMENT_3D('',#3622,#3623,#3624);
#3622 = CARTESIAN_POINT('',(-21.95,-2.81,-3.5));
#3623 = DIRECTION('',(0.,1.,0.));
#3624 = DIRECTION('',(0.,0.,1.));
#3625 = ADVANCED_FACE('',(#3626),#3632,.F.);
#3626 = FACE_BOUND('',#3627,.F.);
#3627 = EDGE_LOOP('',(#3628,#3629,#3630,#3631));
#3628 = ORIENTED_EDGE('',*,*,#3515,.F.);
#3629 = ORIENTED_EDGE('',*,*,#3585,.T.);
#3630 = ORIENTED_EDGE('',*,*,#3555,.T.);
#3631 = ORIENTED_EDGE('',*,*,#3607,.F.);
#3632 = PLANE('',#3633);
#3633 = AXIS2_PLACEMENT_3D('',#3634,#3635,#3636);
#3634 = CARTESIAN_POINT('',(-21.95,-3.71,-3.5));
#3635 = DIRECTION('',(0.,0.,1.));
#3636 = DIRECTION('',(1.,0.,0.));
#3637 = ADVANCED_FACE('',(#3638),#3644,.T.);
#3638 = FACE_BOUND('',#3639,.T.);
#3639 = EDGE_LOOP('',(#3640,#3641,#3642,#3643));
#3640 = ORIENTED_EDGE('',*,*,#3531,.F.);
#3641 = ORIENTED_EDGE('',*,*,#3592,.T.);
#3642 = ORIENTED_EDGE('',*,*,#3571,.T.);
#3643 = ORIENTED_EDGE('',*,*,#3614,.F.);
#3644 = PLANE('',#3645);
#3645 = AXIS2_PLACEMENT_3D('',#3646,#3647,#3648);
#3646 = CARTESIAN_POINT('',(-21.95,-3.71,1.6));
#3647 = DIRECTION('',(0.,0.,1.));
#3648 = DIRECTION('',(1.,0.,0.));
#3649 = MANIFOLD_SOLID_BREP('',#3650);
#3650 = CLOSED_SHELL('',(#3651,#3691,#3731,#3753,#3775,#3787));
#3651 = ADVANCED_FACE('',(#3652),#3686,.F.);
#3652 = FACE_BOUND('',#3653,.F.);
#3653 = EDGE_LOOP('',(#3654,#3664,#3672,#3680));
#3654 = ORIENTED_EDGE('',*,*,#3655,.F.);
#3655 = EDGE_CURVE('',#3656,#3658,#3660,.T.);
#3656 = VERTEX_POINT('',#3657);
#3657 = CARTESIAN_POINT('',(-21.95,3.91,-3.5));
#3658 = VERTEX_POINT('',#3659);
#3659 = CARTESIAN_POINT('',(-21.95,3.91,1.6));
#3660 = LINE('',#3661,#3662);
#3661 = CARTESIAN_POINT('',(-21.95,3.91,-3.5));
#3662 = VECTOR('',#3663,1.);
#3663 = DIRECTION('',(0.,0.,1.));
#3664 = ORIENTED_EDGE('',*,*,#3665,.T.);
#3665 = EDGE_CURVE('',#3656,#3666,#3668,.T.);
#3666 = VERTEX_POINT('',#3667);
#3667 = CARTESIAN_POINT('',(-21.95,4.81,-3.5));
#3668 = LINE('',#3669,#3670);
#3669 = CARTESIAN_POINT('',(-21.95,3.91,-3.5));
#3670 = VECTOR('',#3671,1.);
#3671 = DIRECTION('',(0.,1.,0.));
#3672 = ORIENTED_EDGE('',*,*,#3673,.T.);
#3673 = EDGE_CURVE('',#3666,#3674,#3676,.T.);
#3674 = VERTEX_POINT('',#3675);
#3675 = CARTESIAN_POINT('',(-21.95,4.81,1.6));
#3676 = LINE('',#3677,#3678);
#3677 = CARTESIAN_POINT('',(-21.95,4.81,-3.5));
#3678 = VECTOR('',#3679,1.);
#3679 = DIRECTION('',(0.,0.,1.));
#3680 = ORIENTED_EDGE('',*,*,#3681,.F.);
#3681 = EDGE_CURVE('',#3658,#3674,#3682,.T.);
#3682 = LINE('',#3683,#3684);
#3683 = CARTESIAN_POINT('',(-21.95,3.91,1.6));
#3684 = VECTOR('',#3685,1.);
#3685 = DIRECTION('',(0.,1.,0.));
#3686 = PLANE('',#3687);
#3687 = AXIS2_PLACEMENT_3D('',#3688,#3689,#3690);
#3688 = CARTESIAN_POINT('',(-21.95,3.91,-3.5));
#3689 = DIRECTION('',(1.,0.,0.));
#3690 = DIRECTION('',(0.,0.,1.));
#3691 = ADVANCED_FACE('',(#3692),#3726,.T.);
#3692 = FACE_BOUND('',#3693,.T.);
#3693 = EDGE_LOOP('',(#3694,#3704,#3712,#3720));
#3694 = ORIENTED_EDGE('',*,*,#3695,.F.);
#3695 = EDGE_CURVE('',#3696,#3698,#3700,.T.);
#3696 = VERTEX_POINT('',#3697);
#3697 = CARTESIAN_POINT('',(-21.05,3.91,-3.5));
#3698 = VERTEX_POINT('',#3699);
#3699 = CARTESIAN_POINT('',(-21.05,3.91,1.6));
#3700 = LINE('',#3701,#3702);
#3701 = CARTESIAN_POINT('',(-21.05,3.91,-3.5));
#3702 = VECTOR('',#3703,1.);
#3703 = DIRECTION('',(0.,0.,1.));
#3704 = ORIENTED_EDGE('',*,*,#3705,.T.);
#3705 = EDGE_CURVE('',#3696,#3706,#3708,.T.);
#3706 = VERTEX_POINT('',#3707);
#3707 = CARTESIAN_POINT('',(-21.05,4.81,-3.5));
#3708 = LINE('',#3709,#3710);
#3709 = CARTESIAN_POINT('',(-21.05,3.91,-3.5));
#3710 = VECTOR('',#3711,1.);
#3711 = DIRECTION('',(0.,1.,0.));
#3712 = ORIENTED_EDGE('',*,*,#3713,.T.);
#3713 = EDGE_CURVE('',#3706,#3714,#3716,.T.);
#3714 = VERTEX_POINT('',#3715);
#3715 = CARTESIAN_POINT('',(-21.05,4.81,1.6));
#3716 = LINE('',#3717,#3718);
#3717 = CARTESIAN_POINT('',(-21.05,4.81,-3.5));
#3718 = VECTOR('',#3719,1.);
#3719 = DIRECTION('',(0.,0.,1.));
#3720 = ORIENTED_EDGE('',*,*,#3721,.F.);
#3721 = EDGE_CURVE('',#3698,#3714,#3722,.T.);
#3722 = LINE('',#3723,#3724);
#3723 = CARTESIAN_POINT('',(-21.05,3.91,1.6));
#3724 = VECTOR('',#3725,1.);
#3725 = DIRECTION('',(0.,1.,0.));
#3726 = PLANE('',#3727);
#3727 = AXIS2_PLACEMENT_3D('',#3728,#3729,#3730);
#3728 = CARTESIAN_POINT('',(-21.05,3.91,-3.5));
#3729 = DIRECTION('',(1.,0.,0.));
#3730 = DIRECTION('',(0.,0.,1.));
#3731 = ADVANCED_FACE('',(#3732),#3748,.F.);
#3732 = FACE_BOUND('',#3733,.F.);
#3733 = EDGE_LOOP('',(#3734,#3740,#3741,#3747));
#3734 = ORIENTED_EDGE('',*,*,#3735,.F.);
#3735 = EDGE_CURVE('',#3656,#3696,#3736,.T.);
#3736 = LINE('',#3737,#3738);
#3737 = CARTESIAN_POINT('',(-21.95,3.91,-3.5));
#3738 = VECTOR('',#3739,1.);
#3739 = DIRECTION('',(1.,0.,0.));
#3740 = ORIENTED_EDGE('',*,*,#3655,.T.);
#3741 = ORIENTED_EDGE('',*,*,#3742,.T.);
#3742 = EDGE_CURVE('',#3658,#3698,#3743,.T.);
#3743 = LINE('',#3744,#3745);
#3744 = CARTESIAN_POINT('',(-21.95,3.91,1.6));
#3745 = VECTOR('',#3746,1.);
#3746 = DIRECTION('',(1.,0.,0.));
#3747 = ORIENTED_EDGE('',*,*,#3695,.F.);
#3748 = PLANE('',#3749);
#3749 = AXIS2_PLACEMENT_3D('',#3750,#3751,#3752);
#3750 = CARTESIAN_POINT('',(-21.95,3.91,-3.5));
#3751 = DIRECTION('',(0.,1.,0.));
#3752 = DIRECTION('',(0.,0.,1.));
#3753 = ADVANCED_FACE('',(#3754),#3770,.T.);
#3754 = FACE_BOUND('',#3755,.T.);
#3755 = EDGE_LOOP('',(#3756,#3762,#3763,#3769));
#3756 = ORIENTED_EDGE('',*,*,#3757,.F.);
#3757 = EDGE_CURVE('',#3666,#3706,#3758,.T.);
#3758 = LINE('',#3759,#3760);
#3759 = CARTESIAN_POINT('',(-21.95,4.81,-3.5));
#3760 = VECTOR('',#3761,1.);
#3761 = DIRECTION('',(1.,0.,0.));
#3762 = ORIENTED_EDGE('',*,*,#3673,.T.);
#3763 = ORIENTED_EDGE('',*,*,#3764,.T.);
#3764 = EDGE_CURVE('',#3674,#3714,#3765,.T.);
#3765 = LINE('',#3766,#3767);
#3766 = CARTESIAN_POINT('',(-21.95,4.81,1.6));
#3767 = VECTOR('',#3768,1.);
#3768 = DIRECTION('',(1.,0.,0.));
#3769 = ORIENTED_EDGE('',*,*,#3713,.F.);
#3770 = PLANE('',#3771);
#3771 = AXIS2_PLACEMENT_3D('',#3772,#3773,#3774);
#3772 = CARTESIAN_POINT('',(-21.95,4.81,-3.5));
#3773 = DIRECTION('',(0.,1.,0.));
#3774 = DIRECTION('',(0.,0.,1.));
#3775 = ADVANCED_FACE('',(#3776),#3782,.F.);
#3776 = FACE_BOUND('',#3777,.F.);
#3777 = EDGE_LOOP('',(#3778,#3779,#3780,#3781));
#3778 = ORIENTED_EDGE('',*,*,#3665,.F.);
#3779 = ORIENTED_EDGE('',*,*,#3735,.T.);
#3780 = ORIENTED_EDGE('',*,*,#3705,.T.);
#3781 = ORIENTED_EDGE('',*,*,#3757,.F.);
#3782 = PLANE('',#3783);
#3783 = AXIS2_PLACEMENT_3D('',#3784,#3785,#3786);
#3784 = CARTESIAN_POINT('',(-21.95,3.91,-3.5));
#3785 = DIRECTION('',(0.,0.,1.));
#3786 = DIRECTION('',(1.,0.,0.));
#3787 = ADVANCED_FACE('',(#3788),#3794,.T.);
#3788 = FACE_BOUND('',#3789,.T.);
#3789 = EDGE_LOOP('',(#3790,#3791,#3792,#3793));
#3790 = ORIENTED_EDGE('',*,*,#3681,.F.);
#3791 = ORIENTED_EDGE('',*,*,#3742,.T.);
#3792 = ORIENTED_EDGE('',*,*,#3721,.T.);
#3793 = ORIENTED_EDGE('',*,*,#3764,.F.);
#3794 = PLANE('',#3795);
#3795 = AXIS2_PLACEMENT_3D('',#3796,#3797,#3798);
#3796 = CARTESIAN_POINT('',(-21.95,3.91,1.6));
#3797 = DIRECTION('',(0.,0.,1.));
#3798 = DIRECTION('',(1.,0.,0.));
#3799 = MANIFOLD_SOLID_BREP('',#3800);
#3800 = CLOSED_SHELL('',(#3801,#3841,#3881,#3903,#3925,#3937));
#3801 = ADVANCED_FACE('',(#3802),#3836,.F.);
#3802 = FACE_BOUND('',#3803,.F.);
#3803 = EDGE_LOOP('',(#3804,#3814,#3822,#3830));
#3804 = ORIENTED_EDGE('',*,*,#3805,.F.);
#3805 = EDGE_CURVE('',#3806,#3808,#3810,.T.);
#3806 = VERTEX_POINT('',#3807);
#3807 = CARTESIAN_POINT('',(45.15,8.0375,1.6));
#3808 = VERTEX_POINT('',#3809);
#3809 = CARTESIAN_POINT('',(45.15,8.0375,2.1));
#3810 = LINE('',#3811,#3812);
#3811 = CARTESIAN_POINT('',(45.15,8.0375,1.6));
#3812 = VECTOR('',#3813,1.);
#3813 = DIRECTION('',(0.,0.,1.));
#3814 = ORIENTED_EDGE('',*,*,#3815,.T.);
#3815 = EDGE_CURVE('',#3806,#3816,#3818,.T.);
#3816 = VERTEX_POINT('',#3817);
#3817 = CARTESIAN_POINT('',(45.15,8.9625,1.6));
#3818 = LINE('',#3819,#3820);
#3819 = CARTESIAN_POINT('',(45.15,8.0375,1.6));
#3820 = VECTOR('',#3821,1.);
#3821 = DIRECTION('',(0.,1.,0.));
#3822 = ORIENTED_EDGE('',*,*,#3823,.T.);
#3823 = EDGE_CURVE('',#3816,#3824,#3826,.T.);
#3824 = VERTEX_POINT('',#3825);
#3825 = CARTESIAN_POINT('',(45.15,8.9625,2.1));
#3826 = LINE('',#3827,#3828);
#3827 = CARTESIAN_POINT('',(45.15,8.9625,1.6));
#3828 = VECTOR('',#3829,1.);
#3829 = DIRECTION('',(0.,0.,1.));
#3830 = ORIENTED_EDGE('',*,*,#3831,.F.);
#3831 = EDGE_CURVE('',#3808,#3824,#3832,.T.);
#3832 = LINE('',#3833,#3834);
#3833 = CARTESIAN_POINT('',(45.15,8.0375,2.1));
#3834 = VECTOR('',#3835,1.);
#3835 = DIRECTION('',(0.,1.,0.));
#3836 = PLANE('',#3837);
#3837 = AXIS2_PLACEMENT_3D('',#3838,#3839,#3840);
#3838 = CARTESIAN_POINT('',(45.15,8.0375,1.6));
#3839 = DIRECTION('',(1.,0.,0.));
#3840 = DIRECTION('',(0.,0.,1.));
#3841 = ADVANCED_FACE('',(#3842),#3876,.T.);
#3842 = FACE_BOUND('',#3843,.T.);
#3843 = EDGE_LOOP('',(#3844,#3854,#3862,#3870));
#3844 = ORIENTED_EDGE('',*,*,#3845,.F.);
#3845 = EDGE_CURVE('',#3846,#3848,#3850,.T.);
#3846 = VERTEX_POINT('',#3847);
#3847 = CARTESIAN_POINT('',(46.85,8.0375,1.6));
#3848 = VERTEX_POINT('',#3849);
#3849 = CARTESIAN_POINT('',(46.85,8.0375,2.1));
#3850 = LINE('',#3851,#3852);
#3851 = CARTESIAN_POINT('',(46.85,8.0375,1.6));
#3852 = VECTOR('',#3853,1.);
#3853 = DIRECTION('',(0.,0.,1.));
#3854 = ORIENTED_EDGE('',*,*,#3855,.T.);
#3855 = EDGE_CURVE('',#3846,#3856,#3858,.T.);
#3856 = VERTEX_POINT('',#3857);
#3857 = CARTESIAN_POINT('',(46.85,8.9625,1.6));
#3858 = LINE('',#3859,#3860);
#3859 = CARTESIAN_POINT('',(46.85,8.0375,1.6));
#3860 = VECTOR('',#3861,1.);
#3861 = DIRECTION('',(0.,1.,0.));
#3862 = ORIENTED_EDGE('',*,*,#3863,.T.);
#3863 = EDGE_CURVE('',#3856,#3864,#3866,.T.);
#3864 = VERTEX_POINT('',#3865);
#3865 = CARTESIAN_POINT('',(46.85,8.9625,2.1));
#3866 = LINE('',#3867,#3868);
#3867 = CARTESIAN_POINT('',(46.85,8.9625,1.6));
#3868 = VECTOR('',#3869,1.);
#3869 = DIRECTION('',(0.,0.,1.));
#3870 = ORIENTED_EDGE('',*,*,#3871,.F.);
#3871 = EDGE_CURVE('',#3848,#3864,#3872,.T.);
#3872 = LINE('',#3873,#3874);
#3873 = CARTESIAN_POINT('',(46.85,8.0375,2.1));
#3874 = VECTOR('',#3875,1.);
#3875 = DIRECTION('',(0.,1.,0.));
#3876 = PLANE('',#3877);
#3877 = AXIS2_PLACEMENT_3D('',#3878,#3879,#3880);
#3878 = CARTESIAN_POINT('',(46.85,8.0375,1.6));
#3879 = DIRECTION('',(1.,0.,0.));
#3880 = DIRECTION('',(0.,0.,1.));
#3881 = ADVANCED_FACE('',(#3882),#3898,.F.);
#3882 = FACE_BOUND('',#3883,.F.);
#3883 = EDGE_LOOP('',(#3884,#3890,#3891,#3897));
#3884 = ORIENTED_EDGE('',*,*,#3885,.F.);
#3885 = EDGE_CURVE('',#3806,#3846,#3886,.T.);
#3886 = LINE('',#3887,#3888);
#3887 = CARTESIAN_POINT('',(45.15,8.0375,1.6));
#3888 = VECTOR('',#3889,1.);
#3889 = DIRECTION('',(1.,0.,0.));
#3890 = ORIENTED_EDGE('',*,*,#3805,.T.);
#3891 = ORIENTED_EDGE('',*,*,#3892,.T.);
#3892 = EDGE_CURVE('',#3808,#3848,#3893,.T.);
#3893 = LINE('',#3894,#3895);
#3894 = CARTESIAN_POINT('',(45.15,8.0375,2.1));
#3895 = VECTOR('',#3896,1.);
#3896 = DIRECTION('',(1.,0.,0.));
#3897 = ORIENTED_EDGE('',*,*,#3845,.F.);
#3898 = PLANE('',#3899);
#3899 = AXIS2_PLACEMENT_3D('',#3900,#3901,#3902);
#3900 = CARTESIAN_POINT('',(45.15,8.0375,1.6));
#3901 = DIRECTION('',(0.,1.,0.));
#3902 = DIRECTION('',(0.,0.,1.));
#3903 = ADVANCED_FACE('',(#3904),#3920,.T.);
#3904 = FACE_BOUND('',#3905,.T.);
#3905 = EDGE_LOOP('',(#3906,#3912,#3913,#3919));
#3906 = ORIENTED_EDGE('',*,*,#3907,.F.);
#3907 = EDGE_CURVE('',#3816,#3856,#3908,.T.);
#3908 = LINE('',#3909,#3910);
#3909 = CARTESIAN_POINT('',(45.15,8.9625,1.6));
#3910 = VECTOR('',#3911,1.);
#3911 = DIRECTION('',(1.,0.,0.));
#3912 = ORIENTED_EDGE('',*,*,#3823,.T.);
#3913 = ORIENTED_EDGE('',*,*,#3914,.T.);
#3914 = EDGE_CURVE('',#3824,#3864,#3915,.T.);
#3915 = LINE('',#3916,#3917);
#3916 = CARTESIAN_POINT('',(45.15,8.9625,2.1));
#3917 = VECTOR('',#3918,1.);
#3918 = DIRECTION('',(1.,0.,0.));
#3919 = ORIENTED_EDGE('',*,*,#3863,.F.);
#3920 = PLANE('',#3921);
#3921 = AXIS2_PLACEMENT_3D('',#3922,#3923,#3924);
#3922 = CARTESIAN_POINT('',(45.15,8.9625,1.6));
#3923 = DIRECTION('',(0.,1.,0.));
#3924 = DIRECTION('',(0.,0.,1.));
#3925 = ADVANCED_FACE('',(#3926),#3932,.F.);
#3926 = FACE_BOUND('',#3927,.F.);
#3927 = EDGE_LOOP('',(#3928,#3929,#3930,#3931));
#3928 = ORIENTED_EDGE('',*,*,#3815,.F.);
#3929 = ORIENTED_EDGE('',*,*,#3885,.T.);
#3930 = ORIENTED_EDGE('',*,*,#3855,.T.);
#3931 = ORIENTED_EDGE('',*,*,#3907,.F.);
#3932 = PLANE('',#3933);
#3933 = AXIS2_PLACEMENT_3D('',#3934,#3935,#3936);
#3934 = CARTESIAN_POINT('',(45.15,8.0375,1.6));
#3935 = DIRECTION('',(0.,0.,1.));
#3936 = DIRECTION('',(1.,0.,0.));
#3937 = ADVANCED_FACE('',(#3938),#3944,.T.);
#3938 = FACE_BOUND('',#3939,.T.);
#3939 = EDGE_LOOP('',(#3940,#3941,#3942,#3943));
#3940 = ORIENTED_EDGE('',*,*,#3831,.F.);
#3941 = ORIENTED_EDGE('',*,*,#3892,.T.);
#3942 = ORIENTED_EDGE('',*,*,#3871,.T.);
#3943 = ORIENTED_EDGE('',*,*,#3914,.F.);
#3944 = PLANE('',#3945);
#3945 = AXIS2_PLACEMENT_3D('',#3946,#3947,#3948);
#3946 = CARTESIAN_POINT('',(45.15,8.0375,2.1));
#3947 = DIRECTION('',(0.,0.,1.));
#3948 = DIRECTION('',(1.,0.,0.));
#3949 = MANIFOLD_SOLID_BREP('',#3950);
#3950 = CLOSED_SHELL('',(#3951,#3991,#4031,#4053,#4075,#4087));
#3951 = ADVANCED_FACE('',(#3952),#3986,.F.);
#3952 = FACE_BOUND('',#3953,.F.);
#3953 = EDGE_LOOP('',(#3954,#3964,#3972,#3980));
#3954 = ORIENTED_EDGE('',*,*,#3955,.F.);
#3955 = EDGE_CURVE('',#3956,#3958,#3960,.T.);
#3956 = VERTEX_POINT('',#3957);
#3957 = CARTESIAN_POINT('',(11.825,12.45,1.6));
#3958 = VERTEX_POINT('',#3959);
#3959 = CARTESIAN_POINT('',(11.825,12.45,2.85));
#3960 = LINE('',#3961,#3962);
#3961 = CARTESIAN_POINT('',(11.825,12.45,1.6));
#3962 = VECTOR('',#3963,1.);
#3963 = DIRECTION('',(0.,0.,1.));
#3964 = ORIENTED_EDGE('',*,*,#3965,.T.);
#3965 = EDGE_CURVE('',#3956,#3966,#3968,.T.);
#3966 = VERTEX_POINT('',#3967);
#3967 = CARTESIAN_POINT('',(11.825,14.55,1.6));
#3968 = LINE('',#3969,#3970);
#3969 = CARTESIAN_POINT('',(11.825,12.45,1.6));
#3970 = VECTOR('',#3971,1.);
#3971 = DIRECTION('',(0.,1.,0.));
#3972 = ORIENTED_EDGE('',*,*,#3973,.T.);
#3973 = EDGE_CURVE('',#3966,#3974,#3976,.T.);
#3974 = VERTEX_POINT('',#3975);
#3975 = CARTESIAN_POINT('',(11.825,14.55,2.85));
#3976 = LINE('',#3977,#3978);
#3977 = CARTESIAN_POINT('',(11.825,14.55,1.6));
#3978 = VECTOR('',#3979,1.);
#3979 = DIRECTION('',(0.,0.,1.));
#3980 = ORIENTED_EDGE('',*,*,#3981,.F.);
#3981 = EDGE_CURVE('',#3958,#3974,#3982,.T.);
#3982 = LINE('',#3983,#3984);
#3983 = CARTESIAN_POINT('',(11.825,12.45,2.85));
#3984 = VECTOR('',#3985,1.);
#3985 = DIRECTION('',(0.,1.,0.));
#3986 = PLANE('',#3987);
#3987 = AXIS2_PLACEMENT_3D('',#3988,#3989,#3990);
#3988 = CARTESIAN_POINT('',(11.825,12.45,1.6));
#3989 = DIRECTION('',(1.,0.,0.));
#3990 = DIRECTION('',(0.,0.,1.));
#3991 = ADVANCED_FACE('',(#3992),#4026,.T.);
#3992 = FACE_BOUND('',#3993,.T.);
#3993 = EDGE_LOOP('',(#3994,#4004,#4012,#4020));
#3994 = ORIENTED_EDGE('',*,*,#3995,.F.);
#3995 = EDGE_CURVE('',#3996,#3998,#4000,.T.);
#3996 = VERTEX_POINT('',#3997);
#3997 = CARTESIAN_POINT('',(13.175,12.45,1.6));
#3998 = VERTEX_POINT('',#3999);
#3999 = CARTESIAN_POINT('',(13.175,12.45,2.85));
#4000 = LINE('',#4001,#4002);
#4001 = CARTESIAN_POINT('',(13.175,12.45,1.6));
#4002 = VECTOR('',#4003,1.);
#4003 = DIRECTION('',(0.,0.,1.));
#4004 = ORIENTED_EDGE('',*,*,#4005,.T.);
#4005 = EDGE_CURVE('',#3996,#4006,#4008,.T.);
#4006 = VERTEX_POINT('',#4007);
#4007 = CARTESIAN_POINT('',(13.175,14.55,1.6));
#4008 = LINE('',#4009,#4010);
#4009 = CARTESIAN_POINT('',(13.175,12.45,1.6));
#4010 = VECTOR('',#4011,1.);
#4011 = DIRECTION('',(0.,1.,0.));
#4012 = ORIENTED_EDGE('',*,*,#4013,.T.);
#4013 = EDGE_CURVE('',#4006,#4014,#4016,.T.);
#4014 = VERTEX_POINT('',#4015);
#4015 = CARTESIAN_POINT('',(13.175,14.55,2.85));
#4016 = LINE('',#4017,#4018);
#4017 = CARTESIAN_POINT('',(13.175,14.55,1.6));
#4018 = VECTOR('',#4019,1.);
#4019 = DIRECTION('',(0.,0.,1.));
#4020 = ORIENTED_EDGE('',*,*,#4021,.F.);
#4021 = EDGE_CURVE('',#3998,#4014,#4022,.T.);
#4022 = LINE('',#4023,#4024);
#4023 = CARTESIAN_POINT('',(13.175,12.45,2.85));
#4024 = VECTOR('',#4025,1.);
#4025 = DIRECTION('',(0.,1.,0.));
#4026 = PLANE('',#4027);
#4027 = AXIS2_PLACEMENT_3D('',#4028,#4029,#4030);
#4028 = CARTESIAN_POINT('',(13.175,12.45,1.6));
#4029 = DIRECTION('',(1.,0.,0.));
#4030 = DIRECTION('',(0.,0.,1.));
#4031 = ADVANCED_FACE('',(#4032),#4048,.F.);
#4032 = FACE_BOUND('',#4033,.F.);
#4033 = EDGE_LOOP('',(#4034,#4040,#4041,#4047));
#4034 = ORIENTED_EDGE('',*,*,#4035,.F.);
#4035 = EDGE_CURVE('',#3956,#3996,#4036,.T.);
#4036 = LINE('',#4037,#4038);
#4037 = CARTESIAN_POINT('',(11.825,12.45,1.6));
#4038 = VECTOR('',#4039,1.);
#4039 = DIRECTION('',(1.,0.,0.));
#4040 = ORIENTED_EDGE('',*,*,#3955,.T.);
#4041 = ORIENTED_EDGE('',*,*,#4042,.T.);
#4042 = EDGE_CURVE('',#3958,#3998,#4043,.T.);
#4043 = LINE('',#4044,#4045);
#4044 = CARTESIAN_POINT('',(11.825,12.45,2.85));
#4045 = VECTOR('',#4046,1.);
#4046 = DIRECTION('',(1.,0.,0.));
#4047 = ORIENTED_EDGE('',*,*,#3995,.F.);
#4048 = PLANE('',#4049);
#4049 = AXIS2_PLACEMENT_3D('',#4050,#4051,#4052);
#4050 = CARTESIAN_POINT('',(11.825,12.45,1.6));
#4051 = DIRECTION('',(0.,1.,0.));
#4052 = DIRECTION('',(0.,0.,1.));
#4053 = ADVANCED_FACE('',(#4054),#4070,.T.);
#4054 = FACE_BOUND('',#4055,.T.);
#4055 = EDGE_LOOP('',(#4056,#4062,#4063,#4069));
#4056 = ORIENTED_EDGE('',*,*,#4057,.F.);
#4057 = EDGE_CURVE('',#3966,#4006,#4058,.T.);
#4058 = LINE('',#4059,#4060);
#4059 = CARTESIAN_POINT('',(11.825,14.55,1.6));
#4060 = VECTOR('',#4061,1.);
#4061 = DIRECTION('',(1.,0.,0.));
#4062 = ORIENTED_EDGE('',*,*,#3973,.T.);
#4063 = ORIENTED_EDGE('',*,*,#4064,.T.);
#4064 = EDGE_CURVE('',#3974,#4014,#4065,.T.);
#4065 = LINE('',#4066,#4067);
#4066 = CARTESIAN_POINT('',(11.825,14.55,2.85));
#4067 = VECTOR('',#4068,1.);
#4068 = DIRECTION('',(1.,0.,0.));
#4069 = ORIENTED_EDGE('',*,*,#4013,.F.);
#4070 = PLANE('',#4071);
#4071 = AXIS2_PLACEMENT_3D('',#4072,#4073,#4074);
#4072 = CARTESIAN_POINT('',(11.825,14.55,1.6));
#4073 = DIRECTION('',(0.,1.,0.));
#4074 = DIRECTION('',(0.,0.,1.));
#4075 = ADVANCED_FACE('',(#4076),#4082,.F.);
#4076 = FACE_BOUND('',#4077,.F.);
#4077 = EDGE_LOOP('',(#4078,#4079,#4080,#4081));
#4078 = ORIENTED_EDGE('',*,*,#3965,.F.);
#4079 = ORIENTED_EDGE('',*,*,#4035,.T.);
#4080 = ORIENTED_EDGE('',*,*,#4005,.T.);
#4081 = ORIENTED_EDGE('',*,*,#4057,.F.);
#4082 = PLANE('',#4083);
#4083 = AXIS2_PLACEMENT_3D('',#4084,#4085,#4086);
#4084 = CARTESIAN_POINT('',(11.825,12.45,1.6));
#4085 = DIRECTION('',(0.,0.,1.));
#4086 = DIRECTION('',(1.,0.,0.));
#4087 = ADVANCED_FACE('',(#4088),#4094,.T.);
#4088 = FACE_BOUND('',#4089,.T.);
#4089 = EDGE_LOOP('',(#4090,#4091,#4092,#4093));
#4090 = ORIENTED_EDGE('',*,*,#3981,.F.);
#4091 = ORIENTED_EDGE('',*,*,#4042,.T.);
#4092 = ORIENTED_EDGE('',*,*,#4021,.T.);
#4093 = ORIENTED_EDGE('',*,*,#4064,.F.);
#4094 = PLANE('',#4095);
#4095 = AXIS2_PLACEMENT_3D('',#4096,#4097,#4098);
#4096 = CARTESIAN_POINT('',(11.825,12.45,2.85));
#4097 = DIRECTION('',(0.,0.,1.));
#4098 = DIRECTION('',(1.,0.,0.));
#4099 = MANIFOLD_SOLID_BREP('',#4100);
#4100 = CLOSED_SHELL('',(#4101,#4141,#4181,#4203,#4225,#4237));
#4101 = ADVANCED_FACE('',(#4102),#4136,.F.);
#4102 = FACE_BOUND('',#4103,.F.);
#4103 = EDGE_LOOP('',(#4104,#4114,#4122,#4130));
#4104 = ORIENTED_EDGE('',*,*,#4105,.F.);
#4105 = EDGE_CURVE('',#4106,#4108,#4110,.T.);
#4106 = VERTEX_POINT('',#4107);
#4107 = CARTESIAN_POINT('',(18.0375,21.65,1.6));
#4108 = VERTEX_POINT('',#4109);
#4109 = CARTESIAN_POINT('',(18.0375,21.65,2.1));
#4110 = LINE('',#4111,#4112);
#4111 = CARTESIAN_POINT('',(18.0375,21.65,1.6));
#4112 = VECTOR('',#4113,1.);
#4113 = DIRECTION('',(0.,0.,1.));
#4114 = ORIENTED_EDGE('',*,*,#4115,.T.);
#4115 = EDGE_CURVE('',#4106,#4116,#4118,.T.);
#4116 = VERTEX_POINT('',#4117);
#4117 = CARTESIAN_POINT('',(18.0375,23.35,1.6));
#4118 = LINE('',#4119,#4120);
#4119 = CARTESIAN_POINT('',(18.0375,21.65,1.6));
#4120 = VECTOR('',#4121,1.);
#4121 = DIRECTION('',(0.,1.,0.));
#4122 = ORIENTED_EDGE('',*,*,#4123,.T.);
#4123 = EDGE_CURVE('',#4116,#4124,#4126,.T.);
#4124 = VERTEX_POINT('',#4125);
#4125 = CARTESIAN_POINT('',(18.0375,23.35,2.1));
#4126 = LINE('',#4127,#4128);
#4127 = CARTESIAN_POINT('',(18.0375,23.35,1.6));
#4128 = VECTOR('',#4129,1.);
#4129 = DIRECTION('',(0.,0.,1.));
#4130 = ORIENTED_EDGE('',*,*,#4131,.F.);
#4131 = EDGE_CURVE('',#4108,#4124,#4132,.T.);
#4132 = LINE('',#4133,#4134);
#4133 = CARTESIAN_POINT('',(18.0375,21.65,2.1));
#4134 = VECTOR('',#4135,1.);
#4135 = DIRECTION('',(0.,1.,0.));
#4136 = PLANE('',#4137);
#4137 = AXIS2_PLACEMENT_3D('',#4138,#4139,#4140);
#4138 = CARTESIAN_POINT('',(18.0375,21.65,1.6));
#4139 = DIRECTION('',(1.,0.,0.));
#4140 = DIRECTION('',(0.,0.,1.));
#4141 = ADVANCED_FACE('',(#4142),#4176,.T.);
#4142 = FACE_BOUND('',#4143,.T.);
#4143 = EDGE_LOOP('',(#4144,#4154,#4162,#4170));
#4144 = ORIENTED_EDGE('',*,*,#4145,.F.);
#4145 = EDGE_CURVE('',#4146,#4148,#4150,.T.);
#4146 = VERTEX_POINT('',#4147);
#4147 = CARTESIAN_POINT('',(18.9625,21.65,1.6));
#4148 = VERTEX_POINT('',#4149);
#4149 = CARTESIAN_POINT('',(18.9625,21.65,2.1));
#4150 = LINE('',#4151,#4152);
#4151 = CARTESIAN_POINT('',(18.9625,21.65,1.6));
#4152 = VECTOR('',#4153,1.);
#4153 = DIRECTION('',(0.,0.,1.));
#4154 = ORIENTED_EDGE('',*,*,#4155,.T.);
#4155 = EDGE_CURVE('',#4146,#4156,#4158,.T.);
#4156 = VERTEX_POINT('',#4157);
#4157 = CARTESIAN_POINT('',(18.9625,23.35,1.6));
#4158 = LINE('',#4159,#4160);
#4159 = CARTESIAN_POINT('',(18.9625,21.65,1.6));
#4160 = VECTOR('',#4161,1.);
#4161 = DIRECTION('',(0.,1.,0.));
#4162 = ORIENTED_EDGE('',*,*,#4163,.T.);
#4163 = EDGE_CURVE('',#4156,#4164,#4166,.T.);
#4164 = VERTEX_POINT('',#4165);
#4165 = CARTESIAN_POINT('',(18.9625,23.35,2.1));
#4166 = LINE('',#4167,#4168);
#4167 = CARTESIAN_POINT('',(18.9625,23.35,1.6));
#4168 = VECTOR('',#4169,1.);
#4169 = DIRECTION('',(0.,0.,1.));
#4170 = ORIENTED_EDGE('',*,*,#4171,.F.);
#4171 = EDGE_CURVE('',#4148,#4164,#4172,.T.);
#4172 = LINE('',#4173,#4174);
#4173 = CARTESIAN_POINT('',(18.9625,21.65,2.1));
#4174 = VECTOR('',#4175,1.);
#4175 = DIRECTION('',(0.,1.,0.));
#4176 = PLANE('',#4177);
#4177 = AXIS2_PLACEMENT_3D('',#4178,#4179,#4180);
#4178 = CARTESIAN_POINT('',(18.9625,21.65,1.6));
#4179 = DIRECTION('',(1.,0.,0.));
#4180 = DIRECTION('',(0.,0.,1.));
#4181 = ADVANCED_FACE('',(#4182),#4198,.F.);
#4182 = FACE_BOUND('',#4183,.F.);
#4183 = EDGE_LOOP('',(#4184,#4190,#4191,#4197));
#4184 = ORIENTED_EDGE('',*,*,#4185,.F.);
#4185 = EDGE_CURVE('',#4106,#4146,#4186,.T.);
#4186 = LINE('',#4187,#4188);
#4187 = CARTESIAN_POINT('',(18.0375,21.65,1.6));
#4188 = VECTOR('',#4189,1.);
#4189 = DIRECTION('',(1.,0.,0.));
#4190 = ORIENTED_EDGE('',*,*,#4105,.T.);
#4191 = ORIENTED_EDGE('',*,*,#4192,.T.);
#4192 = EDGE_CURVE('',#4108,#4148,#4193,.T.);
#4193 = LINE('',#4194,#4195);
#4194 = CARTESIAN_POINT('',(18.0375,21.65,2.1));
#4195 = VECTOR('',#4196,1.);
#4196 = DIRECTION('',(1.,0.,0.));
#4197 = ORIENTED_EDGE('',*,*,#4145,.F.);
#4198 = PLANE('',#4199);
#4199 = AXIS2_PLACEMENT_3D('',#4200,#4201,#4202);
#4200 = CARTESIAN_POINT('',(18.0375,21.65,1.6));
#4201 = DIRECTION('',(0.,1.,0.));
#4202 = DIRECTION('',(0.,0.,1.));
#4203 = ADVANCED_FACE('',(#4204),#4220,.T.);
#4204 = FACE_BOUND('',#4205,.T.);
#4205 = EDGE_LOOP('',(#4206,#4212,#4213,#4219));
#4206 = ORIENTED_EDGE('',*,*,#4207,.F.);
#4207 = EDGE_CURVE('',#4116,#4156,#4208,.T.);
#4208 = LINE('',#4209,#4210);
#4209 = CARTESIAN_POINT('',(18.0375,23.35,1.6));
#4210 = VECTOR('',#4211,1.);
#4211 = DIRECTION('',(1.,0.,0.));
#4212 = ORIENTED_EDGE('',*,*,#4123,.T.);
#4213 = ORIENTED_EDGE('',*,*,#4214,.T.);
#4214 = EDGE_CURVE('',#4124,#4164,#4215,.T.);
#4215 = LINE('',#4216,#4217);
#4216 = CARTESIAN_POINT('',(18.0375,23.35,2.1));
#4217 = VECTOR('',#4218,1.);
#4218 = DIRECTION('',(1.,0.,0.));
#4219 = ORIENTED_EDGE('',*,*,#4163,.F.);
#4220 = PLANE('',#4221);
#4221 = AXIS2_PLACEMENT_3D('',#4222,#4223,#4224);
#4222 = CARTESIAN_POINT('',(18.0375,23.35,1.6));
#4223 = DIRECTION('',(0.,1.,0.));
#4224 = DIRECTION('',(0.,0.,1.));
#4225 = ADVANCED_FACE('',(#4226),#4232,.F.);
#4226 = FACE_BOUND('',#4227,.F.);
#4227 = EDGE_LOOP('',(#4228,#4229,#4230,#4231));
#4228 = ORIENTED_EDGE('',*,*,#4115,.F.);
#4229 = ORIENTED_EDGE('',*,*,#4185,.T.);
#4230 = ORIENTED_EDGE('',*,*,#4155,.T.);
#4231 = ORIENTED_EDGE('',*,*,#4207,.F.);
#4232 = PLANE('',#4233);
#4233 = AXIS2_PLACEMENT_3D('',#4234,#4235,#4236);
#4234 = CARTESIAN_POINT('',(18.0375,21.65,1.6));
#4235 = DIRECTION('',(0.,0.,1.));
#4236 = DIRECTION('',(1.,0.,0.));
#4237 = ADVANCED_FACE('',(#4238),#4244,.T.);
#4238 = FACE_BOUND('',#4239,.T.);
#4239 = EDGE_LOOP('',(#4240,#4241,#4242,#4243));
#4240 = ORIENTED_EDGE('',*,*,#4131,.F.);
#4241 = ORIENTED_EDGE('',*,*,#4192,.T.);
#4242 = ORIENTED_EDGE('',*,*,#4171,.T.);
#4243 = ORIENTED_EDGE('',*,*,#4214,.F.);
#4244 = PLANE('',#4245);
#4245 = AXIS2_PLACEMENT_3D('',#4246,#4247,#4248);
#4246 = CARTESIAN_POINT('',(18.0375,21.65,2.1));
#4247 = DIRECTION('',(0.,0.,1.));
#4248 = DIRECTION('',(1.,0.,0.));
#4249 = MANIFOLD_SOLID_BREP('',#4250);
#4250 = CLOSED_SHELL('',(#4251,#4291,#4331,#4353,#4375,#4387));
#4251 = ADVANCED_FACE('',(#4252),#4286,.F.);
#4252 = FACE_BOUND('',#4253,.F.);
#4253 = EDGE_LOOP('',(#4254,#4264,#4272,#4280));
#4254 = ORIENTED_EDGE('',*,*,#4255,.F.);
#4255 = EDGE_CURVE('',#4256,#4258,#4260,.T.);
#4256 = VERTEX_POINT('',#4257);
#4257 = CARTESIAN_POINT('',(9.325,9.75,1.6));
#4258 = VERTEX_POINT('',#4259);
#4259 = CARTESIAN_POINT('',(9.325,9.75,2.85));
#4260 = LINE('',#4261,#4262);
#4261 = CARTESIAN_POINT('',(9.325,9.75,1.6));
#4262 = VECTOR('',#4263,1.);
#4263 = DIRECTION('',(0.,0.,1.));
#4264 = ORIENTED_EDGE('',*,*,#4265,.T.);
#4265 = EDGE_CURVE('',#4256,#4266,#4268,.T.);
#4266 = VERTEX_POINT('',#4267);
#4267 = CARTESIAN_POINT('',(9.325,11.85,1.6));
#4268 = LINE('',#4269,#4270);
#4269 = CARTESIAN_POINT('',(9.325,9.75,1.6));
#4270 = VECTOR('',#4271,1.);
#4271 = DIRECTION('',(0.,1.,0.));
#4272 = ORIENTED_EDGE('',*,*,#4273,.T.);
#4273 = EDGE_CURVE('',#4266,#4274,#4276,.T.);
#4274 = VERTEX_POINT('',#4275);
#4275 = CARTESIAN_POINT('',(9.325,11.85,2.85));
#4276 = LINE('',#4277,#4278);
#4277 = CARTESIAN_POINT('',(9.325,11.85,1.6));
#4278 = VECTOR('',#4279,1.);
#4279 = DIRECTION('',(0.,0.,1.));
#4280 = ORIENTED_EDGE('',*,*,#4281,.F.);
#4281 = EDGE_CURVE('',#4258,#4274,#4282,.T.);
#4282 = LINE('',#4283,#4284);
#4283 = CARTESIAN_POINT('',(9.325,9.75,2.85));
#4284 = VECTOR('',#4285,1.);
#4285 = DIRECTION('',(0.,1.,0.));
#4286 = PLANE('',#4287);
#4287 = AXIS2_PLACEMENT_3D('',#4288,#4289,#4290);
#4288 = CARTESIAN_POINT('',(9.325,9.75,1.6));
#4289 = DIRECTION('',(1.,0.,0.));
#4290 = DIRECTION('',(0.,0.,1.));
#4291 = ADVANCED_FACE('',(#4292),#4326,.T.);
#4292 = FACE_BOUND('',#4293,.T.);
#4293 = EDGE_LOOP('',(#4294,#4304,#4312,#4320));
#4294 = ORIENTED_EDGE('',*,*,#4295,.F.);
#4295 = EDGE_CURVE('',#4296,#4298,#4300,.T.);
#4296 = VERTEX_POINT('',#4297);
#4297 = CARTESIAN_POINT('',(10.675,9.75,1.6));
#4298 = VERTEX_POINT('',#4299);
#4299 = CARTESIAN_POINT('',(10.675,9.75,2.85));
#4300 = LINE('',#4301,#4302);
#4301 = CARTESIAN_POINT('',(10.675,9.75,1.6));
#4302 = VECTOR('',#4303,1.);
#4303 = DIRECTION('',(0.,0.,1.));
#4304 = ORIENTED_EDGE('',*,*,#4305,.T.);
#4305 = EDGE_CURVE('',#4296,#4306,#4308,.T.);
#4306 = VERTEX_POINT('',#4307);
#4307 = CARTESIAN_POINT('',(10.675,11.85,1.6));
#4308 = LINE('',#4309,#4310);
#4309 = CARTESIAN_POINT('',(10.675,9.75,1.6));
#4310 = VECTOR('',#4311,1.);
#4311 = DIRECTION('',(0.,1.,0.));
#4312 = ORIENTED_EDGE('',*,*,#4313,.T.);
#4313 = EDGE_CURVE('',#4306,#4314,#4316,.T.);
#4314 = VERTEX_POINT('',#4315);
#4315 = CARTESIAN_POINT('',(10.675,11.85,2.85));
#4316 = LINE('',#4317,#4318);
#4317 = CARTESIAN_POINT('',(10.675,11.85,1.6));
#4318 = VECTOR('',#4319,1.);
#4319 = DIRECTION('',(0.,0.,1.));
#4320 = ORIENTED_EDGE('',*,*,#4321,.F.);
#4321 = EDGE_CURVE('',#4298,#4314,#4322,.T.);
#4322 = LINE('',#4323,#4324);
#4323 = CARTESIAN_POINT('',(10.675,9.75,2.85));
#4324 = VECTOR('',#4325,1.);
#4325 = DIRECTION('',(0.,1.,0.));
#4326 = PLANE('',#4327);
#4327 = AXIS2_PLACEMENT_3D('',#4328,#4329,#4330);
#4328 = CARTESIAN_POINT('',(10.675,9.75,1.6));
#4329 = DIRECTION('',(1.,0.,0.));
#4330 = DIRECTION('',(0.,0.,1.));
#4331 = ADVANCED_FACE('',(#4332),#4348,.F.);
#4332 = FACE_BOUND('',#4333,.F.);
#4333 = EDGE_LOOP('',(#4334,#4340,#4341,#4347));
#4334 = ORIENTED_EDGE('',*,*,#4335,.F.);
#4335 = EDGE_CURVE('',#4256,#4296,#4336,.T.);
#4336 = LINE('',#4337,#4338);
#4337 = CARTESIAN_POINT('',(9.325,9.75,1.6));
#4338 = VECTOR('',#4339,1.);
#4339 = DIRECTION('',(1.,0.,0.));
#4340 = ORIENTED_EDGE('',*,*,#4255,.T.);
#4341 = ORIENTED_EDGE('',*,*,#4342,.T.);
#4342 = EDGE_CURVE('',#4258,#4298,#4343,.T.);
#4343 = LINE('',#4344,#4345);
#4344 = CARTESIAN_POINT('',(9.325,9.75,2.85));
#4345 = VECTOR('',#4346,1.);
#4346 = DIRECTION('',(1.,0.,0.));
#4347 = ORIENTED_EDGE('',*,*,#4295,.F.);
#4348 = PLANE('',#4349);
#4349 = AXIS2_PLACEMENT_3D('',#4350,#4351,#4352);
#4350 = CARTESIAN_POINT('',(9.325,9.75,1.6));
#4351 = DIRECTION('',(0.,1.,0.));
#4352 = DIRECTION('',(0.,0.,1.));
#4353 = ADVANCED_FACE('',(#4354),#4370,.T.);
#4354 = FACE_BOUND('',#4355,.T.);
#4355 = EDGE_LOOP('',(#4356,#4362,#4363,#4369));
#4356 = ORIENTED_EDGE('',*,*,#4357,.F.);
#4357 = EDGE_CURVE('',#4266,#4306,#4358,.T.);
#4358 = LINE('',#4359,#4360);
#4359 = CARTESIAN_POINT('',(9.325,11.85,1.6));
#4360 = VECTOR('',#4361,1.);
#4361 = DIRECTION('',(1.,0.,0.));
#4362 = ORIENTED_EDGE('',*,*,#4273,.T.);
#4363 = ORIENTED_EDGE('',*,*,#4364,.T.);
#4364 = EDGE_CURVE('',#4274,#4314,#4365,.T.);
#4365 = LINE('',#4366,#4367);
#4366 = CARTESIAN_POINT('',(9.325,11.85,2.85));
#4367 = VECTOR('',#4368,1.);
#4368 = DIRECTION('',(1.,0.,0.));
#4369 = ORIENTED_EDGE('',*,*,#4313,.F.);
#4370 = PLANE('',#4371);
#4371 = AXIS2_PLACEMENT_3D('',#4372,#4373,#4374);
#4372 = CARTESIAN_POINT('',(9.325,11.85,1.6));
#4373 = DIRECTION('',(0.,1.,0.));
#4374 = DIRECTION('',(0.,0.,1.));
#4375 = ADVANCED_FACE('',(#4376),#4382,.F.);
#4376 = FACE_BOUND('',#4377,.F.);
#4377 = EDGE_LOOP('',(#4378,#4379,#4380,#4381));
#4378 = ORIENTED_EDGE('',*,*,#4265,.F.);
#4379 = ORIENTED_EDGE('',*,*,#4335,.T.);
#4380 = ORIENTED_EDGE('',*,*,#4305,.T.);
#4381 = ORIENTED_EDGE('',*,*,#4357,.F.);
#4382 = PLANE('',#4383);
#4383 = AXIS2_PLACEMENT_3D('',#4384,#4385,#4386);
#4384 = CARTESIAN_POINT('',(9.325,9.75,1.6));
#4385 = DIRECTION('',(0.,0.,1.));
#4386 = DIRECTION('',(1.,0.,0.));
#4387 = ADVANCED_FACE('',(#4388),#4394,.T.);
#4388 = FACE_BOUND('',#4389,.T.);
#4389 = EDGE_LOOP('',(#4390,#4391,#4392,#4393));
#4390 = ORIENTED_EDGE('',*,*,#4281,.F.);
#4391 = ORIENTED_EDGE('',*,*,#4342,.T.);
#4392 = ORIENTED_EDGE('',*,*,#4321,.T.);
#4393 = ORIENTED_EDGE('',*,*,#4364,.F.);
#4394 = PLANE('',#4395);
#4395 = AXIS2_PLACEMENT_3D('',#4396,#4397,#4398);
#4396 = CARTESIAN_POINT('',(9.325,9.75,2.85));
#4397 = DIRECTION('',(0.,0.,1.));
#4398 = DIRECTION('',(1.,0.,0.));
#4399 = MANIFOLD_SOLID_BREP('',#4400);
#4400 = CLOSED_SHELL('',(#4401,#4441,#4481,#4503,#4525,#4537));
#4401 = ADVANCED_FACE('',(#4402),#4436,.F.);
#4402 = FACE_BOUND('',#4403,.F.);
#4403 = EDGE_LOOP('',(#4404,#4414,#4422,#4430));
#4404 = ORIENTED_EDGE('',*,*,#4405,.F.);
#4405 = EDGE_CURVE('',#4406,#4408,#4410,.T.);
#4406 = VERTEX_POINT('',#4407);
#4407 = CARTESIAN_POINT('',(9.35,12.65,1.6));
#4408 = VERTEX_POINT('',#4409);
#4409 = CARTESIAN_POINT('',(9.35,12.65,2.2));
#4410 = LINE('',#4411,#4412);
#4411 = CARTESIAN_POINT('',(9.35,12.65,1.6));
#4412 = VECTOR('',#4413,1.);
#4413 = DIRECTION('',(0.,0.,1.));
#4414 = ORIENTED_EDGE('',*,*,#4415,.T.);
#4415 = EDGE_CURVE('',#4406,#4416,#4418,.T.);
#4416 = VERTEX_POINT('',#4417);
#4417 = CARTESIAN_POINT('',(9.35,14.35,1.6));
#4418 = LINE('',#4419,#4420);
#4419 = CARTESIAN_POINT('',(9.35,12.65,1.6));
#4420 = VECTOR('',#4421,1.);
#4421 = DIRECTION('',(0.,1.,0.));
#4422 = ORIENTED_EDGE('',*,*,#4423,.T.);
#4423 = EDGE_CURVE('',#4416,#4424,#4426,.T.);
#4424 = VERTEX_POINT('',#4425);
#4425 = CARTESIAN_POINT('',(9.35,14.35,2.2));
#4426 = LINE('',#4427,#4428);
#4427 = CARTESIAN_POINT('',(9.35,14.35,1.6));
#4428 = VECTOR('',#4429,1.);
#4429 = DIRECTION('',(0.,0.,1.));
#4430 = ORIENTED_EDGE('',*,*,#4431,.F.);
#4431 = EDGE_CURVE('',#4408,#4424,#4432,.T.);
#4432 = LINE('',#4433,#4434);
#4433 = CARTESIAN_POINT('',(9.35,12.65,2.2));
#4434 = VECTOR('',#4435,1.);
#4435 = DIRECTION('',(0.,1.,0.));
#4436 = PLANE('',#4437);
#4437 = AXIS2_PLACEMENT_3D('',#4438,#4439,#4440);
#4438 = CARTESIAN_POINT('',(9.35,12.65,1.6));
#4439 = DIRECTION('',(1.,0.,0.));
#4440 = DIRECTION('',(0.,0.,1.));
#4441 = ADVANCED_FACE('',(#4442),#4476,.T.);
#4442 = FACE_BOUND('',#4443,.T.);
#4443 = EDGE_LOOP('',(#4444,#4454,#4462,#4470));
#4444 = ORIENTED_EDGE('',*,*,#4445,.F.);
#4445 = EDGE_CURVE('',#4446,#4448,#4450,.T.);
#4446 = VERTEX_POINT('',#4447);
#4447 = CARTESIAN_POINT('',(10.65,12.65,1.6));
#4448 = VERTEX_POINT('',#4449);
#4449 = CARTESIAN_POINT('',(10.65,12.65,2.2));
#4450 = LINE('',#4451,#4452);
#4451 = CARTESIAN_POINT('',(10.65,12.65,1.6));
#4452 = VECTOR('',#4453,1.);
#4453 = DIRECTION('',(0.,0.,1.));
#4454 = ORIENTED_EDGE('',*,*,#4455,.T.);
#4455 = EDGE_CURVE('',#4446,#4456,#4458,.T.);
#4456 = VERTEX_POINT('',#4457);
#4457 = CARTESIAN_POINT('',(10.65,14.35,1.6));
#4458 = LINE('',#4459,#4460);
#4459 = CARTESIAN_POINT('',(10.65,12.65,1.6));
#4460 = VECTOR('',#4461,1.);
#4461 = DIRECTION('',(0.,1.,0.));
#4462 = ORIENTED_EDGE('',*,*,#4463,.T.);
#4463 = EDGE_CURVE('',#4456,#4464,#4466,.T.);
#4464 = VERTEX_POINT('',#4465);
#4465 = CARTESIAN_POINT('',(10.65,14.35,2.2));
#4466 = LINE('',#4467,#4468);
#4467 = CARTESIAN_POINT('',(10.65,14.35,1.6));
#4468 = VECTOR('',#4469,1.);
#4469 = DIRECTION('',(0.,0.,1.));
#4470 = ORIENTED_EDGE('',*,*,#4471,.F.);
#4471 = EDGE_CURVE('',#4448,#4464,#4472,.T.);
#4472 = LINE('',#4473,#4474);
#4473 = CARTESIAN_POINT('',(10.65,12.65,2.2));
#4474 = VECTOR('',#4475,1.);
#4475 = DIRECTION('',(0.,1.,0.));
#4476 = PLANE('',#4477);
#4477 = AXIS2_PLACEMENT_3D('',#4478,#4479,#4480);
#4478 = CARTESIAN_POINT('',(10.65,12.65,1.6));
#4479 = DIRECTION('',(1.,0.,0.));
#4480 = DIRECTION('',(0.,0.,1.));
#4481 = ADVANCED_FACE('',(#4482),#4498,.F.);
#4482 = FACE_BOUND('',#4483,.F.);
#4483 = EDGE_LOOP('',(#4484,#4490,#4491,#4497));
#4484 = ORIENTED_EDGE('',*,*,#4485,.F.);
#4485 = EDGE_CURVE('',#4406,#4446,#4486,.T.);
#4486 = LINE('',#4487,#4488);
#4487 = CARTESIAN_POINT('',(9.35,12.65,1.6));
#4488 = VECTOR('',#4489,1.);
#4489 = DIRECTION('',(1.,0.,0.));
#4490 = ORIENTED_EDGE('',*,*,#4405,.T.);
#4491 = ORIENTED_EDGE('',*,*,#4492,.T.);
#4492 = EDGE_CURVE('',#4408,#4448,#4493,.T.);
#4493 = LINE('',#4494,#4495);
#4494 = CARTESIAN_POINT('',(9.35,12.65,2.2));
#4495 = VECTOR('',#4496,1.);
#4496 = DIRECTION('',(1.,0.,0.));
#4497 = ORIENTED_EDGE('',*,*,#4445,.F.);
#4498 = PLANE('',#4499);
#4499 = AXIS2_PLACEMENT_3D('',#4500,#4501,#4502);
#4500 = CARTESIAN_POINT('',(9.35,12.65,1.6));
#4501 = DIRECTION('',(0.,1.,0.));
#4502 = DIRECTION('',(0.,0.,1.));
#4503 = ADVANCED_FACE('',(#4504),#4520,.T.);
#4504 = FACE_BOUND('',#4505,.T.);
#4505 = EDGE_LOOP('',(#4506,#4512,#4513,#4519));
#4506 = ORIENTED_EDGE('',*,*,#4507,.F.);
#4507 = EDGE_CURVE('',#4416,#4456,#4508,.T.);
#4508 = LINE('',#4509,#4510);
#4509 = CARTESIAN_POINT('',(9.35,14.35,1.6));
#4510 = VECTOR('',#4511,1.);
#4511 = DIRECTION('',(1.,0.,0.));
#4512 = ORIENTED_EDGE('',*,*,#4423,.T.);
#4513 = ORIENTED_EDGE('',*,*,#4514,.T.);
#4514 = EDGE_CURVE('',#4424,#4464,#4515,.T.);
#4515 = LINE('',#4516,#4517);
#4516 = CARTESIAN_POINT('',(9.35,14.35,2.2));
#4517 = VECTOR('',#4518,1.);
#4518 = DIRECTION('',(1.,0.,0.));
#4519 = ORIENTED_EDGE('',*,*,#4463,.F.);
#4520 = PLANE('',#4521);
#4521 = AXIS2_PLACEMENT_3D('',#4522,#4523,#4524);
#4522 = CARTESIAN_POINT('',(9.35,14.35,1.6));
#4523 = DIRECTION('',(0.,1.,0.));
#4524 = DIRECTION('',(0.,0.,1.));
#4525 = ADVANCED_FACE('',(#4526),#4532,.F.);
#4526 = FACE_BOUND('',#4527,.F.);
#4527 = EDGE_LOOP('',(#4528,#4529,#4530,#4531));
#4528 = ORIENTED_EDGE('',*,*,#4415,.F.);
#4529 = ORIENTED_EDGE('',*,*,#4485,.T.);
#4530 = ORIENTED_EDGE('',*,*,#4455,.T.);
#4531 = ORIENTED_EDGE('',*,*,#4507,.F.);
#4532 = PLANE('',#4533);
#4533 = AXIS2_PLACEMENT_3D('',#4534,#4535,#4536);
#4534 = CARTESIAN_POINT('',(9.35,12.65,1.6));
#4535 = DIRECTION('',(0.,0.,1.));
#4536 = DIRECTION('',(1.,0.,0.));
#4537 = ADVANCED_FACE('',(#4538),#4544,.T.);
#4538 = FACE_BOUND('',#4539,.T.);
#4539 = EDGE_LOOP('',(#4540,#4541,#4542,#4543));
#4540 = ORIENTED_EDGE('',*,*,#4431,.F.);
#4541 = ORIENTED_EDGE('',*,*,#4492,.T.);
#4542 = ORIENTED_EDGE('',*,*,#4471,.T.);
#4543 = ORIENTED_EDGE('',*,*,#4514,.F.);
#4544 = PLANE('',#4545);
#4545 = AXIS2_PLACEMENT_3D('',#4546,#4547,#4548);
#4546 = CARTESIAN_POINT('',(9.35,12.65,2.2));
#4547 = DIRECTION('',(0.,0.,1.));
#4548 = DIRECTION('',(1.,0.,0.));
#4549 = MANIFOLD_SOLID_BREP('',#4550);
#4550 = CLOSED_SHELL('',(#4551,#4591,#4631,#4653,#4675,#4687));
#4551 = ADVANCED_FACE('',(#4552),#4586,.F.);
#4552 = FACE_BOUND('',#4553,.F.);
#4553 = EDGE_LOOP('',(#4554,#4564,#4572,#4580));
#4554 = ORIENTED_EDGE('',*,*,#4555,.F.);
#4555 = EDGE_CURVE('',#4556,#4558,#4560,.T.);
#4556 = VERTEX_POINT('',#4557);
#4557 = CARTESIAN_POINT('',(-5.05,-28.175,1.6));
#4558 = VERTEX_POINT('',#4559);
#4559 = CARTESIAN_POINT('',(-5.05,-28.175,2.85));
#4560 = LINE('',#4561,#4562);
#4561 = CARTESIAN_POINT('',(-5.05,-28.175,1.6));
#4562 = VECTOR('',#4563,1.);
#4563 = DIRECTION('',(0.,0.,1.));
#4564 = ORIENTED_EDGE('',*,*,#4565,.T.);
#4565 = EDGE_CURVE('',#4556,#4566,#4568,.T.);
#4566 = VERTEX_POINT('',#4567);
#4567 = CARTESIAN_POINT('',(-5.05,-26.825,1.6));
#4568 = LINE('',#4569,#4570);
#4569 = CARTESIAN_POINT('',(-5.05,-28.175,1.6));
#4570 = VECTOR('',#4571,1.);
#4571 = DIRECTION('',(0.,1.,0.));
#4572 = ORIENTED_EDGE('',*,*,#4573,.T.);
#4573 = EDGE_CURVE('',#4566,#4574,#4576,.T.);
#4574 = VERTEX_POINT('',#4575);
#4575 = CARTESIAN_POINT('',(-5.05,-26.825,2.85));
#4576 = LINE('',#4577,#4578);
#4577 = CARTESIAN_POINT('',(-5.05,-26.825,1.6));
#4578 = VECTOR('',#4579,1.);
#4579 = DIRECTION('',(0.,0.,1.));
#4580 = ORIENTED_EDGE('',*,*,#4581,.F.);
#4581 = EDGE_CURVE('',#4558,#4574,#4582,.T.);
#4582 = LINE('',#4583,#4584);
#4583 = CARTESIAN_POINT('',(-5.05,-28.175,2.85));
#4584 = VECTOR('',#4585,1.);
#4585 = DIRECTION('',(0.,1.,0.));
#4586 = PLANE('',#4587);
#4587 = AXIS2_PLACEMENT_3D('',#4588,#4589,#4590);
#4588 = CARTESIAN_POINT('',(-5.05,-28.175,1.6));
#4589 = DIRECTION('',(1.,0.,0.));
#4590 = DIRECTION('',(0.,0.,1.));
#4591 = ADVANCED_FACE('',(#4592),#4626,.T.);
#4592 = FACE_BOUND('',#4593,.T.);
#4593 = EDGE_LOOP('',(#4594,#4604,#4612,#4620));
#4594 = ORIENTED_EDGE('',*,*,#4595,.F.);
#4595 = EDGE_CURVE('',#4596,#4598,#4600,.T.);
#4596 = VERTEX_POINT('',#4597);
#4597 = CARTESIAN_POINT('',(-2.95,-28.175,1.6));
#4598 = VERTEX_POINT('',#4599);
#4599 = CARTESIAN_POINT('',(-2.95,-28.175,2.85));
#4600 = LINE('',#4601,#4602);
#4601 = CARTESIAN_POINT('',(-2.95,-28.175,1.6));
#4602 = VECTOR('',#4603,1.);
#4603 = DIRECTION('',(0.,0.,1.));
#4604 = ORIENTED_EDGE('',*,*,#4605,.T.);
#4605 = EDGE_CURVE('',#4596,#4606,#4608,.T.);
#4606 = VERTEX_POINT('',#4607);
#4607 = CARTESIAN_POINT('',(-2.95,-26.825,1.6));
#4608 = LINE('',#4609,#4610);
#4609 = CARTESIAN_POINT('',(-2.95,-28.175,1.6));
#4610 = VECTOR('',#4611,1.);
#4611 = DIRECTION('',(0.,1.,0.));
#4612 = ORIENTED_EDGE('',*,*,#4613,.T.);
#4613 = EDGE_CURVE('',#4606,#4614,#4616,.T.);
#4614 = VERTEX_POINT('',#4615);
#4615 = CARTESIAN_POINT('',(-2.95,-26.825,2.85));
#4616 = LINE('',#4617,#4618);
#4617 = CARTESIAN_POINT('',(-2.95,-26.825,1.6));
#4618 = VECTOR('',#4619,1.);
#4619 = DIRECTION('',(0.,0.,1.));
#4620 = ORIENTED_EDGE('',*,*,#4621,.F.);
#4621 = EDGE_CURVE('',#4598,#4614,#4622,.T.);
#4622 = LINE('',#4623,#4624);
#4623 = CARTESIAN_POINT('',(-2.95,-28.175,2.85));
#4624 = VECTOR('',#4625,1.);
#4625 = DIRECTION('',(0.,1.,0.));
#4626 = PLANE('',#4627);
#4627 = AXIS2_PLACEMENT_3D('',#4628,#4629,#4630);
#4628 = CARTESIAN_POINT('',(-2.95,-28.175,1.6));
#4629 = DIRECTION('',(1.,0.,0.));
#4630 = DIRECTION('',(0.,0.,1.));
#4631 = ADVANCED_FACE('',(#4632),#4648,.F.);
#4632 = FACE_BOUND('',#4633,.F.);
#4633 = EDGE_LOOP('',(#4634,#4640,#4641,#4647));
#4634 = ORIENTED_EDGE('',*,*,#4635,.F.);
#4635 = EDGE_CURVE('',#4556,#4596,#4636,.T.);
#4636 = LINE('',#4637,#4638);
#4637 = CARTESIAN_POINT('',(-5.05,-28.175,1.6));
#4638 = VECTOR('',#4639,1.);
#4639 = DIRECTION('',(1.,0.,0.));
#4640 = ORIENTED_EDGE('',*,*,#4555,.T.);
#4641 = ORIENTED_EDGE('',*,*,#4642,.T.);
#4642 = EDGE_CURVE('',#4558,#4598,#4643,.T.);
#4643 = LINE('',#4644,#4645);
#4644 = CARTESIAN_POINT('',(-5.05,-28.175,2.85));
#4645 = VECTOR('',#4646,1.);
#4646 = DIRECTION('',(1.,0.,0.));
#4647 = ORIENTED_EDGE('',*,*,#4595,.F.);
#4648 = PLANE('',#4649);
#4649 = AXIS2_PLACEMENT_3D('',#4650,#4651,#4652);
#4650 = CARTESIAN_POINT('',(-5.05,-28.175,1.6));
#4651 = DIRECTION('',(0.,1.,0.));
#4652 = DIRECTION('',(0.,0.,1.));
#4653 = ADVANCED_FACE('',(#4654),#4670,.T.);
#4654 = FACE_BOUND('',#4655,.T.);
#4655 = EDGE_LOOP('',(#4656,#4662,#4663,#4669));
#4656 = ORIENTED_EDGE('',*,*,#4657,.F.);
#4657 = EDGE_CURVE('',#4566,#4606,#4658,.T.);
#4658 = LINE('',#4659,#4660);
#4659 = CARTESIAN_POINT('',(-5.05,-26.825,1.6));
#4660 = VECTOR('',#4661,1.);
#4661 = DIRECTION('',(1.,0.,0.));
#4662 = ORIENTED_EDGE('',*,*,#4573,.T.);
#4663 = ORIENTED_EDGE('',*,*,#4664,.T.);
#4664 = EDGE_CURVE('',#4574,#4614,#4665,.T.);
#4665 = LINE('',#4666,#4667);
#4666 = CARTESIAN_POINT('',(-5.05,-26.825,2.85));
#4667 = VECTOR('',#4668,1.);
#4668 = DIRECTION('',(1.,0.,0.));
#4669 = ORIENTED_EDGE('',*,*,#4613,.F.);
#4670 = PLANE('',#4671);
#4671 = AXIS2_PLACEMENT_3D('',#4672,#4673,#4674);
#4672 = CARTESIAN_POINT('',(-5.05,-26.825,1.6));
#4673 = DIRECTION('',(0.,1.,0.));
#4674 = DIRECTION('',(0.,0.,1.));
#4675 = ADVANCED_FACE('',(#4676),#4682,.F.);
#4676 = FACE_BOUND('',#4677,.F.);
#4677 = EDGE_LOOP('',(#4678,#4679,#4680,#4681));
#4678 = ORIENTED_EDGE('',*,*,#4565,.F.);
#4679 = ORIENTED_EDGE('',*,*,#4635,.T.);
#4680 = ORIENTED_EDGE('',*,*,#4605,.T.);
#4681 = ORIENTED_EDGE('',*,*,#4657,.F.);
#4682 = PLANE('',#4683);
#4683 = AXIS2_PLACEMENT_3D('',#4684,#4685,#4686);
#4684 = CARTESIAN_POINT('',(-5.05,-28.175,1.6));
#4685 = DIRECTION('',(0.,0.,1.));
#4686 = DIRECTION('',(1.,0.,0.));
#4687 = ADVANCED_FACE('',(#4688),#4694,.T.);
#4688 = FACE_BOUND('',#4689,.T.);
#4689 = EDGE_LOOP('',(#4690,#4691,#4692,#4693));
#4690 = ORIENTED_EDGE('',*,*,#4581,.F.);
#4691 = ORIENTED_EDGE('',*,*,#4642,.T.);
#4692 = ORIENTED_EDGE('',*,*,#4621,.T.);
#4693 = ORIENTED_EDGE('',*,*,#4664,.F.);
#4694 = PLANE('',#4695);
#4695 = AXIS2_PLACEMENT_3D('',#4696,#4697,#4698);
#4696 = CARTESIAN_POINT('',(-5.05,-28.175,2.85));
#4697 = DIRECTION('',(0.,0.,1.));
#4698 = DIRECTION('',(1.,0.,0.));
#4699 = MANIFOLD_SOLID_BREP('',#4700);
#4700 = CLOSED_SHELL('',(#4701,#4741,#4781,#4803,#4825,#4837));
#4701 = ADVANCED_FACE('',(#4702),#4736,.F.);
#4702 = FACE_BOUND('',#4703,.F.);
#4703 = EDGE_LOOP('',(#4704,#4714,#4722,#4730));
#4704 = ORIENTED_EDGE('',*,*,#4705,.F.);
#4705 = EDGE_CURVE('',#4706,#4708,#4710,.T.);
#4706 = VERTEX_POINT('',#4707);
#4707 = CARTESIAN_POINT('',(29.5375,-6.35,1.6));
#4708 = VERTEX_POINT('',#4709);
#4709 = CARTESIAN_POINT('',(29.5375,-6.35,2.1));
#4710 = LINE('',#4711,#4712);
#4711 = CARTESIAN_POINT('',(29.5375,-6.35,1.6));
#4712 = VECTOR('',#4713,1.);
#4713 = DIRECTION('',(0.,0.,1.));
#4714 = ORIENTED_EDGE('',*,*,#4715,.T.);
#4715 = EDGE_CURVE('',#4706,#4716,#4718,.T.);
#4716 = VERTEX_POINT('',#4717);
#4717 = CARTESIAN_POINT('',(29.5375,-4.65,1.6));
#4718 = LINE('',#4719,#4720);
#4719 = CARTESIAN_POINT('',(29.5375,-6.35,1.6));
#4720 = VECTOR('',#4721,1.);
#4721 = DIRECTION('',(0.,1.,0.));
#4722 = ORIENTED_EDGE('',*,*,#4723,.T.);
#4723 = EDGE_CURVE('',#4716,#4724,#4726,.T.);
#4724 = VERTEX_POINT('',#4725);
#4725 = CARTESIAN_POINT('',(29.5375,-4.65,2.1));
#4726 = LINE('',#4727,#4728);
#4727 = CARTESIAN_POINT('',(29.5375,-4.65,1.6));
#4728 = VECTOR('',#4729,1.);
#4729 = DIRECTION('',(0.,0.,1.));
#4730 = ORIENTED_EDGE('',*,*,#4731,.F.);
#4731 = EDGE_CURVE('',#4708,#4724,#4732,.T.);
#4732 = LINE('',#4733,#4734);
#4733 = CARTESIAN_POINT('',(29.5375,-6.35,2.1));
#4734 = VECTOR('',#4735,1.);
#4735 = DIRECTION('',(0.,1.,0.));
#4736 = PLANE('',#4737);
#4737 = AXIS2_PLACEMENT_3D('',#4738,#4739,#4740);
#4738 = CARTESIAN_POINT('',(29.5375,-6.35,1.6));
#4739 = DIRECTION('',(1.,0.,0.));
#4740 = DIRECTION('',(0.,0.,1.));
#4741 = ADVANCED_FACE('',(#4742),#4776,.T.);
#4742 = FACE_BOUND('',#4743,.T.);
#4743 = EDGE_LOOP('',(#4744,#4754,#4762,#4770));
#4744 = ORIENTED_EDGE('',*,*,#4745,.F.);
#4745 = EDGE_CURVE('',#4746,#4748,#4750,.T.);
#4746 = VERTEX_POINT('',#4747);
#4747 = CARTESIAN_POINT('',(30.4625,-6.35,1.6));
#4748 = VERTEX_POINT('',#4749);
#4749 = CARTESIAN_POINT('',(30.4625,-6.35,2.1));
#4750 = LINE('',#4751,#4752);
#4751 = CARTESIAN_POINT('',(30.4625,-6.35,1.6));
#4752 = VECTOR('',#4753,1.);
#4753 = DIRECTION('',(0.,0.,1.));
#4754 = ORIENTED_EDGE('',*,*,#4755,.T.);
#4755 = EDGE_CURVE('',#4746,#4756,#4758,.T.);
#4756 = VERTEX_POINT('',#4757);
#4757 = CARTESIAN_POINT('',(30.4625,-4.65,1.6));
#4758 = LINE('',#4759,#4760);
#4759 = CARTESIAN_POINT('',(30.4625,-6.35,1.6));
#4760 = VECTOR('',#4761,1.);
#4761 = DIRECTION('',(0.,1.,0.));
#4762 = ORIENTED_EDGE('',*,*,#4763,.T.);
#4763 = EDGE_CURVE('',#4756,#4764,#4766,.T.);
#4764 = VERTEX_POINT('',#4765);
#4765 = CARTESIAN_POINT('',(30.4625,-4.65,2.1));
#4766 = LINE('',#4767,#4768);
#4767 = CARTESIAN_POINT('',(30.4625,-4.65,1.6));
#4768 = VECTOR('',#4769,1.);
#4769 = DIRECTION('',(0.,0.,1.));
#4770 = ORIENTED_EDGE('',*,*,#4771,.F.);
#4771 = EDGE_CURVE('',#4748,#4764,#4772,.T.);
#4772 = LINE('',#4773,#4774);
#4773 = CARTESIAN_POINT('',(30.4625,-6.35,2.1));
#4774 = VECTOR('',#4775,1.);
#4775 = DIRECTION('',(0.,1.,0.));
#4776 = PLANE('',#4777);
#4777 = AXIS2_PLACEMENT_3D('',#4778,#4779,#4780);
#4778 = CARTESIAN_POINT('',(30.4625,-6.35,1.6));
#4779 = DIRECTION('',(1.,0.,0.));
#4780 = DIRECTION('',(0.,0.,1.));
#4781 = ADVANCED_FACE('',(#4782),#4798,.F.);
#4782 = FACE_BOUND('',#4783,.F.);
#4783 = EDGE_LOOP('',(#4784,#4790,#4791,#4797));
#4784 = ORIENTED_EDGE('',*,*,#4785,.F.);
#4785 = EDGE_CURVE('',#4706,#4746,#4786,.T.);
#4786 = LINE('',#4787,#4788);
#4787 = CARTESIAN_POINT('',(29.5375,-6.35,1.6));
#4788 = VECTOR('',#4789,1.);
#4789 = DIRECTION('',(1.,0.,0.));
#4790 = ORIENTED_EDGE('',*,*,#4705,.T.);
#4791 = ORIENTED_EDGE('',*,*,#4792,.T.);
#4792 = EDGE_CURVE('',#4708,#4748,#4793,.T.);
#4793 = LINE('',#4794,#4795);
#4794 = CARTESIAN_POINT('',(29.5375,-6.35,2.1));
#4795 = VECTOR('',#4796,1.);
#4796 = DIRECTION('',(1.,0.,0.));
#4797 = ORIENTED_EDGE('',*,*,#4745,.F.);
#4798 = PLANE('',#4799);
#4799 = AXIS2_PLACEMENT_3D('',#4800,#4801,#4802);
#4800 = CARTESIAN_POINT('',(29.5375,-6.35,1.6));
#4801 = DIRECTION('',(0.,1.,0.));
#4802 = DIRECTION('',(0.,0.,1.));
#4803 = ADVANCED_FACE('',(#4804),#4820,.T.);
#4804 = FACE_BOUND('',#4805,.T.);
#4805 = EDGE_LOOP('',(#4806,#4812,#4813,#4819));
#4806 = ORIENTED_EDGE('',*,*,#4807,.F.);
#4807 = EDGE_CURVE('',#4716,#4756,#4808,.T.);
#4808 = LINE('',#4809,#4810);
#4809 = CARTESIAN_POINT('',(29.5375,-4.65,1.6));
#4810 = VECTOR('',#4811,1.);
#4811 = DIRECTION('',(1.,0.,0.));
#4812 = ORIENTED_EDGE('',*,*,#4723,.T.);
#4813 = ORIENTED_EDGE('',*,*,#4814,.T.);
#4814 = EDGE_CURVE('',#4724,#4764,#4815,.T.);
#4815 = LINE('',#4816,#4817);
#4816 = CARTESIAN_POINT('',(29.5375,-4.65,2.1));
#4817 = VECTOR('',#4818,1.);
#4818 = DIRECTION('',(1.,0.,0.));
#4819 = ORIENTED_EDGE('',*,*,#4763,.F.);
#4820 = PLANE('',#4821);
#4821 = AXIS2_PLACEMENT_3D('',#4822,#4823,#4824);
#4822 = CARTESIAN_POINT('',(29.5375,-4.65,1.6));
#4823 = DIRECTION('',(0.,1.,0.));
#4824 = DIRECTION('',(0.,0.,1.));
#4825 = ADVANCED_FACE('',(#4826),#4832,.F.);
#4826 = FACE_BOUND('',#4827,.F.);
#4827 = EDGE_LOOP('',(#4828,#4829,#4830,#4831));
#4828 = ORIENTED_EDGE('',*,*,#4715,.F.);
#4829 = ORIENTED_EDGE('',*,*,#4785,.T.);
#4830 = ORIENTED_EDGE('',*,*,#4755,.T.);
#4831 = ORIENTED_EDGE('',*,*,#4807,.F.);
#4832 = PLANE('',#4833);
#4833 = AXIS2_PLACEMENT_3D('',#4834,#4835,#4836);
#4834 = CARTESIAN_POINT('',(29.5375,-6.35,1.6));
#4835 = DIRECTION('',(0.,0.,1.));
#4836 = DIRECTION('',(1.,0.,0.));
#4837 = ADVANCED_FACE('',(#4838),#4844,.T.);
#4838 = FACE_BOUND('',#4839,.T.);
#4839 = EDGE_LOOP('',(#4840,#4841,#4842,#4843));
#4840 = ORIENTED_EDGE('',*,*,#4731,.F.);
#4841 = ORIENTED_EDGE('',*,*,#4792,.T.);
#4842 = ORIENTED_EDGE('',*,*,#4771,.T.);
#4843 = ORIENTED_EDGE('',*,*,#4814,.F.);
#4844 = PLANE('',#4845);
#4845 = AXIS2_PLACEMENT_3D('',#4846,#4847,#4848);
#4846 = CARTESIAN_POINT('',(29.5375,-6.35,2.1));
#4847 = DIRECTION('',(0.,0.,1.));
#4848 = DIRECTION('',(1.,0.,0.));
#4849 = MANIFOLD_SOLID_BREP('',#4850);
#4850 = CLOSED_SHELL('',(#4851,#4891,#4931,#4953,#4975,#4987));
#4851 = ADVANCED_FACE('',(#4852),#4886,.F.);
#4852 = FACE_BOUND('',#4853,.F.);
#4853 = EDGE_LOOP('',(#4854,#4864,#4872,#4880));
#4854 = ORIENTED_EDGE('',*,*,#4855,.F.);
#4855 = EDGE_CURVE('',#4856,#4858,#4860,.T.);
#4856 = VERTEX_POINT('',#4857);
#4857 = CARTESIAN_POINT('',(-16.85,-28.6125,1.6));
#4858 = VERTEX_POINT('',#4859);
#4859 = CARTESIAN_POINT('',(-16.85,-28.6125,2.15));
#4860 = LINE('',#4861,#4862);
#4861 = CARTESIAN_POINT('',(-16.85,-28.6125,1.6));
#4862 = VECTOR('',#4863,1.);
#4863 = DIRECTION('',(0.,0.,1.));
#4864 = ORIENTED_EDGE('',*,*,#4865,.T.);
#4865 = EDGE_CURVE('',#4856,#4866,#4868,.T.);
#4866 = VERTEX_POINT('',#4867);
#4867 = CARTESIAN_POINT('',(-16.85,-27.6875,1.6));
#4868 = LINE('',#4869,#4870);
#4869 = CARTESIAN_POINT('',(-16.85,-28.6125,1.6));
#4870 = VECTOR('',#4871,1.);
#4871 = DIRECTION('',(0.,1.,0.));
#4872 = ORIENTED_EDGE('',*,*,#4873,.T.);
#4873 = EDGE_CURVE('',#4866,#4874,#4876,.T.);
#4874 = VERTEX_POINT('',#4875);
#4875 = CARTESIAN_POINT('',(-16.85,-27.6875,2.15));
#4876 = LINE('',#4877,#4878);
#4877 = CARTESIAN_POINT('',(-16.85,-27.6875,1.6));
#4878 = VECTOR('',#4879,1.);
#4879 = DIRECTION('',(0.,0.,1.));
#4880 = ORIENTED_EDGE('',*,*,#4881,.F.);
#4881 = EDGE_CURVE('',#4858,#4874,#4882,.T.);
#4882 = LINE('',#4883,#4884);
#4883 = CARTESIAN_POINT('',(-16.85,-28.6125,2.15));
#4884 = VECTOR('',#4885,1.);
#4885 = DIRECTION('',(0.,1.,0.));
#4886 = PLANE('',#4887);
#4887 = AXIS2_PLACEMENT_3D('',#4888,#4889,#4890);
#4888 = CARTESIAN_POINT('',(-16.85,-28.6125,1.6));
#4889 = DIRECTION('',(1.,0.,0.));
#4890 = DIRECTION('',(0.,0.,1.));
#4891 = ADVANCED_FACE('',(#4892),#4926,.T.);
#4892 = FACE_BOUND('',#4893,.T.);
#4893 = EDGE_LOOP('',(#4894,#4904,#4912,#4920));
#4894 = ORIENTED_EDGE('',*,*,#4895,.F.);
#4895 = EDGE_CURVE('',#4896,#4898,#4900,.T.);
#4896 = VERTEX_POINT('',#4897);
#4897 = CARTESIAN_POINT('',(-15.15,-28.6125,1.6));
#4898 = VERTEX_POINT('',#4899);
#4899 = CARTESIAN_POINT('',(-15.15,-28.6125,2.15));
#4900 = LINE('',#4901,#4902);
#4901 = CARTESIAN_POINT('',(-15.15,-28.6125,1.6));
#4902 = VECTOR('',#4903,1.);
#4903 = DIRECTION('',(0.,0.,1.));
#4904 = ORIENTED_EDGE('',*,*,#4905,.T.);
#4905 = EDGE_CURVE('',#4896,#4906,#4908,.T.);
#4906 = VERTEX_POINT('',#4907);
#4907 = CARTESIAN_POINT('',(-15.15,-27.6875,1.6));
#4908 = LINE('',#4909,#4910);
#4909 = CARTESIAN_POINT('',(-15.15,-28.6125,1.6));
#4910 = VECTOR('',#4911,1.);
#4911 = DIRECTION('',(0.,1.,0.));
#4912 = ORIENTED_EDGE('',*,*,#4913,.T.);
#4913 = EDGE_CURVE('',#4906,#4914,#4916,.T.);
#4914 = VERTEX_POINT('',#4915);
#4915 = CARTESIAN_POINT('',(-15.15,-27.6875,2.15));
#4916 = LINE('',#4917,#4918);
#4917 = CARTESIAN_POINT('',(-15.15,-27.6875,1.6));
#4918 = VECTOR('',#4919,1.);
#4919 = DIRECTION('',(0.,0.,1.));
#4920 = ORIENTED_EDGE('',*,*,#4921,.F.);
#4921 = EDGE_CURVE('',#4898,#4914,#4922,.T.);
#4922 = LINE('',#4923,#4924);
#4923 = CARTESIAN_POINT('',(-15.15,-28.6125,2.15));
#4924 = VECTOR('',#4925,1.);
#4925 = DIRECTION('',(0.,1.,0.));
#4926 = PLANE('',#4927);
#4927 = AXIS2_PLACEMENT_3D('',#4928,#4929,#4930);
#4928 = CARTESIAN_POINT('',(-15.15,-28.6125,1.6));
#4929 = DIRECTION('',(1.,0.,0.));
#4930 = DIRECTION('',(0.,0.,1.));
#4931 = ADVANCED_FACE('',(#4932),#4948,.F.);
#4932 = FACE_BOUND('',#4933,.F.);
#4933 = EDGE_LOOP('',(#4934,#4940,#4941,#4947));
#4934 = ORIENTED_EDGE('',*,*,#4935,.F.);
#4935 = EDGE_CURVE('',#4856,#4896,#4936,.T.);
#4936 = LINE('',#4937,#4938);
#4937 = CARTESIAN_POINT('',(-16.85,-28.6125,1.6));
#4938 = VECTOR('',#4939,1.);
#4939 = DIRECTION('',(1.,0.,0.));
#4940 = ORIENTED_EDGE('',*,*,#4855,.T.);
#4941 = ORIENTED_EDGE('',*,*,#4942,.T.);
#4942 = EDGE_CURVE('',#4858,#4898,#4943,.T.);
#4943 = LINE('',#4944,#4945);
#4944 = CARTESIAN_POINT('',(-16.85,-28.6125,2.15));
#4945 = VECTOR('',#4946,1.);
#4946 = DIRECTION('',(1.,0.,0.));
#4947 = ORIENTED_EDGE('',*,*,#4895,.F.);
#4948 = PLANE('',#4949);
#4949 = AXIS2_PLACEMENT_3D('',#4950,#4951,#4952);
#4950 = CARTESIAN_POINT('',(-16.85,-28.6125,1.6));
#4951 = DIRECTION('',(0.,1.,0.));
#4952 = DIRECTION('',(0.,0.,1.));
#4953 = ADVANCED_FACE('',(#4954),#4970,.T.);
#4954 = FACE_BOUND('',#4955,.T.);
#4955 = EDGE_LOOP('',(#4956,#4962,#4963,#4969));
#4956 = ORIENTED_EDGE('',*,*,#4957,.F.);
#4957 = EDGE_CURVE('',#4866,#4906,#4958,.T.);
#4958 = LINE('',#4959,#4960);
#4959 = CARTESIAN_POINT('',(-16.85,-27.6875,1.6));
#4960 = VECTOR('',#4961,1.);
#4961 = DIRECTION('',(1.,0.,0.));
#4962 = ORIENTED_EDGE('',*,*,#4873,.T.);
#4963 = ORIENTED_EDGE('',*,*,#4964,.T.);
#4964 = EDGE_CURVE('',#4874,#4914,#4965,.T.);
#4965 = LINE('',#4966,#4967);
#4966 = CARTESIAN_POINT('',(-16.85,-27.6875,2.15));
#4967 = VECTOR('',#4968,1.);
#4968 = DIRECTION('',(1.,0.,0.));
#4969 = ORIENTED_EDGE('',*,*,#4913,.F.);
#4970 = PLANE('',#4971);
#4971 = AXIS2_PLACEMENT_3D('',#4972,#4973,#4974);
#4972 = CARTESIAN_POINT('',(-16.85,-27.6875,1.6));
#4973 = DIRECTION('',(0.,1.,0.));
#4974 = DIRECTION('',(0.,0.,1.));
#4975 = ADVANCED_FACE('',(#4976),#4982,.F.);
#4976 = FACE_BOUND('',#4977,.F.);
#4977 = EDGE_LOOP('',(#4978,#4979,#4980,#4981));
#4978 = ORIENTED_EDGE('',*,*,#4865,.F.);
#4979 = ORIENTED_EDGE('',*,*,#4935,.T.);
#4980 = ORIENTED_EDGE('',*,*,#4905,.T.);
#4981 = ORIENTED_EDGE('',*,*,#4957,.F.);
#4982 = PLANE('',#4983);
#4983 = AXIS2_PLACEMENT_3D('',#4984,#4985,#4986);
#4984 = CARTESIAN_POINT('',(-16.85,-28.6125,1.6));
#4985 = DIRECTION('',(0.,0.,1.));
#4986 = DIRECTION('',(1.,0.,0.));
#4987 = ADVANCED_FACE('',(#4988),#4994,.T.);
#4988 = FACE_BOUND('',#4989,.T.);
#4989 = EDGE_LOOP('',(#4990,#4991,#4992,#4993));
#4990 = ORIENTED_EDGE('',*,*,#4881,.F.);
#4991 = ORIENTED_EDGE('',*,*,#4942,.T.);
#4992 = ORIENTED_EDGE('',*,*,#4921,.T.);
#4993 = ORIENTED_EDGE('',*,*,#4964,.F.);
#4994 = PLANE('',#4995);
#4995 = AXIS2_PLACEMENT_3D('',#4996,#4997,#4998);
#4996 = CARTESIAN_POINT('',(-16.85,-28.6125,2.15));
#4997 = DIRECTION('',(0.,0.,1.));
#4998 = DIRECTION('',(1.,0.,0.));
#4999 = MANIFOLD_SOLID_BREP('',#5000);
#5000 = CLOSED_SHELL('',(#5001,#5041,#5081,#5103,#5125,#5137));
#5001 = ADVANCED_FACE('',(#5002),#5036,.F.);
#5002 = FACE_BOUND('',#5003,.F.);
#5003 = EDGE_LOOP('',(#5004,#5014,#5022,#5030));
#5004 = ORIENTED_EDGE('',*,*,#5005,.F.);
#5005 = EDGE_CURVE('',#5006,#5008,#5010,.T.);
#5006 = VERTEX_POINT('',#5007);
#5007 = CARTESIAN_POINT('',(36.15,-30.9625,1.6));
#5008 = VERTEX_POINT('',#5009);
#5009 = CARTESIAN_POINT('',(36.15,-30.9625,2.15));
#5010 = LINE('',#5011,#5012);
#5011 = CARTESIAN_POINT('',(36.15,-30.9625,1.6));
#5012 = VECTOR('',#5013,1.);
#5013 = DIRECTION('',(0.,0.,1.));
#5014 = ORIENTED_EDGE('',*,*,#5015,.T.);
#5015 = EDGE_CURVE('',#5006,#5016,#5018,.T.);
#5016 = VERTEX_POINT('',#5017);
#5017 = CARTESIAN_POINT('',(36.15,-30.0375,1.6));
#5018 = LINE('',#5019,#5020);
#5019 = CARTESIAN_POINT('',(36.15,-30.9625,1.6));
#5020 = VECTOR('',#5021,1.);
#5021 = DIRECTION('',(0.,1.,0.));
#5022 = ORIENTED_EDGE('',*,*,#5023,.T.);
#5023 = EDGE_CURVE('',#5016,#5024,#5026,.T.);
#5024 = VERTEX_POINT('',#5025);
#5025 = CARTESIAN_POINT('',(36.15,-30.0375,2.15));
#5026 = LINE('',#5027,#5028);
#5027 = CARTESIAN_POINT('',(36.15,-30.0375,1.6));
#5028 = VECTOR('',#5029,1.);
#5029 = DIRECTION('',(0.,0.,1.));
#5030 = ORIENTED_EDGE('',*,*,#5031,.F.);
#5031 = EDGE_CURVE('',#5008,#5024,#5032,.T.);
#5032 = LINE('',#5033,#5034);
#5033 = CARTESIAN_POINT('',(36.15,-30.9625,2.15));
#5034 = VECTOR('',#5035,1.);
#5035 = DIRECTION('',(0.,1.,0.));
#5036 = PLANE('',#5037);
#5037 = AXIS2_PLACEMENT_3D('',#5038,#5039,#5040);
#5038 = CARTESIAN_POINT('',(36.15,-30.9625,1.6));
#5039 = DIRECTION('',(1.,0.,0.));
#5040 = DIRECTION('',(0.,0.,1.));
#5041 = ADVANCED_FACE('',(#5042),#5076,.T.);
#5042 = FACE_BOUND('',#5043,.T.);
#5043 = EDGE_LOOP('',(#5044,#5054,#5062,#5070));
#5044 = ORIENTED_EDGE('',*,*,#5045,.F.);
#5045 = EDGE_CURVE('',#5046,#5048,#5050,.T.);
#5046 = VERTEX_POINT('',#5047);
#5047 = CARTESIAN_POINT('',(37.85,-30.9625,1.6));
#5048 = VERTEX_POINT('',#5049);
#5049 = CARTESIAN_POINT('',(37.85,-30.9625,2.15));
#5050 = LINE('',#5051,#5052);
#5051 = CARTESIAN_POINT('',(37.85,-30.9625,1.6));
#5052 = VECTOR('',#5053,1.);
#5053 = DIRECTION('',(0.,0.,1.));
#5054 = ORIENTED_EDGE('',*,*,#5055,.T.);
#5055 = EDGE_CURVE('',#5046,#5056,#5058,.T.);
#5056 = VERTEX_POINT('',#5057);
#5057 = CARTESIAN_POINT('',(37.85,-30.0375,1.6));
#5058 = LINE('',#5059,#5060);
#5059 = CARTESIAN_POINT('',(37.85,-30.9625,1.6));
#5060 = VECTOR('',#5061,1.);
#5061 = DIRECTION('',(0.,1.,0.));
#5062 = ORIENTED_EDGE('',*,*,#5063,.T.);
#5063 = EDGE_CURVE('',#5056,#5064,#5066,.T.);
#5064 = VERTEX_POINT('',#5065);
#5065 = CARTESIAN_POINT('',(37.85,-30.0375,2.15));
#5066 = LINE('',#5067,#5068);
#5067 = CARTESIAN_POINT('',(37.85,-30.0375,1.6));
#5068 = VECTOR('',#5069,1.);
#5069 = DIRECTION('',(0.,0.,1.));
#5070 = ORIENTED_EDGE('',*,*,#5071,.F.);
#5071 = EDGE_CURVE('',#5048,#5064,#5072,.T.);
#5072 = LINE('',#5073,#5074);
#5073 = CARTESIAN_POINT('',(37.85,-30.9625,2.15));
#5074 = VECTOR('',#5075,1.);
#5075 = DIRECTION('',(0.,1.,0.));
#5076 = PLANE('',#5077);
#5077 = AXIS2_PLACEMENT_3D('',#5078,#5079,#5080);
#5078 = CARTESIAN_POINT('',(37.85,-30.9625,1.6));
#5079 = DIRECTION('',(1.,0.,0.));
#5080 = DIRECTION('',(0.,0.,1.));
#5081 = ADVANCED_FACE('',(#5082),#5098,.F.);
#5082 = FACE_BOUND('',#5083,.F.);
#5083 = EDGE_LOOP('',(#5084,#5090,#5091,#5097));
#5084 = ORIENTED_EDGE('',*,*,#5085,.F.);
#5085 = EDGE_CURVE('',#5006,#5046,#5086,.T.);
#5086 = LINE('',#5087,#5088);
#5087 = CARTESIAN_POINT('',(36.15,-30.9625,1.6));
#5088 = VECTOR('',#5089,1.);
#5089 = DIRECTION('',(1.,0.,0.));
#5090 = ORIENTED_EDGE('',*,*,#5005,.T.);
#5091 = ORIENTED_EDGE('',*,*,#5092,.T.);
#5092 = EDGE_CURVE('',#5008,#5048,#5093,.T.);
#5093 = LINE('',#5094,#5095);
#5094 = CARTESIAN_POINT('',(36.15,-30.9625,2.15));
#5095 = VECTOR('',#5096,1.);
#5096 = DIRECTION('',(1.,0.,0.));
#5097 = ORIENTED_EDGE('',*,*,#5045,.F.);
#5098 = PLANE('',#5099);
#5099 = AXIS2_PLACEMENT_3D('',#5100,#5101,#5102);
#5100 = CARTESIAN_POINT('',(36.15,-30.9625,1.6));
#5101 = DIRECTION('',(0.,1.,0.));
#5102 = DIRECTION('',(0.,0.,1.));
#5103 = ADVANCED_FACE('',(#5104),#5120,.T.);
#5104 = FACE_BOUND('',#5105,.T.);
#5105 = EDGE_LOOP('',(#5106,#5112,#5113,#5119));
#5106 = ORIENTED_EDGE('',*,*,#5107,.F.);
#5107 = EDGE_CURVE('',#5016,#5056,#5108,.T.);
#5108 = LINE('',#5109,#5110);
#5109 = CARTESIAN_POINT('',(36.15,-30.0375,1.6));
#5110 = VECTOR('',#5111,1.);
#5111 = DIRECTION('',(1.,0.,0.));
#5112 = ORIENTED_EDGE('',*,*,#5023,.T.);
#5113 = ORIENTED_EDGE('',*,*,#5114,.T.);
#5114 = EDGE_CURVE('',#5024,#5064,#5115,.T.);
#5115 = LINE('',#5116,#5117);
#5116 = CARTESIAN_POINT('',(36.15,-30.0375,2.15));
#5117 = VECTOR('',#5118,1.);
#5118 = DIRECTION('',(1.,0.,0.));
#5119 = ORIENTED_EDGE('',*,*,#5063,.F.);
#5120 = PLANE('',#5121);
#5121 = AXIS2_PLACEMENT_3D('',#5122,#5123,#5124);
#5122 = CARTESIAN_POINT('',(36.15,-30.0375,1.6));
#5123 = DIRECTION('',(0.,1.,0.));
#5124 = DIRECTION('',(0.,0.,1.));
#5125 = ADVANCED_FACE('',(#5126),#5132,.F.);
#5126 = FACE_BOUND('',#5127,.F.);
#5127 = EDGE_LOOP('',(#5128,#5129,#5130,#5131));
#5128 = ORIENTED_EDGE('',*,*,#5015,.F.);
#5129 = ORIENTED_EDGE('',*,*,#5085,.T.);
#5130 = ORIENTED_EDGE('',*,*,#5055,.T.);
#5131 = ORIENTED_EDGE('',*,*,#5107,.F.);
#5132 = PLANE('',#5133);
#5133 = AXIS2_PLACEMENT_3D('',#5134,#5135,#5136);
#5134 = CARTESIAN_POINT('',(36.15,-30.9625,1.6));
#5135 = DIRECTION('',(0.,0.,1.));
#5136 = DIRECTION('',(1.,0.,0.));
#5137 = ADVANCED_FACE('',(#5138),#5144,.T.);
#5138 = FACE_BOUND('',#5139,.T.);
#5139 = EDGE_LOOP('',(#5140,#5141,#5142,#5143));
#5140 = ORIENTED_EDGE('',*,*,#5031,.F.);
#5141 = ORIENTED_EDGE('',*,*,#5092,.T.);
#5142 = ORIENTED_EDGE('',*,*,#5071,.T.);
#5143 = ORIENTED_EDGE('',*,*,#5114,.F.);
#5144 = PLANE('',#5145);
#5145 = AXIS2_PLACEMENT_3D('',#5146,#5147,#5148);
#5146 = CARTESIAN_POINT('',(36.15,-30.9625,2.15));
#5147 = DIRECTION('',(0.,0.,1.));
#5148 = DIRECTION('',(1.,0.,0.));
#5149 = MANIFOLD_SOLID_BREP('',#5150);
#5150 = CLOSED_SHELL('',(#5151,#5191,#5231,#5253,#5275,#5287));
#5151 = ADVANCED_FACE('',(#5152),#5186,.F.);
#5152 = FACE_BOUND('',#5153,.F.);
#5153 = EDGE_LOOP('',(#5154,#5164,#5172,#5180));
#5154 = ORIENTED_EDGE('',*,*,#5155,.F.);
#5155 = EDGE_CURVE('',#5156,#5158,#5160,.T.);
#5156 = VERTEX_POINT('',#5157);
#5157 = CARTESIAN_POINT('',(10.68,34.18,1.6));
#5158 = VERTEX_POINT('',#5159);
#5159 = CARTESIAN_POINT('',(10.68,34.18,9.6));
#5160 = LINE('',#5161,#5162);
#5161 = CARTESIAN_POINT('',(10.68,34.18,1.6));
#5162 = VECTOR('',#5163,1.);
#5163 = DIRECTION('',(0.,0.,1.));
#5164 = ORIENTED_EDGE('',*,*,#5165,.T.);
#5165 = EDGE_CURVE('',#5156,#5166,#5168,.T.);
#5166 = VERTEX_POINT('',#5167);
#5167 = CARTESIAN_POINT('',(10.68,36.82,1.6));
#5168 = LINE('',#5169,#5170);
#5169 = CARTESIAN_POINT('',(10.68,34.18,1.6));
#5170 = VECTOR('',#5171,1.);
#5171 = DIRECTION('',(0.,1.,0.));
#5172 = ORIENTED_EDGE('',*,*,#5173,.T.);
#5173 = EDGE_CURVE('',#5166,#5174,#5176,.T.);
#5174 = VERTEX_POINT('',#5175);
#5175 = CARTESIAN_POINT('',(10.68,36.82,9.6));
#5176 = LINE('',#5177,#5178);
#5177 = CARTESIAN_POINT('',(10.68,36.82,1.6));
#5178 = VECTOR('',#5179,1.);
#5179 = DIRECTION('',(0.,0.,1.));
#5180 = ORIENTED_EDGE('',*,*,#5181,.F.);
#5181 = EDGE_CURVE('',#5158,#5174,#5182,.T.);
#5182 = LINE('',#5183,#5184);
#5183 = CARTESIAN_POINT('',(10.68,34.18,9.6));
#5184 = VECTOR('',#5185,1.);
#5185 = DIRECTION('',(0.,1.,0.));
#5186 = PLANE('',#5187);
#5187 = AXIS2_PLACEMENT_3D('',#5188,#5189,#5190);
#5188 = CARTESIAN_POINT('',(10.68,34.18,1.6));
#5189 = DIRECTION('',(1.,0.,0.));
#5190 = DIRECTION('',(0.,0.,1.));
#5191 = ADVANCED_FACE('',(#5192),#5226,.T.);
#5192 = FACE_BOUND('',#5193,.T.);
#5193 = EDGE_LOOP('',(#5194,#5204,#5212,#5220));
#5194 = ORIENTED_EDGE('',*,*,#5195,.F.);
#5195 = EDGE_CURVE('',#5196,#5198,#5200,.T.);
#5196 = VERTEX_POINT('',#5197);
#5197 = CARTESIAN_POINT('',(23.48,34.18,1.6));
#5198 = VERTEX_POINT('',#5199);
#5199 = CARTESIAN_POINT('',(23.48,34.18,9.6));
#5200 = LINE('',#5201,#5202);
#5201 = CARTESIAN_POINT('',(23.48,34.18,1.6));
#5202 = VECTOR('',#5203,1.);
#5203 = DIRECTION('',(0.,0.,1.));
#5204 = ORIENTED_EDGE('',*,*,#5205,.T.);
#5205 = EDGE_CURVE('',#5196,#5206,#5208,.T.);
#5206 = VERTEX_POINT('',#5207);
#5207 = CARTESIAN_POINT('',(23.48,36.82,1.6));
#5208 = LINE('',#5209,#5210);
#5209 = CARTESIAN_POINT('',(23.48,34.18,1.6));
#5210 = VECTOR('',#5211,1.);
#5211 = DIRECTION('',(0.,1.,0.));
#5212 = ORIENTED_EDGE('',*,*,#5213,.T.);
#5213 = EDGE_CURVE('',#5206,#5214,#5216,.T.);
#5214 = VERTEX_POINT('',#5215);
#5215 = CARTESIAN_POINT('',(23.48,36.82,9.6));
#5216 = LINE('',#5217,#5218);
#5217 = CARTESIAN_POINT('',(23.48,36.82,1.6));
#5218 = VECTOR('',#5219,1.);
#5219 = DIRECTION('',(0.,0.,1.));
#5220 = ORIENTED_EDGE('',*,*,#5221,.F.);
#5221 = EDGE_CURVE('',#5198,#5214,#5222,.T.);
#5222 = LINE('',#5223,#5224);
#5223 = CARTESIAN_POINT('',(23.48,34.18,9.6));
#5224 = VECTOR('',#5225,1.);
#5225 = DIRECTION('',(0.,1.,0.));
#5226 = PLANE('',#5227);
#5227 = AXIS2_PLACEMENT_3D('',#5228,#5229,#5230);
#5228 = CARTESIAN_POINT('',(23.48,34.18,1.6));
#5229 = DIRECTION('',(1.,0.,0.));
#5230 = DIRECTION('',(0.,0.,1.));
#5231 = ADVANCED_FACE('',(#5232),#5248,.F.);
#5232 = FACE_BOUND('',#5233,.F.);
#5233 = EDGE_LOOP('',(#5234,#5240,#5241,#5247));
#5234 = ORIENTED_EDGE('',*,*,#5235,.F.);
#5235 = EDGE_CURVE('',#5156,#5196,#5236,.T.);
#5236 = LINE('',#5237,#5238);
#5237 = CARTESIAN_POINT('',(10.68,34.18,1.6));
#5238 = VECTOR('',#5239,1.);
#5239 = DIRECTION('',(1.,0.,0.));
#5240 = ORIENTED_EDGE('',*,*,#5155,.T.);
#5241 = ORIENTED_EDGE('',*,*,#5242,.T.);
#5242 = EDGE_CURVE('',#5158,#5198,#5243,.T.);
#5243 = LINE('',#5244,#5245);
#5244 = CARTESIAN_POINT('',(10.68,34.18,9.6));
#5245 = VECTOR('',#5246,1.);
#5246 = DIRECTION('',(1.,0.,0.));
#5247 = ORIENTED_EDGE('',*,*,#5195,.F.);
#5248 = PLANE('',#5249);
#5249 = AXIS2_PLACEMENT_3D('',#5250,#5251,#5252);
#5250 = CARTESIAN_POINT('',(10.68,34.18,1.6));
#5251 = DIRECTION('',(0.,1.,0.));
#5252 = DIRECTION('',(0.,0.,1.));
#5253 = ADVANCED_FACE('',(#5254),#5270,.T.);
#5254 = FACE_BOUND('',#5255,.T.);
#5255 = EDGE_LOOP('',(#5256,#5262,#5263,#5269));
#5256 = ORIENTED_EDGE('',*,*,#5257,.F.);
#5257 = EDGE_CURVE('',#5166,#5206,#5258,.T.);
#5258 = LINE('',#5259,#5260);
#5259 = CARTESIAN_POINT('',(10.68,36.82,1.6));
#5260 = VECTOR('',#5261,1.);
#5261 = DIRECTION('',(1.,0.,0.));
#5262 = ORIENTED_EDGE('',*,*,#5173,.T.);
#5263 = ORIENTED_EDGE('',*,*,#5264,.T.);
#5264 = EDGE_CURVE('',#5174,#5214,#5265,.T.);
#5265 = LINE('',#5266,#5267);
#5266 = CARTESIAN_POINT('',(10.68,36.82,9.6));
#5267 = VECTOR('',#5268,1.);
#5268 = DIRECTION('',(1.,0.,0.));
#5269 = ORIENTED_EDGE('',*,*,#5213,.F.);
#5270 = PLANE('',#5271);
#5271 = AXIS2_PLACEMENT_3D('',#5272,#5273,#5274);
#5272 = CARTESIAN_POINT('',(10.68,36.82,1.6));
#5273 = DIRECTION('',(0.,1.,0.));
#5274 = DIRECTION('',(0.,0.,1.));
#5275 = ADVANCED_FACE('',(#5276),#5282,.F.);
#5276 = FACE_BOUND('',#5277,.F.);
#5277 = EDGE_LOOP('',(#5278,#5279,#5280,#5281));
#5278 = ORIENTED_EDGE('',*,*,#5165,.F.);
#5279 = ORIENTED_EDGE('',*,*,#5235,.T.);
#5280 = ORIENTED_EDGE('',*,*,#5205,.T.);
#5281 = ORIENTED_EDGE('',*,*,#5257,.F.);
#5282 = PLANE('',#5283);
#5283 = AXIS2_PLACEMENT_3D('',#5284,#5285,#5286);
#5284 = CARTESIAN_POINT('',(10.68,34.18,1.6));
#5285 = DIRECTION('',(0.,0.,1.));
#5286 = DIRECTION('',(1.,0.,0.));
#5287 = ADVANCED_FACE('',(#5288),#5294,.T.);
#5288 = FACE_BOUND('',#5289,.T.);
#5289 = EDGE_LOOP('',(#5290,#5291,#5292,#5293));
#5290 = ORIENTED_EDGE('',*,*,#5181,.F.);
#5291 = ORIENTED_EDGE('',*,*,#5242,.T.);
#5292 = ORIENTED_EDGE('',*,*,#5221,.T.);
#5293 = ORIENTED_EDGE('',*,*,#5264,.F.);
#5294 = PLANE('',#5295);
#5295 = AXIS2_PLACEMENT_3D('',#5296,#5297,#5298);
#5296 = CARTESIAN_POINT('',(10.68,34.18,9.6));
#5297 = DIRECTION('',(0.,0.,1.));
#5298 = DIRECTION('',(1.,0.,0.));
#5299 = MANIFOLD_SOLID_BREP('',#5300);
#5300 = CLOSED_SHELL('',(#5301,#5334,#5343));
#5301 = ADVANCED_FACE('',(#5302),#5329,.T.);
#5302 = FACE_BOUND('',#5303,.T.);
#5303 = EDGE_LOOP('',(#5304,#5313,#5321,#5328));
#5304 = ORIENTED_EDGE('',*,*,#5305,.F.);
#5305 = EDGE_CURVE('',#5306,#5306,#5308,.T.);
#5306 = VERTEX_POINT('',#5307);
#5307 = CARTESIAN_POINT('',(12.4,35.5,1.6));
#5308 = CIRCLE('',#5309,0.4);
#5309 = AXIS2_PLACEMENT_3D('',#5310,#5311,#5312);
#5310 = CARTESIAN_POINT('',(12.,35.5,1.6));
#5311 = DIRECTION('',(0.,0.,1.));
#5312 = DIRECTION('',(1.,0.,0.));
#5313 = ORIENTED_EDGE('',*,*,#5314,.F.);
#5314 = EDGE_CURVE('',#5315,#5306,#5317,.T.);
#5315 = VERTEX_POINT('',#5316);
#5316 = CARTESIAN_POINT('',(12.4,35.5,-3.));
#5317 = LINE('',#5318,#5319);
#5318 = CARTESIAN_POINT('',(12.4,35.5,-3.));
#5319 = VECTOR('',#5320,1.);
#5320 = DIRECTION('',(0.,0.,1.));
#5321 = ORIENTED_EDGE('',*,*,#5322,.T.);
#5322 = EDGE_CURVE('',#5315,#5315,#5323,.T.);
#5323 = CIRCLE('',#5324,0.4);
#5324 = AXIS2_PLACEMENT_3D('',#5325,#5326,#5327);
#5325 = CARTESIAN_POINT('',(12.,35.5,-3.));
#5326 = DIRECTION('',(0.,0.,1.));
#5327 = DIRECTION('',(1.,0.,0.));
#5328 = ORIENTED_EDGE('',*,*,#5314,.T.);
#5329 = CYLINDRICAL_SURFACE('',#5330,0.4);
#5330 = AXIS2_PLACEMENT_3D('',#5331,#5332,#5333);
#5331 = CARTESIAN_POINT('',(12.,35.5,-3.));
#5332 = DIRECTION('',(0.,0.,1.));
#5333 = DIRECTION('',(1.,0.,0.));
#5334 = ADVANCED_FACE('',(#5335),#5338,.T.);
#5335 = FACE_BOUND('',#5336,.T.);
#5336 = EDGE_LOOP('',(#5337));
#5337 = ORIENTED_EDGE('',*,*,#5305,.T.);
#5338 = PLANE('',#5339);
#5339 = AXIS2_PLACEMENT_3D('',#5340,#5341,#5342);
#5340 = CARTESIAN_POINT('',(12.,35.5,1.6));
#5341 = DIRECTION('',(0.,0.,1.));
#5342 = DIRECTION('',(1.,0.,0.));
#5343 = ADVANCED_FACE('',(#5344),#5347,.F.);
#5344 = FACE_BOUND('',#5345,.T.);
#5345 = EDGE_LOOP('',(#5346));
#5346 = ORIENTED_EDGE('',*,*,#5322,.F.);
#5347 = PLANE('',#5348);
#5348 = AXIS2_PLACEMENT_3D('',#5349,#5350,#5351);
#5349 = CARTESIAN_POINT('',(12.,35.5,-3.));
#5350 = DIRECTION('',(0.,0.,1.));
#5351 = DIRECTION('',(1.,0.,0.));
#5352 = MANIFOLD_SOLID_BREP('',#5353);
#5353 = CLOSED_SHELL('',(#5354,#5387,#5396));
#5354 = ADVANCED_FACE('',(#5355),#5382,.T.);
#5355 = FACE_BOUND('',#5356,.T.);
#5356 = EDGE_LOOP('',(#5357,#5366,#5374,#5381));
#5357 = ORIENTED_EDGE('',*,*,#5358,.F.);
#5358 = EDGE_CURVE('',#5359,#5359,#5361,.T.);
#5359 = VERTEX_POINT('',#5360);
#5360 = CARTESIAN_POINT('',(14.94,35.5,1.6));
#5361 = CIRCLE('',#5362,0.4);
#5362 = AXIS2_PLACEMENT_3D('',#5363,#5364,#5365);
#5363 = CARTESIAN_POINT('',(14.54,35.5,1.6));
#5364 = DIRECTION('',(0.,0.,1.));
#5365 = DIRECTION('',(1.,0.,0.));
#5366 = ORIENTED_EDGE('',*,*,#5367,.F.);
#5367 = EDGE_CURVE('',#5368,#5359,#5370,.T.);
#5368 = VERTEX_POINT('',#5369);
#5369 = CARTESIAN_POINT('',(14.94,35.5,-3.));
#5370 = LINE('',#5371,#5372);
#5371 = CARTESIAN_POINT('',(14.94,35.5,-3.));
#5372 = VECTOR('',#5373,1.);
#5373 = DIRECTION('',(0.,0.,1.));
#5374 = ORIENTED_EDGE('',*,*,#5375,.T.);
#5375 = EDGE_CURVE('',#5368,#5368,#5376,.T.);
#5376 = CIRCLE('',#5377,0.4);
#5377 = AXIS2_PLACEMENT_3D('',#5378,#5379,#5380);
#5378 = CARTESIAN_POINT('',(14.54,35.5,-3.));
#5379 = DIRECTION('',(0.,0.,1.));
#5380 = DIRECTION('',(1.,0.,0.));
#5381 = ORIENTED_EDGE('',*,*,#5367,.T.);
#5382 = CYLINDRICAL_SURFACE('',#5383,0.4);
#5383 = AXIS2_PLACEMENT_3D('',#5384,#5385,#5386);
#5384 = CARTESIAN_POINT('',(14.54,35.5,-3.));
#5385 = DIRECTION('',(0.,0.,1.));
#5386 = DIRECTION('',(1.,0.,0.));
#5387 = ADVANCED_FACE('',(#5388),#5391,.T.);
#5388 = FACE_BOUND('',#5389,.T.);
#5389 = EDGE_LOOP('',(#5390));
#5390 = ORIENTED_EDGE('',*,*,#5358,.T.);
#5391 = PLANE('',#5392);
#5392 = AXIS2_PLACEMENT_3D('',#5393,#5394,#5395);
#5393 = CARTESIAN_POINT('',(14.54,35.5,1.6));
#5394 = DIRECTION('',(0.,0.,1.));
#5395 = DIRECTION('',(1.,0.,0.));
#5396 = ADVANCED_FACE('',(#5397),#5400,.F.);
#5397 = FACE_BOUND('',#5398,.T.);
#5398 = EDGE_LOOP('',(#5399));
#5399 = ORIENTED_EDGE('',*,*,#5375,.F.);
#5400 = PLANE('',#5401);
#5401 = AXIS2_PLACEMENT_3D('',#5402,#5403,#5404);
#5402 = CARTESIAN_POINT('',(14.54,35.5,-3.));
#5403 = DIRECTION('',(0.,0.,1.));
#5404 = DIRECTION('',(1.,0.,0.));
#5405 = MANIFOLD_SOLID_BREP('',#5406);
#5406 = CLOSED_SHELL('',(#5407,#5440,#5449));
#5407 = ADVANCED_FACE('',(#5408),#5435,.T.);
#5408 = FACE_BOUND('',#5409,.T.);
#5409 = EDGE_LOOP('',(#5410,#5419,#5427,#5434));
#5410 = ORIENTED_EDGE('',*,*,#5411,.F.);
#5411 = EDGE_CURVE('',#5412,#5412,#5414,.T.);
#5412 = VERTEX_POINT('',#5413);
#5413 = CARTESIAN_POINT('',(17.48,35.5,1.6));
#5414 = CIRCLE('',#5415,0.4);
#5415 = AXIS2_PLACEMENT_3D('',#5416,#5417,#5418);
#5416 = CARTESIAN_POINT('',(17.08,35.5,1.6));
#5417 = DIRECTION('',(0.,0.,1.));
#5418 = DIRECTION('',(1.,0.,0.));
#5419 = ORIENTED_EDGE('',*,*,#5420,.F.);
#5420 = EDGE_CURVE('',#5421,#5412,#5423,.T.);
#5421 = VERTEX_POINT('',#5422);
#5422 = CARTESIAN_POINT('',(17.48,35.5,-3.));
#5423 = LINE('',#5424,#5425);
#5424 = CARTESIAN_POINT('',(17.48,35.5,-3.));
#5425 = VECTOR('',#5426,1.);
#5426 = DIRECTION('',(0.,0.,1.));
#5427 = ORIENTED_EDGE('',*,*,#5428,.T.);
#5428 = EDGE_CURVE('',#5421,#5421,#5429,.T.);
#5429 = CIRCLE('',#5430,0.4);
#5430 = AXIS2_PLACEMENT_3D('',#5431,#5432,#5433);
#5431 = CARTESIAN_POINT('',(17.08,35.5,-3.));
#5432 = DIRECTION('',(0.,0.,1.));
#5433 = DIRECTION('',(1.,0.,0.));
#5434 = ORIENTED_EDGE('',*,*,#5420,.T.);
#5435 = CYLINDRICAL_SURFACE('',#5436,0.4);
#5436 = AXIS2_PLACEMENT_3D('',#5437,#5438,#5439);
#5437 = CARTESIAN_POINT('',(17.08,35.5,-3.));
#5438 = DIRECTION('',(0.,0.,1.));
#5439 = DIRECTION('',(1.,0.,0.));
#5440 = ADVANCED_FACE('',(#5441),#5444,.T.);
#5441 = FACE_BOUND('',#5442,.T.);
#5442 = EDGE_LOOP('',(#5443));
#5443 = ORIENTED_EDGE('',*,*,#5411,.T.);
#5444 = PLANE('',#5445);
#5445 = AXIS2_PLACEMENT_3D('',#5446,#5447,#5448);
#5446 = CARTESIAN_POINT('',(17.08,35.5,1.6));
#5447 = DIRECTION('',(0.,0.,1.));
#5448 = DIRECTION('',(1.,0.,0.));
#5449 = ADVANCED_FACE('',(#5450),#5453,.F.);
#5450 = FACE_BOUND('',#5451,.T.);
#5451 = EDGE_LOOP('',(#5452));
#5452 = ORIENTED_EDGE('',*,*,#5428,.F.);
#5453 = PLANE('',#5454);
#5454 = AXIS2_PLACEMENT_3D('',#5455,#5456,#5457);
#5455 = CARTESIAN_POINT('',(17.08,35.5,-3.));
#5456 = DIRECTION('',(0.,0.,1.));
#5457 = DIRECTION('',(1.,0.,0.));
#5458 = MANIFOLD_SOLID_BREP('',#5459);
#5459 = CLOSED_SHELL('',(#5460,#5493,#5502));
#5460 = ADVANCED_FACE('',(#5461),#5488,.T.);
#5461 = FACE_BOUND('',#5462,.T.);
#5462 = EDGE_LOOP('',(#5463,#5472,#5480,#5487));
#5463 = ORIENTED_EDGE('',*,*,#5464,.F.);
#5464 = EDGE_CURVE('',#5465,#5465,#5467,.T.);
#5465 = VERTEX_POINT('',#5466);
#5466 = CARTESIAN_POINT('',(20.02,35.5,1.6));
#5467 = CIRCLE('',#5468,0.4);
#5468 = AXIS2_PLACEMENT_3D('',#5469,#5470,#5471);
#5469 = CARTESIAN_POINT('',(19.62,35.5,1.6));
#5470 = DIRECTION('',(0.,0.,1.));
#5471 = DIRECTION('',(1.,0.,0.));
#5472 = ORIENTED_EDGE('',*,*,#5473,.F.);
#5473 = EDGE_CURVE('',#5474,#5465,#5476,.T.);
#5474 = VERTEX_POINT('',#5475);
#5475 = CARTESIAN_POINT('',(20.02,35.5,-3.));
#5476 = LINE('',#5477,#5478);
#5477 = CARTESIAN_POINT('',(20.02,35.5,-3.));
#5478 = VECTOR('',#5479,1.);
#5479 = DIRECTION('',(0.,0.,1.));
#5480 = ORIENTED_EDGE('',*,*,#5481,.T.);
#5481 = EDGE_CURVE('',#5474,#5474,#5482,.T.);
#5482 = CIRCLE('',#5483,0.4);
#5483 = AXIS2_PLACEMENT_3D('',#5484,#5485,#5486);
#5484 = CARTESIAN_POINT('',(19.62,35.5,-3.));
#5485 = DIRECTION('',(0.,0.,1.));
#5486 = DIRECTION('',(1.,0.,0.));
#5487 = ORIENTED_EDGE('',*,*,#5473,.T.);
#5488 = CYLINDRICAL_SURFACE('',#5489,0.4);
#5489 = AXIS2_PLACEMENT_3D('',#5490,#5491,#5492);
#5490 = CARTESIAN_POINT('',(19.62,35.5,-3.));
#5491 = DIRECTION('',(0.,0.,1.));
#5492 = DIRECTION('',(1.,0.,0.));
#5493 = ADVANCED_FACE('',(#5494),#5497,.T.);
#5494 = FACE_BOUND('',#5495,.T.);
#5495 = EDGE_LOOP('',(#5496));
#5496 = ORIENTED_EDGE('',*,*,#5464,.T.);
#5497 = PLANE('',#5498);
#5498 = AXIS2_PLACEMENT_3D('',#5499,#5500,#5501);
#5499 = CARTESIAN_POINT('',(19.62,35.5,1.6));
#5500 = DIRECTION('',(0.,0.,1.));
#5501 = DIRECTION('',(1.,0.,0.));
#5502 = ADVANCED_FACE('',(#5503),#5506,.F.);
#5503 = FACE_BOUND('',#5504,.T.);
#5504 = EDGE_LOOP('',(#5505));
#5505 = ORIENTED_EDGE('',*,*,#5481,.F.);
#5506 = PLANE('',#5507);
#5507 = AXIS2_PLACEMENT_3D('',#5508,#5509,#5510);
#5508 = CARTESIAN_POINT('',(19.62,35.5,-3.));
#5509 = DIRECTION('',(0.,0.,1.));
#5510 = DIRECTION('',(1.,0.,0.));
#5511 = MANIFOLD_SOLID_BREP('',#5512);
#5512 = CLOSED_SHELL('',(#5513,#5546,#5555));
#5513 = ADVANCED_FACE('',(#5514),#5541,.T.);
#5514 = FACE_BOUND('',#5515,.T.);
#5515 = EDGE_LOOP('',(#5516,#5525,#5533,#5540));
#5516 = ORIENTED_EDGE('',*,*,#5517,.F.);
#5517 = EDGE_CURVE('',#5518,#5518,#5520,.T.);
#5518 = VERTEX_POINT('',#5519);
#5519 = CARTESIAN_POINT('',(22.56,35.5,1.6));
#5520 = CIRCLE('',#5521,0.4);
#5521 = AXIS2_PLACEMENT_3D('',#5522,#5523,#5524);
#5522 = CARTESIAN_POINT('',(22.16,35.5,1.6));
#5523 = DIRECTION('',(0.,0.,1.));
#5524 = DIRECTION('',(1.,0.,0.));
#5525 = ORIENTED_EDGE('',*,*,#5526,.F.);
#5526 = EDGE_CURVE('',#5527,#5518,#5529,.T.);
#5527 = VERTEX_POINT('',#5528);
#5528 = CARTESIAN_POINT('',(22.56,35.5,-3.));
#5529 = LINE('',#5530,#5531);
#5530 = CARTESIAN_POINT('',(22.56,35.5,-3.));
#5531 = VECTOR('',#5532,1.);
#5532 = DIRECTION('',(0.,0.,1.));
#5533 = ORIENTED_EDGE('',*,*,#5534,.T.);
#5534 = EDGE_CURVE('',#5527,#5527,#5535,.T.);
#5535 = CIRCLE('',#5536,0.4);
#5536 = AXIS2_PLACEMENT_3D('',#5537,#5538,#5539);
#5537 = CARTESIAN_POINT('',(22.16,35.5,-3.));
#5538 = DIRECTION('',(0.,0.,1.));
#5539 = DIRECTION('',(1.,0.,0.));
#5540 = ORIENTED_EDGE('',*,*,#5526,.T.);
#5541 = CYLINDRICAL_SURFACE('',#5542,0.4);
#5542 = AXIS2_PLACEMENT_3D('',#5543,#5544,#5545);
#5543 = CARTESIAN_POINT('',(22.16,35.5,-3.));
#5544 = DIRECTION('',(0.,0.,1.));
#5545 = DIRECTION('',(1.,0.,0.));
#5546 = ADVANCED_FACE('',(#5547),#5550,.T.);
#5547 = FACE_BOUND('',#5548,.T.);
#5548 = EDGE_LOOP('',(#5549));
#5549 = ORIENTED_EDGE('',*,*,#5517,.T.);
#5550 = PLANE('',#5551);
#5551 = AXIS2_PLACEMENT_3D('',#5552,#5553,#5554);
#5552 = CARTESIAN_POINT('',(22.16,35.5,1.6));
#5553 = DIRECTION('',(0.,0.,1.));
#5554 = DIRECTION('',(1.,0.,0.));
#5555 = ADVANCED_FACE('',(#5556),#5559,.F.);
#5556 = FACE_BOUND('',#5557,.T.);
#5557 = EDGE_LOOP('',(#5558));
#5558 = ORIENTED_EDGE('',*,*,#5534,.F.);
#5559 = PLANE('',#5560);
#5560 = AXIS2_PLACEMENT_3D('',#5561,#5562,#5563);
#5561 = CARTESIAN_POINT('',(22.16,35.5,-3.));
#5562 = DIRECTION('',(0.,0.,1.));
#5563 = DIRECTION('',(1.,0.,0.));
#5564 = MANIFOLD_SOLID_BREP('',#5565);
#5565 = CLOSED_SHELL('',(#5566,#5606,#5646,#5668,#5690,#5702));
#5566 = ADVANCED_FACE('',(#5567),#5601,.F.);
#5567 = FACE_BOUND('',#5568,.F.);
#5568 = EDGE_LOOP('',(#5569,#5579,#5587,#5595));
#5569 = ORIENTED_EDGE('',*,*,#5570,.F.);
#5570 = EDGE_CURVE('',#5571,#5573,#5575,.T.);
#5571 = VERTEX_POINT('',#5572);
#5572 = CARTESIAN_POINT('',(-5.E-02,-30.675,1.6));
#5573 = VERTEX_POINT('',#5574);
#5574 = CARTESIAN_POINT('',(-5.E-02,-30.675,2.85));
#5575 = LINE('',#5576,#5577);
#5576 = CARTESIAN_POINT('',(-5.E-02,-30.675,1.6));
#5577 = VECTOR('',#5578,1.);
#5578 = DIRECTION('',(0.,0.,1.));
#5579 = ORIENTED_EDGE('',*,*,#5580,.T.);
#5580 = EDGE_CURVE('',#5571,#5581,#5583,.T.);
#5581 = VERTEX_POINT('',#5582);
#5582 = CARTESIAN_POINT('',(-5.E-02,-29.325,1.6));
#5583 = LINE('',#5584,#5585);
#5584 = CARTESIAN_POINT('',(-5.E-02,-30.675,1.6));
#5585 = VECTOR('',#5586,1.);
#5586 = DIRECTION('',(0.,1.,0.));
#5587 = ORIENTED_EDGE('',*,*,#5588,.T.);
#5588 = EDGE_CURVE('',#5581,#5589,#5591,.T.);
#5589 = VERTEX_POINT('',#5590);
#5590 = CARTESIAN_POINT('',(-5.E-02,-29.325,2.85));
#5591 = LINE('',#5592,#5593);
#5592 = CARTESIAN_POINT('',(-5.E-02,-29.325,1.6));
#5593 = VECTOR('',#5594,1.);
#5594 = DIRECTION('',(0.,0.,1.));
#5595 = ORIENTED_EDGE('',*,*,#5596,.F.);
#5596 = EDGE_CURVE('',#5573,#5589,#5597,.T.);
#5597 = LINE('',#5598,#5599);
#5598 = CARTESIAN_POINT('',(-5.E-02,-30.675,2.85));
#5599 = VECTOR('',#5600,1.);
#5600 = DIRECTION('',(0.,1.,0.));
#5601 = PLANE('',#5602);
#5602 = AXIS2_PLACEMENT_3D('',#5603,#5604,#5605);
#5603 = CARTESIAN_POINT('',(-5.E-02,-30.675,1.6));
#5604 = DIRECTION('',(1.,0.,0.));
#5605 = DIRECTION('',(0.,0.,1.));
#5606 = ADVANCED_FACE('',(#5607),#5641,.T.);
#5607 = FACE_BOUND('',#5608,.T.);
#5608 = EDGE_LOOP('',(#5609,#5619,#5627,#5635));
#5609 = ORIENTED_EDGE('',*,*,#5610,.F.);
#5610 = EDGE_CURVE('',#5611,#5613,#5615,.T.);
#5611 = VERTEX_POINT('',#5612);
#5612 = CARTESIAN_POINT('',(2.05,-30.675,1.6));
#5613 = VERTEX_POINT('',#5614);
#5614 = CARTESIAN_POINT('',(2.05,-30.675,2.85));
#5615 = LINE('',#5616,#5617);
#5616 = CARTESIAN_POINT('',(2.05,-30.675,1.6));
#5617 = VECTOR('',#5618,1.);
#5618 = DIRECTION('',(0.,0.,1.));
#5619 = ORIENTED_EDGE('',*,*,#5620,.T.);
#5620 = EDGE_CURVE('',#5611,#5621,#5623,.T.);
#5621 = VERTEX_POINT('',#5622);
#5622 = CARTESIAN_POINT('',(2.05,-29.325,1.6));
#5623 = LINE('',#5624,#5625);
#5624 = CARTESIAN_POINT('',(2.05,-30.675,1.6));
#5625 = VECTOR('',#5626,1.);
#5626 = DIRECTION('',(0.,1.,0.));
#5627 = ORIENTED_EDGE('',*,*,#5628,.T.);
#5628 = EDGE_CURVE('',#5621,#5629,#5631,.T.);
#5629 = VERTEX_POINT('',#5630);
#5630 = CARTESIAN_POINT('',(2.05,-29.325,2.85));
#5631 = LINE('',#5632,#5633);
#5632 = CARTESIAN_POINT('',(2.05,-29.325,1.6));
#5633 = VECTOR('',#5634,1.);
#5634 = DIRECTION('',(0.,0.,1.));
#5635 = ORIENTED_EDGE('',*,*,#5636,.F.);
#5636 = EDGE_CURVE('',#5613,#5629,#5637,.T.);
#5637 = LINE('',#5638,#5639);
#5638 = CARTESIAN_POINT('',(2.05,-30.675,2.85));
#5639 = VECTOR('',#5640,1.);
#5640 = DIRECTION('',(0.,1.,0.));
#5641 = PLANE('',#5642);
#5642 = AXIS2_PLACEMENT_3D('',#5643,#5644,#5645);
#5643 = CARTESIAN_POINT('',(2.05,-30.675,1.6));
#5644 = DIRECTION('',(1.,0.,0.));
#5645 = DIRECTION('',(0.,0.,1.));
#5646 = ADVANCED_FACE('',(#5647),#5663,.F.);
#5647 = FACE_BOUND('',#5648,.F.);
#5648 = EDGE_LOOP('',(#5649,#5655,#5656,#5662));
#5649 = ORIENTED_EDGE('',*,*,#5650,.F.);
#5650 = EDGE_CURVE('',#5571,#5611,#5651,.T.);
#5651 = LINE('',#5652,#5653);
#5652 = CARTESIAN_POINT('',(-5.E-02,-30.675,1.6));
#5653 = VECTOR('',#5654,1.);
#5654 = DIRECTION('',(1.,0.,0.));
#5655 = ORIENTED_EDGE('',*,*,#5570,.T.);
#5656 = ORIENTED_EDGE('',*,*,#5657,.T.);
#5657 = EDGE_CURVE('',#5573,#5613,#5658,.T.);
#5658 = LINE('',#5659,#5660);
#5659 = CARTESIAN_POINT('',(-5.E-02,-30.675,2.85));
#5660 = VECTOR('',#5661,1.);
#5661 = DIRECTION('',(1.,0.,0.));
#5662 = ORIENTED_EDGE('',*,*,#5610,.F.);
#5663 = PLANE('',#5664);
#5664 = AXIS2_PLACEMENT_3D('',#5665,#5666,#5667);
#5665 = CARTESIAN_POINT('',(-5.E-02,-30.675,1.6));
#5666 = DIRECTION('',(0.,1.,0.));
#5667 = DIRECTION('',(0.,0.,1.));
#5668 = ADVANCED_FACE('',(#5669),#5685,.T.);
#5669 = FACE_BOUND('',#5670,.T.);
#5670 = EDGE_LOOP('',(#5671,#5677,#5678,#5684));
#5671 = ORIENTED_EDGE('',*,*,#5672,.F.);
#5672 = EDGE_CURVE('',#5581,#5621,#5673,.T.);
#5673 = LINE('',#5674,#5675);
#5674 = CARTESIAN_POINT('',(-5.E-02,-29.325,1.6));
#5675 = VECTOR('',#5676,1.);
#5676 = DIRECTION('',(1.,0.,0.));
#5677 = ORIENTED_EDGE('',*,*,#5588,.T.);
#5678 = ORIENTED_EDGE('',*,*,#5679,.T.);
#5679 = EDGE_CURVE('',#5589,#5629,#5680,.T.);
#5680 = LINE('',#5681,#5682);
#5681 = CARTESIAN_POINT('',(-5.E-02,-29.325,2.85));
#5682 = VECTOR('',#5683,1.);
#5683 = DIRECTION('',(1.,0.,0.));
#5684 = ORIENTED_EDGE('',*,*,#5628,.F.);
#5685 = PLANE('',#5686);
#5686 = AXIS2_PLACEMENT_3D('',#5687,#5688,#5689);
#5687 = CARTESIAN_POINT('',(-5.E-02,-29.325,1.6));
#5688 = DIRECTION('',(0.,1.,0.));
#5689 = DIRECTION('',(0.,0.,1.));
#5690 = ADVANCED_FACE('',(#5691),#5697,.F.);
#5691 = FACE_BOUND('',#5692,.F.);
#5692 = EDGE_LOOP('',(#5693,#5694,#5695,#5696));
#5693 = ORIENTED_EDGE('',*,*,#5580,.F.);
#5694 = ORIENTED_EDGE('',*,*,#5650,.T.);
#5695 = ORIENTED_EDGE('',*,*,#5620,.T.);
#5696 = ORIENTED_EDGE('',*,*,#5672,.F.);
#5697 = PLANE('',#5698);
#5698 = AXIS2_PLACEMENT_3D('',#5699,#5700,#5701);
#5699 = CARTESIAN_POINT('',(-5.E-02,-30.675,1.6));
#5700 = DIRECTION('',(0.,0.,1.));
#5701 = DIRECTION('',(1.,0.,0.));
#5702 = ADVANCED_FACE('',(#5703),#5709,.T.);
#5703 = FACE_BOUND('',#5704,.T.);
#5704 = EDGE_LOOP('',(#5705,#5706,#5707,#5708));
#5705 = ORIENTED_EDGE('',*,*,#5596,.F.);
#5706 = ORIENTED_EDGE('',*,*,#5657,.T.);
#5707 = ORIENTED_EDGE('',*,*,#5636,.T.);
#5708 = ORIENTED_EDGE('',*,*,#5679,.F.);
#5709 = PLANE('',#5710);
#5710 = AXIS2_PLACEMENT_3D('',#5711,#5712,#5713);
#5711 = CARTESIAN_POINT('',(-5.E-02,-30.675,2.85));
#5712 = DIRECTION('',(0.,0.,1.));
#5713 = DIRECTION('',(1.,0.,0.));
#5714 = MANIFOLD_SOLID_BREP('',#5715);
#5715 = CLOSED_SHELL('',(#5716,#5756,#5796,#5818,#5840,#5852));
#5716 = ADVANCED_FACE('',(#5717),#5751,.F.);
#5717 = FACE_BOUND('',#5718,.F.);
#5718 = EDGE_LOOP('',(#5719,#5729,#5737,#5745));
#5719 = ORIENTED_EDGE('',*,*,#5720,.F.);
#5720 = EDGE_CURVE('',#5721,#5723,#5725,.T.);
#5721 = VERTEX_POINT('',#5722);
#5722 = CARTESIAN_POINT('',(-13.45,-27.155,1.6));
#5723 = VERTEX_POINT('',#5724);
#5724 = CARTESIAN_POINT('',(-13.45,-27.155,4.52));
#5725 = LINE('',#5726,#5727);
#5726 = CARTESIAN_POINT('',(-13.45,-27.155,1.6));
#5727 = VECTOR('',#5728,1.);
#5728 = DIRECTION('',(0.,0.,1.));
#5729 = ORIENTED_EDGE('',*,*,#5730,.T.);
#5730 = EDGE_CURVE('',#5721,#5731,#5733,.T.);
#5731 = VERTEX_POINT('',#5732);
#5732 = CARTESIAN_POINT('',(-13.45,-16.845,1.6));
#5733 = LINE('',#5734,#5735);
#5734 = CARTESIAN_POINT('',(-13.45,-27.155,1.6));
#5735 = VECTOR('',#5736,1.);
#5736 = DIRECTION('',(0.,1.,0.));
#5737 = ORIENTED_EDGE('',*,*,#5738,.T.);
#5738 = EDGE_CURVE('',#5731,#5739,#5741,.T.);
#5739 = VERTEX_POINT('',#5740);
#5740 = CARTESIAN_POINT('',(-13.45,-16.845,4.52));
#5741 = LINE('',#5742,#5743);
#5742 = CARTESIAN_POINT('',(-13.45,-16.845,1.6));
#5743 = VECTOR('',#5744,1.);
#5744 = DIRECTION('',(0.,0.,1.));
#5745 = ORIENTED_EDGE('',*,*,#5746,.F.);
#5746 = EDGE_CURVE('',#5723,#5739,#5747,.T.);
#5747 = LINE('',#5748,#5749);
#5748 = CARTESIAN_POINT('',(-13.45,-27.155,4.52));
#5749 = VECTOR('',#5750,1.);
#5750 = DIRECTION('',(0.,1.,0.));
#5751 = PLANE('',#5752);
#5752 = AXIS2_PLACEMENT_3D('',#5753,#5754,#5755);
#5753 = CARTESIAN_POINT('',(-13.45,-27.155,1.6));
#5754 = DIRECTION('',(1.,0.,0.));
#5755 = DIRECTION('',(0.,0.,1.));
#5756 = ADVANCED_FACE('',(#5757),#5791,.T.);
#5757 = FACE_BOUND('',#5758,.T.);
#5758 = EDGE_LOOP('',(#5759,#5769,#5777,#5785));
#5759 = ORIENTED_EDGE('',*,*,#5760,.F.);
#5760 = EDGE_CURVE('',#5761,#5763,#5765,.T.);
#5761 = VERTEX_POINT('',#5762);
#5762 = CARTESIAN_POINT('',(-6.55,-27.155,1.6));
#5763 = VERTEX_POINT('',#5764);
#5764 = CARTESIAN_POINT('',(-6.55,-27.155,4.52));
#5765 = LINE('',#5766,#5767);
#5766 = CARTESIAN_POINT('',(-6.55,-27.155,1.6));
#5767 = VECTOR('',#5768,1.);
#5768 = DIRECTION('',(0.,0.,1.));
#5769 = ORIENTED_EDGE('',*,*,#5770,.T.);
#5770 = EDGE_CURVE('',#5761,#5771,#5773,.T.);
#5771 = VERTEX_POINT('',#5772);
#5772 = CARTESIAN_POINT('',(-6.55,-16.845,1.6));
#5773 = LINE('',#5774,#5775);
#5774 = CARTESIAN_POINT('',(-6.55,-27.155,1.6));
#5775 = VECTOR('',#5776,1.);
#5776 = DIRECTION('',(0.,1.,0.));
#5777 = ORIENTED_EDGE('',*,*,#5778,.T.);
#5778 = EDGE_CURVE('',#5771,#5779,#5781,.T.);
#5779 = VERTEX_POINT('',#5780);
#5780 = CARTESIAN_POINT('',(-6.55,-16.845,4.52));
#5781 = LINE('',#5782,#5783);
#5782 = CARTESIAN_POINT('',(-6.55,-16.845,1.6));
#5783 = VECTOR('',#5784,1.);
#5784 = DIRECTION('',(0.,0.,1.));
#5785 = ORIENTED_EDGE('',*,*,#5786,.F.);
#5786 = EDGE_CURVE('',#5763,#5779,#5787,.T.);
#5787 = LINE('',#5788,#5789);
#5788 = CARTESIAN_POINT('',(-6.55,-27.155,4.52));
#5789 = VECTOR('',#5790,1.);
#5790 = DIRECTION('',(0.,1.,0.));
#5791 = PLANE('',#5792);
#5792 = AXIS2_PLACEMENT_3D('',#5793,#5794,#5795);
#5793 = CARTESIAN_POINT('',(-6.55,-27.155,1.6));
#5794 = DIRECTION('',(1.,0.,0.));
#5795 = DIRECTION('',(0.,0.,1.));
#5796 = ADVANCED_FACE('',(#5797),#5813,.F.);
#5797 = FACE_BOUND('',#5798,.F.);
#5798 = EDGE_LOOP('',(#5799,#5805,#5806,#5812));
#5799 = ORIENTED_EDGE('',*,*,#5800,.F.);
#5800 = EDGE_CURVE('',#5721,#5761,#5801,.T.);
#5801 = LINE('',#5802,#5803);
#5802 = CARTESIAN_POINT('',(-13.45,-27.155,1.6));
#5803 = VECTOR('',#5804,1.);
#5804 = DIRECTION('',(1.,0.,0.));
#5805 = ORIENTED_EDGE('',*,*,#5720,.T.);
#5806 = ORIENTED_EDGE('',*,*,#5807,.T.);
#5807 = EDGE_CURVE('',#5723,#5763,#5808,.T.);
#5808 = LINE('',#5809,#5810);
#5809 = CARTESIAN_POINT('',(-13.45,-27.155,4.52));
#5810 = VECTOR('',#5811,1.);
#5811 = DIRECTION('',(1.,0.,0.));
#5812 = ORIENTED_EDGE('',*,*,#5760,.F.);
#5813 = PLANE('',#5814);
#5814 = AXIS2_PLACEMENT_3D('',#5815,#5816,#5817);
#5815 = CARTESIAN_POINT('',(-13.45,-27.155,1.6));
#5816 = DIRECTION('',(0.,1.,0.));
#5817 = DIRECTION('',(0.,0.,1.));
#5818 = ADVANCED_FACE('',(#5819),#5835,.T.);
#5819 = FACE_BOUND('',#5820,.T.);
#5820 = EDGE_LOOP('',(#5821,#5827,#5828,#5834));
#5821 = ORIENTED_EDGE('',*,*,#5822,.F.);
#5822 = EDGE_CURVE('',#5731,#5771,#5823,.T.);
#5823 = LINE('',#5824,#5825);
#5824 = CARTESIAN_POINT('',(-13.45,-16.845,1.6));
#5825 = VECTOR('',#5826,1.);
#5826 = DIRECTION('',(1.,0.,0.));
#5827 = ORIENTED_EDGE('',*,*,#5738,.T.);
#5828 = ORIENTED_EDGE('',*,*,#5829,.T.);
#5829 = EDGE_CURVE('',#5739,#5779,#5830,.T.);
#5830 = LINE('',#5831,#5832);
#5831 = CARTESIAN_POINT('',(-13.45,-16.845,4.52));
#5832 = VECTOR('',#5833,1.);
#5833 = DIRECTION('',(1.,0.,0.));
#5834 = ORIENTED_EDGE('',*,*,#5778,.F.);
#5835 = PLANE('',#5836);
#5836 = AXIS2_PLACEMENT_3D('',#5837,#5838,#5839);
#5837 = CARTESIAN_POINT('',(-13.45,-16.845,1.6));
#5838 = DIRECTION('',(0.,1.,0.));
#5839 = DIRECTION('',(0.,0.,1.));
#5840 = ADVANCED_FACE('',(#5841),#5847,.F.);
#5841 = FACE_BOUND('',#5842,.F.);
#5842 = EDGE_LOOP('',(#5843,#5844,#5845,#5846));
#5843 = ORIENTED_EDGE('',*,*,#5730,.F.);
#5844 = ORIENTED_EDGE('',*,*,#5800,.T.);
#5845 = ORIENTED_EDGE('',*,*,#5770,.T.);
#5846 = ORIENTED_EDGE('',*,*,#5822,.F.);
#5847 = PLANE('',#5848);
#5848 = AXIS2_PLACEMENT_3D('',#5849,#5850,#5851);
#5849 = CARTESIAN_POINT('',(-13.45,-27.155,1.6));
#5850 = DIRECTION('',(0.,0.,1.));
#5851 = DIRECTION('',(1.,0.,0.));
#5852 = ADVANCED_FACE('',(#5853),#5859,.T.);
#5853 = FACE_BOUND('',#5854,.T.);
#5854 = EDGE_LOOP('',(#5855,#5856,#5857,#5858));
#5855 = ORIENTED_EDGE('',*,*,#5746,.F.);
#5856 = ORIENTED_EDGE('',*,*,#5807,.T.);
#5857 = ORIENTED_EDGE('',*,*,#5786,.T.);
#5858 = ORIENTED_EDGE('',*,*,#5829,.F.);
#5859 = PLANE('',#5860);
#5860 = AXIS2_PLACEMENT_3D('',#5861,#5862,#5863);
#5861 = CARTESIAN_POINT('',(-13.45,-27.155,4.52));
#5862 = DIRECTION('',(0.,0.,1.));
#5863 = DIRECTION('',(1.,0.,0.));
#5864 = MANIFOLD_SOLID_BREP('',#5865);
#5865 = CLOSED_SHELL('',(#5866,#5906,#5946,#5968,#5990,#6002));
#5866 = ADVANCED_FACE('',(#5867),#5901,.F.);
#5867 = FACE_BOUND('',#5868,.F.);
#5868 = EDGE_LOOP('',(#5869,#5879,#5887,#5895));
#5869 = ORIENTED_EDGE('',*,*,#5870,.F.);
#5870 = EDGE_CURVE('',#5871,#5873,#5875,.T.);
#5871 = VERTEX_POINT('',#5872);
#5872 = CARTESIAN_POINT('',(-20.05,-41.175,1.6));
#5873 = VERTEX_POINT('',#5874);
#5874 = CARTESIAN_POINT('',(-20.05,-41.175,2.85));
#5875 = LINE('',#5876,#5877);
#5876 = CARTESIAN_POINT('',(-20.05,-41.175,1.6));
#5877 = VECTOR('',#5878,1.);
#5878 = DIRECTION('',(0.,0.,1.));
#5879 = ORIENTED_EDGE('',*,*,#5880,.T.);
#5880 = EDGE_CURVE('',#5871,#5881,#5883,.T.);
#5881 = VERTEX_POINT('',#5882);
#5882 = CARTESIAN_POINT('',(-20.05,-39.825,1.6));
#5883 = LINE('',#5884,#5885);
#5884 = CARTESIAN_POINT('',(-20.05,-41.175,1.6));
#5885 = VECTOR('',#5886,1.);
#5886 = DIRECTION('',(0.,1.,0.));
#5887 = ORIENTED_EDGE('',*,*,#5888,.T.);
#5888 = EDGE_CURVE('',#5881,#5889,#5891,.T.);
#5889 = VERTEX_POINT('',#5890);
#5890 = CARTESIAN_POINT('',(-20.05,-39.825,2.85));
#5891 = LINE('',#5892,#5893);
#5892 = CARTESIAN_POINT('',(-20.05,-39.825,1.6));
#5893 = VECTOR('',#5894,1.);
#5894 = DIRECTION('',(0.,0.,1.));
#5895 = ORIENTED_EDGE('',*,*,#5896,.F.);
#5896 = EDGE_CURVE('',#5873,#5889,#5897,.T.);
#5897 = LINE('',#5898,#5899);
#5898 = CARTESIAN_POINT('',(-20.05,-41.175,2.85));
#5899 = VECTOR('',#5900,1.);
#5900 = DIRECTION('',(0.,1.,0.));
#5901 = PLANE('',#5902);
#5902 = AXIS2_PLACEMENT_3D('',#5903,#5904,#5905);
#5903 = CARTESIAN_POINT('',(-20.05,-41.175,1.6));
#5904 = DIRECTION('',(1.,0.,0.));
#5905 = DIRECTION('',(0.,0.,1.));
#5906 = ADVANCED_FACE('',(#5907),#5941,.T.);
#5907 = FACE_BOUND('',#5908,.T.);
#5908 = EDGE_LOOP('',(#5909,#5919,#5927,#5935));
#5909 = ORIENTED_EDGE('',*,*,#5910,.F.);
#5910 = EDGE_CURVE('',#5911,#5913,#5915,.T.);
#5911 = VERTEX_POINT('',#5912);
#5912 = CARTESIAN_POINT('',(-17.95,-41.175,1.6));
#5913 = VERTEX_POINT('',#5914);
#5914 = CARTESIAN_POINT('',(-17.95,-41.175,2.85));
#5915 = LINE('',#5916,#5917);
#5916 = CARTESIAN_POINT('',(-17.95,-41.175,1.6));
#5917 = VECTOR('',#5918,1.);
#5918 = DIRECTION('',(0.,0.,1.));
#5919 = ORIENTED_EDGE('',*,*,#5920,.T.);
#5920 = EDGE_CURVE('',#5911,#5921,#5923,.T.);
#5921 = VERTEX_POINT('',#5922);
#5922 = CARTESIAN_POINT('',(-17.95,-39.825,1.6));
#5923 = LINE('',#5924,#5925);
#5924 = CARTESIAN_POINT('',(-17.95,-41.175,1.6));
#5925 = VECTOR('',#5926,1.);
#5926 = DIRECTION('',(0.,1.,0.));
#5927 = ORIENTED_EDGE('',*,*,#5928,.T.);
#5928 = EDGE_CURVE('',#5921,#5929,#5931,.T.);
#5929 = VERTEX_POINT('',#5930);
#5930 = CARTESIAN_POINT('',(-17.95,-39.825,2.85));
#5931 = LINE('',#5932,#5933);
#5932 = CARTESIAN_POINT('',(-17.95,-39.825,1.6));
#5933 = VECTOR('',#5934,1.);
#5934 = DIRECTION('',(0.,0.,1.));
#5935 = ORIENTED_EDGE('',*,*,#5936,.F.);
#5936 = EDGE_CURVE('',#5913,#5929,#5937,.T.);
#5937 = LINE('',#5938,#5939);
#5938 = CARTESIAN_POINT('',(-17.95,-41.175,2.85));
#5939 = VECTOR('',#5940,1.);
#5940 = DIRECTION('',(0.,1.,0.));
#5941 = PLANE('',#5942);
#5942 = AXIS2_PLACEMENT_3D('',#5943,#5944,#5945);
#5943 = CARTESIAN_POINT('',(-17.95,-41.175,1.6));
#5944 = DIRECTION('',(1.,0.,0.));
#5945 = DIRECTION('',(0.,0.,1.));
#5946 = ADVANCED_FACE('',(#5947),#5963,.F.);
#5947 = FACE_BOUND('',#5948,.F.);
#5948 = EDGE_LOOP('',(#5949,#5955,#5956,#5962));
#5949 = ORIENTED_EDGE('',*,*,#5950,.F.);
#5950 = EDGE_CURVE('',#5871,#5911,#5951,.T.);
#5951 = LINE('',#5952,#5953);
#5952 = CARTESIAN_POINT('',(-20.05,-41.175,1.6));
#5953 = VECTOR('',#5954,1.);
#5954 = DIRECTION('',(1.,0.,0.));
#5955 = ORIENTED_EDGE('',*,*,#5870,.T.);
#5956 = ORIENTED_EDGE('',*,*,#5957,.T.);
#5957 = EDGE_CURVE('',#5873,#5913,#5958,.T.);
#5958 = LINE('',#5959,#5960);
#5959 = CARTESIAN_POINT('',(-20.05,-41.175,2.85));
#5960 = VECTOR('',#5961,1.);
#5961 = DIRECTION('',(1.,0.,0.));
#5962 = ORIENTED_EDGE('',*,*,#5910,.F.);
#5963 = PLANE('',#5964);
#5964 = AXIS2_PLACEMENT_3D('',#5965,#5966,#5967);
#5965 = CARTESIAN_POINT('',(-20.05,-41.175,1.6));
#5966 = DIRECTION('',(0.,1.,0.));
#5967 = DIRECTION('',(0.,0.,1.));
#5968 = ADVANCED_FACE('',(#5969),#5985,.T.);
#5969 = FACE_BOUND('',#5970,.T.);
#5970 = EDGE_LOOP('',(#5971,#5977,#5978,#5984));
#5971 = ORIENTED_EDGE('',*,*,#5972,.F.);
#5972 = EDGE_CURVE('',#5881,#5921,#5973,.T.);
#5973 = LINE('',#5974,#5975);
#5974 = CARTESIAN_POINT('',(-20.05,-39.825,1.6));
#5975 = VECTOR('',#5976,1.);
#5976 = DIRECTION('',(1.,0.,0.));
#5977 = ORIENTED_EDGE('',*,*,#5888,.T.);
#5978 = ORIENTED_EDGE('',*,*,#5979,.T.);
#5979 = EDGE_CURVE('',#5889,#5929,#5980,.T.);
#5980 = LINE('',#5981,#5982);
#5981 = CARTESIAN_POINT('',(-20.05,-39.825,2.85));
#5982 = VECTOR('',#5983,1.);
#5983 = DIRECTION('',(1.,0.,0.));
#5984 = ORIENTED_EDGE('',*,*,#5928,.F.);
#5985 = PLANE('',#5986);
#5986 = AXIS2_PLACEMENT_3D('',#5987,#5988,#5989);
#5987 = CARTESIAN_POINT('',(-20.05,-39.825,1.6));
#5988 = DIRECTION('',(0.,1.,0.));
#5989 = DIRECTION('',(0.,0.,1.));
#5990 = ADVANCED_FACE('',(#5991),#5997,.F.);
#5991 = FACE_BOUND('',#5992,.F.);
#5992 = EDGE_LOOP('',(#5993,#5994,#5995,#5996));
#5993 = ORIENTED_EDGE('',*,*,#5880,.F.);
#5994 = ORIENTED_EDGE('',*,*,#5950,.T.);
#5995 = ORIENTED_EDGE('',*,*,#5920,.T.);
#5996 = ORIENTED_EDGE('',*,*,#5972,.F.);
#5997 = PLANE('',#5998);
#5998 = AXIS2_PLACEMENT_3D('',#5999,#6000,#6001);
#5999 = CARTESIAN_POINT('',(-20.05,-41.175,1.6));
#6000 = DIRECTION('',(0.,0.,1.));
#6001 = DIRECTION('',(1.,0.,0.));
#6002 = ADVANCED_FACE('',(#6003),#6009,.T.);
#6003 = FACE_BOUND('',#6004,.T.);
#6004 = EDGE_LOOP('',(#6005,#6006,#6007,#6008));
#6005 = ORIENTED_EDGE('',*,*,#5896,.F.);
#6006 = ORIENTED_EDGE('',*,*,#5957,.T.);
#6007 = ORIENTED_EDGE('',*,*,#5936,.T.);
#6008 = ORIENTED_EDGE('',*,*,#5979,.F.);
#6009 = PLANE('',#6010);
#6010 = AXIS2_PLACEMENT_3D('',#6011,#6012,#6013);
#6011 = CARTESIAN_POINT('',(-20.05,-41.175,2.85));
#6012 = DIRECTION('',(0.,0.,1.));
#6013 = DIRECTION('',(1.,0.,0.));
#6014 = MANIFOLD_SOLID_BREP('',#6015);
#6015 = CLOSED_SHELL('',(#6016,#6056,#6096,#6118,#6140,#6152));
#6016 = ADVANCED_FACE('',(#6017),#6051,.F.);
#6017 = FACE_BOUND('',#6018,.F.);
#6018 = EDGE_LOOP('',(#6019,#6029,#6037,#6045));
#6019 = ORIENTED_EDGE('',*,*,#6020,.F.);
#6020 = EDGE_CURVE('',#6021,#6023,#6025,.T.);
#6021 = VERTEX_POINT('',#6022);
#6022 = CARTESIAN_POINT('',(0.325,-21.55,1.6));
#6023 = VERTEX_POINT('',#6024);
#6024 = CARTESIAN_POINT('',(0.325,-21.55,2.85));
#6025 = LINE('',#6026,#6027);
#6026 = CARTESIAN_POINT('',(0.325,-21.55,1.6));
#6027 = VECTOR('',#6028,1.);
#6028 = DIRECTION('',(0.,0.,1.));
#6029 = ORIENTED_EDGE('',*,*,#6030,.T.);
#6030 = EDGE_CURVE('',#6021,#6031,#6033,.T.);
#6031 = VERTEX_POINT('',#6032);
#6032 = CARTESIAN_POINT('',(0.325,-19.45,1.6));
#6033 = LINE('',#6034,#6035);
#6034 = CARTESIAN_POINT('',(0.325,-21.55,1.6));
#6035 = VECTOR('',#6036,1.);
#6036 = DIRECTION('',(0.,1.,0.));
#6037 = ORIENTED_EDGE('',*,*,#6038,.T.);
#6038 = EDGE_CURVE('',#6031,#6039,#6041,.T.);
#6039 = VERTEX_POINT('',#6040);
#6040 = CARTESIAN_POINT('',(0.325,-19.45,2.85));
#6041 = LINE('',#6042,#6043);
#6042 = CARTESIAN_POINT('',(0.325,-19.45,1.6));
#6043 = VECTOR('',#6044,1.);
#6044 = DIRECTION('',(0.,0.,1.));
#6045 = ORIENTED_EDGE('',*,*,#6046,.F.);
#6046 = EDGE_CURVE('',#6023,#6039,#6047,.T.);
#6047 = LINE('',#6048,#6049);
#6048 = CARTESIAN_POINT('',(0.325,-21.55,2.85));
#6049 = VECTOR('',#6050,1.);
#6050 = DIRECTION('',(0.,1.,0.));
#6051 = PLANE('',#6052);
#6052 = AXIS2_PLACEMENT_3D('',#6053,#6054,#6055);
#6053 = CARTESIAN_POINT('',(0.325,-21.55,1.6));
#6054 = DIRECTION('',(1.,0.,0.));
#6055 = DIRECTION('',(0.,0.,1.));
#6056 = ADVANCED_FACE('',(#6057),#6091,.T.);
#6057 = FACE_BOUND('',#6058,.T.);
#6058 = EDGE_LOOP('',(#6059,#6069,#6077,#6085));
#6059 = ORIENTED_EDGE('',*,*,#6060,.F.);
#6060 = EDGE_CURVE('',#6061,#6063,#6065,.T.);
#6061 = VERTEX_POINT('',#6062);
#6062 = CARTESIAN_POINT('',(1.675,-21.55,1.6));
#6063 = VERTEX_POINT('',#6064);
#6064 = CARTESIAN_POINT('',(1.675,-21.55,2.85));
#6065 = LINE('',#6066,#6067);
#6066 = CARTESIAN_POINT('',(1.675,-21.55,1.6));
#6067 = VECTOR('',#6068,1.);
#6068 = DIRECTION('',(0.,0.,1.));
#6069 = ORIENTED_EDGE('',*,*,#6070,.T.);
#6070 = EDGE_CURVE('',#6061,#6071,#6073,.T.);
#6071 = VERTEX_POINT('',#6072);
#6072 = CARTESIAN_POINT('',(1.675,-19.45,1.6));
#6073 = LINE('',#6074,#6075);
#6074 = CARTESIAN_POINT('',(1.675,-21.55,1.6));
#6075 = VECTOR('',#6076,1.);
#6076 = DIRECTION('',(0.,1.,0.));
#6077 = ORIENTED_EDGE('',*,*,#6078,.T.);
#6078 = EDGE_CURVE('',#6071,#6079,#6081,.T.);
#6079 = VERTEX_POINT('',#6080);
#6080 = CARTESIAN_POINT('',(1.675,-19.45,2.85));
#6081 = LINE('',#6082,#6083);
#6082 = CARTESIAN_POINT('',(1.675,-19.45,1.6));
#6083 = VECTOR('',#6084,1.);
#6084 = DIRECTION('',(0.,0.,1.));
#6085 = ORIENTED_EDGE('',*,*,#6086,.F.);
#6086 = EDGE_CURVE('',#6063,#6079,#6087,.T.);
#6087 = LINE('',#6088,#6089);
#6088 = CARTESIAN_POINT('',(1.675,-21.55,2.85));
#6089 = VECTOR('',#6090,1.);
#6090 = DIRECTION('',(0.,1.,0.));
#6091 = PLANE('',#6092);
#6092 = AXIS2_PLACEMENT_3D('',#6093,#6094,#6095);
#6093 = CARTESIAN_POINT('',(1.675,-21.55,1.6));
#6094 = DIRECTION('',(1.,0.,0.));
#6095 = DIRECTION('',(0.,0.,1.));
#6096 = ADVANCED_FACE('',(#6097),#6113,.F.);
#6097 = FACE_BOUND('',#6098,.F.);
#6098 = EDGE_LOOP('',(#6099,#6105,#6106,#6112));
#6099 = ORIENTED_EDGE('',*,*,#6100,.F.);
#6100 = EDGE_CURVE('',#6021,#6061,#6101,.T.);
#6101 = LINE('',#6102,#6103);
#6102 = CARTESIAN_POINT('',(0.325,-21.55,1.6));
#6103 = VECTOR('',#6104,1.);
#6104 = DIRECTION('',(1.,0.,0.));
#6105 = ORIENTED_EDGE('',*,*,#6020,.T.);
#6106 = ORIENTED_EDGE('',*,*,#6107,.T.);
#6107 = EDGE_CURVE('',#6023,#6063,#6108,.T.);
#6108 = LINE('',#6109,#6110);
#6109 = CARTESIAN_POINT('',(0.325,-21.55,2.85));
#6110 = VECTOR('',#6111,1.);
#6111 = DIRECTION('',(1.,0.,0.));
#6112 = ORIENTED_EDGE('',*,*,#6060,.F.);
#6113 = PLANE('',#6114);
#6114 = AXIS2_PLACEMENT_3D('',#6115,#6116,#6117);
#6115 = CARTESIAN_POINT('',(0.325,-21.55,1.6));
#6116 = DIRECTION('',(0.,1.,0.));
#6117 = DIRECTION('',(0.,0.,1.));
#6118 = ADVANCED_FACE('',(#6119),#6135,.T.);
#6119 = FACE_BOUND('',#6120,.T.);
#6120 = EDGE_LOOP('',(#6121,#6127,#6128,#6134));
#6121 = ORIENTED_EDGE('',*,*,#6122,.F.);
#6122 = EDGE_CURVE('',#6031,#6071,#6123,.T.);
#6123 = LINE('',#6124,#6125);
#6124 = CARTESIAN_POINT('',(0.325,-19.45,1.6));
#6125 = VECTOR('',#6126,1.);
#6126 = DIRECTION('',(1.,0.,0.));
#6127 = ORIENTED_EDGE('',*,*,#6038,.T.);
#6128 = ORIENTED_EDGE('',*,*,#6129,.T.);
#6129 = EDGE_CURVE('',#6039,#6079,#6130,.T.);
#6130 = LINE('',#6131,#6132);
#6131 = CARTESIAN_POINT('',(0.325,-19.45,2.85));
#6132 = VECTOR('',#6133,1.);
#6133 = DIRECTION('',(1.,0.,0.));
#6134 = ORIENTED_EDGE('',*,*,#6078,.F.);
#6135 = PLANE('',#6136);
#6136 = AXIS2_PLACEMENT_3D('',#6137,#6138,#6139);
#6137 = CARTESIAN_POINT('',(0.325,-19.45,1.6));
#6138 = DIRECTION('',(0.,1.,0.));
#6139 = DIRECTION('',(0.,0.,1.));
#6140 = ADVANCED_FACE('',(#6141),#6147,.F.);
#6141 = FACE_BOUND('',#6142,.F.);
#6142 = EDGE_LOOP('',(#6143,#6144,#6145,#6146));
#6143 = ORIENTED_EDGE('',*,*,#6030,.F.);
#6144 = ORIENTED_EDGE('',*,*,#6100,.T.);
#6145 = ORIENTED_EDGE('',*,*,#6070,.T.);
#6146 = ORIENTED_EDGE('',*,*,#6122,.F.);
#6147 = PLANE('',#6148);
#6148 = AXIS2_PLACEMENT_3D('',#6149,#6150,#6151);
#6149 = CARTESIAN_POINT('',(0.325,-21.55,1.6));
#6150 = DIRECTION('',(0.,0.,1.));
#6151 = DIRECTION('',(1.,0.,0.));
#6152 = ADVANCED_FACE('',(#6153),#6159,.T.);
#6153 = FACE_BOUND('',#6154,.T.);
#6154 = EDGE_LOOP('',(#6155,#6156,#6157,#6158));
#6155 = ORIENTED_EDGE('',*,*,#6046,.F.);
#6156 = ORIENTED_EDGE('',*,*,#6107,.T.);
#6157 = ORIENTED_EDGE('',*,*,#6086,.T.);
#6158 = ORIENTED_EDGE('',*,*,#6129,.F.);
#6159 = PLANE('',#6160);
#6160 = AXIS2_PLACEMENT_3D('',#6161,#6162,#6163);
#6161 = CARTESIAN_POINT('',(0.325,-21.55,2.85));
#6162 = DIRECTION('',(0.,0.,1.));
#6163 = DIRECTION('',(1.,0.,0.));
#6164 = MANIFOLD_SOLID_BREP('',#6165);
#6165 = CLOSED_SHELL('',(#6166,#6206,#6246,#6268,#6290,#6302));
#6166 = ADVANCED_FACE('',(#6167),#6201,.F.);
#6167 = FACE_BOUND('',#6168,.F.);
#6168 = EDGE_LOOP('',(#6169,#6179,#6187,#6195));
#6169 = ORIENTED_EDGE('',*,*,#6170,.F.);
#6170 = EDGE_CURVE('',#6171,#6173,#6175,.T.);
#6171 = VERTEX_POINT('',#6172);
#6172 = CARTESIAN_POINT('',(34.15,30.0375,1.6));
#6173 = VERTEX_POINT('',#6174);
#6174 = CARTESIAN_POINT('',(34.15,30.0375,2.1));
#6175 = LINE('',#6176,#6177);
#6176 = CARTESIAN_POINT('',(34.15,30.0375,1.6));
#6177 = VECTOR('',#6178,1.);
#6178 = DIRECTION('',(0.,0.,1.));
#6179 = ORIENTED_EDGE('',*,*,#6180,.T.);
#6180 = EDGE_CURVE('',#6171,#6181,#6183,.T.);
#6181 = VERTEX_POINT('',#6182);
#6182 = CARTESIAN_POINT('',(34.15,30.9625,1.6));
#6183 = LINE('',#6184,#6185);
#6184 = CARTESIAN_POINT('',(34.15,30.0375,1.6));
#6185 = VECTOR('',#6186,1.);
#6186 = DIRECTION('',(0.,1.,0.));
#6187 = ORIENTED_EDGE('',*,*,#6188,.T.);
#6188 = EDGE_CURVE('',#6181,#6189,#6191,.T.);
#6189 = VERTEX_POINT('',#6190);
#6190 = CARTESIAN_POINT('',(34.15,30.9625,2.1));
#6191 = LINE('',#6192,#6193);
#6192 = CARTESIAN_POINT('',(34.15,30.9625,1.6));
#6193 = VECTOR('',#6194,1.);
#6194 = DIRECTION('',(0.,0.,1.));
#6195 = ORIENTED_EDGE('',*,*,#6196,.F.);
#6196 = EDGE_CURVE('',#6173,#6189,#6197,.T.);
#6197 = LINE('',#6198,#6199);
#6198 = CARTESIAN_POINT('',(34.15,30.0375,2.1));
#6199 = VECTOR('',#6200,1.);
#6200 = DIRECTION('',(0.,1.,0.));
#6201 = PLANE('',#6202);
#6202 = AXIS2_PLACEMENT_3D('',#6203,#6204,#6205);
#6203 = CARTESIAN_POINT('',(34.15,30.0375,1.6));
#6204 = DIRECTION('',(1.,0.,0.));
#6205 = DIRECTION('',(0.,0.,1.));
#6206 = ADVANCED_FACE('',(#6207),#6241,.T.);
#6207 = FACE_BOUND('',#6208,.T.);
#6208 = EDGE_LOOP('',(#6209,#6219,#6227,#6235));
#6209 = ORIENTED_EDGE('',*,*,#6210,.F.);
#6210 = EDGE_CURVE('',#6211,#6213,#6215,.T.);
#6211 = VERTEX_POINT('',#6212);
#6212 = CARTESIAN_POINT('',(35.85,30.0375,1.6));
#6213 = VERTEX_POINT('',#6214);
#6214 = CARTESIAN_POINT('',(35.85,30.0375,2.1));
#6215 = LINE('',#6216,#6217);
#6216 = CARTESIAN_POINT('',(35.85,30.0375,1.6));
#6217 = VECTOR('',#6218,1.);
#6218 = DIRECTION('',(0.,0.,1.));
#6219 = ORIENTED_EDGE('',*,*,#6220,.T.);
#6220 = EDGE_CURVE('',#6211,#6221,#6223,.T.);
#6221 = VERTEX_POINT('',#6222);
#6222 = CARTESIAN_POINT('',(35.85,30.9625,1.6));
#6223 = LINE('',#6224,#6225);
#6224 = CARTESIAN_POINT('',(35.85,30.0375,1.6));
#6225 = VECTOR('',#6226,1.);
#6226 = DIRECTION('',(0.,1.,0.));
#6227 = ORIENTED_EDGE('',*,*,#6228,.T.);
#6228 = EDGE_CURVE('',#6221,#6229,#6231,.T.);
#6229 = VERTEX_POINT('',#6230);
#6230 = CARTESIAN_POINT('',(35.85,30.9625,2.1));
#6231 = LINE('',#6232,#6233);
#6232 = CARTESIAN_POINT('',(35.85,30.9625,1.6));
#6233 = VECTOR('',#6234,1.);
#6234 = DIRECTION('',(0.,0.,1.));
#6235 = ORIENTED_EDGE('',*,*,#6236,.F.);
#6236 = EDGE_CURVE('',#6213,#6229,#6237,.T.);
#6237 = LINE('',#6238,#6239);
#6238 = CARTESIAN_POINT('',(35.85,30.0375,2.1));
#6239 = VECTOR('',#6240,1.);
#6240 = DIRECTION('',(0.,1.,0.));
#6241 = PLANE('',#6242);
#6242 = AXIS2_PLACEMENT_3D('',#6243,#6244,#6245);
#6243 = CARTESIAN_POINT('',(35.85,30.0375,1.6));
#6244 = DIRECTION('',(1.,0.,0.));
#6245 = DIRECTION('',(0.,0.,1.));
#6246 = ADVANCED_FACE('',(#6247),#6263,.F.);
#6247 = FACE_BOUND('',#6248,.F.);
#6248 = EDGE_LOOP('',(#6249,#6255,#6256,#6262));
#6249 = ORIENTED_EDGE('',*,*,#6250,.F.);
#6250 = EDGE_CURVE('',#6171,#6211,#6251,.T.);
#6251 = LINE('',#6252,#6253);
#6252 = CARTESIAN_POINT('',(34.15,30.0375,1.6));
#6253 = VECTOR('',#6254,1.);
#6254 = DIRECTION('',(1.,0.,0.));
#6255 = ORIENTED_EDGE('',*,*,#6170,.T.);
#6256 = ORIENTED_EDGE('',*,*,#6257,.T.);
#6257 = EDGE_CURVE('',#6173,#6213,#6258,.T.);
#6258 = LINE('',#6259,#6260);
#6259 = CARTESIAN_POINT('',(34.15,30.0375,2.1));
#6260 = VECTOR('',#6261,1.);
#6261 = DIRECTION('',(1.,0.,0.));
#6262 = ORIENTED_EDGE('',*,*,#6210,.F.);
#6263 = PLANE('',#6264);
#6264 = AXIS2_PLACEMENT_3D('',#6265,#6266,#6267);
#6265 = CARTESIAN_POINT('',(34.15,30.0375,1.6));
#6266 = DIRECTION('',(0.,1.,0.));
#6267 = DIRECTION('',(0.,0.,1.));
#6268 = ADVANCED_FACE('',(#6269),#6285,.T.);
#6269 = FACE_BOUND('',#6270,.T.);
#6270 = EDGE_LOOP('',(#6271,#6277,#6278,#6284));
#6271 = ORIENTED_EDGE('',*,*,#6272,.F.);
#6272 = EDGE_CURVE('',#6181,#6221,#6273,.T.);
#6273 = LINE('',#6274,#6275);
#6274 = CARTESIAN_POINT('',(34.15,30.9625,1.6));
#6275 = VECTOR('',#6276,1.);
#6276 = DIRECTION('',(1.,0.,0.));
#6277 = ORIENTED_EDGE('',*,*,#6188,.T.);
#6278 = ORIENTED_EDGE('',*,*,#6279,.T.);
#6279 = EDGE_CURVE('',#6189,#6229,#6280,.T.);
#6280 = LINE('',#6281,#6282);
#6281 = CARTESIAN_POINT('',(34.15,30.9625,2.1));
#6282 = VECTOR('',#6283,1.);
#6283 = DIRECTION('',(1.,0.,0.));
#6284 = ORIENTED_EDGE('',*,*,#6228,.F.);
#6285 = PLANE('',#6286);
#6286 = AXIS2_PLACEMENT_3D('',#6287,#6288,#6289);
#6287 = CARTESIAN_POINT('',(34.15,30.9625,1.6));
#6288 = DIRECTION('',(0.,1.,0.));
#6289 = DIRECTION('',(0.,0.,1.));
#6290 = ADVANCED_FACE('',(#6291),#6297,.F.);
#6291 = FACE_BOUND('',#6292,.F.);
#6292 = EDGE_LOOP('',(#6293,#6294,#6295,#6296));
#6293 = ORIENTED_EDGE('',*,*,#6180,.F.);
#6294 = ORIENTED_EDGE('',*,*,#6250,.T.);
#6295 = ORIENTED_EDGE('',*,*,#6220,.T.);
#6296 = ORIENTED_EDGE('',*,*,#6272,.F.);
#6297 = PLANE('',#6298);
#6298 = AXIS2_PLACEMENT_3D('',#6299,#6300,#6301);
#6299 = CARTESIAN_POINT('',(34.15,30.0375,1.6));
#6300 = DIRECTION('',(0.,0.,1.));
#6301 = DIRECTION('',(1.,0.,0.));
#6302 = ADVANCED_FACE('',(#6303),#6309,.T.);
#6303 = FACE_BOUND('',#6304,.T.);
#6304 = EDGE_LOOP('',(#6305,#6306,#6307,#6308));
#6305 = ORIENTED_EDGE('',*,*,#6196,.F.);
#6306 = ORIENTED_EDGE('',*,*,#6257,.T.);
#6307 = ORIENTED_EDGE('',*,*,#6236,.T.);
#6308 = ORIENTED_EDGE('',*,*,#6279,.F.);
#6309 = PLANE('',#6310);
#6310 = AXIS2_PLACEMENT_3D('',#6311,#6312,#6313);
#6311 = CARTESIAN_POINT('',(34.15,30.0375,2.1));
#6312 = DIRECTION('',(0.,0.,1.));
#6313 = DIRECTION('',(1.,0.,0.));
#6314 = MANIFOLD_SOLID_BREP('',#6315);
#6315 = CLOSED_SHELL('',(#6316,#6356,#6396,#6418,#6440,#6452));
#6316 = ADVANCED_FACE('',(#6317),#6351,.F.);
#6317 = FACE_BOUND('',#6318,.F.);
#6318 = EDGE_LOOP('',(#6319,#6329,#6337,#6345));
#6319 = ORIENTED_EDGE('',*,*,#6320,.F.);
#6320 = EDGE_CURVE('',#6321,#6323,#6325,.T.);
#6321 = VERTEX_POINT('',#6322);
#6322 = CARTESIAN_POINT('',(43.15,-16.9625,1.6));
#6323 = VERTEX_POINT('',#6324);
#6324 = CARTESIAN_POINT('',(43.15,-16.9625,2.15));
#6325 = LINE('',#6326,#6327);
#6326 = CARTESIAN_POINT('',(43.15,-16.9625,1.6));
#6327 = VECTOR('',#6328,1.);
#6328 = DIRECTION('',(0.,0.,1.));
#6329 = ORIENTED_EDGE('',*,*,#6330,.T.);
#6330 = EDGE_CURVE('',#6321,#6331,#6333,.T.);
#6331 = VERTEX_POINT('',#6332);
#6332 = CARTESIAN_POINT('',(43.15,-16.0375,1.6));
#6333 = LINE('',#6334,#6335);
#6334 = CARTESIAN_POINT('',(43.15,-16.9625,1.6));
#6335 = VECTOR('',#6336,1.);
#6336 = DIRECTION('',(0.,1.,0.));
#6337 = ORIENTED_EDGE('',*,*,#6338,.T.);
#6338 = EDGE_CURVE('',#6331,#6339,#6341,.T.);
#6339 = VERTEX_POINT('',#6340);
#6340 = CARTESIAN_POINT('',(43.15,-16.0375,2.15));
#6341 = LINE('',#6342,#6343);
#6342 = CARTESIAN_POINT('',(43.15,-16.0375,1.6));
#6343 = VECTOR('',#6344,1.);
#6344 = DIRECTION('',(0.,0.,1.));
#6345 = ORIENTED_EDGE('',*,*,#6346,.F.);
#6346 = EDGE_CURVE('',#6323,#6339,#6347,.T.);
#6347 = LINE('',#6348,#6349);
#6348 = CARTESIAN_POINT('',(43.15,-16.9625,2.15));
#6349 = VECTOR('',#6350,1.);
#6350 = DIRECTION('',(0.,1.,0.));
#6351 = PLANE('',#6352);
#6352 = AXIS2_PLACEMENT_3D('',#6353,#6354,#6355);
#6353 = CARTESIAN_POINT('',(43.15,-16.9625,1.6));
#6354 = DIRECTION('',(1.,0.,0.));
#6355 = DIRECTION('',(0.,0.,1.));
#6356 = ADVANCED_FACE('',(#6357),#6391,.T.);
#6357 = FACE_BOUND('',#6358,.T.);
#6358 = EDGE_LOOP('',(#6359,#6369,#6377,#6385));
#6359 = ORIENTED_EDGE('',*,*,#6360,.F.);
#6360 = EDGE_CURVE('',#6361,#6363,#6365,.T.);
#6361 = VERTEX_POINT('',#6362);
#6362 = CARTESIAN_POINT('',(44.85,-16.9625,1.6));
#6363 = VERTEX_POINT('',#6364);
#6364 = CARTESIAN_POINT('',(44.85,-16.9625,2.15));
#6365 = LINE('',#6366,#6367);
#6366 = CARTESIAN_POINT('',(44.85,-16.9625,1.6));
#6367 = VECTOR('',#6368,1.);
#6368 = DIRECTION('',(0.,0.,1.));
#6369 = ORIENTED_EDGE('',*,*,#6370,.T.);
#6370 = EDGE_CURVE('',#6361,#6371,#6373,.T.);
#6371 = VERTEX_POINT('',#6372);
#6372 = CARTESIAN_POINT('',(44.85,-16.0375,1.6));
#6373 = LINE('',#6374,#6375);
#6374 = CARTESIAN_POINT('',(44.85,-16.9625,1.6));
#6375 = VECTOR('',#6376,1.);
#6376 = DIRECTION('',(0.,1.,0.));
#6377 = ORIENTED_EDGE('',*,*,#6378,.T.);
#6378 = EDGE_CURVE('',#6371,#6379,#6381,.T.);
#6379 = VERTEX_POINT('',#6380);
#6380 = CARTESIAN_POINT('',(44.85,-16.0375,2.15));
#6381 = LINE('',#6382,#6383);
#6382 = CARTESIAN_POINT('',(44.85,-16.0375,1.6));
#6383 = VECTOR('',#6384,1.);
#6384 = DIRECTION('',(0.,0.,1.));
#6385 = ORIENTED_EDGE('',*,*,#6386,.F.);
#6386 = EDGE_CURVE('',#6363,#6379,#6387,.T.);
#6387 = LINE('',#6388,#6389);
#6388 = CARTESIAN_POINT('',(44.85,-16.9625,2.15));
#6389 = VECTOR('',#6390,1.);
#6390 = DIRECTION('',(0.,1.,0.));
#6391 = PLANE('',#6392);
#6392 = AXIS2_PLACEMENT_3D('',#6393,#6394,#6395);
#6393 = CARTESIAN_POINT('',(44.85,-16.9625,1.6));
#6394 = DIRECTION('',(1.,0.,0.));
#6395 = DIRECTION('',(0.,0.,1.));
#6396 = ADVANCED_FACE('',(#6397),#6413,.F.);
#6397 = FACE_BOUND('',#6398,.F.);
#6398 = EDGE_LOOP('',(#6399,#6405,#6406,#6412));
#6399 = ORIENTED_EDGE('',*,*,#6400,.F.);
#6400 = EDGE_CURVE('',#6321,#6361,#6401,.T.);
#6401 = LINE('',#6402,#6403);
#6402 = CARTESIAN_POINT('',(43.15,-16.9625,1.6));
#6403 = VECTOR('',#6404,1.);
#6404 = DIRECTION('',(1.,0.,0.));
#6405 = ORIENTED_EDGE('',*,*,#6320,.T.);
#6406 = ORIENTED_EDGE('',*,*,#6407,.T.);
#6407 = EDGE_CURVE('',#6323,#6363,#6408,.T.);
#6408 = LINE('',#6409,#6410);
#6409 = CARTESIAN_POINT('',(43.15,-16.9625,2.15));
#6410 = VECTOR('',#6411,1.);
#6411 = DIRECTION('',(1.,0.,0.));
#6412 = ORIENTED_EDGE('',*,*,#6360,.F.);
#6413 = PLANE('',#6414);
#6414 = AXIS2_PLACEMENT_3D('',#6415,#6416,#6417);
#6415 = CARTESIAN_POINT('',(43.15,-16.9625,1.6));
#6416 = DIRECTION('',(0.,1.,0.));
#6417 = DIRECTION('',(0.,0.,1.));
#6418 = ADVANCED_FACE('',(#6419),#6435,.T.);
#6419 = FACE_BOUND('',#6420,.T.);
#6420 = EDGE_LOOP('',(#6421,#6427,#6428,#6434));
#6421 = ORIENTED_EDGE('',*,*,#6422,.F.);
#6422 = EDGE_CURVE('',#6331,#6371,#6423,.T.);
#6423 = LINE('',#6424,#6425);
#6424 = CARTESIAN_POINT('',(43.15,-16.0375,1.6));
#6425 = VECTOR('',#6426,1.);
#6426 = DIRECTION('',(1.,0.,0.));
#6427 = ORIENTED_EDGE('',*,*,#6338,.T.);
#6428 = ORIENTED_EDGE('',*,*,#6429,.T.);
#6429 = EDGE_CURVE('',#6339,#6379,#6430,.T.);
#6430 = LINE('',#6431,#6432);
#6431 = CARTESIAN_POINT('',(43.15,-16.0375,2.15));
#6432 = VECTOR('',#6433,1.);
#6433 = DIRECTION('',(1.,0.,0.));
#6434 = ORIENTED_EDGE('',*,*,#6378,.F.);
#6435 = PLANE('',#6436);
#6436 = AXIS2_PLACEMENT_3D('',#6437,#6438,#6439);
#6437 = CARTESIAN_POINT('',(43.15,-16.0375,1.6));
#6438 = DIRECTION('',(0.,1.,0.));
#6439 = DIRECTION('',(0.,0.,1.));
#6440 = ADVANCED_FACE('',(#6441),#6447,.F.);
#6441 = FACE_BOUND('',#6442,.F.);
#6442 = EDGE_LOOP('',(#6443,#6444,#6445,#6446));
#6443 = ORIENTED_EDGE('',*,*,#6330,.F.);
#6444 = ORIENTED_EDGE('',*,*,#6400,.T.);
#6445 = ORIENTED_EDGE('',*,*,#6370,.T.);
#6446 = ORIENTED_EDGE('',*,*,#6422,.F.);
#6447 = PLANE('',#6448);
#6448 = AXIS2_PLACEMENT_3D('',#6449,#6450,#6451);
#6449 = CARTESIAN_POINT('',(43.15,-16.9625,1.6));
#6450 = DIRECTION('',(0.,0.,1.));
#6451 = DIRECTION('',(1.,0.,0.));
#6452 = ADVANCED_FACE('',(#6453),#6459,.T.);
#6453 = FACE_BOUND('',#6454,.T.);
#6454 = EDGE_LOOP('',(#6455,#6456,#6457,#6458));
#6455 = ORIENTED_EDGE('',*,*,#6346,.F.);
#6456 = ORIENTED_EDGE('',*,*,#6407,.T.);
#6457 = ORIENTED_EDGE('',*,*,#6386,.T.);
#6458 = ORIENTED_EDGE('',*,*,#6429,.F.);
#6459 = PLANE('',#6460);
#6460 = AXIS2_PLACEMENT_3D('',#6461,#6462,#6463);
#6461 = CARTESIAN_POINT('',(43.15,-16.9625,2.15));
#6462 = DIRECTION('',(0.,0.,1.));
#6463 = DIRECTION('',(1.,0.,0.));
#6464 = MANIFOLD_SOLID_BREP('',#6465);
#6465 = CLOSED_SHELL('',(#6466,#6506,#6546,#6568,#6590,#6602));
#6466 = ADVANCED_FACE('',(#6467),#6501,.F.);
#6467 = FACE_BOUND('',#6468,.F.);
#6468 = EDGE_LOOP('',(#6469,#6479,#6487,#6495));
#6469 = ORIENTED_EDGE('',*,*,#6470,.F.);
#6470 = EDGE_CURVE('',#6471,#6473,#6475,.T.);
#6471 = VERTEX_POINT('',#6472);
#6472 = CARTESIAN_POINT('',(-1.35,-24.675,1.6));
#6473 = VERTEX_POINT('',#6474);
#6474 = CARTESIAN_POINT('',(-1.35,-24.675,2.85));
#6475 = LINE('',#6476,#6477);
#6476 = CARTESIAN_POINT('',(-1.35,-24.675,1.6));
#6477 = VECTOR('',#6478,1.);
#6478 = DIRECTION('',(0.,0.,1.));
#6479 = ORIENTED_EDGE('',*,*,#6480,.T.);
#6480 = EDGE_CURVE('',#6471,#6481,#6483,.T.);
#6481 = VERTEX_POINT('',#6482);
#6482 = CARTESIAN_POINT('',(-1.35,-23.325,1.6));
#6483 = LINE('',#6484,#6485);
#6484 = CARTESIAN_POINT('',(-1.35,-24.675,1.6));
#6485 = VECTOR('',#6486,1.);
#6486 = DIRECTION('',(0.,1.,0.));
#6487 = ORIENTED_EDGE('',*,*,#6488,.T.);
#6488 = EDGE_CURVE('',#6481,#6489,#6491,.T.);
#6489 = VERTEX_POINT('',#6490);
#6490 = CARTESIAN_POINT('',(-1.35,-23.325,2.85));
#6491 = LINE('',#6492,#6493);
#6492 = CARTESIAN_POINT('',(-1.35,-23.325,1.6));
#6493 = VECTOR('',#6494,1.);
#6494 = DIRECTION('',(0.,0.,1.));
#6495 = ORIENTED_EDGE('',*,*,#6496,.F.);
#6496 = EDGE_CURVE('',#6473,#6489,#6497,.T.);
#6497 = LINE('',#6498,#6499);
#6498 = CARTESIAN_POINT('',(-1.35,-24.675,2.85));
#6499 = VECTOR('',#6500,1.);
#6500 = DIRECTION('',(0.,1.,0.));
#6501 = PLANE('',#6502);
#6502 = AXIS2_PLACEMENT_3D('',#6503,#6504,#6505);
#6503 = CARTESIAN_POINT('',(-1.35,-24.675,1.6));
#6504 = DIRECTION('',(1.,0.,0.));
#6505 = DIRECTION('',(0.,0.,1.));
#6506 = ADVANCED_FACE('',(#6507),#6541,.T.);
#6507 = FACE_BOUND('',#6508,.T.);
#6508 = EDGE_LOOP('',(#6509,#6519,#6527,#6535));
#6509 = ORIENTED_EDGE('',*,*,#6510,.F.);
#6510 = EDGE_CURVE('',#6511,#6513,#6515,.T.);
#6511 = VERTEX_POINT('',#6512);
#6512 = CARTESIAN_POINT('',(0.75,-24.675,1.6));
#6513 = VERTEX_POINT('',#6514);
#6514 = CARTESIAN_POINT('',(0.75,-24.675,2.85));
#6515 = LINE('',#6516,#6517);
#6516 = CARTESIAN_POINT('',(0.75,-24.675,1.6));
#6517 = VECTOR('',#6518,1.);
#6518 = DIRECTION('',(0.,0.,1.));
#6519 = ORIENTED_EDGE('',*,*,#6520,.T.);
#6520 = EDGE_CURVE('',#6511,#6521,#6523,.T.);
#6521 = VERTEX_POINT('',#6522);
#6522 = CARTESIAN_POINT('',(0.75,-23.325,1.6));
#6523 = LINE('',#6524,#6525);
#6524 = CARTESIAN_POINT('',(0.75,-24.675,1.6));
#6525 = VECTOR('',#6526,1.);
#6526 = DIRECTION('',(0.,1.,0.));
#6527 = ORIENTED_EDGE('',*,*,#6528,.T.);
#6528 = EDGE_CURVE('',#6521,#6529,#6531,.T.);
#6529 = VERTEX_POINT('',#6530);
#6530 = CARTESIAN_POINT('',(0.75,-23.325,2.85));
#6531 = LINE('',#6532,#6533);
#6532 = CARTESIAN_POINT('',(0.75,-23.325,1.6));
#6533 = VECTOR('',#6534,1.);
#6534 = DIRECTION('',(0.,0.,1.));
#6535 = ORIENTED_EDGE('',*,*,#6536,.F.);
#6536 = EDGE_CURVE('',#6513,#6529,#6537,.T.);
#6537 = LINE('',#6538,#6539);
#6538 = CARTESIAN_POINT('',(0.75,-24.675,2.85));
#6539 = VECTOR('',#6540,1.);
#6540 = DIRECTION('',(0.,1.,0.));
#6541 = PLANE('',#6542);
#6542 = AXIS2_PLACEMENT_3D('',#6543,#6544,#6545);
#6543 = CARTESIAN_POINT('',(0.75,-24.675,1.6));
#6544 = DIRECTION('',(1.,0.,0.));
#6545 = DIRECTION('',(0.,0.,1.));
#6546 = ADVANCED_FACE('',(#6547),#6563,.F.);
#6547 = FACE_BOUND('',#6548,.F.);
#6548 = EDGE_LOOP('',(#6549,#6555,#6556,#6562));
#6549 = ORIENTED_EDGE('',*,*,#6550,.F.);
#6550 = EDGE_CURVE('',#6471,#6511,#6551,.T.);
#6551 = LINE('',#6552,#6553);
#6552 = CARTESIAN_POINT('',(-1.35,-24.675,1.6));
#6553 = VECTOR('',#6554,1.);
#6554 = DIRECTION('',(1.,0.,0.));
#6555 = ORIENTED_EDGE('',*,*,#6470,.T.);
#6556 = ORIENTED_EDGE('',*,*,#6557,.T.);
#6557 = EDGE_CURVE('',#6473,#6513,#6558,.T.);
#6558 = LINE('',#6559,#6560);
#6559 = CARTESIAN_POINT('',(-1.35,-24.675,2.85));
#6560 = VECTOR('',#6561,1.);
#6561 = DIRECTION('',(1.,0.,0.));
#6562 = ORIENTED_EDGE('',*,*,#6510,.F.);
#6563 = PLANE('',#6564);
#6564 = AXIS2_PLACEMENT_3D('',#6565,#6566,#6567);
#6565 = CARTESIAN_POINT('',(-1.35,-24.675,1.6));
#6566 = DIRECTION('',(0.,1.,0.));
#6567 = DIRECTION('',(0.,0.,1.));
#6568 = ADVANCED_FACE('',(#6569),#6585,.T.);
#6569 = FACE_BOUND('',#6570,.T.);
#6570 = EDGE_LOOP('',(#6571,#6577,#6578,#6584));
#6571 = ORIENTED_EDGE('',*,*,#6572,.F.);
#6572 = EDGE_CURVE('',#6481,#6521,#6573,.T.);
#6573 = LINE('',#6574,#6575);
#6574 = CARTESIAN_POINT('',(-1.35,-23.325,1.6));
#6575 = VECTOR('',#6576,1.);
#6576 = DIRECTION('',(1.,0.,0.));
#6577 = ORIENTED_EDGE('',*,*,#6488,.T.);
#6578 = ORIENTED_EDGE('',*,*,#6579,.T.);
#6579 = EDGE_CURVE('',#6489,#6529,#6580,.T.);
#6580 = LINE('',#6581,#6582);
#6581 = CARTESIAN_POINT('',(-1.35,-23.325,2.85));
#6582 = VECTOR('',#6583,1.);
#6583 = DIRECTION('',(1.,0.,0.));
#6584 = ORIENTED_EDGE('',*,*,#6528,.F.);
#6585 = PLANE('',#6586);
#6586 = AXIS2_PLACEMENT_3D('',#6587,#6588,#6589);
#6587 = CARTESIAN_POINT('',(-1.35,-23.325,1.6));
#6588 = DIRECTION('',(0.,1.,0.));
#6589 = DIRECTION('',(0.,0.,1.));
#6590 = ADVANCED_FACE('',(#6591),#6597,.F.);
#6591 = FACE_BOUND('',#6592,.F.);
#6592 = EDGE_LOOP('',(#6593,#6594,#6595,#6596));
#6593 = ORIENTED_EDGE('',*,*,#6480,.F.);
#6594 = ORIENTED_EDGE('',*,*,#6550,.T.);
#6595 = ORIENTED_EDGE('',*,*,#6520,.T.);
#6596 = ORIENTED_EDGE('',*,*,#6572,.F.);
#6597 = PLANE('',#6598);
#6598 = AXIS2_PLACEMENT_3D('',#6599,#6600,#6601);
#6599 = CARTESIAN_POINT('',(-1.35,-24.675,1.6));
#6600 = DIRECTION('',(0.,0.,1.));
#6601 = DIRECTION('',(1.,0.,0.));
#6602 = ADVANCED_FACE('',(#6603),#6609,.T.);
#6603 = FACE_BOUND('',#6604,.T.);
#6604 = EDGE_LOOP('',(#6605,#6606,#6607,#6608));
#6605 = ORIENTED_EDGE('',*,*,#6496,.F.);
#6606 = ORIENTED_EDGE('',*,*,#6557,.T.);
#6607 = ORIENTED_EDGE('',*,*,#6536,.T.);
#6608 = ORIENTED_EDGE('',*,*,#6579,.F.);
#6609 = PLANE('',#6610);
#6610 = AXIS2_PLACEMENT_3D('',#6611,#6612,#6613);
#6611 = CARTESIAN_POINT('',(-1.35,-24.675,2.85));
#6612 = DIRECTION('',(0.,0.,1.));
#6613 = DIRECTION('',(1.,0.,0.));
#6614 = MANIFOLD_SOLID_BREP('',#6615);
#6615 = CLOSED_SHELL('',(#6616,#6656,#6696,#6718,#6740,#6752));
#6616 = ADVANCED_FACE('',(#6617),#6651,.F.);
#6617 = FACE_BOUND('',#6618,.F.);
#6618 = EDGE_LOOP('',(#6619,#6629,#6637,#6645));
#6619 = ORIENTED_EDGE('',*,*,#6620,.F.);
#6620 = EDGE_CURVE('',#6621,#6623,#6625,.T.);
#6621 = VERTEX_POINT('',#6622);
#6622 = CARTESIAN_POINT('',(20.95,12.55,1.6));
#6623 = VERTEX_POINT('',#6624);
#6624 = CARTESIAN_POINT('',(20.95,12.55,4.95));
#6625 = LINE('',#6626,#6627);
#6626 = CARTESIAN_POINT('',(20.95,12.55,1.6));
#6627 = VECTOR('',#6628,1.);
#6628 = DIRECTION('',(0.,0.,1.));
#6629 = ORIENTED_EDGE('',*,*,#6630,.T.);
#6630 = EDGE_CURVE('',#6621,#6631,#6633,.T.);
#6631 = VERTEX_POINT('',#6632);
#6632 = CARTESIAN_POINT('',(20.95,26.95,1.6));
#6633 = LINE('',#6634,#6635);
#6634 = CARTESIAN_POINT('',(20.95,12.55,1.6));
#6635 = VECTOR('',#6636,1.);
#6636 = DIRECTION('',(0.,1.,0.));
#6637 = ORIENTED_EDGE('',*,*,#6638,.T.);
#6638 = EDGE_CURVE('',#6631,#6639,#6641,.T.);
#6639 = VERTEX_POINT('',#6640);
#6640 = CARTESIAN_POINT('',(20.95,26.95,4.95));
#6641 = LINE('',#6642,#6643);
#6642 = CARTESIAN_POINT('',(20.95,26.95,1.6));
#6643 = VECTOR('',#6644,1.);
#6644 = DIRECTION('',(0.,0.,1.));
#6645 = ORIENTED_EDGE('',*,*,#6646,.F.);
#6646 = EDGE_CURVE('',#6623,#6639,#6647,.T.);
#6647 = LINE('',#6648,#6649);
#6648 = CARTESIAN_POINT('',(20.95,12.55,4.95));
#6649 = VECTOR('',#6650,1.);
#6650 = DIRECTION('',(0.,1.,0.));
#6651 = PLANE('',#6652);
#6652 = AXIS2_PLACEMENT_3D('',#6653,#6654,#6655);
#6653 = CARTESIAN_POINT('',(20.95,12.55,1.6));
#6654 = DIRECTION('',(1.,0.,0.));
#6655 = DIRECTION('',(0.,0.,1.));
#6656 = ADVANCED_FACE('',(#6657),#6691,.T.);
#6657 = FACE_BOUND('',#6658,.T.);
#6658 = EDGE_LOOP('',(#6659,#6669,#6677,#6685));
#6659 = ORIENTED_EDGE('',*,*,#6660,.F.);
#6660 = EDGE_CURVE('',#6661,#6663,#6665,.T.);
#6661 = VERTEX_POINT('',#6662);
#6662 = CARTESIAN_POINT('',(39.05,12.55,1.6));
#6663 = VERTEX_POINT('',#6664);
#6664 = CARTESIAN_POINT('',(39.05,12.55,4.95));
#6665 = LINE('',#6666,#6667);
#6666 = CARTESIAN_POINT('',(39.05,12.55,1.6));
#6667 = VECTOR('',#6668,1.);
#6668 = DIRECTION('',(0.,0.,1.));
#6669 = ORIENTED_EDGE('',*,*,#6670,.T.);
#6670 = EDGE_CURVE('',#6661,#6671,#6673,.T.);
#6671 = VERTEX_POINT('',#6672);
#6672 = CARTESIAN_POINT('',(39.05,26.95,1.6));
#6673 = LINE('',#6674,#6675);
#6674 = CARTESIAN_POINT('',(39.05,12.55,1.6));
#6675 = VECTOR('',#6676,1.);
#6676 = DIRECTION('',(0.,1.,0.));
#6677 = ORIENTED_EDGE('',*,*,#6678,.T.);
#6678 = EDGE_CURVE('',#6671,#6679,#6681,.T.);
#6679 = VERTEX_POINT('',#6680);
#6680 = CARTESIAN_POINT('',(39.05,26.95,4.95));
#6681 = LINE('',#6682,#6683);
#6682 = CARTESIAN_POINT('',(39.05,26.95,1.6));
#6683 = VECTOR('',#6684,1.);
#6684 = DIRECTION('',(0.,0.,1.));
#6685 = ORIENTED_EDGE('',*,*,#6686,.F.);
#6686 = EDGE_CURVE('',#6663,#6679,#6687,.T.);
#6687 = LINE('',#6688,#6689);
#6688 = CARTESIAN_POINT('',(39.05,12.55,4.95));
#6689 = VECTOR('',#6690,1.);
#6690 = DIRECTION('',(0.,1.,0.));
#6691 = PLANE('',#6692);
#6692 = AXIS2_PLACEMENT_3D('',#6693,#6694,#6695);
#6693 = CARTESIAN_POINT('',(39.05,12.55,1.6));
#6694 = DIRECTION('',(1.,0.,0.));
#6695 = DIRECTION('',(0.,0.,1.));
#6696 = ADVANCED_FACE('',(#6697),#6713,.F.);
#6697 = FACE_BOUND('',#6698,.F.);
#6698 = EDGE_LOOP('',(#6699,#6705,#6706,#6712));
#6699 = ORIENTED_EDGE('',*,*,#6700,.F.);
#6700 = EDGE_CURVE('',#6621,#6661,#6701,.T.);
#6701 = LINE('',#6702,#6703);
#6702 = CARTESIAN_POINT('',(20.95,12.55,1.6));
#6703 = VECTOR('',#6704,1.);
#6704 = DIRECTION('',(1.,0.,0.));
#6705 = ORIENTED_EDGE('',*,*,#6620,.T.);
#6706 = ORIENTED_EDGE('',*,*,#6707,.T.);
#6707 = EDGE_CURVE('',#6623,#6663,#6708,.T.);
#6708 = LINE('',#6709,#6710);
#6709 = CARTESIAN_POINT('',(20.95,12.55,4.95));
#6710 = VECTOR('',#6711,1.);
#6711 = DIRECTION('',(1.,0.,0.));
#6712 = ORIENTED_EDGE('',*,*,#6660,.F.);
#6713 = PLANE('',#6714);
#6714 = AXIS2_PLACEMENT_3D('',#6715,#6716,#6717);
#6715 = CARTESIAN_POINT('',(20.95,12.55,1.6));
#6716 = DIRECTION('',(0.,1.,0.));
#6717 = DIRECTION('',(0.,0.,1.));
#6718 = ADVANCED_FACE('',(#6719),#6735,.T.);
#6719 = FACE_BOUND('',#6720,.T.);
#6720 = EDGE_LOOP('',(#6721,#6727,#6728,#6734));
#6721 = ORIENTED_EDGE('',*,*,#6722,.F.);
#6722 = EDGE_CURVE('',#6631,#6671,#6723,.T.);
#6723 = LINE('',#6724,#6725);
#6724 = CARTESIAN_POINT('',(20.95,26.95,1.6));
#6725 = VECTOR('',#6726,1.);
#6726 = DIRECTION('',(1.,0.,0.));
#6727 = ORIENTED_EDGE('',*,*,#6638,.T.);
#6728 = ORIENTED_EDGE('',*,*,#6729,.T.);
#6729 = EDGE_CURVE('',#6639,#6679,#6730,.T.);
#6730 = LINE('',#6731,#6732);
#6731 = CARTESIAN_POINT('',(20.95,26.95,4.95));
#6732 = VECTOR('',#6733,1.);
#6733 = DIRECTION('',(1.,0.,0.));
#6734 = ORIENTED_EDGE('',*,*,#6678,.F.);
#6735 = PLANE('',#6736);
#6736 = AXIS2_PLACEMENT_3D('',#6737,#6738,#6739);
#6737 = CARTESIAN_POINT('',(20.95,26.95,1.6));
#6738 = DIRECTION('',(0.,1.,0.));
#6739 = DIRECTION('',(0.,0.,1.));
#6740 = ADVANCED_FACE('',(#6741),#6747,.F.);
#6741 = FACE_BOUND('',#6742,.F.);
#6742 = EDGE_LOOP('',(#6743,#6744,#6745,#6746));
#6743 = ORIENTED_EDGE('',*,*,#6630,.F.);
#6744 = ORIENTED_EDGE('',*,*,#6700,.T.);
#6745 = ORIENTED_EDGE('',*,*,#6670,.T.);
#6746 = ORIENTED_EDGE('',*,*,#6722,.F.);
#6747 = PLANE('',#6748);
#6748 = AXIS2_PLACEMENT_3D('',#6749,#6750,#6751);
#6749 = CARTESIAN_POINT('',(20.95,12.55,1.6));
#6750 = DIRECTION('',(0.,0.,1.));
#6751 = DIRECTION('',(1.,0.,0.));
#6752 = ADVANCED_FACE('',(#6753),#6759,.T.);
#6753 = FACE_BOUND('',#6754,.T.);
#6754 = EDGE_LOOP('',(#6755,#6756,#6757,#6758));
#6755 = ORIENTED_EDGE('',*,*,#6646,.F.);
#6756 = ORIENTED_EDGE('',*,*,#6707,.T.);
#6757 = ORIENTED_EDGE('',*,*,#6686,.T.);
#6758 = ORIENTED_EDGE('',*,*,#6729,.F.);
#6759 = PLANE('',#6760);
#6760 = AXIS2_PLACEMENT_3D('',#6761,#6762,#6763);
#6761 = CARTESIAN_POINT('',(20.95,12.55,4.95));
#6762 = DIRECTION('',(0.,0.,1.));
#6763 = DIRECTION('',(1.,0.,0.));
#6764 = MANIFOLD_SOLID_BREP('',#6765);
#6765 = CLOSED_SHELL('',(#6766,#6806,#6846,#6868,#6890,#6902));
#6766 = ADVANCED_FACE('',(#6767),#6801,.F.);
#6767 = FACE_BOUND('',#6768,.F.);
#6768 = EDGE_LOOP('',(#6769,#6779,#6787,#6795));
#6769 = ORIENTED_EDGE('',*,*,#6770,.F.);
#6770 = EDGE_CURVE('',#6771,#6773,#6775,.T.);
#6771 = VERTEX_POINT('',#6772);
#6772 = CARTESIAN_POINT('',(-20.05,-38.175,1.6));
#6773 = VERTEX_POINT('',#6774);
#6774 = CARTESIAN_POINT('',(-20.05,-38.175,2.25));
#6775 = LINE('',#6776,#6777);
#6776 = CARTESIAN_POINT('',(-20.05,-38.175,1.6));
#6777 = VECTOR('',#6778,1.);
#6778 = DIRECTION('',(0.,0.,1.));
#6779 = ORIENTED_EDGE('',*,*,#6780,.T.);
#6780 = EDGE_CURVE('',#6771,#6781,#6783,.T.);
#6781 = VERTEX_POINT('',#6782);
#6782 = CARTESIAN_POINT('',(-20.05,-36.825,1.6));
#6783 = LINE('',#6784,#6785);
#6784 = CARTESIAN_POINT('',(-20.05,-38.175,1.6));
#6785 = VECTOR('',#6786,1.);
#6786 = DIRECTION('',(0.,1.,0.));
#6787 = ORIENTED_EDGE('',*,*,#6788,.T.);
#6788 = EDGE_CURVE('',#6781,#6789,#6791,.T.);
#6789 = VERTEX_POINT('',#6790);
#6790 = CARTESIAN_POINT('',(-20.05,-36.825,2.25));
#6791 = LINE('',#6792,#6793);
#6792 = CARTESIAN_POINT('',(-20.05,-36.825,1.6));
#6793 = VECTOR('',#6794,1.);
#6794 = DIRECTION('',(0.,0.,1.));
#6795 = ORIENTED_EDGE('',*,*,#6796,.F.);
#6796 = EDGE_CURVE('',#6773,#6789,#6797,.T.);
#6797 = LINE('',#6798,#6799);
#6798 = CARTESIAN_POINT('',(-20.05,-38.175,2.25));
#6799 = VECTOR('',#6800,1.);
#6800 = DIRECTION('',(0.,1.,0.));
#6801 = PLANE('',#6802);
#6802 = AXIS2_PLACEMENT_3D('',#6803,#6804,#6805);
#6803 = CARTESIAN_POINT('',(-20.05,-38.175,1.6));
#6804 = DIRECTION('',(1.,0.,0.));
#6805 = DIRECTION('',(0.,0.,1.));
#6806 = ADVANCED_FACE('',(#6807),#6841,.T.);
#6807 = FACE_BOUND('',#6808,.T.);
#6808 = EDGE_LOOP('',(#6809,#6819,#6827,#6835));
#6809 = ORIENTED_EDGE('',*,*,#6810,.F.);
#6810 = EDGE_CURVE('',#6811,#6813,#6815,.T.);
#6811 = VERTEX_POINT('',#6812);
#6812 = CARTESIAN_POINT('',(-17.95,-38.175,1.6));
#6813 = VERTEX_POINT('',#6814);
#6814 = CARTESIAN_POINT('',(-17.95,-38.175,2.25));
#6815 = LINE('',#6816,#6817);
#6816 = CARTESIAN_POINT('',(-17.95,-38.175,1.6));
#6817 = VECTOR('',#6818,1.);
#6818 = DIRECTION('',(0.,0.,1.));
#6819 = ORIENTED_EDGE('',*,*,#6820,.T.);
#6820 = EDGE_CURVE('',#6811,#6821,#6823,.T.);
#6821 = VERTEX_POINT('',#6822);
#6822 = CARTESIAN_POINT('',(-17.95,-36.825,1.6));
#6823 = LINE('',#6824,#6825);
#6824 = CARTESIAN_POINT('',(-17.95,-38.175,1.6));
#6825 = VECTOR('',#6826,1.);
#6826 = DIRECTION('',(0.,1.,0.));
#6827 = ORIENTED_EDGE('',*,*,#6828,.T.);
#6828 = EDGE_CURVE('',#6821,#6829,#6831,.T.);
#6829 = VERTEX_POINT('',#6830);
#6830 = CARTESIAN_POINT('',(-17.95,-36.825,2.25));
#6831 = LINE('',#6832,#6833);
#6832 = CARTESIAN_POINT('',(-17.95,-36.825,1.6));
#6833 = VECTOR('',#6834,1.);
#6834 = DIRECTION('',(0.,0.,1.));
#6835 = ORIENTED_EDGE('',*,*,#6836,.F.);
#6836 = EDGE_CURVE('',#6813,#6829,#6837,.T.);
#6837 = LINE('',#6838,#6839);
#6838 = CARTESIAN_POINT('',(-17.95,-38.175,2.25));
#6839 = VECTOR('',#6840,1.);
#6840 = DIRECTION('',(0.,1.,0.));
#6841 = PLANE('',#6842);
#6842 = AXIS2_PLACEMENT_3D('',#6843,#6844,#6845);
#6843 = CARTESIAN_POINT('',(-17.95,-38.175,1.6));
#6844 = DIRECTION('',(1.,0.,0.));
#6845 = DIRECTION('',(0.,0.,1.));
#6846 = ADVANCED_FACE('',(#6847),#6863,.F.);
#6847 = FACE_BOUND('',#6848,.F.);
#6848 = EDGE_LOOP('',(#6849,#6855,#6856,#6862));
#6849 = ORIENTED_EDGE('',*,*,#6850,.F.);
#6850 = EDGE_CURVE('',#6771,#6811,#6851,.T.);
#6851 = LINE('',#6852,#6853);
#6852 = CARTESIAN_POINT('',(-20.05,-38.175,1.6));
#6853 = VECTOR('',#6854,1.);
#6854 = DIRECTION('',(1.,0.,0.));
#6855 = ORIENTED_EDGE('',*,*,#6770,.T.);
#6856 = ORIENTED_EDGE('',*,*,#6857,.T.);
#6857 = EDGE_CURVE('',#6773,#6813,#6858,.T.);
#6858 = LINE('',#6859,#6860);
#6859 = CARTESIAN_POINT('',(-20.05,-38.175,2.25));
#6860 = VECTOR('',#6861,1.);
#6861 = DIRECTION('',(1.,0.,0.));
#6862 = ORIENTED_EDGE('',*,*,#6810,.F.);
#6863 = PLANE('',#6864);
#6864 = AXIS2_PLACEMENT_3D('',#6865,#6866,#6867);
#6865 = CARTESIAN_POINT('',(-20.05,-38.175,1.6));
#6866 = DIRECTION('',(0.,1.,0.));
#6867 = DIRECTION('',(0.,0.,1.));
#6868 = ADVANCED_FACE('',(#6869),#6885,.T.);
#6869 = FACE_BOUND('',#6870,.T.);
#6870 = EDGE_LOOP('',(#6871,#6877,#6878,#6884));
#6871 = ORIENTED_EDGE('',*,*,#6872,.F.);
#6872 = EDGE_CURVE('',#6781,#6821,#6873,.T.);
#6873 = LINE('',#6874,#6875);
#6874 = CARTESIAN_POINT('',(-20.05,-36.825,1.6));
#6875 = VECTOR('',#6876,1.);
#6876 = DIRECTION('',(1.,0.,0.));
#6877 = ORIENTED_EDGE('',*,*,#6788,.T.);
#6878 = ORIENTED_EDGE('',*,*,#6879,.T.);
#6879 = EDGE_CURVE('',#6789,#6829,#6880,.T.);
#6880 = LINE('',#6881,#6882);
#6881 = CARTESIAN_POINT('',(-20.05,-36.825,2.25));
#6882 = VECTOR('',#6883,1.);
#6883 = DIRECTION('',(1.,0.,0.));
#6884 = ORIENTED_EDGE('',*,*,#6828,.F.);
#6885 = PLANE('',#6886);
#6886 = AXIS2_PLACEMENT_3D('',#6887,#6888,#6889);
#6887 = CARTESIAN_POINT('',(-20.05,-36.825,1.6));
#6888 = DIRECTION('',(0.,1.,0.));
#6889 = DIRECTION('',(0.,0.,1.));
#6890 = ADVANCED_FACE('',(#6891),#6897,.F.);
#6891 = FACE_BOUND('',#6892,.F.);
#6892 = EDGE_LOOP('',(#6893,#6894,#6895,#6896));
#6893 = ORIENTED_EDGE('',*,*,#6780,.F.);
#6894 = ORIENTED_EDGE('',*,*,#6850,.T.);
#6895 = ORIENTED_EDGE('',*,*,#6820,.T.);
#6896 = ORIENTED_EDGE('',*,*,#6872,.F.);
#6897 = PLANE('',#6898);
#6898 = AXIS2_PLACEMENT_3D('',#6899,#6900,#6901);
#6899 = CARTESIAN_POINT('',(-20.05,-38.175,1.6));
#6900 = DIRECTION('',(0.,0.,1.));
#6901 = DIRECTION('',(1.,0.,0.));
#6902 = ADVANCED_FACE('',(#6903),#6909,.T.);
#6903 = FACE_BOUND('',#6904,.T.);
#6904 = EDGE_LOOP('',(#6905,#6906,#6907,#6908));
#6905 = ORIENTED_EDGE('',*,*,#6796,.F.);
#6906 = ORIENTED_EDGE('',*,*,#6857,.T.);
#6907 = ORIENTED_EDGE('',*,*,#6836,.T.);
#6908 = ORIENTED_EDGE('',*,*,#6879,.F.);
#6909 = PLANE('',#6910);
#6910 = AXIS2_PLACEMENT_3D('',#6911,#6912,#6913);
#6911 = CARTESIAN_POINT('',(-20.05,-38.175,2.25));
#6912 = DIRECTION('',(0.,0.,1.));
#6913 = DIRECTION('',(1.,0.,0.));
#6914 = MANIFOLD_SOLID_BREP('',#6915);
#6915 = CLOSED_SHELL('',(#6916,#6956,#6996,#7018,#7040,#7052));
#6916 = ADVANCED_FACE('',(#6917),#6951,.F.);
#6917 = FACE_BOUND('',#6918,.F.);
#6918 = EDGE_LOOP('',(#6919,#6929,#6937,#6945));
#6919 = ORIENTED_EDGE('',*,*,#6920,.F.);
#6920 = EDGE_CURVE('',#6921,#6923,#6925,.T.);
#6921 = VERTEX_POINT('',#6922);
#6922 = CARTESIAN_POINT('',(-12.22,6.2,1.6));
#6923 = VERTEX_POINT('',#6924);
#6924 = CARTESIAN_POINT('',(-12.22,6.2,6.1));
#6925 = LINE('',#6926,#6927);
#6926 = CARTESIAN_POINT('',(-12.22,6.2,1.6));
#6927 = VECTOR('',#6928,1.);
#6928 = DIRECTION('',(0.,0.,1.));
#6929 = ORIENTED_EDGE('',*,*,#6930,.T.);
#6930 = EDGE_CURVE('',#6921,#6931,#6933,.T.);
#6931 = VERTEX_POINT('',#6932);
#6932 = CARTESIAN_POINT('',(-12.22,8.8,1.6));
#6933 = LINE('',#6934,#6935);
#6934 = CARTESIAN_POINT('',(-12.22,6.2,1.6));
#6935 = VECTOR('',#6936,1.);
#6936 = DIRECTION('',(0.,1.,0.));
#6937 = ORIENTED_EDGE('',*,*,#6938,.T.);
#6938 = EDGE_CURVE('',#6931,#6939,#6941,.T.);
#6939 = VERTEX_POINT('',#6940);
#6940 = CARTESIAN_POINT('',(-12.22,8.8,6.1));
#6941 = LINE('',#6942,#6943);
#6942 = CARTESIAN_POINT('',(-12.22,8.8,1.6));
#6943 = VECTOR('',#6944,1.);
#6944 = DIRECTION('',(0.,0.,1.));
#6945 = ORIENTED_EDGE('',*,*,#6946,.F.);
#6946 = EDGE_CURVE('',#6923,#6939,#6947,.T.);
#6947 = LINE('',#6948,#6949);
#6948 = CARTESIAN_POINT('',(-12.22,6.2,6.1));
#6949 = VECTOR('',#6950,1.);
#6950 = DIRECTION('',(0.,1.,0.));
#6951 = PLANE('',#6952);
#6952 = AXIS2_PLACEMENT_3D('',#6953,#6954,#6955);
#6953 = CARTESIAN_POINT('',(-12.22,6.2,1.6));
#6954 = DIRECTION('',(1.,0.,0.));
#6955 = DIRECTION('',(0.,0.,1.));
#6956 = ADVANCED_FACE('',(#6957),#6991,.T.);
#6957 = FACE_BOUND('',#6958,.T.);
#6958 = EDGE_LOOP('',(#6959,#6969,#6977,#6985));
#6959 = ORIENTED_EDGE('',*,*,#6960,.F.);
#6960 = EDGE_CURVE('',#6961,#6963,#6965,.T.);
#6961 = VERTEX_POINT('',#6962);
#6962 = CARTESIAN_POINT('',(-5.62,6.2,1.6));
#6963 = VERTEX_POINT('',#6964);
#6964 = CARTESIAN_POINT('',(-5.62,6.2,6.1));
#6965 = LINE('',#6966,#6967);
#6966 = CARTESIAN_POINT('',(-5.62,6.2,1.6));
#6967 = VECTOR('',#6968,1.);
#6968 = DIRECTION('',(0.,0.,1.));
#6969 = ORIENTED_EDGE('',*,*,#6970,.T.);
#6970 = EDGE_CURVE('',#6961,#6971,#6973,.T.);
#6971 = VERTEX_POINT('',#6972);
#6972 = CARTESIAN_POINT('',(-5.62,8.8,1.6));
#6973 = LINE('',#6974,#6975);
#6974 = CARTESIAN_POINT('',(-5.62,6.2,1.6));
#6975 = VECTOR('',#6976,1.);
#6976 = DIRECTION('',(0.,1.,0.));
#6977 = ORIENTED_EDGE('',*,*,#6978,.T.);
#6978 = EDGE_CURVE('',#6971,#6979,#6981,.T.);
#6979 = VERTEX_POINT('',#6980);
#6980 = CARTESIAN_POINT('',(-5.62,8.8,6.1));
#6981 = LINE('',#6982,#6983);
#6982 = CARTESIAN_POINT('',(-5.62,8.8,1.6));
#6983 = VECTOR('',#6984,1.);
#6984 = DIRECTION('',(0.,0.,1.));
#6985 = ORIENTED_EDGE('',*,*,#6986,.F.);
#6986 = EDGE_CURVE('',#6963,#6979,#6987,.T.);
#6987 = LINE('',#6988,#6989);
#6988 = CARTESIAN_POINT('',(-5.62,6.2,6.1));
#6989 = VECTOR('',#6990,1.);
#6990 = DIRECTION('',(0.,1.,0.));
#6991 = PLANE('',#6992);
#6992 = AXIS2_PLACEMENT_3D('',#6993,#6994,#6995);
#6993 = CARTESIAN_POINT('',(-5.62,6.2,1.6));
#6994 = DIRECTION('',(1.,0.,0.));
#6995 = DIRECTION('',(0.,0.,1.));
#6996 = ADVANCED_FACE('',(#6997),#7013,.F.);
#6997 = FACE_BOUND('',#6998,.F.);
#6998 = EDGE_LOOP('',(#6999,#7005,#7006,#7012));
#6999 = ORIENTED_EDGE('',*,*,#7000,.F.);
#7000 = EDGE_CURVE('',#6921,#6961,#7001,.T.);
#7001 = LINE('',#7002,#7003);
#7002 = CARTESIAN_POINT('',(-12.22,6.2,1.6));
#7003 = VECTOR('',#7004,1.);
#7004 = DIRECTION('',(1.,0.,0.));
#7005 = ORIENTED_EDGE('',*,*,#6920,.T.);
#7006 = ORIENTED_EDGE('',*,*,#7007,.T.);
#7007 = EDGE_CURVE('',#6923,#6963,#7008,.T.);
#7008 = LINE('',#7009,#7010);
#7009 = CARTESIAN_POINT('',(-12.22,6.2,6.1));
#7010 = VECTOR('',#7011,1.);
#7011 = DIRECTION('',(1.,0.,0.));
#7012 = ORIENTED_EDGE('',*,*,#6960,.F.);
#7013 = PLANE('',#7014);
#7014 = AXIS2_PLACEMENT_3D('',#7015,#7016,#7017);
#7015 = CARTESIAN_POINT('',(-12.22,6.2,1.6));
#7016 = DIRECTION('',(0.,1.,0.));
#7017 = DIRECTION('',(0.,0.,1.));
#7018 = ADVANCED_FACE('',(#7019),#7035,.T.);
#7019 = FACE_BOUND('',#7020,.T.);
#7020 = EDGE_LOOP('',(#7021,#7027,#7028,#7034));
#7021 = ORIENTED_EDGE('',*,*,#7022,.F.);
#7022 = EDGE_CURVE('',#6931,#6971,#7023,.T.);
#7023 = LINE('',#7024,#7025);
#7024 = CARTESIAN_POINT('',(-12.22,8.8,1.6));
#7025 = VECTOR('',#7026,1.);
#7026 = DIRECTION('',(1.,0.,0.));
#7027 = ORIENTED_EDGE('',*,*,#6938,.T.);
#7028 = ORIENTED_EDGE('',*,*,#7029,.T.);
#7029 = EDGE_CURVE('',#6939,#6979,#7030,.T.);
#7030 = LINE('',#7031,#7032);
#7031 = CARTESIAN_POINT('',(-12.22,8.8,6.1));
#7032 = VECTOR('',#7033,1.);
#7033 = DIRECTION('',(1.,0.,0.));
#7034 = ORIENTED_EDGE('',*,*,#6978,.F.);
#7035 = PLANE('',#7036);
#7036 = AXIS2_PLACEMENT_3D('',#7037,#7038,#7039);
#7037 = CARTESIAN_POINT('',(-12.22,8.8,1.6));
#7038 = DIRECTION('',(0.,1.,0.));
#7039 = DIRECTION('',(0.,0.,1.));
#7040 = ADVANCED_FACE('',(#7041),#7047,.F.);
#7041 = FACE_BOUND('',#7042,.F.);
#7042 = EDGE_LOOP('',(#7043,#7044,#7045,#7046));
#7043 = ORIENTED_EDGE('',*,*,#6930,.F.);
#7044 = ORIENTED_EDGE('',*,*,#7000,.T.);
#7045 = ORIENTED_EDGE('',*,*,#6970,.T.);
#7046 = ORIENTED_EDGE('',*,*,#7022,.F.);
#7047 = PLANE('',#7048);
#7048 = AXIS2_PLACEMENT_3D('',#7049,#7050,#7051);
#7049 = CARTESIAN_POINT('',(-12.22,6.2,1.6));
#7050 = DIRECTION('',(0.,0.,1.));
#7051 = DIRECTION('',(1.,0.,0.));
#7052 = ADVANCED_FACE('',(#7053),#7059,.T.);
#7053 = FACE_BOUND('',#7054,.T.);
#7054 = EDGE_LOOP('',(#7055,#7056,#7057,#7058));
#7055 = ORIENTED_EDGE('',*,*,#6946,.F.);
#7056 = ORIENTED_EDGE('',*,*,#7007,.T.);
#7057 = ORIENTED_EDGE('',*,*,#6986,.T.);
#7058 = ORIENTED_EDGE('',*,*,#7029,.F.);
#7059 = PLANE('',#7060);
#7060 = AXIS2_PLACEMENT_3D('',#7061,#7062,#7063);
#7061 = CARTESIAN_POINT('',(-12.22,6.2,6.1));
#7062 = DIRECTION('',(0.,0.,1.));
#7063 = DIRECTION('',(1.,0.,0.));
#7064 = MANIFOLD_SOLID_BREP('',#7065);
#7065 = CLOSED_SHELL('',(#7066,#7099,#7108));
#7066 = ADVANCED_FACE('',(#7067),#7094,.T.);
#7067 = FACE_BOUND('',#7068,.T.);
#7068 = EDGE_LOOP('',(#7069,#7078,#7086,#7093));
#7069 = ORIENTED_EDGE('',*,*,#7070,.F.);
#7070 = EDGE_CURVE('',#7071,#7071,#7073,.T.);
#7071 = VERTEX_POINT('',#7072);
#7072 = CARTESIAN_POINT('',(-13.7,7.5,1.6));
#7073 = CIRCLE('',#7074,0.3);
#7074 = AXIS2_PLACEMENT_3D('',#7075,#7076,#7077);
#7075 = CARTESIAN_POINT('',(-14.,7.5,1.6));
#7076 = DIRECTION('',(0.,0.,1.));
#7077 = DIRECTION('',(1.,0.,0.));
#7078 = ORIENTED_EDGE('',*,*,#7079,.F.);
#7079 = EDGE_CURVE('',#7080,#7071,#7082,.T.);
#7080 = VERTEX_POINT('',#7081);
#7081 = CARTESIAN_POINT('',(-13.7,7.5,-3.));
#7082 = LINE('',#7083,#7084);
#7083 = CARTESIAN_POINT('',(-13.7,7.5,-3.));
#7084 = VECTOR('',#7085,1.);
#7085 = DIRECTION('',(0.,0.,1.));
#7086 = ORIENTED_EDGE('',*,*,#7087,.T.);
#7087 = EDGE_CURVE('',#7080,#7080,#7088,.T.);
#7088 = CIRCLE('',#7089,0.3);
#7089 = AXIS2_PLACEMENT_3D('',#7090,#7091,#7092);
#7090 = CARTESIAN_POINT('',(-14.,7.5,-3.));
#7091 = DIRECTION('',(0.,0.,1.));
#7092 = DIRECTION('',(1.,0.,0.));
#7093 = ORIENTED_EDGE('',*,*,#7079,.T.);
#7094 = CYLINDRICAL_SURFACE('',#7095,0.3);
#7095 = AXIS2_PLACEMENT_3D('',#7096,#7097,#7098);
#7096 = CARTESIAN_POINT('',(-14.,7.5,-3.));
#7097 = DIRECTION('',(0.,0.,1.));
#7098 = DIRECTION('',(1.,0.,0.));
#7099 = ADVANCED_FACE('',(#7100),#7103,.T.);
#7100 = FACE_BOUND('',#7101,.T.);
#7101 = EDGE_LOOP('',(#7102));
#7102 = ORIENTED_EDGE('',*,*,#7070,.T.);
#7103 = PLANE('',#7104);
#7104 = AXIS2_PLACEMENT_3D('',#7105,#7106,#7107);
#7105 = CARTESIAN_POINT('',(-14.,7.5,1.6));
#7106 = DIRECTION('',(0.,0.,1.));
#7107 = DIRECTION('',(1.,0.,0.));
#7108 = ADVANCED_FACE('',(#7109),#7112,.F.);
#7109 = FACE_BOUND('',#7110,.T.);
#7110 = EDGE_LOOP('',(#7111));
#7111 = ORIENTED_EDGE('',*,*,#7087,.F.);
#7112 = PLANE('',#7113);
#7113 = AXIS2_PLACEMENT_3D('',#7114,#7115,#7116);
#7114 = CARTESIAN_POINT('',(-14.,7.5,-3.));
#7115 = DIRECTION('',(0.,0.,1.));
#7116 = DIRECTION('',(1.,0.,0.));
#7117 = MANIFOLD_SOLID_BREP('',#7118);
#7118 = CLOSED_SHELL('',(#7119,#7152,#7161));
#7119 = ADVANCED_FACE('',(#7120),#7147,.T.);
#7120 = FACE_BOUND('',#7121,.T.);
#7121 = EDGE_LOOP('',(#7122,#7131,#7139,#7146));
#7122 = ORIENTED_EDGE('',*,*,#7123,.F.);
#7123 = EDGE_CURVE('',#7124,#7124,#7126,.T.);
#7124 = VERTEX_POINT('',#7125);
#7125 = CARTESIAN_POINT('',(-3.54,7.5,1.6));
#7126 = CIRCLE('',#7127,0.3);
#7127 = AXIS2_PLACEMENT_3D('',#7128,#7129,#7130);
#7128 = CARTESIAN_POINT('',(-3.84,7.5,1.6));
#7129 = DIRECTION('',(0.,0.,1.));
#7130 = DIRECTION('',(1.,0.,0.));
#7131 = ORIENTED_EDGE('',*,*,#7132,.F.);
#7132 = EDGE_CURVE('',#7133,#7124,#7135,.T.);
#7133 = VERTEX_POINT('',#7134);
#7134 = CARTESIAN_POINT('',(-3.54,7.5,-3.));
#7135 = LINE('',#7136,#7137);
#7136 = CARTESIAN_POINT('',(-3.54,7.5,-3.));
#7137 = VECTOR('',#7138,1.);
#7138 = DIRECTION('',(0.,0.,1.));
#7139 = ORIENTED_EDGE('',*,*,#7140,.T.);
#7140 = EDGE_CURVE('',#7133,#7133,#7141,.T.);
#7141 = CIRCLE('',#7142,0.3);
#7142 = AXIS2_PLACEMENT_3D('',#7143,#7144,#7145);
#7143 = CARTESIAN_POINT('',(-3.84,7.5,-3.));
#7144 = DIRECTION('',(0.,0.,1.));
#7145 = DIRECTION('',(1.,0.,0.));
#7146 = ORIENTED_EDGE('',*,*,#7132,.T.);
#7147 = CYLINDRICAL_SURFACE('',#7148,0.3);
#7148 = AXIS2_PLACEMENT_3D('',#7149,#7150,#7151);
#7149 = CARTESIAN_POINT('',(-3.84,7.5,-3.));
#7150 = DIRECTION('',(0.,0.,1.));
#7151 = DIRECTION('',(1.,0.,0.));
#7152 = ADVANCED_FACE('',(#7153),#7156,.T.);
#7153 = FACE_BOUND('',#7154,.T.);
#7154 = EDGE_LOOP('',(#7155));
#7155 = ORIENTED_EDGE('',*,*,#7123,.T.);
#7156 = PLANE('',#7157);
#7157 = AXIS2_PLACEMENT_3D('',#7158,#7159,#7160);
#7158 = CARTESIAN_POINT('',(-3.84,7.5,1.6));
#7159 = DIRECTION('',(0.,0.,1.));
#7160 = DIRECTION('',(1.,0.,0.));
#7161 = ADVANCED_FACE('',(#7162),#7165,.F.);
#7162 = FACE_BOUND('',#7163,.T.);
#7163 = EDGE_LOOP('',(#7164));
#7164 = ORIENTED_EDGE('',*,*,#7140,.F.);
#7165 = PLANE('',#7166);
#7166 = AXIS2_PLACEMENT_3D('',#7167,#7168,#7169);
#7167 = CARTESIAN_POINT('',(-3.84,7.5,-3.));
#7168 = DIRECTION('',(0.,0.,1.));
#7169 = DIRECTION('',(1.,0.,0.));
#7170 = MANIFOLD_SOLID_BREP('',#7171);
#7171 = CLOSED_SHELL('',(#7172,#7212,#7252,#7274,#7296,#7308));
#7172 = ADVANCED_FACE('',(#7173),#7207,.F.);
#7173 = FACE_BOUND('',#7174,.F.);
#7174 = EDGE_LOOP('',(#7175,#7185,#7193,#7201));
#7175 = ORIENTED_EDGE('',*,*,#7176,.F.);
#7176 = EDGE_CURVE('',#7177,#7179,#7181,.T.);
#7177 = VERTEX_POINT('',#7178);
#7178 = CARTESIAN_POINT('',(16.325,9.45,1.6));
#7179 = VERTEX_POINT('',#7180);
#7180 = CARTESIAN_POINT('',(16.325,9.45,2.85));
#7181 = LINE('',#7182,#7183);
#7182 = CARTESIAN_POINT('',(16.325,9.45,1.6));
#7183 = VECTOR('',#7184,1.);
#7184 = DIRECTION('',(0.,0.,1.));
#7185 = ORIENTED_EDGE('',*,*,#7186,.T.);
#7186 = EDGE_CURVE('',#7177,#7187,#7189,.T.);
#7187 = VERTEX_POINT('',#7188);
#7188 = CARTESIAN_POINT('',(16.325,11.55,1.6));
#7189 = LINE('',#7190,#7191);
#7190 = CARTESIAN_POINT('',(16.325,9.45,1.6));
#7191 = VECTOR('',#7192,1.);
#7192 = DIRECTION('',(0.,1.,0.));
#7193 = ORIENTED_EDGE('',*,*,#7194,.T.);
#7194 = EDGE_CURVE('',#7187,#7195,#7197,.T.);
#7195 = VERTEX_POINT('',#7196);
#7196 = CARTESIAN_POINT('',(16.325,11.55,2.85));
#7197 = LINE('',#7198,#7199);
#7198 = CARTESIAN_POINT('',(16.325,11.55,1.6));
#7199 = VECTOR('',#7200,1.);
#7200 = DIRECTION('',(0.,0.,1.));
#7201 = ORIENTED_EDGE('',*,*,#7202,.F.);
#7202 = EDGE_CURVE('',#7179,#7195,#7203,.T.);
#7203 = LINE('',#7204,#7205);
#7204 = CARTESIAN_POINT('',(16.325,9.45,2.85));
#7205 = VECTOR('',#7206,1.);
#7206 = DIRECTION('',(0.,1.,0.));
#7207 = PLANE('',#7208);
#7208 = AXIS2_PLACEMENT_3D('',#7209,#7210,#7211);
#7209 = CARTESIAN_POINT('',(16.325,9.45,1.6));
#7210 = DIRECTION('',(1.,0.,0.));
#7211 = DIRECTION('',(0.,0.,1.));
#7212 = ADVANCED_FACE('',(#7213),#7247,.T.);
#7213 = FACE_BOUND('',#7214,.T.);
#7214 = EDGE_LOOP('',(#7215,#7225,#7233,#7241));
#7215 = ORIENTED_EDGE('',*,*,#7216,.F.);
#7216 = EDGE_CURVE('',#7217,#7219,#7221,.T.);
#7217 = VERTEX_POINT('',#7218);
#7218 = CARTESIAN_POINT('',(17.675,9.45,1.6));
#7219 = VERTEX_POINT('',#7220);
#7220 = CARTESIAN_POINT('',(17.675,9.45,2.85));
#7221 = LINE('',#7222,#7223);
#7222 = CARTESIAN_POINT('',(17.675,9.45,1.6));
#7223 = VECTOR('',#7224,1.);
#7224 = DIRECTION('',(0.,0.,1.));
#7225 = ORIENTED_EDGE('',*,*,#7226,.T.);
#7226 = EDGE_CURVE('',#7217,#7227,#7229,.T.);
#7227 = VERTEX_POINT('',#7228);
#7228 = CARTESIAN_POINT('',(17.675,11.55,1.6));
#7229 = LINE('',#7230,#7231);
#7230 = CARTESIAN_POINT('',(17.675,9.45,1.6));
#7231 = VECTOR('',#7232,1.);
#7232 = DIRECTION('',(0.,1.,0.));
#7233 = ORIENTED_EDGE('',*,*,#7234,.T.);
#7234 = EDGE_CURVE('',#7227,#7235,#7237,.T.);
#7235 = VERTEX_POINT('',#7236);
#7236 = CARTESIAN_POINT('',(17.675,11.55,2.85));
#7237 = LINE('',#7238,#7239);
#7238 = CARTESIAN_POINT('',(17.675,11.55,1.6));
#7239 = VECTOR('',#7240,1.);
#7240 = DIRECTION('',(0.,0.,1.));
#7241 = ORIENTED_EDGE('',*,*,#7242,.F.);
#7242 = EDGE_CURVE('',#7219,#7235,#7243,.T.);
#7243 = LINE('',#7244,#7245);
#7244 = CARTESIAN_POINT('',(17.675,9.45,2.85));
#7245 = VECTOR('',#7246,1.);
#7246 = DIRECTION('',(0.,1.,0.));
#7247 = PLANE('',#7248);
#7248 = AXIS2_PLACEMENT_3D('',#7249,#7250,#7251);
#7249 = CARTESIAN_POINT('',(17.675,9.45,1.6));
#7250 = DIRECTION('',(1.,0.,0.));
#7251 = DIRECTION('',(0.,0.,1.));
#7252 = ADVANCED_FACE('',(#7253),#7269,.F.);
#7253 = FACE_BOUND('',#7254,.F.);
#7254 = EDGE_LOOP('',(#7255,#7261,#7262,#7268));
#7255 = ORIENTED_EDGE('',*,*,#7256,.F.);
#7256 = EDGE_CURVE('',#7177,#7217,#7257,.T.);
#7257 = LINE('',#7258,#7259);
#7258 = CARTESIAN_POINT('',(16.325,9.45,1.6));
#7259 = VECTOR('',#7260,1.);
#7260 = DIRECTION('',(1.,0.,0.));
#7261 = ORIENTED_EDGE('',*,*,#7176,.T.);
#7262 = ORIENTED_EDGE('',*,*,#7263,.T.);
#7263 = EDGE_CURVE('',#7179,#7219,#7264,.T.);
#7264 = LINE('',#7265,#7266);
#7265 = CARTESIAN_POINT('',(16.325,9.45,2.85));
#7266 = VECTOR('',#7267,1.);
#7267 = DIRECTION('',(1.,0.,0.));
#7268 = ORIENTED_EDGE('',*,*,#7216,.F.);
#7269 = PLANE('',#7270);
#7270 = AXIS2_PLACEMENT_3D('',#7271,#7272,#7273);
#7271 = CARTESIAN_POINT('',(16.325,9.45,1.6));
#7272 = DIRECTION('',(0.,1.,0.));
#7273 = DIRECTION('',(0.,0.,1.));
#7274 = ADVANCED_FACE('',(#7275),#7291,.T.);
#7275 = FACE_BOUND('',#7276,.T.);
#7276 = EDGE_LOOP('',(#7277,#7283,#7284,#7290));
#7277 = ORIENTED_EDGE('',*,*,#7278,.F.);
#7278 = EDGE_CURVE('',#7187,#7227,#7279,.T.);
#7279 = LINE('',#7280,#7281);
#7280 = CARTESIAN_POINT('',(16.325,11.55,1.6));
#7281 = VECTOR('',#7282,1.);
#7282 = DIRECTION('',(1.,0.,0.));
#7283 = ORIENTED_EDGE('',*,*,#7194,.T.);
#7284 = ORIENTED_EDGE('',*,*,#7285,.T.);
#7285 = EDGE_CURVE('',#7195,#7235,#7286,.T.);
#7286 = LINE('',#7287,#7288);
#7287 = CARTESIAN_POINT('',(16.325,11.55,2.85));
#7288 = VECTOR('',#7289,1.);
#7289 = DIRECTION('',(1.,0.,0.));
#7290 = ORIENTED_EDGE('',*,*,#7234,.F.);
#7291 = PLANE('',#7292);
#7292 = AXIS2_PLACEMENT_3D('',#7293,#7294,#7295);
#7293 = CARTESIAN_POINT('',(16.325,11.55,1.6));
#7294 = DIRECTION('',(0.,1.,0.));
#7295 = DIRECTION('',(0.,0.,1.));
#7296 = ADVANCED_FACE('',(#7297),#7303,.F.);
#7297 = FACE_BOUND('',#7298,.F.);
#7298 = EDGE_LOOP('',(#7299,#7300,#7301,#7302));
#7299 = ORIENTED_EDGE('',*,*,#7186,.F.);
#7300 = ORIENTED_EDGE('',*,*,#7256,.T.);
#7301 = ORIENTED_EDGE('',*,*,#7226,.T.);
#7302 = ORIENTED_EDGE('',*,*,#7278,.F.);
#7303 = PLANE('',#7304);
#7304 = AXIS2_PLACEMENT_3D('',#7305,#7306,#7307);
#7305 = CARTESIAN_POINT('',(16.325,9.45,1.6));
#7306 = DIRECTION('',(0.,0.,1.));
#7307 = DIRECTION('',(1.,0.,0.));
#7308 = ADVANCED_FACE('',(#7309),#7315,.T.);
#7309 = FACE_BOUND('',#7310,.T.);
#7310 = EDGE_LOOP('',(#7311,#7312,#7313,#7314));
#7311 = ORIENTED_EDGE('',*,*,#7202,.F.);
#7312 = ORIENTED_EDGE('',*,*,#7263,.T.);
#7313 = ORIENTED_EDGE('',*,*,#7242,.T.);
#7314 = ORIENTED_EDGE('',*,*,#7285,.F.);
#7315 = PLANE('',#7316);
#7316 = AXIS2_PLACEMENT_3D('',#7317,#7318,#7319);
#7317 = CARTESIAN_POINT('',(16.325,9.45,2.85));
#7318 = DIRECTION('',(0.,0.,1.));
#7319 = DIRECTION('',(1.,0.,0.));
#7320 = MANIFOLD_SOLID_BREP('',#7321);
#7321 = CLOSED_SHELL('',(#7322,#7362,#7402,#7424,#7446,#7458));
#7322 = ADVANCED_FACE('',(#7323),#7357,.F.);
#7323 = FACE_BOUND('',#7324,.F.);
#7324 = EDGE_LOOP('',(#7325,#7335,#7343,#7351));
#7325 = ORIENTED_EDGE('',*,*,#7326,.F.);
#7326 = EDGE_CURVE('',#7327,#7329,#7331,.T.);
#7327 = VERTEX_POINT('',#7328);
#7328 = CARTESIAN_POINT('',(37.15,-37.95,1.6));
#7329 = VERTEX_POINT('',#7330);
#7330 = CARTESIAN_POINT('',(37.15,-37.95,2.5));
#7331 = LINE('',#7332,#7333);
#7332 = CARTESIAN_POINT('',(37.15,-37.95,1.6));
#7333 = VECTOR('',#7334,1.);
#7334 = DIRECTION('',(0.,0.,1.));
#7335 = ORIENTED_EDGE('',*,*,#7336,.T.);
#7336 = EDGE_CURVE('',#7327,#7337,#7339,.T.);
#7337 = VERTEX_POINT('',#7338);
#7338 = CARTESIAN_POINT('',(37.15,-37.05,1.6));
#7339 = LINE('',#7340,#7341);
#7340 = CARTESIAN_POINT('',(37.15,-37.95,1.6));
#7341 = VECTOR('',#7342,1.);
#7342 = DIRECTION('',(0.,1.,0.));
#7343 = ORIENTED_EDGE('',*,*,#7344,.T.);
#7344 = EDGE_CURVE('',#7337,#7345,#7347,.T.);
#7345 = VERTEX_POINT('',#7346);
#7346 = CARTESIAN_POINT('',(37.15,-37.05,2.5));
#7347 = LINE('',#7348,#7349);
#7348 = CARTESIAN_POINT('',(37.15,-37.05,1.6));
#7349 = VECTOR('',#7350,1.);
#7350 = DIRECTION('',(0.,0.,1.));
#7351 = ORIENTED_EDGE('',*,*,#7352,.F.);
#7352 = EDGE_CURVE('',#7329,#7345,#7353,.T.);
#7353 = LINE('',#7354,#7355);
#7354 = CARTESIAN_POINT('',(37.15,-37.95,2.5));
#7355 = VECTOR('',#7356,1.);
#7356 = DIRECTION('',(0.,1.,0.));
#7357 = PLANE('',#7358);
#7358 = AXIS2_PLACEMENT_3D('',#7359,#7360,#7361);
#7359 = CARTESIAN_POINT('',(37.15,-37.95,1.6));
#7360 = DIRECTION('',(1.,0.,0.));
#7361 = DIRECTION('',(0.,0.,1.));
#7362 = ADVANCED_FACE('',(#7363),#7397,.T.);
#7363 = FACE_BOUND('',#7364,.T.);
#7364 = EDGE_LOOP('',(#7365,#7375,#7383,#7391));
#7365 = ORIENTED_EDGE('',*,*,#7366,.F.);
#7366 = EDGE_CURVE('',#7367,#7369,#7371,.T.);
#7367 = VERTEX_POINT('',#7368);
#7368 = CARTESIAN_POINT('',(38.85,-37.95,1.6));
#7369 = VERTEX_POINT('',#7370);
#7370 = CARTESIAN_POINT('',(38.85,-37.95,2.5));
#7371 = LINE('',#7372,#7373);
#7372 = CARTESIAN_POINT('',(38.85,-37.95,1.6));
#7373 = VECTOR('',#7374,1.);
#7374 = DIRECTION('',(0.,0.,1.));
#7375 = ORIENTED_EDGE('',*,*,#7376,.T.);
#7376 = EDGE_CURVE('',#7367,#7377,#7379,.T.);
#7377 = VERTEX_POINT('',#7378);
#7378 = CARTESIAN_POINT('',(38.85,-37.05,1.6));
#7379 = LINE('',#7380,#7381);
#7380 = CARTESIAN_POINT('',(38.85,-37.95,1.6));
#7381 = VECTOR('',#7382,1.);
#7382 = DIRECTION('',(0.,1.,0.));
#7383 = ORIENTED_EDGE('',*,*,#7384,.T.);
#7384 = EDGE_CURVE('',#7377,#7385,#7387,.T.);
#7385 = VERTEX_POINT('',#7386);
#7386 = CARTESIAN_POINT('',(38.85,-37.05,2.5));
#7387 = LINE('',#7388,#7389);
#7388 = CARTESIAN_POINT('',(38.85,-37.05,1.6));
#7389 = VECTOR('',#7390,1.);
#7390 = DIRECTION('',(0.,0.,1.));
#7391 = ORIENTED_EDGE('',*,*,#7392,.F.);
#7392 = EDGE_CURVE('',#7369,#7385,#7393,.T.);
#7393 = LINE('',#7394,#7395);
#7394 = CARTESIAN_POINT('',(38.85,-37.95,2.5));
#7395 = VECTOR('',#7396,1.);
#7396 = DIRECTION('',(0.,1.,0.));
#7397 = PLANE('',#7398);
#7398 = AXIS2_PLACEMENT_3D('',#7399,#7400,#7401);
#7399 = CARTESIAN_POINT('',(38.85,-37.95,1.6));
#7400 = DIRECTION('',(1.,0.,0.));
#7401 = DIRECTION('',(0.,0.,1.));
#7402 = ADVANCED_FACE('',(#7403),#7419,.F.);
#7403 = FACE_BOUND('',#7404,.F.);
#7404 = EDGE_LOOP('',(#7405,#7411,#7412,#7418));
#7405 = ORIENTED_EDGE('',*,*,#7406,.F.);
#7406 = EDGE_CURVE('',#7327,#7367,#7407,.T.);
#7407 = LINE('',#7408,#7409);
#7408 = CARTESIAN_POINT('',(37.15,-37.95,1.6));
#7409 = VECTOR('',#7410,1.);
#7410 = DIRECTION('',(1.,0.,0.));
#7411 = ORIENTED_EDGE('',*,*,#7326,.T.);
#7412 = ORIENTED_EDGE('',*,*,#7413,.T.);
#7413 = EDGE_CURVE('',#7329,#7369,#7414,.T.);
#7414 = LINE('',#7415,#7416);
#7415 = CARTESIAN_POINT('',(37.15,-37.95,2.5));
#7416 = VECTOR('',#7417,1.);
#7417 = DIRECTION('',(1.,0.,0.));
#7418 = ORIENTED_EDGE('',*,*,#7366,.F.);
#7419 = PLANE('',#7420);
#7420 = AXIS2_PLACEMENT_3D('',#7421,#7422,#7423);
#7421 = CARTESIAN_POINT('',(37.15,-37.95,1.6));
#7422 = DIRECTION('',(0.,1.,0.));
#7423 = DIRECTION('',(0.,0.,1.));
#7424 = ADVANCED_FACE('',(#7425),#7441,.T.);
#7425 = FACE_BOUND('',#7426,.T.);
#7426 = EDGE_LOOP('',(#7427,#7433,#7434,#7440));
#7427 = ORIENTED_EDGE('',*,*,#7428,.F.);
#7428 = EDGE_CURVE('',#7337,#7377,#7429,.T.);
#7429 = LINE('',#7430,#7431);
#7430 = CARTESIAN_POINT('',(37.15,-37.05,1.6));
#7431 = VECTOR('',#7432,1.);
#7432 = DIRECTION('',(1.,0.,0.));
#7433 = ORIENTED_EDGE('',*,*,#7344,.T.);
#7434 = ORIENTED_EDGE('',*,*,#7435,.T.);
#7435 = EDGE_CURVE('',#7345,#7385,#7436,.T.);
#7436 = LINE('',#7437,#7438);
#7437 = CARTESIAN_POINT('',(37.15,-37.05,2.5));
#7438 = VECTOR('',#7439,1.);
#7439 = DIRECTION('',(1.,0.,0.));
#7440 = ORIENTED_EDGE('',*,*,#7384,.F.);
#7441 = PLANE('',#7442);
#7442 = AXIS2_PLACEMENT_3D('',#7443,#7444,#7445);
#7443 = CARTESIAN_POINT('',(37.15,-37.05,1.6));
#7444 = DIRECTION('',(0.,1.,0.));
#7445 = DIRECTION('',(0.,0.,1.));
#7446 = ADVANCED_FACE('',(#7447),#7453,.F.);
#7447 = FACE_BOUND('',#7448,.F.);
#7448 = EDGE_LOOP('',(#7449,#7450,#7451,#7452));
#7449 = ORIENTED_EDGE('',*,*,#7336,.F.);
#7450 = ORIENTED_EDGE('',*,*,#7406,.T.);
#7451 = ORIENTED_EDGE('',*,*,#7376,.T.);
#7452 = ORIENTED_EDGE('',*,*,#7428,.F.);
#7453 = PLANE('',#7454);
#7454 = AXIS2_PLACEMENT_3D('',#7455,#7456,#7457);
#7455 = CARTESIAN_POINT('',(37.15,-37.95,1.6));
#7456 = DIRECTION('',(0.,0.,1.));
#7457 = DIRECTION('',(1.,0.,0.));
#7458 = ADVANCED_FACE('',(#7459),#7465,.T.);
#7459 = FACE_BOUND('',#7460,.T.);
#7460 = EDGE_LOOP('',(#7461,#7462,#7463,#7464));
#7461 = ORIENTED_EDGE('',*,*,#7352,.F.);
#7462 = ORIENTED_EDGE('',*,*,#7413,.T.);
#7463 = ORIENTED_EDGE('',*,*,#7392,.T.);
#7464 = ORIENTED_EDGE('',*,*,#7435,.F.);
#7465 = PLANE('',#7466);
#7466 = AXIS2_PLACEMENT_3D('',#7467,#7468,#7469);
#7467 = CARTESIAN_POINT('',(37.15,-37.95,2.5));
#7468 = DIRECTION('',(0.,0.,1.));
#7469 = DIRECTION('',(1.,0.,0.));
#7470 = MANIFOLD_SOLID_BREP('',#7471);
#7471 = CLOSED_SHELL('',(#7472,#7512,#7552,#7574,#7596,#7608));
#7472 = ADVANCED_FACE('',(#7473),#7507,.F.);
#7473 = FACE_BOUND('',#7474,.F.);
#7474 = EDGE_LOOP('',(#7475,#7485,#7493,#7501));
#7475 = ORIENTED_EDGE('',*,*,#7476,.F.);
#7476 = EDGE_CURVE('',#7477,#7479,#7481,.T.);
#7477 = VERTEX_POINT('',#7478);
#7478 = CARTESIAN_POINT('',(-39.25,13.85,1.6));
#7479 = VERTEX_POINT('',#7480);
#7480 = CARTESIAN_POINT('',(-39.25,13.85,23.6));
#7481 = LINE('',#7482,#7483);
#7482 = CARTESIAN_POINT('',(-39.25,13.85,1.6));
#7483 = VECTOR('',#7484,1.);
#7484 = DIRECTION('',(0.,0.,1.));
#7485 = ORIENTED_EDGE('',*,*,#7486,.T.);
#7486 = EDGE_CURVE('',#7477,#7487,#7489,.T.);
#7487 = VERTEX_POINT('',#7488);
#7488 = CARTESIAN_POINT('',(-39.25,39.75,1.6));
#7489 = LINE('',#7490,#7491);
#7490 = CARTESIAN_POINT('',(-39.25,13.85,1.6));
#7491 = VECTOR('',#7492,1.);
#7492 = DIRECTION('',(0.,1.,0.));
#7493 = ORIENTED_EDGE('',*,*,#7494,.T.);
#7494 = EDGE_CURVE('',#7487,#7495,#7497,.T.);
#7495 = VERTEX_POINT('',#7496);
#7496 = CARTESIAN_POINT('',(-39.25,39.75,23.6));
#7497 = LINE('',#7498,#7499);
#7498 = CARTESIAN_POINT('',(-39.25,39.75,1.6));
#7499 = VECTOR('',#7500,1.);
#7500 = DIRECTION('',(0.,0.,1.));
#7501 = ORIENTED_EDGE('',*,*,#7502,.F.);
#7502 = EDGE_CURVE('',#7479,#7495,#7503,.T.);
#7503 = LINE('',#7504,#7505);
#7504 = CARTESIAN_POINT('',(-39.25,13.85,23.6));
#7505 = VECTOR('',#7506,1.);
#7506 = DIRECTION('',(0.,1.,0.));
#7507 = PLANE('',#7508);
#7508 = AXIS2_PLACEMENT_3D('',#7509,#7510,#7511);
#7509 = CARTESIAN_POINT('',(-39.25,13.85,1.6));
#7510 = DIRECTION('',(1.,0.,0.));
#7511 = DIRECTION('',(0.,0.,1.));
#7512 = ADVANCED_FACE('',(#7513),#7547,.T.);
#7513 = FACE_BOUND('',#7514,.T.);
#7514 = EDGE_LOOP('',(#7515,#7525,#7533,#7541));
#7515 = ORIENTED_EDGE('',*,*,#7516,.F.);
#7516 = EDGE_CURVE('',#7517,#7519,#7521,.T.);
#7517 = VERTEX_POINT('',#7518);
#7518 = CARTESIAN_POINT('',(6.95,13.85,1.6));
#7519 = VERTEX_POINT('',#7520);
#7520 = CARTESIAN_POINT('',(6.95,13.85,23.6));
#7521 = LINE('',#7522,#7523);
#7522 = CARTESIAN_POINT('',(6.95,13.85,1.6));
#7523 = VECTOR('',#7524,1.);
#7524 = DIRECTION('',(0.,0.,1.));
#7525 = ORIENTED_EDGE('',*,*,#7526,.T.);
#7526 = EDGE_CURVE('',#7517,#7527,#7529,.T.);
#7527 = VERTEX_POINT('',#7528);
#7528 = CARTESIAN_POINT('',(6.95,39.75,1.6));
#7529 = LINE('',#7530,#7531);
#7530 = CARTESIAN_POINT('',(6.95,13.85,1.6));
#7531 = VECTOR('',#7532,1.);
#7532 = DIRECTION('',(0.,1.,0.));
#7533 = ORIENTED_EDGE('',*,*,#7534,.T.);
#7534 = EDGE_CURVE('',#7527,#7535,#7537,.T.);
#7535 = VERTEX_POINT('',#7536);
#7536 = CARTESIAN_POINT('',(6.95,39.75,23.6));
#7537 = LINE('',#7538,#7539);
#7538 = CARTESIAN_POINT('',(6.95,39.75,1.6));
#7539 = VECTOR('',#7540,1.);
#7540 = DIRECTION('',(0.,0.,1.));
#7541 = ORIENTED_EDGE('',*,*,#7542,.F.);
#7542 = EDGE_CURVE('',#7519,#7535,#7543,.T.);
#7543 = LINE('',#7544,#7545);
#7544 = CARTESIAN_POINT('',(6.95,13.85,23.6));
#7545 = VECTOR('',#7546,1.);
#7546 = DIRECTION('',(0.,1.,0.));
#7547 = PLANE('',#7548);
#7548 = AXIS2_PLACEMENT_3D('',#7549,#7550,#7551);
#7549 = CARTESIAN_POINT('',(6.95,13.85,1.6));
#7550 = DIRECTION('',(1.,0.,0.));
#7551 = DIRECTION('',(0.,0.,1.));
#7552 = ADVANCED_FACE('',(#7553),#7569,.F.);
#7553 = FACE_BOUND('',#7554,.F.);
#7554 = EDGE_LOOP('',(#7555,#7561,#7562,#7568));
#7555 = ORIENTED_EDGE('',*,*,#7556,.F.);
#7556 = EDGE_CURVE('',#7477,#7517,#7557,.T.);
#7557 = LINE('',#7558,#7559);
#7558 = CARTESIAN_POINT('',(-39.25,13.85,1.6));
#7559 = VECTOR('',#7560,1.);
#7560 = DIRECTION('',(1.,0.,0.));
#7561 = ORIENTED_EDGE('',*,*,#7476,.T.);
#7562 = ORIENTED_EDGE('',*,*,#7563,.T.);
#7563 = EDGE_CURVE('',#7479,#7519,#7564,.T.);
#7564 = LINE('',#7565,#7566);
#7565 = CARTESIAN_POINT('',(-39.25,13.85,23.6));
#7566 = VECTOR('',#7567,1.);
#7567 = DIRECTION('',(1.,0.,0.));
#7568 = ORIENTED_EDGE('',*,*,#7516,.F.);
#7569 = PLANE('',#7570);
#7570 = AXIS2_PLACEMENT_3D('',#7571,#7572,#7573);
#7571 = CARTESIAN_POINT('',(-39.25,13.85,1.6));
#7572 = DIRECTION('',(0.,1.,0.));
#7573 = DIRECTION('',(0.,0.,1.));
#7574 = ADVANCED_FACE('',(#7575),#7591,.T.);
#7575 = FACE_BOUND('',#7576,.T.);
#7576 = EDGE_LOOP('',(#7577,#7583,#7584,#7590));
#7577 = ORIENTED_EDGE('',*,*,#7578,.F.);
#7578 = EDGE_CURVE('',#7487,#7527,#7579,.T.);
#7579 = LINE('',#7580,#7581);
#7580 = CARTESIAN_POINT('',(-39.25,39.75,1.6));
#7581 = VECTOR('',#7582,1.);
#7582 = DIRECTION('',(1.,0.,0.));
#7583 = ORIENTED_EDGE('',*,*,#7494,.T.);
#7584 = ORIENTED_EDGE('',*,*,#7585,.T.);
#7585 = EDGE_CURVE('',#7495,#7535,#7586,.T.);
#7586 = LINE('',#7587,#7588);
#7587 = CARTESIAN_POINT('',(-39.25,39.75,23.6));
#7588 = VECTOR('',#7589,1.);
#7589 = DIRECTION('',(1.,0.,0.));
#7590 = ORIENTED_EDGE('',*,*,#7534,.F.);
#7591 = PLANE('',#7592);
#7592 = AXIS2_PLACEMENT_3D('',#7593,#7594,#7595);
#7593 = CARTESIAN_POINT('',(-39.25,39.75,1.6));
#7594 = DIRECTION('',(0.,1.,0.));
#7595 = DIRECTION('',(0.,0.,1.));
#7596 = ADVANCED_FACE('',(#7597),#7603,.F.);
#7597 = FACE_BOUND('',#7598,.F.);
#7598 = EDGE_LOOP('',(#7599,#7600,#7601,#7602));
#7599 = ORIENTED_EDGE('',*,*,#7486,.F.);
#7600 = ORIENTED_EDGE('',*,*,#7556,.T.);
#7601 = ORIENTED_EDGE('',*,*,#7526,.T.);
#7602 = ORIENTED_EDGE('',*,*,#7578,.F.);
#7603 = PLANE('',#7604);
#7604 = AXIS2_PLACEMENT_3D('',#7605,#7606,#7607);
#7605 = CARTESIAN_POINT('',(-39.25,13.85,1.6));
#7606 = DIRECTION('',(0.,0.,1.));
#7607 = DIRECTION('',(1.,0.,0.));
#7608 = ADVANCED_FACE('',(#7609),#7615,.T.);
#7609 = FACE_BOUND('',#7610,.T.);
#7610 = EDGE_LOOP('',(#7611,#7612,#7613,#7614));
#7611 = ORIENTED_EDGE('',*,*,#7502,.F.);
#7612 = ORIENTED_EDGE('',*,*,#7563,.T.);
#7613 = ORIENTED_EDGE('',*,*,#7542,.T.);
#7614 = ORIENTED_EDGE('',*,*,#7585,.F.);
#7615 = PLANE('',#7616);
#7616 = AXIS2_PLACEMENT_3D('',#7617,#7618,#7619);
#7617 = CARTESIAN_POINT('',(-39.25,13.85,23.6));
#7618 = DIRECTION('',(0.,0.,1.));
#7619 = DIRECTION('',(1.,0.,0.));
#7620 = MANIFOLD_SOLID_BREP('',#7621);
#7621 = CLOSED_SHELL('',(#7622,#7655,#7664));
#7622 = ADVANCED_FACE('',(#7623),#7650,.T.);
#7623 = FACE_BOUND('',#7624,.T.);
#7624 = EDGE_LOOP('',(#7625,#7634,#7642,#7649));
#7625 = ORIENTED_EDGE('',*,*,#7626,.F.);
#7626 = EDGE_CURVE('',#7627,#7627,#7629,.T.);
#7627 = VERTEX_POINT('',#7628);
#7628 = CARTESIAN_POINT('',(-34.9,28.3,1.6));
#7629 = CIRCLE('',#7630,0.5);
#7630 = AXIS2_PLACEMENT_3D('',#7631,#7632,#7633);
#7631 = CARTESIAN_POINT('',(-35.4,28.3,1.6));
#7632 = DIRECTION('',(0.,0.,1.));
#7633 = DIRECTION('',(1.,0.,0.));
#7634 = ORIENTED_EDGE('',*,*,#7635,.F.);
#7635 = EDGE_CURVE('',#7636,#7627,#7638,.T.);
#7636 = VERTEX_POINT('',#7637);
#7637 = CARTESIAN_POINT('',(-34.9,28.3,-2.9));
#7638 = LINE('',#7639,#7640);
#7639 = CARTESIAN_POINT('',(-34.9,28.3,-2.9));
#7640 = VECTOR('',#7641,1.);
#7641 = DIRECTION('',(0.,0.,1.));
#7642 = ORIENTED_EDGE('',*,*,#7643,.T.);
#7643 = EDGE_CURVE('',#7636,#7636,#7644,.T.);
#7644 = CIRCLE('',#7645,0.5);
#7645 = AXIS2_PLACEMENT_3D('',#7646,#7647,#7648);
#7646 = CARTESIAN_POINT('',(-35.4,28.3,-2.9));
#7647 = DIRECTION('',(0.,0.,1.));
#7648 = DIRECTION('',(1.,0.,0.));
#7649 = ORIENTED_EDGE('',*,*,#7635,.T.);
#7650 = CYLINDRICAL_SURFACE('',#7651,0.5);
#7651 = AXIS2_PLACEMENT_3D('',#7652,#7653,#7654);
#7652 = CARTESIAN_POINT('',(-35.4,28.3,-2.9));
#7653 = DIRECTION('',(0.,0.,1.));
#7654 = DIRECTION('',(1.,0.,0.));
#7655 = ADVANCED_FACE('',(#7656),#7659,.T.);
#7656 = FACE_BOUND('',#7657,.T.);
#7657 = EDGE_LOOP('',(#7658));
#7658 = ORIENTED_EDGE('',*,*,#7626,.T.);
#7659 = PLANE('',#7660);
#7660 = AXIS2_PLACEMENT_3D('',#7661,#7662,#7663);
#7661 = CARTESIAN_POINT('',(-35.4,28.3,1.6));
#7662 = DIRECTION('',(0.,0.,1.));
#7663 = DIRECTION('',(1.,0.,0.));
#7664 = ADVANCED_FACE('',(#7665),#7668,.F.);
#7665 = FACE_BOUND('',#7666,.T.);
#7666 = EDGE_LOOP('',(#7667));
#7667 = ORIENTED_EDGE('',*,*,#7643,.F.);
#7668 = PLANE('',#7669);
#7669 = AXIS2_PLACEMENT_3D('',#7670,#7671,#7672);
#7670 = CARTESIAN_POINT('',(-35.4,28.3,-2.9));
#7671 = DIRECTION('',(0.,0.,1.));
#7672 = DIRECTION('',(1.,0.,0.));
#7673 = MANIFOLD_SOLID_BREP('',#7674);
#7674 = CLOSED_SHELL('',(#7675,#7708,#7717));
#7675 = ADVANCED_FACE('',(#7676),#7703,.T.);
#7676 = FACE_BOUND('',#7677,.T.);
#7677 = EDGE_LOOP('',(#7678,#7687,#7695,#7702));
#7678 = ORIENTED_EDGE('',*,*,#7679,.F.);
#7679 = EDGE_CURVE('',#7680,#7680,#7682,.T.);
#7680 = VERTEX_POINT('',#7681);
#7681 = CARTESIAN_POINT('',(-34.9,17.55,1.6));
#7682 = CIRCLE('',#7683,0.5);
#7683 = AXIS2_PLACEMENT_3D('',#7684,#7685,#7686);
#7684 = CARTESIAN_POINT('',(-35.4,17.55,1.6));
#7685 = DIRECTION('',(0.,0.,1.));
#7686 = DIRECTION('',(1.,0.,0.));
#7687 = ORIENTED_EDGE('',*,*,#7688,.F.);
#7688 = EDGE_CURVE('',#7689,#7680,#7691,.T.);
#7689 = VERTEX_POINT('',#7690);
#7690 = CARTESIAN_POINT('',(-34.9,17.55,-2.9));
#7691 = LINE('',#7692,#7693);
#7692 = CARTESIAN_POINT('',(-34.9,17.55,-2.9));
#7693 = VECTOR('',#7694,1.);
#7694 = DIRECTION('',(0.,0.,1.));
#7695 = ORIENTED_EDGE('',*,*,#7696,.T.);
#7696 = EDGE_CURVE('',#7689,#7689,#7697,.T.);
#7697 = CIRCLE('',#7698,0.5);
#7698 = AXIS2_PLACEMENT_3D('',#7699,#7700,#7701);
#7699 = CARTESIAN_POINT('',(-35.4,17.55,-2.9));
#7700 = DIRECTION('',(0.,0.,1.));
#7701 = DIRECTION('',(1.,0.,0.));
#7702 = ORIENTED_EDGE('',*,*,#7688,.T.);
#7703 = CYLINDRICAL_SURFACE('',#7704,0.5);
#7704 = AXIS2_PLACEMENT_3D('',#7705,#7706,#7707);
#7705 = CARTESIAN_POINT('',(-35.4,17.55,-2.9));
#7706 = DIRECTION('',(0.,0.,1.));
#7707 = DIRECTION('',(1.,0.,0.));
#7708 = ADVANCED_FACE('',(#7709),#7712,.T.);
#7709 = FACE_BOUND('',#7710,.T.);
#7710 = EDGE_LOOP('',(#7711));
#7711 = ORIENTED_EDGE('',*,*,#7679,.T.);
#7712 = PLANE('',#7713);
#7713 = AXIS2_PLACEMENT_3D('',#7714,#7715,#7716);
#7714 = CARTESIAN_POINT('',(-35.4,17.55,1.6));
#7715 = DIRECTION('',(0.,0.,1.));
#7716 = DIRECTION('',(1.,0.,0.));
#7717 = ADVANCED_FACE('',(#7718),#7721,.F.);
#7718 = FACE_BOUND('',#7719,.T.);
#7719 = EDGE_LOOP('',(#7720));
#7720 = ORIENTED_EDGE('',*,*,#7696,.F.);
#7721 = PLANE('',#7722);
#7722 = AXIS2_PLACEMENT_3D('',#7723,#7724,#7725);
#7723 = CARTESIAN_POINT('',(-35.4,17.55,-2.9));
#7724 = DIRECTION('',(0.,0.,1.));
#7725 = DIRECTION('',(1.,0.,0.));
#7726 = MANIFOLD_SOLID_BREP('',#7727);
#7727 = CLOSED_SHELL('',(#7728,#7761,#7770));
#7728 = ADVANCED_FACE('',(#7729),#7756,.T.);
#7729 = FACE_BOUND('',#7730,.T.);
#7730 = EDGE_LOOP('',(#7731,#7740,#7748,#7755));
#7731 = ORIENTED_EDGE('',*,*,#7732,.F.);
#7732 = EDGE_CURVE('',#7733,#7733,#7735,.T.);
#7733 = VERTEX_POINT('',#7734);
#7734 = CARTESIAN_POINT('',(3.6,17.55,1.6));
#7735 = CIRCLE('',#7736,0.5);
#7736 = AXIS2_PLACEMENT_3D('',#7737,#7738,#7739);
#7737 = CARTESIAN_POINT('',(3.1,17.55,1.6));
#7738 = DIRECTION('',(0.,0.,1.));
#7739 = DIRECTION('',(1.,0.,0.));
#7740 = ORIENTED_EDGE('',*,*,#7741,.F.);
#7741 = EDGE_CURVE('',#7742,#7733,#7744,.T.);
#7742 = VERTEX_POINT('',#7743);
#7743 = CARTESIAN_POINT('',(3.6,17.55,-2.9));
#7744 = LINE('',#7745,#7746);
#7745 = CARTESIAN_POINT('',(3.6,17.55,-2.9));
#7746 = VECTOR('',#7747,1.);
#7747 = DIRECTION('',(0.,0.,1.));
#7748 = ORIENTED_EDGE('',*,*,#7749,.T.);
#7749 = EDGE_CURVE('',#7742,#7742,#7750,.T.);
#7750 = CIRCLE('',#7751,0.5);
#7751 = AXIS2_PLACEMENT_3D('',#7752,#7753,#7754);
#7752 = CARTESIAN_POINT('',(3.1,17.55,-2.9));
#7753 = DIRECTION('',(0.,0.,1.));
#7754 = DIRECTION('',(1.,0.,0.));
#7755 = ORIENTED_EDGE('',*,*,#7741,.T.);
#7756 = CYLINDRICAL_SURFACE('',#7757,0.5);
#7757 = AXIS2_PLACEMENT_3D('',#7758,#7759,#7760);
#7758 = CARTESIAN_POINT('',(3.1,17.55,-2.9));
#7759 = DIRECTION('',(0.,0.,1.));
#7760 = DIRECTION('',(1.,0.,0.));
#7761 = ADVANCED_FACE('',(#7762),#7765,.T.);
#7762 = FACE_BOUND('',#7763,.T.);
#7763 = EDGE_LOOP('',(#7764));
#7764 = ORIENTED_EDGE('',*,*,#7732,.T.);
#7765 = PLANE('',#7766);
#7766 = AXIS2_PLACEMENT_3D('',#7767,#7768,#7769);
#7767 = CARTESIAN_POINT('',(3.1,17.55,1.6));
#7768 = DIRECTION('',(0.,0.,1.));
#7769 = DIRECTION('',(1.,0.,0.));
#7770 = ADVANCED_FACE('',(#7771),#7774,.F.);
#7771 = FACE_BOUND('',#7772,.T.);
#7772 = EDGE_LOOP('',(#7773));
#7773 = ORIENTED_EDGE('',*,*,#7749,.F.);
#7774 = PLANE('',#7775);
#7775 = AXIS2_PLACEMENT_3D('',#7776,#7777,#7778);
#7776 = CARTESIAN_POINT('',(3.1,17.55,-2.9));
#7777 = DIRECTION('',(0.,0.,1.));
#7778 = DIRECTION('',(1.,0.,0.));
#7779 = MANIFOLD_SOLID_BREP('',#7780);
#7780 = CLOSED_SHELL('',(#7781,#7814,#7823));
#7781 = ADVANCED_FACE('',(#7782),#7809,.T.);
#7782 = FACE_BOUND('',#7783,.T.);
#7783 = EDGE_LOOP('',(#7784,#7793,#7801,#7808));
#7784 = ORIENTED_EDGE('',*,*,#7785,.F.);
#7785 = EDGE_CURVE('',#7786,#7786,#7788,.T.);
#7786 = VERTEX_POINT('',#7787);
#7787 = CARTESIAN_POINT('',(3.6,25.55,1.6));
#7788 = CIRCLE('',#7789,0.5);
#7789 = AXIS2_PLACEMENT_3D('',#7790,#7791,#7792);
#7790 = CARTESIAN_POINT('',(3.1,25.55,1.6));
#7791 = DIRECTION('',(0.,0.,1.));
#7792 = DIRECTION('',(1.,0.,0.));
#7793 = ORIENTED_EDGE('',*,*,#7794,.F.);
#7794 = EDGE_CURVE('',#7795,#7786,#7797,.T.);
#7795 = VERTEX_POINT('',#7796);
#7796 = CARTESIAN_POINT('',(3.6,25.55,-2.9));
#7797 = LINE('',#7798,#7799);
#7798 = CARTESIAN_POINT('',(3.6,25.55,-2.9));
#7799 = VECTOR('',#7800,1.);
#7800 = DIRECTION('',(0.,0.,1.));
#7801 = ORIENTED_EDGE('',*,*,#7802,.T.);
#7802 = EDGE_CURVE('',#7795,#7795,#7803,.T.);
#7803 = CIRCLE('',#7804,0.5);
#7804 = AXIS2_PLACEMENT_3D('',#7805,#7806,#7807);
#7805 = CARTESIAN_POINT('',(3.1,25.55,-2.9));
#7806 = DIRECTION('',(0.,0.,1.));
#7807 = DIRECTION('',(1.,0.,0.));
#7808 = ORIENTED_EDGE('',*,*,#7794,.T.);
#7809 = CYLINDRICAL_SURFACE('',#7810,0.5);
#7810 = AXIS2_PLACEMENT_3D('',#7811,#7812,#7813);
#7811 = CARTESIAN_POINT('',(3.1,25.55,-2.9));
#7812 = DIRECTION('',(0.,0.,1.));
#7813 = DIRECTION('',(1.,0.,0.));
#7814 = ADVANCED_FACE('',(#7815),#7818,.T.);
#7815 = FACE_BOUND('',#7816,.T.);
#7816 = EDGE_LOOP('',(#7817));
#7817 = ORIENTED_EDGE('',*,*,#7785,.T.);
#7818 = PLANE('',#7819);
#7819 = AXIS2_PLACEMENT_3D('',#7820,#7821,#7822);
#7820 = CARTESIAN_POINT('',(3.1,25.55,1.6));
#7821 = DIRECTION('',(0.,0.,1.));
#7822 = DIRECTION('',(1.,0.,0.));
#7823 = ADVANCED_FACE('',(#7824),#7827,.F.);
#7824 = FACE_BOUND('',#7825,.T.);
#7825 = EDGE_LOOP('',(#7826));
#7826 = ORIENTED_EDGE('',*,*,#7802,.F.);
#7827 = PLANE('',#7828);
#7828 = AXIS2_PLACEMENT_3D('',#7829,#7830,#7831);
#7829 = CARTESIAN_POINT('',(3.1,25.55,-2.9));
#7830 = DIRECTION('',(0.,0.,1.));
#7831 = DIRECTION('',(1.,0.,0.));
#7832 = MANIFOLD_SOLID_BREP('',#7833);
#7833 = CLOSED_SHELL('',(#7834,#7874,#7914,#7936,#7958,#7970));
#7834 = ADVANCED_FACE('',(#7835),#7869,.F.);
#7835 = FACE_BOUND('',#7836,.F.);
#7836 = EDGE_LOOP('',(#7837,#7847,#7855,#7863));
#7837 = ORIENTED_EDGE('',*,*,#7838,.F.);
#7838 = EDGE_CURVE('',#7839,#7841,#7843,.T.);
#7839 = VERTEX_POINT('',#7840);
#7840 = CARTESIAN_POINT('',(34.95,-28.05,1.6));
#7841 = VERTEX_POINT('',#7842);
#7842 = CARTESIAN_POINT('',(34.95,-28.05,5.9));
#7843 = LINE('',#7844,#7845);
#7844 = CARTESIAN_POINT('',(34.95,-28.05,1.6));
#7845 = VECTOR('',#7846,1.);
#7846 = DIRECTION('',(0.,0.,1.));
#7847 = ORIENTED_EDGE('',*,*,#7848,.T.);
#7848 = EDGE_CURVE('',#7839,#7849,#7851,.T.);
#7849 = VERTEX_POINT('',#7850);
#7850 = CARTESIAN_POINT('',(34.95,-21.95,1.6));
#7851 = LINE('',#7852,#7853);
#7852 = CARTESIAN_POINT('',(34.95,-28.05,1.6));
#7853 = VECTOR('',#7854,1.);
#7854 = DIRECTION('',(0.,1.,0.));
#7855 = ORIENTED_EDGE('',*,*,#7856,.T.);
#7856 = EDGE_CURVE('',#7849,#7857,#7859,.T.);
#7857 = VERTEX_POINT('',#7858);
#7858 = CARTESIAN_POINT('',(34.95,-21.95,5.9));
#7859 = LINE('',#7860,#7861);
#7860 = CARTESIAN_POINT('',(34.95,-21.95,1.6));
#7861 = VECTOR('',#7862,1.);
#7862 = DIRECTION('',(0.,0.,1.));
#7863 = ORIENTED_EDGE('',*,*,#7864,.F.);
#7864 = EDGE_CURVE('',#7841,#7857,#7865,.T.);
#7865 = LINE('',#7866,#7867);
#7866 = CARTESIAN_POINT('',(34.95,-28.05,5.9));
#7867 = VECTOR('',#7868,1.);
#7868 = DIRECTION('',(0.,1.,0.));
#7869 = PLANE('',#7870);
#7870 = AXIS2_PLACEMENT_3D('',#7871,#7872,#7873);
#7871 = CARTESIAN_POINT('',(34.95,-28.05,1.6));
#7872 = DIRECTION('',(1.,0.,0.));
#7873 = DIRECTION('',(0.,0.,1.));
#7874 = ADVANCED_FACE('',(#7875),#7909,.T.);
#7875 = FACE_BOUND('',#7876,.T.);
#7876 = EDGE_LOOP('',(#7877,#7887,#7895,#7903));
#7877 = ORIENTED_EDGE('',*,*,#7878,.F.);
#7878 = EDGE_CURVE('',#7879,#7881,#7883,.T.);
#7879 = VERTEX_POINT('',#7880);
#7880 = CARTESIAN_POINT('',(41.05,-28.05,1.6));
#7881 = VERTEX_POINT('',#7882);
#7882 = CARTESIAN_POINT('',(41.05,-28.05,5.9));
#7883 = LINE('',#7884,#7885);
#7884 = CARTESIAN_POINT('',(41.05,-28.05,1.6));
#7885 = VECTOR('',#7886,1.);
#7886 = DIRECTION('',(0.,0.,1.));
#7887 = ORIENTED_EDGE('',*,*,#7888,.T.);
#7888 = EDGE_CURVE('',#7879,#7889,#7891,.T.);
#7889 = VERTEX_POINT('',#7890);
#7890 = CARTESIAN_POINT('',(41.05,-21.95,1.6));
#7891 = LINE('',#7892,#7893);
#7892 = CARTESIAN_POINT('',(41.05,-28.05,1.6));
#7893 = VECTOR('',#7894,1.);
#7894 = DIRECTION('',(0.,1.,0.));
#7895 = ORIENTED_EDGE('',*,*,#7896,.T.);
#7896 = EDGE_CURVE('',#7889,#7897,#7899,.T.);
#7897 = VERTEX_POINT('',#7898);
#7898 = CARTESIAN_POINT('',(41.05,-21.95,5.9));
#7899 = LINE('',#7900,#7901);
#7900 = CARTESIAN_POINT('',(41.05,-21.95,1.6));
#7901 = VECTOR('',#7902,1.);
#7902 = DIRECTION('',(0.,0.,1.));
#7903 = ORIENTED_EDGE('',*,*,#7904,.F.);
#7904 = EDGE_CURVE('',#7881,#7897,#7905,.T.);
#7905 = LINE('',#7906,#7907);
#7906 = CARTESIAN_POINT('',(41.05,-28.05,5.9));
#7907 = VECTOR('',#7908,1.);
#7908 = DIRECTION('',(0.,1.,0.));
#7909 = PLANE('',#7910);
#7910 = AXIS2_PLACEMENT_3D('',#7911,#7912,#7913);
#7911 = CARTESIAN_POINT('',(41.05,-28.05,1.6));
#7912 = DIRECTION('',(1.,0.,0.));
#7913 = DIRECTION('',(0.,0.,1.));
#7914 = ADVANCED_FACE('',(#7915),#7931,.F.);
#7915 = FACE_BOUND('',#7916,.F.);
#7916 = EDGE_LOOP('',(#7917,#7923,#7924,#7930));
#7917 = ORIENTED_EDGE('',*,*,#7918,.F.);
#7918 = EDGE_CURVE('',#7839,#7879,#7919,.T.);
#7919 = LINE('',#7920,#7921);
#7920 = CARTESIAN_POINT('',(34.95,-28.05,1.6));
#7921 = VECTOR('',#7922,1.);
#7922 = DIRECTION('',(1.,0.,0.));
#7923 = ORIENTED_EDGE('',*,*,#7838,.T.);
#7924 = ORIENTED_EDGE('',*,*,#7925,.T.);
#7925 = EDGE_CURVE('',#7841,#7881,#7926,.T.);
#7926 = LINE('',#7927,#7928);
#7927 = CARTESIAN_POINT('',(34.95,-28.05,5.9));
#7928 = VECTOR('',#7929,1.);
#7929 = DIRECTION('',(1.,0.,0.));
#7930 = ORIENTED_EDGE('',*,*,#7878,.F.);
#7931 = PLANE('',#7932);
#7932 = AXIS2_PLACEMENT_3D('',#7933,#7934,#7935);
#7933 = CARTESIAN_POINT('',(34.95,-28.05,1.6));
#7934 = DIRECTION('',(0.,1.,0.));
#7935 = DIRECTION('',(0.,0.,1.));
#7936 = ADVANCED_FACE('',(#7937),#7953,.T.);
#7937 = FACE_BOUND('',#7938,.T.);
#7938 = EDGE_LOOP('',(#7939,#7945,#7946,#7952));
#7939 = ORIENTED_EDGE('',*,*,#7940,.F.);
#7940 = EDGE_CURVE('',#7849,#7889,#7941,.T.);
#7941 = LINE('',#7942,#7943);
#7942 = CARTESIAN_POINT('',(34.95,-21.95,1.6));
#7943 = VECTOR('',#7944,1.);
#7944 = DIRECTION('',(1.,0.,0.));
#7945 = ORIENTED_EDGE('',*,*,#7856,.T.);
#7946 = ORIENTED_EDGE('',*,*,#7947,.T.);
#7947 = EDGE_CURVE('',#7857,#7897,#7948,.T.);
#7948 = LINE('',#7949,#7950);
#7949 = CARTESIAN_POINT('',(34.95,-21.95,5.9));
#7950 = VECTOR('',#7951,1.);
#7951 = DIRECTION('',(1.,0.,0.));
#7952 = ORIENTED_EDGE('',*,*,#7896,.F.);
#7953 = PLANE('',#7954);
#7954 = AXIS2_PLACEMENT_3D('',#7955,#7956,#7957);
#7955 = CARTESIAN_POINT('',(34.95,-21.95,1.6));
#7956 = DIRECTION('',(0.,1.,0.));
#7957 = DIRECTION('',(0.,0.,1.));
#7958 = ADVANCED_FACE('',(#7959),#7965,.F.);
#7959 = FACE_BOUND('',#7960,.F.);
#7960 = EDGE_LOOP('',(#7961,#7962,#7963,#7964));
#7961 = ORIENTED_EDGE('',*,*,#7848,.F.);
#7962 = ORIENTED_EDGE('',*,*,#7918,.T.);
#7963 = ORIENTED_EDGE('',*,*,#7888,.T.);
#7964 = ORIENTED_EDGE('',*,*,#7940,.F.);
#7965 = PLANE('',#7966);
#7966 = AXIS2_PLACEMENT_3D('',#7967,#7968,#7969);
#7967 = CARTESIAN_POINT('',(34.95,-28.05,1.6));
#7968 = DIRECTION('',(0.,0.,1.));
#7969 = DIRECTION('',(1.,0.,0.));
#7970 = ADVANCED_FACE('',(#7971),#7977,.T.);
#7971 = FACE_BOUND('',#7972,.T.);
#7972 = EDGE_LOOP('',(#7973,#7974,#7975,#7976));
#7973 = ORIENTED_EDGE('',*,*,#7864,.F.);
#7974 = ORIENTED_EDGE('',*,*,#7925,.T.);
#7975 = ORIENTED_EDGE('',*,*,#7904,.T.);
#7976 = ORIENTED_EDGE('',*,*,#7947,.F.);
#7977 = PLANE('',#7978);
#7978 = AXIS2_PLACEMENT_3D('',#7979,#7980,#7981);
#7979 = CARTESIAN_POINT('',(34.95,-28.05,5.9));
#7980 = DIRECTION('',(0.,0.,1.));
#7981 = DIRECTION('',(1.,0.,0.));
#7982 = MANIFOLD_SOLID_BREP('',#7983);
#7983 = CLOSED_SHELL('',(#7984,#8017,#8026));
#7984 = ADVANCED_FACE('',(#7985),#8012,.T.);
#7985 = FACE_BOUND('',#7986,.T.);
#7986 = EDGE_LOOP('',(#7987,#7996,#8004,#8011));
#7987 = ORIENTED_EDGE('',*,*,#7988,.F.);
#7988 = EDGE_CURVE('',#7989,#7989,#7991,.T.);
#7989 = VERTEX_POINT('',#7990);
#7990 = CARTESIAN_POINT('',(35.2,-22.75,1.6));
#7991 = CIRCLE('',#7992,0.45);
#7992 = AXIS2_PLACEMENT_3D('',#7993,#7994,#7995);
#7993 = CARTESIAN_POINT('',(34.75,-22.75,1.6));
#7994 = DIRECTION('',(0.,0.,1.));
#7995 = DIRECTION('',(1.,0.,0.));
#7996 = ORIENTED_EDGE('',*,*,#7997,.F.);
#7997 = EDGE_CURVE('',#7998,#7989,#8000,.T.);
#7998 = VERTEX_POINT('',#7999);
#7999 = CARTESIAN_POINT('',(35.2,-22.75,-3.));
#8000 = LINE('',#8001,#8002);
#8001 = CARTESIAN_POINT('',(35.2,-22.75,-3.));
#8002 = VECTOR('',#8003,1.);
#8003 = DIRECTION('',(0.,0.,1.));
#8004 = ORIENTED_EDGE('',*,*,#8005,.T.);
#8005 = EDGE_CURVE('',#7998,#7998,#8006,.T.);
#8006 = CIRCLE('',#8007,0.45);
#8007 = AXIS2_PLACEMENT_3D('',#8008,#8009,#8010);
#8008 = CARTESIAN_POINT('',(34.75,-22.75,-3.));
#8009 = DIRECTION('',(0.,0.,1.));
#8010 = DIRECTION('',(1.,0.,0.));
#8011 = ORIENTED_EDGE('',*,*,#7997,.T.);
#8012 = CYLINDRICAL_SURFACE('',#8013,0.45);
#8013 = AXIS2_PLACEMENT_3D('',#8014,#8015,#8016);
#8014 = CARTESIAN_POINT('',(34.75,-22.75,-3.));
#8015 = DIRECTION('',(0.,0.,1.));
#8016 = DIRECTION('',(1.,0.,0.));
#8017 = ADVANCED_FACE('',(#8018),#8021,.T.);
#8018 = FACE_BOUND('',#8019,.T.);
#8019 = EDGE_LOOP('',(#8020));
#8020 = ORIENTED_EDGE('',*,*,#7988,.T.);
#8021 = PLANE('',#8022);
#8022 = AXIS2_PLACEMENT_3D('',#8023,#8024,#8025);
#8023 = CARTESIAN_POINT('',(34.75,-22.75,1.6));
#8024 = DIRECTION('',(0.,0.,1.));
#8025 = DIRECTION('',(1.,0.,0.));
#8026 = ADVANCED_FACE('',(#8027),#8030,.F.);
#8027 = FACE_BOUND('',#8028,.T.);
#8028 = EDGE_LOOP('',(#8029));
#8029 = ORIENTED_EDGE('',*,*,#8005,.F.);
#8030 = PLANE('',#8031);
#8031 = AXIS2_PLACEMENT_3D('',#8032,#8033,#8034);
#8032 = CARTESIAN_POINT('',(34.75,-22.75,-3.));
#8033 = DIRECTION('',(0.,0.,1.));
#8034 = DIRECTION('',(1.,0.,0.));
#8035 = MANIFOLD_SOLID_BREP('',#8036);
#8036 = CLOSED_SHELL('',(#8037,#8070,#8079));
#8037 = ADVANCED_FACE('',(#8038),#8065,.T.);
#8038 = FACE_BOUND('',#8039,.T.);
#8039 = EDGE_LOOP('',(#8040,#8049,#8057,#8064));
#8040 = ORIENTED_EDGE('',*,*,#8041,.F.);
#8041 = EDGE_CURVE('',#8042,#8042,#8044,.T.);
#8042 = VERTEX_POINT('',#8043);
#8043 = CARTESIAN_POINT('',(41.7,-22.75,1.6));
#8044 = CIRCLE('',#8045,0.45);
#8045 = AXIS2_PLACEMENT_3D('',#8046,#8047,#8048);
#8046 = CARTESIAN_POINT('',(41.25,-22.75,1.6));
#8047 = DIRECTION('',(0.,0.,1.));
#8048 = DIRECTION('',(1.,0.,0.));
#8049 = ORIENTED_EDGE('',*,*,#8050,.F.);
#8050 = EDGE_CURVE('',#8051,#8042,#8053,.T.);
#8051 = VERTEX_POINT('',#8052);
#8052 = CARTESIAN_POINT('',(41.7,-22.75,-3.));
#8053 = LINE('',#8054,#8055);
#8054 = CARTESIAN_POINT('',(41.7,-22.75,-3.));
#8055 = VECTOR('',#8056,1.);
#8056 = DIRECTION('',(0.,0.,1.));
#8057 = ORIENTED_EDGE('',*,*,#8058,.T.);
#8058 = EDGE_CURVE('',#8051,#8051,#8059,.T.);
#8059 = CIRCLE('',#8060,0.45);
#8060 = AXIS2_PLACEMENT_3D('',#8061,#8062,#8063);
#8061 = CARTESIAN_POINT('',(41.25,-22.75,-3.));
#8062 = DIRECTION('',(0.,0.,1.));
#8063 = DIRECTION('',(1.,0.,0.));
#8064 = ORIENTED_EDGE('',*,*,#8050,.T.);
#8065 = CYLINDRICAL_SURFACE('',#8066,0.45);
#8066 = AXIS2_PLACEMENT_3D('',#8067,#8068,#8069);
#8067 = CARTESIAN_POINT('',(41.25,-22.75,-3.));
#8068 = DIRECTION('',(0.,0.,1.));
#8069 = DIRECTION('',(1.,0.,0.));
#8070 = ADVANCED_FACE('',(#8071),#8074,.T.);
#8071 = FACE_BOUND('',#8072,.T.);
#8072 = EDGE_LOOP('',(#8073));
#8073 = ORIENTED_EDGE('',*,*,#8041,.T.);
#8074 = PLANE('',#8075);
#8075 = AXIS2_PLACEMENT_3D('',#8076,#8077,#8078);
#8076 = CARTESIAN_POINT('',(41.25,-22.75,1.6));
#8077 = DIRECTION('',(0.,0.,1.));
#8078 = DIRECTION('',(1.,0.,0.));
#8079 = ADVANCED_FACE('',(#8080),#8083,.F.);
#8080 = FACE_BOUND('',#8081,.T.);
#8081 = EDGE_LOOP('',(#8082));
#8082 = ORIENTED_EDGE('',*,*,#8058,.F.);
#8083 = PLANE('',#8084);
#8084 = AXIS2_PLACEMENT_3D('',#8085,#8086,#8087);
#8085 = CARTESIAN_POINT('',(41.25,-22.75,-3.));
#8086 = DIRECTION('',(0.,0.,1.));
#8087 = DIRECTION('',(1.,0.,0.));
#8088 = MANIFOLD_SOLID_BREP('',#8089);
#8089 = CLOSED_SHELL('',(#8090,#8123,#8132));
#8090 = ADVANCED_FACE('',(#8091),#8118,.T.);
#8091 = FACE_BOUND('',#8092,.T.);
#8092 = EDGE_LOOP('',(#8093,#8102,#8110,#8117));
#8093 = ORIENTED_EDGE('',*,*,#8094,.F.);
#8094 = EDGE_CURVE('',#8095,#8095,#8097,.T.);
#8095 = VERTEX_POINT('',#8096);
#8096 = CARTESIAN_POINT('',(35.2,-27.25,1.6));
#8097 = CIRCLE('',#8098,0.45);
#8098 = AXIS2_PLACEMENT_3D('',#8099,#8100,#8101);
#8099 = CARTESIAN_POINT('',(34.75,-27.25,1.6));
#8100 = DIRECTION('',(0.,0.,1.));
#8101 = DIRECTION('',(1.,0.,0.));
#8102 = ORIENTED_EDGE('',*,*,#8103,.F.);
#8103 = EDGE_CURVE('',#8104,#8095,#8106,.T.);
#8104 = VERTEX_POINT('',#8105);
#8105 = CARTESIAN_POINT('',(35.2,-27.25,-3.));
#8106 = LINE('',#8107,#8108);
#8107 = CARTESIAN_POINT('',(35.2,-27.25,-3.));
#8108 = VECTOR('',#8109,1.);
#8109 = DIRECTION('',(0.,0.,1.));
#8110 = ORIENTED_EDGE('',*,*,#8111,.T.);
#8111 = EDGE_CURVE('',#8104,#8104,#8112,.T.);
#8112 = CIRCLE('',#8113,0.45);
#8113 = AXIS2_PLACEMENT_3D('',#8114,#8115,#8116);
#8114 = CARTESIAN_POINT('',(34.75,-27.25,-3.));
#8115 = DIRECTION('',(0.,0.,1.));
#8116 = DIRECTION('',(1.,0.,0.));
#8117 = ORIENTED_EDGE('',*,*,#8103,.T.);
#8118 = CYLINDRICAL_SURFACE('',#8119,0.45);
#8119 = AXIS2_PLACEMENT_3D('',#8120,#8121,#8122);
#8120 = CARTESIAN_POINT('',(34.75,-27.25,-3.));
#8121 = DIRECTION('',(0.,0.,1.));
#8122 = DIRECTION('',(1.,0.,0.));
#8123 = ADVANCED_FACE('',(#8124),#8127,.T.);
#8124 = FACE_BOUND('',#8125,.T.);
#8125 = EDGE_LOOP('',(#8126));
#8126 = ORIENTED_EDGE('',*,*,#8094,.T.);
#8127 = PLANE('',#8128);
#8128 = AXIS2_PLACEMENT_3D('',#8129,#8130,#8131);
#8129 = CARTESIAN_POINT('',(34.75,-27.25,1.6));
#8130 = DIRECTION('',(0.,0.,1.));
#8131 = DIRECTION('',(1.,0.,0.));
#8132 = ADVANCED_FACE('',(#8133),#8136,.F.);
#8133 = FACE_BOUND('',#8134,.T.);
#8134 = EDGE_LOOP('',(#8135));
#8135 = ORIENTED_EDGE('',*,*,#8111,.F.);
#8136 = PLANE('',#8137);
#8137 = AXIS2_PLACEMENT_3D('',#8138,#8139,#8140);
#8138 = CARTESIAN_POINT('',(34.75,-27.25,-3.));
#8139 = DIRECTION('',(0.,0.,1.));
#8140 = DIRECTION('',(1.,0.,0.));
#8141 = MANIFOLD_SOLID_BREP('',#8142);
#8142 = CLOSED_SHELL('',(#8143,#8176,#8185));
#8143 = ADVANCED_FACE('',(#8144),#8171,.T.);
#8144 = FACE_BOUND('',#8145,.T.);
#8145 = EDGE_LOOP('',(#8146,#8155,#8163,#8170));
#8146 = ORIENTED_EDGE('',*,*,#8147,.F.);
#8147 = EDGE_CURVE('',#8148,#8148,#8150,.T.);
#8148 = VERTEX_POINT('',#8149);
#8149 = CARTESIAN_POINT('',(41.7,-27.25,1.6));
#8150 = CIRCLE('',#8151,0.45);
#8151 = AXIS2_PLACEMENT_3D('',#8152,#8153,#8154);
#8152 = CARTESIAN_POINT('',(41.25,-27.25,1.6));
#8153 = DIRECTION('',(0.,0.,1.));
#8154 = DIRECTION('',(1.,0.,0.));
#8155 = ORIENTED_EDGE('',*,*,#8156,.F.);
#8156 = EDGE_CURVE('',#8157,#8148,#8159,.T.);
#8157 = VERTEX_POINT('',#8158);
#8158 = CARTESIAN_POINT('',(41.7,-27.25,-3.));
#8159 = LINE('',#8160,#8161);
#8160 = CARTESIAN_POINT('',(41.7,-27.25,-3.));
#8161 = VECTOR('',#8162,1.);
#8162 = DIRECTION('',(0.,0.,1.));
#8163 = ORIENTED_EDGE('',*,*,#8164,.T.);
#8164 = EDGE_CURVE('',#8157,#8157,#8165,.T.);
#8165 = CIRCLE('',#8166,0.45);
#8166 = AXIS2_PLACEMENT_3D('',#8167,#8168,#8169);
#8167 = CARTESIAN_POINT('',(41.25,-27.25,-3.));
#8168 = DIRECTION('',(0.,0.,1.));
#8169 = DIRECTION('',(1.,0.,0.));
#8170 = ORIENTED_EDGE('',*,*,#8156,.T.);
#8171 = CYLINDRICAL_SURFACE('',#8172,0.45);
#8172 = AXIS2_PLACEMENT_3D('',#8173,#8174,#8175);
#8173 = CARTESIAN_POINT('',(41.25,-27.25,-3.));
#8174 = DIRECTION('',(0.,0.,1.));
#8175 = DIRECTION('',(1.,0.,0.));
#8176 = ADVANCED_FACE('',(#8177),#8180,.T.);
#8177 = FACE_BOUND('',#8178,.T.);
#8178 = EDGE_LOOP('',(#8179));
#8179 = ORIENTED_EDGE('',*,*,#8147,.T.);
#8180 = PLANE('',#8181);
#8181 = AXIS2_PLACEMENT_3D('',#8182,#8183,#8184);
#8182 = CARTESIAN_POINT('',(41.25,-27.25,1.6));
#8183 = DIRECTION('',(0.,0.,1.));
#8184 = DIRECTION('',(1.,0.,0.));
#8185 = ADVANCED_FACE('',(#8186),#8189,.F.);
#8186 = FACE_BOUND('',#8187,.T.);
#8187 = EDGE_LOOP('',(#8188));
#8188 = ORIENTED_EDGE('',*,*,#8164,.F.);
#8189 = PLANE('',#8190);
#8190 = AXIS2_PLACEMENT_3D('',#8191,#8192,#8193);
#8191 = CARTESIAN_POINT('',(41.25,-27.25,-3.));
#8192 = DIRECTION('',(0.,0.,1.));
#8193 = DIRECTION('',(1.,0.,0.));
#8194 = MANIFOLD_SOLID_BREP('',#8195);
#8195 = CLOSED_SHELL('',(#8196,#8236,#8276,#8298,#8320,#8332));
#8196 = ADVANCED_FACE('',(#8197),#8231,.F.);
#8197 = FACE_BOUND('',#8198,.F.);
#8198 = EDGE_LOOP('',(#8199,#8209,#8217,#8225));
#8199 = ORIENTED_EDGE('',*,*,#8200,.F.);
#8200 = EDGE_CURVE('',#8201,#8203,#8205,.T.);
#8201 = VERTEX_POINT('',#8202);
#8202 = CARTESIAN_POINT('',(39.15,-7.,1.6));
#8203 = VERTEX_POINT('',#8204);
#8204 = CARTESIAN_POINT('',(39.15,-7.,3.05));
#8205 = LINE('',#8206,#8207);
#8206 = CARTESIAN_POINT('',(39.15,-7.,1.6));
#8207 = VECTOR('',#8208,1.);
#8208 = DIRECTION('',(0.,0.,1.));
#8209 = ORIENTED_EDGE('',*,*,#8210,.T.);
#8210 = EDGE_CURVE('',#8201,#8211,#8213,.T.);
#8211 = VERTEX_POINT('',#8212);
#8212 = CARTESIAN_POINT('',(39.15,-4.,1.6));
#8213 = LINE('',#8214,#8215);
#8214 = CARTESIAN_POINT('',(39.15,-7.,1.6));
#8215 = VECTOR('',#8216,1.);
#8216 = DIRECTION('',(0.,1.,0.));
#8217 = ORIENTED_EDGE('',*,*,#8218,.T.);
#8218 = EDGE_CURVE('',#8211,#8219,#8221,.T.);
#8219 = VERTEX_POINT('',#8220);
#8220 = CARTESIAN_POINT('',(39.15,-4.,3.05));
#8221 = LINE('',#8222,#8223);
#8222 = CARTESIAN_POINT('',(39.15,-4.,1.6));
#8223 = VECTOR('',#8224,1.);
#8224 = DIRECTION('',(0.,0.,1.));
#8225 = ORIENTED_EDGE('',*,*,#8226,.F.);
#8226 = EDGE_CURVE('',#8203,#8219,#8227,.T.);
#8227 = LINE('',#8228,#8229);
#8228 = CARTESIAN_POINT('',(39.15,-7.,3.05));
#8229 = VECTOR('',#8230,1.);
#8230 = DIRECTION('',(0.,1.,0.));
#8231 = PLANE('',#8232);
#8232 = AXIS2_PLACEMENT_3D('',#8233,#8234,#8235);
#8233 = CARTESIAN_POINT('',(39.15,-7.,1.6));
#8234 = DIRECTION('',(1.,0.,0.));
#8235 = DIRECTION('',(0.,0.,1.));
#8236 = ADVANCED_FACE('',(#8237),#8271,.T.);
#8237 = FACE_BOUND('',#8238,.T.);
#8238 = EDGE_LOOP('',(#8239,#8249,#8257,#8265));
#8239 = ORIENTED_EDGE('',*,*,#8240,.F.);
#8240 = EDGE_CURVE('',#8241,#8243,#8245,.T.);
#8241 = VERTEX_POINT('',#8242);
#8242 = CARTESIAN_POINT('',(40.85,-7.,1.6));
#8243 = VERTEX_POINT('',#8244);
#8244 = CARTESIAN_POINT('',(40.85,-7.,3.05));
#8245 = LINE('',#8246,#8247);
#8246 = CARTESIAN_POINT('',(40.85,-7.,1.6));
#8247 = VECTOR('',#8248,1.);
#8248 = DIRECTION('',(0.,0.,1.));
#8249 = ORIENTED_EDGE('',*,*,#8250,.T.);
#8250 = EDGE_CURVE('',#8241,#8251,#8253,.T.);
#8251 = VERTEX_POINT('',#8252);
#8252 = CARTESIAN_POINT('',(40.85,-4.,1.6));
#8253 = LINE('',#8254,#8255);
#8254 = CARTESIAN_POINT('',(40.85,-7.,1.6));
#8255 = VECTOR('',#8256,1.);
#8256 = DIRECTION('',(0.,1.,0.));
#8257 = ORIENTED_EDGE('',*,*,#8258,.T.);
#8258 = EDGE_CURVE('',#8251,#8259,#8261,.T.);
#8259 = VERTEX_POINT('',#8260);
#8260 = CARTESIAN_POINT('',(40.85,-4.,3.05));
#8261 = LINE('',#8262,#8263);
#8262 = CARTESIAN_POINT('',(40.85,-4.,1.6));
#8263 = VECTOR('',#8264,1.);
#8264 = DIRECTION('',(0.,0.,1.));
#8265 = ORIENTED_EDGE('',*,*,#8266,.F.);
#8266 = EDGE_CURVE('',#8243,#8259,#8267,.T.);
#8267 = LINE('',#8268,#8269);
#8268 = CARTESIAN_POINT('',(40.85,-7.,3.05));
#8269 = VECTOR('',#8270,1.);
#8270 = DIRECTION('',(0.,1.,0.));
#8271 = PLANE('',#8272);
#8272 = AXIS2_PLACEMENT_3D('',#8273,#8274,#8275);
#8273 = CARTESIAN_POINT('',(40.85,-7.,1.6));
#8274 = DIRECTION('',(1.,0.,0.));
#8275 = DIRECTION('',(0.,0.,1.));
#8276 = ADVANCED_FACE('',(#8277),#8293,.F.);
#8277 = FACE_BOUND('',#8278,.F.);
#8278 = EDGE_LOOP('',(#8279,#8285,#8286,#8292));
#8279 = ORIENTED_EDGE('',*,*,#8280,.F.);
#8280 = EDGE_CURVE('',#8201,#8241,#8281,.T.);
#8281 = LINE('',#8282,#8283);
#8282 = CARTESIAN_POINT('',(39.15,-7.,1.6));
#8283 = VECTOR('',#8284,1.);
#8284 = DIRECTION('',(1.,0.,0.));
#8285 = ORIENTED_EDGE('',*,*,#8200,.T.);
#8286 = ORIENTED_EDGE('',*,*,#8287,.T.);
#8287 = EDGE_CURVE('',#8203,#8243,#8288,.T.);
#8288 = LINE('',#8289,#8290);
#8289 = CARTESIAN_POINT('',(39.15,-7.,3.05));
#8290 = VECTOR('',#8291,1.);
#8291 = DIRECTION('',(1.,0.,0.));
#8292 = ORIENTED_EDGE('',*,*,#8240,.F.);
#8293 = PLANE('',#8294);
#8294 = AXIS2_PLACEMENT_3D('',#8295,#8296,#8297);
#8295 = CARTESIAN_POINT('',(39.15,-7.,1.6));
#8296 = DIRECTION('',(0.,1.,0.));
#8297 = DIRECTION('',(0.,0.,1.));
#8298 = ADVANCED_FACE('',(#8299),#8315,.T.);
#8299 = FACE_BOUND('',#8300,.T.);
#8300 = EDGE_LOOP('',(#8301,#8307,#8308,#8314));
#8301 = ORIENTED_EDGE('',*,*,#8302,.F.);
#8302 = EDGE_CURVE('',#8211,#8251,#8303,.T.);
#8303 = LINE('',#8304,#8305);
#8304 = CARTESIAN_POINT('',(39.15,-4.,1.6));
#8305 = VECTOR('',#8306,1.);
#8306 = DIRECTION('',(1.,0.,0.));
#8307 = ORIENTED_EDGE('',*,*,#8218,.T.);
#8308 = ORIENTED_EDGE('',*,*,#8309,.T.);
#8309 = EDGE_CURVE('',#8219,#8259,#8310,.T.);
#8310 = LINE('',#8311,#8312);
#8311 = CARTESIAN_POINT('',(39.15,-4.,3.05));
#8312 = VECTOR('',#8313,1.);
#8313 = DIRECTION('',(1.,0.,0.));
#8314 = ORIENTED_EDGE('',*,*,#8258,.F.);
#8315 = PLANE('',#8316);
#8316 = AXIS2_PLACEMENT_3D('',#8317,#8318,#8319);
#8317 = CARTESIAN_POINT('',(39.15,-4.,1.6));
#8318 = DIRECTION('',(0.,1.,0.));
#8319 = DIRECTION('',(0.,0.,1.));
#8320 = ADVANCED_FACE('',(#8321),#8327,.F.);
#8321 = FACE_BOUND('',#8322,.F.);
#8322 = EDGE_LOOP('',(#8323,#8324,#8325,#8326));
#8323 = ORIENTED_EDGE('',*,*,#8210,.F.);
#8324 = ORIENTED_EDGE('',*,*,#8280,.T.);
#8325 = ORIENTED_EDGE('',*,*,#8250,.T.);
#8326 = ORIENTED_EDGE('',*,*,#8302,.F.);
#8327 = PLANE('',#8328);
#8328 = AXIS2_PLACEMENT_3D('',#8329,#8330,#8331);
#8329 = CARTESIAN_POINT('',(39.15,-7.,1.6));
#8330 = DIRECTION('',(0.,0.,1.));
#8331 = DIRECTION('',(1.,0.,0.));
#8332 = ADVANCED_FACE('',(#8333),#8339,.T.);
#8333 = FACE_BOUND('',#8334,.T.);
#8334 = EDGE_LOOP('',(#8335,#8336,#8337,#8338));
#8335 = ORIENTED_EDGE('',*,*,#8226,.F.);
#8336 = ORIENTED_EDGE('',*,*,#8287,.T.);
#8337 = ORIENTED_EDGE('',*,*,#8266,.T.);
#8338 = ORIENTED_EDGE('',*,*,#8309,.F.);
#8339 = PLANE('',#8340);
#8340 = AXIS2_PLACEMENT_3D('',#8341,#8342,#8343);
#8341 = CARTESIAN_POINT('',(39.15,-7.,3.05));
#8342 = DIRECTION('',(0.,0.,1.));
#8343 = DIRECTION('',(1.,0.,0.));
#8344 = MANIFOLD_SOLID_BREP('',#8345);
#8345 = CLOSED_SHELL('',(#8346,#8386,#8426,#8448,#8470,#8482));
#8346 = ADVANCED_FACE('',(#8347),#8381,.F.);
#8347 = FACE_BOUND('',#8348,.F.);
#8348 = EDGE_LOOP('',(#8349,#8359,#8367,#8375));
#8349 = ORIENTED_EDGE('',*,*,#8350,.F.);
#8350 = EDGE_CURVE('',#8351,#8353,#8355,.T.);
#8351 = VERTEX_POINT('',#8352);
#8352 = CARTESIAN_POINT('',(-14.22,10.2,1.6));
#8353 = VERTEX_POINT('',#8354);
#8354 = CARTESIAN_POINT('',(-14.22,10.2,6.1));
#8355 = LINE('',#8356,#8357);
#8356 = CARTESIAN_POINT('',(-14.22,10.2,1.6));
#8357 = VECTOR('',#8358,1.);
#8358 = DIRECTION('',(0.,0.,1.));
#8359 = ORIENTED_EDGE('',*,*,#8360,.T.);
#8360 = EDGE_CURVE('',#8351,#8361,#8363,.T.);
#8361 = VERTEX_POINT('',#8362);
#8362 = CARTESIAN_POINT('',(-14.22,12.8,1.6));
#8363 = LINE('',#8364,#8365);
#8364 = CARTESIAN_POINT('',(-14.22,10.2,1.6));
#8365 = VECTOR('',#8366,1.);
#8366 = DIRECTION('',(0.,1.,0.));
#8367 = ORIENTED_EDGE('',*,*,#8368,.T.);
#8368 = EDGE_CURVE('',#8361,#8369,#8371,.T.);
#8369 = VERTEX_POINT('',#8370);
#8370 = CARTESIAN_POINT('',(-14.22,12.8,6.1));
#8371 = LINE('',#8372,#8373);
#8372 = CARTESIAN_POINT('',(-14.22,12.8,1.6));
#8373 = VECTOR('',#8374,1.);
#8374 = DIRECTION('',(0.,0.,1.));
#8375 = ORIENTED_EDGE('',*,*,#8376,.F.);
#8376 = EDGE_CURVE('',#8353,#8369,#8377,.T.);
#8377 = LINE('',#8378,#8379);
#8378 = CARTESIAN_POINT('',(-14.22,10.2,6.1));
#8379 = VECTOR('',#8380,1.);
#8380 = DIRECTION('',(0.,1.,0.));
#8381 = PLANE('',#8382);
#8382 = AXIS2_PLACEMENT_3D('',#8383,#8384,#8385);
#8383 = CARTESIAN_POINT('',(-14.22,10.2,1.6));
#8384 = DIRECTION('',(1.,0.,0.));
#8385 = DIRECTION('',(0.,0.,1.));
#8386 = ADVANCED_FACE('',(#8387),#8421,.T.);
#8387 = FACE_BOUND('',#8388,.T.);
#8388 = EDGE_LOOP('',(#8389,#8399,#8407,#8415));
#8389 = ORIENTED_EDGE('',*,*,#8390,.F.);
#8390 = EDGE_CURVE('',#8391,#8393,#8395,.T.);
#8391 = VERTEX_POINT('',#8392);
#8392 = CARTESIAN_POINT('',(-7.62,10.2,1.6));
#8393 = VERTEX_POINT('',#8394);
#8394 = CARTESIAN_POINT('',(-7.62,10.2,6.1));
#8395 = LINE('',#8396,#8397);
#8396 = CARTESIAN_POINT('',(-7.62,10.2,1.6));
#8397 = VECTOR('',#8398,1.);
#8398 = DIRECTION('',(0.,0.,1.));
#8399 = ORIENTED_EDGE('',*,*,#8400,.T.);
#8400 = EDGE_CURVE('',#8391,#8401,#8403,.T.);
#8401 = VERTEX_POINT('',#8402);
#8402 = CARTESIAN_POINT('',(-7.62,12.8,1.6));
#8403 = LINE('',#8404,#8405);
#8404 = CARTESIAN_POINT('',(-7.62,10.2,1.6));
#8405 = VECTOR('',#8406,1.);
#8406 = DIRECTION('',(0.,1.,0.));
#8407 = ORIENTED_EDGE('',*,*,#8408,.T.);
#8408 = EDGE_CURVE('',#8401,#8409,#8411,.T.);
#8409 = VERTEX_POINT('',#8410);
#8410 = CARTESIAN_POINT('',(-7.62,12.8,6.1));
#8411 = LINE('',#8412,#8413);
#8412 = CARTESIAN_POINT('',(-7.62,12.8,1.6));
#8413 = VECTOR('',#8414,1.);
#8414 = DIRECTION('',(0.,0.,1.));
#8415 = ORIENTED_EDGE('',*,*,#8416,.F.);
#8416 = EDGE_CURVE('',#8393,#8409,#8417,.T.);
#8417 = LINE('',#8418,#8419);
#8418 = CARTESIAN_POINT('',(-7.62,10.2,6.1));
#8419 = VECTOR('',#8420,1.);
#8420 = DIRECTION('',(0.,1.,0.));
#8421 = PLANE('',#8422);
#8422 = AXIS2_PLACEMENT_3D('',#8423,#8424,#8425);
#8423 = CARTESIAN_POINT('',(-7.62,10.2,1.6));
#8424 = DIRECTION('',(1.,0.,0.));
#8425 = DIRECTION('',(0.,0.,1.));
#8426 = ADVANCED_FACE('',(#8427),#8443,.F.);
#8427 = FACE_BOUND('',#8428,.F.);
#8428 = EDGE_LOOP('',(#8429,#8435,#8436,#8442));
#8429 = ORIENTED_EDGE('',*,*,#8430,.F.);
#8430 = EDGE_CURVE('',#8351,#8391,#8431,.T.);
#8431 = LINE('',#8432,#8433);
#8432 = CARTESIAN_POINT('',(-14.22,10.2,1.6));
#8433 = VECTOR('',#8434,1.);
#8434 = DIRECTION('',(1.,0.,0.));
#8435 = ORIENTED_EDGE('',*,*,#8350,.T.);
#8436 = ORIENTED_EDGE('',*,*,#8437,.T.);
#8437 = EDGE_CURVE('',#8353,#8393,#8438,.T.);
#8438 = LINE('',#8439,#8440);
#8439 = CARTESIAN_POINT('',(-14.22,10.2,6.1));
#8440 = VECTOR('',#8441,1.);
#8441 = DIRECTION('',(1.,0.,0.));
#8442 = ORIENTED_EDGE('',*,*,#8390,.F.);
#8443 = PLANE('',#8444);
#8444 = AXIS2_PLACEMENT_3D('',#8445,#8446,#8447);
#8445 = CARTESIAN_POINT('',(-14.22,10.2,1.6));
#8446 = DIRECTION('',(0.,1.,0.));
#8447 = DIRECTION('',(0.,0.,1.));
#8448 = ADVANCED_FACE('',(#8449),#8465,.T.);
#8449 = FACE_BOUND('',#8450,.T.);
#8450 = EDGE_LOOP('',(#8451,#8457,#8458,#8464));
#8451 = ORIENTED_EDGE('',*,*,#8452,.F.);
#8452 = EDGE_CURVE('',#8361,#8401,#8453,.T.);
#8453 = LINE('',#8454,#8455);
#8454 = CARTESIAN_POINT('',(-14.22,12.8,1.6));
#8455 = VECTOR('',#8456,1.);
#8456 = DIRECTION('',(1.,0.,0.));
#8457 = ORIENTED_EDGE('',*,*,#8368,.T.);
#8458 = ORIENTED_EDGE('',*,*,#8459,.T.);
#8459 = EDGE_CURVE('',#8369,#8409,#8460,.T.);
#8460 = LINE('',#8461,#8462);
#8461 = CARTESIAN_POINT('',(-14.22,12.8,6.1));
#8462 = VECTOR('',#8463,1.);
#8463 = DIRECTION('',(1.,0.,0.));
#8464 = ORIENTED_EDGE('',*,*,#8408,.F.);
#8465 = PLANE('',#8466);
#8466 = AXIS2_PLACEMENT_3D('',#8467,#8468,#8469);
#8467 = CARTESIAN_POINT('',(-14.22,12.8,1.6));
#8468 = DIRECTION('',(0.,1.,0.));
#8469 = DIRECTION('',(0.,0.,1.));
#8470 = ADVANCED_FACE('',(#8471),#8477,.F.);
#8471 = FACE_BOUND('',#8472,.F.);
#8472 = EDGE_LOOP('',(#8473,#8474,#8475,#8476));
#8473 = ORIENTED_EDGE('',*,*,#8360,.F.);
#8474 = ORIENTED_EDGE('',*,*,#8430,.T.);
#8475 = ORIENTED_EDGE('',*,*,#8400,.T.);
#8476 = ORIENTED_EDGE('',*,*,#8452,.F.);
#8477 = PLANE('',#8478);
#8478 = AXIS2_PLACEMENT_3D('',#8479,#8480,#8481);
#8479 = CARTESIAN_POINT('',(-14.22,10.2,1.6));
#8480 = DIRECTION('',(0.,0.,1.));
#8481 = DIRECTION('',(1.,0.,0.));
#8482 = ADVANCED_FACE('',(#8483),#8489,.T.);
#8483 = FACE_BOUND('',#8484,.T.);
#8484 = EDGE_LOOP('',(#8485,#8486,#8487,#8488));
#8485 = ORIENTED_EDGE('',*,*,#8376,.F.);
#8486 = ORIENTED_EDGE('',*,*,#8437,.T.);
#8487 = ORIENTED_EDGE('',*,*,#8416,.T.);
#8488 = ORIENTED_EDGE('',*,*,#8459,.F.);
#8489 = PLANE('',#8490);
#8490 = AXIS2_PLACEMENT_3D('',#8491,#8492,#8493);
#8491 = CARTESIAN_POINT('',(-14.22,10.2,6.1));
#8492 = DIRECTION('',(0.,0.,1.));
#8493 = DIRECTION('',(1.,0.,0.));
#8494 = MANIFOLD_SOLID_BREP('',#8495);
#8495 = CLOSED_SHELL('',(#8496,#8529,#8538));
#8496 = ADVANCED_FACE('',(#8497),#8524,.T.);
#8497 = FACE_BOUND('',#8498,.T.);
#8498 = EDGE_LOOP('',(#8499,#8508,#8516,#8523));
#8499 = ORIENTED_EDGE('',*,*,#8500,.F.);
#8500 = EDGE_CURVE('',#8501,#8501,#8503,.T.);
#8501 = VERTEX_POINT('',#8502);
#8502 = CARTESIAN_POINT('',(-15.7,11.5,1.6));
#8503 = CIRCLE('',#8504,0.3);
#8504 = AXIS2_PLACEMENT_3D('',#8505,#8506,#8507);
#8505 = CARTESIAN_POINT('',(-16.,11.5,1.6));
#8506 = DIRECTION('',(0.,0.,1.));
#8507 = DIRECTION('',(1.,0.,0.));
#8508 = ORIENTED_EDGE('',*,*,#8509,.F.);
#8509 = EDGE_CURVE('',#8510,#8501,#8512,.T.);
#8510 = VERTEX_POINT('',#8511);
#8511 = CARTESIAN_POINT('',(-15.7,11.5,-3.));
#8512 = LINE('',#8513,#8514);
#8513 = CARTESIAN_POINT('',(-15.7,11.5,-3.));
#8514 = VECTOR('',#8515,1.);
#8515 = DIRECTION('',(0.,0.,1.));
#8516 = ORIENTED_EDGE('',*,*,#8517,.T.);
#8517 = EDGE_CURVE('',#8510,#8510,#8518,.T.);
#8518 = CIRCLE('',#8519,0.3);
#8519 = AXIS2_PLACEMENT_3D('',#8520,#8521,#8522);
#8520 = CARTESIAN_POINT('',(-16.,11.5,-3.));
#8521 = DIRECTION('',(0.,0.,1.));
#8522 = DIRECTION('',(1.,0.,0.));
#8523 = ORIENTED_EDGE('',*,*,#8509,.T.);
#8524 = CYLINDRICAL_SURFACE('',#8525,0.3);
#8525 = AXIS2_PLACEMENT_3D('',#8526,#8527,#8528);
#8526 = CARTESIAN_POINT('',(-16.,11.5,-3.));
#8527 = DIRECTION('',(0.,0.,1.));
#8528 = DIRECTION('',(1.,0.,0.));
#8529 = ADVANCED_FACE('',(#8530),#8533,.T.);
#8530 = FACE_BOUND('',#8531,.T.);
#8531 = EDGE_LOOP('',(#8532));
#8532 = ORIENTED_EDGE('',*,*,#8500,.T.);
#8533 = PLANE('',#8534);
#8534 = AXIS2_PLACEMENT_3D('',#8535,#8536,#8537);
#8535 = CARTESIAN_POINT('',(-16.,11.5,1.6));
#8536 = DIRECTION('',(0.,0.,1.));
#8537 = DIRECTION('',(1.,0.,0.));
#8538 = ADVANCED_FACE('',(#8539),#8542,.F.);
#8539 = FACE_BOUND('',#8540,.T.);
#8540 = EDGE_LOOP('',(#8541));
#8541 = ORIENTED_EDGE('',*,*,#8517,.F.);
#8542 = PLANE('',#8543);
#8543 = AXIS2_PLACEMENT_3D('',#8544,#8545,#8546);
#8544 = CARTESIAN_POINT('',(-16.,11.5,-3.));
#8545 = DIRECTION('',(0.,0.,1.));
#8546 = DIRECTION('',(1.,0.,0.));
#8547 = MANIFOLD_SOLID_BREP('',#8548);
#8548 = CLOSED_SHELL('',(#8549,#8582,#8591));
#8549 = ADVANCED_FACE('',(#8550),#8577,.T.);
#8550 = FACE_BOUND('',#8551,.T.);
#8551 = EDGE_LOOP('',(#8552,#8561,#8569,#8576));
#8552 = ORIENTED_EDGE('',*,*,#8553,.F.);
#8553 = EDGE_CURVE('',#8554,#8554,#8556,.T.);
#8554 = VERTEX_POINT('',#8555);
#8555 = CARTESIAN_POINT('',(-5.54,11.5,1.6));
#8556 = CIRCLE('',#8557,0.3);
#8557 = AXIS2_PLACEMENT_3D('',#8558,#8559,#8560);
#8558 = CARTESIAN_POINT('',(-5.84,11.5,1.6));
#8559 = DIRECTION('',(0.,0.,1.));
#8560 = DIRECTION('',(1.,0.,0.));
#8561 = ORIENTED_EDGE('',*,*,#8562,.F.);
#8562 = EDGE_CURVE('',#8563,#8554,#8565,.T.);
#8563 = VERTEX_POINT('',#8564);
#8564 = CARTESIAN_POINT('',(-5.54,11.5,-3.));
#8565 = LINE('',#8566,#8567);
#8566 = CARTESIAN_POINT('',(-5.54,11.5,-3.));
#8567 = VECTOR('',#8568,1.);
#8568 = DIRECTION('',(0.,0.,1.));
#8569 = ORIENTED_EDGE('',*,*,#8570,.T.);
#8570 = EDGE_CURVE('',#8563,#8563,#8571,.T.);
#8571 = CIRCLE('',#8572,0.3);
#8572 = AXIS2_PLACEMENT_3D('',#8573,#8574,#8575);
#8573 = CARTESIAN_POINT('',(-5.84,11.5,-3.));
#8574 = DIRECTION('',(0.,0.,1.));
#8575 = DIRECTION('',(1.,0.,0.));
#8576 = ORIENTED_EDGE('',*,*,#8562,.T.);
#8577 = CYLINDRICAL_SURFACE('',#8578,0.3);
#8578 = AXIS2_PLACEMENT_3D('',#8579,#8580,#8581);
#8579 = CARTESIAN_POINT('',(-5.84,11.5,-3.));
#8580 = DIRECTION('',(0.,0.,1.));
#8581 = DIRECTION('',(1.,0.,0.));
#8582 = ADVANCED_FACE('',(#8583),#8586,.T.);
#8583 = FACE_BOUND('',#8584,.T.);
#8584 = EDGE_LOOP('',(#8585));
#8585 = ORIENTED_EDGE('',*,*,#8553,.T.);
#8586 = PLANE('',#8587);
#8587 = AXIS2_PLACEMENT_3D('',#8588,#8589,#8590);
#8588 = CARTESIAN_POINT('',(-5.84,11.5,1.6));
#8589 = DIRECTION('',(0.,0.,1.));
#8590 = DIRECTION('',(1.,0.,0.));
#8591 = ADVANCED_FACE('',(#8592),#8595,.F.);
#8592 = FACE_BOUND('',#8593,.T.);
#8593 = EDGE_LOOP('',(#8594));
#8594 = ORIENTED_EDGE('',*,*,#8570,.F.);
#8595 = PLANE('',#8596);
#8596 = AXIS2_PLACEMENT_3D('',#8597,#8598,#8599);
#8597 = CARTESIAN_POINT('',(-5.84,11.5,-3.));
#8598 = DIRECTION('',(0.,0.,1.));
#8599 = DIRECTION('',(1.,0.,0.));
#8600 = MANIFOLD_SOLID_BREP('',#8601);
#8601 = CLOSED_SHELL('',(#8602,#8642,#8682,#8704,#8726,#8738));
#8602 = ADVANCED_FACE('',(#8603),#8637,.F.);
#8603 = FACE_BOUND('',#8604,.F.);
#8604 = EDGE_LOOP('',(#8605,#8615,#8623,#8631));
#8605 = ORIENTED_EDGE('',*,*,#8606,.F.);
#8606 = EDGE_CURVE('',#8607,#8609,#8611,.T.);
#8607 = VERTEX_POINT('',#8608);
#8608 = CARTESIAN_POINT('',(-19.675,-32.55,1.6));
#8609 = VERTEX_POINT('',#8610);
#8610 = CARTESIAN_POINT('',(-19.675,-32.55,2.85));
#8611 = LINE('',#8612,#8613);
#8612 = CARTESIAN_POINT('',(-19.675,-32.55,1.6));
#8613 = VECTOR('',#8614,1.);
#8614 = DIRECTION('',(0.,0.,1.));
#8615 = ORIENTED_EDGE('',*,*,#8616,.T.);
#8616 = EDGE_CURVE('',#8607,#8617,#8619,.T.);
#8617 = VERTEX_POINT('',#8618);
#8618 = CARTESIAN_POINT('',(-19.675,-30.45,1.6));
#8619 = LINE('',#8620,#8621);
#8620 = CARTESIAN_POINT('',(-19.675,-32.55,1.6));
#8621 = VECTOR('',#8622,1.);
#8622 = DIRECTION('',(0.,1.,0.));
#8623 = ORIENTED_EDGE('',*,*,#8624,.T.);
#8624 = EDGE_CURVE('',#8617,#8625,#8627,.T.);
#8625 = VERTEX_POINT('',#8626);
#8626 = CARTESIAN_POINT('',(-19.675,-30.45,2.85));
#8627 = LINE('',#8628,#8629);
#8628 = CARTESIAN_POINT('',(-19.675,-30.45,1.6));
#8629 = VECTOR('',#8630,1.);
#8630 = DIRECTION('',(0.,0.,1.));
#8631 = ORIENTED_EDGE('',*,*,#8632,.F.);
#8632 = EDGE_CURVE('',#8609,#8625,#8633,.T.);
#8633 = LINE('',#8634,#8635);
#8634 = CARTESIAN_POINT('',(-19.675,-32.55,2.85));
#8635 = VECTOR('',#8636,1.);
#8636 = DIRECTION('',(0.,1.,0.));
#8637 = PLANE('',#8638);
#8638 = AXIS2_PLACEMENT_3D('',#8639,#8640,#8641);
#8639 = CARTESIAN_POINT('',(-19.675,-32.55,1.6));
#8640 = DIRECTION('',(1.,0.,0.));
#8641 = DIRECTION('',(0.,0.,1.));
#8642 = ADVANCED_FACE('',(#8643),#8677,.T.);
#8643 = FACE_BOUND('',#8644,.T.);
#8644 = EDGE_LOOP('',(#8645,#8655,#8663,#8671));
#8645 = ORIENTED_EDGE('',*,*,#8646,.F.);
#8646 = EDGE_CURVE('',#8647,#8649,#8651,.T.);
#8647 = VERTEX_POINT('',#8648);
#8648 = CARTESIAN_POINT('',(-18.325,-32.55,1.6));
#8649 = VERTEX_POINT('',#8650);
#8650 = CARTESIAN_POINT('',(-18.325,-32.55,2.85));
#8651 = LINE('',#8652,#8653);
#8652 = CARTESIAN_POINT('',(-18.325,-32.55,1.6));
#8653 = VECTOR('',#8654,1.);
#8654 = DIRECTION('',(0.,0.,1.));
#8655 = ORIENTED_EDGE('',*,*,#8656,.T.);
#8656 = EDGE_CURVE('',#8647,#8657,#8659,.T.);
#8657 = VERTEX_POINT('',#8658);
#8658 = CARTESIAN_POINT('',(-18.325,-30.45,1.6));
#8659 = LINE('',#8660,#8661);
#8660 = CARTESIAN_POINT('',(-18.325,-32.55,1.6));
#8661 = VECTOR('',#8662,1.);
#8662 = DIRECTION('',(0.,1.,0.));
#8663 = ORIENTED_EDGE('',*,*,#8664,.T.);
#8664 = EDGE_CURVE('',#8657,#8665,#8667,.T.);
#8665 = VERTEX_POINT('',#8666);
#8666 = CARTESIAN_POINT('',(-18.325,-30.45,2.85));
#8667 = LINE('',#8668,#8669);
#8668 = CARTESIAN_POINT('',(-18.325,-30.45,1.6));
#8669 = VECTOR('',#8670,1.);
#8670 = DIRECTION('',(0.,0.,1.));
#8671 = ORIENTED_EDGE('',*,*,#8672,.F.);
#8672 = EDGE_CURVE('',#8649,#8665,#8673,.T.);
#8673 = LINE('',#8674,#8675);
#8674 = CARTESIAN_POINT('',(-18.325,-32.55,2.85));
#8675 = VECTOR('',#8676,1.);
#8676 = DIRECTION('',(0.,1.,0.));
#8677 = PLANE('',#8678);
#8678 = AXIS2_PLACEMENT_3D('',#8679,#8680,#8681);
#8679 = CARTESIAN_POINT('',(-18.325,-32.55,1.6));
#8680 = DIRECTION('',(1.,0.,0.));
#8681 = DIRECTION('',(0.,0.,1.));
#8682 = ADVANCED_FACE('',(#8683),#8699,.F.);
#8683 = FACE_BOUND('',#8684,.F.);
#8684 = EDGE_LOOP('',(#8685,#8691,#8692,#8698));
#8685 = ORIENTED_EDGE('',*,*,#8686,.F.);
#8686 = EDGE_CURVE('',#8607,#8647,#8687,.T.);
#8687 = LINE('',#8688,#8689);
#8688 = CARTESIAN_POINT('',(-19.675,-32.55,1.6));
#8689 = VECTOR('',#8690,1.);
#8690 = DIRECTION('',(1.,0.,0.));
#8691 = ORIENTED_EDGE('',*,*,#8606,.T.);
#8692 = ORIENTED_EDGE('',*,*,#8693,.T.);
#8693 = EDGE_CURVE('',#8609,#8649,#8694,.T.);
#8694 = LINE('',#8695,#8696);
#8695 = CARTESIAN_POINT('',(-19.675,-32.55,2.85));
#8696 = VECTOR('',#8697,1.);
#8697 = DIRECTION('',(1.,0.,0.));
#8698 = ORIENTED_EDGE('',*,*,#8646,.F.);
#8699 = PLANE('',#8700);
#8700 = AXIS2_PLACEMENT_3D('',#8701,#8702,#8703);
#8701 = CARTESIAN_POINT('',(-19.675,-32.55,1.6));
#8702 = DIRECTION('',(0.,1.,0.));
#8703 = DIRECTION('',(0.,0.,1.));
#8704 = ADVANCED_FACE('',(#8705),#8721,.T.);
#8705 = FACE_BOUND('',#8706,.T.);
#8706 = EDGE_LOOP('',(#8707,#8713,#8714,#8720));
#8707 = ORIENTED_EDGE('',*,*,#8708,.F.);
#8708 = EDGE_CURVE('',#8617,#8657,#8709,.T.);
#8709 = LINE('',#8710,#8711);
#8710 = CARTESIAN_POINT('',(-19.675,-30.45,1.6));
#8711 = VECTOR('',#8712,1.);
#8712 = DIRECTION('',(1.,0.,0.));
#8713 = ORIENTED_EDGE('',*,*,#8624,.T.);
#8714 = ORIENTED_EDGE('',*,*,#8715,.T.);
#8715 = EDGE_CURVE('',#8625,#8665,#8716,.T.);
#8716 = LINE('',#8717,#8718);
#8717 = CARTESIAN_POINT('',(-19.675,-30.45,2.85));
#8718 = VECTOR('',#8719,1.);
#8719 = DIRECTION('',(1.,0.,0.));
#8720 = ORIENTED_EDGE('',*,*,#8664,.F.);
#8721 = PLANE('',#8722);
#8722 = AXIS2_PLACEMENT_3D('',#8723,#8724,#8725);
#8723 = CARTESIAN_POINT('',(-19.675,-30.45,1.6));
#8724 = DIRECTION('',(0.,1.,0.));
#8725 = DIRECTION('',(0.,0.,1.));
#8726 = ADVANCED_FACE('',(#8727),#8733,.F.);
#8727 = FACE_BOUND('',#8728,.F.);
#8728 = EDGE_LOOP('',(#8729,#8730,#8731,#8732));
#8729 = ORIENTED_EDGE('',*,*,#8616,.F.);
#8730 = ORIENTED_EDGE('',*,*,#8686,.T.);
#8731 = ORIENTED_EDGE('',*,*,#8656,.T.);
#8732 = ORIENTED_EDGE('',*,*,#8708,.F.);
#8733 = PLANE('',#8734);
#8734 = AXIS2_PLACEMENT_3D('',#8735,#8736,#8737);
#8735 = CARTESIAN_POINT('',(-19.675,-32.55,1.6));
#8736 = DIRECTION('',(0.,0.,1.));
#8737 = DIRECTION('',(1.,0.,0.));
#8738 = ADVANCED_FACE('',(#8739),#8745,.T.);
#8739 = FACE_BOUND('',#8740,.T.);
#8740 = EDGE_LOOP('',(#8741,#8742,#8743,#8744));
#8741 = ORIENTED_EDGE('',*,*,#8632,.F.);
#8742 = ORIENTED_EDGE('',*,*,#8693,.T.);
#8743 = ORIENTED_EDGE('',*,*,#8672,.T.);
#8744 = ORIENTED_EDGE('',*,*,#8715,.F.);
#8745 = PLANE('',#8746);
#8746 = AXIS2_PLACEMENT_3D('',#8747,#8748,#8749);
#8747 = CARTESIAN_POINT('',(-19.675,-32.55,2.85));
#8748 = DIRECTION('',(0.,0.,1.));
#8749 = DIRECTION('',(1.,0.,0.));
#8750 = MANIFOLD_SOLID_BREP('',#8751);
#8751 = CLOSED_SHELL('',(#8752,#8792,#8832,#8854,#8876,#8888));
#8752 = ADVANCED_FACE('',(#8753),#8787,.F.);
#8753 = FACE_BOUND('',#8754,.F.);
#8754 = EDGE_LOOP('',(#8755,#8765,#8773,#8781));
#8755 = ORIENTED_EDGE('',*,*,#8756,.F.);
#8756 = EDGE_CURVE('',#8757,#8759,#8761,.T.);
#8757 = VERTEX_POINT('',#8758);
#8758 = CARTESIAN_POINT('',(-27.72,10.2,1.6));
#8759 = VERTEX_POINT('',#8760);
#8760 = CARTESIAN_POINT('',(-27.72,10.2,6.1));
#8761 = LINE('',#8762,#8763);
#8762 = CARTESIAN_POINT('',(-27.72,10.2,1.6));
#8763 = VECTOR('',#8764,1.);
#8764 = DIRECTION('',(0.,0.,1.));
#8765 = ORIENTED_EDGE('',*,*,#8766,.T.);
#8766 = EDGE_CURVE('',#8757,#8767,#8769,.T.);
#8767 = VERTEX_POINT('',#8768);
#8768 = CARTESIAN_POINT('',(-27.72,12.8,1.6));
#8769 = LINE('',#8770,#8771);
#8770 = CARTESIAN_POINT('',(-27.72,10.2,1.6));
#8771 = VECTOR('',#8772,1.);
#8772 = DIRECTION('',(0.,1.,0.));
#8773 = ORIENTED_EDGE('',*,*,#8774,.T.);
#8774 = EDGE_CURVE('',#8767,#8775,#8777,.T.);
#8775 = VERTEX_POINT('',#8776);
#8776 = CARTESIAN_POINT('',(-27.72,12.8,6.1));
#8777 = LINE('',#8778,#8779);
#8778 = CARTESIAN_POINT('',(-27.72,12.8,1.6));
#8779 = VECTOR('',#8780,1.);
#8780 = DIRECTION('',(0.,0.,1.));
#8781 = ORIENTED_EDGE('',*,*,#8782,.F.);
#8782 = EDGE_CURVE('',#8759,#8775,#8783,.T.);
#8783 = LINE('',#8784,#8785);
#8784 = CARTESIAN_POINT('',(-27.72,10.2,6.1));
#8785 = VECTOR('',#8786,1.);
#8786 = DIRECTION('',(0.,1.,0.));
#8787 = PLANE('',#8788);
#8788 = AXIS2_PLACEMENT_3D('',#8789,#8790,#8791);
#8789 = CARTESIAN_POINT('',(-27.72,10.2,1.6));
#8790 = DIRECTION('',(1.,0.,0.));
#8791 = DIRECTION('',(0.,0.,1.));
#8792 = ADVANCED_FACE('',(#8793),#8827,.T.);
#8793 = FACE_BOUND('',#8794,.T.);
#8794 = EDGE_LOOP('',(#8795,#8805,#8813,#8821));
#8795 = ORIENTED_EDGE('',*,*,#8796,.F.);
#8796 = EDGE_CURVE('',#8797,#8799,#8801,.T.);
#8797 = VERTEX_POINT('',#8798);
#8798 = CARTESIAN_POINT('',(-21.12,10.2,1.6));
#8799 = VERTEX_POINT('',#8800);
#8800 = CARTESIAN_POINT('',(-21.12,10.2,6.1));
#8801 = LINE('',#8802,#8803);
#8802 = CARTESIAN_POINT('',(-21.12,10.2,1.6));
#8803 = VECTOR('',#8804,1.);
#8804 = DIRECTION('',(0.,0.,1.));
#8805 = ORIENTED_EDGE('',*,*,#8806,.T.);
#8806 = EDGE_CURVE('',#8797,#8807,#8809,.T.);
#8807 = VERTEX_POINT('',#8808);
#8808 = CARTESIAN_POINT('',(-21.12,12.8,1.6));
#8809 = LINE('',#8810,#8811);
#8810 = CARTESIAN_POINT('',(-21.12,10.2,1.6));
#8811 = VECTOR('',#8812,1.);
#8812 = DIRECTION('',(0.,1.,0.));
#8813 = ORIENTED_EDGE('',*,*,#8814,.T.);
#8814 = EDGE_CURVE('',#8807,#8815,#8817,.T.);
#8815 = VERTEX_POINT('',#8816);
#8816 = CARTESIAN_POINT('',(-21.12,12.8,6.1));
#8817 = LINE('',#8818,#8819);
#8818 = CARTESIAN_POINT('',(-21.12,12.8,1.6));
#8819 = VECTOR('',#8820,1.);
#8820 = DIRECTION('',(0.,0.,1.));
#8821 = ORIENTED_EDGE('',*,*,#8822,.F.);
#8822 = EDGE_CURVE('',#8799,#8815,#8823,.T.);
#8823 = LINE('',#8824,#8825);
#8824 = CARTESIAN_POINT('',(-21.12,10.2,6.1));
#8825 = VECTOR('',#8826,1.);
#8826 = DIRECTION('',(0.,1.,0.));
#8827 = PLANE('',#8828);
#8828 = AXIS2_PLACEMENT_3D('',#8829,#8830,#8831);
#8829 = CARTESIAN_POINT('',(-21.12,10.2,1.6));
#8830 = DIRECTION('',(1.,0.,0.));
#8831 = DIRECTION('',(0.,0.,1.));
#8832 = ADVANCED_FACE('',(#8833),#8849,.F.);
#8833 = FACE_BOUND('',#8834,.F.);
#8834 = EDGE_LOOP('',(#8835,#8841,#8842,#8848));
#8835 = ORIENTED_EDGE('',*,*,#8836,.F.);
#8836 = EDGE_CURVE('',#8757,#8797,#8837,.T.);
#8837 = LINE('',#8838,#8839);
#8838 = CARTESIAN_POINT('',(-27.72,10.2,1.6));
#8839 = VECTOR('',#8840,1.);
#8840 = DIRECTION('',(1.,0.,0.));
#8841 = ORIENTED_EDGE('',*,*,#8756,.T.);
#8842 = ORIENTED_EDGE('',*,*,#8843,.T.);
#8843 = EDGE_CURVE('',#8759,#8799,#8844,.T.);
#8844 = LINE('',#8845,#8846);
#8845 = CARTESIAN_POINT('',(-27.72,10.2,6.1));
#8846 = VECTOR('',#8847,1.);
#8847 = DIRECTION('',(1.,0.,0.));
#8848 = ORIENTED_EDGE('',*,*,#8796,.F.);
#8849 = PLANE('',#8850);
#8850 = AXIS2_PLACEMENT_3D('',#8851,#8852,#8853);
#8851 = CARTESIAN_POINT('',(-27.72,10.2,1.6));
#8852 = DIRECTION('',(0.,1.,0.));
#8853 = DIRECTION('',(0.,0.,1.));
#8854 = ADVANCED_FACE('',(#8855),#8871,.T.);
#8855 = FACE_BOUND('',#8856,.T.);
#8856 = EDGE_LOOP('',(#8857,#8863,#8864,#8870));
#8857 = ORIENTED_EDGE('',*,*,#8858,.F.);
#8858 = EDGE_CURVE('',#8767,#8807,#8859,.T.);
#8859 = LINE('',#8860,#8861);
#8860 = CARTESIAN_POINT('',(-27.72,12.8,1.6));
#8861 = VECTOR('',#8862,1.);
#8862 = DIRECTION('',(1.,0.,0.));
#8863 = ORIENTED_EDGE('',*,*,#8774,.T.);
#8864 = ORIENTED_EDGE('',*,*,#8865,.T.);
#8865 = EDGE_CURVE('',#8775,#8815,#8866,.T.);
#8866 = LINE('',#8867,#8868);
#8867 = CARTESIAN_POINT('',(-27.72,12.8,6.1));
#8868 = VECTOR('',#8869,1.);
#8869 = DIRECTION('',(1.,0.,0.));
#8870 = ORIENTED_EDGE('',*,*,#8814,.F.);
#8871 = PLANE('',#8872);
#8872 = AXIS2_PLACEMENT_3D('',#8873,#8874,#8875);
#8873 = CARTESIAN_POINT('',(-27.72,12.8,1.6));
#8874 = DIRECTION('',(0.,1.,0.));
#8875 = DIRECTION('',(0.,0.,1.));
#8876 = ADVANCED_FACE('',(#8877),#8883,.F.);
#8877 = FACE_BOUND('',#8878,.F.);
#8878 = EDGE_LOOP('',(#8879,#8880,#8881,#8882));
#8879 = ORIENTED_EDGE('',*,*,#8766,.F.);
#8880 = ORIENTED_EDGE('',*,*,#8836,.T.);
#8881 = ORIENTED_EDGE('',*,*,#8806,.T.);
#8882 = ORIENTED_EDGE('',*,*,#8858,.F.);
#8883 = PLANE('',#8884);
#8884 = AXIS2_PLACEMENT_3D('',#8885,#8886,#8887);
#8885 = CARTESIAN_POINT('',(-27.72,10.2,1.6));
#8886 = DIRECTION('',(0.,0.,1.));
#8887 = DIRECTION('',(1.,0.,0.));
#8888 = ADVANCED_FACE('',(#8889),#8895,.T.);
#8889 = FACE_BOUND('',#8890,.T.);
#8890 = EDGE_LOOP('',(#8891,#8892,#8893,#8894));
#8891 = ORIENTED_EDGE('',*,*,#8782,.F.);
#8892 = ORIENTED_EDGE('',*,*,#8843,.T.);
#8893 = ORIENTED_EDGE('',*,*,#8822,.T.);
#8894 = ORIENTED_EDGE('',*,*,#8865,.F.);
#8895 = PLANE('',#8896);
#8896 = AXIS2_PLACEMENT_3D('',#8897,#8898,#8899);
#8897 = CARTESIAN_POINT('',(-27.72,10.2,6.1));
#8898 = DIRECTION('',(0.,0.,1.));
#8899 = DIRECTION('',(1.,0.,0.));
#8900 = MANIFOLD_SOLID_BREP('',#8901);
#8901 = CLOSED_SHELL('',(#8902,#8935,#8944));
#8902 = ADVANCED_FACE('',(#8903),#8930,.T.);
#8903 = FACE_BOUND('',#8904,.T.);
#8904 = EDGE_LOOP('',(#8905,#8914,#8922,#8929));
#8905 = ORIENTED_EDGE('',*,*,#8906,.F.);
#8906 = EDGE_CURVE('',#8907,#8907,#8909,.T.);
#8907 = VERTEX_POINT('',#8908);
#8908 = CARTESIAN_POINT('',(-29.2,11.5,1.6));
#8909 = CIRCLE('',#8910,0.3);
#8910 = AXIS2_PLACEMENT_3D('',#8911,#8912,#8913);
#8911 = CARTESIAN_POINT('',(-29.5,11.5,1.6));
#8912 = DIRECTION('',(0.,0.,1.));
#8913 = DIRECTION('',(1.,0.,0.));
#8914 = ORIENTED_EDGE('',*,*,#8915,.F.);
#8915 = EDGE_CURVE('',#8916,#8907,#8918,.T.);
#8916 = VERTEX_POINT('',#8917);
#8917 = CARTESIAN_POINT('',(-29.2,11.5,-3.));
#8918 = LINE('',#8919,#8920);
#8919 = CARTESIAN_POINT('',(-29.2,11.5,-3.));
#8920 = VECTOR('',#8921,1.);
#8921 = DIRECTION('',(0.,0.,1.));
#8922 = ORIENTED_EDGE('',*,*,#8923,.T.);
#8923 = EDGE_CURVE('',#8916,#8916,#8924,.T.);
#8924 = CIRCLE('',#8925,0.3);
#8925 = AXIS2_PLACEMENT_3D('',#8926,#8927,#8928);
#8926 = CARTESIAN_POINT('',(-29.5,11.5,-3.));
#8927 = DIRECTION('',(0.,0.,1.));
#8928 = DIRECTION('',(1.,0.,0.));
#8929 = ORIENTED_EDGE('',*,*,#8915,.T.);
#8930 = CYLINDRICAL_SURFACE('',#8931,0.3);
#8931 = AXIS2_PLACEMENT_3D('',#8932,#8933,#8934);
#8932 = CARTESIAN_POINT('',(-29.5,11.5,-3.));
#8933 = DIRECTION('',(0.,0.,1.));
#8934 = DIRECTION('',(1.,0.,0.));
#8935 = ADVANCED_FACE('',(#8936),#8939,.T.);
#8936 = FACE_BOUND('',#8937,.T.);
#8937 = EDGE_LOOP('',(#8938));
#8938 = ORIENTED_EDGE('',*,*,#8906,.T.);
#8939 = PLANE('',#8940);
#8940 = AXIS2_PLACEMENT_3D('',#8941,#8942,#8943);
#8941 = CARTESIAN_POINT('',(-29.5,11.5,1.6));
#8942 = DIRECTION('',(0.,0.,1.));
#8943 = DIRECTION('',(1.,0.,0.));
#8944 = ADVANCED_FACE('',(#8945),#8948,.F.);
#8945 = FACE_BOUND('',#8946,.T.);
#8946 = EDGE_LOOP('',(#8947));
#8947 = ORIENTED_EDGE('',*,*,#8923,.F.);
#8948 = PLANE('',#8949);
#8949 = AXIS2_PLACEMENT_3D('',#8950,#8951,#8952);
#8950 = CARTESIAN_POINT('',(-29.5,11.5,-3.));
#8951 = DIRECTION('',(0.,0.,1.));
#8952 = DIRECTION('',(1.,0.,0.));
#8953 = MANIFOLD_SOLID_BREP('',#8954);
#8954 = CLOSED_SHELL('',(#8955,#8988,#8997));
#8955 = ADVANCED_FACE('',(#8956),#8983,.T.);
#8956 = FACE_BOUND('',#8957,.T.);
#8957 = EDGE_LOOP('',(#8958,#8967,#8975,#8982));
#8958 = ORIENTED_EDGE('',*,*,#8959,.F.);
#8959 = EDGE_CURVE('',#8960,#8960,#8962,.T.);
#8960 = VERTEX_POINT('',#8961);
#8961 = CARTESIAN_POINT('',(-19.04,11.5,1.6));
#8962 = CIRCLE('',#8963,0.3);
#8963 = AXIS2_PLACEMENT_3D('',#8964,#8965,#8966);
#8964 = CARTESIAN_POINT('',(-19.34,11.5,1.6));
#8965 = DIRECTION('',(0.,0.,1.));
#8966 = DIRECTION('',(1.,0.,0.));
#8967 = ORIENTED_EDGE('',*,*,#8968,.F.);
#8968 = EDGE_CURVE('',#8969,#8960,#8971,.T.);
#8969 = VERTEX_POINT('',#8970);
#8970 = CARTESIAN_POINT('',(-19.04,11.5,-3.));
#8971 = LINE('',#8972,#8973);
#8972 = CARTESIAN_POINT('',(-19.04,11.5,-3.));
#8973 = VECTOR('',#8974,1.);
#8974 = DIRECTION('',(0.,0.,1.));
#8975 = ORIENTED_EDGE('',*,*,#8976,.T.);
#8976 = EDGE_CURVE('',#8969,#8969,#8977,.T.);
#8977 = CIRCLE('',#8978,0.3);
#8978 = AXIS2_PLACEMENT_3D('',#8979,#8980,#8981);
#8979 = CARTESIAN_POINT('',(-19.34,11.5,-3.));
#8980 = DIRECTION('',(0.,0.,1.));
#8981 = DIRECTION('',(1.,0.,0.));
#8982 = ORIENTED_EDGE('',*,*,#8968,.T.);
#8983 = CYLINDRICAL_SURFACE('',#8984,0.3);
#8984 = AXIS2_PLACEMENT_3D('',#8985,#8986,#8987);
#8985 = CARTESIAN_POINT('',(-19.34,11.5,-3.));
#8986 = DIRECTION('',(0.,0.,1.));
#8987 = DIRECTION('',(1.,0.,0.));
#8988 = ADVANCED_FACE('',(#8989),#8992,.T.);
#8989 = FACE_BOUND('',#8990,.T.);
#8990 = EDGE_LOOP('',(#8991));
#8991 = ORIENTED_EDGE('',*,*,#8959,.T.);
#8992 = PLANE('',#8993);
#8993 = AXIS2_PLACEMENT_3D('',#8994,#8995,#8996);
#8994 = CARTESIAN_POINT('',(-19.34,11.5,1.6));
#8995 = DIRECTION('',(0.,0.,1.));
#8996 = DIRECTION('',(1.,0.,0.));
#8997 = ADVANCED_FACE('',(#8998),#9001,.F.);
#8998 = FACE_BOUND('',#8999,.T.);
#8999 = EDGE_LOOP('',(#9000));
#9000 = ORIENTED_EDGE('',*,*,#8976,.F.);
#9001 = PLANE('',#9002);
#9002 = AXIS2_PLACEMENT_3D('',#9003,#9004,#9005);
#9003 = CARTESIAN_POINT('',(-19.34,11.5,-3.));
#9004 = DIRECTION('',(0.,0.,1.));
#9005 = DIRECTION('',(1.,0.,0.));
#9006 = MANIFOLD_SOLID_BREP('',#9007);
#9007 = CLOSED_SHELL('',(#9008,#9048,#9088,#9110,#9132,#9144));
#9008 = ADVANCED_FACE('',(#9009),#9043,.F.);
#9009 = FACE_BOUND('',#9010,.F.);
#9010 = EDGE_LOOP('',(#9011,#9021,#9029,#9037));
#9011 = ORIENTED_EDGE('',*,*,#9012,.F.);
#9012 = EDGE_CURVE('',#9013,#9015,#9017,.T.);
#9013 = VERTEX_POINT('',#9014);
#9014 = CARTESIAN_POINT('',(41.15,8.0375,1.6));
#9015 = VERTEX_POINT('',#9016);
#9016 = CARTESIAN_POINT('',(41.15,8.0375,2.1));
#9017 = LINE('',#9018,#9019);
#9018 = CARTESIAN_POINT('',(41.15,8.0375,1.6));
#9019 = VECTOR('',#9020,1.);
#9020 = DIRECTION('',(0.,0.,1.));
#9021 = ORIENTED_EDGE('',*,*,#9022,.T.);
#9022 = EDGE_CURVE('',#9013,#9023,#9025,.T.);
#9023 = VERTEX_POINT('',#9024);
#9024 = CARTESIAN_POINT('',(41.15,8.9625,1.6));
#9025 = LINE('',#9026,#9027);
#9026 = CARTESIAN_POINT('',(41.15,8.0375,1.6));
#9027 = VECTOR('',#9028,1.);
#9028 = DIRECTION('',(0.,1.,0.));
#9029 = ORIENTED_EDGE('',*,*,#9030,.T.);
#9030 = EDGE_CURVE('',#9023,#9031,#9033,.T.);
#9031 = VERTEX_POINT('',#9032);
#9032 = CARTESIAN_POINT('',(41.15,8.9625,2.1));
#9033 = LINE('',#9034,#9035);
#9034 = CARTESIAN_POINT('',(41.15,8.9625,1.6));
#9035 = VECTOR('',#9036,1.);
#9036 = DIRECTION('',(0.,0.,1.));
#9037 = ORIENTED_EDGE('',*,*,#9038,.F.);
#9038 = EDGE_CURVE('',#9015,#9031,#9039,.T.);
#9039 = LINE('',#9040,#9041);
#9040 = CARTESIAN_POINT('',(41.15,8.0375,2.1));
#9041 = VECTOR('',#9042,1.);
#9042 = DIRECTION('',(0.,1.,0.));
#9043 = PLANE('',#9044);
#9044 = AXIS2_PLACEMENT_3D('',#9045,#9046,#9047);
#9045 = CARTESIAN_POINT('',(41.15,8.0375,1.6));
#9046 = DIRECTION('',(1.,0.,0.));
#9047 = DIRECTION('',(0.,0.,1.));
#9048 = ADVANCED_FACE('',(#9049),#9083,.T.);
#9049 = FACE_BOUND('',#9050,.T.);
#9050 = EDGE_LOOP('',(#9051,#9061,#9069,#9077));
#9051 = ORIENTED_EDGE('',*,*,#9052,.F.);
#9052 = EDGE_CURVE('',#9053,#9055,#9057,.T.);
#9053 = VERTEX_POINT('',#9054);
#9054 = CARTESIAN_POINT('',(42.85,8.0375,1.6));
#9055 = VERTEX_POINT('',#9056);
#9056 = CARTESIAN_POINT('',(42.85,8.0375,2.1));
#9057 = LINE('',#9058,#9059);
#9058 = CARTESIAN_POINT('',(42.85,8.0375,1.6));
#9059 = VECTOR('',#9060,1.);
#9060 = DIRECTION('',(0.,0.,1.));
#9061 = ORIENTED_EDGE('',*,*,#9062,.T.);
#9062 = EDGE_CURVE('',#9053,#9063,#9065,.T.);
#9063 = VERTEX_POINT('',#9064);
#9064 = CARTESIAN_POINT('',(42.85,8.9625,1.6));
#9065 = LINE('',#9066,#9067);
#9066 = CARTESIAN_POINT('',(42.85,8.0375,1.6));
#9067 = VECTOR('',#9068,1.);
#9068 = DIRECTION('',(0.,1.,0.));
#9069 = ORIENTED_EDGE('',*,*,#9070,.T.);
#9070 = EDGE_CURVE('',#9063,#9071,#9073,.T.);
#9071 = VERTEX_POINT('',#9072);
#9072 = CARTESIAN_POINT('',(42.85,8.9625,2.1));
#9073 = LINE('',#9074,#9075);
#9074 = CARTESIAN_POINT('',(42.85,8.9625,1.6));
#9075 = VECTOR('',#9076,1.);
#9076 = DIRECTION('',(0.,0.,1.));
#9077 = ORIENTED_EDGE('',*,*,#9078,.F.);
#9078 = EDGE_CURVE('',#9055,#9071,#9079,.T.);
#9079 = LINE('',#9080,#9081);
#9080 = CARTESIAN_POINT('',(42.85,8.0375,2.1));
#9081 = VECTOR('',#9082,1.);
#9082 = DIRECTION('',(0.,1.,0.));
#9083 = PLANE('',#9084);
#9084 = AXIS2_PLACEMENT_3D('',#9085,#9086,#9087);
#9085 = CARTESIAN_POINT('',(42.85,8.0375,1.6));
#9086 = DIRECTION('',(1.,0.,0.));
#9087 = DIRECTION('',(0.,0.,1.));
#9088 = ADVANCED_FACE('',(#9089),#9105,.F.);
#9089 = FACE_BOUND('',#9090,.F.);
#9090 = EDGE_LOOP('',(#9091,#9097,#9098,#9104));
#9091 = ORIENTED_EDGE('',*,*,#9092,.F.);
#9092 = EDGE_CURVE('',#9013,#9053,#9093,.T.);
#9093 = LINE('',#9094,#9095);
#9094 = CARTESIAN_POINT('',(41.15,8.0375,1.6));
#9095 = VECTOR('',#9096,1.);
#9096 = DIRECTION('',(1.,0.,0.));
#9097 = ORIENTED_EDGE('',*,*,#9012,.T.);
#9098 = ORIENTED_EDGE('',*,*,#9099,.T.);
#9099 = EDGE_CURVE('',#9015,#9055,#9100,.T.);
#9100 = LINE('',#9101,#9102);
#9101 = CARTESIAN_POINT('',(41.15,8.0375,2.1));
#9102 = VECTOR('',#9103,1.);
#9103 = DIRECTION('',(1.,0.,0.));
#9104 = ORIENTED_EDGE('',*,*,#9052,.F.);
#9105 = PLANE('',#9106);
#9106 = AXIS2_PLACEMENT_3D('',#9107,#9108,#9109);
#9107 = CARTESIAN_POINT('',(41.15,8.0375,1.6));
#9108 = DIRECTION('',(0.,1.,0.));
#9109 = DIRECTION('',(0.,0.,1.));
#9110 = ADVANCED_FACE('',(#9111),#9127,.T.);
#9111 = FACE_BOUND('',#9112,.T.);
#9112 = EDGE_LOOP('',(#9113,#9119,#9120,#9126));
#9113 = ORIENTED_EDGE('',*,*,#9114,.F.);
#9114 = EDGE_CURVE('',#9023,#9063,#9115,.T.);
#9115 = LINE('',#9116,#9117);
#9116 = CARTESIAN_POINT('',(41.15,8.9625,1.6));
#9117 = VECTOR('',#9118,1.);
#9118 = DIRECTION('',(1.,0.,0.));
#9119 = ORIENTED_EDGE('',*,*,#9030,.T.);
#9120 = ORIENTED_EDGE('',*,*,#9121,.T.);
#9121 = EDGE_CURVE('',#9031,#9071,#9122,.T.);
#9122 = LINE('',#9123,#9124);
#9123 = CARTESIAN_POINT('',(41.15,8.9625,2.1));
#9124 = VECTOR('',#9125,1.);
#9125 = DIRECTION('',(1.,0.,0.));
#9126 = ORIENTED_EDGE('',*,*,#9070,.F.);
#9127 = PLANE('',#9128);
#9128 = AXIS2_PLACEMENT_3D('',#9129,#9130,#9131);
#9129 = CARTESIAN_POINT('',(41.15,8.9625,1.6));
#9130 = DIRECTION('',(0.,1.,0.));
#9131 = DIRECTION('',(0.,0.,1.));
#9132 = ADVANCED_FACE('',(#9133),#9139,.F.);
#9133 = FACE_BOUND('',#9134,.F.);
#9134 = EDGE_LOOP('',(#9135,#9136,#9137,#9138));
#9135 = ORIENTED_EDGE('',*,*,#9022,.F.);
#9136 = ORIENTED_EDGE('',*,*,#9092,.T.);
#9137 = ORIENTED_EDGE('',*,*,#9062,.T.);
#9138 = ORIENTED_EDGE('',*,*,#9114,.F.);
#9139 = PLANE('',#9140);
#9140 = AXIS2_PLACEMENT_3D('',#9141,#9142,#9143);
#9141 = CARTESIAN_POINT('',(41.15,8.0375,1.6));
#9142 = DIRECTION('',(0.,0.,1.));
#9143 = DIRECTION('',(1.,0.,0.));
#9144 = ADVANCED_FACE('',(#9145),#9151,.T.);
#9145 = FACE_BOUND('',#9146,.T.);
#9146 = EDGE_LOOP('',(#9147,#9148,#9149,#9150));
#9147 = ORIENTED_EDGE('',*,*,#9038,.F.);
#9148 = ORIENTED_EDGE('',*,*,#9099,.T.);
#9149 = ORIENTED_EDGE('',*,*,#9078,.T.);
#9150 = ORIENTED_EDGE('',*,*,#9121,.F.);
#9151 = PLANE('',#9152);
#9152 = AXIS2_PLACEMENT_3D('',#9153,#9154,#9155);
#9153 = CARTESIAN_POINT('',(41.15,8.0375,2.1));
#9154 = DIRECTION('',(0.,0.,1.));
#9155 = DIRECTION('',(1.,0.,0.));
#9156 = MANIFOLD_SOLID_BREP('',#9157);
#9157 = CLOSED_SHELL('',(#9158,#9198,#9238,#9260,#9282,#9294));
#9158 = ADVANCED_FACE('',(#9159),#9193,.F.);
#9159 = FACE_BOUND('',#9160,.F.);
#9160 = EDGE_LOOP('',(#9161,#9171,#9179,#9187));
#9161 = ORIENTED_EDGE('',*,*,#9162,.F.);
#9162 = EDGE_CURVE('',#9163,#9165,#9167,.T.);
#9163 = VERTEX_POINT('',#9164);
#9164 = CARTESIAN_POINT('',(-12.175,-41.35,1.6));
#9165 = VERTEX_POINT('',#9166);
#9166 = CARTESIAN_POINT('',(-12.175,-41.35,2.85));
#9167 = LINE('',#9168,#9169);
#9168 = CARTESIAN_POINT('',(-12.175,-41.35,1.6));
#9169 = VECTOR('',#9170,1.);
#9170 = DIRECTION('',(0.,0.,1.));
#9171 = ORIENTED_EDGE('',*,*,#9172,.T.);
#9172 = EDGE_CURVE('',#9163,#9173,#9175,.T.);
#9173 = VERTEX_POINT('',#9174);
#9174 = CARTESIAN_POINT('',(-12.175,-39.25,1.6));
#9175 = LINE('',#9176,#9177);
#9176 = CARTESIAN_POINT('',(-12.175,-41.35,1.6));
#9177 = VECTOR('',#9178,1.);
#9178 = DIRECTION('',(0.,1.,0.));
#9179 = ORIENTED_EDGE('',*,*,#9180,.T.);
#9180 = EDGE_CURVE('',#9173,#9181,#9183,.T.);
#9181 = VERTEX_POINT('',#9182);
#9182 = CARTESIAN_POINT('',(-12.175,-39.25,2.85));
#9183 = LINE('',#9184,#9185);
#9184 = CARTESIAN_POINT('',(-12.175,-39.25,1.6));
#9185 = VECTOR('',#9186,1.);
#9186 = DIRECTION('',(0.,0.,1.));
#9187 = ORIENTED_EDGE('',*,*,#9188,.F.);
#9188 = EDGE_CURVE('',#9165,#9181,#9189,.T.);
#9189 = LINE('',#9190,#9191);
#9190 = CARTESIAN_POINT('',(-12.175,-41.35,2.85));
#9191 = VECTOR('',#9192,1.);
#9192 = DIRECTION('',(0.,1.,0.));
#9193 = PLANE('',#9194);
#9194 = AXIS2_PLACEMENT_3D('',#9195,#9196,#9197);
#9195 = CARTESIAN_POINT('',(-12.175,-41.35,1.6));
#9196 = DIRECTION('',(1.,0.,0.));
#9197 = DIRECTION('',(0.,0.,1.));
#9198 = ADVANCED_FACE('',(#9199),#9233,.T.);
#9199 = FACE_BOUND('',#9200,.T.);
#9200 = EDGE_LOOP('',(#9201,#9211,#9219,#9227));
#9201 = ORIENTED_EDGE('',*,*,#9202,.F.);
#9202 = EDGE_CURVE('',#9203,#9205,#9207,.T.);
#9203 = VERTEX_POINT('',#9204);
#9204 = CARTESIAN_POINT('',(-10.825,-41.35,1.6));
#9205 = VERTEX_POINT('',#9206);
#9206 = CARTESIAN_POINT('',(-10.825,-41.35,2.85));
#9207 = LINE('',#9208,#9209);
#9208 = CARTESIAN_POINT('',(-10.825,-41.35,1.6));
#9209 = VECTOR('',#9210,1.);
#9210 = DIRECTION('',(0.,0.,1.));
#9211 = ORIENTED_EDGE('',*,*,#9212,.T.);
#9212 = EDGE_CURVE('',#9203,#9213,#9215,.T.);
#9213 = VERTEX_POINT('',#9214);
#9214 = CARTESIAN_POINT('',(-10.825,-39.25,1.6));
#9215 = LINE('',#9216,#9217);
#9216 = CARTESIAN_POINT('',(-10.825,-41.35,1.6));
#9217 = VECTOR('',#9218,1.);
#9218 = DIRECTION('',(0.,1.,0.));
#9219 = ORIENTED_EDGE('',*,*,#9220,.T.);
#9220 = EDGE_CURVE('',#9213,#9221,#9223,.T.);
#9221 = VERTEX_POINT('',#9222);
#9222 = CARTESIAN_POINT('',(-10.825,-39.25,2.85));
#9223 = LINE('',#9224,#9225);
#9224 = CARTESIAN_POINT('',(-10.825,-39.25,1.6));
#9225 = VECTOR('',#9226,1.);
#9226 = DIRECTION('',(0.,0.,1.));
#9227 = ORIENTED_EDGE('',*,*,#9228,.F.);
#9228 = EDGE_CURVE('',#9205,#9221,#9229,.T.);
#9229 = LINE('',#9230,#9231);
#9230 = CARTESIAN_POINT('',(-10.825,-41.35,2.85));
#9231 = VECTOR('',#9232,1.);
#9232 = DIRECTION('',(0.,1.,0.));
#9233 = PLANE('',#9234);
#9234 = AXIS2_PLACEMENT_3D('',#9235,#9236,#9237);
#9235 = CARTESIAN_POINT('',(-10.825,-41.35,1.6));
#9236 = DIRECTION('',(1.,0.,0.));
#9237 = DIRECTION('',(0.,0.,1.));
#9238 = ADVANCED_FACE('',(#9239),#9255,.F.);
#9239 = FACE_BOUND('',#9240,.F.);
#9240 = EDGE_LOOP('',(#9241,#9247,#9248,#9254));
#9241 = ORIENTED_EDGE('',*,*,#9242,.F.);
#9242 = EDGE_CURVE('',#9163,#9203,#9243,.T.);
#9243 = LINE('',#9244,#9245);
#9244 = CARTESIAN_POINT('',(-12.175,-41.35,1.6));
#9245 = VECTOR('',#9246,1.);
#9246 = DIRECTION('',(1.,0.,0.));
#9247 = ORIENTED_EDGE('',*,*,#9162,.T.);
#9248 = ORIENTED_EDGE('',*,*,#9249,.T.);
#9249 = EDGE_CURVE('',#9165,#9205,#9250,.T.);
#9250 = LINE('',#9251,#9252);
#9251 = CARTESIAN_POINT('',(-12.175,-41.35,2.85));
#9252 = VECTOR('',#9253,1.);
#9253 = DIRECTION('',(1.,0.,0.));
#9254 = ORIENTED_EDGE('',*,*,#9202,.F.);
#9255 = PLANE('',#9256);
#9256 = AXIS2_PLACEMENT_3D('',#9257,#9258,#9259);
#9257 = CARTESIAN_POINT('',(-12.175,-41.35,1.6));
#9258 = DIRECTION('',(0.,1.,0.));
#9259 = DIRECTION('',(0.,0.,1.));
#9260 = ADVANCED_FACE('',(#9261),#9277,.T.);
#9261 = FACE_BOUND('',#9262,.T.);
#9262 = EDGE_LOOP('',(#9263,#9269,#9270,#9276));
#9263 = ORIENTED_EDGE('',*,*,#9264,.F.);
#9264 = EDGE_CURVE('',#9173,#9213,#9265,.T.);
#9265 = LINE('',#9266,#9267);
#9266 = CARTESIAN_POINT('',(-12.175,-39.25,1.6));
#9267 = VECTOR('',#9268,1.);
#9268 = DIRECTION('',(1.,0.,0.));
#9269 = ORIENTED_EDGE('',*,*,#9180,.T.);
#9270 = ORIENTED_EDGE('',*,*,#9271,.T.);
#9271 = EDGE_CURVE('',#9181,#9221,#9272,.T.);
#9272 = LINE('',#9273,#9274);
#9273 = CARTESIAN_POINT('',(-12.175,-39.25,2.85));
#9274 = VECTOR('',#9275,1.);
#9275 = DIRECTION('',(1.,0.,0.));
#9276 = ORIENTED_EDGE('',*,*,#9220,.F.);
#9277 = PLANE('',#9278);
#9278 = AXIS2_PLACEMENT_3D('',#9279,#9280,#9281);
#9279 = CARTESIAN_POINT('',(-12.175,-39.25,1.6));
#9280 = DIRECTION('',(0.,1.,0.));
#9281 = DIRECTION('',(0.,0.,1.));
#9282 = ADVANCED_FACE('',(#9283),#9289,.F.);
#9283 = FACE_BOUND('',#9284,.F.);
#9284 = EDGE_LOOP('',(#9285,#9286,#9287,#9288));
#9285 = ORIENTED_EDGE('',*,*,#9172,.F.);
#9286 = ORIENTED_EDGE('',*,*,#9242,.T.);
#9287 = ORIENTED_EDGE('',*,*,#9212,.T.);
#9288 = ORIENTED_EDGE('',*,*,#9264,.F.);
#9289 = PLANE('',#9290);
#9290 = AXIS2_PLACEMENT_3D('',#9291,#9292,#9293);
#9291 = CARTESIAN_POINT('',(-12.175,-41.35,1.6));
#9292 = DIRECTION('',(0.,0.,1.));
#9293 = DIRECTION('',(1.,0.,0.));
#9294 = ADVANCED_FACE('',(#9295),#9301,.T.);
#9295 = FACE_BOUND('',#9296,.T.);
#9296 = EDGE_LOOP('',(#9297,#9298,#9299,#9300));
#9297 = ORIENTED_EDGE('',*,*,#9188,.F.);
#9298 = ORIENTED_EDGE('',*,*,#9249,.T.);
#9299 = ORIENTED_EDGE('',*,*,#9228,.T.);
#9300 = ORIENTED_EDGE('',*,*,#9271,.F.);
#9301 = PLANE('',#9302);
#9302 = AXIS2_PLACEMENT_3D('',#9303,#9304,#9305);
#9303 = CARTESIAN_POINT('',(-12.175,-41.35,2.85));
#9304 = DIRECTION('',(0.,0.,1.));
#9305 = DIRECTION('',(1.,0.,0.));
#9306 = MANIFOLD_SOLID_BREP('',#9307);
#9307 = CLOSED_SHELL('',(#9308,#9348,#9388,#9410,#9432,#9444));
#9308 = ADVANCED_FACE('',(#9309),#9343,.F.);
#9309 = FACE_BOUND('',#9310,.F.);
#9310 = EDGE_LOOP('',(#9311,#9321,#9329,#9337));
#9311 = ORIENTED_EDGE('',*,*,#9312,.F.);
#9312 = EDGE_CURVE('',#9313,#9315,#9317,.T.);
#9313 = VERTEX_POINT('',#9314);
#9314 = CARTESIAN_POINT('',(-36.85,4.85,1.6));
#9315 = VERTEX_POINT('',#9316);
#9316 = CARTESIAN_POINT('',(-36.85,4.85,2.25));
#9317 = LINE('',#9318,#9319);
#9318 = CARTESIAN_POINT('',(-36.85,4.85,1.6));
#9319 = VECTOR('',#9320,1.);
#9320 = DIRECTION('',(0.,0.,1.));
#9321 = ORIENTED_EDGE('',*,*,#9322,.T.);
#9322 = EDGE_CURVE('',#9313,#9323,#9325,.T.);
#9323 = VERTEX_POINT('',#9324);
#9324 = CARTESIAN_POINT('',(-36.85,8.15,1.6));
#9325 = LINE('',#9326,#9327);
#9326 = CARTESIAN_POINT('',(-36.85,4.85,1.6));
#9327 = VECTOR('',#9328,1.);
#9328 = DIRECTION('',(0.,1.,0.));
#9329 = ORIENTED_EDGE('',*,*,#9330,.T.);
#9330 = EDGE_CURVE('',#9323,#9331,#9333,.T.);
#9331 = VERTEX_POINT('',#9332);
#9332 = CARTESIAN_POINT('',(-36.85,8.15,2.25));
#9333 = LINE('',#9334,#9335);
#9334 = CARTESIAN_POINT('',(-36.85,8.15,1.6));
#9335 = VECTOR('',#9336,1.);
#9336 = DIRECTION('',(0.,0.,1.));
#9337 = ORIENTED_EDGE('',*,*,#9338,.F.);
#9338 = EDGE_CURVE('',#9315,#9331,#9339,.T.);
#9339 = LINE('',#9340,#9341);
#9340 = CARTESIAN_POINT('',(-36.85,4.85,2.25));
#9341 = VECTOR('',#9342,1.);
#9342 = DIRECTION('',(0.,1.,0.));
#9343 = PLANE('',#9344);
#9344 = AXIS2_PLACEMENT_3D('',#9345,#9346,#9347);
#9345 = CARTESIAN_POINT('',(-36.85,4.85,1.6));
#9346 = DIRECTION('',(1.,0.,0.));
#9347 = DIRECTION('',(0.,0.,1.));
#9348 = ADVANCED_FACE('',(#9349),#9383,.T.);
#9349 = FACE_BOUND('',#9350,.T.);
#9350 = EDGE_LOOP('',(#9351,#9361,#9369,#9377));
#9351 = ORIENTED_EDGE('',*,*,#9352,.F.);
#9352 = EDGE_CURVE('',#9353,#9355,#9357,.T.);
#9353 = VERTEX_POINT('',#9354);
#9354 = CARTESIAN_POINT('',(-35.15,4.85,1.6));
#9355 = VERTEX_POINT('',#9356);
#9356 = CARTESIAN_POINT('',(-35.15,4.85,2.25));
#9357 = LINE('',#9358,#9359);
#9358 = CARTESIAN_POINT('',(-35.15,4.85,1.6));
#9359 = VECTOR('',#9360,1.);
#9360 = DIRECTION('',(0.,0.,1.));
#9361 = ORIENTED_EDGE('',*,*,#9362,.T.);
#9362 = EDGE_CURVE('',#9353,#9363,#9365,.T.);
#9363 = VERTEX_POINT('',#9364);
#9364 = CARTESIAN_POINT('',(-35.15,8.15,1.6));
#9365 = LINE('',#9366,#9367);
#9366 = CARTESIAN_POINT('',(-35.15,4.85,1.6));
#9367 = VECTOR('',#9368,1.);
#9368 = DIRECTION('',(0.,1.,0.));
#9369 = ORIENTED_EDGE('',*,*,#9370,.T.);
#9370 = EDGE_CURVE('',#9363,#9371,#9373,.T.);
#9371 = VERTEX_POINT('',#9372);
#9372 = CARTESIAN_POINT('',(-35.15,8.15,2.25));
#9373 = LINE('',#9374,#9375);
#9374 = CARTESIAN_POINT('',(-35.15,8.15,1.6));
#9375 = VECTOR('',#9376,1.);
#9376 = DIRECTION('',(0.,0.,1.));
#9377 = ORIENTED_EDGE('',*,*,#9378,.F.);
#9378 = EDGE_CURVE('',#9355,#9371,#9379,.T.);
#9379 = LINE('',#9380,#9381);
#9380 = CARTESIAN_POINT('',(-35.15,4.85,2.25));
#9381 = VECTOR('',#9382,1.);
#9382 = DIRECTION('',(0.,1.,0.));
#9383 = PLANE('',#9384);
#9384 = AXIS2_PLACEMENT_3D('',#9385,#9386,#9387);
#9385 = CARTESIAN_POINT('',(-35.15,4.85,1.6));
#9386 = DIRECTION('',(1.,0.,0.));
#9387 = DIRECTION('',(0.,0.,1.));
#9388 = ADVANCED_FACE('',(#9389),#9405,.F.);
#9389 = FACE_BOUND('',#9390,.F.);
#9390 = EDGE_LOOP('',(#9391,#9397,#9398,#9404));
#9391 = ORIENTED_EDGE('',*,*,#9392,.F.);
#9392 = EDGE_CURVE('',#9313,#9353,#9393,.T.);
#9393 = LINE('',#9394,#9395);
#9394 = CARTESIAN_POINT('',(-36.85,4.85,1.6));
#9395 = VECTOR('',#9396,1.);
#9396 = DIRECTION('',(1.,0.,0.));
#9397 = ORIENTED_EDGE('',*,*,#9312,.T.);
#9398 = ORIENTED_EDGE('',*,*,#9399,.T.);
#9399 = EDGE_CURVE('',#9315,#9355,#9400,.T.);
#9400 = LINE('',#9401,#9402);
#9401 = CARTESIAN_POINT('',(-36.85,4.85,2.25));
#9402 = VECTOR('',#9403,1.);
#9403 = DIRECTION('',(1.,0.,0.));
#9404 = ORIENTED_EDGE('',*,*,#9352,.F.);
#9405 = PLANE('',#9406);
#9406 = AXIS2_PLACEMENT_3D('',#9407,#9408,#9409);
#9407 = CARTESIAN_POINT('',(-36.85,4.85,1.6));
#9408 = DIRECTION('',(0.,1.,0.));
#9409 = DIRECTION('',(0.,0.,1.));
#9410 = ADVANCED_FACE('',(#9411),#9427,.T.);
#9411 = FACE_BOUND('',#9412,.T.);
#9412 = EDGE_LOOP('',(#9413,#9419,#9420,#9426));
#9413 = ORIENTED_EDGE('',*,*,#9414,.F.);
#9414 = EDGE_CURVE('',#9323,#9363,#9415,.T.);
#9415 = LINE('',#9416,#9417);
#9416 = CARTESIAN_POINT('',(-36.85,8.15,1.6));
#9417 = VECTOR('',#9418,1.);
#9418 = DIRECTION('',(1.,0.,0.));
#9419 = ORIENTED_EDGE('',*,*,#9330,.T.);
#9420 = ORIENTED_EDGE('',*,*,#9421,.T.);
#9421 = EDGE_CURVE('',#9331,#9371,#9422,.T.);
#9422 = LINE('',#9423,#9424);
#9423 = CARTESIAN_POINT('',(-36.85,8.15,2.25));
#9424 = VECTOR('',#9425,1.);
#9425 = DIRECTION('',(1.,0.,0.));
#9426 = ORIENTED_EDGE('',*,*,#9370,.F.);
#9427 = PLANE('',#9428);
#9428 = AXIS2_PLACEMENT_3D('',#9429,#9430,#9431);
#9429 = CARTESIAN_POINT('',(-36.85,8.15,1.6));
#9430 = DIRECTION('',(0.,1.,0.));
#9431 = DIRECTION('',(0.,0.,1.));
#9432 = ADVANCED_FACE('',(#9433),#9439,.F.);
#9433 = FACE_BOUND('',#9434,.F.);
#9434 = EDGE_LOOP('',(#9435,#9436,#9437,#9438));
#9435 = ORIENTED_EDGE('',*,*,#9322,.F.);
#9436 = ORIENTED_EDGE('',*,*,#9392,.T.);
#9437 = ORIENTED_EDGE('',*,*,#9362,.T.);
#9438 = ORIENTED_EDGE('',*,*,#9414,.F.);
#9439 = PLANE('',#9440);
#9440 = AXIS2_PLACEMENT_3D('',#9441,#9442,#9443);
#9441 = CARTESIAN_POINT('',(-36.85,4.85,1.6));
#9442 = DIRECTION('',(0.,0.,1.));
#9443 = DIRECTION('',(1.,0.,0.));
#9444 = ADVANCED_FACE('',(#9445),#9451,.T.);
#9445 = FACE_BOUND('',#9446,.T.);
#9446 = EDGE_LOOP('',(#9447,#9448,#9449,#9450));
#9447 = ORIENTED_EDGE('',*,*,#9338,.F.);
#9448 = ORIENTED_EDGE('',*,*,#9399,.T.);
#9449 = ORIENTED_EDGE('',*,*,#9378,.T.);
#9450 = ORIENTED_EDGE('',*,*,#9421,.F.);
#9451 = PLANE('',#9452);
#9452 = AXIS2_PLACEMENT_3D('',#9453,#9454,#9455);
#9453 = CARTESIAN_POINT('',(-36.85,4.85,2.25));
#9454 = DIRECTION('',(0.,0.,1.));
#9455 = DIRECTION('',(1.,0.,0.));
#9456 = MANIFOLD_SOLID_BREP('',#9457);
#9457 = CLOSED_SHELL('',(#9458,#9498,#9538,#9560,#9582,#9594));
#9458 = ADVANCED_FACE('',(#9459),#9493,.F.);
#9459 = FACE_BOUND('',#9460,.F.);
#9460 = EDGE_LOOP('',(#9461,#9471,#9479,#9487));
#9461 = ORIENTED_EDGE('',*,*,#9462,.F.);
#9462 = EDGE_CURVE('',#9463,#9465,#9467,.T.);
#9463 = VERTEX_POINT('',#9464);
#9464 = CARTESIAN_POINT('',(24.8,-17.5,1.6));
#9465 = VERTEX_POINT('',#9466);
#9466 = CARTESIAN_POINT('',(24.8,-17.5,2.72));
#9467 = LINE('',#9468,#9469);
#9468 = CARTESIAN_POINT('',(24.8,-17.5,1.6));
#9469 = VECTOR('',#9470,1.);
#9470 = DIRECTION('',(0.,0.,1.));
#9471 = ORIENTED_EDGE('',*,*,#9472,.T.);
#9472 = EDGE_CURVE('',#9463,#9473,#9475,.T.);
#9473 = VERTEX_POINT('',#9474);
#9474 = CARTESIAN_POINT('',(24.8,-14.5,1.6));
#9475 = LINE('',#9476,#9477);
#9476 = CARTESIAN_POINT('',(24.8,-17.5,1.6));
#9477 = VECTOR('',#9478,1.);
#9478 = DIRECTION('',(0.,1.,0.));
#9479 = ORIENTED_EDGE('',*,*,#9480,.T.);
#9480 = EDGE_CURVE('',#9473,#9481,#9483,.T.);
#9481 = VERTEX_POINT('',#9482);
#9482 = CARTESIAN_POINT('',(24.8,-14.5,2.72));
#9483 = LINE('',#9484,#9485);
#9484 = CARTESIAN_POINT('',(24.8,-14.5,1.6));
#9485 = VECTOR('',#9486,1.);
#9486 = DIRECTION('',(0.,0.,1.));
#9487 = ORIENTED_EDGE('',*,*,#9488,.F.);
#9488 = EDGE_CURVE('',#9465,#9481,#9489,.T.);
#9489 = LINE('',#9490,#9491);
#9490 = CARTESIAN_POINT('',(24.8,-17.5,2.72));
#9491 = VECTOR('',#9492,1.);
#9492 = DIRECTION('',(0.,1.,0.));
#9493 = PLANE('',#9494);
#9494 = AXIS2_PLACEMENT_3D('',#9495,#9496,#9497);
#9495 = CARTESIAN_POINT('',(24.8,-17.5,1.6));
#9496 = DIRECTION('',(1.,0.,0.));
#9497 = DIRECTION('',(0.,0.,1.));
#9498 = ADVANCED_FACE('',(#9499),#9533,.T.);
#9499 = FACE_BOUND('',#9500,.T.);
#9500 = EDGE_LOOP('',(#9501,#9511,#9519,#9527));
#9501 = ORIENTED_EDGE('',*,*,#9502,.F.);
#9502 = EDGE_CURVE('',#9503,#9505,#9507,.T.);
#9503 = VERTEX_POINT('',#9504);
#9504 = CARTESIAN_POINT('',(26.2,-17.5,1.6));
#9505 = VERTEX_POINT('',#9506);
#9506 = CARTESIAN_POINT('',(26.2,-17.5,2.72));
#9507 = LINE('',#9508,#9509);
#9508 = CARTESIAN_POINT('',(26.2,-17.5,1.6));
#9509 = VECTOR('',#9510,1.);
#9510 = DIRECTION('',(0.,0.,1.));
#9511 = ORIENTED_EDGE('',*,*,#9512,.T.);
#9512 = EDGE_CURVE('',#9503,#9513,#9515,.T.);
#9513 = VERTEX_POINT('',#9514);
#9514 = CARTESIAN_POINT('',(26.2,-14.5,1.6));
#9515 = LINE('',#9516,#9517);
#9516 = CARTESIAN_POINT('',(26.2,-17.5,1.6));
#9517 = VECTOR('',#9518,1.);
#9518 = DIRECTION('',(0.,1.,0.));
#9519 = ORIENTED_EDGE('',*,*,#9520,.T.);
#9520 = EDGE_CURVE('',#9513,#9521,#9523,.T.);
#9521 = VERTEX_POINT('',#9522);
#9522 = CARTESIAN_POINT('',(26.2,-14.5,2.72));
#9523 = LINE('',#9524,#9525);
#9524 = CARTESIAN_POINT('',(26.2,-14.5,1.6));
#9525 = VECTOR('',#9526,1.);
#9526 = DIRECTION('',(0.,0.,1.));
#9527 = ORIENTED_EDGE('',*,*,#9528,.F.);
#9528 = EDGE_CURVE('',#9505,#9521,#9529,.T.);
#9529 = LINE('',#9530,#9531);
#9530 = CARTESIAN_POINT('',(26.2,-17.5,2.72));
#9531 = VECTOR('',#9532,1.);
#9532 = DIRECTION('',(0.,1.,0.));
#9533 = PLANE('',#9534);
#9534 = AXIS2_PLACEMENT_3D('',#9535,#9536,#9537);
#9535 = CARTESIAN_POINT('',(26.2,-17.5,1.6));
#9536 = DIRECTION('',(1.,0.,0.));
#9537 = DIRECTION('',(0.,0.,1.));
#9538 = ADVANCED_FACE('',(#9539),#9555,.F.);
#9539 = FACE_BOUND('',#9540,.F.);
#9540 = EDGE_LOOP('',(#9541,#9547,#9548,#9554));
#9541 = ORIENTED_EDGE('',*,*,#9542,.F.);
#9542 = EDGE_CURVE('',#9463,#9503,#9543,.T.);
#9543 = LINE('',#9544,#9545);
#9544 = CARTESIAN_POINT('',(24.8,-17.5,1.6));
#9545 = VECTOR('',#9546,1.);
#9546 = DIRECTION('',(1.,0.,0.));
#9547 = ORIENTED_EDGE('',*,*,#9462,.T.);
#9548 = ORIENTED_EDGE('',*,*,#9549,.T.);
#9549 = EDGE_CURVE('',#9465,#9505,#9550,.T.);
#9550 = LINE('',#9551,#9552);
#9551 = CARTESIAN_POINT('',(24.8,-17.5,2.72));
#9552 = VECTOR('',#9553,1.);
#9553 = DIRECTION('',(1.,0.,0.));
#9554 = ORIENTED_EDGE('',*,*,#9502,.F.);
#9555 = PLANE('',#9556);
#9556 = AXIS2_PLACEMENT_3D('',#9557,#9558,#9559);
#9557 = CARTESIAN_POINT('',(24.8,-17.5,1.6));
#9558 = DIRECTION('',(0.,1.,0.));
#9559 = DIRECTION('',(0.,0.,1.));
#9560 = ADVANCED_FACE('',(#9561),#9577,.T.);
#9561 = FACE_BOUND('',#9562,.T.);
#9562 = EDGE_LOOP('',(#9563,#9569,#9570,#9576));
#9563 = ORIENTED_EDGE('',*,*,#9564,.F.);
#9564 = EDGE_CURVE('',#9473,#9513,#9565,.T.);
#9565 = LINE('',#9566,#9567);
#9566 = CARTESIAN_POINT('',(24.8,-14.5,1.6));
#9567 = VECTOR('',#9568,1.);
#9568 = DIRECTION('',(1.,0.,0.));
#9569 = ORIENTED_EDGE('',*,*,#9480,.T.);
#9570 = ORIENTED_EDGE('',*,*,#9571,.T.);
#9571 = EDGE_CURVE('',#9481,#9521,#9572,.T.);
#9572 = LINE('',#9573,#9574);
#9573 = CARTESIAN_POINT('',(24.8,-14.5,2.72));
#9574 = VECTOR('',#9575,1.);
#9575 = DIRECTION('',(1.,0.,0.));
#9576 = ORIENTED_EDGE('',*,*,#9520,.F.);
#9577 = PLANE('',#9578);
#9578 = AXIS2_PLACEMENT_3D('',#9579,#9580,#9581);
#9579 = CARTESIAN_POINT('',(24.8,-14.5,1.6));
#9580 = DIRECTION('',(0.,1.,0.));
#9581 = DIRECTION('',(0.,0.,1.));
#9582 = ADVANCED_FACE('',(#9583),#9589,.F.);
#9583 = FACE_BOUND('',#9584,.F.);
#9584 = EDGE_LOOP('',(#9585,#9586,#9587,#9588));
#9585 = ORIENTED_EDGE('',*,*,#9472,.F.);
#9586 = ORIENTED_EDGE('',*,*,#9542,.T.);
#9587 = ORIENTED_EDGE('',*,*,#9512,.T.);
#9588 = ORIENTED_EDGE('',*,*,#9564,.F.);
#9589 = PLANE('',#9590);
#9590 = AXIS2_PLACEMENT_3D('',#9591,#9592,#9593);
#9591 = CARTESIAN_POINT('',(24.8,-17.5,1.6));
#9592 = DIRECTION('',(0.,0.,1.));
#9593 = DIRECTION('',(1.,0.,0.));
#9594 = ADVANCED_FACE('',(#9595),#9601,.T.);
#9595 = FACE_BOUND('',#9596,.T.);
#9596 = EDGE_LOOP('',(#9597,#9598,#9599,#9600));
#9597 = ORIENTED_EDGE('',*,*,#9488,.F.);
#9598 = ORIENTED_EDGE('',*,*,#9549,.T.);
#9599 = ORIENTED_EDGE('',*,*,#9528,.T.);
#9600 = ORIENTED_EDGE('',*,*,#9571,.F.);
#9601 = PLANE('',#9602);
#9602 = AXIS2_PLACEMENT_3D('',#9603,#9604,#9605);
#9603 = CARTESIAN_POINT('',(24.8,-17.5,2.72));
#9604 = DIRECTION('',(0.,0.,1.));
#9605 = DIRECTION('',(1.,0.,0.));
#9606 = MANIFOLD_SOLID_BREP('',#9607);
#9607 = CLOSED_SHELL('',(#9608,#9648,#9688,#9710,#9732,#9744));
#9608 = ADVANCED_FACE('',(#9609),#9643,.F.);
#9609 = FACE_BOUND('',#9610,.F.);
#9610 = EDGE_LOOP('',(#9611,#9621,#9629,#9637));
#9611 = ORIENTED_EDGE('',*,*,#9612,.F.);
#9612 = EDGE_CURVE('',#9613,#9615,#9617,.T.);
#9613 = VERTEX_POINT('',#9614);
#9614 = CARTESIAN_POINT('',(40.15,-30.4625,1.6));
#9615 = VERTEX_POINT('',#9616);
#9616 = CARTESIAN_POINT('',(40.15,-30.4625,2.15));
#9617 = LINE('',#9618,#9619);
#9618 = CARTESIAN_POINT('',(40.15,-30.4625,1.6));
#9619 = VECTOR('',#9620,1.);
#9620 = DIRECTION('',(0.,0.,1.));
#9621 = ORIENTED_EDGE('',*,*,#9622,.T.);
#9622 = EDGE_CURVE('',#9613,#9623,#9625,.T.);
#9623 = VERTEX_POINT('',#9624);
#9624 = CARTESIAN_POINT('',(40.15,-29.5375,1.6));
#9625 = LINE('',#9626,#9627);
#9626 = CARTESIAN_POINT('',(40.15,-30.4625,1.6));
#9627 = VECTOR('',#9628,1.);
#9628 = DIRECTION('',(0.,1.,0.));
#9629 = ORIENTED_EDGE('',*,*,#9630,.T.);
#9630 = EDGE_CURVE('',#9623,#9631,#9633,.T.);
#9631 = VERTEX_POINT('',#9632);
#9632 = CARTESIAN_POINT('',(40.15,-29.5375,2.15));
#9633 = LINE('',#9634,#9635);
#9634 = CARTESIAN_POINT('',(40.15,-29.5375,1.6));
#9635 = VECTOR('',#9636,1.);
#9636 = DIRECTION('',(0.,0.,1.));
#9637 = ORIENTED_EDGE('',*,*,#9638,.F.);
#9638 = EDGE_CURVE('',#9615,#9631,#9639,.T.);
#9639 = LINE('',#9640,#9641);
#9640 = CARTESIAN_POINT('',(40.15,-30.4625,2.15));
#9641 = VECTOR('',#9642,1.);
#9642 = DIRECTION('',(0.,1.,0.));
#9643 = PLANE('',#9644);
#9644 = AXIS2_PLACEMENT_3D('',#9645,#9646,#9647);
#9645 = CARTESIAN_POINT('',(40.15,-30.4625,1.6));
#9646 = DIRECTION('',(1.,0.,0.));
#9647 = DIRECTION('',(0.,0.,1.));
#9648 = ADVANCED_FACE('',(#9649),#9683,.T.);
#9649 = FACE_BOUND('',#9650,.T.);
#9650 = EDGE_LOOP('',(#9651,#9661,#9669,#9677));
#9651 = ORIENTED_EDGE('',*,*,#9652,.F.);
#9652 = EDGE_CURVE('',#9653,#9655,#9657,.T.);
#9653 = VERTEX_POINT('',#9654);
#9654 = CARTESIAN_POINT('',(41.85,-30.4625,1.6));
#9655 = VERTEX_POINT('',#9656);
#9656 = CARTESIAN_POINT('',(41.85,-30.4625,2.15));
#9657 = LINE('',#9658,#9659);
#9658 = CARTESIAN_POINT('',(41.85,-30.4625,1.6));
#9659 = VECTOR('',#9660,1.);
#9660 = DIRECTION('',(0.,0.,1.));
#9661 = ORIENTED_EDGE('',*,*,#9662,.T.);
#9662 = EDGE_CURVE('',#9653,#9663,#9665,.T.);
#9663 = VERTEX_POINT('',#9664);
#9664 = CARTESIAN_POINT('',(41.85,-29.5375,1.6));
#9665 = LINE('',#9666,#9667);
#9666 = CARTESIAN_POINT('',(41.85,-30.4625,1.6));
#9667 = VECTOR('',#9668,1.);
#9668 = DIRECTION('',(0.,1.,0.));
#9669 = ORIENTED_EDGE('',*,*,#9670,.T.);
#9670 = EDGE_CURVE('',#9663,#9671,#9673,.T.);
#9671 = VERTEX_POINT('',#9672);
#9672 = CARTESIAN_POINT('',(41.85,-29.5375,2.15));
#9673 = LINE('',#9674,#9675);
#9674 = CARTESIAN_POINT('',(41.85,-29.5375,1.6));
#9675 = VECTOR('',#9676,1.);
#9676 = DIRECTION('',(0.,0.,1.));
#9677 = ORIENTED_EDGE('',*,*,#9678,.F.);
#9678 = EDGE_CURVE('',#9655,#9671,#9679,.T.);
#9679 = LINE('',#9680,#9681);
#9680 = CARTESIAN_POINT('',(41.85,-30.4625,2.15));
#9681 = VECTOR('',#9682,1.);
#9682 = DIRECTION('',(0.,1.,0.));
#9683 = PLANE('',#9684);
#9684 = AXIS2_PLACEMENT_3D('',#9685,#9686,#9687);
#9685 = CARTESIAN_POINT('',(41.85,-30.4625,1.6));
#9686 = DIRECTION('',(1.,0.,0.));
#9687 = DIRECTION('',(0.,0.,1.));
#9688 = ADVANCED_FACE('',(#9689),#9705,.F.);
#9689 = FACE_BOUND('',#9690,.F.);
#9690 = EDGE_LOOP('',(#9691,#9697,#9698,#9704));
#9691 = ORIENTED_EDGE('',*,*,#9692,.F.);
#9692 = EDGE_CURVE('',#9613,#9653,#9693,.T.);
#9693 = LINE('',#9694,#9695);
#9694 = CARTESIAN_POINT('',(40.15,-30.4625,1.6));
#9695 = VECTOR('',#9696,1.);
#9696 = DIRECTION('',(1.,0.,0.));
#9697 = ORIENTED_EDGE('',*,*,#9612,.T.);
#9698 = ORIENTED_EDGE('',*,*,#9699,.T.);
#9699 = EDGE_CURVE('',#9615,#9655,#9700,.T.);
#9700 = LINE('',#9701,#9702);
#9701 = CARTESIAN_POINT('',(40.15,-30.4625,2.15));
#9702 = VECTOR('',#9703,1.);
#9703 = DIRECTION('',(1.,0.,0.));
#9704 = ORIENTED_EDGE('',*,*,#9652,.F.);
#9705 = PLANE('',#9706);
#9706 = AXIS2_PLACEMENT_3D('',#9707,#9708,#9709);
#9707 = CARTESIAN_POINT('',(40.15,-30.4625,1.6));
#9708 = DIRECTION('',(0.,1.,0.));
#9709 = DIRECTION('',(0.,0.,1.));
#9710 = ADVANCED_FACE('',(#9711),#9727,.T.);
#9711 = FACE_BOUND('',#9712,.T.);
#9712 = EDGE_LOOP('',(#9713,#9719,#9720,#9726));
#9713 = ORIENTED_EDGE('',*,*,#9714,.F.);
#9714 = EDGE_CURVE('',#9623,#9663,#9715,.T.);
#9715 = LINE('',#9716,#9717);
#9716 = CARTESIAN_POINT('',(40.15,-29.5375,1.6));
#9717 = VECTOR('',#9718,1.);
#9718 = DIRECTION('',(1.,0.,0.));
#9719 = ORIENTED_EDGE('',*,*,#9630,.T.);
#9720 = ORIENTED_EDGE('',*,*,#9721,.T.);
#9721 = EDGE_CURVE('',#9631,#9671,#9722,.T.);
#9722 = LINE('',#9723,#9724);
#9723 = CARTESIAN_POINT('',(40.15,-29.5375,2.15));
#9724 = VECTOR('',#9725,1.);
#9725 = DIRECTION('',(1.,0.,0.));
#9726 = ORIENTED_EDGE('',*,*,#9670,.F.);
#9727 = PLANE('',#9728);
#9728 = AXIS2_PLACEMENT_3D('',#9729,#9730,#9731);
#9729 = CARTESIAN_POINT('',(40.15,-29.5375,1.6));
#9730 = DIRECTION('',(0.,1.,0.));
#9731 = DIRECTION('',(0.,0.,1.));
#9732 = ADVANCED_FACE('',(#9733),#9739,.F.);
#9733 = FACE_BOUND('',#9734,.F.);
#9734 = EDGE_LOOP('',(#9735,#9736,#9737,#9738));
#9735 = ORIENTED_EDGE('',*,*,#9622,.F.);
#9736 = ORIENTED_EDGE('',*,*,#9692,.T.);
#9737 = ORIENTED_EDGE('',*,*,#9662,.T.);
#9738 = ORIENTED_EDGE('',*,*,#9714,.F.);
#9739 = PLANE('',#9740);
#9740 = AXIS2_PLACEMENT_3D('',#9741,#9742,#9743);
#9741 = CARTESIAN_POINT('',(40.15,-30.4625,1.6));
#9742 = DIRECTION('',(0.,0.,1.));
#9743 = DIRECTION('',(1.,0.,0.));
#9744 = ADVANCED_FACE('',(#9745),#9751,.T.);
#9745 = FACE_BOUND('',#9746,.T.);
#9746 = EDGE_LOOP('',(#9747,#9748,#9749,#9750));
#9747 = ORIENTED_EDGE('',*,*,#9638,.F.);
#9748 = ORIENTED_EDGE('',*,*,#9699,.T.);
#9749 = ORIENTED_EDGE('',*,*,#9678,.T.);
#9750 = ORIENTED_EDGE('',*,*,#9721,.F.);
#9751 = PLANE('',#9752);
#9752 = AXIS2_PLACEMENT_3D('',#9753,#9754,#9755);
#9753 = CARTESIAN_POINT('',(40.15,-30.4625,2.15));
#9754 = DIRECTION('',(0.,0.,1.));
#9755 = DIRECTION('',(1.,0.,0.));
#9756 = MANIFOLD_SOLID_BREP('',#9757);
#9757 = CLOSED_SHELL('',(#9758,#9798,#9838,#9860,#9882,#9894));
#9758 = ADVANCED_FACE('',(#9759),#9793,.F.);
#9759 = FACE_BOUND('',#9760,.F.);
#9760 = EDGE_LOOP('',(#9761,#9771,#9779,#9787));
#9761 = ORIENTED_EDGE('',*,*,#9762,.F.);
#9762 = EDGE_CURVE('',#9763,#9765,#9767,.T.);
#9763 = VERTEX_POINT('',#9764);
#9764 = CARTESIAN_POINT('',(-1.55,-28.175,1.6));
#9765 = VERTEX_POINT('',#9766);
#9766 = CARTESIAN_POINT('',(-1.55,-28.175,2.85));
#9767 = LINE('',#9768,#9769);
#9768 = CARTESIAN_POINT('',(-1.55,-28.175,1.6));
#9769 = VECTOR('',#9770,1.);
#9770 = DIRECTION('',(0.,0.,1.));
#9771 = ORIENTED_EDGE('',*,*,#9772,.T.);
#9772 = EDGE_CURVE('',#9763,#9773,#9775,.T.);
#9773 = VERTEX_POINT('',#9774);
#9774 = CARTESIAN_POINT('',(-1.55,-26.825,1.6));
#9775 = LINE('',#9776,#9777);
#9776 = CARTESIAN_POINT('',(-1.55,-28.175,1.6));
#9777 = VECTOR('',#9778,1.);
#9778 = DIRECTION('',(0.,1.,0.));
#9779 = ORIENTED_EDGE('',*,*,#9780,.T.);
#9780 = EDGE_CURVE('',#9773,#9781,#9783,.T.);
#9781 = VERTEX_POINT('',#9782);
#9782 = CARTESIAN_POINT('',(-1.55,-26.825,2.85));
#9783 = LINE('',#9784,#9785);
#9784 = CARTESIAN_POINT('',(-1.55,-26.825,1.6));
#9785 = VECTOR('',#9786,1.);
#9786 = DIRECTION('',(0.,0.,1.));
#9787 = ORIENTED_EDGE('',*,*,#9788,.F.);
#9788 = EDGE_CURVE('',#9765,#9781,#9789,.T.);
#9789 = LINE('',#9790,#9791);
#9790 = CARTESIAN_POINT('',(-1.55,-28.175,2.85));
#9791 = VECTOR('',#9792,1.);
#9792 = DIRECTION('',(0.,1.,0.));
#9793 = PLANE('',#9794);
#9794 = AXIS2_PLACEMENT_3D('',#9795,#9796,#9797);
#9795 = CARTESIAN_POINT('',(-1.55,-28.175,1.6));
#9796 = DIRECTION('',(1.,0.,0.));
#9797 = DIRECTION('',(0.,0.,1.));
#9798 = ADVANCED_FACE('',(#9799),#9833,.T.);
#9799 = FACE_BOUND('',#9800,.T.);
#9800 = EDGE_LOOP('',(#9801,#9811,#9819,#9827));
#9801 = ORIENTED_EDGE('',*,*,#9802,.F.);
#9802 = EDGE_CURVE('',#9803,#9805,#9807,.T.);
#9803 = VERTEX_POINT('',#9804);
#9804 = CARTESIAN_POINT('',(0.55,-28.175,1.6));
#9805 = VERTEX_POINT('',#9806);
#9806 = CARTESIAN_POINT('',(0.55,-28.175,2.85));
#9807 = LINE('',#9808,#9809);
#9808 = CARTESIAN_POINT('',(0.55,-28.175,1.6));
#9809 = VECTOR('',#9810,1.);
#9810 = DIRECTION('',(0.,0.,1.));
#9811 = ORIENTED_EDGE('',*,*,#9812,.T.);
#9812 = EDGE_CURVE('',#9803,#9813,#9815,.T.);
#9813 = VERTEX_POINT('',#9814);
#9814 = CARTESIAN_POINT('',(0.55,-26.825,1.6));
#9815 = LINE('',#9816,#9817);
#9816 = CARTESIAN_POINT('',(0.55,-28.175,1.6));
#9817 = VECTOR('',#9818,1.);
#9818 = DIRECTION('',(0.,1.,0.));
#9819 = ORIENTED_EDGE('',*,*,#9820,.T.);
#9820 = EDGE_CURVE('',#9813,#9821,#9823,.T.);
#9821 = VERTEX_POINT('',#9822);
#9822 = CARTESIAN_POINT('',(0.55,-26.825,2.85));
#9823 = LINE('',#9824,#9825);
#9824 = CARTESIAN_POINT('',(0.55,-26.825,1.6));
#9825 = VECTOR('',#9826,1.);
#9826 = DIRECTION('',(0.,0.,1.));
#9827 = ORIENTED_EDGE('',*,*,#9828,.F.);
#9828 = EDGE_CURVE('',#9805,#9821,#9829,.T.);
#9829 = LINE('',#9830,#9831);
#9830 = CARTESIAN_POINT('',(0.55,-28.175,2.85));
#9831 = VECTOR('',#9832,1.);
#9832 = DIRECTION('',(0.,1.,0.));
#9833 = PLANE('',#9834);
#9834 = AXIS2_PLACEMENT_3D('',#9835,#9836,#9837);
#9835 = CARTESIAN_POINT('',(0.55,-28.175,1.6));
#9836 = DIRECTION('',(1.,0.,0.));
#9837 = DIRECTION('',(0.,0.,1.));
#9838 = ADVANCED_FACE('',(#9839),#9855,.F.);
#9839 = FACE_BOUND('',#9840,.F.);
#9840 = EDGE_LOOP('',(#9841,#9847,#9848,#9854));
#9841 = ORIENTED_EDGE('',*,*,#9842,.F.);
#9842 = EDGE_CURVE('',#9763,#9803,#9843,.T.);
#9843 = LINE('',#9844,#9845);
#9844 = CARTESIAN_POINT('',(-1.55,-28.175,1.6));
#9845 = VECTOR('',#9846,1.);
#9846 = DIRECTION('',(1.,0.,0.));
#9847 = ORIENTED_EDGE('',*,*,#9762,.T.);
#9848 = ORIENTED_EDGE('',*,*,#9849,.T.);
#9849 = EDGE_CURVE('',#9765,#9805,#9850,.T.);
#9850 = LINE('',#9851,#9852);
#9851 = CARTESIAN_POINT('',(-1.55,-28.175,2.85));
#9852 = VECTOR('',#9853,1.);
#9853 = DIRECTION('',(1.,0.,0.));
#9854 = ORIENTED_EDGE('',*,*,#9802,.F.);
#9855 = PLANE('',#9856);
#9856 = AXIS2_PLACEMENT_3D('',#9857,#9858,#9859);
#9857 = CARTESIAN_POINT('',(-1.55,-28.175,1.6));
#9858 = DIRECTION('',(0.,1.,0.));
#9859 = DIRECTION('',(0.,0.,1.));
#9860 = ADVANCED_FACE('',(#9861),#9877,.T.);
#9861 = FACE_BOUND('',#9862,.T.);
#9862 = EDGE_LOOP('',(#9863,#9869,#9870,#9876));
#9863 = ORIENTED_EDGE('',*,*,#9864,.F.);
#9864 = EDGE_CURVE('',#9773,#9813,#9865,.T.);
#9865 = LINE('',#9866,#9867);
#9866 = CARTESIAN_POINT('',(-1.55,-26.825,1.6));
#9867 = VECTOR('',#9868,1.);
#9868 = DIRECTION('',(1.,0.,0.));
#9869 = ORIENTED_EDGE('',*,*,#9780,.T.);
#9870 = ORIENTED_EDGE('',*,*,#9871,.T.);
#9871 = EDGE_CURVE('',#9781,#9821,#9872,.T.);
#9872 = LINE('',#9873,#9874);
#9873 = CARTESIAN_POINT('',(-1.55,-26.825,2.85));
#9874 = VECTOR('',#9875,1.);
#9875 = DIRECTION('',(1.,0.,0.));
#9876 = ORIENTED_EDGE('',*,*,#9820,.F.);
#9877 = PLANE('',#9878);
#9878 = AXIS2_PLACEMENT_3D('',#9879,#9880,#9881);
#9879 = CARTESIAN_POINT('',(-1.55,-26.825,1.6));
#9880 = DIRECTION('',(0.,1.,0.));
#9881 = DIRECTION('',(0.,0.,1.));
#9882 = ADVANCED_FACE('',(#9883),#9889,.F.);
#9883 = FACE_BOUND('',#9884,.F.);
#9884 = EDGE_LOOP('',(#9885,#9886,#9887,#9888));
#9885 = ORIENTED_EDGE('',*,*,#9772,.F.);
#9886 = ORIENTED_EDGE('',*,*,#9842,.T.);
#9887 = ORIENTED_EDGE('',*,*,#9812,.T.);
#9888 = ORIENTED_EDGE('',*,*,#9864,.F.);
#9889 = PLANE('',#9890);
#9890 = AXIS2_PLACEMENT_3D('',#9891,#9892,#9893);
#9891 = CARTESIAN_POINT('',(-1.55,-28.175,1.6));
#9892 = DIRECTION('',(0.,0.,1.));
#9893 = DIRECTION('',(1.,0.,0.));
#9894 = ADVANCED_FACE('',(#9895),#9901,.T.);
#9895 = FACE_BOUND('',#9896,.T.);
#9896 = EDGE_LOOP('',(#9897,#9898,#9899,#9900));
#9897 = ORIENTED_EDGE('',*,*,#9788,.F.);
#9898 = ORIENTED_EDGE('',*,*,#9849,.T.);
#9899 = ORIENTED_EDGE('',*,*,#9828,.T.);
#9900 = ORIENTED_EDGE('',*,*,#9871,.F.);
#9901 = PLANE('',#9902);
#9902 = AXIS2_PLACEMENT_3D('',#9903,#9904,#9905);
#9903 = CARTESIAN_POINT('',(-1.55,-28.175,2.85));
#9904 = DIRECTION('',(0.,0.,1.));
#9905 = DIRECTION('',(1.,0.,0.));
#9906 = MANIFOLD_SOLID_BREP('',#9907);
#9907 = CLOSED_SHELL('',(#9908,#9948,#9988,#10010,#10032,#10044));
#9908 = ADVANCED_FACE('',(#9909),#9943,.F.);
#9909 = FACE_BOUND('',#9910,.F.);
#9910 = EDGE_LOOP('',(#9911,#9921,#9929,#9937));
#9911 = ORIENTED_EDGE('',*,*,#9912,.F.);
#9912 = EDGE_CURVE('',#9913,#9915,#9917,.T.);
#9913 = VERTEX_POINT('',#9914);
#9914 = CARTESIAN_POINT('',(24.15,-12.9625,1.6));
#9915 = VERTEX_POINT('',#9916);
#9916 = CARTESIAN_POINT('',(24.15,-12.9625,2.15));
#9917 = LINE('',#9918,#9919);
#9918 = CARTESIAN_POINT('',(24.15,-12.9625,1.6));
#9919 = VECTOR('',#9920,1.);
#9920 = DIRECTION('',(0.,0.,1.));
#9921 = ORIENTED_EDGE('',*,*,#9922,.T.);
#9922 = EDGE_CURVE('',#9913,#9923,#9925,.T.);
#9923 = VERTEX_POINT('',#9924);
#9924 = CARTESIAN_POINT('',(24.15,-12.0375,1.6));
#9925 = LINE('',#9926,#9927);
#9926 = CARTESIAN_POINT('',(24.15,-12.9625,1.6));
#9927 = VECTOR('',#9928,1.);
#9928 = DIRECTION('',(0.,1.,0.));
#9929 = ORIENTED_EDGE('',*,*,#9930,.T.);
#9930 = EDGE_CURVE('',#9923,#9931,#9933,.T.);
#9931 = VERTEX_POINT('',#9932);
#9932 = CARTESIAN_POINT('',(24.15,-12.0375,2.15));
#9933 = LINE('',#9934,#9935);
#9934 = CARTESIAN_POINT('',(24.15,-12.0375,1.6));
#9935 = VECTOR('',#9936,1.);
#9936 = DIRECTION('',(0.,0.,1.));
#9937 = ORIENTED_EDGE('',*,*,#9938,.F.);
#9938 = EDGE_CURVE('',#9915,#9931,#9939,.T.);
#9939 = LINE('',#9940,#9941);
#9940 = CARTESIAN_POINT('',(24.15,-12.9625,2.15));
#9941 = VECTOR('',#9942,1.);
#9942 = DIRECTION('',(0.,1.,0.));
#9943 = PLANE('',#9944);
#9944 = AXIS2_PLACEMENT_3D('',#9945,#9946,#9947);
#9945 = CARTESIAN_POINT('',(24.15,-12.9625,1.6));
#9946 = DIRECTION('',(1.,0.,0.));
#9947 = DIRECTION('',(0.,0.,1.));
#9948 = ADVANCED_FACE('',(#9949),#9983,.T.);
#9949 = FACE_BOUND('',#9950,.T.);
#9950 = EDGE_LOOP('',(#9951,#9961,#9969,#9977));
#9951 = ORIENTED_EDGE('',*,*,#9952,.F.);
#9952 = EDGE_CURVE('',#9953,#9955,#9957,.T.);
#9953 = VERTEX_POINT('',#9954);
#9954 = CARTESIAN_POINT('',(25.85,-12.9625,1.6));
#9955 = VERTEX_POINT('',#9956);
#9956 = CARTESIAN_POINT('',(25.85,-12.9625,2.15));
#9957 = LINE('',#9958,#9959);
#9958 = CARTESIAN_POINT('',(25.85,-12.9625,1.6));
#9959 = VECTOR('',#9960,1.);
#9960 = DIRECTION('',(0.,0.,1.));
#9961 = ORIENTED_EDGE('',*,*,#9962,.T.);
#9962 = EDGE_CURVE('',#9953,#9963,#9965,.T.);
#9963 = VERTEX_POINT('',#9964);
#9964 = CARTESIAN_POINT('',(25.85,-12.0375,1.6));
#9965 = LINE('',#9966,#9967);
#9966 = CARTESIAN_POINT('',(25.85,-12.9625,1.6));
#9967 = VECTOR('',#9968,1.);
#9968 = DIRECTION('',(0.,1.,0.));
#9969 = ORIENTED_EDGE('',*,*,#9970,.T.);
#9970 = EDGE_CURVE('',#9963,#9971,#9973,.T.);
#9971 = VERTEX_POINT('',#9972);
#9972 = CARTESIAN_POINT('',(25.85,-12.0375,2.15));
#9973 = LINE('',#9974,#9975);
#9974 = CARTESIAN_POINT('',(25.85,-12.0375,1.6));
#9975 = VECTOR('',#9976,1.);
#9976 = DIRECTION('',(0.,0.,1.));
#9977 = ORIENTED_EDGE('',*,*,#9978,.F.);
#9978 = EDGE_CURVE('',#9955,#9971,#9979,.T.);
#9979 = LINE('',#9980,#9981);
#9980 = CARTESIAN_POINT('',(25.85,-12.9625,2.15));
#9981 = VECTOR('',#9982,1.);
#9982 = DIRECTION('',(0.,1.,0.));
#9983 = PLANE('',#9984);
#9984 = AXIS2_PLACEMENT_3D('',#9985,#9986,#9987);
#9985 = CARTESIAN_POINT('',(25.85,-12.9625,1.6));
#9986 = DIRECTION('',(1.,0.,0.));
#9987 = DIRECTION('',(0.,0.,1.));
#9988 = ADVANCED_FACE('',(#9989),#10005,.F.);
#9989 = FACE_BOUND('',#9990,.F.);
#9990 = EDGE_LOOP('',(#9991,#9997,#9998,#10004));
#9991 = ORIENTED_EDGE('',*,*,#9992,.F.);
#9992 = EDGE_CURVE('',#9913,#9953,#9993,.T.);
#9993 = LINE('',#9994,#9995);
#9994 = CARTESIAN_POINT('',(24.15,-12.9625,1.6));
#9995 = VECTOR('',#9996,1.);
#9996 = DIRECTION('',(1.,0.,0.));
#9997 = ORIENTED_EDGE('',*,*,#9912,.T.);
#9998 = ORIENTED_EDGE('',*,*,#9999,.T.);
#9999 = EDGE_CURVE('',#9915,#9955,#10000,.T.);
#10000 = LINE('',#10001,#10002);
#10001 = CARTESIAN_POINT('',(24.15,-12.9625,2.15));
#10002 = VECTOR('',#10003,1.);
#10003 = DIRECTION('',(1.,0.,0.));
#10004 = ORIENTED_EDGE('',*,*,#9952,.F.);
#10005 = PLANE('',#10006);
#10006 = AXIS2_PLACEMENT_3D('',#10007,#10008,#10009);
#10007 = CARTESIAN_POINT('',(24.15,-12.9625,1.6));
#10008 = DIRECTION('',(0.,1.,0.));
#10009 = DIRECTION('',(0.,0.,1.));
#10010 = ADVANCED_FACE('',(#10011),#10027,.T.);
#10011 = FACE_BOUND('',#10012,.T.);
#10012 = EDGE_LOOP('',(#10013,#10019,#10020,#10026));
#10013 = ORIENTED_EDGE('',*,*,#10014,.F.);
#10014 = EDGE_CURVE('',#9923,#9963,#10015,.T.);
#10015 = LINE('',#10016,#10017);
#10016 = CARTESIAN_POINT('',(24.15,-12.0375,1.6));
#10017 = VECTOR('',#10018,1.);
#10018 = DIRECTION('',(1.,0.,0.));
#10019 = ORIENTED_EDGE('',*,*,#9930,.T.);
#10020 = ORIENTED_EDGE('',*,*,#10021,.T.);
#10021 = EDGE_CURVE('',#9931,#9971,#10022,.T.);
#10022 = LINE('',#10023,#10024);
#10023 = CARTESIAN_POINT('',(24.15,-12.0375,2.15));
#10024 = VECTOR('',#10025,1.);
#10025 = DIRECTION('',(1.,0.,0.));
#10026 = ORIENTED_EDGE('',*,*,#9970,.F.);
#10027 = PLANE('',#10028);
#10028 = AXIS2_PLACEMENT_3D('',#10029,#10030,#10031);
#10029 = CARTESIAN_POINT('',(24.15,-12.0375,1.6));
#10030 = DIRECTION('',(0.,1.,0.));
#10031 = DIRECTION('',(0.,0.,1.));
#10032 = ADVANCED_FACE('',(#10033),#10039,.F.);
#10033 = FACE_BOUND('',#10034,.F.);
#10034 = EDGE_LOOP('',(#10035,#10036,#10037,#10038));
#10035 = ORIENTED_EDGE('',*,*,#9922,.F.);
#10036 = ORIENTED_EDGE('',*,*,#9992,.T.);
#10037 = ORIENTED_EDGE('',*,*,#9962,.T.);
#10038 = ORIENTED_EDGE('',*,*,#10014,.F.);
#10039 = PLANE('',#10040);
#10040 = AXIS2_PLACEMENT_3D('',#10041,#10042,#10043);
#10041 = CARTESIAN_POINT('',(24.15,-12.9625,1.6));
#10042 = DIRECTION('',(0.,0.,1.));
#10043 = DIRECTION('',(1.,0.,0.));
#10044 = ADVANCED_FACE('',(#10045),#10051,.T.);
#10045 = FACE_BOUND('',#10046,.T.);
#10046 = EDGE_LOOP('',(#10047,#10048,#10049,#10050));
#10047 = ORIENTED_EDGE('',*,*,#9938,.F.);
#10048 = ORIENTED_EDGE('',*,*,#9999,.T.);
#10049 = ORIENTED_EDGE('',*,*,#9978,.T.);
#10050 = ORIENTED_EDGE('',*,*,#10021,.F.);
#10051 = PLANE('',#10052);
#10052 = AXIS2_PLACEMENT_3D('',#10053,#10054,#10055);
#10053 = CARTESIAN_POINT('',(24.15,-12.9625,2.15));
#10054 = DIRECTION('',(0.,0.,1.));
#10055 = DIRECTION('',(1.,0.,0.));
#10056 = MANIFOLD_SOLID_BREP('',#10057);
#10057 = CLOSED_SHELL('',(#10058,#10098,#10138,#10160,#10182,#10194));
#10058 = ADVANCED_FACE('',(#10059),#10093,.F.);
#10059 = FACE_BOUND('',#10060,.F.);
#10060 = EDGE_LOOP('',(#10061,#10071,#10079,#10087));
#10061 = ORIENTED_EDGE('',*,*,#10062,.F.);
#10062 = EDGE_CURVE('',#10063,#10065,#10067,.T.);
#10063 = VERTEX_POINT('',#10064);
#10064 = CARTESIAN_POINT('',(42.68,-2.9,1.6));
#10065 = VERTEX_POINT('',#10066);
#10066 = CARTESIAN_POINT('',(42.68,-2.9,9.98));
#10067 = LINE('',#10068,#10069);
#10068 = CARTESIAN_POINT('',(42.68,-2.9,1.6));
#10069 = VECTOR('',#10070,1.);
#10070 = DIRECTION('',(0.,0.,1.));
#10071 = ORIENTED_EDGE('',*,*,#10072,.T.);
#10072 = EDGE_CURVE('',#10063,#10073,#10075,.T.);
#10073 = VERTEX_POINT('',#10074);
#10074 = CARTESIAN_POINT('',(42.68,4.82,1.6));
#10075 = LINE('',#10076,#10077);
#10076 = CARTESIAN_POINT('',(42.68,-2.9,1.6));
#10077 = VECTOR('',#10078,1.);
#10078 = DIRECTION('',(0.,1.,0.));
#10079 = ORIENTED_EDGE('',*,*,#10080,.T.);
#10080 = EDGE_CURVE('',#10073,#10081,#10083,.T.);
#10081 = VERTEX_POINT('',#10082);
#10082 = CARTESIAN_POINT('',(42.68,4.82,9.98));
#10083 = LINE('',#10084,#10085);
#10084 = CARTESIAN_POINT('',(42.68,4.82,1.6));
#10085 = VECTOR('',#10086,1.);
#10086 = DIRECTION('',(0.,0.,1.));
#10087 = ORIENTED_EDGE('',*,*,#10088,.F.);
#10088 = EDGE_CURVE('',#10065,#10081,#10089,.T.);
#10089 = LINE('',#10090,#10091);
#10090 = CARTESIAN_POINT('',(42.68,-2.9,9.98));
#10091 = VECTOR('',#10092,1.);
#10092 = DIRECTION('',(0.,1.,0.));
#10093 = PLANE('',#10094);
#10094 = AXIS2_PLACEMENT_3D('',#10095,#10096,#10097);
#10095 = CARTESIAN_POINT('',(42.68,-2.9,1.6));
#10096 = DIRECTION('',(1.,0.,0.));
#10097 = DIRECTION('',(0.,0.,1.));
#10098 = ADVANCED_FACE('',(#10099),#10133,.T.);
#10099 = FACE_BOUND('',#10100,.T.);
#10100 = EDGE_LOOP('',(#10101,#10111,#10119,#10127));
#10101 = ORIENTED_EDGE('',*,*,#10102,.F.);
#10102 = EDGE_CURVE('',#10103,#10105,#10107,.T.);
#10103 = VERTEX_POINT('',#10104);
#10104 = CARTESIAN_POINT('',(45.32,-2.9,1.6));
#10105 = VERTEX_POINT('',#10106);
#10106 = CARTESIAN_POINT('',(45.32,-2.9,9.98));
#10107 = LINE('',#10108,#10109);
#10108 = CARTESIAN_POINT('',(45.32,-2.9,1.6));
#10109 = VECTOR('',#10110,1.);
#10110 = DIRECTION('',(0.,0.,1.));
#10111 = ORIENTED_EDGE('',*,*,#10112,.T.);
#10112 = EDGE_CURVE('',#10103,#10113,#10115,.T.);
#10113 = VERTEX_POINT('',#10114);
#10114 = CARTESIAN_POINT('',(45.32,4.82,1.6));
#10115 = LINE('',#10116,#10117);
#10116 = CARTESIAN_POINT('',(45.32,-2.9,1.6));
#10117 = VECTOR('',#10118,1.);
#10118 = DIRECTION('',(0.,1.,0.));
#10119 = ORIENTED_EDGE('',*,*,#10120,.T.);
#10120 = EDGE_CURVE('',#10113,#10121,#10123,.T.);
#10121 = VERTEX_POINT('',#10122);
#10122 = CARTESIAN_POINT('',(45.32,4.82,9.98));
#10123 = LINE('',#10124,#10125);
#10124 = CARTESIAN_POINT('',(45.32,4.82,1.6));
#10125 = VECTOR('',#10126,1.);
#10126 = DIRECTION('',(0.,0.,1.));
#10127 = ORIENTED_EDGE('',*,*,#10128,.F.);
#10128 = EDGE_CURVE('',#10105,#10121,#10129,.T.);
#10129 = LINE('',#10130,#10131);
#10130 = CARTESIAN_POINT('',(45.32,-2.9,9.98));
#10131 = VECTOR('',#10132,1.);
#10132 = DIRECTION('',(0.,1.,0.));
#10133 = PLANE('',#10134);
#10134 = AXIS2_PLACEMENT_3D('',#10135,#10136,#10137);
#10135 = CARTESIAN_POINT('',(45.32,-2.9,1.6));
#10136 = DIRECTION('',(1.,0.,0.));
#10137 = DIRECTION('',(0.,0.,1.));
#10138 = ADVANCED_FACE('',(#10139),#10155,.F.);
#10139 = FACE_BOUND('',#10140,.F.);
#10140 = EDGE_LOOP('',(#10141,#10147,#10148,#10154));
#10141 = ORIENTED_EDGE('',*,*,#10142,.F.);
#10142 = EDGE_CURVE('',#10063,#10103,#10143,.T.);
#10143 = LINE('',#10144,#10145);
#10144 = CARTESIAN_POINT('',(42.68,-2.9,1.6));
#10145 = VECTOR('',#10146,1.);
#10146 = DIRECTION('',(1.,0.,0.));
#10147 = ORIENTED_EDGE('',*,*,#10062,.T.);
#10148 = ORIENTED_EDGE('',*,*,#10149,.T.);
#10149 = EDGE_CURVE('',#10065,#10105,#10150,.T.);
#10150 = LINE('',#10151,#10152);
#10151 = CARTESIAN_POINT('',(42.68,-2.9,9.98));
#10152 = VECTOR('',#10153,1.);
#10153 = DIRECTION('',(1.,0.,0.));
#10154 = ORIENTED_EDGE('',*,*,#10102,.F.);
#10155 = PLANE('',#10156);
#10156 = AXIS2_PLACEMENT_3D('',#10157,#10158,#10159);
#10157 = CARTESIAN_POINT('',(42.68,-2.9,1.6));
#10158 = DIRECTION('',(0.,1.,0.));
#10159 = DIRECTION('',(0.,0.,1.));
#10160 = ADVANCED_FACE('',(#10161),#10177,.T.);
#10161 = FACE_BOUND('',#10162,.T.);
#10162 = EDGE_LOOP('',(#10163,#10169,#10170,#10176));
#10163 = ORIENTED_EDGE('',*,*,#10164,.F.);
#10164 = EDGE_CURVE('',#10073,#10113,#10165,.T.);
#10165 = LINE('',#10166,#10167);
#10166 = CARTESIAN_POINT('',(42.68,4.82,1.6));
#10167 = VECTOR('',#10168,1.);
#10168 = DIRECTION('',(1.,0.,0.));
#10169 = ORIENTED_EDGE('',*,*,#10080,.T.);
#10170 = ORIENTED_EDGE('',*,*,#10171,.T.);
#10171 = EDGE_CURVE('',#10081,#10121,#10172,.T.);
#10172 = LINE('',#10173,#10174);
#10173 = CARTESIAN_POINT('',(42.68,4.82,9.98));
#10174 = VECTOR('',#10175,1.);
#10175 = DIRECTION('',(1.,0.,0.));
#10176 = ORIENTED_EDGE('',*,*,#10120,.F.);
#10177 = PLANE('',#10178);
#10178 = AXIS2_PLACEMENT_3D('',#10179,#10180,#10181);
#10179 = CARTESIAN_POINT('',(42.68,4.82,1.6));
#10180 = DIRECTION('',(0.,1.,0.));
#10181 = DIRECTION('',(0.,0.,1.));
#10182 = ADVANCED_FACE('',(#10183),#10189,.F.);
#10183 = FACE_BOUND('',#10184,.F.);
#10184 = EDGE_LOOP('',(#10185,#10186,#10187,#10188));
#10185 = ORIENTED_EDGE('',*,*,#10072,.F.);
#10186 = ORIENTED_EDGE('',*,*,#10142,.T.);
#10187 = ORIENTED_EDGE('',*,*,#10112,.T.);
#10188 = ORIENTED_EDGE('',*,*,#10164,.F.);
#10189 = PLANE('',#10190);
#10190 = AXIS2_PLACEMENT_3D('',#10191,#10192,#10193);
#10191 = CARTESIAN_POINT('',(42.68,-2.9,1.6));
#10192 = DIRECTION('',(0.,0.,1.));
#10193 = DIRECTION('',(1.,0.,0.));
#10194 = ADVANCED_FACE('',(#10195),#10201,.T.);
#10195 = FACE_BOUND('',#10196,.T.);
#10196 = EDGE_LOOP('',(#10197,#10198,#10199,#10200));
#10197 = ORIENTED_EDGE('',*,*,#10088,.F.);
#10198 = ORIENTED_EDGE('',*,*,#10149,.T.);
#10199 = ORIENTED_EDGE('',*,*,#10128,.T.);
#10200 = ORIENTED_EDGE('',*,*,#10171,.F.);
#10201 = PLANE('',#10202);
#10202 = AXIS2_PLACEMENT_3D('',#10203,#10204,#10205);
#10203 = CARTESIAN_POINT('',(42.68,-2.9,9.98));
#10204 = DIRECTION('',(0.,0.,1.));
#10205 = DIRECTION('',(1.,0.,0.));
#10206 = MANIFOLD_SOLID_BREP('',#10207);
#10207 = CLOSED_SHELL('',(#10208,#10241,#10250));
#10208 = ADVANCED_FACE('',(#10209),#10236,.T.);
#10209 = FACE_BOUND('',#10210,.T.);
#10210 = EDGE_LOOP('',(#10211,#10220,#10228,#10235));
#10211 = ORIENTED_EDGE('',*,*,#10212,.F.);
#10212 = EDGE_CURVE('',#10213,#10213,#10215,.T.);
#10213 = VERTEX_POINT('',#10214);
#10214 = CARTESIAN_POINT('',(44.4,3.5,1.6));
#10215 = CIRCLE('',#10216,0.4);
#10216 = AXIS2_PLACEMENT_3D('',#10217,#10218,#10219);
#10217 = CARTESIAN_POINT('',(44.,3.5,1.6));
#10218 = DIRECTION('',(0.,0.,1.));
#10219 = DIRECTION('',(1.,0.,0.));
#10220 = ORIENTED_EDGE('',*,*,#10221,.F.);
#10221 = EDGE_CURVE('',#10222,#10213,#10224,.T.);
#10222 = VERTEX_POINT('',#10223);
#10223 = CARTESIAN_POINT('',(44.4,3.5,-3.));
#10224 = LINE('',#10225,#10226);
#10225 = CARTESIAN_POINT('',(44.4,3.5,-3.));
#10226 = VECTOR('',#10227,1.);
#10227 = DIRECTION('',(0.,0.,1.));
#10228 = ORIENTED_EDGE('',*,*,#10229,.T.);
#10229 = EDGE_CURVE('',#10222,#10222,#10230,.T.);
#10230 = CIRCLE('',#10231,0.4);
#10231 = AXIS2_PLACEMENT_3D('',#10232,#10233,#10234);
#10232 = CARTESIAN_POINT('',(44.,3.5,-3.));
#10233 = DIRECTION('',(0.,0.,1.));
#10234 = DIRECTION('',(1.,0.,0.));
#10235 = ORIENTED_EDGE('',*,*,#10221,.T.);
#10236 = CYLINDRICAL_SURFACE('',#10237,0.4);
#10237 = AXIS2_PLACEMENT_3D('',#10238,#10239,#10240);
#10238 = CARTESIAN_POINT('',(44.,3.5,-3.));
#10239 = DIRECTION('',(0.,0.,1.));
#10240 = DIRECTION('',(1.,0.,0.));
#10241 = ADVANCED_FACE('',(#10242),#10245,.T.);
#10242 = FACE_BOUND('',#10243,.T.);
#10243 = EDGE_LOOP('',(#10244));
#10244 = ORIENTED_EDGE('',*,*,#10212,.T.);
#10245 = PLANE('',#10246);
#10246 = AXIS2_PLACEMENT_3D('',#10247,#10248,#10249);
#10247 = CARTESIAN_POINT('',(44.,3.5,1.6));
#10248 = DIRECTION('',(0.,0.,1.));
#10249 = DIRECTION('',(1.,0.,0.));
#10250 = ADVANCED_FACE('',(#10251),#10254,.F.);
#10251 = FACE_BOUND('',#10252,.T.);
#10252 = EDGE_LOOP('',(#10253));
#10253 = ORIENTED_EDGE('',*,*,#10229,.F.);
#10254 = PLANE('',#10255);
#10255 = AXIS2_PLACEMENT_3D('',#10256,#10257,#10258);
#10256 = CARTESIAN_POINT('',(44.,3.5,-3.));
#10257 = DIRECTION('',(0.,0.,1.));
#10258 = DIRECTION('',(1.,0.,0.));
#10259 = MANIFOLD_SOLID_BREP('',#10260);
#10260 = CLOSED_SHELL('',(#10261,#10294,#10303));
#10261 = ADVANCED_FACE('',(#10262),#10289,.T.);
#10262 = FACE_BOUND('',#10263,.T.);
#10263 = EDGE_LOOP('',(#10264,#10273,#10281,#10288));
#10264 = ORIENTED_EDGE('',*,*,#10265,.F.);
#10265 = EDGE_CURVE('',#10266,#10266,#10268,.T.);
#10266 = VERTEX_POINT('',#10267);
#10267 = CARTESIAN_POINT('',(44.4,0.96,1.6));
#10268 = CIRCLE('',#10269,0.4);
#10269 = AXIS2_PLACEMENT_3D('',#10270,#10271,#10272);
#10270 = CARTESIAN_POINT('',(44.,0.96,1.6));
#10271 = DIRECTION('',(0.,0.,1.));
#10272 = DIRECTION('',(1.,0.,0.));
#10273 = ORIENTED_EDGE('',*,*,#10274,.F.);
#10274 = EDGE_CURVE('',#10275,#10266,#10277,.T.);
#10275 = VERTEX_POINT('',#10276);
#10276 = CARTESIAN_POINT('',(44.4,0.96,-3.));
#10277 = LINE('',#10278,#10279);
#10278 = CARTESIAN_POINT('',(44.4,0.96,-3.));
#10279 = VECTOR('',#10280,1.);
#10280 = DIRECTION('',(0.,0.,1.));
#10281 = ORIENTED_EDGE('',*,*,#10282,.T.);
#10282 = EDGE_CURVE('',#10275,#10275,#10283,.T.);
#10283 = CIRCLE('',#10284,0.4);
#10284 = AXIS2_PLACEMENT_3D('',#10285,#10286,#10287);
#10285 = CARTESIAN_POINT('',(44.,0.96,-3.));
#10286 = DIRECTION('',(0.,0.,1.));
#10287 = DIRECTION('',(1.,0.,0.));
#10288 = ORIENTED_EDGE('',*,*,#10274,.T.);
#10289 = CYLINDRICAL_SURFACE('',#10290,0.4);
#10290 = AXIS2_PLACEMENT_3D('',#10291,#10292,#10293);
#10291 = CARTESIAN_POINT('',(44.,0.96,-3.));
#10292 = DIRECTION('',(0.,0.,1.));
#10293 = DIRECTION('',(1.,0.,0.));
#10294 = ADVANCED_FACE('',(#10295),#10298,.T.);
#10295 = FACE_BOUND('',#10296,.T.);
#10296 = EDGE_LOOP('',(#10297));
#10297 = ORIENTED_EDGE('',*,*,#10265,.T.);
#10298 = PLANE('',#10299);
#10299 = AXIS2_PLACEMENT_3D('',#10300,#10301,#10302);
#10300 = CARTESIAN_POINT('',(44.,0.96,1.6));
#10301 = DIRECTION('',(0.,0.,1.));
#10302 = DIRECTION('',(1.,0.,0.));
#10303 = ADVANCED_FACE('',(#10304),#10307,.F.);
#10304 = FACE_BOUND('',#10305,.T.);
#10305 = EDGE_LOOP('',(#10306));
#10306 = ORIENTED_EDGE('',*,*,#10282,.F.);
#10307 = PLANE('',#10308);
#10308 = AXIS2_PLACEMENT_3D('',#10309,#10310,#10311);
#10309 = CARTESIAN_POINT('',(44.,0.96,-3.));
#10310 = DIRECTION('',(0.,0.,1.));
#10311 = DIRECTION('',(1.,0.,0.));
#10312 = MANIFOLD_SOLID_BREP('',#10313);
#10313 = CLOSED_SHELL('',(#10314,#10347,#10356));
#10314 = ADVANCED_FACE('',(#10315),#10342,.T.);
#10315 = FACE_BOUND('',#10316,.T.);
#10316 = EDGE_LOOP('',(#10317,#10326,#10334,#10341));
#10317 = ORIENTED_EDGE('',*,*,#10318,.F.);
#10318 = EDGE_CURVE('',#10319,#10319,#10321,.T.);
#10319 = VERTEX_POINT('',#10320);
#10320 = CARTESIAN_POINT('',(44.4,-1.58,1.6));
#10321 = CIRCLE('',#10322,0.4);
#10322 = AXIS2_PLACEMENT_3D('',#10323,#10324,#10325);
#10323 = CARTESIAN_POINT('',(44.,-1.58,1.6));
#10324 = DIRECTION('',(0.,0.,1.));
#10325 = DIRECTION('',(1.,0.,0.));
#10326 = ORIENTED_EDGE('',*,*,#10327,.F.);
#10327 = EDGE_CURVE('',#10328,#10319,#10330,.T.);
#10328 = VERTEX_POINT('',#10329);
#10329 = CARTESIAN_POINT('',(44.4,-1.58,-3.));
#10330 = LINE('',#10331,#10332);
#10331 = CARTESIAN_POINT('',(44.4,-1.58,-3.));
#10332 = VECTOR('',#10333,1.);
#10333 = DIRECTION('',(0.,0.,1.));
#10334 = ORIENTED_EDGE('',*,*,#10335,.T.);
#10335 = EDGE_CURVE('',#10328,#10328,#10336,.T.);
#10336 = CIRCLE('',#10337,0.4);
#10337 = AXIS2_PLACEMENT_3D('',#10338,#10339,#10340);
#10338 = CARTESIAN_POINT('',(44.,-1.58,-3.));
#10339 = DIRECTION('',(0.,0.,1.));
#10340 = DIRECTION('',(1.,0.,0.));
#10341 = ORIENTED_EDGE('',*,*,#10327,.T.);
#10342 = CYLINDRICAL_SURFACE('',#10343,0.4);
#10343 = AXIS2_PLACEMENT_3D('',#10344,#10345,#10346);
#10344 = CARTESIAN_POINT('',(44.,-1.58,-3.));
#10345 = DIRECTION('',(0.,0.,1.));
#10346 = DIRECTION('',(1.,0.,0.));
#10347 = ADVANCED_FACE('',(#10348),#10351,.T.);
#10348 = FACE_BOUND('',#10349,.T.);
#10349 = EDGE_LOOP('',(#10350));
#10350 = ORIENTED_EDGE('',*,*,#10318,.T.);
#10351 = PLANE('',#10352);
#10352 = AXIS2_PLACEMENT_3D('',#10353,#10354,#10355);
#10353 = CARTESIAN_POINT('',(44.,-1.58,1.6));
#10354 = DIRECTION('',(0.,0.,1.));
#10355 = DIRECTION('',(1.,0.,0.));
#10356 = ADVANCED_FACE('',(#10357),#10360,.F.);
#10357 = FACE_BOUND('',#10358,.T.);
#10358 = EDGE_LOOP('',(#10359));
#10359 = ORIENTED_EDGE('',*,*,#10335,.F.);
#10360 = PLANE('',#10361);
#10361 = AXIS2_PLACEMENT_3D('',#10362,#10363,#10364);
#10362 = CARTESIAN_POINT('',(44.,-1.58,-3.));
#10363 = DIRECTION('',(0.,0.,1.));
#10364 = DIRECTION('',(1.,0.,0.));
#10365 = MANIFOLD_SOLID_BREP('',#10366);
#10366 = CLOSED_SHELL('',(#10367,#10407,#10447,#10469,#10491,#10503));
#10367 = ADVANCED_FACE('',(#10368),#10402,.F.);
#10368 = FACE_BOUND('',#10369,.F.);
#10369 = EDGE_LOOP('',(#10370,#10380,#10388,#10396));
#10370 = ORIENTED_EDGE('',*,*,#10371,.F.);
#10371 = EDGE_CURVE('',#10372,#10374,#10376,.T.);
#10372 = VERTEX_POINT('',#10373);
#10373 = CARTESIAN_POINT('',(34.15,-14.9625,1.6));
#10374 = VERTEX_POINT('',#10375);
#10375 = CARTESIAN_POINT('',(34.15,-14.9625,2.15));
#10376 = LINE('',#10377,#10378);
#10377 = CARTESIAN_POINT('',(34.15,-14.9625,1.6));
#10378 = VECTOR('',#10379,1.);
#10379 = DIRECTION('',(0.,0.,1.));
#10380 = ORIENTED_EDGE('',*,*,#10381,.T.);
#10381 = EDGE_CURVE('',#10372,#10382,#10384,.T.);
#10382 = VERTEX_POINT('',#10383);
#10383 = CARTESIAN_POINT('',(34.15,-14.0375,1.6));
#10384 = LINE('',#10385,#10386);
#10385 = CARTESIAN_POINT('',(34.15,-14.9625,1.6));
#10386 = VECTOR('',#10387,1.);
#10387 = DIRECTION('',(0.,1.,0.));
#10388 = ORIENTED_EDGE('',*,*,#10389,.T.);
#10389 = EDGE_CURVE('',#10382,#10390,#10392,.T.);
#10390 = VERTEX_POINT('',#10391);
#10391 = CARTESIAN_POINT('',(34.15,-14.0375,2.15));
#10392 = LINE('',#10393,#10394);
#10393 = CARTESIAN_POINT('',(34.15,-14.0375,1.6));
#10394 = VECTOR('',#10395,1.);
#10395 = DIRECTION('',(0.,0.,1.));
#10396 = ORIENTED_EDGE('',*,*,#10397,.F.);
#10397 = EDGE_CURVE('',#10374,#10390,#10398,.T.);
#10398 = LINE('',#10399,#10400);
#10399 = CARTESIAN_POINT('',(34.15,-14.9625,2.15));
#10400 = VECTOR('',#10401,1.);
#10401 = DIRECTION('',(0.,1.,0.));
#10402 = PLANE('',#10403);
#10403 = AXIS2_PLACEMENT_3D('',#10404,#10405,#10406);
#10404 = CARTESIAN_POINT('',(34.15,-14.9625,1.6));
#10405 = DIRECTION('',(1.,0.,0.));
#10406 = DIRECTION('',(0.,0.,1.));
#10407 = ADVANCED_FACE('',(#10408),#10442,.T.);
#10408 = FACE_BOUND('',#10409,.T.);
#10409 = EDGE_LOOP('',(#10410,#10420,#10428,#10436));
#10410 = ORIENTED_EDGE('',*,*,#10411,.F.);
#10411 = EDGE_CURVE('',#10412,#10414,#10416,.T.);
#10412 = VERTEX_POINT('',#10413);
#10413 = CARTESIAN_POINT('',(35.85,-14.9625,1.6));
#10414 = VERTEX_POINT('',#10415);
#10415 = CARTESIAN_POINT('',(35.85,-14.9625,2.15));
#10416 = LINE('',#10417,#10418);
#10417 = CARTESIAN_POINT('',(35.85,-14.9625,1.6));
#10418 = VECTOR('',#10419,1.);
#10419 = DIRECTION('',(0.,0.,1.));
#10420 = ORIENTED_EDGE('',*,*,#10421,.T.);
#10421 = EDGE_CURVE('',#10412,#10422,#10424,.T.);
#10422 = VERTEX_POINT('',#10423);
#10423 = CARTESIAN_POINT('',(35.85,-14.0375,1.6));
#10424 = LINE('',#10425,#10426);
#10425 = CARTESIAN_POINT('',(35.85,-14.9625,1.6));
#10426 = VECTOR('',#10427,1.);
#10427 = DIRECTION('',(0.,1.,0.));
#10428 = ORIENTED_EDGE('',*,*,#10429,.T.);
#10429 = EDGE_CURVE('',#10422,#10430,#10432,.T.);
#10430 = VERTEX_POINT('',#10431);
#10431 = CARTESIAN_POINT('',(35.85,-14.0375,2.15));
#10432 = LINE('',#10433,#10434);
#10433 = CARTESIAN_POINT('',(35.85,-14.0375,1.6));
#10434 = VECTOR('',#10435,1.);
#10435 = DIRECTION('',(0.,0.,1.));
#10436 = ORIENTED_EDGE('',*,*,#10437,.F.);
#10437 = EDGE_CURVE('',#10414,#10430,#10438,.T.);
#10438 = LINE('',#10439,#10440);
#10439 = CARTESIAN_POINT('',(35.85,-14.9625,2.15));
#10440 = VECTOR('',#10441,1.);
#10441 = DIRECTION('',(0.,1.,0.));
#10442 = PLANE('',#10443);
#10443 = AXIS2_PLACEMENT_3D('',#10444,#10445,#10446);
#10444 = CARTESIAN_POINT('',(35.85,-14.9625,1.6));
#10445 = DIRECTION('',(1.,0.,0.));
#10446 = DIRECTION('',(0.,0.,1.));
#10447 = ADVANCED_FACE('',(#10448),#10464,.F.);
#10448 = FACE_BOUND('',#10449,.F.);
#10449 = EDGE_LOOP('',(#10450,#10456,#10457,#10463));
#10450 = ORIENTED_EDGE('',*,*,#10451,.F.);
#10451 = EDGE_CURVE('',#10372,#10412,#10452,.T.);
#10452 = LINE('',#10453,#10454);
#10453 = CARTESIAN_POINT('',(34.15,-14.9625,1.6));
#10454 = VECTOR('',#10455,1.);
#10455 = DIRECTION('',(1.,0.,0.));
#10456 = ORIENTED_EDGE('',*,*,#10371,.T.);
#10457 = ORIENTED_EDGE('',*,*,#10458,.T.);
#10458 = EDGE_CURVE('',#10374,#10414,#10459,.T.);
#10459 = LINE('',#10460,#10461);
#10460 = CARTESIAN_POINT('',(34.15,-14.9625,2.15));
#10461 = VECTOR('',#10462,1.);
#10462 = DIRECTION('',(1.,0.,0.));
#10463 = ORIENTED_EDGE('',*,*,#10411,.F.);
#10464 = PLANE('',#10465);
#10465 = AXIS2_PLACEMENT_3D('',#10466,#10467,#10468);
#10466 = CARTESIAN_POINT('',(34.15,-14.9625,1.6));
#10467 = DIRECTION('',(0.,1.,0.));
#10468 = DIRECTION('',(0.,0.,1.));
#10469 = ADVANCED_FACE('',(#10470),#10486,.T.);
#10470 = FACE_BOUND('',#10471,.T.);
#10471 = EDGE_LOOP('',(#10472,#10478,#10479,#10485));
#10472 = ORIENTED_EDGE('',*,*,#10473,.F.);
#10473 = EDGE_CURVE('',#10382,#10422,#10474,.T.);
#10474 = LINE('',#10475,#10476);
#10475 = CARTESIAN_POINT('',(34.15,-14.0375,1.6));
#10476 = VECTOR('',#10477,1.);
#10477 = DIRECTION('',(1.,0.,0.));
#10478 = ORIENTED_EDGE('',*,*,#10389,.T.);
#10479 = ORIENTED_EDGE('',*,*,#10480,.T.);
#10480 = EDGE_CURVE('',#10390,#10430,#10481,.T.);
#10481 = LINE('',#10482,#10483);
#10482 = CARTESIAN_POINT('',(34.15,-14.0375,2.15));
#10483 = VECTOR('',#10484,1.);
#10484 = DIRECTION('',(1.,0.,0.));
#10485 = ORIENTED_EDGE('',*,*,#10429,.F.);
#10486 = PLANE('',#10487);
#10487 = AXIS2_PLACEMENT_3D('',#10488,#10489,#10490);
#10488 = CARTESIAN_POINT('',(34.15,-14.0375,1.6));
#10489 = DIRECTION('',(0.,1.,0.));
#10490 = DIRECTION('',(0.,0.,1.));
#10491 = ADVANCED_FACE('',(#10492),#10498,.F.);
#10492 = FACE_BOUND('',#10493,.F.);
#10493 = EDGE_LOOP('',(#10494,#10495,#10496,#10497));
#10494 = ORIENTED_EDGE('',*,*,#10381,.F.);
#10495 = ORIENTED_EDGE('',*,*,#10451,.T.);
#10496 = ORIENTED_EDGE('',*,*,#10421,.T.);
#10497 = ORIENTED_EDGE('',*,*,#10473,.F.);
#10498 = PLANE('',#10499);
#10499 = AXIS2_PLACEMENT_3D('',#10500,#10501,#10502);
#10500 = CARTESIAN_POINT('',(34.15,-14.9625,1.6));
#10501 = DIRECTION('',(0.,0.,1.));
#10502 = DIRECTION('',(1.,0.,0.));
#10503 = ADVANCED_FACE('',(#10504),#10510,.T.);
#10504 = FACE_BOUND('',#10505,.T.);
#10505 = EDGE_LOOP('',(#10506,#10507,#10508,#10509));
#10506 = ORIENTED_EDGE('',*,*,#10397,.F.);
#10507 = ORIENTED_EDGE('',*,*,#10458,.T.);
#10508 = ORIENTED_EDGE('',*,*,#10437,.T.);
#10509 = ORIENTED_EDGE('',*,*,#10480,.F.);
#10510 = PLANE('',#10511);
#10511 = AXIS2_PLACEMENT_3D('',#10512,#10513,#10514);
#10512 = CARTESIAN_POINT('',(34.15,-14.9625,2.15));
#10513 = DIRECTION('',(0.,0.,1.));
#10514 = DIRECTION('',(1.,0.,0.));
#10515 = MANIFOLD_SOLID_BREP('',#10516);
#10516 = CLOSED_SHELL('',(#10517,#10557,#10597,#10619,#10641,#10653));
#10517 = ADVANCED_FACE('',(#10518),#10552,.F.);
#10518 = FACE_BOUND('',#10519,.F.);
#10519 = EDGE_LOOP('',(#10520,#10530,#10538,#10546));
#10520 = ORIENTED_EDGE('',*,*,#10521,.F.);
#10521 = EDGE_CURVE('',#10522,#10524,#10526,.T.);
#10522 = VERTEX_POINT('',#10523);
#10523 = CARTESIAN_POINT('',(25.3,-7.,1.6));
#10524 = VERTEX_POINT('',#10525);
#10525 = CARTESIAN_POINT('',(25.3,-7.,2.7));
#10526 = LINE('',#10527,#10528);
#10527 = CARTESIAN_POINT('',(25.3,-7.,1.6));
#10528 = VECTOR('',#10529,1.);
#10529 = DIRECTION('',(0.,0.,1.));
#10530 = ORIENTED_EDGE('',*,*,#10531,.T.);
#10531 = EDGE_CURVE('',#10522,#10532,#10534,.T.);
#10532 = VERTEX_POINT('',#10533);
#10533 = CARTESIAN_POINT('',(25.3,-4.,1.6));
#10534 = LINE('',#10535,#10536);
#10535 = CARTESIAN_POINT('',(25.3,-7.,1.6));
#10536 = VECTOR('',#10537,1.);
#10537 = DIRECTION('',(0.,1.,0.));
#10538 = ORIENTED_EDGE('',*,*,#10539,.T.);
#10539 = EDGE_CURVE('',#10532,#10540,#10542,.T.);
#10540 = VERTEX_POINT('',#10541);
#10541 = CARTESIAN_POINT('',(25.3,-4.,2.7));
#10542 = LINE('',#10543,#10544);
#10543 = CARTESIAN_POINT('',(25.3,-4.,1.6));
#10544 = VECTOR('',#10545,1.);
#10545 = DIRECTION('',(0.,0.,1.));
#10546 = ORIENTED_EDGE('',*,*,#10547,.F.);
#10547 = EDGE_CURVE('',#10524,#10540,#10548,.T.);
#10548 = LINE('',#10549,#10550);
#10549 = CARTESIAN_POINT('',(25.3,-7.,2.7));
#10550 = VECTOR('',#10551,1.);
#10551 = DIRECTION('',(0.,1.,0.));
#10552 = PLANE('',#10553);
#10553 = AXIS2_PLACEMENT_3D('',#10554,#10555,#10556);
#10554 = CARTESIAN_POINT('',(25.3,-7.,1.6));
#10555 = DIRECTION('',(1.,0.,0.));
#10556 = DIRECTION('',(0.,0.,1.));
#10557 = ADVANCED_FACE('',(#10558),#10592,.T.);
#10558 = FACE_BOUND('',#10559,.T.);
#10559 = EDGE_LOOP('',(#10560,#10570,#10578,#10586));
#10560 = ORIENTED_EDGE('',*,*,#10561,.F.);
#10561 = EDGE_CURVE('',#10562,#10564,#10566,.T.);
#10562 = VERTEX_POINT('',#10563);
#10563 = CARTESIAN_POINT('',(26.7,-7.,1.6));
#10564 = VERTEX_POINT('',#10565);
#10565 = CARTESIAN_POINT('',(26.7,-7.,2.7));
#10566 = LINE('',#10567,#10568);
#10567 = CARTESIAN_POINT('',(26.7,-7.,1.6));
#10568 = VECTOR('',#10569,1.);
#10569 = DIRECTION('',(0.,0.,1.));
#10570 = ORIENTED_EDGE('',*,*,#10571,.T.);
#10571 = EDGE_CURVE('',#10562,#10572,#10574,.T.);
#10572 = VERTEX_POINT('',#10573);
#10573 = CARTESIAN_POINT('',(26.7,-4.,1.6));
#10574 = LINE('',#10575,#10576);
#10575 = CARTESIAN_POINT('',(26.7,-7.,1.6));
#10576 = VECTOR('',#10577,1.);
#10577 = DIRECTION('',(0.,1.,0.));
#10578 = ORIENTED_EDGE('',*,*,#10579,.T.);
#10579 = EDGE_CURVE('',#10572,#10580,#10582,.T.);
#10580 = VERTEX_POINT('',#10581);
#10581 = CARTESIAN_POINT('',(26.7,-4.,2.7));
#10582 = LINE('',#10583,#10584);
#10583 = CARTESIAN_POINT('',(26.7,-4.,1.6));
#10584 = VECTOR('',#10585,1.);
#10585 = DIRECTION('',(0.,0.,1.));
#10586 = ORIENTED_EDGE('',*,*,#10587,.F.);
#10587 = EDGE_CURVE('',#10564,#10580,#10588,.T.);
#10588 = LINE('',#10589,#10590);
#10589 = CARTESIAN_POINT('',(26.7,-7.,2.7));
#10590 = VECTOR('',#10591,1.);
#10591 = DIRECTION('',(0.,1.,0.));
#10592 = PLANE('',#10593);
#10593 = AXIS2_PLACEMENT_3D('',#10594,#10595,#10596);
#10594 = CARTESIAN_POINT('',(26.7,-7.,1.6));
#10595 = DIRECTION('',(1.,0.,0.));
#10596 = DIRECTION('',(0.,0.,1.));
#10597 = ADVANCED_FACE('',(#10598),#10614,.F.);
#10598 = FACE_BOUND('',#10599,.F.);
#10599 = EDGE_LOOP('',(#10600,#10606,#10607,#10613));
#10600 = ORIENTED_EDGE('',*,*,#10601,.F.);
#10601 = EDGE_CURVE('',#10522,#10562,#10602,.T.);
#10602 = LINE('',#10603,#10604);
#10603 = CARTESIAN_POINT('',(25.3,-7.,1.6));
#10604 = VECTOR('',#10605,1.);
#10605 = DIRECTION('',(1.,0.,0.));
#10606 = ORIENTED_EDGE('',*,*,#10521,.T.);
#10607 = ORIENTED_EDGE('',*,*,#10608,.T.);
#10608 = EDGE_CURVE('',#10524,#10564,#10609,.T.);
#10609 = LINE('',#10610,#10611);
#10610 = CARTESIAN_POINT('',(25.3,-7.,2.7));
#10611 = VECTOR('',#10612,1.);
#10612 = DIRECTION('',(1.,0.,0.));
#10613 = ORIENTED_EDGE('',*,*,#10561,.F.);
#10614 = PLANE('',#10615);
#10615 = AXIS2_PLACEMENT_3D('',#10616,#10617,#10618);
#10616 = CARTESIAN_POINT('',(25.3,-7.,1.6));
#10617 = DIRECTION('',(0.,1.,0.));
#10618 = DIRECTION('',(0.,0.,1.));
#10619 = ADVANCED_FACE('',(#10620),#10636,.T.);
#10620 = FACE_BOUND('',#10621,.T.);
#10621 = EDGE_LOOP('',(#10622,#10628,#10629,#10635));
#10622 = ORIENTED_EDGE('',*,*,#10623,.F.);
#10623 = EDGE_CURVE('',#10532,#10572,#10624,.T.);
#10624 = LINE('',#10625,#10626);
#10625 = CARTESIAN_POINT('',(25.3,-4.,1.6));
#10626 = VECTOR('',#10627,1.);
#10627 = DIRECTION('',(1.,0.,0.));
#10628 = ORIENTED_EDGE('',*,*,#10539,.T.);
#10629 = ORIENTED_EDGE('',*,*,#10630,.T.);
#10630 = EDGE_CURVE('',#10540,#10580,#10631,.T.);
#10631 = LINE('',#10632,#10633);
#10632 = CARTESIAN_POINT('',(25.3,-4.,2.7));
#10633 = VECTOR('',#10634,1.);
#10634 = DIRECTION('',(1.,0.,0.));
#10635 = ORIENTED_EDGE('',*,*,#10579,.F.);
#10636 = PLANE('',#10637);
#10637 = AXIS2_PLACEMENT_3D('',#10638,#10639,#10640);
#10638 = CARTESIAN_POINT('',(25.3,-4.,1.6));
#10639 = DIRECTION('',(0.,1.,0.));
#10640 = DIRECTION('',(0.,0.,1.));
#10641 = ADVANCED_FACE('',(#10642),#10648,.F.);
#10642 = FACE_BOUND('',#10643,.F.);
#10643 = EDGE_LOOP('',(#10644,#10645,#10646,#10647));
#10644 = ORIENTED_EDGE('',*,*,#10531,.F.);
#10645 = ORIENTED_EDGE('',*,*,#10601,.T.);
#10646 = ORIENTED_EDGE('',*,*,#10571,.T.);
#10647 = ORIENTED_EDGE('',*,*,#10623,.F.);
#10648 = PLANE('',#10649);
#10649 = AXIS2_PLACEMENT_3D('',#10650,#10651,#10652);
#10650 = CARTESIAN_POINT('',(25.3,-7.,1.6));
#10651 = DIRECTION('',(0.,0.,1.));
#10652 = DIRECTION('',(1.,0.,0.));
#10653 = ADVANCED_FACE('',(#10654),#10660,.T.);
#10654 = FACE_BOUND('',#10655,.T.);
#10655 = EDGE_LOOP('',(#10656,#10657,#10658,#10659));
#10656 = ORIENTED_EDGE('',*,*,#10547,.F.);
#10657 = ORIENTED_EDGE('',*,*,#10608,.T.);
#10658 = ORIENTED_EDGE('',*,*,#10587,.T.);
#10659 = ORIENTED_EDGE('',*,*,#10630,.F.);
#10660 = PLANE('',#10661);
#10661 = AXIS2_PLACEMENT_3D('',#10662,#10663,#10664);
#10662 = CARTESIAN_POINT('',(25.3,-7.,2.7));
#10663 = DIRECTION('',(0.,0.,1.));
#10664 = DIRECTION('',(1.,0.,0.));
#10665 = MANIFOLD_SOLID_BREP('',#10666);
#10666 = CLOSED_SHELL('',(#10667,#10707,#10747,#10769,#10791,#10803));
#10667 = ADVANCED_FACE('',(#10668),#10702,.F.);
#10668 = FACE_BOUND('',#10669,.F.);
#10669 = EDGE_LOOP('',(#10670,#10680,#10688,#10696));
#10670 = ORIENTED_EDGE('',*,*,#10671,.F.);
#10671 = EDGE_CURVE('',#10672,#10674,#10676,.T.);
#10672 = VERTEX_POINT('',#10673);
#10673 = CARTESIAN_POINT('',(36.15,-12.95,1.6));
#10674 = VERTEX_POINT('',#10675);
#10675 = CARTESIAN_POINT('',(36.15,-12.95,2.5));
#10676 = LINE('',#10677,#10678);
#10677 = CARTESIAN_POINT('',(36.15,-12.95,1.6));
#10678 = VECTOR('',#10679,1.);
#10679 = DIRECTION('',(0.,0.,1.));
#10680 = ORIENTED_EDGE('',*,*,#10681,.T.);
#10681 = EDGE_CURVE('',#10672,#10682,#10684,.T.);
#10682 = VERTEX_POINT('',#10683);
#10683 = CARTESIAN_POINT('',(36.15,-12.05,1.6));
#10684 = LINE('',#10685,#10686);
#10685 = CARTESIAN_POINT('',(36.15,-12.95,1.6));
#10686 = VECTOR('',#10687,1.);
#10687 = DIRECTION('',(0.,1.,0.));
#10688 = ORIENTED_EDGE('',*,*,#10689,.T.);
#10689 = EDGE_CURVE('',#10682,#10690,#10692,.T.);
#10690 = VERTEX_POINT('',#10691);
#10691 = CARTESIAN_POINT('',(36.15,-12.05,2.5));
#10692 = LINE('',#10693,#10694);
#10693 = CARTESIAN_POINT('',(36.15,-12.05,1.6));
#10694 = VECTOR('',#10695,1.);
#10695 = DIRECTION('',(0.,0.,1.));
#10696 = ORIENTED_EDGE('',*,*,#10697,.F.);
#10697 = EDGE_CURVE('',#10674,#10690,#10698,.T.);
#10698 = LINE('',#10699,#10700);
#10699 = CARTESIAN_POINT('',(36.15,-12.95,2.5));
#10700 = VECTOR('',#10701,1.);
#10701 = DIRECTION('',(0.,1.,0.));
#10702 = PLANE('',#10703);
#10703 = AXIS2_PLACEMENT_3D('',#10704,#10705,#10706);
#10704 = CARTESIAN_POINT('',(36.15,-12.95,1.6));
#10705 = DIRECTION('',(1.,0.,0.));
#10706 = DIRECTION('',(0.,0.,1.));
#10707 = ADVANCED_FACE('',(#10708),#10742,.T.);
#10708 = FACE_BOUND('',#10709,.T.);
#10709 = EDGE_LOOP('',(#10710,#10720,#10728,#10736));
#10710 = ORIENTED_EDGE('',*,*,#10711,.F.);
#10711 = EDGE_CURVE('',#10712,#10714,#10716,.T.);
#10712 = VERTEX_POINT('',#10713);
#10713 = CARTESIAN_POINT('',(37.85,-12.95,1.6));
#10714 = VERTEX_POINT('',#10715);
#10715 = CARTESIAN_POINT('',(37.85,-12.95,2.5));
#10716 = LINE('',#10717,#10718);
#10717 = CARTESIAN_POINT('',(37.85,-12.95,1.6));
#10718 = VECTOR('',#10719,1.);
#10719 = DIRECTION('',(0.,0.,1.));
#10720 = ORIENTED_EDGE('',*,*,#10721,.T.);
#10721 = EDGE_CURVE('',#10712,#10722,#10724,.T.);
#10722 = VERTEX_POINT('',#10723);
#10723 = CARTESIAN_POINT('',(37.85,-12.05,1.6));
#10724 = LINE('',#10725,#10726);
#10725 = CARTESIAN_POINT('',(37.85,-12.95,1.6));
#10726 = VECTOR('',#10727,1.);
#10727 = DIRECTION('',(0.,1.,0.));
#10728 = ORIENTED_EDGE('',*,*,#10729,.T.);
#10729 = EDGE_CURVE('',#10722,#10730,#10732,.T.);
#10730 = VERTEX_POINT('',#10731);
#10731 = CARTESIAN_POINT('',(37.85,-12.05,2.5));
#10732 = LINE('',#10733,#10734);
#10733 = CARTESIAN_POINT('',(37.85,-12.05,1.6));
#10734 = VECTOR('',#10735,1.);
#10735 = DIRECTION('',(0.,0.,1.));
#10736 = ORIENTED_EDGE('',*,*,#10737,.F.);
#10737 = EDGE_CURVE('',#10714,#10730,#10738,.T.);
#10738 = LINE('',#10739,#10740);
#10739 = CARTESIAN_POINT('',(37.85,-12.95,2.5));
#10740 = VECTOR('',#10741,1.);
#10741 = DIRECTION('',(0.,1.,0.));
#10742 = PLANE('',#10743);
#10743 = AXIS2_PLACEMENT_3D('',#10744,#10745,#10746);
#10744 = CARTESIAN_POINT('',(37.85,-12.95,1.6));
#10745 = DIRECTION('',(1.,0.,0.));
#10746 = DIRECTION('',(0.,0.,1.));
#10747 = ADVANCED_FACE('',(#10748),#10764,.F.);
#10748 = FACE_BOUND('',#10749,.F.);
#10749 = EDGE_LOOP('',(#10750,#10756,#10757,#10763));
#10750 = ORIENTED_EDGE('',*,*,#10751,.F.);
#10751 = EDGE_CURVE('',#10672,#10712,#10752,.T.);
#10752 = LINE('',#10753,#10754);
#10753 = CARTESIAN_POINT('',(36.15,-12.95,1.6));
#10754 = VECTOR('',#10755,1.);
#10755 = DIRECTION('',(1.,0.,0.));
#10756 = ORIENTED_EDGE('',*,*,#10671,.T.);
#10757 = ORIENTED_EDGE('',*,*,#10758,.T.);
#10758 = EDGE_CURVE('',#10674,#10714,#10759,.T.);
#10759 = LINE('',#10760,#10761);
#10760 = CARTESIAN_POINT('',(36.15,-12.95,2.5));
#10761 = VECTOR('',#10762,1.);
#10762 = DIRECTION('',(1.,0.,0.));
#10763 = ORIENTED_EDGE('',*,*,#10711,.F.);
#10764 = PLANE('',#10765);
#10765 = AXIS2_PLACEMENT_3D('',#10766,#10767,#10768);
#10766 = CARTESIAN_POINT('',(36.15,-12.95,1.6));
#10767 = DIRECTION('',(0.,1.,0.));
#10768 = DIRECTION('',(0.,0.,1.));
#10769 = ADVANCED_FACE('',(#10770),#10786,.T.);
#10770 = FACE_BOUND('',#10771,.T.);
#10771 = EDGE_LOOP('',(#10772,#10778,#10779,#10785));
#10772 = ORIENTED_EDGE('',*,*,#10773,.F.);
#10773 = EDGE_CURVE('',#10682,#10722,#10774,.T.);
#10774 = LINE('',#10775,#10776);
#10775 = CARTESIAN_POINT('',(36.15,-12.05,1.6));
#10776 = VECTOR('',#10777,1.);
#10777 = DIRECTION('',(1.,0.,0.));
#10778 = ORIENTED_EDGE('',*,*,#10689,.T.);
#10779 = ORIENTED_EDGE('',*,*,#10780,.T.);
#10780 = EDGE_CURVE('',#10690,#10730,#10781,.T.);
#10781 = LINE('',#10782,#10783);
#10782 = CARTESIAN_POINT('',(36.15,-12.05,2.5));
#10783 = VECTOR('',#10784,1.);
#10784 = DIRECTION('',(1.,0.,0.));
#10785 = ORIENTED_EDGE('',*,*,#10729,.F.);
#10786 = PLANE('',#10787);
#10787 = AXIS2_PLACEMENT_3D('',#10788,#10789,#10790);
#10788 = CARTESIAN_POINT('',(36.15,-12.05,1.6));
#10789 = DIRECTION('',(0.,1.,0.));
#10790 = DIRECTION('',(0.,0.,1.));
#10791 = ADVANCED_FACE('',(#10792),#10798,.F.);
#10792 = FACE_BOUND('',#10793,.F.);
#10793 = EDGE_LOOP('',(#10794,#10795,#10796,#10797));
#10794 = ORIENTED_EDGE('',*,*,#10681,.F.);
#10795 = ORIENTED_EDGE('',*,*,#10751,.T.);
#10796 = ORIENTED_EDGE('',*,*,#10721,.T.);
#10797 = ORIENTED_EDGE('',*,*,#10773,.F.);
#10798 = PLANE('',#10799);
#10799 = AXIS2_PLACEMENT_3D('',#10800,#10801,#10802);
#10800 = CARTESIAN_POINT('',(36.15,-12.95,1.6));
#10801 = DIRECTION('',(0.,0.,1.));
#10802 = DIRECTION('',(1.,0.,0.));
#10803 = ADVANCED_FACE('',(#10804),#10810,.T.);
#10804 = FACE_BOUND('',#10805,.T.);
#10805 = EDGE_LOOP('',(#10806,#10807,#10808,#10809));
#10806 = ORIENTED_EDGE('',*,*,#10697,.F.);
#10807 = ORIENTED_EDGE('',*,*,#10758,.T.);
#10808 = ORIENTED_EDGE('',*,*,#10737,.T.);
#10809 = ORIENTED_EDGE('',*,*,#10780,.F.);
#10810 = PLANE('',#10811);
#10811 = AXIS2_PLACEMENT_3D('',#10812,#10813,#10814);
#10812 = CARTESIAN_POINT('',(36.15,-12.95,2.5));
#10813 = DIRECTION('',(0.,0.,1.));
#10814 = DIRECTION('',(1.,0.,0.));
#10815 = MANIFOLD_SOLID_BREP('',#10816);
#10816 = CLOSED_SHELL('',(#10817,#10857,#10897,#10919,#10941,#10953));
#10817 = ADVANCED_FACE('',(#10818),#10852,.F.);
#10818 = FACE_BOUND('',#10819,.F.);
#10819 = EDGE_LOOP('',(#10820,#10830,#10838,#10846));
#10820 = ORIENTED_EDGE('',*,*,#10821,.F.);
#10821 = EDGE_CURVE('',#10822,#10824,#10826,.T.);
#10822 = VERTEX_POINT('',#10823);
#10823 = CARTESIAN_POINT('',(39.15,-9.45,1.6));
#10824 = VERTEX_POINT('',#10825);
#10825 = CARTESIAN_POINT('',(39.15,-9.45,2.5));
#10826 = LINE('',#10827,#10828);
#10827 = CARTESIAN_POINT('',(39.15,-9.45,1.6));
#10828 = VECTOR('',#10829,1.);
#10829 = DIRECTION('',(0.,0.,1.));
#10830 = ORIENTED_EDGE('',*,*,#10831,.T.);
#10831 = EDGE_CURVE('',#10822,#10832,#10834,.T.);
#10832 = VERTEX_POINT('',#10833);
#10833 = CARTESIAN_POINT('',(39.15,-8.55,1.6));
#10834 = LINE('',#10835,#10836);
#10835 = CARTESIAN_POINT('',(39.15,-9.45,1.6));
#10836 = VECTOR('',#10837,1.);
#10837 = DIRECTION('',(0.,1.,0.));
#10838 = ORIENTED_EDGE('',*,*,#10839,.T.);
#10839 = EDGE_CURVE('',#10832,#10840,#10842,.T.);
#10840 = VERTEX_POINT('',#10841);
#10841 = CARTESIAN_POINT('',(39.15,-8.55,2.5));
#10842 = LINE('',#10843,#10844);
#10843 = CARTESIAN_POINT('',(39.15,-8.55,1.6));
#10844 = VECTOR('',#10845,1.);
#10845 = DIRECTION('',(0.,0.,1.));
#10846 = ORIENTED_EDGE('',*,*,#10847,.F.);
#10847 = EDGE_CURVE('',#10824,#10840,#10848,.T.);
#10848 = LINE('',#10849,#10850);
#10849 = CARTESIAN_POINT('',(39.15,-9.45,2.5));
#10850 = VECTOR('',#10851,1.);
#10851 = DIRECTION('',(0.,1.,0.));
#10852 = PLANE('',#10853);
#10853 = AXIS2_PLACEMENT_3D('',#10854,#10855,#10856);
#10854 = CARTESIAN_POINT('',(39.15,-9.45,1.6));
#10855 = DIRECTION('',(1.,0.,0.));
#10856 = DIRECTION('',(0.,0.,1.));
#10857 = ADVANCED_FACE('',(#10858),#10892,.T.);
#10858 = FACE_BOUND('',#10859,.T.);
#10859 = EDGE_LOOP('',(#10860,#10870,#10878,#10886));
#10860 = ORIENTED_EDGE('',*,*,#10861,.F.);
#10861 = EDGE_CURVE('',#10862,#10864,#10866,.T.);
#10862 = VERTEX_POINT('',#10863);
#10863 = CARTESIAN_POINT('',(40.85,-9.45,1.6));
#10864 = VERTEX_POINT('',#10865);
#10865 = CARTESIAN_POINT('',(40.85,-9.45,2.5));
#10866 = LINE('',#10867,#10868);
#10867 = CARTESIAN_POINT('',(40.85,-9.45,1.6));
#10868 = VECTOR('',#10869,1.);
#10869 = DIRECTION('',(0.,0.,1.));
#10870 = ORIENTED_EDGE('',*,*,#10871,.T.);
#10871 = EDGE_CURVE('',#10862,#10872,#10874,.T.);
#10872 = VERTEX_POINT('',#10873);
#10873 = CARTESIAN_POINT('',(40.85,-8.55,1.6));
#10874 = LINE('',#10875,#10876);
#10875 = CARTESIAN_POINT('',(40.85,-9.45,1.6));
#10876 = VECTOR('',#10877,1.);
#10877 = DIRECTION('',(0.,1.,0.));
#10878 = ORIENTED_EDGE('',*,*,#10879,.T.);
#10879 = EDGE_CURVE('',#10872,#10880,#10882,.T.);
#10880 = VERTEX_POINT('',#10881);
#10881 = CARTESIAN_POINT('',(40.85,-8.55,2.5));
#10882 = LINE('',#10883,#10884);
#10883 = CARTESIAN_POINT('',(40.85,-8.55,1.6));
#10884 = VECTOR('',#10885,1.);
#10885 = DIRECTION('',(0.,0.,1.));
#10886 = ORIENTED_EDGE('',*,*,#10887,.F.);
#10887 = EDGE_CURVE('',#10864,#10880,#10888,.T.);
#10888 = LINE('',#10889,#10890);
#10889 = CARTESIAN_POINT('',(40.85,-9.45,2.5));
#10890 = VECTOR('',#10891,1.);
#10891 = DIRECTION('',(0.,1.,0.));
#10892 = PLANE('',#10893);
#10893 = AXIS2_PLACEMENT_3D('',#10894,#10895,#10896);
#10894 = CARTESIAN_POINT('',(40.85,-9.45,1.6));
#10895 = DIRECTION('',(1.,0.,0.));
#10896 = DIRECTION('',(0.,0.,1.));
#10897 = ADVANCED_FACE('',(#10898),#10914,.F.);
#10898 = FACE_BOUND('',#10899,.F.);
#10899 = EDGE_LOOP('',(#10900,#10906,#10907,#10913));
#10900 = ORIENTED_EDGE('',*,*,#10901,.F.);
#10901 = EDGE_CURVE('',#10822,#10862,#10902,.T.);
#10902 = LINE('',#10903,#10904);
#10903 = CARTESIAN_POINT('',(39.15,-9.45,1.6));
#10904 = VECTOR('',#10905,1.);
#10905 = DIRECTION('',(1.,0.,0.));
#10906 = ORIENTED_EDGE('',*,*,#10821,.T.);
#10907 = ORIENTED_EDGE('',*,*,#10908,.T.);
#10908 = EDGE_CURVE('',#10824,#10864,#10909,.T.);
#10909 = LINE('',#10910,#10911);
#10910 = CARTESIAN_POINT('',(39.15,-9.45,2.5));
#10911 = VECTOR('',#10912,1.);
#10912 = DIRECTION('',(1.,0.,0.));
#10913 = ORIENTED_EDGE('',*,*,#10861,.F.);
#10914 = PLANE('',#10915);
#10915 = AXIS2_PLACEMENT_3D('',#10916,#10917,#10918);
#10916 = CARTESIAN_POINT('',(39.15,-9.45,1.6));
#10917 = DIRECTION('',(0.,1.,0.));
#10918 = DIRECTION('',(0.,0.,1.));
#10919 = ADVANCED_FACE('',(#10920),#10936,.T.);
#10920 = FACE_BOUND('',#10921,.T.);
#10921 = EDGE_LOOP('',(#10922,#10928,#10929,#10935));
#10922 = ORIENTED_EDGE('',*,*,#10923,.F.);
#10923 = EDGE_CURVE('',#10832,#10872,#10924,.T.);
#10924 = LINE('',#10925,#10926);
#10925 = CARTESIAN_POINT('',(39.15,-8.55,1.6));
#10926 = VECTOR('',#10927,1.);
#10927 = DIRECTION('',(1.,0.,0.));
#10928 = ORIENTED_EDGE('',*,*,#10839,.T.);
#10929 = ORIENTED_EDGE('',*,*,#10930,.T.);
#10930 = EDGE_CURVE('',#10840,#10880,#10931,.T.);
#10931 = LINE('',#10932,#10933);
#10932 = CARTESIAN_POINT('',(39.15,-8.55,2.5));
#10933 = VECTOR('',#10934,1.);
#10934 = DIRECTION('',(1.,0.,0.));
#10935 = ORIENTED_EDGE('',*,*,#10879,.F.);
#10936 = PLANE('',#10937);
#10937 = AXIS2_PLACEMENT_3D('',#10938,#10939,#10940);
#10938 = CARTESIAN_POINT('',(39.15,-8.55,1.6));
#10939 = DIRECTION('',(0.,1.,0.));
#10940 = DIRECTION('',(0.,0.,1.));
#10941 = ADVANCED_FACE('',(#10942),#10948,.F.);
#10942 = FACE_BOUND('',#10943,.F.);
#10943 = EDGE_LOOP('',(#10944,#10945,#10946,#10947));
#10944 = ORIENTED_EDGE('',*,*,#10831,.F.);
#10945 = ORIENTED_EDGE('',*,*,#10901,.T.);
#10946 = ORIENTED_EDGE('',*,*,#10871,.T.);
#10947 = ORIENTED_EDGE('',*,*,#10923,.F.);
#10948 = PLANE('',#10949);
#10949 = AXIS2_PLACEMENT_3D('',#10950,#10951,#10952);
#10950 = CARTESIAN_POINT('',(39.15,-9.45,1.6));
#10951 = DIRECTION('',(0.,0.,1.));
#10952 = DIRECTION('',(1.,0.,0.));
#10953 = ADVANCED_FACE('',(#10954),#10960,.T.);
#10954 = FACE_BOUND('',#10955,.T.);
#10955 = EDGE_LOOP('',(#10956,#10957,#10958,#10959));
#10956 = ORIENTED_EDGE('',*,*,#10847,.F.);
#10957 = ORIENTED_EDGE('',*,*,#10908,.T.);
#10958 = ORIENTED_EDGE('',*,*,#10887,.T.);
#10959 = ORIENTED_EDGE('',*,*,#10930,.F.);
#10960 = PLANE('',#10961);
#10961 = AXIS2_PLACEMENT_3D('',#10962,#10963,#10964);
#10962 = CARTESIAN_POINT('',(39.15,-9.45,2.5));
#10963 = DIRECTION('',(0.,0.,1.));
#10964 = DIRECTION('',(1.,0.,0.));
#10965 = MANIFOLD_SOLID_BREP('',#10966);
#10966 = CLOSED_SHELL('',(#10967,#11007,#11047,#11069,#11091,#11103));
#10967 = ADVANCED_FACE('',(#10968),#11002,.F.);
#10968 = FACE_BOUND('',#10969,.F.);
#10969 = EDGE_LOOP('',(#10970,#10980,#10988,#10996));
#10970 = ORIENTED_EDGE('',*,*,#10971,.F.);
#10971 = EDGE_CURVE('',#10972,#10974,#10976,.T.);
#10972 = VERTEX_POINT('',#10973);
#10973 = CARTESIAN_POINT('',(19.15,-27.9625,1.6));
#10974 = VERTEX_POINT('',#10975);
#10975 = CARTESIAN_POINT('',(19.15,-27.9625,2.1));
#10976 = LINE('',#10977,#10978);
#10977 = CARTESIAN_POINT('',(19.15,-27.9625,1.6));
#10978 = VECTOR('',#10979,1.);
#10979 = DIRECTION('',(0.,0.,1.));
#10980 = ORIENTED_EDGE('',*,*,#10981,.T.);
#10981 = EDGE_CURVE('',#10972,#10982,#10984,.T.);
#10982 = VERTEX_POINT('',#10983);
#10983 = CARTESIAN_POINT('',(19.15,-27.0375,1.6));
#10984 = LINE('',#10985,#10986);
#10985 = CARTESIAN_POINT('',(19.15,-27.9625,1.6));
#10986 = VECTOR('',#10987,1.);
#10987 = DIRECTION('',(0.,1.,0.));
#10988 = ORIENTED_EDGE('',*,*,#10989,.T.);
#10989 = EDGE_CURVE('',#10982,#10990,#10992,.T.);
#10990 = VERTEX_POINT('',#10991);
#10991 = CARTESIAN_POINT('',(19.15,-27.0375,2.1));
#10992 = LINE('',#10993,#10994);
#10993 = CARTESIAN_POINT('',(19.15,-27.0375,1.6));
#10994 = VECTOR('',#10995,1.);
#10995 = DIRECTION('',(0.,0.,1.));
#10996 = ORIENTED_EDGE('',*,*,#10997,.F.);
#10997 = EDGE_CURVE('',#10974,#10990,#10998,.T.);
#10998 = LINE('',#10999,#11000);
#10999 = CARTESIAN_POINT('',(19.15,-27.9625,2.1));
#11000 = VECTOR('',#11001,1.);
#11001 = DIRECTION('',(0.,1.,0.));
#11002 = PLANE('',#11003);
#11003 = AXIS2_PLACEMENT_3D('',#11004,#11005,#11006);
#11004 = CARTESIAN_POINT('',(19.15,-27.9625,1.6));
#11005 = DIRECTION('',(1.,0.,0.));
#11006 = DIRECTION('',(0.,0.,1.));
#11007 = ADVANCED_FACE('',(#11008),#11042,.T.);
#11008 = FACE_BOUND('',#11009,.T.);
#11009 = EDGE_LOOP('',(#11010,#11020,#11028,#11036));
#11010 = ORIENTED_EDGE('',*,*,#11011,.F.);
#11011 = EDGE_CURVE('',#11012,#11014,#11016,.T.);
#11012 = VERTEX_POINT('',#11013);
#11013 = CARTESIAN_POINT('',(20.85,-27.9625,1.6));
#11014 = VERTEX_POINT('',#11015);
#11015 = CARTESIAN_POINT('',(20.85,-27.9625,2.1));
#11016 = LINE('',#11017,#11018);
#11017 = CARTESIAN_POINT('',(20.85,-27.9625,1.6));
#11018 = VECTOR('',#11019,1.);
#11019 = DIRECTION('',(0.,0.,1.));
#11020 = ORIENTED_EDGE('',*,*,#11021,.T.);
#11021 = EDGE_CURVE('',#11012,#11022,#11024,.T.);
#11022 = VERTEX_POINT('',#11023);
#11023 = CARTESIAN_POINT('',(20.85,-27.0375,1.6));
#11024 = LINE('',#11025,#11026);
#11025 = CARTESIAN_POINT('',(20.85,-27.9625,1.6));
#11026 = VECTOR('',#11027,1.);
#11027 = DIRECTION('',(0.,1.,0.));
#11028 = ORIENTED_EDGE('',*,*,#11029,.T.);
#11029 = EDGE_CURVE('',#11022,#11030,#11032,.T.);
#11030 = VERTEX_POINT('',#11031);
#11031 = CARTESIAN_POINT('',(20.85,-27.0375,2.1));
#11032 = LINE('',#11033,#11034);
#11033 = CARTESIAN_POINT('',(20.85,-27.0375,1.6));
#11034 = VECTOR('',#11035,1.);
#11035 = DIRECTION('',(0.,0.,1.));
#11036 = ORIENTED_EDGE('',*,*,#11037,.F.);
#11037 = EDGE_CURVE('',#11014,#11030,#11038,.T.);
#11038 = LINE('',#11039,#11040);
#11039 = CARTESIAN_POINT('',(20.85,-27.9625,2.1));
#11040 = VECTOR('',#11041,1.);
#11041 = DIRECTION('',(0.,1.,0.));
#11042 = PLANE('',#11043);
#11043 = AXIS2_PLACEMENT_3D('',#11044,#11045,#11046);
#11044 = CARTESIAN_POINT('',(20.85,-27.9625,1.6));
#11045 = DIRECTION('',(1.,0.,0.));
#11046 = DIRECTION('',(0.,0.,1.));
#11047 = ADVANCED_FACE('',(#11048),#11064,.F.);
#11048 = FACE_BOUND('',#11049,.F.);
#11049 = EDGE_LOOP('',(#11050,#11056,#11057,#11063));
#11050 = ORIENTED_EDGE('',*,*,#11051,.F.);
#11051 = EDGE_CURVE('',#10972,#11012,#11052,.T.);
#11052 = LINE('',#11053,#11054);
#11053 = CARTESIAN_POINT('',(19.15,-27.9625,1.6));
#11054 = VECTOR('',#11055,1.);
#11055 = DIRECTION('',(1.,0.,0.));
#11056 = ORIENTED_EDGE('',*,*,#10971,.T.);
#11057 = ORIENTED_EDGE('',*,*,#11058,.T.);
#11058 = EDGE_CURVE('',#10974,#11014,#11059,.T.);
#11059 = LINE('',#11060,#11061);
#11060 = CARTESIAN_POINT('',(19.15,-27.9625,2.1));
#11061 = VECTOR('',#11062,1.);
#11062 = DIRECTION('',(1.,0.,0.));
#11063 = ORIENTED_EDGE('',*,*,#11011,.F.);
#11064 = PLANE('',#11065);
#11065 = AXIS2_PLACEMENT_3D('',#11066,#11067,#11068);
#11066 = CARTESIAN_POINT('',(19.15,-27.9625,1.6));
#11067 = DIRECTION('',(0.,1.,0.));
#11068 = DIRECTION('',(0.,0.,1.));
#11069 = ADVANCED_FACE('',(#11070),#11086,.T.);
#11070 = FACE_BOUND('',#11071,.T.);
#11071 = EDGE_LOOP('',(#11072,#11078,#11079,#11085));
#11072 = ORIENTED_EDGE('',*,*,#11073,.F.);
#11073 = EDGE_CURVE('',#10982,#11022,#11074,.T.);
#11074 = LINE('',#11075,#11076);
#11075 = CARTESIAN_POINT('',(19.15,-27.0375,1.6));
#11076 = VECTOR('',#11077,1.);
#11077 = DIRECTION('',(1.,0.,0.));
#11078 = ORIENTED_EDGE('',*,*,#10989,.T.);
#11079 = ORIENTED_EDGE('',*,*,#11080,.T.);
#11080 = EDGE_CURVE('',#10990,#11030,#11081,.T.);
#11081 = LINE('',#11082,#11083);
#11082 = CARTESIAN_POINT('',(19.15,-27.0375,2.1));
#11083 = VECTOR('',#11084,1.);
#11084 = DIRECTION('',(1.,0.,0.));
#11085 = ORIENTED_EDGE('',*,*,#11029,.F.);
#11086 = PLANE('',#11087);
#11087 = AXIS2_PLACEMENT_3D('',#11088,#11089,#11090);
#11088 = CARTESIAN_POINT('',(19.15,-27.0375,1.6));
#11089 = DIRECTION('',(0.,1.,0.));
#11090 = DIRECTION('',(0.,0.,1.));
#11091 = ADVANCED_FACE('',(#11092),#11098,.F.);
#11092 = FACE_BOUND('',#11093,.F.);
#11093 = EDGE_LOOP('',(#11094,#11095,#11096,#11097));
#11094 = ORIENTED_EDGE('',*,*,#10981,.F.);
#11095 = ORIENTED_EDGE('',*,*,#11051,.T.);
#11096 = ORIENTED_EDGE('',*,*,#11021,.T.);
#11097 = ORIENTED_EDGE('',*,*,#11073,.F.);
#11098 = PLANE('',#11099);
#11099 = AXIS2_PLACEMENT_3D('',#11100,#11101,#11102);
#11100 = CARTESIAN_POINT('',(19.15,-27.9625,1.6));
#11101 = DIRECTION('',(0.,0.,1.));
#11102 = DIRECTION('',(1.,0.,0.));
#11103 = ADVANCED_FACE('',(#11104),#11110,.T.);
#11104 = FACE_BOUND('',#11105,.T.);
#11105 = EDGE_LOOP('',(#11106,#11107,#11108,#11109));
#11106 = ORIENTED_EDGE('',*,*,#10997,.F.);
#11107 = ORIENTED_EDGE('',*,*,#11058,.T.);
#11108 = ORIENTED_EDGE('',*,*,#11037,.T.);
#11109 = ORIENTED_EDGE('',*,*,#11080,.F.);
#11110 = PLANE('',#11111);
#11111 = AXIS2_PLACEMENT_3D('',#11112,#11113,#11114);
#11112 = CARTESIAN_POINT('',(19.15,-27.9625,2.1));
#11113 = DIRECTION('',(0.,0.,1.));
#11114 = DIRECTION('',(1.,0.,0.));
#11115 = MANIFOLD_SOLID_BREP('',#11116);
#11116 = CLOSED_SHELL('',(#11117,#11157,#11197,#11219,#11241,#11253));
#11117 = ADVANCED_FACE('',(#11118),#11152,.F.);
#11118 = FACE_BOUND('',#11119,.F.);
#11119 = EDGE_LOOP('',(#11120,#11130,#11138,#11146));
#11120 = ORIENTED_EDGE('',*,*,#11121,.F.);
#11121 = EDGE_CURVE('',#11122,#11124,#11126,.T.);
#11122 = VERTEX_POINT('',#11123);
#11123 = CARTESIAN_POINT('',(-3.675,-22.05,1.6));
#11124 = VERTEX_POINT('',#11125);
#11125 = CARTESIAN_POINT('',(-3.675,-22.05,2.25));
#11126 = LINE('',#11127,#11128);
#11127 = CARTESIAN_POINT('',(-3.675,-22.05,1.6));
#11128 = VECTOR('',#11129,1.);
#11129 = DIRECTION('',(0.,0.,1.));
#11130 = ORIENTED_EDGE('',*,*,#11131,.T.);
#11131 = EDGE_CURVE('',#11122,#11132,#11134,.T.);
#11132 = VERTEX_POINT('',#11133);
#11133 = CARTESIAN_POINT('',(-3.675,-19.95,1.6));
#11134 = LINE('',#11135,#11136);
#11135 = CARTESIAN_POINT('',(-3.675,-22.05,1.6));
#11136 = VECTOR('',#11137,1.);
#11137 = DIRECTION('',(0.,1.,0.));
#11138 = ORIENTED_EDGE('',*,*,#11139,.T.);
#11139 = EDGE_CURVE('',#11132,#11140,#11142,.T.);
#11140 = VERTEX_POINT('',#11141);
#11141 = CARTESIAN_POINT('',(-3.675,-19.95,2.25));
#11142 = LINE('',#11143,#11144);
#11143 = CARTESIAN_POINT('',(-3.675,-19.95,1.6));
#11144 = VECTOR('',#11145,1.);
#11145 = DIRECTION('',(0.,0.,1.));
#11146 = ORIENTED_EDGE('',*,*,#11147,.F.);
#11147 = EDGE_CURVE('',#11124,#11140,#11148,.T.);
#11148 = LINE('',#11149,#11150);
#11149 = CARTESIAN_POINT('',(-3.675,-22.05,2.25));
#11150 = VECTOR('',#11151,1.);
#11151 = DIRECTION('',(0.,1.,0.));
#11152 = PLANE('',#11153);
#11153 = AXIS2_PLACEMENT_3D('',#11154,#11155,#11156);
#11154 = CARTESIAN_POINT('',(-3.675,-22.05,1.6));
#11155 = DIRECTION('',(1.,0.,0.));
#11156 = DIRECTION('',(0.,0.,1.));
#11157 = ADVANCED_FACE('',(#11158),#11192,.T.);
#11158 = FACE_BOUND('',#11159,.T.);
#11159 = EDGE_LOOP('',(#11160,#11170,#11178,#11186));
#11160 = ORIENTED_EDGE('',*,*,#11161,.F.);
#11161 = EDGE_CURVE('',#11162,#11164,#11166,.T.);
#11162 = VERTEX_POINT('',#11163);
#11163 = CARTESIAN_POINT('',(-2.325,-22.05,1.6));
#11164 = VERTEX_POINT('',#11165);
#11165 = CARTESIAN_POINT('',(-2.325,-22.05,2.25));
#11166 = LINE('',#11167,#11168);
#11167 = CARTESIAN_POINT('',(-2.325,-22.05,1.6));
#11168 = VECTOR('',#11169,1.);
#11169 = DIRECTION('',(0.,0.,1.));
#11170 = ORIENTED_EDGE('',*,*,#11171,.T.);
#11171 = EDGE_CURVE('',#11162,#11172,#11174,.T.);
#11172 = VERTEX_POINT('',#11173);
#11173 = CARTESIAN_POINT('',(-2.325,-19.95,1.6));
#11174 = LINE('',#11175,#11176);
#11175 = CARTESIAN_POINT('',(-2.325,-22.05,1.6));
#11176 = VECTOR('',#11177,1.);
#11177 = DIRECTION('',(0.,1.,0.));
#11178 = ORIENTED_EDGE('',*,*,#11179,.T.);
#11179 = EDGE_CURVE('',#11172,#11180,#11182,.T.);
#11180 = VERTEX_POINT('',#11181);
#11181 = CARTESIAN_POINT('',(-2.325,-19.95,2.25));
#11182 = LINE('',#11183,#11184);
#11183 = CARTESIAN_POINT('',(-2.325,-19.95,1.6));
#11184 = VECTOR('',#11185,1.);
#11185 = DIRECTION('',(0.,0.,1.));
#11186 = ORIENTED_EDGE('',*,*,#11187,.F.);
#11187 = EDGE_CURVE('',#11164,#11180,#11188,.T.);
#11188 = LINE('',#11189,#11190);
#11189 = CARTESIAN_POINT('',(-2.325,-22.05,2.25));
#11190 = VECTOR('',#11191,1.);
#11191 = DIRECTION('',(0.,1.,0.));
#11192 = PLANE('',#11193);
#11193 = AXIS2_PLACEMENT_3D('',#11194,#11195,#11196);
#11194 = CARTESIAN_POINT('',(-2.325,-22.05,1.6));
#11195 = DIRECTION('',(1.,0.,0.));
#11196 = DIRECTION('',(0.,0.,1.));
#11197 = ADVANCED_FACE('',(#11198),#11214,.F.);
#11198 = FACE_BOUND('',#11199,.F.);
#11199 = EDGE_LOOP('',(#11200,#11206,#11207,#11213));
#11200 = ORIENTED_EDGE('',*,*,#11201,.F.);
#11201 = EDGE_CURVE('',#11122,#11162,#11202,.T.);
#11202 = LINE('',#11203,#11204);
#11203 = CARTESIAN_POINT('',(-3.675,-22.05,1.6));
#11204 = VECTOR('',#11205,1.);
#11205 = DIRECTION('',(1.,0.,0.));
#11206 = ORIENTED_EDGE('',*,*,#11121,.T.);
#11207 = ORIENTED_EDGE('',*,*,#11208,.T.);
#11208 = EDGE_CURVE('',#11124,#11164,#11209,.T.);
#11209 = LINE('',#11210,#11211);
#11210 = CARTESIAN_POINT('',(-3.675,-22.05,2.25));
#11211 = VECTOR('',#11212,1.);
#11212 = DIRECTION('',(1.,0.,0.));
#11213 = ORIENTED_EDGE('',*,*,#11161,.F.);
#11214 = PLANE('',#11215);
#11215 = AXIS2_PLACEMENT_3D('',#11216,#11217,#11218);
#11216 = CARTESIAN_POINT('',(-3.675,-22.05,1.6));
#11217 = DIRECTION('',(0.,1.,0.));
#11218 = DIRECTION('',(0.,0.,1.));
#11219 = ADVANCED_FACE('',(#11220),#11236,.T.);
#11220 = FACE_BOUND('',#11221,.T.);
#11221 = EDGE_LOOP('',(#11222,#11228,#11229,#11235));
#11222 = ORIENTED_EDGE('',*,*,#11223,.F.);
#11223 = EDGE_CURVE('',#11132,#11172,#11224,.T.);
#11224 = LINE('',#11225,#11226);
#11225 = CARTESIAN_POINT('',(-3.675,-19.95,1.6));
#11226 = VECTOR('',#11227,1.);
#11227 = DIRECTION('',(1.,0.,0.));
#11228 = ORIENTED_EDGE('',*,*,#11139,.T.);
#11229 = ORIENTED_EDGE('',*,*,#11230,.T.);
#11230 = EDGE_CURVE('',#11140,#11180,#11231,.T.);
#11231 = LINE('',#11232,#11233);
#11232 = CARTESIAN_POINT('',(-3.675,-19.95,2.25));
#11233 = VECTOR('',#11234,1.);
#11234 = DIRECTION('',(1.,0.,0.));
#11235 = ORIENTED_EDGE('',*,*,#11179,.F.);
#11236 = PLANE('',#11237);
#11237 = AXIS2_PLACEMENT_3D('',#11238,#11239,#11240);
#11238 = CARTESIAN_POINT('',(-3.675,-19.95,1.6));
#11239 = DIRECTION('',(0.,1.,0.));
#11240 = DIRECTION('',(0.,0.,1.));
#11241 = ADVANCED_FACE('',(#11242),#11248,.F.);
#11242 = FACE_BOUND('',#11243,.F.);
#11243 = EDGE_LOOP('',(#11244,#11245,#11246,#11247));
#11244 = ORIENTED_EDGE('',*,*,#11131,.F.);
#11245 = ORIENTED_EDGE('',*,*,#11201,.T.);
#11246 = ORIENTED_EDGE('',*,*,#11171,.T.);
#11247 = ORIENTED_EDGE('',*,*,#11223,.F.);
#11248 = PLANE('',#11249);
#11249 = AXIS2_PLACEMENT_3D('',#11250,#11251,#11252);
#11250 = CARTESIAN_POINT('',(-3.675,-22.05,1.6));
#11251 = DIRECTION('',(0.,0.,1.));
#11252 = DIRECTION('',(1.,0.,0.));
#11253 = ADVANCED_FACE('',(#11254),#11260,.T.);
#11254 = FACE_BOUND('',#11255,.T.);
#11255 = EDGE_LOOP('',(#11256,#11257,#11258,#11259));
#11256 = ORIENTED_EDGE('',*,*,#11147,.F.);
#11257 = ORIENTED_EDGE('',*,*,#11208,.T.);
#11258 = ORIENTED_EDGE('',*,*,#11187,.T.);
#11259 = ORIENTED_EDGE('',*,*,#11230,.F.);
#11260 = PLANE('',#11261);
#11261 = AXIS2_PLACEMENT_3D('',#11262,#11263,#11264);
#11262 = CARTESIAN_POINT('',(-3.675,-22.05,2.25));
#11263 = DIRECTION('',(0.,0.,1.));
#11264 = DIRECTION('',(1.,0.,0.));
#11265 = MANIFOLD_SOLID_BREP('',#11266);
#11266 = CLOSED_SHELL('',(#11267,#11307,#11347,#11369,#11391,#11403));
#11267 = ADVANCED_FACE('',(#11268),#11302,.F.);
#11268 = FACE_BOUND('',#11269,.F.);
#11269 = EDGE_LOOP('',(#11270,#11280,#11288,#11296));
#11270 = ORIENTED_EDGE('',*,*,#11271,.F.);
#11271 = EDGE_CURVE('',#11272,#11274,#11276,.T.);
#11272 = VERTEX_POINT('',#11273);
#11273 = CARTESIAN_POINT('',(5.25,-40.65,1.6));
#11274 = VERTEX_POINT('',#11275);
#11275 = CARTESIAN_POINT('',(5.25,-40.65,4.25));
#11276 = LINE('',#11277,#11278);
#11277 = CARTESIAN_POINT('',(5.25,-40.65,1.6));
#11278 = VECTOR('',#11279,1.);
#11279 = DIRECTION('',(0.,0.,1.));
#11280 = ORIENTED_EDGE('',*,*,#11281,.T.);
#11281 = EDGE_CURVE('',#11272,#11282,#11284,.T.);
#11282 = VERTEX_POINT('',#11283);
#11283 = CARTESIAN_POINT('',(5.25,-30.35,1.6));
#11284 = LINE('',#11285,#11286);
#11285 = CARTESIAN_POINT('',(5.25,-40.65,1.6));
#11286 = VECTOR('',#11287,1.);
#11287 = DIRECTION('',(0.,1.,0.));
#11288 = ORIENTED_EDGE('',*,*,#11289,.T.);
#11289 = EDGE_CURVE('',#11282,#11290,#11292,.T.);
#11290 = VERTEX_POINT('',#11291);
#11291 = CARTESIAN_POINT('',(5.25,-30.35,4.25));
#11292 = LINE('',#11293,#11294);
#11293 = CARTESIAN_POINT('',(5.25,-30.35,1.6));
#11294 = VECTOR('',#11295,1.);
#11295 = DIRECTION('',(0.,0.,1.));
#11296 = ORIENTED_EDGE('',*,*,#11297,.F.);
#11297 = EDGE_CURVE('',#11274,#11290,#11298,.T.);
#11298 = LINE('',#11299,#11300);
#11299 = CARTESIAN_POINT('',(5.25,-40.65,4.25));
#11300 = VECTOR('',#11301,1.);
#11301 = DIRECTION('',(0.,1.,0.));
#11302 = PLANE('',#11303);
#11303 = AXIS2_PLACEMENT_3D('',#11304,#11305,#11306);
#11304 = CARTESIAN_POINT('',(5.25,-40.65,1.6));
#11305 = DIRECTION('',(1.,0.,0.));
#11306 = DIRECTION('',(0.,0.,1.));
#11307 = ADVANCED_FACE('',(#11308),#11342,.T.);
#11308 = FACE_BOUND('',#11309,.T.);
#11309 = EDGE_LOOP('',(#11310,#11320,#11328,#11336));
#11310 = ORIENTED_EDGE('',*,*,#11311,.F.);
#11311 = EDGE_CURVE('',#11312,#11314,#11316,.T.);
#11312 = VERTEX_POINT('',#11313);
#11313 = CARTESIAN_POINT('',(12.75,-40.65,1.6));
#11314 = VERTEX_POINT('',#11315);
#11315 = CARTESIAN_POINT('',(12.75,-40.65,4.25));
#11316 = LINE('',#11317,#11318);
#11317 = CARTESIAN_POINT('',(12.75,-40.65,1.6));
#11318 = VECTOR('',#11319,1.);
#11319 = DIRECTION('',(0.,0.,1.));
#11320 = ORIENTED_EDGE('',*,*,#11321,.T.);
#11321 = EDGE_CURVE('',#11312,#11322,#11324,.T.);
#11322 = VERTEX_POINT('',#11323);
#11323 = CARTESIAN_POINT('',(12.75,-30.35,1.6));
#11324 = LINE('',#11325,#11326);
#11325 = CARTESIAN_POINT('',(12.75,-40.65,1.6));
#11326 = VECTOR('',#11327,1.);
#11327 = DIRECTION('',(0.,1.,0.));
#11328 = ORIENTED_EDGE('',*,*,#11329,.T.);
#11329 = EDGE_CURVE('',#11322,#11330,#11332,.T.);
#11330 = VERTEX_POINT('',#11331);
#11331 = CARTESIAN_POINT('',(12.75,-30.35,4.25));
#11332 = LINE('',#11333,#11334);
#11333 = CARTESIAN_POINT('',(12.75,-30.35,1.6));
#11334 = VECTOR('',#11335,1.);
#11335 = DIRECTION('',(0.,0.,1.));
#11336 = ORIENTED_EDGE('',*,*,#11337,.F.);
#11337 = EDGE_CURVE('',#11314,#11330,#11338,.T.);
#11338 = LINE('',#11339,#11340);
#11339 = CARTESIAN_POINT('',(12.75,-40.65,4.25));
#11340 = VECTOR('',#11341,1.);
#11341 = DIRECTION('',(0.,1.,0.));
#11342 = PLANE('',#11343);
#11343 = AXIS2_PLACEMENT_3D('',#11344,#11345,#11346);
#11344 = CARTESIAN_POINT('',(12.75,-40.65,1.6));
#11345 = DIRECTION('',(1.,0.,0.));
#11346 = DIRECTION('',(0.,0.,1.));
#11347 = ADVANCED_FACE('',(#11348),#11364,.F.);
#11348 = FACE_BOUND('',#11349,.F.);
#11349 = EDGE_LOOP('',(#11350,#11356,#11357,#11363));
#11350 = ORIENTED_EDGE('',*,*,#11351,.F.);
#11351 = EDGE_CURVE('',#11272,#11312,#11352,.T.);
#11352 = LINE('',#11353,#11354);
#11353 = CARTESIAN_POINT('',(5.25,-40.65,1.6));
#11354 = VECTOR('',#11355,1.);
#11355 = DIRECTION('',(1.,0.,0.));
#11356 = ORIENTED_EDGE('',*,*,#11271,.T.);
#11357 = ORIENTED_EDGE('',*,*,#11358,.T.);
#11358 = EDGE_CURVE('',#11274,#11314,#11359,.T.);
#11359 = LINE('',#11360,#11361);
#11360 = CARTESIAN_POINT('',(5.25,-40.65,4.25));
#11361 = VECTOR('',#11362,1.);
#11362 = DIRECTION('',(1.,0.,0.));
#11363 = ORIENTED_EDGE('',*,*,#11311,.F.);
#11364 = PLANE('',#11365);
#11365 = AXIS2_PLACEMENT_3D('',#11366,#11367,#11368);
#11366 = CARTESIAN_POINT('',(5.25,-40.65,1.6));
#11367 = DIRECTION('',(0.,1.,0.));
#11368 = DIRECTION('',(0.,0.,1.));
#11369 = ADVANCED_FACE('',(#11370),#11386,.T.);
#11370 = FACE_BOUND('',#11371,.T.);
#11371 = EDGE_LOOP('',(#11372,#11378,#11379,#11385));
#11372 = ORIENTED_EDGE('',*,*,#11373,.F.);
#11373 = EDGE_CURVE('',#11282,#11322,#11374,.T.);
#11374 = LINE('',#11375,#11376);
#11375 = CARTESIAN_POINT('',(5.25,-30.35,1.6));
#11376 = VECTOR('',#11377,1.);
#11377 = DIRECTION('',(1.,0.,0.));
#11378 = ORIENTED_EDGE('',*,*,#11289,.T.);
#11379 = ORIENTED_EDGE('',*,*,#11380,.T.);
#11380 = EDGE_CURVE('',#11290,#11330,#11381,.T.);
#11381 = LINE('',#11382,#11383);
#11382 = CARTESIAN_POINT('',(5.25,-30.35,4.25));
#11383 = VECTOR('',#11384,1.);
#11384 = DIRECTION('',(1.,0.,0.));
#11385 = ORIENTED_EDGE('',*,*,#11329,.F.);
#11386 = PLANE('',#11387);
#11387 = AXIS2_PLACEMENT_3D('',#11388,#11389,#11390);
#11388 = CARTESIAN_POINT('',(5.25,-30.35,1.6));
#11389 = DIRECTION('',(0.,1.,0.));
#11390 = DIRECTION('',(0.,0.,1.));
#11391 = ADVANCED_FACE('',(#11392),#11398,.F.);
#11392 = FACE_BOUND('',#11393,.F.);
#11393 = EDGE_LOOP('',(#11394,#11395,#11396,#11397));
#11394 = ORIENTED_EDGE('',*,*,#11281,.F.);
#11395 = ORIENTED_EDGE('',*,*,#11351,.T.);
#11396 = ORIENTED_EDGE('',*,*,#11321,.T.);
#11397 = ORIENTED_EDGE('',*,*,#11373,.F.);
#11398 = PLANE('',#11399);
#11399 = AXIS2_PLACEMENT_3D('',#11400,#11401,#11402);
#11400 = CARTESIAN_POINT('',(5.25,-40.65,1.6));
#11401 = DIRECTION('',(0.,0.,1.));
#11402 = DIRECTION('',(1.,0.,0.));
#11403 = ADVANCED_FACE('',(#11404),#11410,.T.);
#11404 = FACE_BOUND('',#11405,.T.);
#11405 = EDGE_LOOP('',(#11406,#11407,#11408,#11409));
#11406 = ORIENTED_EDGE('',*,*,#11297,.F.);
#11407 = ORIENTED_EDGE('',*,*,#11358,.T.);
#11408 = ORIENTED_EDGE('',*,*,#11337,.T.);
#11409 = ORIENTED_EDGE('',*,*,#11380,.F.);
#11410 = PLANE('',#11411);
#11411 = AXIS2_PLACEMENT_3D('',#11412,#11413,#11414);
#11412 = CARTESIAN_POINT('',(5.25,-40.65,4.25));
#11413 = DIRECTION('',(0.,0.,1.));
#11414 = DIRECTION('',(1.,0.,0.));
#11415 = MANIFOLD_SOLID_BREP('',#11416);
#11416 = CLOSED_SHELL('',(#11417,#11457,#11497,#11519,#11541,#11553));
#11417 = ADVANCED_FACE('',(#11418),#11452,.F.);
#11418 = FACE_BOUND('',#11419,.F.);
#11419 = EDGE_LOOP('',(#11420,#11430,#11438,#11446));
#11420 = ORIENTED_EDGE('',*,*,#11421,.F.);
#11421 = EDGE_CURVE('',#11422,#11424,#11426,.T.);
#11422 = VERTEX_POINT('',#11423);
#11423 = CARTESIAN_POINT('',(14.15,5.,1.6));
#11424 = VERTEX_POINT('',#11425);
#11425 = CARTESIAN_POINT('',(14.15,5.,2.6));
#11426 = LINE('',#11427,#11428);
#11427 = CARTESIAN_POINT('',(14.15,5.,1.6));
#11428 = VECTOR('',#11429,1.);
#11429 = DIRECTION('',(0.,0.,1.));
#11430 = ORIENTED_EDGE('',*,*,#11431,.T.);
#11431 = EDGE_CURVE('',#11422,#11432,#11434,.T.);
#11432 = VERTEX_POINT('',#11433);
#11433 = CARTESIAN_POINT('',(14.15,8.,1.6));
#11434 = LINE('',#11435,#11436);
#11435 = CARTESIAN_POINT('',(14.15,5.,1.6));
#11436 = VECTOR('',#11437,1.);
#11437 = DIRECTION('',(0.,1.,0.));
#11438 = ORIENTED_EDGE('',*,*,#11439,.T.);
#11439 = EDGE_CURVE('',#11432,#11440,#11442,.T.);
#11440 = VERTEX_POINT('',#11441);
#11441 = CARTESIAN_POINT('',(14.15,8.,2.6));
#11442 = LINE('',#11443,#11444);
#11443 = CARTESIAN_POINT('',(14.15,8.,1.6));
#11444 = VECTOR('',#11445,1.);
#11445 = DIRECTION('',(0.,0.,1.));
#11446 = ORIENTED_EDGE('',*,*,#11447,.F.);
#11447 = EDGE_CURVE('',#11424,#11440,#11448,.T.);
#11448 = LINE('',#11449,#11450);
#11449 = CARTESIAN_POINT('',(14.15,5.,2.6));
#11450 = VECTOR('',#11451,1.);
#11451 = DIRECTION('',(0.,1.,0.));
#11452 = PLANE('',#11453);
#11453 = AXIS2_PLACEMENT_3D('',#11454,#11455,#11456);
#11454 = CARTESIAN_POINT('',(14.15,5.,1.6));
#11455 = DIRECTION('',(1.,0.,0.));
#11456 = DIRECTION('',(0.,0.,1.));
#11457 = ADVANCED_FACE('',(#11458),#11492,.T.);
#11458 = FACE_BOUND('',#11459,.T.);
#11459 = EDGE_LOOP('',(#11460,#11470,#11478,#11486));
#11460 = ORIENTED_EDGE('',*,*,#11461,.F.);
#11461 = EDGE_CURVE('',#11462,#11464,#11466,.T.);
#11462 = VERTEX_POINT('',#11463);
#11463 = CARTESIAN_POINT('',(15.85,5.,1.6));
#11464 = VERTEX_POINT('',#11465);
#11465 = CARTESIAN_POINT('',(15.85,5.,2.6));
#11466 = LINE('',#11467,#11468);
#11467 = CARTESIAN_POINT('',(15.85,5.,1.6));
#11468 = VECTOR('',#11469,1.);
#11469 = DIRECTION('',(0.,0.,1.));
#11470 = ORIENTED_EDGE('',*,*,#11471,.T.);
#11471 = EDGE_CURVE('',#11462,#11472,#11474,.T.);
#11472 = VERTEX_POINT('',#11473);
#11473 = CARTESIAN_POINT('',(15.85,8.,1.6));
#11474 = LINE('',#11475,#11476);
#11475 = CARTESIAN_POINT('',(15.85,5.,1.6));
#11476 = VECTOR('',#11477,1.);
#11477 = DIRECTION('',(0.,1.,0.));
#11478 = ORIENTED_EDGE('',*,*,#11479,.T.);
#11479 = EDGE_CURVE('',#11472,#11480,#11482,.T.);
#11480 = VERTEX_POINT('',#11481);
#11481 = CARTESIAN_POINT('',(15.85,8.,2.6));
#11482 = LINE('',#11483,#11484);
#11483 = CARTESIAN_POINT('',(15.85,8.,1.6));
#11484 = VECTOR('',#11485,1.);
#11485 = DIRECTION('',(0.,0.,1.));
#11486 = ORIENTED_EDGE('',*,*,#11487,.F.);
#11487 = EDGE_CURVE('',#11464,#11480,#11488,.T.);
#11488 = LINE('',#11489,#11490);
#11489 = CARTESIAN_POINT('',(15.85,5.,2.6));
#11490 = VECTOR('',#11491,1.);
#11491 = DIRECTION('',(0.,1.,0.));
#11492 = PLANE('',#11493);
#11493 = AXIS2_PLACEMENT_3D('',#11494,#11495,#11496);
#11494 = CARTESIAN_POINT('',(15.85,5.,1.6));
#11495 = DIRECTION('',(1.,0.,0.));
#11496 = DIRECTION('',(0.,0.,1.));
#11497 = ADVANCED_FACE('',(#11498),#11514,.F.);
#11498 = FACE_BOUND('',#11499,.F.);
#11499 = EDGE_LOOP('',(#11500,#11506,#11507,#11513));
#11500 = ORIENTED_EDGE('',*,*,#11501,.F.);
#11501 = EDGE_CURVE('',#11422,#11462,#11502,.T.);
#11502 = LINE('',#11503,#11504);
#11503 = CARTESIAN_POINT('',(14.15,5.,1.6));
#11504 = VECTOR('',#11505,1.);
#11505 = DIRECTION('',(1.,0.,0.));
#11506 = ORIENTED_EDGE('',*,*,#11421,.T.);
#11507 = ORIENTED_EDGE('',*,*,#11508,.T.);
#11508 = EDGE_CURVE('',#11424,#11464,#11509,.T.);
#11509 = LINE('',#11510,#11511);
#11510 = CARTESIAN_POINT('',(14.15,5.,2.6));
#11511 = VECTOR('',#11512,1.);
#11512 = DIRECTION('',(1.,0.,0.));
#11513 = ORIENTED_EDGE('',*,*,#11461,.F.);
#11514 = PLANE('',#11515);
#11515 = AXIS2_PLACEMENT_3D('',#11516,#11517,#11518);
#11516 = CARTESIAN_POINT('',(14.15,5.,1.6));
#11517 = DIRECTION('',(0.,1.,0.));
#11518 = DIRECTION('',(0.,0.,1.));
#11519 = ADVANCED_FACE('',(#11520),#11536,.T.);
#11520 = FACE_BOUND('',#11521,.T.);
#11521 = EDGE_LOOP('',(#11522,#11528,#11529,#11535));
#11522 = ORIENTED_EDGE('',*,*,#11523,.F.);
#11523 = EDGE_CURVE('',#11432,#11472,#11524,.T.);
#11524 = LINE('',#11525,#11526);
#11525 = CARTESIAN_POINT('',(14.15,8.,1.6));
#11526 = VECTOR('',#11527,1.);
#11527 = DIRECTION('',(1.,0.,0.));
#11528 = ORIENTED_EDGE('',*,*,#11439,.T.);
#11529 = ORIENTED_EDGE('',*,*,#11530,.T.);
#11530 = EDGE_CURVE('',#11440,#11480,#11531,.T.);
#11531 = LINE('',#11532,#11533);
#11532 = CARTESIAN_POINT('',(14.15,8.,2.6));
#11533 = VECTOR('',#11534,1.);
#11534 = DIRECTION('',(1.,0.,0.));
#11535 = ORIENTED_EDGE('',*,*,#11479,.F.);
#11536 = PLANE('',#11537);
#11537 = AXIS2_PLACEMENT_3D('',#11538,#11539,#11540);
#11538 = CARTESIAN_POINT('',(14.15,8.,1.6));
#11539 = DIRECTION('',(0.,1.,0.));
#11540 = DIRECTION('',(0.,0.,1.));
#11541 = ADVANCED_FACE('',(#11542),#11548,.F.);
#11542 = FACE_BOUND('',#11543,.F.);
#11543 = EDGE_LOOP('',(#11544,#11545,#11546,#11547));
#11544 = ORIENTED_EDGE('',*,*,#11431,.F.);
#11545 = ORIENTED_EDGE('',*,*,#11501,.T.);
#11546 = ORIENTED_EDGE('',*,*,#11471,.T.);
#11547 = ORIENTED_EDGE('',*,*,#11523,.F.);
#11548 = PLANE('',#11549);
#11549 = AXIS2_PLACEMENT_3D('',#11550,#11551,#11552);
#11550 = CARTESIAN_POINT('',(14.15,5.,1.6));
#11551 = DIRECTION('',(0.,0.,1.));
#11552 = DIRECTION('',(1.,0.,0.));
#11553 = ADVANCED_FACE('',(#11554),#11560,.T.);
#11554 = FACE_BOUND('',#11555,.T.);
#11555 = EDGE_LOOP('',(#11556,#11557,#11558,#11559));
#11556 = ORIENTED_EDGE('',*,*,#11447,.F.);
#11557 = ORIENTED_EDGE('',*,*,#11508,.T.);
#11558 = ORIENTED_EDGE('',*,*,#11487,.T.);
#11559 = ORIENTED_EDGE('',*,*,#11530,.F.);
#11560 = PLANE('',#11561);
#11561 = AXIS2_PLACEMENT_3D('',#11562,#11563,#11564);
#11562 = CARTESIAN_POINT('',(14.15,5.,2.6));
#11563 = DIRECTION('',(0.,0.,1.));
#11564 = DIRECTION('',(1.,0.,0.));
#11565 = MANIFOLD_SOLID_BREP('',#11566);
#11566 = CLOSED_SHELL('',(#11567,#11607,#11647,#11669,#11691,#11703));
#11567 = ADVANCED_FACE('',(#11568),#11602,.F.);
#11568 = FACE_BOUND('',#11569,.F.);
#11569 = EDGE_LOOP('',(#11570,#11580,#11588,#11596));
#11570 = ORIENTED_EDGE('',*,*,#11571,.F.);
#11571 = EDGE_CURVE('',#11572,#11574,#11576,.T.);
#11572 = VERTEX_POINT('',#11573);
#11573 = CARTESIAN_POINT('',(23.65,-2.05,1.6));
#11574 = VERTEX_POINT('',#11575);
#11575 = CARTESIAN_POINT('',(23.65,-2.05,4.));
#11576 = LINE('',#11577,#11578);
#11577 = CARTESIAN_POINT('',(23.65,-2.05,1.6));
#11578 = VECTOR('',#11579,1.);
#11579 = DIRECTION('',(0.,0.,1.));
#11580 = ORIENTED_EDGE('',*,*,#11581,.T.);
#11581 = EDGE_CURVE('',#11572,#11582,#11584,.T.);
#11582 = VERTEX_POINT('',#11583);
#11583 = CARTESIAN_POINT('',(23.65,1.05,1.6));
#11584 = LINE('',#11585,#11586);
#11585 = CARTESIAN_POINT('',(23.65,-2.05,1.6));
#11586 = VECTOR('',#11587,1.);
#11587 = DIRECTION('',(0.,1.,0.));
#11588 = ORIENTED_EDGE('',*,*,#11589,.T.);
#11589 = EDGE_CURVE('',#11582,#11590,#11592,.T.);
#11590 = VERTEX_POINT('',#11591);
#11591 = CARTESIAN_POINT('',(23.65,1.05,4.));
#11592 = LINE('',#11593,#11594);
#11593 = CARTESIAN_POINT('',(23.65,1.05,1.6));
#11594 = VECTOR('',#11595,1.);
#11595 = DIRECTION('',(0.,0.,1.));
#11596 = ORIENTED_EDGE('',*,*,#11597,.F.);
#11597 = EDGE_CURVE('',#11574,#11590,#11598,.T.);
#11598 = LINE('',#11599,#11600);
#11599 = CARTESIAN_POINT('',(23.65,-2.05,4.));
#11600 = VECTOR('',#11601,1.);
#11601 = DIRECTION('',(0.,1.,0.));
#11602 = PLANE('',#11603);
#11603 = AXIS2_PLACEMENT_3D('',#11604,#11605,#11606);
#11604 = CARTESIAN_POINT('',(23.65,-2.05,1.6));
#11605 = DIRECTION('',(1.,0.,0.));
#11606 = DIRECTION('',(0.,0.,1.));
#11607 = ADVANCED_FACE('',(#11608),#11642,.T.);
#11608 = FACE_BOUND('',#11609,.T.);
#11609 = EDGE_LOOP('',(#11610,#11620,#11628,#11636));
#11610 = ORIENTED_EDGE('',*,*,#11611,.F.);
#11611 = EDGE_CURVE('',#11612,#11614,#11616,.T.);
#11612 = VERTEX_POINT('',#11613);
#11613 = CARTESIAN_POINT('',(28.35,-2.05,1.6));
#11614 = VERTEX_POINT('',#11615);
#11615 = CARTESIAN_POINT('',(28.35,-2.05,4.));
#11616 = LINE('',#11617,#11618);
#11617 = CARTESIAN_POINT('',(28.35,-2.05,1.6));
#11618 = VECTOR('',#11619,1.);
#11619 = DIRECTION('',(0.,0.,1.));
#11620 = ORIENTED_EDGE('',*,*,#11621,.T.);
#11621 = EDGE_CURVE('',#11612,#11622,#11624,.T.);
#11622 = VERTEX_POINT('',#11623);
#11623 = CARTESIAN_POINT('',(28.35,1.05,1.6));
#11624 = LINE('',#11625,#11626);
#11625 = CARTESIAN_POINT('',(28.35,-2.05,1.6));
#11626 = VECTOR('',#11627,1.);
#11627 = DIRECTION('',(0.,1.,0.));
#11628 = ORIENTED_EDGE('',*,*,#11629,.T.);
#11629 = EDGE_CURVE('',#11622,#11630,#11632,.T.);
#11630 = VERTEX_POINT('',#11631);
#11631 = CARTESIAN_POINT('',(28.35,1.05,4.));
#11632 = LINE('',#11633,#11634);
#11633 = CARTESIAN_POINT('',(28.35,1.05,1.6));
#11634 = VECTOR('',#11635,1.);
#11635 = DIRECTION('',(0.,0.,1.));
#11636 = ORIENTED_EDGE('',*,*,#11637,.F.);
#11637 = EDGE_CURVE('',#11614,#11630,#11638,.T.);
#11638 = LINE('',#11639,#11640);
#11639 = CARTESIAN_POINT('',(28.35,-2.05,4.));
#11640 = VECTOR('',#11641,1.);
#11641 = DIRECTION('',(0.,1.,0.));
#11642 = PLANE('',#11643);
#11643 = AXIS2_PLACEMENT_3D('',#11644,#11645,#11646);
#11644 = CARTESIAN_POINT('',(28.35,-2.05,1.6));
#11645 = DIRECTION('',(1.,0.,0.));
#11646 = DIRECTION('',(0.,0.,1.));
#11647 = ADVANCED_FACE('',(#11648),#11664,.F.);
#11648 = FACE_BOUND('',#11649,.F.);
#11649 = EDGE_LOOP('',(#11650,#11656,#11657,#11663));
#11650 = ORIENTED_EDGE('',*,*,#11651,.F.);
#11651 = EDGE_CURVE('',#11572,#11612,#11652,.T.);
#11652 = LINE('',#11653,#11654);
#11653 = CARTESIAN_POINT('',(23.65,-2.05,1.6));
#11654 = VECTOR('',#11655,1.);
#11655 = DIRECTION('',(1.,0.,0.));
#11656 = ORIENTED_EDGE('',*,*,#11571,.T.);
#11657 = ORIENTED_EDGE('',*,*,#11658,.T.);
#11658 = EDGE_CURVE('',#11574,#11614,#11659,.T.);
#11659 = LINE('',#11660,#11661);
#11660 = CARTESIAN_POINT('',(23.65,-2.05,4.));
#11661 = VECTOR('',#11662,1.);
#11662 = DIRECTION('',(1.,0.,0.));
#11663 = ORIENTED_EDGE('',*,*,#11611,.F.);
#11664 = PLANE('',#11665);
#11665 = AXIS2_PLACEMENT_3D('',#11666,#11667,#11668);
#11666 = CARTESIAN_POINT('',(23.65,-2.05,1.6));
#11667 = DIRECTION('',(0.,1.,0.));
#11668 = DIRECTION('',(0.,0.,1.));
#11669 = ADVANCED_FACE('',(#11670),#11686,.T.);
#11670 = FACE_BOUND('',#11671,.T.);
#11671 = EDGE_LOOP('',(#11672,#11678,#11679,#11685));
#11672 = ORIENTED_EDGE('',*,*,#11673,.F.);
#11673 = EDGE_CURVE('',#11582,#11622,#11674,.T.);
#11674 = LINE('',#11675,#11676);
#11675 = CARTESIAN_POINT('',(23.65,1.05,1.6));
#11676 = VECTOR('',#11677,1.);
#11677 = DIRECTION('',(1.,0.,0.));
#11678 = ORIENTED_EDGE('',*,*,#11589,.T.);
#11679 = ORIENTED_EDGE('',*,*,#11680,.T.);
#11680 = EDGE_CURVE('',#11590,#11630,#11681,.T.);
#11681 = LINE('',#11682,#11683);
#11682 = CARTESIAN_POINT('',(23.65,1.05,4.));
#11683 = VECTOR('',#11684,1.);
#11684 = DIRECTION('',(1.,0.,0.));
#11685 = ORIENTED_EDGE('',*,*,#11629,.F.);
#11686 = PLANE('',#11687);
#11687 = AXIS2_PLACEMENT_3D('',#11688,#11689,#11690);
#11688 = CARTESIAN_POINT('',(23.65,1.05,1.6));
#11689 = DIRECTION('',(0.,1.,0.));
#11690 = DIRECTION('',(0.,0.,1.));
#11691 = ADVANCED_FACE('',(#11692),#11698,.F.);
#11692 = FACE_BOUND('',#11693,.F.);
#11693 = EDGE_LOOP('',(#11694,#11695,#11696,#11697));
#11694 = ORIENTED_EDGE('',*,*,#11581,.F.);
#11695 = ORIENTED_EDGE('',*,*,#11651,.T.);
#11696 = ORIENTED_EDGE('',*,*,#11621,.T.);
#11697 = ORIENTED_EDGE('',*,*,#11673,.F.);
#11698 = PLANE('',#11699);
#11699 = AXIS2_PLACEMENT_3D('',#11700,#11701,#11702);
#11700 = CARTESIAN_POINT('',(23.65,-2.05,1.6));
#11701 = DIRECTION('',(0.,0.,1.));
#11702 = DIRECTION('',(1.,0.,0.));
#11703 = ADVANCED_FACE('',(#11704),#11710,.T.);
#11704 = FACE_BOUND('',#11705,.T.);
#11705 = EDGE_LOOP('',(#11706,#11707,#11708,#11709));
#11706 = ORIENTED_EDGE('',*,*,#11597,.F.);
#11707 = ORIENTED_EDGE('',*,*,#11658,.T.);
#11708 = ORIENTED_EDGE('',*,*,#11637,.T.);
#11709 = ORIENTED_EDGE('',*,*,#11680,.F.);
#11710 = PLANE('',#11711);
#11711 = AXIS2_PLACEMENT_3D('',#11712,#11713,#11714);
#11712 = CARTESIAN_POINT('',(23.65,-2.05,4.));
#11713 = DIRECTION('',(0.,0.,1.));
#11714 = DIRECTION('',(1.,0.,0.));
#11715 = MANIFOLD_SOLID_BREP('',#11716);
#11716 = CLOSED_SHELL('',(#11717,#11757,#11797,#11819,#11841,#11853));
#11717 = ADVANCED_FACE('',(#11718),#11752,.F.);
#11718 = FACE_BOUND('',#11719,.F.);
#11719 = EDGE_LOOP('',(#11720,#11730,#11738,#11746));
#11720 = ORIENTED_EDGE('',*,*,#11721,.F.);
#11721 = EDGE_CURVE('',#11722,#11724,#11726,.T.);
#11722 = VERTEX_POINT('',#11723);
#11723 = CARTESIAN_POINT('',(29.5375,-9.35,1.6));
#11724 = VERTEX_POINT('',#11725);
#11725 = CARTESIAN_POINT('',(29.5375,-9.35,2.1));
#11726 = LINE('',#11727,#11728);
#11727 = CARTESIAN_POINT('',(29.5375,-9.35,1.6));
#11728 = VECTOR('',#11729,1.);
#11729 = DIRECTION('',(0.,0.,1.));
#11730 = ORIENTED_EDGE('',*,*,#11731,.T.);
#11731 = EDGE_CURVE('',#11722,#11732,#11734,.T.);
#11732 = VERTEX_POINT('',#11733);
#11733 = CARTESIAN_POINT('',(29.5375,-7.65,1.6));
#11734 = LINE('',#11735,#11736);
#11735 = CARTESIAN_POINT('',(29.5375,-9.35,1.6));
#11736 = VECTOR('',#11737,1.);
#11737 = DIRECTION('',(0.,1.,0.));
#11738 = ORIENTED_EDGE('',*,*,#11739,.T.);
#11739 = EDGE_CURVE('',#11732,#11740,#11742,.T.);
#11740 = VERTEX_POINT('',#11741);
#11741 = CARTESIAN_POINT('',(29.5375,-7.65,2.1));
#11742 = LINE('',#11743,#11744);
#11743 = CARTESIAN_POINT('',(29.5375,-7.65,1.6));
#11744 = VECTOR('',#11745,1.);
#11745 = DIRECTION('',(0.,0.,1.));
#11746 = ORIENTED_EDGE('',*,*,#11747,.F.);
#11747 = EDGE_CURVE('',#11724,#11740,#11748,.T.);
#11748 = LINE('',#11749,#11750);
#11749 = CARTESIAN_POINT('',(29.5375,-9.35,2.1));
#11750 = VECTOR('',#11751,1.);
#11751 = DIRECTION('',(0.,1.,0.));
#11752 = PLANE('',#11753);
#11753 = AXIS2_PLACEMENT_3D('',#11754,#11755,#11756);
#11754 = CARTESIAN_POINT('',(29.5375,-9.35,1.6));
#11755 = DIRECTION('',(1.,0.,0.));
#11756 = DIRECTION('',(0.,0.,1.));
#11757 = ADVANCED_FACE('',(#11758),#11792,.T.);
#11758 = FACE_BOUND('',#11759,.T.);
#11759 = EDGE_LOOP('',(#11760,#11770,#11778,#11786));
#11760 = ORIENTED_EDGE('',*,*,#11761,.F.);
#11761 = EDGE_CURVE('',#11762,#11764,#11766,.T.);
#11762 = VERTEX_POINT('',#11763);
#11763 = CARTESIAN_POINT('',(30.4625,-9.35,1.6));
#11764 = VERTEX_POINT('',#11765);
#11765 = CARTESIAN_POINT('',(30.4625,-9.35,2.1));
#11766 = LINE('',#11767,#11768);
#11767 = CARTESIAN_POINT('',(30.4625,-9.35,1.6));
#11768 = VECTOR('',#11769,1.);
#11769 = DIRECTION('',(0.,0.,1.));
#11770 = ORIENTED_EDGE('',*,*,#11771,.T.);
#11771 = EDGE_CURVE('',#11762,#11772,#11774,.T.);
#11772 = VERTEX_POINT('',#11773);
#11773 = CARTESIAN_POINT('',(30.4625,-7.65,1.6));
#11774 = LINE('',#11775,#11776);
#11775 = CARTESIAN_POINT('',(30.4625,-9.35,1.6));
#11776 = VECTOR('',#11777,1.);
#11777 = DIRECTION('',(0.,1.,0.));
#11778 = ORIENTED_EDGE('',*,*,#11779,.T.);
#11779 = EDGE_CURVE('',#11772,#11780,#11782,.T.);
#11780 = VERTEX_POINT('',#11781);
#11781 = CARTESIAN_POINT('',(30.4625,-7.65,2.1));
#11782 = LINE('',#11783,#11784);
#11783 = CARTESIAN_POINT('',(30.4625,-7.65,1.6));
#11784 = VECTOR('',#11785,1.);
#11785 = DIRECTION('',(0.,0.,1.));
#11786 = ORIENTED_EDGE('',*,*,#11787,.F.);
#11787 = EDGE_CURVE('',#11764,#11780,#11788,.T.);
#11788 = LINE('',#11789,#11790);
#11789 = CARTESIAN_POINT('',(30.4625,-9.35,2.1));
#11790 = VECTOR('',#11791,1.);
#11791 = DIRECTION('',(0.,1.,0.));
#11792 = PLANE('',#11793);
#11793 = AXIS2_PLACEMENT_3D('',#11794,#11795,#11796);
#11794 = CARTESIAN_POINT('',(30.4625,-9.35,1.6));
#11795 = DIRECTION('',(1.,0.,0.));
#11796 = DIRECTION('',(0.,0.,1.));
#11797 = ADVANCED_FACE('',(#11798),#11814,.F.);
#11798 = FACE_BOUND('',#11799,.F.);
#11799 = EDGE_LOOP('',(#11800,#11806,#11807,#11813));
#11800 = ORIENTED_EDGE('',*,*,#11801,.F.);
#11801 = EDGE_CURVE('',#11722,#11762,#11802,.T.);
#11802 = LINE('',#11803,#11804);
#11803 = CARTESIAN_POINT('',(29.5375,-9.35,1.6));
#11804 = VECTOR('',#11805,1.);
#11805 = DIRECTION('',(1.,0.,0.));
#11806 = ORIENTED_EDGE('',*,*,#11721,.T.);
#11807 = ORIENTED_EDGE('',*,*,#11808,.T.);
#11808 = EDGE_CURVE('',#11724,#11764,#11809,.T.);
#11809 = LINE('',#11810,#11811);
#11810 = CARTESIAN_POINT('',(29.5375,-9.35,2.1));
#11811 = VECTOR('',#11812,1.);
#11812 = DIRECTION('',(1.,0.,0.));
#11813 = ORIENTED_EDGE('',*,*,#11761,.F.);
#11814 = PLANE('',#11815);
#11815 = AXIS2_PLACEMENT_3D('',#11816,#11817,#11818);
#11816 = CARTESIAN_POINT('',(29.5375,-9.35,1.6));
#11817 = DIRECTION('',(0.,1.,0.));
#11818 = DIRECTION('',(0.,0.,1.));
#11819 = ADVANCED_FACE('',(#11820),#11836,.T.);
#11820 = FACE_BOUND('',#11821,.T.);
#11821 = EDGE_LOOP('',(#11822,#11828,#11829,#11835));
#11822 = ORIENTED_EDGE('',*,*,#11823,.F.);
#11823 = EDGE_CURVE('',#11732,#11772,#11824,.T.);
#11824 = LINE('',#11825,#11826);
#11825 = CARTESIAN_POINT('',(29.5375,-7.65,1.6));
#11826 = VECTOR('',#11827,1.);
#11827 = DIRECTION('',(1.,0.,0.));
#11828 = ORIENTED_EDGE('',*,*,#11739,.T.);
#11829 = ORIENTED_EDGE('',*,*,#11830,.T.);
#11830 = EDGE_CURVE('',#11740,#11780,#11831,.T.);
#11831 = LINE('',#11832,#11833);
#11832 = CARTESIAN_POINT('',(29.5375,-7.65,2.1));
#11833 = VECTOR('',#11834,1.);
#11834 = DIRECTION('',(1.,0.,0.));
#11835 = ORIENTED_EDGE('',*,*,#11779,.F.);
#11836 = PLANE('',#11837);
#11837 = AXIS2_PLACEMENT_3D('',#11838,#11839,#11840);
#11838 = CARTESIAN_POINT('',(29.5375,-7.65,1.6));
#11839 = DIRECTION('',(0.,1.,0.));
#11840 = DIRECTION('',(0.,0.,1.));
#11841 = ADVANCED_FACE('',(#11842),#11848,.F.);
#11842 = FACE_BOUND('',#11843,.F.);
#11843 = EDGE_LOOP('',(#11844,#11845,#11846,#11847));
#11844 = ORIENTED_EDGE('',*,*,#11731,.F.);
#11845 = ORIENTED_EDGE('',*,*,#11801,.T.);
#11846 = ORIENTED_EDGE('',*,*,#11771,.T.);
#11847 = ORIENTED_EDGE('',*,*,#11823,.F.);
#11848 = PLANE('',#11849);
#11849 = AXIS2_PLACEMENT_3D('',#11850,#11851,#11852);
#11850 = CARTESIAN_POINT('',(29.5375,-9.35,1.6));
#11851 = DIRECTION('',(0.,0.,1.));
#11852 = DIRECTION('',(1.,0.,0.));
#11853 = ADVANCED_FACE('',(#11854),#11860,.T.);
#11854 = FACE_BOUND('',#11855,.T.);
#11855 = EDGE_LOOP('',(#11856,#11857,#11858,#11859));
#11856 = ORIENTED_EDGE('',*,*,#11747,.F.);
#11857 = ORIENTED_EDGE('',*,*,#11808,.T.);
#11858 = ORIENTED_EDGE('',*,*,#11787,.T.);
#11859 = ORIENTED_EDGE('',*,*,#11830,.F.);
#11860 = PLANE('',#11861);
#11861 = AXIS2_PLACEMENT_3D('',#11862,#11863,#11864);
#11862 = CARTESIAN_POINT('',(29.5375,-9.35,2.1));
#11863 = DIRECTION('',(0.,0.,1.));
#11864 = DIRECTION('',(1.,0.,0.));
#11865 = MANIFOLD_SOLID_BREP('',#11866);
#11866 = CLOSED_SHELL('',(#11867,#11907,#11947,#11969,#11991,#12003));
#11867 = ADVANCED_FACE('',(#11868),#11902,.F.);
#11868 = FACE_BOUND('',#11869,.F.);
#11869 = EDGE_LOOP('',(#11870,#11880,#11888,#11896));
#11870 = ORIENTED_EDGE('',*,*,#11871,.F.);
#11871 = EDGE_CURVE('',#11872,#11874,#11876,.T.);
#11872 = VERTEX_POINT('',#11873);
#11873 = CARTESIAN_POINT('',(10.15,17.0375,1.6));
#11874 = VERTEX_POINT('',#11875);
#11875 = CARTESIAN_POINT('',(10.15,17.0375,2.1));
#11876 = LINE('',#11877,#11878);
#11877 = CARTESIAN_POINT('',(10.15,17.0375,1.6));
#11878 = VECTOR('',#11879,1.);
#11879 = DIRECTION('',(0.,0.,1.));
#11880 = ORIENTED_EDGE('',*,*,#11881,.T.);
#11881 = EDGE_CURVE('',#11872,#11882,#11884,.T.);
#11882 = VERTEX_POINT('',#11883);
#11883 = CARTESIAN_POINT('',(10.15,17.9625,1.6));
#11884 = LINE('',#11885,#11886);
#11885 = CARTESIAN_POINT('',(10.15,17.0375,1.6));
#11886 = VECTOR('',#11887,1.);
#11887 = DIRECTION('',(0.,1.,0.));
#11888 = ORIENTED_EDGE('',*,*,#11889,.T.);
#11889 = EDGE_CURVE('',#11882,#11890,#11892,.T.);
#11890 = VERTEX_POINT('',#11891);
#11891 = CARTESIAN_POINT('',(10.15,17.9625,2.1));
#11892 = LINE('',#11893,#11894);
#11893 = CARTESIAN_POINT('',(10.15,17.9625,1.6));
#11894 = VECTOR('',#11895,1.);
#11895 = DIRECTION('',(0.,0.,1.));
#11896 = ORIENTED_EDGE('',*,*,#11897,.F.);
#11897 = EDGE_CURVE('',#11874,#11890,#11898,.T.);
#11898 = LINE('',#11899,#11900);
#11899 = CARTESIAN_POINT('',(10.15,17.0375,2.1));
#11900 = VECTOR('',#11901,1.);
#11901 = DIRECTION('',(0.,1.,0.));
#11902 = PLANE('',#11903);
#11903 = AXIS2_PLACEMENT_3D('',#11904,#11905,#11906);
#11904 = CARTESIAN_POINT('',(10.15,17.0375,1.6));
#11905 = DIRECTION('',(1.,0.,0.));
#11906 = DIRECTION('',(0.,0.,1.));
#11907 = ADVANCED_FACE('',(#11908),#11942,.T.);
#11908 = FACE_BOUND('',#11909,.T.);
#11909 = EDGE_LOOP('',(#11910,#11920,#11928,#11936));
#11910 = ORIENTED_EDGE('',*,*,#11911,.F.);
#11911 = EDGE_CURVE('',#11912,#11914,#11916,.T.);
#11912 = VERTEX_POINT('',#11913);
#11913 = CARTESIAN_POINT('',(11.85,17.0375,1.6));
#11914 = VERTEX_POINT('',#11915);
#11915 = CARTESIAN_POINT('',(11.85,17.0375,2.1));
#11916 = LINE('',#11917,#11918);
#11917 = CARTESIAN_POINT('',(11.85,17.0375,1.6));
#11918 = VECTOR('',#11919,1.);
#11919 = DIRECTION('',(0.,0.,1.));
#11920 = ORIENTED_EDGE('',*,*,#11921,.T.);
#11921 = EDGE_CURVE('',#11912,#11922,#11924,.T.);
#11922 = VERTEX_POINT('',#11923);
#11923 = CARTESIAN_POINT('',(11.85,17.9625,1.6));
#11924 = LINE('',#11925,#11926);
#11925 = CARTESIAN_POINT('',(11.85,17.0375,1.6));
#11926 = VECTOR('',#11927,1.);
#11927 = DIRECTION('',(0.,1.,0.));
#11928 = ORIENTED_EDGE('',*,*,#11929,.T.);
#11929 = EDGE_CURVE('',#11922,#11930,#11932,.T.);
#11930 = VERTEX_POINT('',#11931);
#11931 = CARTESIAN_POINT('',(11.85,17.9625,2.1));
#11932 = LINE('',#11933,#11934);
#11933 = CARTESIAN_POINT('',(11.85,17.9625,1.6));
#11934 = VECTOR('',#11935,1.);
#11935 = DIRECTION('',(0.,0.,1.));
#11936 = ORIENTED_EDGE('',*,*,#11937,.F.);
#11937 = EDGE_CURVE('',#11914,#11930,#11938,.T.);
#11938 = LINE('',#11939,#11940);
#11939 = CARTESIAN_POINT('',(11.85,17.0375,2.1));
#11940 = VECTOR('',#11941,1.);
#11941 = DIRECTION('',(0.,1.,0.));
#11942 = PLANE('',#11943);
#11943 = AXIS2_PLACEMENT_3D('',#11944,#11945,#11946);
#11944 = CARTESIAN_POINT('',(11.85,17.0375,1.6));
#11945 = DIRECTION('',(1.,0.,0.));
#11946 = DIRECTION('',(0.,0.,1.));
#11947 = ADVANCED_FACE('',(#11948),#11964,.F.);
#11948 = FACE_BOUND('',#11949,.F.);
#11949 = EDGE_LOOP('',(#11950,#11956,#11957,#11963));
#11950 = ORIENTED_EDGE('',*,*,#11951,.F.);
#11951 = EDGE_CURVE('',#11872,#11912,#11952,.T.);
#11952 = LINE('',#11953,#11954);
#11953 = CARTESIAN_POINT('',(10.15,17.0375,1.6));
#11954 = VECTOR('',#11955,1.);
#11955 = DIRECTION('',(1.,0.,0.));
#11956 = ORIENTED_EDGE('',*,*,#11871,.T.);
#11957 = ORIENTED_EDGE('',*,*,#11958,.T.);
#11958 = EDGE_CURVE('',#11874,#11914,#11959,.T.);
#11959 = LINE('',#11960,#11961);
#11960 = CARTESIAN_POINT('',(10.15,17.0375,2.1));
#11961 = VECTOR('',#11962,1.);
#11962 = DIRECTION('',(1.,0.,0.));
#11963 = ORIENTED_EDGE('',*,*,#11911,.F.);
#11964 = PLANE('',#11965);
#11965 = AXIS2_PLACEMENT_3D('',#11966,#11967,#11968);
#11966 = CARTESIAN_POINT('',(10.15,17.0375,1.6));
#11967 = DIRECTION('',(0.,1.,0.));
#11968 = DIRECTION('',(0.,0.,1.));
#11969 = ADVANCED_FACE('',(#11970),#11986,.T.);
#11970 = FACE_BOUND('',#11971,.T.);
#11971 = EDGE_LOOP('',(#11972,#11978,#11979,#11985));
#11972 = ORIENTED_EDGE('',*,*,#11973,.F.);
#11973 = EDGE_CURVE('',#11882,#11922,#11974,.T.);
#11974 = LINE('',#11975,#11976);
#11975 = CARTESIAN_POINT('',(10.15,17.9625,1.6));
#11976 = VECTOR('',#11977,1.);
#11977 = DIRECTION('',(1.,0.,0.));
#11978 = ORIENTED_EDGE('',*,*,#11889,.T.);
#11979 = ORIENTED_EDGE('',*,*,#11980,.T.);
#11980 = EDGE_CURVE('',#11890,#11930,#11981,.T.);
#11981 = LINE('',#11982,#11983);
#11982 = CARTESIAN_POINT('',(10.15,17.9625,2.1));
#11983 = VECTOR('',#11984,1.);
#11984 = DIRECTION('',(1.,0.,0.));
#11985 = ORIENTED_EDGE('',*,*,#11929,.F.);
#11986 = PLANE('',#11987);
#11987 = AXIS2_PLACEMENT_3D('',#11988,#11989,#11990);
#11988 = CARTESIAN_POINT('',(10.15,17.9625,1.6));
#11989 = DIRECTION('',(0.,1.,0.));
#11990 = DIRECTION('',(0.,0.,1.));
#11991 = ADVANCED_FACE('',(#11992),#11998,.F.);
#11992 = FACE_BOUND('',#11993,.F.);
#11993 = EDGE_LOOP('',(#11994,#11995,#11996,#11997));
#11994 = ORIENTED_EDGE('',*,*,#11881,.F.);
#11995 = ORIENTED_EDGE('',*,*,#11951,.T.);
#11996 = ORIENTED_EDGE('',*,*,#11921,.T.);
#11997 = ORIENTED_EDGE('',*,*,#11973,.F.);
#11998 = PLANE('',#11999);
#11999 = AXIS2_PLACEMENT_3D('',#12000,#12001,#12002);
#12000 = CARTESIAN_POINT('',(10.15,17.0375,1.6));
#12001 = DIRECTION('',(0.,0.,1.));
#12002 = DIRECTION('',(1.,0.,0.));
#12003 = ADVANCED_FACE('',(#12004),#12010,.T.);
#12004 = FACE_BOUND('',#12005,.T.);
#12005 = EDGE_LOOP('',(#12006,#12007,#12008,#12009));
#12006 = ORIENTED_EDGE('',*,*,#11897,.F.);
#12007 = ORIENTED_EDGE('',*,*,#11958,.T.);
#12008 = ORIENTED_EDGE('',*,*,#11937,.T.);
#12009 = ORIENTED_EDGE('',*,*,#11980,.F.);
#12010 = PLANE('',#12011);
#12011 = AXIS2_PLACEMENT_3D('',#12012,#12013,#12014);
#12012 = CARTESIAN_POINT('',(10.15,17.0375,2.1));
#12013 = DIRECTION('',(0.,0.,1.));
#12014 = DIRECTION('',(1.,0.,0.));
#12015 = MANIFOLD_SOLID_BREP('',#12016);
#12016 = CLOSED_SHELL('',(#12017,#12057,#12097,#12119,#12141,#12153));
#12017 = ADVANCED_FACE('',(#12018),#12052,.F.);
#12018 = FACE_BOUND('',#12019,.F.);
#12019 = EDGE_LOOP('',(#12020,#12030,#12038,#12046));
#12020 = ORIENTED_EDGE('',*,*,#12021,.F.);
#12021 = EDGE_CURVE('',#12022,#12024,#12026,.T.);
#12022 = VERTEX_POINT('',#12023);
#12023 = CARTESIAN_POINT('',(34.15,-17.9625,1.6));
#12024 = VERTEX_POINT('',#12025);
#12025 = CARTESIAN_POINT('',(34.15,-17.9625,2.15));
#12026 = LINE('',#12027,#12028);
#12027 = CARTESIAN_POINT('',(34.15,-17.9625,1.6));
#12028 = VECTOR('',#12029,1.);
#12029 = DIRECTION('',(0.,0.,1.));
#12030 = ORIENTED_EDGE('',*,*,#12031,.T.);
#12031 = EDGE_CURVE('',#12022,#12032,#12034,.T.);
#12032 = VERTEX_POINT('',#12033);
#12033 = CARTESIAN_POINT('',(34.15,-17.0375,1.6));
#12034 = LINE('',#12035,#12036);
#12035 = CARTESIAN_POINT('',(34.15,-17.9625,1.6));
#12036 = VECTOR('',#12037,1.);
#12037 = DIRECTION('',(0.,1.,0.));
#12038 = ORIENTED_EDGE('',*,*,#12039,.T.);
#12039 = EDGE_CURVE('',#12032,#12040,#12042,.T.);
#12040 = VERTEX_POINT('',#12041);
#12041 = CARTESIAN_POINT('',(34.15,-17.0375,2.15));
#12042 = LINE('',#12043,#12044);
#12043 = CARTESIAN_POINT('',(34.15,-17.0375,1.6));
#12044 = VECTOR('',#12045,1.);
#12045 = DIRECTION('',(0.,0.,1.));
#12046 = ORIENTED_EDGE('',*,*,#12047,.F.);
#12047 = EDGE_CURVE('',#12024,#12040,#12048,.T.);
#12048 = LINE('',#12049,#12050);
#12049 = CARTESIAN_POINT('',(34.15,-17.9625,2.15));
#12050 = VECTOR('',#12051,1.);
#12051 = DIRECTION('',(0.,1.,0.));
#12052 = PLANE('',#12053);
#12053 = AXIS2_PLACEMENT_3D('',#12054,#12055,#12056);
#12054 = CARTESIAN_POINT('',(34.15,-17.9625,1.6));
#12055 = DIRECTION('',(1.,0.,0.));
#12056 = DIRECTION('',(0.,0.,1.));
#12057 = ADVANCED_FACE('',(#12058),#12092,.T.);
#12058 = FACE_BOUND('',#12059,.T.);
#12059 = EDGE_LOOP('',(#12060,#12070,#12078,#12086));
#12060 = ORIENTED_EDGE('',*,*,#12061,.F.);
#12061 = EDGE_CURVE('',#12062,#12064,#12066,.T.);
#12062 = VERTEX_POINT('',#12063);
#12063 = CARTESIAN_POINT('',(35.85,-17.9625,1.6));
#12064 = VERTEX_POINT('',#12065);
#12065 = CARTESIAN_POINT('',(35.85,-17.9625,2.15));
#12066 = LINE('',#12067,#12068);
#12067 = CARTESIAN_POINT('',(35.85,-17.9625,1.6));
#12068 = VECTOR('',#12069,1.);
#12069 = DIRECTION('',(0.,0.,1.));
#12070 = ORIENTED_EDGE('',*,*,#12071,.T.);
#12071 = EDGE_CURVE('',#12062,#12072,#12074,.T.);
#12072 = VERTEX_POINT('',#12073);
#12073 = CARTESIAN_POINT('',(35.85,-17.0375,1.6));
#12074 = LINE('',#12075,#12076);
#12075 = CARTESIAN_POINT('',(35.85,-17.9625,1.6));
#12076 = VECTOR('',#12077,1.);
#12077 = DIRECTION('',(0.,1.,0.));
#12078 = ORIENTED_EDGE('',*,*,#12079,.T.);
#12079 = EDGE_CURVE('',#12072,#12080,#12082,.T.);
#12080 = VERTEX_POINT('',#12081);
#12081 = CARTESIAN_POINT('',(35.85,-17.0375,2.15));
#12082 = LINE('',#12083,#12084);
#12083 = CARTESIAN_POINT('',(35.85,-17.0375,1.6));
#12084 = VECTOR('',#12085,1.);
#12085 = DIRECTION('',(0.,0.,1.));
#12086 = ORIENTED_EDGE('',*,*,#12087,.F.);
#12087 = EDGE_CURVE('',#12064,#12080,#12088,.T.);
#12088 = LINE('',#12089,#12090);
#12089 = CARTESIAN_POINT('',(35.85,-17.9625,2.15));
#12090 = VECTOR('',#12091,1.);
#12091 = DIRECTION('',(0.,1.,0.));
#12092 = PLANE('',#12093);
#12093 = AXIS2_PLACEMENT_3D('',#12094,#12095,#12096);
#12094 = CARTESIAN_POINT('',(35.85,-17.9625,1.6));
#12095 = DIRECTION('',(1.,0.,0.));
#12096 = DIRECTION('',(0.,0.,1.));
#12097 = ADVANCED_FACE('',(#12098),#12114,.F.);
#12098 = FACE_BOUND('',#12099,.F.);
#12099 = EDGE_LOOP('',(#12100,#12106,#12107,#12113));
#12100 = ORIENTED_EDGE('',*,*,#12101,.F.);
#12101 = EDGE_CURVE('',#12022,#12062,#12102,.T.);
#12102 = LINE('',#12103,#12104);
#12103 = CARTESIAN_POINT('',(34.15,-17.9625,1.6));
#12104 = VECTOR('',#12105,1.);
#12105 = DIRECTION('',(1.,0.,0.));
#12106 = ORIENTED_EDGE('',*,*,#12021,.T.);
#12107 = ORIENTED_EDGE('',*,*,#12108,.T.);
#12108 = EDGE_CURVE('',#12024,#12064,#12109,.T.);
#12109 = LINE('',#12110,#12111);
#12110 = CARTESIAN_POINT('',(34.15,-17.9625,2.15));
#12111 = VECTOR('',#12112,1.);
#12112 = DIRECTION('',(1.,0.,0.));
#12113 = ORIENTED_EDGE('',*,*,#12061,.F.);
#12114 = PLANE('',#12115);
#12115 = AXIS2_PLACEMENT_3D('',#12116,#12117,#12118);
#12116 = CARTESIAN_POINT('',(34.15,-17.9625,1.6));
#12117 = DIRECTION('',(0.,1.,0.));
#12118 = DIRECTION('',(0.,0.,1.));
#12119 = ADVANCED_FACE('',(#12120),#12136,.T.);
#12120 = FACE_BOUND('',#12121,.T.);
#12121 = EDGE_LOOP('',(#12122,#12128,#12129,#12135));
#12122 = ORIENTED_EDGE('',*,*,#12123,.F.);
#12123 = EDGE_CURVE('',#12032,#12072,#12124,.T.);
#12124 = LINE('',#12125,#12126);
#12125 = CARTESIAN_POINT('',(34.15,-17.0375,1.6));
#12126 = VECTOR('',#12127,1.);
#12127 = DIRECTION('',(1.,0.,0.));
#12128 = ORIENTED_EDGE('',*,*,#12039,.T.);
#12129 = ORIENTED_EDGE('',*,*,#12130,.T.);
#12130 = EDGE_CURVE('',#12040,#12080,#12131,.T.);
#12131 = LINE('',#12132,#12133);
#12132 = CARTESIAN_POINT('',(34.15,-17.0375,2.15));
#12133 = VECTOR('',#12134,1.);
#12134 = DIRECTION('',(1.,0.,0.));
#12135 = ORIENTED_EDGE('',*,*,#12079,.F.);
#12136 = PLANE('',#12137);
#12137 = AXIS2_PLACEMENT_3D('',#12138,#12139,#12140);
#12138 = CARTESIAN_POINT('',(34.15,-17.0375,1.6));
#12139 = DIRECTION('',(0.,1.,0.));
#12140 = DIRECTION('',(0.,0.,1.));
#12141 = ADVANCED_FACE('',(#12142),#12148,.F.);
#12142 = FACE_BOUND('',#12143,.F.);
#12143 = EDGE_LOOP('',(#12144,#12145,#12146,#12147));
#12144 = ORIENTED_EDGE('',*,*,#12031,.F.);
#12145 = ORIENTED_EDGE('',*,*,#12101,.T.);
#12146 = ORIENTED_EDGE('',*,*,#12071,.T.);
#12147 = ORIENTED_EDGE('',*,*,#12123,.F.);
#12148 = PLANE('',#12149);
#12149 = AXIS2_PLACEMENT_3D('',#12150,#12151,#12152);
#12150 = CARTESIAN_POINT('',(34.15,-17.9625,1.6));
#12151 = DIRECTION('',(0.,0.,1.));
#12152 = DIRECTION('',(1.,0.,0.));
#12153 = ADVANCED_FACE('',(#12154),#12160,.T.);
#12154 = FACE_BOUND('',#12155,.T.);
#12155 = EDGE_LOOP('',(#12156,#12157,#12158,#12159));
#12156 = ORIENTED_EDGE('',*,*,#12047,.F.);
#12157 = ORIENTED_EDGE('',*,*,#12108,.T.);
#12158 = ORIENTED_EDGE('',*,*,#12087,.T.);
#12159 = ORIENTED_EDGE('',*,*,#12130,.F.);
#12160 = PLANE('',#12161);
#12161 = AXIS2_PLACEMENT_3D('',#12162,#12163,#12164);
#12162 = CARTESIAN_POINT('',(34.15,-17.9625,2.15));
#12163 = DIRECTION('',(0.,0.,1.));
#12164 = DIRECTION('',(1.,0.,0.));
#12165 = MANIFOLD_SOLID_BREP('',#12166);
#12166 = CLOSED_SHELL('',(#12167,#12207,#12247,#12269,#12291,#12303));
#12167 = ADVANCED_FACE('',(#12168),#12202,.F.);
#12168 = FACE_BOUND('',#12169,.F.);
#12169 = EDGE_LOOP('',(#12170,#12180,#12188,#12196));
#12170 = ORIENTED_EDGE('',*,*,#12171,.F.);
#12171 = EDGE_CURVE('',#12172,#12174,#12176,.T.);
#12172 = VERTEX_POINT('',#12173);
#12173 = CARTESIAN_POINT('',(28.15,-39.95,1.6));
#12174 = VERTEX_POINT('',#12175);
#12175 = CARTESIAN_POINT('',(28.15,-39.95,2.5));
#12176 = LINE('',#12177,#12178);
#12177 = CARTESIAN_POINT('',(28.15,-39.95,1.6));
#12178 = VECTOR('',#12179,1.);
#12179 = DIRECTION('',(0.,0.,1.));
#12180 = ORIENTED_EDGE('',*,*,#12181,.T.);
#12181 = EDGE_CURVE('',#12172,#12182,#12184,.T.);
#12182 = VERTEX_POINT('',#12183);
#12183 = CARTESIAN_POINT('',(28.15,-39.05,1.6));
#12184 = LINE('',#12185,#12186);
#12185 = CARTESIAN_POINT('',(28.15,-39.95,1.6));
#12186 = VECTOR('',#12187,1.);
#12187 = DIRECTION('',(0.,1.,0.));
#12188 = ORIENTED_EDGE('',*,*,#12189,.T.);
#12189 = EDGE_CURVE('',#12182,#12190,#12192,.T.);
#12190 = VERTEX_POINT('',#12191);
#12191 = CARTESIAN_POINT('',(28.15,-39.05,2.5));
#12192 = LINE('',#12193,#12194);
#12193 = CARTESIAN_POINT('',(28.15,-39.05,1.6));
#12194 = VECTOR('',#12195,1.);
#12195 = DIRECTION('',(0.,0.,1.));
#12196 = ORIENTED_EDGE('',*,*,#12197,.F.);
#12197 = EDGE_CURVE('',#12174,#12190,#12198,.T.);
#12198 = LINE('',#12199,#12200);
#12199 = CARTESIAN_POINT('',(28.15,-39.95,2.5));
#12200 = VECTOR('',#12201,1.);
#12201 = DIRECTION('',(0.,1.,0.));
#12202 = PLANE('',#12203);
#12203 = AXIS2_PLACEMENT_3D('',#12204,#12205,#12206);
#12204 = CARTESIAN_POINT('',(28.15,-39.95,1.6));
#12205 = DIRECTION('',(1.,0.,0.));
#12206 = DIRECTION('',(0.,0.,1.));
#12207 = ADVANCED_FACE('',(#12208),#12242,.T.);
#12208 = FACE_BOUND('',#12209,.T.);
#12209 = EDGE_LOOP('',(#12210,#12220,#12228,#12236));
#12210 = ORIENTED_EDGE('',*,*,#12211,.F.);
#12211 = EDGE_CURVE('',#12212,#12214,#12216,.T.);
#12212 = VERTEX_POINT('',#12213);
#12213 = CARTESIAN_POINT('',(29.85,-39.95,1.6));
#12214 = VERTEX_POINT('',#12215);
#12215 = CARTESIAN_POINT('',(29.85,-39.95,2.5));
#12216 = LINE('',#12217,#12218);
#12217 = CARTESIAN_POINT('',(29.85,-39.95,1.6));
#12218 = VECTOR('',#12219,1.);
#12219 = DIRECTION('',(0.,0.,1.));
#12220 = ORIENTED_EDGE('',*,*,#12221,.T.);
#12221 = EDGE_CURVE('',#12212,#12222,#12224,.T.);
#12222 = VERTEX_POINT('',#12223);
#12223 = CARTESIAN_POINT('',(29.85,-39.05,1.6));
#12224 = LINE('',#12225,#12226);
#12225 = CARTESIAN_POINT('',(29.85,-39.95,1.6));
#12226 = VECTOR('',#12227,1.);
#12227 = DIRECTION('',(0.,1.,0.));
#12228 = ORIENTED_EDGE('',*,*,#12229,.T.);
#12229 = EDGE_CURVE('',#12222,#12230,#12232,.T.);
#12230 = VERTEX_POINT('',#12231);
#12231 = CARTESIAN_POINT('',(29.85,-39.05,2.5));
#12232 = LINE('',#12233,#12234);
#12233 = CARTESIAN_POINT('',(29.85,-39.05,1.6));
#12234 = VECTOR('',#12235,1.);
#12235 = DIRECTION('',(0.,0.,1.));
#12236 = ORIENTED_EDGE('',*,*,#12237,.F.);
#12237 = EDGE_CURVE('',#12214,#12230,#12238,.T.);
#12238 = LINE('',#12239,#12240);
#12239 = CARTESIAN_POINT('',(29.85,-39.95,2.5));
#12240 = VECTOR('',#12241,1.);
#12241 = DIRECTION('',(0.,1.,0.));
#12242 = PLANE('',#12243);
#12243 = AXIS2_PLACEMENT_3D('',#12244,#12245,#12246);
#12244 = CARTESIAN_POINT('',(29.85,-39.95,1.6));
#12245 = DIRECTION('',(1.,0.,0.));
#12246 = DIRECTION('',(0.,0.,1.));
#12247 = ADVANCED_FACE('',(#12248),#12264,.F.);
#12248 = FACE_BOUND('',#12249,.F.);
#12249 = EDGE_LOOP('',(#12250,#12256,#12257,#12263));
#12250 = ORIENTED_EDGE('',*,*,#12251,.F.);
#12251 = EDGE_CURVE('',#12172,#12212,#12252,.T.);
#12252 = LINE('',#12253,#12254);
#12253 = CARTESIAN_POINT('',(28.15,-39.95,1.6));
#12254 = VECTOR('',#12255,1.);
#12255 = DIRECTION('',(1.,0.,0.));
#12256 = ORIENTED_EDGE('',*,*,#12171,.T.);
#12257 = ORIENTED_EDGE('',*,*,#12258,.T.);
#12258 = EDGE_CURVE('',#12174,#12214,#12259,.T.);
#12259 = LINE('',#12260,#12261);
#12260 = CARTESIAN_POINT('',(28.15,-39.95,2.5));
#12261 = VECTOR('',#12262,1.);
#12262 = DIRECTION('',(1.,0.,0.));
#12263 = ORIENTED_EDGE('',*,*,#12211,.F.);
#12264 = PLANE('',#12265);
#12265 = AXIS2_PLACEMENT_3D('',#12266,#12267,#12268);
#12266 = CARTESIAN_POINT('',(28.15,-39.95,1.6));
#12267 = DIRECTION('',(0.,1.,0.));
#12268 = DIRECTION('',(0.,0.,1.));
#12269 = ADVANCED_FACE('',(#12270),#12286,.T.);
#12270 = FACE_BOUND('',#12271,.T.);
#12271 = EDGE_LOOP('',(#12272,#12278,#12279,#12285));
#12272 = ORIENTED_EDGE('',*,*,#12273,.F.);
#12273 = EDGE_CURVE('',#12182,#12222,#12274,.T.);
#12274 = LINE('',#12275,#12276);
#12275 = CARTESIAN_POINT('',(28.15,-39.05,1.6));
#12276 = VECTOR('',#12277,1.);
#12277 = DIRECTION('',(1.,0.,0.));
#12278 = ORIENTED_EDGE('',*,*,#12189,.T.);
#12279 = ORIENTED_EDGE('',*,*,#12280,.T.);
#12280 = EDGE_CURVE('',#12190,#12230,#12281,.T.);
#12281 = LINE('',#12282,#12283);
#12282 = CARTESIAN_POINT('',(28.15,-39.05,2.5));
#12283 = VECTOR('',#12284,1.);
#12284 = DIRECTION('',(1.,0.,0.));
#12285 = ORIENTED_EDGE('',*,*,#12229,.F.);
#12286 = PLANE('',#12287);
#12287 = AXIS2_PLACEMENT_3D('',#12288,#12289,#12290);
#12288 = CARTESIAN_POINT('',(28.15,-39.05,1.6));
#12289 = DIRECTION('',(0.,1.,0.));
#12290 = DIRECTION('',(0.,0.,1.));
#12291 = ADVANCED_FACE('',(#12292),#12298,.F.);
#12292 = FACE_BOUND('',#12293,.F.);
#12293 = EDGE_LOOP('',(#12294,#12295,#12296,#12297));
#12294 = ORIENTED_EDGE('',*,*,#12181,.F.);
#12295 = ORIENTED_EDGE('',*,*,#12251,.T.);
#12296 = ORIENTED_EDGE('',*,*,#12221,.T.);
#12297 = ORIENTED_EDGE('',*,*,#12273,.F.);
#12298 = PLANE('',#12299);
#12299 = AXIS2_PLACEMENT_3D('',#12300,#12301,#12302);
#12300 = CARTESIAN_POINT('',(28.15,-39.95,1.6));
#12301 = DIRECTION('',(0.,0.,1.));
#12302 = DIRECTION('',(1.,0.,0.));
#12303 = ADVANCED_FACE('',(#12304),#12310,.T.);
#12304 = FACE_BOUND('',#12305,.T.);
#12305 = EDGE_LOOP('',(#12306,#12307,#12308,#12309));
#12306 = ORIENTED_EDGE('',*,*,#12197,.F.);
#12307 = ORIENTED_EDGE('',*,*,#12258,.T.);
#12308 = ORIENTED_EDGE('',*,*,#12237,.T.);
#12309 = ORIENTED_EDGE('',*,*,#12280,.F.);
#12310 = PLANE('',#12311);
#12311 = AXIS2_PLACEMENT_3D('',#12312,#12313,#12314);
#12312 = CARTESIAN_POINT('',(28.15,-39.95,2.5));
#12313 = DIRECTION('',(0.,0.,1.));
#12314 = DIRECTION('',(1.,0.,0.));
#12315 = MANIFOLD_SOLID_BREP('',#12316);
#12316 = CLOSED_SHELL('',(#12317,#12357,#12397,#12419,#12441,#12453));
#12317 = ADVANCED_FACE('',(#12318),#12352,.F.);
#12318 = FACE_BOUND('',#12319,.F.);
#12319 = EDGE_LOOP('',(#12320,#12330,#12338,#12346));
#12320 = ORIENTED_EDGE('',*,*,#12321,.F.);
#12321 = EDGE_CURVE('',#12322,#12324,#12326,.T.);
#12322 = VERTEX_POINT('',#12323);
#12323 = CARTESIAN_POINT('',(-1.55,-17.975,1.6));
#12324 = VERTEX_POINT('',#12325);
#12325 = CARTESIAN_POINT('',(-1.55,-17.975,2.25));
#12326 = LINE('',#12327,#12328);
#12327 = CARTESIAN_POINT('',(-1.55,-17.975,1.6));
#12328 = VECTOR('',#12329,1.);
#12329 = DIRECTION('',(0.,0.,1.));
#12330 = ORIENTED_EDGE('',*,*,#12331,.T.);
#12331 = EDGE_CURVE('',#12322,#12332,#12334,.T.);
#12332 = VERTEX_POINT('',#12333);
#12333 = CARTESIAN_POINT('',(-1.55,-16.625,1.6));
#12334 = LINE('',#12335,#12336);
#12335 = CARTESIAN_POINT('',(-1.55,-17.975,1.6));
#12336 = VECTOR('',#12337,1.);
#12337 = DIRECTION('',(0.,1.,0.));
#12338 = ORIENTED_EDGE('',*,*,#12339,.T.);
#12339 = EDGE_CURVE('',#12332,#12340,#12342,.T.);
#12340 = VERTEX_POINT('',#12341);
#12341 = CARTESIAN_POINT('',(-1.55,-16.625,2.25));
#12342 = LINE('',#12343,#12344);
#12343 = CARTESIAN_POINT('',(-1.55,-16.625,1.6));
#12344 = VECTOR('',#12345,1.);
#12345 = DIRECTION('',(0.,0.,1.));
#12346 = ORIENTED_EDGE('',*,*,#12347,.F.);
#12347 = EDGE_CURVE('',#12324,#12340,#12348,.T.);
#12348 = LINE('',#12349,#12350);
#12349 = CARTESIAN_POINT('',(-1.55,-17.975,2.25));
#12350 = VECTOR('',#12351,1.);
#12351 = DIRECTION('',(0.,1.,0.));
#12352 = PLANE('',#12353);
#12353 = AXIS2_PLACEMENT_3D('',#12354,#12355,#12356);
#12354 = CARTESIAN_POINT('',(-1.55,-17.975,1.6));
#12355 = DIRECTION('',(1.,0.,0.));
#12356 = DIRECTION('',(0.,0.,1.));
#12357 = ADVANCED_FACE('',(#12358),#12392,.T.);
#12358 = FACE_BOUND('',#12359,.T.);
#12359 = EDGE_LOOP('',(#12360,#12370,#12378,#12386));
#12360 = ORIENTED_EDGE('',*,*,#12361,.F.);
#12361 = EDGE_CURVE('',#12362,#12364,#12366,.T.);
#12362 = VERTEX_POINT('',#12363);
#12363 = CARTESIAN_POINT('',(0.55,-17.975,1.6));
#12364 = VERTEX_POINT('',#12365);
#12365 = CARTESIAN_POINT('',(0.55,-17.975,2.25));
#12366 = LINE('',#12367,#12368);
#12367 = CARTESIAN_POINT('',(0.55,-17.975,1.6));
#12368 = VECTOR('',#12369,1.);
#12369 = DIRECTION('',(0.,0.,1.));
#12370 = ORIENTED_EDGE('',*,*,#12371,.T.);
#12371 = EDGE_CURVE('',#12362,#12372,#12374,.T.);
#12372 = VERTEX_POINT('',#12373);
#12373 = CARTESIAN_POINT('',(0.55,-16.625,1.6));
#12374 = LINE('',#12375,#12376);
#12375 = CARTESIAN_POINT('',(0.55,-17.975,1.6));
#12376 = VECTOR('',#12377,1.);
#12377 = DIRECTION('',(0.,1.,0.));
#12378 = ORIENTED_EDGE('',*,*,#12379,.T.);
#12379 = EDGE_CURVE('',#12372,#12380,#12382,.T.);
#12380 = VERTEX_POINT('',#12381);
#12381 = CARTESIAN_POINT('',(0.55,-16.625,2.25));
#12382 = LINE('',#12383,#12384);
#12383 = CARTESIAN_POINT('',(0.55,-16.625,1.6));
#12384 = VECTOR('',#12385,1.);
#12385 = DIRECTION('',(0.,0.,1.));
#12386 = ORIENTED_EDGE('',*,*,#12387,.F.);
#12387 = EDGE_CURVE('',#12364,#12380,#12388,.T.);
#12388 = LINE('',#12389,#12390);
#12389 = CARTESIAN_POINT('',(0.55,-17.975,2.25));
#12390 = VECTOR('',#12391,1.);
#12391 = DIRECTION('',(0.,1.,0.));
#12392 = PLANE('',#12393);
#12393 = AXIS2_PLACEMENT_3D('',#12394,#12395,#12396);
#12394 = CARTESIAN_POINT('',(0.55,-17.975,1.6));
#12395 = DIRECTION('',(1.,0.,0.));
#12396 = DIRECTION('',(0.,0.,1.));
#12397 = ADVANCED_FACE('',(#12398),#12414,.F.);
#12398 = FACE_BOUND('',#12399,.F.);
#12399 = EDGE_LOOP('',(#12400,#12406,#12407,#12413));
#12400 = ORIENTED_EDGE('',*,*,#12401,.F.);
#12401 = EDGE_CURVE('',#12322,#12362,#12402,.T.);
#12402 = LINE('',#12403,#12404);
#12403 = CARTESIAN_POINT('',(-1.55,-17.975,1.6));
#12404 = VECTOR('',#12405,1.);
#12405 = DIRECTION('',(1.,0.,0.));
#12406 = ORIENTED_EDGE('',*,*,#12321,.T.);
#12407 = ORIENTED_EDGE('',*,*,#12408,.T.);
#12408 = EDGE_CURVE('',#12324,#12364,#12409,.T.);
#12409 = LINE('',#12410,#12411);
#12410 = CARTESIAN_POINT('',(-1.55,-17.975,2.25));
#12411 = VECTOR('',#12412,1.);
#12412 = DIRECTION('',(1.,0.,0.));
#12413 = ORIENTED_EDGE('',*,*,#12361,.F.);
#12414 = PLANE('',#12415);
#12415 = AXIS2_PLACEMENT_3D('',#12416,#12417,#12418);
#12416 = CARTESIAN_POINT('',(-1.55,-17.975,1.6));
#12417 = DIRECTION('',(0.,1.,0.));
#12418 = DIRECTION('',(0.,0.,1.));
#12419 = ADVANCED_FACE('',(#12420),#12436,.T.);
#12420 = FACE_BOUND('',#12421,.T.);
#12421 = EDGE_LOOP('',(#12422,#12428,#12429,#12435));
#12422 = ORIENTED_EDGE('',*,*,#12423,.F.);
#12423 = EDGE_CURVE('',#12332,#12372,#12424,.T.);
#12424 = LINE('',#12425,#12426);
#12425 = CARTESIAN_POINT('',(-1.55,-16.625,1.6));
#12426 = VECTOR('',#12427,1.);
#12427 = DIRECTION('',(1.,0.,0.));
#12428 = ORIENTED_EDGE('',*,*,#12339,.T.);
#12429 = ORIENTED_EDGE('',*,*,#12430,.T.);
#12430 = EDGE_CURVE('',#12340,#12380,#12431,.T.);
#12431 = LINE('',#12432,#12433);
#12432 = CARTESIAN_POINT('',(-1.55,-16.625,2.25));
#12433 = VECTOR('',#12434,1.);
#12434 = DIRECTION('',(1.,0.,0.));
#12435 = ORIENTED_EDGE('',*,*,#12379,.F.);
#12436 = PLANE('',#12437);
#12437 = AXIS2_PLACEMENT_3D('',#12438,#12439,#12440);
#12438 = CARTESIAN_POINT('',(-1.55,-16.625,1.6));
#12439 = DIRECTION('',(0.,1.,0.));
#12440 = DIRECTION('',(0.,0.,1.));
#12441 = ADVANCED_FACE('',(#12442),#12448,.F.);
#12442 = FACE_BOUND('',#12443,.F.);
#12443 = EDGE_LOOP('',(#12444,#12445,#12446,#12447));
#12444 = ORIENTED_EDGE('',*,*,#12331,.F.);
#12445 = ORIENTED_EDGE('',*,*,#12401,.T.);
#12446 = ORIENTED_EDGE('',*,*,#12371,.T.);
#12447 = ORIENTED_EDGE('',*,*,#12423,.F.);
#12448 = PLANE('',#12449);
#12449 = AXIS2_PLACEMENT_3D('',#12450,#12451,#12452);
#12450 = CARTESIAN_POINT('',(-1.55,-17.975,1.6));
#12451 = DIRECTION('',(0.,0.,1.));
#12452 = DIRECTION('',(1.,0.,0.));
#12453 = ADVANCED_FACE('',(#12454),#12460,.T.);
#12454 = FACE_BOUND('',#12455,.T.);
#12455 = EDGE_LOOP('',(#12456,#12457,#12458,#12459));
#12456 = ORIENTED_EDGE('',*,*,#12347,.F.);
#12457 = ORIENTED_EDGE('',*,*,#12408,.T.);
#12458 = ORIENTED_EDGE('',*,*,#12387,.T.);
#12459 = ORIENTED_EDGE('',*,*,#12430,.F.);
#12460 = PLANE('',#12461);
#12461 = AXIS2_PLACEMENT_3D('',#12462,#12463,#12464);
#12462 = CARTESIAN_POINT('',(-1.55,-17.975,2.25));
#12463 = DIRECTION('',(0.,0.,1.));
#12464 = DIRECTION('',(1.,0.,0.));
#12465 = MANIFOLD_SOLID_BREP('',#12466);
#12466 = CLOSED_SHELL('',(#12467,#12507,#12547,#12569,#12591,#12603));
#12467 = ADVANCED_FACE('',(#12468),#12502,.F.);
#12468 = FACE_BOUND('',#12469,.F.);
#12469 = EDGE_LOOP('',(#12470,#12480,#12488,#12496));
#12470 = ORIENTED_EDGE('',*,*,#12471,.F.);
#12471 = EDGE_CURVE('',#12472,#12474,#12476,.T.);
#12472 = VERTEX_POINT('',#12473);
#12473 = CARTESIAN_POINT('',(17.825,17.45,1.6));
#12474 = VERTEX_POINT('',#12475);
#12475 = CARTESIAN_POINT('',(17.825,17.45,2.85));
#12476 = LINE('',#12477,#12478);
#12477 = CARTESIAN_POINT('',(17.825,17.45,1.6));
#12478 = VECTOR('',#12479,1.);
#12479 = DIRECTION('',(0.,0.,1.));
#12480 = ORIENTED_EDGE('',*,*,#12481,.T.);
#12481 = EDGE_CURVE('',#12472,#12482,#12484,.T.);
#12482 = VERTEX_POINT('',#12483);
#12483 = CARTESIAN_POINT('',(17.825,19.55,1.6));
#12484 = LINE('',#12485,#12486);
#12485 = CARTESIAN_POINT('',(17.825,17.45,1.6));
#12486 = VECTOR('',#12487,1.);
#12487 = DIRECTION('',(0.,1.,0.));
#12488 = ORIENTED_EDGE('',*,*,#12489,.T.);
#12489 = EDGE_CURVE('',#12482,#12490,#12492,.T.);
#12490 = VERTEX_POINT('',#12491);
#12491 = CARTESIAN_POINT('',(17.825,19.55,2.85));
#12492 = LINE('',#12493,#12494);
#12493 = CARTESIAN_POINT('',(17.825,19.55,1.6));
#12494 = VECTOR('',#12495,1.);
#12495 = DIRECTION('',(0.,0.,1.));
#12496 = ORIENTED_EDGE('',*,*,#12497,.F.);
#12497 = EDGE_CURVE('',#12474,#12490,#12498,.T.);
#12498 = LINE('',#12499,#12500);
#12499 = CARTESIAN_POINT('',(17.825,17.45,2.85));
#12500 = VECTOR('',#12501,1.);
#12501 = DIRECTION('',(0.,1.,0.));
#12502 = PLANE('',#12503);
#12503 = AXIS2_PLACEMENT_3D('',#12504,#12505,#12506);
#12504 = CARTESIAN_POINT('',(17.825,17.45,1.6));
#12505 = DIRECTION('',(1.,0.,0.));
#12506 = DIRECTION('',(0.,0.,1.));
#12507 = ADVANCED_FACE('',(#12508),#12542,.T.);
#12508 = FACE_BOUND('',#12509,.T.);
#12509 = EDGE_LOOP('',(#12510,#12520,#12528,#12536));
#12510 = ORIENTED_EDGE('',*,*,#12511,.F.);
#12511 = EDGE_CURVE('',#12512,#12514,#12516,.T.);
#12512 = VERTEX_POINT('',#12513);
#12513 = CARTESIAN_POINT('',(19.175,17.45,1.6));
#12514 = VERTEX_POINT('',#12515);
#12515 = CARTESIAN_POINT('',(19.175,17.45,2.85));
#12516 = LINE('',#12517,#12518);
#12517 = CARTESIAN_POINT('',(19.175,17.45,1.6));
#12518 = VECTOR('',#12519,1.);
#12519 = DIRECTION('',(0.,0.,1.));
#12520 = ORIENTED_EDGE('',*,*,#12521,.T.);
#12521 = EDGE_CURVE('',#12512,#12522,#12524,.T.);
#12522 = VERTEX_POINT('',#12523);
#12523 = CARTESIAN_POINT('',(19.175,19.55,1.6));
#12524 = LINE('',#12525,#12526);
#12525 = CARTESIAN_POINT('',(19.175,17.45,1.6));
#12526 = VECTOR('',#12527,1.);
#12527 = DIRECTION('',(0.,1.,0.));
#12528 = ORIENTED_EDGE('',*,*,#12529,.T.);
#12529 = EDGE_CURVE('',#12522,#12530,#12532,.T.);
#12530 = VERTEX_POINT('',#12531);
#12531 = CARTESIAN_POINT('',(19.175,19.55,2.85));
#12532 = LINE('',#12533,#12534);
#12533 = CARTESIAN_POINT('',(19.175,19.55,1.6));
#12534 = VECTOR('',#12535,1.);
#12535 = DIRECTION('',(0.,0.,1.));
#12536 = ORIENTED_EDGE('',*,*,#12537,.F.);
#12537 = EDGE_CURVE('',#12514,#12530,#12538,.T.);
#12538 = LINE('',#12539,#12540);
#12539 = CARTESIAN_POINT('',(19.175,17.45,2.85));
#12540 = VECTOR('',#12541,1.);
#12541 = DIRECTION('',(0.,1.,0.));
#12542 = PLANE('',#12543);
#12543 = AXIS2_PLACEMENT_3D('',#12544,#12545,#12546);
#12544 = CARTESIAN_POINT('',(19.175,17.45,1.6));
#12545 = DIRECTION('',(1.,0.,0.));
#12546 = DIRECTION('',(0.,0.,1.));
#12547 = ADVANCED_FACE('',(#12548),#12564,.F.);
#12548 = FACE_BOUND('',#12549,.F.);
#12549 = EDGE_LOOP('',(#12550,#12556,#12557,#12563));
#12550 = ORIENTED_EDGE('',*,*,#12551,.F.);
#12551 = EDGE_CURVE('',#12472,#12512,#12552,.T.);
#12552 = LINE('',#12553,#12554);
#12553 = CARTESIAN_POINT('',(17.825,17.45,1.6));
#12554 = VECTOR('',#12555,1.);
#12555 = DIRECTION('',(1.,0.,0.));
#12556 = ORIENTED_EDGE('',*,*,#12471,.T.);
#12557 = ORIENTED_EDGE('',*,*,#12558,.T.);
#12558 = EDGE_CURVE('',#12474,#12514,#12559,.T.);
#12559 = LINE('',#12560,#12561);
#12560 = CARTESIAN_POINT('',(17.825,17.45,2.85));
#12561 = VECTOR('',#12562,1.);
#12562 = DIRECTION('',(1.,0.,0.));
#12563 = ORIENTED_EDGE('',*,*,#12511,.F.);
#12564 = PLANE('',#12565);
#12565 = AXIS2_PLACEMENT_3D('',#12566,#12567,#12568);
#12566 = CARTESIAN_POINT('',(17.825,17.45,1.6));
#12567 = DIRECTION('',(0.,1.,0.));
#12568 = DIRECTION('',(0.,0.,1.));
#12569 = ADVANCED_FACE('',(#12570),#12586,.T.);
#12570 = FACE_BOUND('',#12571,.T.);
#12571 = EDGE_LOOP('',(#12572,#12578,#12579,#12585));
#12572 = ORIENTED_EDGE('',*,*,#12573,.F.);
#12573 = EDGE_CURVE('',#12482,#12522,#12574,.T.);
#12574 = LINE('',#12575,#12576);
#12575 = CARTESIAN_POINT('',(17.825,19.55,1.6));
#12576 = VECTOR('',#12577,1.);
#12577 = DIRECTION('',(1.,0.,0.));
#12578 = ORIENTED_EDGE('',*,*,#12489,.T.);
#12579 = ORIENTED_EDGE('',*,*,#12580,.T.);
#12580 = EDGE_CURVE('',#12490,#12530,#12581,.T.);
#12581 = LINE('',#12582,#12583);
#12582 = CARTESIAN_POINT('',(17.825,19.55,2.85));
#12583 = VECTOR('',#12584,1.);
#12584 = DIRECTION('',(1.,0.,0.));
#12585 = ORIENTED_EDGE('',*,*,#12529,.F.);
#12586 = PLANE('',#12587);
#12587 = AXIS2_PLACEMENT_3D('',#12588,#12589,#12590);
#12588 = CARTESIAN_POINT('',(17.825,19.55,1.6));
#12589 = DIRECTION('',(0.,1.,0.));
#12590 = DIRECTION('',(0.,0.,1.));
#12591 = ADVANCED_FACE('',(#12592),#12598,.F.);
#12592 = FACE_BOUND('',#12593,.F.);
#12593 = EDGE_LOOP('',(#12594,#12595,#12596,#12597));
#12594 = ORIENTED_EDGE('',*,*,#12481,.F.);
#12595 = ORIENTED_EDGE('',*,*,#12551,.T.);
#12596 = ORIENTED_EDGE('',*,*,#12521,.T.);
#12597 = ORIENTED_EDGE('',*,*,#12573,.F.);
#12598 = PLANE('',#12599);
#12599 = AXIS2_PLACEMENT_3D('',#12600,#12601,#12602);
#12600 = CARTESIAN_POINT('',(17.825,17.45,1.6));
#12601 = DIRECTION('',(0.,0.,1.));
#12602 = DIRECTION('',(1.,0.,0.));
#12603 = ADVANCED_FACE('',(#12604),#12610,.T.);
#12604 = FACE_BOUND('',#12605,.T.);
#12605 = EDGE_LOOP('',(#12606,#12607,#12608,#12609));
#12606 = ORIENTED_EDGE('',*,*,#12497,.F.);
#12607 = ORIENTED_EDGE('',*,*,#12558,.T.);
#12608 = ORIENTED_EDGE('',*,*,#12537,.T.);
#12609 = ORIENTED_EDGE('',*,*,#12580,.F.);
#12610 = PLANE('',#12611);
#12611 = AXIS2_PLACEMENT_3D('',#12612,#12613,#12614);
#12612 = CARTESIAN_POINT('',(17.825,17.45,2.85));
#12613 = DIRECTION('',(0.,0.,1.));
#12614 = DIRECTION('',(1.,0.,0.));
#12615 = MANIFOLD_SOLID_BREP('',#12616);
#12616 = CLOSED_SHELL('',(#12617,#12657,#12697,#12719,#12741,#12753));
#12617 = ADVANCED_FACE('',(#12618),#12652,.F.);
#12618 = FACE_BOUND('',#12619,.F.);
#12619 = EDGE_LOOP('',(#12620,#12630,#12638,#12646));
#12620 = ORIENTED_EDGE('',*,*,#12621,.F.);
#12621 = EDGE_CURVE('',#12622,#12624,#12626,.T.);
#12622 = VERTEX_POINT('',#12623);
#12623 = CARTESIAN_POINT('',(-23.175,-36.55,1.6));
#12624 = VERTEX_POINT('',#12625);
#12625 = CARTESIAN_POINT('',(-23.175,-36.55,2.85));
#12626 = LINE('',#12627,#12628);
#12627 = CARTESIAN_POINT('',(-23.175,-36.55,1.6));
#12628 = VECTOR('',#12629,1.);
#12629 = DIRECTION('',(0.,0.,1.));
#12630 = ORIENTED_EDGE('',*,*,#12631,.T.);
#12631 = EDGE_CURVE('',#12622,#12632,#12634,.T.);
#12632 = VERTEX_POINT('',#12633);
#12633 = CARTESIAN_POINT('',(-23.175,-34.45,1.6));
#12634 = LINE('',#12635,#12636);
#12635 = CARTESIAN_POINT('',(-23.175,-36.55,1.6));
#12636 = VECTOR('',#12637,1.);
#12637 = DIRECTION('',(0.,1.,0.));
#12638 = ORIENTED_EDGE('',*,*,#12639,.T.);
#12639 = EDGE_CURVE('',#12632,#12640,#12642,.T.);
#12640 = VERTEX_POINT('',#12641);
#12641 = CARTESIAN_POINT('',(-23.175,-34.45,2.85));
#12642 = LINE('',#12643,#12644);
#12643 = CARTESIAN_POINT('',(-23.175,-34.45,1.6));
#12644 = VECTOR('',#12645,1.);
#12645 = DIRECTION('',(0.,0.,1.));
#12646 = ORIENTED_EDGE('',*,*,#12647,.F.);
#12647 = EDGE_CURVE('',#12624,#12640,#12648,.T.);
#12648 = LINE('',#12649,#12650);
#12649 = CARTESIAN_POINT('',(-23.175,-36.55,2.85));
#12650 = VECTOR('',#12651,1.);
#12651 = DIRECTION('',(0.,1.,0.));
#12652 = PLANE('',#12653);
#12653 = AXIS2_PLACEMENT_3D('',#12654,#12655,#12656);
#12654 = CARTESIAN_POINT('',(-23.175,-36.55,1.6));
#12655 = DIRECTION('',(1.,0.,0.));
#12656 = DIRECTION('',(0.,0.,1.));
#12657 = ADVANCED_FACE('',(#12658),#12692,.T.);
#12658 = FACE_BOUND('',#12659,.T.);
#12659 = EDGE_LOOP('',(#12660,#12670,#12678,#12686));
#12660 = ORIENTED_EDGE('',*,*,#12661,.F.);
#12661 = EDGE_CURVE('',#12662,#12664,#12666,.T.);
#12662 = VERTEX_POINT('',#12663);
#12663 = CARTESIAN_POINT('',(-21.825,-36.55,1.6));
#12664 = VERTEX_POINT('',#12665);
#12665 = CARTESIAN_POINT('',(-21.825,-36.55,2.85));
#12666 = LINE('',#12667,#12668);
#12667 = CARTESIAN_POINT('',(-21.825,-36.55,1.6));
#12668 = VECTOR('',#12669,1.);
#12669 = DIRECTION('',(0.,0.,1.));
#12670 = ORIENTED_EDGE('',*,*,#12671,.T.);
#12671 = EDGE_CURVE('',#12662,#12672,#12674,.T.);
#12672 = VERTEX_POINT('',#12673);
#12673 = CARTESIAN_POINT('',(-21.825,-34.45,1.6));
#12674 = LINE('',#12675,#12676);
#12675 = CARTESIAN_POINT('',(-21.825,-36.55,1.6));
#12676 = VECTOR('',#12677,1.);
#12677 = DIRECTION('',(0.,1.,0.));
#12678 = ORIENTED_EDGE('',*,*,#12679,.T.);
#12679 = EDGE_CURVE('',#12672,#12680,#12682,.T.);
#12680 = VERTEX_POINT('',#12681);
#12681 = CARTESIAN_POINT('',(-21.825,-34.45,2.85));
#12682 = LINE('',#12683,#12684);
#12683 = CARTESIAN_POINT('',(-21.825,-34.45,1.6));
#12684 = VECTOR('',#12685,1.);
#12685 = DIRECTION('',(0.,0.,1.));
#12686 = ORIENTED_EDGE('',*,*,#12687,.F.);
#12687 = EDGE_CURVE('',#12664,#12680,#12688,.T.);
#12688 = LINE('',#12689,#12690);
#12689 = CARTESIAN_POINT('',(-21.825,-36.55,2.85));
#12690 = VECTOR('',#12691,1.);
#12691 = DIRECTION('',(0.,1.,0.));
#12692 = PLANE('',#12693);
#12693 = AXIS2_PLACEMENT_3D('',#12694,#12695,#12696);
#12694 = CARTESIAN_POINT('',(-21.825,-36.55,1.6));
#12695 = DIRECTION('',(1.,0.,0.));
#12696 = DIRECTION('',(0.,0.,1.));
#12697 = ADVANCED_FACE('',(#12698),#12714,.F.);
#12698 = FACE_BOUND('',#12699,.F.);
#12699 = EDGE_LOOP('',(#12700,#12706,#12707,#12713));
#12700 = ORIENTED_EDGE('',*,*,#12701,.F.);
#12701 = EDGE_CURVE('',#12622,#12662,#12702,.T.);
#12702 = LINE('',#12703,#12704);
#12703 = CARTESIAN_POINT('',(-23.175,-36.55,1.6));
#12704 = VECTOR('',#12705,1.);
#12705 = DIRECTION('',(1.,0.,0.));
#12706 = ORIENTED_EDGE('',*,*,#12621,.T.);
#12707 = ORIENTED_EDGE('',*,*,#12708,.T.);
#12708 = EDGE_CURVE('',#12624,#12664,#12709,.T.);
#12709 = LINE('',#12710,#12711);
#12710 = CARTESIAN_POINT('',(-23.175,-36.55,2.85));
#12711 = VECTOR('',#12712,1.);
#12712 = DIRECTION('',(1.,0.,0.));
#12713 = ORIENTED_EDGE('',*,*,#12661,.F.);
#12714 = PLANE('',#12715);
#12715 = AXIS2_PLACEMENT_3D('',#12716,#12717,#12718);
#12716 = CARTESIAN_POINT('',(-23.175,-36.55,1.6));
#12717 = DIRECTION('',(0.,1.,0.));
#12718 = DIRECTION('',(0.,0.,1.));
#12719 = ADVANCED_FACE('',(#12720),#12736,.T.);
#12720 = FACE_BOUND('',#12721,.T.);
#12721 = EDGE_LOOP('',(#12722,#12728,#12729,#12735));
#12722 = ORIENTED_EDGE('',*,*,#12723,.F.);
#12723 = EDGE_CURVE('',#12632,#12672,#12724,.T.);
#12724 = LINE('',#12725,#12726);
#12725 = CARTESIAN_POINT('',(-23.175,-34.45,1.6));
#12726 = VECTOR('',#12727,1.);
#12727 = DIRECTION('',(1.,0.,0.));
#12728 = ORIENTED_EDGE('',*,*,#12639,.T.);
#12729 = ORIENTED_EDGE('',*,*,#12730,.T.);
#12730 = EDGE_CURVE('',#12640,#12680,#12731,.T.);
#12731 = LINE('',#12732,#12733);
#12732 = CARTESIAN_POINT('',(-23.175,-34.45,2.85));
#12733 = VECTOR('',#12734,1.);
#12734 = DIRECTION('',(1.,0.,0.));
#12735 = ORIENTED_EDGE('',*,*,#12679,.F.);
#12736 = PLANE('',#12737);
#12737 = AXIS2_PLACEMENT_3D('',#12738,#12739,#12740);
#12738 = CARTESIAN_POINT('',(-23.175,-34.45,1.6));
#12739 = DIRECTION('',(0.,1.,0.));
#12740 = DIRECTION('',(0.,0.,1.));
#12741 = ADVANCED_FACE('',(#12742),#12748,.F.);
#12742 = FACE_BOUND('',#12743,.F.);
#12743 = EDGE_LOOP('',(#12744,#12745,#12746,#12747));
#12744 = ORIENTED_EDGE('',*,*,#12631,.F.);
#12745 = ORIENTED_EDGE('',*,*,#12701,.T.);
#12746 = ORIENTED_EDGE('',*,*,#12671,.T.);
#12747 = ORIENTED_EDGE('',*,*,#12723,.F.);
#12748 = PLANE('',#12749);
#12749 = AXIS2_PLACEMENT_3D('',#12750,#12751,#12752);
#12750 = CARTESIAN_POINT('',(-23.175,-36.55,1.6));
#12751 = DIRECTION('',(0.,0.,1.));
#12752 = DIRECTION('',(1.,0.,0.));
#12753 = ADVANCED_FACE('',(#12754),#12760,.T.);
#12754 = FACE_BOUND('',#12755,.T.);
#12755 = EDGE_LOOP('',(#12756,#12757,#12758,#12759));
#12756 = ORIENTED_EDGE('',*,*,#12647,.F.);
#12757 = ORIENTED_EDGE('',*,*,#12708,.T.);
#12758 = ORIENTED_EDGE('',*,*,#12687,.T.);
#12759 = ORIENTED_EDGE('',*,*,#12730,.F.);
#12760 = PLANE('',#12761);
#12761 = AXIS2_PLACEMENT_3D('',#12762,#12763,#12764);
#12762 = CARTESIAN_POINT('',(-23.175,-36.55,2.85));
#12763 = DIRECTION('',(0.,0.,1.));
#12764 = DIRECTION('',(1.,0.,0.));
#12765 = MANIFOLD_SOLID_BREP('',#12766);
#12766 = CLOSED_SHELL('',(#12767,#12807,#12847,#12869,#12891,#12903));
#12767 = ADVANCED_FACE('',(#12768),#12802,.F.);
#12768 = FACE_BOUND('',#12769,.F.);
#12769 = EDGE_LOOP('',(#12770,#12780,#12788,#12796));
#12770 = ORIENTED_EDGE('',*,*,#12771,.F.);
#12771 = EDGE_CURVE('',#12772,#12774,#12776,.T.);
#12772 = VERTEX_POINT('',#12773);
#12773 = CARTESIAN_POINT('',(30.55,-34.15,1.6));
#12774 = VERTEX_POINT('',#12775);
#12775 = CARTESIAN_POINT('',(30.55,-34.15,2.5));
#12776 = LINE('',#12777,#12778);
#12777 = CARTESIAN_POINT('',(30.55,-34.15,1.6));
#12778 = VECTOR('',#12779,1.);
#12779 = DIRECTION('',(0.,0.,1.));
#12780 = ORIENTED_EDGE('',*,*,#12781,.T.);
#12781 = EDGE_CURVE('',#12772,#12782,#12784,.T.);
#12782 = VERTEX_POINT('',#12783);
#12783 = CARTESIAN_POINT('',(30.55,-32.45,1.6));
#12784 = LINE('',#12785,#12786);
#12785 = CARTESIAN_POINT('',(30.55,-34.15,1.6));
#12786 = VECTOR('',#12787,1.);
#12787 = DIRECTION('',(0.,1.,0.));
#12788 = ORIENTED_EDGE('',*,*,#12789,.T.);
#12789 = EDGE_CURVE('',#12782,#12790,#12792,.T.);
#12790 = VERTEX_POINT('',#12791);
#12791 = CARTESIAN_POINT('',(30.55,-32.45,2.5));
#12792 = LINE('',#12793,#12794);
#12793 = CARTESIAN_POINT('',(30.55,-32.45,1.6));
#12794 = VECTOR('',#12795,1.);
#12795 = DIRECTION('',(0.,0.,1.));
#12796 = ORIENTED_EDGE('',*,*,#12797,.F.);
#12797 = EDGE_CURVE('',#12774,#12790,#12798,.T.);
#12798 = LINE('',#12799,#12800);
#12799 = CARTESIAN_POINT('',(30.55,-34.15,2.5));
#12800 = VECTOR('',#12801,1.);
#12801 = DIRECTION('',(0.,1.,0.));
#12802 = PLANE('',#12803);
#12803 = AXIS2_PLACEMENT_3D('',#12804,#12805,#12806);
#12804 = CARTESIAN_POINT('',(30.55,-34.15,1.6));
#12805 = DIRECTION('',(1.,0.,0.));
#12806 = DIRECTION('',(0.,0.,1.));
#12807 = ADVANCED_FACE('',(#12808),#12842,.T.);
#12808 = FACE_BOUND('',#12809,.T.);
#12809 = EDGE_LOOP('',(#12810,#12820,#12828,#12836));
#12810 = ORIENTED_EDGE('',*,*,#12811,.F.);
#12811 = EDGE_CURVE('',#12812,#12814,#12816,.T.);
#12812 = VERTEX_POINT('',#12813);
#12813 = CARTESIAN_POINT('',(31.45,-34.15,1.6));
#12814 = VERTEX_POINT('',#12815);
#12815 = CARTESIAN_POINT('',(31.45,-34.15,2.5));
#12816 = LINE('',#12817,#12818);
#12817 = CARTESIAN_POINT('',(31.45,-34.15,1.6));
#12818 = VECTOR('',#12819,1.);
#12819 = DIRECTION('',(0.,0.,1.));
#12820 = ORIENTED_EDGE('',*,*,#12821,.T.);
#12821 = EDGE_CURVE('',#12812,#12822,#12824,.T.);
#12822 = VERTEX_POINT('',#12823);
#12823 = CARTESIAN_POINT('',(31.45,-32.45,1.6));
#12824 = LINE('',#12825,#12826);
#12825 = CARTESIAN_POINT('',(31.45,-34.15,1.6));
#12826 = VECTOR('',#12827,1.);
#12827 = DIRECTION('',(0.,1.,0.));
#12828 = ORIENTED_EDGE('',*,*,#12829,.T.);
#12829 = EDGE_CURVE('',#12822,#12830,#12832,.T.);
#12830 = VERTEX_POINT('',#12831);
#12831 = CARTESIAN_POINT('',(31.45,-32.45,2.5));
#12832 = LINE('',#12833,#12834);
#12833 = CARTESIAN_POINT('',(31.45,-32.45,1.6));
#12834 = VECTOR('',#12835,1.);
#12835 = DIRECTION('',(0.,0.,1.));
#12836 = ORIENTED_EDGE('',*,*,#12837,.F.);
#12837 = EDGE_CURVE('',#12814,#12830,#12838,.T.);
#12838 = LINE('',#12839,#12840);
#12839 = CARTESIAN_POINT('',(31.45,-34.15,2.5));
#12840 = VECTOR('',#12841,1.);
#12841 = DIRECTION('',(0.,1.,0.));
#12842 = PLANE('',#12843);
#12843 = AXIS2_PLACEMENT_3D('',#12844,#12845,#12846);
#12844 = CARTESIAN_POINT('',(31.45,-34.15,1.6));
#12845 = DIRECTION('',(1.,0.,0.));
#12846 = DIRECTION('',(0.,0.,1.));
#12847 = ADVANCED_FACE('',(#12848),#12864,.F.);
#12848 = FACE_BOUND('',#12849,.F.);
#12849 = EDGE_LOOP('',(#12850,#12856,#12857,#12863));
#12850 = ORIENTED_EDGE('',*,*,#12851,.F.);
#12851 = EDGE_CURVE('',#12772,#12812,#12852,.T.);
#12852 = LINE('',#12853,#12854);
#12853 = CARTESIAN_POINT('',(30.55,-34.15,1.6));
#12854 = VECTOR('',#12855,1.);
#12855 = DIRECTION('',(1.,0.,0.));
#12856 = ORIENTED_EDGE('',*,*,#12771,.T.);
#12857 = ORIENTED_EDGE('',*,*,#12858,.T.);
#12858 = EDGE_CURVE('',#12774,#12814,#12859,.T.);
#12859 = LINE('',#12860,#12861);
#12860 = CARTESIAN_POINT('',(30.55,-34.15,2.5));
#12861 = VECTOR('',#12862,1.);
#12862 = DIRECTION('',(1.,0.,0.));
#12863 = ORIENTED_EDGE('',*,*,#12811,.F.);
#12864 = PLANE('',#12865);
#12865 = AXIS2_PLACEMENT_3D('',#12866,#12867,#12868);
#12866 = CARTESIAN_POINT('',(30.55,-34.15,1.6));
#12867 = DIRECTION('',(0.,1.,0.));
#12868 = DIRECTION('',(0.,0.,1.));
#12869 = ADVANCED_FACE('',(#12870),#12886,.T.);
#12870 = FACE_BOUND('',#12871,.T.);
#12871 = EDGE_LOOP('',(#12872,#12878,#12879,#12885));
#12872 = ORIENTED_EDGE('',*,*,#12873,.F.);
#12873 = EDGE_CURVE('',#12782,#12822,#12874,.T.);
#12874 = LINE('',#12875,#12876);
#12875 = CARTESIAN_POINT('',(30.55,-32.45,1.6));
#12876 = VECTOR('',#12877,1.);
#12877 = DIRECTION('',(1.,0.,0.));
#12878 = ORIENTED_EDGE('',*,*,#12789,.T.);
#12879 = ORIENTED_EDGE('',*,*,#12880,.T.);
#12880 = EDGE_CURVE('',#12790,#12830,#12881,.T.);
#12881 = LINE('',#12882,#12883);
#12882 = CARTESIAN_POINT('',(30.55,-32.45,2.5));
#12883 = VECTOR('',#12884,1.);
#12884 = DIRECTION('',(1.,0.,0.));
#12885 = ORIENTED_EDGE('',*,*,#12829,.F.);
#12886 = PLANE('',#12887);
#12887 = AXIS2_PLACEMENT_3D('',#12888,#12889,#12890);
#12888 = CARTESIAN_POINT('',(30.55,-32.45,1.6));
#12889 = DIRECTION('',(0.,1.,0.));
#12890 = DIRECTION('',(0.,0.,1.));
#12891 = ADVANCED_FACE('',(#12892),#12898,.F.);
#12892 = FACE_BOUND('',#12893,.F.);
#12893 = EDGE_LOOP('',(#12894,#12895,#12896,#12897));
#12894 = ORIENTED_EDGE('',*,*,#12781,.F.);
#12895 = ORIENTED_EDGE('',*,*,#12851,.T.);
#12896 = ORIENTED_EDGE('',*,*,#12821,.T.);
#12897 = ORIENTED_EDGE('',*,*,#12873,.F.);
#12898 = PLANE('',#12899);
#12899 = AXIS2_PLACEMENT_3D('',#12900,#12901,#12902);
#12900 = CARTESIAN_POINT('',(30.55,-34.15,1.6));
#12901 = DIRECTION('',(0.,0.,1.));
#12902 = DIRECTION('',(1.,0.,0.));
#12903 = ADVANCED_FACE('',(#12904),#12910,.T.);
#12904 = FACE_BOUND('',#12905,.T.);
#12905 = EDGE_LOOP('',(#12906,#12907,#12908,#12909));
#12906 = ORIENTED_EDGE('',*,*,#12797,.F.);
#12907 = ORIENTED_EDGE('',*,*,#12858,.T.);
#12908 = ORIENTED_EDGE('',*,*,#12837,.T.);
#12909 = ORIENTED_EDGE('',*,*,#12880,.F.);
#12910 = PLANE('',#12911);
#12911 = AXIS2_PLACEMENT_3D('',#12912,#12913,#12914);
#12912 = CARTESIAN_POINT('',(30.55,-34.15,2.5));
#12913 = DIRECTION('',(0.,0.,1.));
#12914 = DIRECTION('',(1.,0.,0.));
#12915 = MANIFOLD_SOLID_BREP('',#12916);
#12916 = CLOSED_SHELL('',(#12917,#12957,#12997,#13019,#13041,#13053));
#12917 = ADVANCED_FACE('',(#12918),#12952,.F.);
#12918 = FACE_BOUND('',#12919,.F.);
#12919 = EDGE_LOOP('',(#12920,#12930,#12938,#12946));
#12920 = ORIENTED_EDGE('',*,*,#12921,.F.);
#12921 = EDGE_CURVE('',#12922,#12924,#12926,.T.);
#12922 = VERTEX_POINT('',#12923);
#12923 = CARTESIAN_POINT('',(13.5375,1.65,1.6));
#12924 = VERTEX_POINT('',#12925);
#12925 = CARTESIAN_POINT('',(13.5375,1.65,2.15));
#12926 = LINE('',#12927,#12928);
#12927 = CARTESIAN_POINT('',(13.5375,1.65,1.6));
#12928 = VECTOR('',#12929,1.);
#12929 = DIRECTION('',(0.,0.,1.));
#12930 = ORIENTED_EDGE('',*,*,#12931,.T.);
#12931 = EDGE_CURVE('',#12922,#12932,#12934,.T.);
#12932 = VERTEX_POINT('',#12933);
#12933 = CARTESIAN_POINT('',(13.5375,3.35,1.6));
#12934 = LINE('',#12935,#12936);
#12935 = CARTESIAN_POINT('',(13.5375,1.65,1.6));
#12936 = VECTOR('',#12937,1.);
#12937 = DIRECTION('',(0.,1.,0.));
#12938 = ORIENTED_EDGE('',*,*,#12939,.T.);
#12939 = EDGE_CURVE('',#12932,#12940,#12942,.T.);
#12940 = VERTEX_POINT('',#12941);
#12941 = CARTESIAN_POINT('',(13.5375,3.35,2.15));
#12942 = LINE('',#12943,#12944);
#12943 = CARTESIAN_POINT('',(13.5375,3.35,1.6));
#12944 = VECTOR('',#12945,1.);
#12945 = DIRECTION('',(0.,0.,1.));
#12946 = ORIENTED_EDGE('',*,*,#12947,.F.);
#12947 = EDGE_CURVE('',#12924,#12940,#12948,.T.);
#12948 = LINE('',#12949,#12950);
#12949 = CARTESIAN_POINT('',(13.5375,1.65,2.15));
#12950 = VECTOR('',#12951,1.);
#12951 = DIRECTION('',(0.,1.,0.));
#12952 = PLANE('',#12953);
#12953 = AXIS2_PLACEMENT_3D('',#12954,#12955,#12956);
#12954 = CARTESIAN_POINT('',(13.5375,1.65,1.6));
#12955 = DIRECTION('',(1.,0.,0.));
#12956 = DIRECTION('',(0.,0.,1.));
#12957 = ADVANCED_FACE('',(#12958),#12992,.T.);
#12958 = FACE_BOUND('',#12959,.T.);
#12959 = EDGE_LOOP('',(#12960,#12970,#12978,#12986));
#12960 = ORIENTED_EDGE('',*,*,#12961,.F.);
#12961 = EDGE_CURVE('',#12962,#12964,#12966,.T.);
#12962 = VERTEX_POINT('',#12963);
#12963 = CARTESIAN_POINT('',(14.4625,1.65,1.6));
#12964 = VERTEX_POINT('',#12965);
#12965 = CARTESIAN_POINT('',(14.4625,1.65,2.15));
#12966 = LINE('',#12967,#12968);
#12967 = CARTESIAN_POINT('',(14.4625,1.65,1.6));
#12968 = VECTOR('',#12969,1.);
#12969 = DIRECTION('',(0.,0.,1.));
#12970 = ORIENTED_EDGE('',*,*,#12971,.T.);
#12971 = EDGE_CURVE('',#12962,#12972,#12974,.T.);
#12972 = VERTEX_POINT('',#12973);
#12973 = CARTESIAN_POINT('',(14.4625,3.35,1.6));
#12974 = LINE('',#12975,#12976);
#12975 = CARTESIAN_POINT('',(14.4625,1.65,1.6));
#12976 = VECTOR('',#12977,1.);
#12977 = DIRECTION('',(0.,1.,0.));
#12978 = ORIENTED_EDGE('',*,*,#12979,.T.);
#12979 = EDGE_CURVE('',#12972,#12980,#12982,.T.);
#12980 = VERTEX_POINT('',#12981);
#12981 = CARTESIAN_POINT('',(14.4625,3.35,2.15));
#12982 = LINE('',#12983,#12984);
#12983 = CARTESIAN_POINT('',(14.4625,3.35,1.6));
#12984 = VECTOR('',#12985,1.);
#12985 = DIRECTION('',(0.,0.,1.));
#12986 = ORIENTED_EDGE('',*,*,#12987,.F.);
#12987 = EDGE_CURVE('',#12964,#12980,#12988,.T.);
#12988 = LINE('',#12989,#12990);
#12989 = CARTESIAN_POINT('',(14.4625,1.65,2.15));
#12990 = VECTOR('',#12991,1.);
#12991 = DIRECTION('',(0.,1.,0.));
#12992 = PLANE('',#12993);
#12993 = AXIS2_PLACEMENT_3D('',#12994,#12995,#12996);
#12994 = CARTESIAN_POINT('',(14.4625,1.65,1.6));
#12995 = DIRECTION('',(1.,0.,0.));
#12996 = DIRECTION('',(0.,0.,1.));
#12997 = ADVANCED_FACE('',(#12998),#13014,.F.);
#12998 = FACE_BOUND('',#12999,.F.);
#12999 = EDGE_LOOP('',(#13000,#13006,#13007,#13013));
#13000 = ORIENTED_EDGE('',*,*,#13001,.F.);
#13001 = EDGE_CURVE('',#12922,#12962,#13002,.T.);
#13002 = LINE('',#13003,#13004);
#13003 = CARTESIAN_POINT('',(13.5375,1.65,1.6));
#13004 = VECTOR('',#13005,1.);
#13005 = DIRECTION('',(1.,0.,0.));
#13006 = ORIENTED_EDGE('',*,*,#12921,.T.);
#13007 = ORIENTED_EDGE('',*,*,#13008,.T.);
#13008 = EDGE_CURVE('',#12924,#12964,#13009,.T.);
#13009 = LINE('',#13010,#13011);
#13010 = CARTESIAN_POINT('',(13.5375,1.65,2.15));
#13011 = VECTOR('',#13012,1.);
#13012 = DIRECTION('',(1.,0.,0.));
#13013 = ORIENTED_EDGE('',*,*,#12961,.F.);
#13014 = PLANE('',#13015);
#13015 = AXIS2_PLACEMENT_3D('',#13016,#13017,#13018);
#13016 = CARTESIAN_POINT('',(13.5375,1.65,1.6));
#13017 = DIRECTION('',(0.,1.,0.));
#13018 = DIRECTION('',(0.,0.,1.));
#13019 = ADVANCED_FACE('',(#13020),#13036,.T.);
#13020 = FACE_BOUND('',#13021,.T.);
#13021 = EDGE_LOOP('',(#13022,#13028,#13029,#13035));
#13022 = ORIENTED_EDGE('',*,*,#13023,.F.);
#13023 = EDGE_CURVE('',#12932,#12972,#13024,.T.);
#13024 = LINE('',#13025,#13026);
#13025 = CARTESIAN_POINT('',(13.5375,3.35,1.6));
#13026 = VECTOR('',#13027,1.);
#13027 = DIRECTION('',(1.,0.,0.));
#13028 = ORIENTED_EDGE('',*,*,#12939,.T.);
#13029 = ORIENTED_EDGE('',*,*,#13030,.T.);
#13030 = EDGE_CURVE('',#12940,#12980,#13031,.T.);
#13031 = LINE('',#13032,#13033);
#13032 = CARTESIAN_POINT('',(13.5375,3.35,2.15));
#13033 = VECTOR('',#13034,1.);
#13034 = DIRECTION('',(1.,0.,0.));
#13035 = ORIENTED_EDGE('',*,*,#12979,.F.);
#13036 = PLANE('',#13037);
#13037 = AXIS2_PLACEMENT_3D('',#13038,#13039,#13040);
#13038 = CARTESIAN_POINT('',(13.5375,3.35,1.6));
#13039 = DIRECTION('',(0.,1.,0.));
#13040 = DIRECTION('',(0.,0.,1.));
#13041 = ADVANCED_FACE('',(#13042),#13048,.F.);
#13042 = FACE_BOUND('',#13043,.F.);
#13043 = EDGE_LOOP('',(#13044,#13045,#13046,#13047));
#13044 = ORIENTED_EDGE('',*,*,#12931,.F.);
#13045 = ORIENTED_EDGE('',*,*,#13001,.T.);
#13046 = ORIENTED_EDGE('',*,*,#12971,.T.);
#13047 = ORIENTED_EDGE('',*,*,#13023,.F.);
#13048 = PLANE('',#13049);
#13049 = AXIS2_PLACEMENT_3D('',#13050,#13051,#13052);
#13050 = CARTESIAN_POINT('',(13.5375,1.65,1.6));
#13051 = DIRECTION('',(0.,0.,1.));
#13052 = DIRECTION('',(1.,0.,0.));
#13053 = ADVANCED_FACE('',(#13054),#13060,.T.);
#13054 = FACE_BOUND('',#13055,.T.);
#13055 = EDGE_LOOP('',(#13056,#13057,#13058,#13059));
#13056 = ORIENTED_EDGE('',*,*,#12947,.F.);
#13057 = ORIENTED_EDGE('',*,*,#13008,.T.);
#13058 = ORIENTED_EDGE('',*,*,#12987,.T.);
#13059 = ORIENTED_EDGE('',*,*,#13030,.F.);
#13060 = PLANE('',#13061);
#13061 = AXIS2_PLACEMENT_3D('',#13062,#13063,#13064);
#13062 = CARTESIAN_POINT('',(13.5375,1.65,2.15));
#13063 = DIRECTION('',(0.,0.,1.));
#13064 = DIRECTION('',(1.,0.,0.));
#13065 = MANIFOLD_SOLID_BREP('',#13066);
#13066 = CLOSED_SHELL('',(#13067,#13107,#13147,#13169,#13191,#13203));
#13067 = ADVANCED_FACE('',(#13068),#13102,.F.);
#13068 = FACE_BOUND('',#13069,.F.);
#13069 = EDGE_LOOP('',(#13070,#13080,#13088,#13096));
#13070 = ORIENTED_EDGE('',*,*,#13071,.F.);
#13071 = EDGE_CURVE('',#13072,#13074,#13076,.T.);
#13072 = VERTEX_POINT('',#13073);
#13073 = CARTESIAN_POINT('',(13.15,9.05,1.6));
#13074 = VERTEX_POINT('',#13075);
#13075 = CARTESIAN_POINT('',(13.15,9.05,2.5));
#13076 = LINE('',#13077,#13078);
#13077 = CARTESIAN_POINT('',(13.15,9.05,1.6));
#13078 = VECTOR('',#13079,1.);
#13079 = DIRECTION('',(0.,0.,1.));
#13080 = ORIENTED_EDGE('',*,*,#13081,.T.);
#13081 = EDGE_CURVE('',#13072,#13082,#13084,.T.);
#13082 = VERTEX_POINT('',#13083);
#13083 = CARTESIAN_POINT('',(13.15,9.95,1.6));
#13084 = LINE('',#13085,#13086);
#13085 = CARTESIAN_POINT('',(13.15,9.05,1.6));
#13086 = VECTOR('',#13087,1.);
#13087 = DIRECTION('',(0.,1.,0.));
#13088 = ORIENTED_EDGE('',*,*,#13089,.T.);
#13089 = EDGE_CURVE('',#13082,#13090,#13092,.T.);
#13090 = VERTEX_POINT('',#13091);
#13091 = CARTESIAN_POINT('',(13.15,9.95,2.5));
#13092 = LINE('',#13093,#13094);
#13093 = CARTESIAN_POINT('',(13.15,9.95,1.6));
#13094 = VECTOR('',#13095,1.);
#13095 = DIRECTION('',(0.,0.,1.));
#13096 = ORIENTED_EDGE('',*,*,#13097,.F.);
#13097 = EDGE_CURVE('',#13074,#13090,#13098,.T.);
#13098 = LINE('',#13099,#13100);
#13099 = CARTESIAN_POINT('',(13.15,9.05,2.5));
#13100 = VECTOR('',#13101,1.);
#13101 = DIRECTION('',(0.,1.,0.));
#13102 = PLANE('',#13103);
#13103 = AXIS2_PLACEMENT_3D('',#13104,#13105,#13106);
#13104 = CARTESIAN_POINT('',(13.15,9.05,1.6));
#13105 = DIRECTION('',(1.,0.,0.));
#13106 = DIRECTION('',(0.,0.,1.));
#13107 = ADVANCED_FACE('',(#13108),#13142,.T.);
#13108 = FACE_BOUND('',#13109,.T.);
#13109 = EDGE_LOOP('',(#13110,#13120,#13128,#13136));
#13110 = ORIENTED_EDGE('',*,*,#13111,.F.);
#13111 = EDGE_CURVE('',#13112,#13114,#13116,.T.);
#13112 = VERTEX_POINT('',#13113);
#13113 = CARTESIAN_POINT('',(14.85,9.05,1.6));
#13114 = VERTEX_POINT('',#13115);
#13115 = CARTESIAN_POINT('',(14.85,9.05,2.5));
#13116 = LINE('',#13117,#13118);
#13117 = CARTESIAN_POINT('',(14.85,9.05,1.6));
#13118 = VECTOR('',#13119,1.);
#13119 = DIRECTION('',(0.,0.,1.));
#13120 = ORIENTED_EDGE('',*,*,#13121,.T.);
#13121 = EDGE_CURVE('',#13112,#13122,#13124,.T.);
#13122 = VERTEX_POINT('',#13123);
#13123 = CARTESIAN_POINT('',(14.85,9.95,1.6));
#13124 = LINE('',#13125,#13126);
#13125 = CARTESIAN_POINT('',(14.85,9.05,1.6));
#13126 = VECTOR('',#13127,1.);
#13127 = DIRECTION('',(0.,1.,0.));
#13128 = ORIENTED_EDGE('',*,*,#13129,.T.);
#13129 = EDGE_CURVE('',#13122,#13130,#13132,.T.);
#13130 = VERTEX_POINT('',#13131);
#13131 = CARTESIAN_POINT('',(14.85,9.95,2.5));
#13132 = LINE('',#13133,#13134);
#13133 = CARTESIAN_POINT('',(14.85,9.95,1.6));
#13134 = VECTOR('',#13135,1.);
#13135 = DIRECTION('',(0.,0.,1.));
#13136 = ORIENTED_EDGE('',*,*,#13137,.F.);
#13137 = EDGE_CURVE('',#13114,#13130,#13138,.T.);
#13138 = LINE('',#13139,#13140);
#13139 = CARTESIAN_POINT('',(14.85,9.05,2.5));
#13140 = VECTOR('',#13141,1.);
#13141 = DIRECTION('',(0.,1.,0.));
#13142 = PLANE('',#13143);
#13143 = AXIS2_PLACEMENT_3D('',#13144,#13145,#13146);
#13144 = CARTESIAN_POINT('',(14.85,9.05,1.6));
#13145 = DIRECTION('',(1.,0.,0.));
#13146 = DIRECTION('',(0.,0.,1.));
#13147 = ADVANCED_FACE('',(#13148),#13164,.F.);
#13148 = FACE_BOUND('',#13149,.F.);
#13149 = EDGE_LOOP('',(#13150,#13156,#13157,#13163));
#13150 = ORIENTED_EDGE('',*,*,#13151,.F.);
#13151 = EDGE_CURVE('',#13072,#13112,#13152,.T.);
#13152 = LINE('',#13153,#13154);
#13153 = CARTESIAN_POINT('',(13.15,9.05,1.6));
#13154 = VECTOR('',#13155,1.);
#13155 = DIRECTION('',(1.,0.,0.));
#13156 = ORIENTED_EDGE('',*,*,#13071,.T.);
#13157 = ORIENTED_EDGE('',*,*,#13158,.T.);
#13158 = EDGE_CURVE('',#13074,#13114,#13159,.T.);
#13159 = LINE('',#13160,#13161);
#13160 = CARTESIAN_POINT('',(13.15,9.05,2.5));
#13161 = VECTOR('',#13162,1.);
#13162 = DIRECTION('',(1.,0.,0.));
#13163 = ORIENTED_EDGE('',*,*,#13111,.F.);
#13164 = PLANE('',#13165);
#13165 = AXIS2_PLACEMENT_3D('',#13166,#13167,#13168);
#13166 = CARTESIAN_POINT('',(13.15,9.05,1.6));
#13167 = DIRECTION('',(0.,1.,0.));
#13168 = DIRECTION('',(0.,0.,1.));
#13169 = ADVANCED_FACE('',(#13170),#13186,.T.);
#13170 = FACE_BOUND('',#13171,.T.);
#13171 = EDGE_LOOP('',(#13172,#13178,#13179,#13185));
#13172 = ORIENTED_EDGE('',*,*,#13173,.F.);
#13173 = EDGE_CURVE('',#13082,#13122,#13174,.T.);
#13174 = LINE('',#13175,#13176);
#13175 = CARTESIAN_POINT('',(13.15,9.95,1.6));
#13176 = VECTOR('',#13177,1.);
#13177 = DIRECTION('',(1.,0.,0.));
#13178 = ORIENTED_EDGE('',*,*,#13089,.T.);
#13179 = ORIENTED_EDGE('',*,*,#13180,.T.);
#13180 = EDGE_CURVE('',#13090,#13130,#13181,.T.);
#13181 = LINE('',#13182,#13183);
#13182 = CARTESIAN_POINT('',(13.15,9.95,2.5));
#13183 = VECTOR('',#13184,1.);
#13184 = DIRECTION('',(1.,0.,0.));
#13185 = ORIENTED_EDGE('',*,*,#13129,.F.);
#13186 = PLANE('',#13187);
#13187 = AXIS2_PLACEMENT_3D('',#13188,#13189,#13190);
#13188 = CARTESIAN_POINT('',(13.15,9.95,1.6));
#13189 = DIRECTION('',(0.,1.,0.));
#13190 = DIRECTION('',(0.,0.,1.));
#13191 = ADVANCED_FACE('',(#13192),#13198,.F.);
#13192 = FACE_BOUND('',#13193,.F.);
#13193 = EDGE_LOOP('',(#13194,#13195,#13196,#13197));
#13194 = ORIENTED_EDGE('',*,*,#13081,.F.);
#13195 = ORIENTED_EDGE('',*,*,#13151,.T.);
#13196 = ORIENTED_EDGE('',*,*,#13121,.T.);
#13197 = ORIENTED_EDGE('',*,*,#13173,.F.);
#13198 = PLANE('',#13199);
#13199 = AXIS2_PLACEMENT_3D('',#13200,#13201,#13202);
#13200 = CARTESIAN_POINT('',(13.15,9.05,1.6));
#13201 = DIRECTION('',(0.,0.,1.));
#13202 = DIRECTION('',(1.,0.,0.));
#13203 = ADVANCED_FACE('',(#13204),#13210,.T.);
#13204 = FACE_BOUND('',#13205,.T.);
#13205 = EDGE_LOOP('',(#13206,#13207,#13208,#13209));
#13206 = ORIENTED_EDGE('',*,*,#13097,.F.);
#13207 = ORIENTED_EDGE('',*,*,#13158,.T.);
#13208 = ORIENTED_EDGE('',*,*,#13137,.T.);
#13209 = ORIENTED_EDGE('',*,*,#13180,.F.);
#13210 = PLANE('',#13211);
#13211 = AXIS2_PLACEMENT_3D('',#13212,#13213,#13214);
#13212 = CARTESIAN_POINT('',(13.15,9.05,2.5));
#13213 = DIRECTION('',(0.,0.,1.));
#13214 = DIRECTION('',(1.,0.,0.));
#13215 = MANIFOLD_SOLID_BREP('',#13216);
#13216 = CLOSED_SHELL('',(#13217,#13257,#13297,#13319,#13341,#13353));
#13217 = ADVANCED_FACE('',(#13218),#13252,.F.);
#13218 = FACE_BOUND('',#13219,.F.);
#13219 = EDGE_LOOP('',(#13220,#13230,#13238,#13246));
#13220 = ORIENTED_EDGE('',*,*,#13221,.F.);
#13221 = EDGE_CURVE('',#13222,#13224,#13226,.T.);
#13222 = VERTEX_POINT('',#13223);
#13223 = CARTESIAN_POINT('',(-7.2,-15.15,1.6));
#13224 = VERTEX_POINT('',#13225);
#13225 = CARTESIAN_POINT('',(-7.2,-15.15,17.3));
#13226 = LINE('',#13227,#13228);
#13227 = CARTESIAN_POINT('',(-7.2,-15.15,1.6));
#13228 = VECTOR('',#13229,1.);
#13229 = DIRECTION('',(0.,0.,1.));
#13230 = ORIENTED_EDGE('',*,*,#13231,.T.);
#13231 = EDGE_CURVE('',#13222,#13232,#13234,.T.);
#13232 = VERTEX_POINT('',#13233);
#13233 = CARTESIAN_POINT('',(-7.2,-2.35,1.6));
#13234 = LINE('',#13235,#13236);
#13235 = CARTESIAN_POINT('',(-7.2,-15.15,1.6));
#13236 = VECTOR('',#13237,1.);
#13237 = DIRECTION('',(0.,1.,0.));
#13238 = ORIENTED_EDGE('',*,*,#13239,.T.);
#13239 = EDGE_CURVE('',#13232,#13240,#13242,.T.);
#13240 = VERTEX_POINT('',#13241);
#13241 = CARTESIAN_POINT('',(-7.2,-2.35,17.3));
#13242 = LINE('',#13243,#13244);
#13243 = CARTESIAN_POINT('',(-7.2,-2.35,1.6));
#13244 = VECTOR('',#13245,1.);
#13245 = DIRECTION('',(0.,0.,1.));
#13246 = ORIENTED_EDGE('',*,*,#13247,.F.);
#13247 = EDGE_CURVE('',#13224,#13240,#13248,.T.);
#13248 = LINE('',#13249,#13250);
#13249 = CARTESIAN_POINT('',(-7.2,-15.15,17.3));
#13250 = VECTOR('',#13251,1.);
#13251 = DIRECTION('',(0.,1.,0.));
#13252 = PLANE('',#13253);
#13253 = AXIS2_PLACEMENT_3D('',#13254,#13255,#13256);
#13254 = CARTESIAN_POINT('',(-7.2,-15.15,1.6));
#13255 = DIRECTION('',(1.,0.,0.));
#13256 = DIRECTION('',(0.,0.,1.));
#13257 = ADVANCED_FACE('',(#13258),#13292,.T.);
#13258 = FACE_BOUND('',#13259,.T.);
#13259 = EDGE_LOOP('',(#13260,#13270,#13278,#13286));
#13260 = ORIENTED_EDGE('',*,*,#13261,.F.);
#13261 = EDGE_CURVE('',#13262,#13264,#13266,.T.);
#13262 = VERTEX_POINT('',#13263);
#13263 = CARTESIAN_POINT('',(21.9,-15.15,1.6));
#13264 = VERTEX_POINT('',#13265);
#13265 = CARTESIAN_POINT('',(21.9,-15.15,17.3));
#13266 = LINE('',#13267,#13268);
#13267 = CARTESIAN_POINT('',(21.9,-15.15,1.6));
#13268 = VECTOR('',#13269,1.);
#13269 = DIRECTION('',(0.,0.,1.));
#13270 = ORIENTED_EDGE('',*,*,#13271,.T.);
#13271 = EDGE_CURVE('',#13262,#13272,#13274,.T.);
#13272 = VERTEX_POINT('',#13273);
#13273 = CARTESIAN_POINT('',(21.9,-2.35,1.6));
#13274 = LINE('',#13275,#13276);
#13275 = CARTESIAN_POINT('',(21.9,-15.15,1.6));
#13276 = VECTOR('',#13277,1.);
#13277 = DIRECTION('',(0.,1.,0.));
#13278 = ORIENTED_EDGE('',*,*,#13279,.T.);
#13279 = EDGE_CURVE('',#13272,#13280,#13282,.T.);
#13280 = VERTEX_POINT('',#13281);
#13281 = CARTESIAN_POINT('',(21.9,-2.35,17.3));
#13282 = LINE('',#13283,#13284);
#13283 = CARTESIAN_POINT('',(21.9,-2.35,1.6));
#13284 = VECTOR('',#13285,1.);
#13285 = DIRECTION('',(0.,0.,1.));
#13286 = ORIENTED_EDGE('',*,*,#13287,.F.);
#13287 = EDGE_CURVE('',#13264,#13280,#13288,.T.);
#13288 = LINE('',#13289,#13290);
#13289 = CARTESIAN_POINT('',(21.9,-15.15,17.3));
#13290 = VECTOR('',#13291,1.);
#13291 = DIRECTION('',(0.,1.,0.));
#13292 = PLANE('',#13293);
#13293 = AXIS2_PLACEMENT_3D('',#13294,#13295,#13296);
#13294 = CARTESIAN_POINT('',(21.9,-15.15,1.6));
#13295 = DIRECTION('',(1.,0.,0.));
#13296 = DIRECTION('',(0.,0.,1.));
#13297 = ADVANCED_FACE('',(#13298),#13314,.F.);
#13298 = FACE_BOUND('',#13299,.F.);
#13299 = EDGE_LOOP('',(#13300,#13306,#13307,#13313));
#13300 = ORIENTED_EDGE('',*,*,#13301,.F.);
#13301 = EDGE_CURVE('',#13222,#13262,#13302,.T.);
#13302 = LINE('',#13303,#13304);
#13303 = CARTESIAN_POINT('',(-7.2,-15.15,1.6));
#13304 = VECTOR('',#13305,1.);
#13305 = DIRECTION('',(1.,0.,0.));
#13306 = ORIENTED_EDGE('',*,*,#13221,.T.);
#13307 = ORIENTED_EDGE('',*,*,#13308,.T.);
#13308 = EDGE_CURVE('',#13224,#13264,#13309,.T.);
#13309 = LINE('',#13310,#13311);
#13310 = CARTESIAN_POINT('',(-7.2,-15.15,17.3));
#13311 = VECTOR('',#13312,1.);
#13312 = DIRECTION('',(1.,0.,0.));
#13313 = ORIENTED_EDGE('',*,*,#13261,.F.);
#13314 = PLANE('',#13315);
#13315 = AXIS2_PLACEMENT_3D('',#13316,#13317,#13318);
#13316 = CARTESIAN_POINT('',(-7.2,-15.15,1.6));
#13317 = DIRECTION('',(0.,1.,0.));
#13318 = DIRECTION('',(0.,0.,1.));
#13319 = ADVANCED_FACE('',(#13320),#13336,.T.);
#13320 = FACE_BOUND('',#13321,.T.);
#13321 = EDGE_LOOP('',(#13322,#13328,#13329,#13335));
#13322 = ORIENTED_EDGE('',*,*,#13323,.F.);
#13323 = EDGE_CURVE('',#13232,#13272,#13324,.T.);
#13324 = LINE('',#13325,#13326);
#13325 = CARTESIAN_POINT('',(-7.2,-2.35,1.6));
#13326 = VECTOR('',#13327,1.);
#13327 = DIRECTION('',(1.,0.,0.));
#13328 = ORIENTED_EDGE('',*,*,#13239,.T.);
#13329 = ORIENTED_EDGE('',*,*,#13330,.T.);
#13330 = EDGE_CURVE('',#13240,#13280,#13331,.T.);
#13331 = LINE('',#13332,#13333);
#13332 = CARTESIAN_POINT('',(-7.2,-2.35,17.3));
#13333 = VECTOR('',#13334,1.);
#13334 = DIRECTION('',(1.,0.,0.));
#13335 = ORIENTED_EDGE('',*,*,#13279,.F.);
#13336 = PLANE('',#13337);
#13337 = AXIS2_PLACEMENT_3D('',#13338,#13339,#13340);
#13338 = CARTESIAN_POINT('',(-7.2,-2.35,1.6));
#13339 = DIRECTION('',(0.,1.,0.));
#13340 = DIRECTION('',(0.,0.,1.));
#13341 = ADVANCED_FACE('',(#13342),#13348,.F.);
#13342 = FACE_BOUND('',#13343,.F.);
#13343 = EDGE_LOOP('',(#13344,#13345,#13346,#13347));
#13344 = ORIENTED_EDGE('',*,*,#13231,.F.);
#13345 = ORIENTED_EDGE('',*,*,#13301,.T.);
#13346 = ORIENTED_EDGE('',*,*,#13271,.T.);
#13347 = ORIENTED_EDGE('',*,*,#13323,.F.);
#13348 = PLANE('',#13349);
#13349 = AXIS2_PLACEMENT_3D('',#13350,#13351,#13352);
#13350 = CARTESIAN_POINT('',(-7.2,-15.15,1.6));
#13351 = DIRECTION('',(0.,0.,1.));
#13352 = DIRECTION('',(1.,0.,0.));
#13353 = ADVANCED_FACE('',(#13354),#13360,.T.);
#13354 = FACE_BOUND('',#13355,.T.);
#13355 = EDGE_LOOP('',(#13356,#13357,#13358,#13359));
#13356 = ORIENTED_EDGE('',*,*,#13247,.F.);
#13357 = ORIENTED_EDGE('',*,*,#13308,.T.);
#13358 = ORIENTED_EDGE('',*,*,#13287,.T.);
#13359 = ORIENTED_EDGE('',*,*,#13330,.F.);
#13360 = PLANE('',#13361);
#13361 = AXIS2_PLACEMENT_3D('',#13362,#13363,#13364);
#13362 = CARTESIAN_POINT('',(-7.2,-15.15,17.3));
#13363 = DIRECTION('',(0.,0.,1.));
#13364 = DIRECTION('',(1.,0.,0.));
#13365 = MANIFOLD_SOLID_BREP('',#13366);
#13366 = CLOSED_SHELL('',(#13367,#13400,#13409));
#13367 = ADVANCED_FACE('',(#13368),#13395,.T.);
#13368 = FACE_BOUND('',#13369,.T.);
#13369 = EDGE_LOOP('',(#13370,#13379,#13387,#13394));
#13370 = ORIENTED_EDGE('',*,*,#13371,.F.);
#13371 = EDGE_CURVE('',#13372,#13372,#13374,.T.);
#13372 = VERTEX_POINT('',#13373);
#13373 = CARTESIAN_POINT('',(-0.25,-12.5,1.6));
#13374 = CIRCLE('',#13375,0.55);
#13375 = AXIS2_PLACEMENT_3D('',#13376,#13377,#13378);
#13376 = CARTESIAN_POINT('',(-0.8,-12.5,1.6));
#13377 = DIRECTION('',(0.,0.,1.));
#13378 = DIRECTION('',(1.,0.,0.));
#13379 = ORIENTED_EDGE('',*,*,#13380,.F.);
#13380 = EDGE_CURVE('',#13381,#13372,#13383,.T.);
#13381 = VERTEX_POINT('',#13382);
#13382 = CARTESIAN_POINT('',(-0.25,-12.5,-3.));
#13383 = LINE('',#13384,#13385);
#13384 = CARTESIAN_POINT('',(-0.25,-12.5,-3.));
#13385 = VECTOR('',#13386,1.);
#13386 = DIRECTION('',(0.,0.,1.));
#13387 = ORIENTED_EDGE('',*,*,#13388,.T.);
#13388 = EDGE_CURVE('',#13381,#13381,#13389,.T.);
#13389 = CIRCLE('',#13390,0.55);
#13390 = AXIS2_PLACEMENT_3D('',#13391,#13392,#13393);
#13391 = CARTESIAN_POINT('',(-0.8,-12.5,-3.));
#13392 = DIRECTION('',(0.,0.,1.));
#13393 = DIRECTION('',(1.,0.,0.));
#13394 = ORIENTED_EDGE('',*,*,#13380,.T.);
#13395 = CYLINDRICAL_SURFACE('',#13396,0.55);
#13396 = AXIS2_PLACEMENT_3D('',#13397,#13398,#13399);
#13397 = CARTESIAN_POINT('',(-0.8,-12.5,-3.));
#13398 = DIRECTION('',(0.,0.,1.));
#13399 = DIRECTION('',(1.,0.,0.));
#13400 = ADVANCED_FACE('',(#13401),#13404,.T.);
#13401 = FACE_BOUND('',#13402,.T.);
#13402 = EDGE_LOOP('',(#13403));
#13403 = ORIENTED_EDGE('',*,*,#13371,.T.);
#13404 = PLANE('',#13405);
#13405 = AXIS2_PLACEMENT_3D('',#13406,#13407,#13408);
#13406 = CARTESIAN_POINT('',(-0.8,-12.5,1.6));
#13407 = DIRECTION('',(0.,0.,1.));
#13408 = DIRECTION('',(1.,0.,0.));
#13409 = ADVANCED_FACE('',(#13410),#13413,.F.);
#13410 = FACE_BOUND('',#13411,.T.);
#13411 = EDGE_LOOP('',(#13412));
#13412 = ORIENTED_EDGE('',*,*,#13388,.F.);
#13413 = PLANE('',#13414);
#13414 = AXIS2_PLACEMENT_3D('',#13415,#13416,#13417);
#13415 = CARTESIAN_POINT('',(-0.8,-12.5,-3.));
#13416 = DIRECTION('',(0.,0.,1.));
#13417 = DIRECTION('',(1.,0.,0.));
#13418 = MANIFOLD_SOLID_BREP('',#13419);
#13419 = CLOSED_SHELL('',(#13420,#13453,#13462));
#13420 = ADVANCED_FACE('',(#13421),#13448,.T.);
#13421 = FACE_BOUND('',#13422,.T.);
#13422 = EDGE_LOOP('',(#13423,#13432,#13440,#13447));
#13423 = ORIENTED_EDGE('',*,*,#13424,.F.);
#13424 = EDGE_CURVE('',#13425,#13425,#13427,.T.);
#13425 = VERTEX_POINT('',#13426);
#13426 = CARTESIAN_POINT('',(-0.25,-5.,1.6));
#13427 = CIRCLE('',#13428,0.55);
#13428 = AXIS2_PLACEMENT_3D('',#13429,#13430,#13431);
#13429 = CARTESIAN_POINT('',(-0.8,-5.,1.6));
#13430 = DIRECTION('',(0.,0.,1.));
#13431 = DIRECTION('',(1.,0.,0.));
#13432 = ORIENTED_EDGE('',*,*,#13433,.F.);
#13433 = EDGE_CURVE('',#13434,#13425,#13436,.T.);
#13434 = VERTEX_POINT('',#13435);
#13435 = CARTESIAN_POINT('',(-0.25,-5.,-3.));
#13436 = LINE('',#13437,#13438);
#13437 = CARTESIAN_POINT('',(-0.25,-5.,-3.));
#13438 = VECTOR('',#13439,1.);
#13439 = DIRECTION('',(0.,0.,1.));
#13440 = ORIENTED_EDGE('',*,*,#13441,.T.);
#13441 = EDGE_CURVE('',#13434,#13434,#13442,.T.);
#13442 = CIRCLE('',#13443,0.55);
#13443 = AXIS2_PLACEMENT_3D('',#13444,#13445,#13446);
#13444 = CARTESIAN_POINT('',(-0.8,-5.,-3.));
#13445 = DIRECTION('',(0.,0.,1.));
#13446 = DIRECTION('',(1.,0.,0.));
#13447 = ORIENTED_EDGE('',*,*,#13433,.T.);
#13448 = CYLINDRICAL_SURFACE('',#13449,0.55);
#13449 = AXIS2_PLACEMENT_3D('',#13450,#13451,#13452);
#13450 = CARTESIAN_POINT('',(-0.8,-5.,-3.));
#13451 = DIRECTION('',(0.,0.,1.));
#13452 = DIRECTION('',(1.,0.,0.));
#13453 = ADVANCED_FACE('',(#13454),#13457,.T.);
#13454 = FACE_BOUND('',#13455,.T.);
#13455 = EDGE_LOOP('',(#13456));
#13456 = ORIENTED_EDGE('',*,*,#13424,.T.);
#13457 = PLANE('',#13458);
#13458 = AXIS2_PLACEMENT_3D('',#13459,#13460,#13461);
#13459 = CARTESIAN_POINT('',(-0.8,-5.,1.6));
#13460 = DIRECTION('',(0.,0.,1.));
#13461 = DIRECTION('',(1.,0.,0.));
#13462 = ADVANCED_FACE('',(#13463),#13466,.F.);
#13463 = FACE_BOUND('',#13464,.T.);
#13464 = EDGE_LOOP('',(#13465));
#13465 = ORIENTED_EDGE('',*,*,#13441,.F.);
#13466 = PLANE('',#13467);
#13467 = AXIS2_PLACEMENT_3D('',#13468,#13469,#13470);
#13468 = CARTESIAN_POINT('',(-0.8,-5.,-3.));
#13469 = DIRECTION('',(0.,0.,1.));
#13470 = DIRECTION('',(1.,0.,0.));
#13471 = MANIFOLD_SOLID_BREP('',#13472);
#13472 = CLOSED_SHELL('',(#13473,#13506,#13515));
#13473 = ADVANCED_FACE('',(#13474),#13501,.T.);
#13474 = FACE_BOUND('',#13475,.T.);
#13475 = EDGE_LOOP('',(#13476,#13485,#13493,#13500));
#13476 = ORIENTED_EDGE('',*,*,#13477,.F.);
#13477 = EDGE_CURVE('',#13478,#13478,#13480,.T.);
#13478 = VERTEX_POINT('',#13479);
#13479 = CARTESIAN_POINT('',(4.79,-12.5,1.6));
#13480 = CIRCLE('',#13481,0.55);
#13481 = AXIS2_PLACEMENT_3D('',#13482,#13483,#13484);
#13482 = CARTESIAN_POINT('',(4.24,-12.5,1.6));
#13483 = DIRECTION('',(0.,0.,1.));
#13484 = DIRECTION('',(1.,0.,0.));
#13485 = ORIENTED_EDGE('',*,*,#13486,.F.);
#13486 = EDGE_CURVE('',#13487,#13478,#13489,.T.);
#13487 = VERTEX_POINT('',#13488);
#13488 = CARTESIAN_POINT('',(4.79,-12.5,-3.));
#13489 = LINE('',#13490,#13491);
#13490 = CARTESIAN_POINT('',(4.79,-12.5,-3.));
#13491 = VECTOR('',#13492,1.);
#13492 = DIRECTION('',(0.,0.,1.));
#13493 = ORIENTED_EDGE('',*,*,#13494,.T.);
#13494 = EDGE_CURVE('',#13487,#13487,#13495,.T.);
#13495 = CIRCLE('',#13496,0.55);
#13496 = AXIS2_PLACEMENT_3D('',#13497,#13498,#13499);
#13497 = CARTESIAN_POINT('',(4.24,-12.5,-3.));
#13498 = DIRECTION('',(0.,0.,1.));
#13499 = DIRECTION('',(1.,0.,0.));
#13500 = ORIENTED_EDGE('',*,*,#13486,.T.);
#13501 = CYLINDRICAL_SURFACE('',#13502,0.55);
#13502 = AXIS2_PLACEMENT_3D('',#13503,#13504,#13505);
#13503 = CARTESIAN_POINT('',(4.24,-12.5,-3.));
#13504 = DIRECTION('',(0.,0.,1.));
#13505 = DIRECTION('',(1.,0.,0.));
#13506 = ADVANCED_FACE('',(#13507),#13510,.T.);
#13507 = FACE_BOUND('',#13508,.T.);
#13508 = EDGE_LOOP('',(#13509));
#13509 = ORIENTED_EDGE('',*,*,#13477,.T.);
#13510 = PLANE('',#13511);
#13511 = AXIS2_PLACEMENT_3D('',#13512,#13513,#13514);
#13512 = CARTESIAN_POINT('',(4.24,-12.5,1.6));
#13513 = DIRECTION('',(0.,0.,1.));
#13514 = DIRECTION('',(1.,0.,0.));
#13515 = ADVANCED_FACE('',(#13516),#13519,.F.);
#13516 = FACE_BOUND('',#13517,.T.);
#13517 = EDGE_LOOP('',(#13518));
#13518 = ORIENTED_EDGE('',*,*,#13494,.F.);
#13519 = PLANE('',#13520);
#13520 = AXIS2_PLACEMENT_3D('',#13521,#13522,#13523);
#13521 = CARTESIAN_POINT('',(4.24,-12.5,-3.));
#13522 = DIRECTION('',(0.,0.,1.));
#13523 = DIRECTION('',(1.,0.,0.));
#13524 = MANIFOLD_SOLID_BREP('',#13525);
#13525 = CLOSED_SHELL('',(#13526,#13559,#13568));
#13526 = ADVANCED_FACE('',(#13527),#13554,.T.);
#13527 = FACE_BOUND('',#13528,.T.);
#13528 = EDGE_LOOP('',(#13529,#13538,#13546,#13553));
#13529 = ORIENTED_EDGE('',*,*,#13530,.F.);
#13530 = EDGE_CURVE('',#13531,#13531,#13533,.T.);
#13531 = VERTEX_POINT('',#13532);
#13532 = CARTESIAN_POINT('',(4.79,-5.,1.6));
#13533 = CIRCLE('',#13534,0.55);
#13534 = AXIS2_PLACEMENT_3D('',#13535,#13536,#13537);
#13535 = CARTESIAN_POINT('',(4.24,-5.,1.6));
#13536 = DIRECTION('',(0.,0.,1.));
#13537 = DIRECTION('',(1.,0.,0.));
#13538 = ORIENTED_EDGE('',*,*,#13539,.F.);
#13539 = EDGE_CURVE('',#13540,#13531,#13542,.T.);
#13540 = VERTEX_POINT('',#13541);
#13541 = CARTESIAN_POINT('',(4.79,-5.,-3.));
#13542 = LINE('',#13543,#13544);
#13543 = CARTESIAN_POINT('',(4.79,-5.,-3.));
#13544 = VECTOR('',#13545,1.);
#13545 = DIRECTION('',(0.,0.,1.));
#13546 = ORIENTED_EDGE('',*,*,#13547,.T.);
#13547 = EDGE_CURVE('',#13540,#13540,#13548,.T.);
#13548 = CIRCLE('',#13549,0.55);
#13549 = AXIS2_PLACEMENT_3D('',#13550,#13551,#13552);
#13550 = CARTESIAN_POINT('',(4.24,-5.,-3.));
#13551 = DIRECTION('',(0.,0.,1.));
#13552 = DIRECTION('',(1.,0.,0.));
#13553 = ORIENTED_EDGE('',*,*,#13539,.T.);
#13554 = CYLINDRICAL_SURFACE('',#13555,0.55);
#13555 = AXIS2_PLACEMENT_3D('',#13556,#13557,#13558);
#13556 = CARTESIAN_POINT('',(4.24,-5.,-3.));
#13557 = DIRECTION('',(0.,0.,1.));
#13558 = DIRECTION('',(1.,0.,0.));
#13559 = ADVANCED_FACE('',(#13560),#13563,.T.);
#13560 = FACE_BOUND('',#13561,.T.);
#13561 = EDGE_LOOP('',(#13562));
#13562 = ORIENTED_EDGE('',*,*,#13530,.T.);
#13563 = PLANE('',#13564);
#13564 = AXIS2_PLACEMENT_3D('',#13565,#13566,#13567);
#13565 = CARTESIAN_POINT('',(4.24,-5.,1.6));
#13566 = DIRECTION('',(0.,0.,1.));
#13567 = DIRECTION('',(1.,0.,0.));
#13568 = ADVANCED_FACE('',(#13569),#13572,.F.);
#13569 = FACE_BOUND('',#13570,.T.);
#13570 = EDGE_LOOP('',(#13571));
#13571 = ORIENTED_EDGE('',*,*,#13547,.F.);
#13572 = PLANE('',#13573);
#13573 = AXIS2_PLACEMENT_3D('',#13574,#13575,#13576);
#13574 = CARTESIAN_POINT('',(4.24,-5.,-3.));
#13575 = DIRECTION('',(0.,0.,1.));
#13576 = DIRECTION('',(1.,0.,0.));
#13577 = MANIFOLD_SOLID_BREP('',#13578);
#13578 = CLOSED_SHELL('',(#13579,#13612,#13621));
#13579 = ADVANCED_FACE('',(#13580),#13607,.T.);
#13580 = FACE_BOUND('',#13581,.T.);
#13581 = EDGE_LOOP('',(#13582,#13591,#13599,#13606));
#13582 = ORIENTED_EDGE('',*,*,#13583,.F.);
#13583 = EDGE_CURVE('',#13584,#13584,#13586,.T.);
#13584 = VERTEX_POINT('',#13585);
#13585 = CARTESIAN_POINT('',(-5.29,-12.5,1.6));
#13586 = CIRCLE('',#13587,0.55);
#13587 = AXIS2_PLACEMENT_3D('',#13588,#13589,#13590);
#13588 = CARTESIAN_POINT('',(-5.84,-12.5,1.6));
#13589 = DIRECTION('',(0.,0.,1.));
#13590 = DIRECTION('',(1.,0.,0.));
#13591 = ORIENTED_EDGE('',*,*,#13592,.F.);
#13592 = EDGE_CURVE('',#13593,#13584,#13595,.T.);
#13593 = VERTEX_POINT('',#13594);
#13594 = CARTESIAN_POINT('',(-5.29,-12.5,-3.));
#13595 = LINE('',#13596,#13597);
#13596 = CARTESIAN_POINT('',(-5.29,-12.5,-3.));
#13597 = VECTOR('',#13598,1.);
#13598 = DIRECTION('',(0.,0.,1.));
#13599 = ORIENTED_EDGE('',*,*,#13600,.T.);
#13600 = EDGE_CURVE('',#13593,#13593,#13601,.T.);
#13601 = CIRCLE('',#13602,0.55);
#13602 = AXIS2_PLACEMENT_3D('',#13603,#13604,#13605);
#13603 = CARTESIAN_POINT('',(-5.84,-12.5,-3.));
#13604 = DIRECTION('',(0.,0.,1.));
#13605 = DIRECTION('',(1.,0.,0.));
#13606 = ORIENTED_EDGE('',*,*,#13592,.T.);
#13607 = CYLINDRICAL_SURFACE('',#13608,0.55);
#13608 = AXIS2_PLACEMENT_3D('',#13609,#13610,#13611);
#13609 = CARTESIAN_POINT('',(-5.84,-12.5,-3.));
#13610 = DIRECTION('',(0.,0.,1.));
#13611 = DIRECTION('',(1.,0.,0.));
#13612 = ADVANCED_FACE('',(#13613),#13616,.T.);
#13613 = FACE_BOUND('',#13614,.T.);
#13614 = EDGE_LOOP('',(#13615));
#13615 = ORIENTED_EDGE('',*,*,#13583,.T.);
#13616 = PLANE('',#13617);
#13617 = AXIS2_PLACEMENT_3D('',#13618,#13619,#13620);
#13618 = CARTESIAN_POINT('',(-5.84,-12.5,1.6));
#13619 = DIRECTION('',(0.,0.,1.));
#13620 = DIRECTION('',(1.,0.,0.));
#13621 = ADVANCED_FACE('',(#13622),#13625,.F.);
#13622 = FACE_BOUND('',#13623,.T.);
#13623 = EDGE_LOOP('',(#13624));
#13624 = ORIENTED_EDGE('',*,*,#13600,.F.);
#13625 = PLANE('',#13626);
#13626 = AXIS2_PLACEMENT_3D('',#13627,#13628,#13629);
#13627 = CARTESIAN_POINT('',(-5.84,-12.5,-3.));
#13628 = DIRECTION('',(0.,0.,1.));
#13629 = DIRECTION('',(1.,0.,0.));
#13630 = MANIFOLD_SOLID_BREP('',#13631);
#13631 = CLOSED_SHELL('',(#13632,#13665,#13674));
#13632 = ADVANCED_FACE('',(#13633),#13660,.T.);
#13633 = FACE_BOUND('',#13634,.T.);
#13634 = EDGE_LOOP('',(#13635,#13644,#13652,#13659));
#13635 = ORIENTED_EDGE('',*,*,#13636,.F.);
#13636 = EDGE_CURVE('',#13637,#13637,#13639,.T.);
#13637 = VERTEX_POINT('',#13638);
#13638 = CARTESIAN_POINT('',(-5.29,-5.,1.6));
#13639 = CIRCLE('',#13640,0.55);
#13640 = AXIS2_PLACEMENT_3D('',#13641,#13642,#13643);
#13641 = CARTESIAN_POINT('',(-5.84,-5.,1.6));
#13642 = DIRECTION('',(0.,0.,1.));
#13643 = DIRECTION('',(1.,0.,0.));
#13644 = ORIENTED_EDGE('',*,*,#13645,.F.);
#13645 = EDGE_CURVE('',#13646,#13637,#13648,.T.);
#13646 = VERTEX_POINT('',#13647);
#13647 = CARTESIAN_POINT('',(-5.29,-5.,-3.));
#13648 = LINE('',#13649,#13650);
#13649 = CARTESIAN_POINT('',(-5.29,-5.,-3.));
#13650 = VECTOR('',#13651,1.);
#13651 = DIRECTION('',(0.,0.,1.));
#13652 = ORIENTED_EDGE('',*,*,#13653,.T.);
#13653 = EDGE_CURVE('',#13646,#13646,#13654,.T.);
#13654 = CIRCLE('',#13655,0.55);
#13655 = AXIS2_PLACEMENT_3D('',#13656,#13657,#13658);
#13656 = CARTESIAN_POINT('',(-5.84,-5.,-3.));
#13657 = DIRECTION('',(0.,0.,1.));
#13658 = DIRECTION('',(1.,0.,0.));
#13659 = ORIENTED_EDGE('',*,*,#13645,.T.);
#13660 = CYLINDRICAL_SURFACE('',#13661,0.55);
#13661 = AXIS2_PLACEMENT_3D('',#13662,#13663,#13664);
#13662 = CARTESIAN_POINT('',(-5.84,-5.,-3.));
#13663 = DIRECTION('',(0.,0.,1.));
#13664 = DIRECTION('',(1.,0.,0.));
#13665 = ADVANCED_FACE('',(#13666),#13669,.T.);
#13666 = FACE_BOUND('',#13667,.T.);
#13667 = EDGE_LOOP('',(#13668));
#13668 = ORIENTED_EDGE('',*,*,#13636,.T.);
#13669 = PLANE('',#13670);
#13670 = AXIS2_PLACEMENT_3D('',#13671,#13672,#13673);
#13671 = CARTESIAN_POINT('',(-5.84,-5.,1.6));
#13672 = DIRECTION('',(0.,0.,1.));
#13673 = DIRECTION('',(1.,0.,0.));
#13674 = ADVANCED_FACE('',(#13675),#13678,.F.);
#13675 = FACE_BOUND('',#13676,.T.);
#13676 = EDGE_LOOP('',(#13677));
#13677 = ORIENTED_EDGE('',*,*,#13653,.F.);
#13678 = PLANE('',#13679);
#13679 = AXIS2_PLACEMENT_3D('',#13680,#13681,#13682);
#13680 = CARTESIAN_POINT('',(-5.84,-5.,-3.));
#13681 = DIRECTION('',(0.,0.,1.));
#13682 = DIRECTION('',(1.,0.,0.));
#13683 = MANIFOLD_SOLID_BREP('',#13684);
#13684 = CLOSED_SHELL('',(#13685,#13718,#13727));
#13685 = ADVANCED_FACE('',(#13686),#13713,.T.);
#13686 = FACE_BOUND('',#13687,.T.);
#13687 = EDGE_LOOP('',(#13688,#13697,#13705,#13712));
#13688 = ORIENTED_EDGE('',*,*,#13689,.F.);
#13689 = EDGE_CURVE('',#13690,#13690,#13692,.T.);
#13690 = VERTEX_POINT('',#13691);
#13691 = CARTESIAN_POINT('',(20.05,-5.,1.6));
#13692 = CIRCLE('',#13693,0.55);
#13693 = AXIS2_PLACEMENT_3D('',#13694,#13695,#13696);
#13694 = CARTESIAN_POINT('',(19.5,-5.,1.6));
#13695 = DIRECTION('',(0.,0.,1.));
#13696 = DIRECTION('',(1.,0.,0.));
#13697 = ORIENTED_EDGE('',*,*,#13698,.F.);
#13698 = EDGE_CURVE('',#13699,#13690,#13701,.T.);
#13699 = VERTEX_POINT('',#13700);
#13700 = CARTESIAN_POINT('',(20.05,-5.,-3.));
#13701 = LINE('',#13702,#13703);
#13702 = CARTESIAN_POINT('',(20.05,-5.,-3.));
#13703 = VECTOR('',#13704,1.);
#13704 = DIRECTION('',(0.,0.,1.));
#13705 = ORIENTED_EDGE('',*,*,#13706,.T.);
#13706 = EDGE_CURVE('',#13699,#13699,#13707,.T.);
#13707 = CIRCLE('',#13708,0.55);
#13708 = AXIS2_PLACEMENT_3D('',#13709,#13710,#13711);
#13709 = CARTESIAN_POINT('',(19.5,-5.,-3.));
#13710 = DIRECTION('',(0.,0.,1.));
#13711 = DIRECTION('',(1.,0.,0.));
#13712 = ORIENTED_EDGE('',*,*,#13698,.T.);
#13713 = CYLINDRICAL_SURFACE('',#13714,0.55);
#13714 = AXIS2_PLACEMENT_3D('',#13715,#13716,#13717);
#13715 = CARTESIAN_POINT('',(19.5,-5.,-3.));
#13716 = DIRECTION('',(0.,0.,1.));
#13717 = DIRECTION('',(1.,0.,0.));
#13718 = ADVANCED_FACE('',(#13719),#13722,.T.);
#13719 = FACE_BOUND('',#13720,.T.);
#13720 = EDGE_LOOP('',(#13721));
#13721 = ORIENTED_EDGE('',*,*,#13689,.T.);
#13722 = PLANE('',#13723);
#13723 = AXIS2_PLACEMENT_3D('',#13724,#13725,#13726);
#13724 = CARTESIAN_POINT('',(19.5,-5.,1.6));
#13725 = DIRECTION('',(0.,0.,1.));
#13726 = DIRECTION('',(1.,0.,0.));
#13727 = ADVANCED_FACE('',(#13728),#13731,.F.);
#13728 = FACE_BOUND('',#13729,.T.);
#13729 = EDGE_LOOP('',(#13730));
#13730 = ORIENTED_EDGE('',*,*,#13706,.F.);
#13731 = PLANE('',#13732);
#13732 = AXIS2_PLACEMENT_3D('',#13733,#13734,#13735);
#13733 = CARTESIAN_POINT('',(19.5,-5.,-3.));
#13734 = DIRECTION('',(0.,0.,1.));
#13735 = DIRECTION('',(1.,0.,0.));
#13736 = MANIFOLD_SOLID_BREP('',#13737);
#13737 = CLOSED_SHELL('',(#13738,#13771,#13780));
#13738 = ADVANCED_FACE('',(#13739),#13766,.T.);
#13739 = FACE_BOUND('',#13740,.T.);
#13740 = EDGE_LOOP('',(#13741,#13750,#13758,#13765));
#13741 = ORIENTED_EDGE('',*,*,#13742,.F.);
#13742 = EDGE_CURVE('',#13743,#13743,#13745,.T.);
#13743 = VERTEX_POINT('',#13744);
#13744 = CARTESIAN_POINT('',(20.05,-12.5,1.6));
#13745 = CIRCLE('',#13746,0.55);
#13746 = AXIS2_PLACEMENT_3D('',#13747,#13748,#13749);
#13747 = CARTESIAN_POINT('',(19.5,-12.5,1.6));
#13748 = DIRECTION('',(0.,0.,1.));
#13749 = DIRECTION('',(1.,0.,0.));
#13750 = ORIENTED_EDGE('',*,*,#13751,.F.);
#13751 = EDGE_CURVE('',#13752,#13743,#13754,.T.);
#13752 = VERTEX_POINT('',#13753);
#13753 = CARTESIAN_POINT('',(20.05,-12.5,-3.));
#13754 = LINE('',#13755,#13756);
#13755 = CARTESIAN_POINT('',(20.05,-12.5,-3.));
#13756 = VECTOR('',#13757,1.);
#13757 = DIRECTION('',(0.,0.,1.));
#13758 = ORIENTED_EDGE('',*,*,#13759,.T.);
#13759 = EDGE_CURVE('',#13752,#13752,#13760,.T.);
#13760 = CIRCLE('',#13761,0.55);
#13761 = AXIS2_PLACEMENT_3D('',#13762,#13763,#13764);
#13762 = CARTESIAN_POINT('',(19.5,-12.5,-3.));
#13763 = DIRECTION('',(0.,0.,1.));
#13764 = DIRECTION('',(1.,0.,0.));
#13765 = ORIENTED_EDGE('',*,*,#13751,.T.);
#13766 = CYLINDRICAL_SURFACE('',#13767,0.55);
#13767 = AXIS2_PLACEMENT_3D('',#13768,#13769,#13770);
#13768 = CARTESIAN_POINT('',(19.5,-12.5,-3.));
#13769 = DIRECTION('',(0.,0.,1.));
#13770 = DIRECTION('',(1.,0.,0.));
#13771 = ADVANCED_FACE('',(#13772),#13775,.T.);
#13772 = FACE_BOUND('',#13773,.T.);
#13773 = EDGE_LOOP('',(#13774));
#13774 = ORIENTED_EDGE('',*,*,#13742,.T.);
#13775 = PLANE('',#13776);
#13776 = AXIS2_PLACEMENT_3D('',#13777,#13778,#13779);
#13777 = CARTESIAN_POINT('',(19.5,-12.5,1.6));
#13778 = DIRECTION('',(0.,0.,1.));
#13779 = DIRECTION('',(1.,0.,0.));
#13780 = ADVANCED_FACE('',(#13781),#13784,.F.);
#13781 = FACE_BOUND('',#13782,.T.);
#13782 = EDGE_LOOP('',(#13783));
#13783 = ORIENTED_EDGE('',*,*,#13759,.F.);
#13784 = PLANE('',#13785);
#13785 = AXIS2_PLACEMENT_3D('',#13786,#13787,#13788);
#13786 = CARTESIAN_POINT('',(19.5,-12.5,-3.));
#13787 = DIRECTION('',(0.,0.,1.));
#13788 = DIRECTION('',(1.,0.,0.));
#13789 = MANIFOLD_SOLID_BREP('',#13790);
#13790 = CLOSED_SHELL('',(#13791,#13831,#13871,#13893,#13915,#13927));
#13791 = ADVANCED_FACE('',(#13792),#13826,.F.);
#13792 = FACE_BOUND('',#13793,.F.);
#13793 = EDGE_LOOP('',(#13794,#13804,#13812,#13820));
#13794 = ORIENTED_EDGE('',*,*,#13795,.F.);
#13795 = EDGE_CURVE('',#13796,#13798,#13800,.T.);
#13796 = VERTEX_POINT('',#13797);
#13797 = CARTESIAN_POINT('',(-36.85,-1.15,1.6));
#13798 = VERTEX_POINT('',#13799);
#13799 = CARTESIAN_POINT('',(-36.85,-1.15,2.25));
#13800 = LINE('',#13801,#13802);
#13801 = CARTESIAN_POINT('',(-36.85,-1.15,1.6));
#13802 = VECTOR('',#13803,1.);
#13803 = DIRECTION('',(0.,0.,1.));
#13804 = ORIENTED_EDGE('',*,*,#13805,.T.);
#13805 = EDGE_CURVE('',#13796,#13806,#13808,.T.);
#13806 = VERTEX_POINT('',#13807);
#13807 = CARTESIAN_POINT('',(-36.85,2.15,1.6));
#13808 = LINE('',#13809,#13810);
#13809 = CARTESIAN_POINT('',(-36.85,-1.15,1.6));
#13810 = VECTOR('',#13811,1.);
#13811 = DIRECTION('',(0.,1.,0.));
#13812 = ORIENTED_EDGE('',*,*,#13813,.T.);
#13813 = EDGE_CURVE('',#13806,#13814,#13816,.T.);
#13814 = VERTEX_POINT('',#13815);
#13815 = CARTESIAN_POINT('',(-36.85,2.15,2.25));
#13816 = LINE('',#13817,#13818);
#13817 = CARTESIAN_POINT('',(-36.85,2.15,1.6));
#13818 = VECTOR('',#13819,1.);
#13819 = DIRECTION('',(0.,0.,1.));
#13820 = ORIENTED_EDGE('',*,*,#13821,.F.);
#13821 = EDGE_CURVE('',#13798,#13814,#13822,.T.);
#13822 = LINE('',#13823,#13824);
#13823 = CARTESIAN_POINT('',(-36.85,-1.15,2.25));
#13824 = VECTOR('',#13825,1.);
#13825 = DIRECTION('',(0.,1.,0.));
#13826 = PLANE('',#13827);
#13827 = AXIS2_PLACEMENT_3D('',#13828,#13829,#13830);
#13828 = CARTESIAN_POINT('',(-36.85,-1.15,1.6));
#13829 = DIRECTION('',(1.,0.,0.));
#13830 = DIRECTION('',(0.,0.,1.));
#13831 = ADVANCED_FACE('',(#13832),#13866,.T.);
#13832 = FACE_BOUND('',#13833,.T.);
#13833 = EDGE_LOOP('',(#13834,#13844,#13852,#13860));
#13834 = ORIENTED_EDGE('',*,*,#13835,.F.);
#13835 = EDGE_CURVE('',#13836,#13838,#13840,.T.);
#13836 = VERTEX_POINT('',#13837);
#13837 = CARTESIAN_POINT('',(-35.15,-1.15,1.6));
#13838 = VERTEX_POINT('',#13839);
#13839 = CARTESIAN_POINT('',(-35.15,-1.15,2.25));
#13840 = LINE('',#13841,#13842);
#13841 = CARTESIAN_POINT('',(-35.15,-1.15,1.6));
#13842 = VECTOR('',#13843,1.);
#13843 = DIRECTION('',(0.,0.,1.));
#13844 = ORIENTED_EDGE('',*,*,#13845,.T.);
#13845 = EDGE_CURVE('',#13836,#13846,#13848,.T.);
#13846 = VERTEX_POINT('',#13847);
#13847 = CARTESIAN_POINT('',(-35.15,2.15,1.6));
#13848 = LINE('',#13849,#13850);
#13849 = CARTESIAN_POINT('',(-35.15,-1.15,1.6));
#13850 = VECTOR('',#13851,1.);
#13851 = DIRECTION('',(0.,1.,0.));
#13852 = ORIENTED_EDGE('',*,*,#13853,.T.);
#13853 = EDGE_CURVE('',#13846,#13854,#13856,.T.);
#13854 = VERTEX_POINT('',#13855);
#13855 = CARTESIAN_POINT('',(-35.15,2.15,2.25));
#13856 = LINE('',#13857,#13858);
#13857 = CARTESIAN_POINT('',(-35.15,2.15,1.6));
#13858 = VECTOR('',#13859,1.);
#13859 = DIRECTION('',(0.,0.,1.));
#13860 = ORIENTED_EDGE('',*,*,#13861,.F.);
#13861 = EDGE_CURVE('',#13838,#13854,#13862,.T.);
#13862 = LINE('',#13863,#13864);
#13863 = CARTESIAN_POINT('',(-35.15,-1.15,2.25));
#13864 = VECTOR('',#13865,1.);
#13865 = DIRECTION('',(0.,1.,0.));
#13866 = PLANE('',#13867);
#13867 = AXIS2_PLACEMENT_3D('',#13868,#13869,#13870);
#13868 = CARTESIAN_POINT('',(-35.15,-1.15,1.6));
#13869 = DIRECTION('',(1.,0.,0.));
#13870 = DIRECTION('',(0.,0.,1.));
#13871 = ADVANCED_FACE('',(#13872),#13888,.F.);
#13872 = FACE_BOUND('',#13873,.F.);
#13873 = EDGE_LOOP('',(#13874,#13880,#13881,#13887));
#13874 = ORIENTED_EDGE('',*,*,#13875,.F.);
#13875 = EDGE_CURVE('',#13796,#13836,#13876,.T.);
#13876 = LINE('',#13877,#13878);
#13877 = CARTESIAN_POINT('',(-36.85,-1.15,1.6));
#13878 = VECTOR('',#13879,1.);
#13879 = DIRECTION('',(1.,0.,0.));
#13880 = ORIENTED_EDGE('',*,*,#13795,.T.);
#13881 = ORIENTED_EDGE('',*,*,#13882,.T.);
#13882 = EDGE_CURVE('',#13798,#13838,#13883,.T.);
#13883 = LINE('',#13884,#13885);
#13884 = CARTESIAN_POINT('',(-36.85,-1.15,2.25));
#13885 = VECTOR('',#13886,1.);
#13886 = DIRECTION('',(1.,0.,0.));
#13887 = ORIENTED_EDGE('',*,*,#13835,.F.);
#13888 = PLANE('',#13889);
#13889 = AXIS2_PLACEMENT_3D('',#13890,#13891,#13892);
#13890 = CARTESIAN_POINT('',(-36.85,-1.15,1.6));
#13891 = DIRECTION('',(0.,1.,0.));
#13892 = DIRECTION('',(0.,0.,1.));
#13893 = ADVANCED_FACE('',(#13894),#13910,.T.);
#13894 = FACE_BOUND('',#13895,.T.);
#13895 = EDGE_LOOP('',(#13896,#13902,#13903,#13909));
#13896 = ORIENTED_EDGE('',*,*,#13897,.F.);
#13897 = EDGE_CURVE('',#13806,#13846,#13898,.T.);
#13898 = LINE('',#13899,#13900);
#13899 = CARTESIAN_POINT('',(-36.85,2.15,1.6));
#13900 = VECTOR('',#13901,1.);
#13901 = DIRECTION('',(1.,0.,0.));
#13902 = ORIENTED_EDGE('',*,*,#13813,.T.);
#13903 = ORIENTED_EDGE('',*,*,#13904,.T.);
#13904 = EDGE_CURVE('',#13814,#13854,#13905,.T.);
#13905 = LINE('',#13906,#13907);
#13906 = CARTESIAN_POINT('',(-36.85,2.15,2.25));
#13907 = VECTOR('',#13908,1.);
#13908 = DIRECTION('',(1.,0.,0.));
#13909 = ORIENTED_EDGE('',*,*,#13853,.F.);
#13910 = PLANE('',#13911);
#13911 = AXIS2_PLACEMENT_3D('',#13912,#13913,#13914);
#13912 = CARTESIAN_POINT('',(-36.85,2.15,1.6));
#13913 = DIRECTION('',(0.,1.,0.));
#13914 = DIRECTION('',(0.,0.,1.));
#13915 = ADVANCED_FACE('',(#13916),#13922,.F.);
#13916 = FACE_BOUND('',#13917,.F.);
#13917 = EDGE_LOOP('',(#13918,#13919,#13920,#13921));
#13918 = ORIENTED_EDGE('',*,*,#13805,.F.);
#13919 = ORIENTED_EDGE('',*,*,#13875,.T.);
#13920 = ORIENTED_EDGE('',*,*,#13845,.T.);
#13921 = ORIENTED_EDGE('',*,*,#13897,.F.);
#13922 = PLANE('',#13923);
#13923 = AXIS2_PLACEMENT_3D('',#13924,#13925,#13926);
#13924 = CARTESIAN_POINT('',(-36.85,-1.15,1.6));
#13925 = DIRECTION('',(0.,0.,1.));
#13926 = DIRECTION('',(1.,0.,0.));
#13927 = ADVANCED_FACE('',(#13928),#13934,.T.);
#13928 = FACE_BOUND('',#13929,.T.);
#13929 = EDGE_LOOP('',(#13930,#13931,#13932,#13933));
#13930 = ORIENTED_EDGE('',*,*,#13821,.F.);
#13931 = ORIENTED_EDGE('',*,*,#13882,.T.);
#13932 = ORIENTED_EDGE('',*,*,#13861,.T.);
#13933 = ORIENTED_EDGE('',*,*,#13904,.F.);
#13934 = PLANE('',#13935);
#13935 = AXIS2_PLACEMENT_3D('',#13936,#13937,#13938);
#13936 = CARTESIAN_POINT('',(-36.85,-1.15,2.25));
#13937 = DIRECTION('',(0.,0.,1.));
#13938 = DIRECTION('',(1.,0.,0.));
#13939 = MANIFOLD_SOLID_BREP('',#13940);
#13940 = CLOSED_SHELL('',(#13941,#13981,#14021,#14043,#14065,#14077));
#13941 = ADVANCED_FACE('',(#13942),#13976,.F.);
#13942 = FACE_BOUND('',#13943,.F.);
#13943 = EDGE_LOOP('',(#13944,#13954,#13962,#13970));
#13944 = ORIENTED_EDGE('',*,*,#13945,.F.);
#13945 = EDGE_CURVE('',#13946,#13948,#13950,.T.);
#13946 = VERTEX_POINT('',#13947);
#13947 = CARTESIAN_POINT('',(33.15,-20.9625,1.6));
#13948 = VERTEX_POINT('',#13949);
#13949 = CARTESIAN_POINT('',(33.15,-20.9625,2.15));
#13950 = LINE('',#13951,#13952);
#13951 = CARTESIAN_POINT('',(33.15,-20.9625,1.6));
#13952 = VECTOR('',#13953,1.);
#13953 = DIRECTION('',(0.,0.,1.));
#13954 = ORIENTED_EDGE('',*,*,#13955,.T.);
#13955 = EDGE_CURVE('',#13946,#13956,#13958,.T.);
#13956 = VERTEX_POINT('',#13957);
#13957 = CARTESIAN_POINT('',(33.15,-20.0375,1.6));
#13958 = LINE('',#13959,#13960);
#13959 = CARTESIAN_POINT('',(33.15,-20.9625,1.6));
#13960 = VECTOR('',#13961,1.);
#13961 = DIRECTION('',(0.,1.,0.));
#13962 = ORIENTED_EDGE('',*,*,#13963,.T.);
#13963 = EDGE_CURVE('',#13956,#13964,#13966,.T.);
#13964 = VERTEX_POINT('',#13965);
#13965 = CARTESIAN_POINT('',(33.15,-20.0375,2.15));
#13966 = LINE('',#13967,#13968);
#13967 = CARTESIAN_POINT('',(33.15,-20.0375,1.6));
#13968 = VECTOR('',#13969,1.);
#13969 = DIRECTION('',(0.,0.,1.));
#13970 = ORIENTED_EDGE('',*,*,#13971,.F.);
#13971 = EDGE_CURVE('',#13948,#13964,#13972,.T.);
#13972 = LINE('',#13973,#13974);
#13973 = CARTESIAN_POINT('',(33.15,-20.9625,2.15));
#13974 = VECTOR('',#13975,1.);
#13975 = DIRECTION('',(0.,1.,0.));
#13976 = PLANE('',#13977);
#13977 = AXIS2_PLACEMENT_3D('',#13978,#13979,#13980);
#13978 = CARTESIAN_POINT('',(33.15,-20.9625,1.6));
#13979 = DIRECTION('',(1.,0.,0.));
#13980 = DIRECTION('',(0.,0.,1.));
#13981 = ADVANCED_FACE('',(#13982),#14016,.T.);
#13982 = FACE_BOUND('',#13983,.T.);
#13983 = EDGE_LOOP('',(#13984,#13994,#14002,#14010));
#13984 = ORIENTED_EDGE('',*,*,#13985,.F.);
#13985 = EDGE_CURVE('',#13986,#13988,#13990,.T.);
#13986 = VERTEX_POINT('',#13987);
#13987 = CARTESIAN_POINT('',(34.85,-20.9625,1.6));
#13988 = VERTEX_POINT('',#13989);
#13989 = CARTESIAN_POINT('',(34.85,-20.9625,2.15));
#13990 = LINE('',#13991,#13992);
#13991 = CARTESIAN_POINT('',(34.85,-20.9625,1.6));
#13992 = VECTOR('',#13993,1.);
#13993 = DIRECTION('',(0.,0.,1.));
#13994 = ORIENTED_EDGE('',*,*,#13995,.T.);
#13995 = EDGE_CURVE('',#13986,#13996,#13998,.T.);
#13996 = VERTEX_POINT('',#13997);
#13997 = CARTESIAN_POINT('',(34.85,-20.0375,1.6));
#13998 = LINE('',#13999,#14000);
#13999 = CARTESIAN_POINT('',(34.85,-20.9625,1.6));
#14000 = VECTOR('',#14001,1.);
#14001 = DIRECTION('',(0.,1.,0.));
#14002 = ORIENTED_EDGE('',*,*,#14003,.T.);
#14003 = EDGE_CURVE('',#13996,#14004,#14006,.T.);
#14004 = VERTEX_POINT('',#14005);
#14005 = CARTESIAN_POINT('',(34.85,-20.0375,2.15));
#14006 = LINE('',#14007,#14008);
#14007 = CARTESIAN_POINT('',(34.85,-20.0375,1.6));
#14008 = VECTOR('',#14009,1.);
#14009 = DIRECTION('',(0.,0.,1.));
#14010 = ORIENTED_EDGE('',*,*,#14011,.F.);
#14011 = EDGE_CURVE('',#13988,#14004,#14012,.T.);
#14012 = LINE('',#14013,#14014);
#14013 = CARTESIAN_POINT('',(34.85,-20.9625,2.15));
#14014 = VECTOR('',#14015,1.);
#14015 = DIRECTION('',(0.,1.,0.));
#14016 = PLANE('',#14017);
#14017 = AXIS2_PLACEMENT_3D('',#14018,#14019,#14020);
#14018 = CARTESIAN_POINT('',(34.85,-20.9625,1.6));
#14019 = DIRECTION('',(1.,0.,0.));
#14020 = DIRECTION('',(0.,0.,1.));
#14021 = ADVANCED_FACE('',(#14022),#14038,.F.);
#14022 = FACE_BOUND('',#14023,.F.);
#14023 = EDGE_LOOP('',(#14024,#14030,#14031,#14037));
#14024 = ORIENTED_EDGE('',*,*,#14025,.F.);
#14025 = EDGE_CURVE('',#13946,#13986,#14026,.T.);
#14026 = LINE('',#14027,#14028);
#14027 = CARTESIAN_POINT('',(33.15,-20.9625,1.6));
#14028 = VECTOR('',#14029,1.);
#14029 = DIRECTION('',(1.,0.,0.));
#14030 = ORIENTED_EDGE('',*,*,#13945,.T.);
#14031 = ORIENTED_EDGE('',*,*,#14032,.T.);
#14032 = EDGE_CURVE('',#13948,#13988,#14033,.T.);
#14033 = LINE('',#14034,#14035);
#14034 = CARTESIAN_POINT('',(33.15,-20.9625,2.15));
#14035 = VECTOR('',#14036,1.);
#14036 = DIRECTION('',(1.,0.,0.));
#14037 = ORIENTED_EDGE('',*,*,#13985,.F.);
#14038 = PLANE('',#14039);
#14039 = AXIS2_PLACEMENT_3D('',#14040,#14041,#14042);
#14040 = CARTESIAN_POINT('',(33.15,-20.9625,1.6));
#14041 = DIRECTION('',(0.,1.,0.));
#14042 = DIRECTION('',(0.,0.,1.));
#14043 = ADVANCED_FACE('',(#14044),#14060,.T.);
#14044 = FACE_BOUND('',#14045,.T.);
#14045 = EDGE_LOOP('',(#14046,#14052,#14053,#14059));
#14046 = ORIENTED_EDGE('',*,*,#14047,.F.);
#14047 = EDGE_CURVE('',#13956,#13996,#14048,.T.);
#14048 = LINE('',#14049,#14050);
#14049 = CARTESIAN_POINT('',(33.15,-20.0375,1.6));
#14050 = VECTOR('',#14051,1.);
#14051 = DIRECTION('',(1.,0.,0.));
#14052 = ORIENTED_EDGE('',*,*,#13963,.T.);
#14053 = ORIENTED_EDGE('',*,*,#14054,.T.);
#14054 = EDGE_CURVE('',#13964,#14004,#14055,.T.);
#14055 = LINE('',#14056,#14057);
#14056 = CARTESIAN_POINT('',(33.15,-20.0375,2.15));
#14057 = VECTOR('',#14058,1.);
#14058 = DIRECTION('',(1.,0.,0.));
#14059 = ORIENTED_EDGE('',*,*,#14003,.F.);
#14060 = PLANE('',#14061);
#14061 = AXIS2_PLACEMENT_3D('',#14062,#14063,#14064);
#14062 = CARTESIAN_POINT('',(33.15,-20.0375,1.6));
#14063 = DIRECTION('',(0.,1.,0.));
#14064 = DIRECTION('',(0.,0.,1.));
#14065 = ADVANCED_FACE('',(#14066),#14072,.F.);
#14066 = FACE_BOUND('',#14067,.F.);
#14067 = EDGE_LOOP('',(#14068,#14069,#14070,#14071));
#14068 = ORIENTED_EDGE('',*,*,#13955,.F.);
#14069 = ORIENTED_EDGE('',*,*,#14025,.T.);
#14070 = ORIENTED_EDGE('',*,*,#13995,.T.);
#14071 = ORIENTED_EDGE('',*,*,#14047,.F.);
#14072 = PLANE('',#14073);
#14073 = AXIS2_PLACEMENT_3D('',#14074,#14075,#14076);
#14074 = CARTESIAN_POINT('',(33.15,-20.9625,1.6));
#14075 = DIRECTION('',(0.,0.,1.));
#14076 = DIRECTION('',(1.,0.,0.));
#14077 = ADVANCED_FACE('',(#14078),#14084,.T.);
#14078 = FACE_BOUND('',#14079,.T.);
#14079 = EDGE_LOOP('',(#14080,#14081,#14082,#14083));
#14080 = ORIENTED_EDGE('',*,*,#13971,.F.);
#14081 = ORIENTED_EDGE('',*,*,#14032,.T.);
#14082 = ORIENTED_EDGE('',*,*,#14011,.T.);
#14083 = ORIENTED_EDGE('',*,*,#14054,.F.);
#14084 = PLANE('',#14085);
#14085 = AXIS2_PLACEMENT_3D('',#14086,#14087,#14088);
#14086 = CARTESIAN_POINT('',(33.15,-20.9625,2.15));
#14087 = DIRECTION('',(0.,0.,1.));
#14088 = DIRECTION('',(1.,0.,0.));
#14089 = MANIFOLD_SOLID_BREP('',#14090);
#14090 = CLOSED_SHELL('',(#14091,#14131,#14171,#14193,#14215,#14227));
#14091 = ADVANCED_FACE('',(#14092),#14126,.F.);
#14092 = FACE_BOUND('',#14093,.F.);
#14093 = EDGE_LOOP('',(#14094,#14104,#14112,#14120));
#14094 = ORIENTED_EDGE('',*,*,#14095,.F.);
#14095 = EDGE_CURVE('',#14096,#14098,#14100,.T.);
#14096 = VERTEX_POINT('',#14097);
#14097 = CARTESIAN_POINT('',(43.15,-13.9625,1.6));
#14098 = VERTEX_POINT('',#14099);
#14099 = CARTESIAN_POINT('',(43.15,-13.9625,2.15));
#14100 = LINE('',#14101,#14102);
#14101 = CARTESIAN_POINT('',(43.15,-13.9625,1.6));
#14102 = VECTOR('',#14103,1.);
#14103 = DIRECTION('',(0.,0.,1.));
#14104 = ORIENTED_EDGE('',*,*,#14105,.T.);
#14105 = EDGE_CURVE('',#14096,#14106,#14108,.T.);
#14106 = VERTEX_POINT('',#14107);
#14107 = CARTESIAN_POINT('',(43.15,-13.0375,1.6));
#14108 = LINE('',#14109,#14110);
#14109 = CARTESIAN_POINT('',(43.15,-13.9625,1.6));
#14110 = VECTOR('',#14111,1.);
#14111 = DIRECTION('',(0.,1.,0.));
#14112 = ORIENTED_EDGE('',*,*,#14113,.T.);
#14113 = EDGE_CURVE('',#14106,#14114,#14116,.T.);
#14114 = VERTEX_POINT('',#14115);
#14115 = CARTESIAN_POINT('',(43.15,-13.0375,2.15));
#14116 = LINE('',#14117,#14118);
#14117 = CARTESIAN_POINT('',(43.15,-13.0375,1.6));
#14118 = VECTOR('',#14119,1.);
#14119 = DIRECTION('',(0.,0.,1.));
#14120 = ORIENTED_EDGE('',*,*,#14121,.F.);
#14121 = EDGE_CURVE('',#14098,#14114,#14122,.T.);
#14122 = LINE('',#14123,#14124);
#14123 = CARTESIAN_POINT('',(43.15,-13.9625,2.15));
#14124 = VECTOR('',#14125,1.);
#14125 = DIRECTION('',(0.,1.,0.));
#14126 = PLANE('',#14127);
#14127 = AXIS2_PLACEMENT_3D('',#14128,#14129,#14130);
#14128 = CARTESIAN_POINT('',(43.15,-13.9625,1.6));
#14129 = DIRECTION('',(1.,0.,0.));
#14130 = DIRECTION('',(0.,0.,1.));
#14131 = ADVANCED_FACE('',(#14132),#14166,.T.);
#14132 = FACE_BOUND('',#14133,.T.);
#14133 = EDGE_LOOP('',(#14134,#14144,#14152,#14160));
#14134 = ORIENTED_EDGE('',*,*,#14135,.F.);
#14135 = EDGE_CURVE('',#14136,#14138,#14140,.T.);
#14136 = VERTEX_POINT('',#14137);
#14137 = CARTESIAN_POINT('',(44.85,-13.9625,1.6));
#14138 = VERTEX_POINT('',#14139);
#14139 = CARTESIAN_POINT('',(44.85,-13.9625,2.15));
#14140 = LINE('',#14141,#14142);
#14141 = CARTESIAN_POINT('',(44.85,-13.9625,1.6));
#14142 = VECTOR('',#14143,1.);
#14143 = DIRECTION('',(0.,0.,1.));
#14144 = ORIENTED_EDGE('',*,*,#14145,.T.);
#14145 = EDGE_CURVE('',#14136,#14146,#14148,.T.);
#14146 = VERTEX_POINT('',#14147);
#14147 = CARTESIAN_POINT('',(44.85,-13.0375,1.6));
#14148 = LINE('',#14149,#14150);
#14149 = CARTESIAN_POINT('',(44.85,-13.9625,1.6));
#14150 = VECTOR('',#14151,1.);
#14151 = DIRECTION('',(0.,1.,0.));
#14152 = ORIENTED_EDGE('',*,*,#14153,.T.);
#14153 = EDGE_CURVE('',#14146,#14154,#14156,.T.);
#14154 = VERTEX_POINT('',#14155);
#14155 = CARTESIAN_POINT('',(44.85,-13.0375,2.15));
#14156 = LINE('',#14157,#14158);
#14157 = CARTESIAN_POINT('',(44.85,-13.0375,1.6));
#14158 = VECTOR('',#14159,1.);
#14159 = DIRECTION('',(0.,0.,1.));
#14160 = ORIENTED_EDGE('',*,*,#14161,.F.);
#14161 = EDGE_CURVE('',#14138,#14154,#14162,.T.);
#14162 = LINE('',#14163,#14164);
#14163 = CARTESIAN_POINT('',(44.85,-13.9625,2.15));
#14164 = VECTOR('',#14165,1.);
#14165 = DIRECTION('',(0.,1.,0.));
#14166 = PLANE('',#14167);
#14167 = AXIS2_PLACEMENT_3D('',#14168,#14169,#14170);
#14168 = CARTESIAN_POINT('',(44.85,-13.9625,1.6));
#14169 = DIRECTION('',(1.,0.,0.));
#14170 = DIRECTION('',(0.,0.,1.));
#14171 = ADVANCED_FACE('',(#14172),#14188,.F.);
#14172 = FACE_BOUND('',#14173,.F.);
#14173 = EDGE_LOOP('',(#14174,#14180,#14181,#14187));
#14174 = ORIENTED_EDGE('',*,*,#14175,.F.);
#14175 = EDGE_CURVE('',#14096,#14136,#14176,.T.);
#14176 = LINE('',#14177,#14178);
#14177 = CARTESIAN_POINT('',(43.15,-13.9625,1.6));
#14178 = VECTOR('',#14179,1.);
#14179 = DIRECTION('',(1.,0.,0.));
#14180 = ORIENTED_EDGE('',*,*,#14095,.T.);
#14181 = ORIENTED_EDGE('',*,*,#14182,.T.);
#14182 = EDGE_CURVE('',#14098,#14138,#14183,.T.);
#14183 = LINE('',#14184,#14185);
#14184 = CARTESIAN_POINT('',(43.15,-13.9625,2.15));
#14185 = VECTOR('',#14186,1.);
#14186 = DIRECTION('',(1.,0.,0.));
#14187 = ORIENTED_EDGE('',*,*,#14135,.F.);
#14188 = PLANE('',#14189);
#14189 = AXIS2_PLACEMENT_3D('',#14190,#14191,#14192);
#14190 = CARTESIAN_POINT('',(43.15,-13.9625,1.6));
#14191 = DIRECTION('',(0.,1.,0.));
#14192 = DIRECTION('',(0.,0.,1.));
#14193 = ADVANCED_FACE('',(#14194),#14210,.T.);
#14194 = FACE_BOUND('',#14195,.T.);
#14195 = EDGE_LOOP('',(#14196,#14202,#14203,#14209));
#14196 = ORIENTED_EDGE('',*,*,#14197,.F.);
#14197 = EDGE_CURVE('',#14106,#14146,#14198,.T.);
#14198 = LINE('',#14199,#14200);
#14199 = CARTESIAN_POINT('',(43.15,-13.0375,1.6));
#14200 = VECTOR('',#14201,1.);
#14201 = DIRECTION('',(1.,0.,0.));
#14202 = ORIENTED_EDGE('',*,*,#14113,.T.);
#14203 = ORIENTED_EDGE('',*,*,#14204,.T.);
#14204 = EDGE_CURVE('',#14114,#14154,#14205,.T.);
#14205 = LINE('',#14206,#14207);
#14206 = CARTESIAN_POINT('',(43.15,-13.0375,2.15));
#14207 = VECTOR('',#14208,1.);
#14208 = DIRECTION('',(1.,0.,0.));
#14209 = ORIENTED_EDGE('',*,*,#14153,.F.);
#14210 = PLANE('',#14211);
#14211 = AXIS2_PLACEMENT_3D('',#14212,#14213,#14214);
#14212 = CARTESIAN_POINT('',(43.15,-13.0375,1.6));
#14213 = DIRECTION('',(0.,1.,0.));
#14214 = DIRECTION('',(0.,0.,1.));
#14215 = ADVANCED_FACE('',(#14216),#14222,.F.);
#14216 = FACE_BOUND('',#14217,.F.);
#14217 = EDGE_LOOP('',(#14218,#14219,#14220,#14221));
#14218 = ORIENTED_EDGE('',*,*,#14105,.F.);
#14219 = ORIENTED_EDGE('',*,*,#14175,.T.);
#14220 = ORIENTED_EDGE('',*,*,#14145,.T.);
#14221 = ORIENTED_EDGE('',*,*,#14197,.F.);
#14222 = PLANE('',#14223);
#14223 = AXIS2_PLACEMENT_3D('',#14224,#14225,#14226);
#14224 = CARTESIAN_POINT('',(43.15,-13.9625,1.6));
#14225 = DIRECTION('',(0.,0.,1.));
#14226 = DIRECTION('',(1.,0.,0.));
#14227 = ADVANCED_FACE('',(#14228),#14234,.T.);
#14228 = FACE_BOUND('',#14229,.T.);
#14229 = EDGE_LOOP('',(#14230,#14231,#14232,#14233));
#14230 = ORIENTED_EDGE('',*,*,#14121,.F.);
#14231 = ORIENTED_EDGE('',*,*,#14182,.T.);
#14232 = ORIENTED_EDGE('',*,*,#14161,.T.);
#14233 = ORIENTED_EDGE('',*,*,#14204,.F.);
#14234 = PLANE('',#14235);
#14235 = AXIS2_PLACEMENT_3D('',#14236,#14237,#14238);
#14236 = CARTESIAN_POINT('',(43.15,-13.9625,2.15));
#14237 = DIRECTION('',(0.,0.,1.));
#14238 = DIRECTION('',(1.,0.,0.));
#14239 = MANIFOLD_SOLID_BREP('',#14240);
#14240 = CLOSED_SHELL('',(#14241,#14281,#14321,#14343,#14365,#14377));
#14241 = ADVANCED_FACE('',(#14242),#14276,.F.);
#14242 = FACE_BOUND('',#14243,.F.);
#14243 = EDGE_LOOP('',(#14244,#14254,#14262,#14270));
#14244 = ORIENTED_EDGE('',*,*,#14245,.F.);
#14245 = EDGE_CURVE('',#14246,#14248,#14250,.T.);
#14246 = VERTEX_POINT('',#14247);
#14247 = CARTESIAN_POINT('',(16.325,-21.55,1.6));
#14248 = VERTEX_POINT('',#14249);
#14249 = CARTESIAN_POINT('',(16.325,-21.55,2.85));
#14250 = LINE('',#14251,#14252);
#14251 = CARTESIAN_POINT('',(16.325,-21.55,1.6));
#14252 = VECTOR('',#14253,1.);
#14253 = DIRECTION('',(0.,0.,1.));
#14254 = ORIENTED_EDGE('',*,*,#14255,.T.);
#14255 = EDGE_CURVE('',#14246,#14256,#14258,.T.);
#14256 = VERTEX_POINT('',#14257);
#14257 = CARTESIAN_POINT('',(16.325,-19.45,1.6));
#14258 = LINE('',#14259,#14260);
#14259 = CARTESIAN_POINT('',(16.325,-21.55,1.6));
#14260 = VECTOR('',#14261,1.);
#14261 = DIRECTION('',(0.,1.,0.));
#14262 = ORIENTED_EDGE('',*,*,#14263,.T.);
#14263 = EDGE_CURVE('',#14256,#14264,#14266,.T.);
#14264 = VERTEX_POINT('',#14265);
#14265 = CARTESIAN_POINT('',(16.325,-19.45,2.85));
#14266 = LINE('',#14267,#14268);
#14267 = CARTESIAN_POINT('',(16.325,-19.45,1.6));
#14268 = VECTOR('',#14269,1.);
#14269 = DIRECTION('',(0.,0.,1.));
#14270 = ORIENTED_EDGE('',*,*,#14271,.F.);
#14271 = EDGE_CURVE('',#14248,#14264,#14272,.T.);
#14272 = LINE('',#14273,#14274);
#14273 = CARTESIAN_POINT('',(16.325,-21.55,2.85));
#14274 = VECTOR('',#14275,1.);
#14275 = DIRECTION('',(0.,1.,0.));
#14276 = PLANE('',#14277);
#14277 = AXIS2_PLACEMENT_3D('',#14278,#14279,#14280);
#14278 = CARTESIAN_POINT('',(16.325,-21.55,1.6));
#14279 = DIRECTION('',(1.,0.,0.));
#14280 = DIRECTION('',(0.,0.,1.));
#14281 = ADVANCED_FACE('',(#14282),#14316,.T.);
#14282 = FACE_BOUND('',#14283,.T.);
#14283 = EDGE_LOOP('',(#14284,#14294,#14302,#14310));
#14284 = ORIENTED_EDGE('',*,*,#14285,.F.);
#14285 = EDGE_CURVE('',#14286,#14288,#14290,.T.);
#14286 = VERTEX_POINT('',#14287);
#14287 = CARTESIAN_POINT('',(17.675,-21.55,1.6));
#14288 = VERTEX_POINT('',#14289);
#14289 = CARTESIAN_POINT('',(17.675,-21.55,2.85));
#14290 = LINE('',#14291,#14292);
#14291 = CARTESIAN_POINT('',(17.675,-21.55,1.6));
#14292 = VECTOR('',#14293,1.);
#14293 = DIRECTION('',(0.,0.,1.));
#14294 = ORIENTED_EDGE('',*,*,#14295,.T.);
#14295 = EDGE_CURVE('',#14286,#14296,#14298,.T.);
#14296 = VERTEX_POINT('',#14297);
#14297 = CARTESIAN_POINT('',(17.675,-19.45,1.6));
#14298 = LINE('',#14299,#14300);
#14299 = CARTESIAN_POINT('',(17.675,-21.55,1.6));
#14300 = VECTOR('',#14301,1.);
#14301 = DIRECTION('',(0.,1.,0.));
#14302 = ORIENTED_EDGE('',*,*,#14303,.T.);
#14303 = EDGE_CURVE('',#14296,#14304,#14306,.T.);
#14304 = VERTEX_POINT('',#14305);
#14305 = CARTESIAN_POINT('',(17.675,-19.45,2.85));
#14306 = LINE('',#14307,#14308);
#14307 = CARTESIAN_POINT('',(17.675,-19.45,1.6));
#14308 = VECTOR('',#14309,1.);
#14309 = DIRECTION('',(0.,0.,1.));
#14310 = ORIENTED_EDGE('',*,*,#14311,.F.);
#14311 = EDGE_CURVE('',#14288,#14304,#14312,.T.);
#14312 = LINE('',#14313,#14314);
#14313 = CARTESIAN_POINT('',(17.675,-21.55,2.85));
#14314 = VECTOR('',#14315,1.);
#14315 = DIRECTION('',(0.,1.,0.));
#14316 = PLANE('',#14317);
#14317 = AXIS2_PLACEMENT_3D('',#14318,#14319,#14320);
#14318 = CARTESIAN_POINT('',(17.675,-21.55,1.6));
#14319 = DIRECTION('',(1.,0.,0.));
#14320 = DIRECTION('',(0.,0.,1.));
#14321 = ADVANCED_FACE('',(#14322),#14338,.F.);
#14322 = FACE_BOUND('',#14323,.F.);
#14323 = EDGE_LOOP('',(#14324,#14330,#14331,#14337));
#14324 = ORIENTED_EDGE('',*,*,#14325,.F.);
#14325 = EDGE_CURVE('',#14246,#14286,#14326,.T.);
#14326 = LINE('',#14327,#14328);
#14327 = CARTESIAN_POINT('',(16.325,-21.55,1.6));
#14328 = VECTOR('',#14329,1.);
#14329 = DIRECTION('',(1.,0.,0.));
#14330 = ORIENTED_EDGE('',*,*,#14245,.T.);
#14331 = ORIENTED_EDGE('',*,*,#14332,.T.);
#14332 = EDGE_CURVE('',#14248,#14288,#14333,.T.);
#14333 = LINE('',#14334,#14335);
#14334 = CARTESIAN_POINT('',(16.325,-21.55,2.85));
#14335 = VECTOR('',#14336,1.);
#14336 = DIRECTION('',(1.,0.,0.));
#14337 = ORIENTED_EDGE('',*,*,#14285,.F.);
#14338 = PLANE('',#14339);
#14339 = AXIS2_PLACEMENT_3D('',#14340,#14341,#14342);
#14340 = CARTESIAN_POINT('',(16.325,-21.55,1.6));
#14341 = DIRECTION('',(0.,1.,0.));
#14342 = DIRECTION('',(0.,0.,1.));
#14343 = ADVANCED_FACE('',(#14344),#14360,.T.);
#14344 = FACE_BOUND('',#14345,.T.);
#14345 = EDGE_LOOP('',(#14346,#14352,#14353,#14359));
#14346 = ORIENTED_EDGE('',*,*,#14347,.F.);
#14347 = EDGE_CURVE('',#14256,#14296,#14348,.T.);
#14348 = LINE('',#14349,#14350);
#14349 = CARTESIAN_POINT('',(16.325,-19.45,1.6));
#14350 = VECTOR('',#14351,1.);
#14351 = DIRECTION('',(1.,0.,0.));
#14352 = ORIENTED_EDGE('',*,*,#14263,.T.);
#14353 = ORIENTED_EDGE('',*,*,#14354,.T.);
#14354 = EDGE_CURVE('',#14264,#14304,#14355,.T.);
#14355 = LINE('',#14356,#14357);
#14356 = CARTESIAN_POINT('',(16.325,-19.45,2.85));
#14357 = VECTOR('',#14358,1.);
#14358 = DIRECTION('',(1.,0.,0.));
#14359 = ORIENTED_EDGE('',*,*,#14303,.F.);
#14360 = PLANE('',#14361);
#14361 = AXIS2_PLACEMENT_3D('',#14362,#14363,#14364);
#14362 = CARTESIAN_POINT('',(16.325,-19.45,1.6));
#14363 = DIRECTION('',(0.,1.,0.));
#14364 = DIRECTION('',(0.,0.,1.));
#14365 = ADVANCED_FACE('',(#14366),#14372,.F.);
#14366 = FACE_BOUND('',#14367,.F.);
#14367 = EDGE_LOOP('',(#14368,#14369,#14370,#14371));
#14368 = ORIENTED_EDGE('',*,*,#14255,.F.);
#14369 = ORIENTED_EDGE('',*,*,#14325,.T.);
#14370 = ORIENTED_EDGE('',*,*,#14295,.T.);
#14371 = ORIENTED_EDGE('',*,*,#14347,.F.);
#14372 = PLANE('',#14373);
#14373 = AXIS2_PLACEMENT_3D('',#14374,#14375,#14376);
#14374 = CARTESIAN_POINT('',(16.325,-21.55,1.6));
#14375 = DIRECTION('',(0.,0.,1.));
#14376 = DIRECTION('',(1.,0.,0.));
#14377 = ADVANCED_FACE('',(#14378),#14384,.T.);
#14378 = FACE_BOUND('',#14379,.T.);
#14379 = EDGE_LOOP('',(#14380,#14381,#14382,#14383));
#14380 = ORIENTED_EDGE('',*,*,#14271,.F.);
#14381 = ORIENTED_EDGE('',*,*,#14332,.T.);
#14382 = ORIENTED_EDGE('',*,*,#14311,.T.);
#14383 = ORIENTED_EDGE('',*,*,#14354,.F.);
#14384 = PLANE('',#14385);
#14385 = AXIS2_PLACEMENT_3D('',#14386,#14387,#14388);
#14386 = CARTESIAN_POINT('',(16.325,-21.55,2.85));
#14387 = DIRECTION('',(0.,0.,1.));
#14388 = DIRECTION('',(1.,0.,0.));
#14389 = MANIFOLD_SOLID_BREP('',#14390);
#14390 = CLOSED_SHELL('',(#14391,#14431,#14471,#14493,#14515,#14527));
#14391 = ADVANCED_FACE('',(#14392),#14426,.F.);
#14392 = FACE_BOUND('',#14393,.F.);
#14393 = EDGE_LOOP('',(#14394,#14404,#14412,#14420));
#14394 = ORIENTED_EDGE('',*,*,#14395,.F.);
#14395 = EDGE_CURVE('',#14396,#14398,#14400,.T.);
#14396 = VERTEX_POINT('',#14397);
#14397 = CARTESIAN_POINT('',(-4.85,-24.675,1.6));
#14398 = VERTEX_POINT('',#14399);
#14399 = CARTESIAN_POINT('',(-4.85,-24.675,2.25));
#14400 = LINE('',#14401,#14402);
#14401 = CARTESIAN_POINT('',(-4.85,-24.675,1.6));
#14402 = VECTOR('',#14403,1.);
#14403 = DIRECTION('',(0.,0.,1.));
#14404 = ORIENTED_EDGE('',*,*,#14405,.T.);
#14405 = EDGE_CURVE('',#14396,#14406,#14408,.T.);
#14406 = VERTEX_POINT('',#14407);
#14407 = CARTESIAN_POINT('',(-4.85,-23.325,1.6));
#14408 = LINE('',#14409,#14410);
#14409 = CARTESIAN_POINT('',(-4.85,-24.675,1.6));
#14410 = VECTOR('',#14411,1.);
#14411 = DIRECTION('',(0.,1.,0.));
#14412 = ORIENTED_EDGE('',*,*,#14413,.T.);
#14413 = EDGE_CURVE('',#14406,#14414,#14416,.T.);
#14414 = VERTEX_POINT('',#14415);
#14415 = CARTESIAN_POINT('',(-4.85,-23.325,2.25));
#14416 = LINE('',#14417,#14418);
#14417 = CARTESIAN_POINT('',(-4.85,-23.325,1.6));
#14418 = VECTOR('',#14419,1.);
#14419 = DIRECTION('',(0.,0.,1.));
#14420 = ORIENTED_EDGE('',*,*,#14421,.F.);
#14421 = EDGE_CURVE('',#14398,#14414,#14422,.T.);
#14422 = LINE('',#14423,#14424);
#14423 = CARTESIAN_POINT('',(-4.85,-24.675,2.25));
#14424 = VECTOR('',#14425,1.);
#14425 = DIRECTION('',(0.,1.,0.));
#14426 = PLANE('',#14427);
#14427 = AXIS2_PLACEMENT_3D('',#14428,#14429,#14430);
#14428 = CARTESIAN_POINT('',(-4.85,-24.675,1.6));
#14429 = DIRECTION('',(1.,0.,0.));
#14430 = DIRECTION('',(0.,0.,1.));
#14431 = ADVANCED_FACE('',(#14432),#14466,.T.);
#14432 = FACE_BOUND('',#14433,.T.);
#14433 = EDGE_LOOP('',(#14434,#14444,#14452,#14460));
#14434 = ORIENTED_EDGE('',*,*,#14435,.F.);
#14435 = EDGE_CURVE('',#14436,#14438,#14440,.T.);
#14436 = VERTEX_POINT('',#14437);
#14437 = CARTESIAN_POINT('',(-2.75,-24.675,1.6));
#14438 = VERTEX_POINT('',#14439);
#14439 = CARTESIAN_POINT('',(-2.75,-24.675,2.25));
#14440 = LINE('',#14441,#14442);
#14441 = CARTESIAN_POINT('',(-2.75,-24.675,1.6));
#14442 = VECTOR('',#14443,1.);
#14443 = DIRECTION('',(0.,0.,1.));
#14444 = ORIENTED_EDGE('',*,*,#14445,.T.);
#14445 = EDGE_CURVE('',#14436,#14446,#14448,.T.);
#14446 = VERTEX_POINT('',#14447);
#14447 = CARTESIAN_POINT('',(-2.75,-23.325,1.6));
#14448 = LINE('',#14449,#14450);
#14449 = CARTESIAN_POINT('',(-2.75,-24.675,1.6));
#14450 = VECTOR('',#14451,1.);
#14451 = DIRECTION('',(0.,1.,0.));
#14452 = ORIENTED_EDGE('',*,*,#14453,.T.);
#14453 = EDGE_CURVE('',#14446,#14454,#14456,.T.);
#14454 = VERTEX_POINT('',#14455);
#14455 = CARTESIAN_POINT('',(-2.75,-23.325,2.25));
#14456 = LINE('',#14457,#14458);
#14457 = CARTESIAN_POINT('',(-2.75,-23.325,1.6));
#14458 = VECTOR('',#14459,1.);
#14459 = DIRECTION('',(0.,0.,1.));
#14460 = ORIENTED_EDGE('',*,*,#14461,.F.);
#14461 = EDGE_CURVE('',#14438,#14454,#14462,.T.);
#14462 = LINE('',#14463,#14464);
#14463 = CARTESIAN_POINT('',(-2.75,-24.675,2.25));
#14464 = VECTOR('',#14465,1.);
#14465 = DIRECTION('',(0.,1.,0.));
#14466 = PLANE('',#14467);
#14467 = AXIS2_PLACEMENT_3D('',#14468,#14469,#14470);
#14468 = CARTESIAN_POINT('',(-2.75,-24.675,1.6));
#14469 = DIRECTION('',(1.,0.,0.));
#14470 = DIRECTION('',(0.,0.,1.));
#14471 = ADVANCED_FACE('',(#14472),#14488,.F.);
#14472 = FACE_BOUND('',#14473,.F.);
#14473 = EDGE_LOOP('',(#14474,#14480,#14481,#14487));
#14474 = ORIENTED_EDGE('',*,*,#14475,.F.);
#14475 = EDGE_CURVE('',#14396,#14436,#14476,.T.);
#14476 = LINE('',#14477,#14478);
#14477 = CARTESIAN_POINT('',(-4.85,-24.675,1.6));
#14478 = VECTOR('',#14479,1.);
#14479 = DIRECTION('',(1.,0.,0.));
#14480 = ORIENTED_EDGE('',*,*,#14395,.T.);
#14481 = ORIENTED_EDGE('',*,*,#14482,.T.);
#14482 = EDGE_CURVE('',#14398,#14438,#14483,.T.);
#14483 = LINE('',#14484,#14485);
#14484 = CARTESIAN_POINT('',(-4.85,-24.675,2.25));
#14485 = VECTOR('',#14486,1.);
#14486 = DIRECTION('',(1.,0.,0.));
#14487 = ORIENTED_EDGE('',*,*,#14435,.F.);
#14488 = PLANE('',#14489);
#14489 = AXIS2_PLACEMENT_3D('',#14490,#14491,#14492);
#14490 = CARTESIAN_POINT('',(-4.85,-24.675,1.6));
#14491 = DIRECTION('',(0.,1.,0.));
#14492 = DIRECTION('',(0.,0.,1.));
#14493 = ADVANCED_FACE('',(#14494),#14510,.T.);
#14494 = FACE_BOUND('',#14495,.T.);
#14495 = EDGE_LOOP('',(#14496,#14502,#14503,#14509));
#14496 = ORIENTED_EDGE('',*,*,#14497,.F.);
#14497 = EDGE_CURVE('',#14406,#14446,#14498,.T.);
#14498 = LINE('',#14499,#14500);
#14499 = CARTESIAN_POINT('',(-4.85,-23.325,1.6));
#14500 = VECTOR('',#14501,1.);
#14501 = DIRECTION('',(1.,0.,0.));
#14502 = ORIENTED_EDGE('',*,*,#14413,.T.);
#14503 = ORIENTED_EDGE('',*,*,#14504,.T.);
#14504 = EDGE_CURVE('',#14414,#14454,#14505,.T.);
#14505 = LINE('',#14506,#14507);
#14506 = CARTESIAN_POINT('',(-4.85,-23.325,2.25));
#14507 = VECTOR('',#14508,1.);
#14508 = DIRECTION('',(1.,0.,0.));
#14509 = ORIENTED_EDGE('',*,*,#14453,.F.);
#14510 = PLANE('',#14511);
#14511 = AXIS2_PLACEMENT_3D('',#14512,#14513,#14514);
#14512 = CARTESIAN_POINT('',(-4.85,-23.325,1.6));
#14513 = DIRECTION('',(0.,1.,0.));
#14514 = DIRECTION('',(0.,0.,1.));
#14515 = ADVANCED_FACE('',(#14516),#14522,.F.);
#14516 = FACE_BOUND('',#14517,.F.);
#14517 = EDGE_LOOP('',(#14518,#14519,#14520,#14521));
#14518 = ORIENTED_EDGE('',*,*,#14405,.F.);
#14519 = ORIENTED_EDGE('',*,*,#14475,.T.);
#14520 = ORIENTED_EDGE('',*,*,#14445,.T.);
#14521 = ORIENTED_EDGE('',*,*,#14497,.F.);
#14522 = PLANE('',#14523);
#14523 = AXIS2_PLACEMENT_3D('',#14524,#14525,#14526);
#14524 = CARTESIAN_POINT('',(-4.85,-24.675,1.6));
#14525 = DIRECTION('',(0.,0.,1.));
#14526 = DIRECTION('',(1.,0.,0.));
#14527 = ADVANCED_FACE('',(#14528),#14534,.T.);
#14528 = FACE_BOUND('',#14529,.T.);
#14529 = EDGE_LOOP('',(#14530,#14531,#14532,#14533));
#14530 = ORIENTED_EDGE('',*,*,#14421,.F.);
#14531 = ORIENTED_EDGE('',*,*,#14482,.T.);
#14532 = ORIENTED_EDGE('',*,*,#14461,.T.);
#14533 = ORIENTED_EDGE('',*,*,#14504,.F.);
#14534 = PLANE('',#14535);
#14535 = AXIS2_PLACEMENT_3D('',#14536,#14537,#14538);
#14536 = CARTESIAN_POINT('',(-4.85,-24.675,2.25));
#14537 = DIRECTION('',(0.,0.,1.));
#14538 = DIRECTION('',(1.,0.,0.));
#14539 = MANIFOLD_SOLID_BREP('',#14540);
#14540 = CLOSED_SHELL('',(#14541,#14581,#14621,#14643,#14665,#14677));
#14541 = ADVANCED_FACE('',(#14542),#14576,.F.);
#14542 = FACE_BOUND('',#14543,.F.);
#14543 = EDGE_LOOP('',(#14544,#14554,#14562,#14570));
#14544 = ORIENTED_EDGE('',*,*,#14545,.F.);
#14545 = EDGE_CURVE('',#14546,#14548,#14550,.T.);
#14546 = VERTEX_POINT('',#14547);
#14547 = CARTESIAN_POINT('',(-32.175,-9.55,1.6));
#14548 = VERTEX_POINT('',#14549);
#14549 = CARTESIAN_POINT('',(-32.175,-9.55,2.25));
#14550 = LINE('',#14551,#14552);
#14551 = CARTESIAN_POINT('',(-32.175,-9.55,1.6));
#14552 = VECTOR('',#14553,1.);
#14553 = DIRECTION('',(0.,0.,1.));
#14554 = ORIENTED_EDGE('',*,*,#14555,.T.);
#14555 = EDGE_CURVE('',#14546,#14556,#14558,.T.);
#14556 = VERTEX_POINT('',#14557);
#14557 = CARTESIAN_POINT('',(-32.175,-7.45,1.6));
#14558 = LINE('',#14559,#14560);
#14559 = CARTESIAN_POINT('',(-32.175,-9.55,1.6));
#14560 = VECTOR('',#14561,1.);
#14561 = DIRECTION('',(0.,1.,0.));
#14562 = ORIENTED_EDGE('',*,*,#14563,.T.);
#14563 = EDGE_CURVE('',#14556,#14564,#14566,.T.);
#14564 = VERTEX_POINT('',#14565);
#14565 = CARTESIAN_POINT('',(-32.175,-7.45,2.25));
#14566 = LINE('',#14567,#14568);
#14567 = CARTESIAN_POINT('',(-32.175,-7.45,1.6));
#14568 = VECTOR('',#14569,1.);
#14569 = DIRECTION('',(0.,0.,1.));
#14570 = ORIENTED_EDGE('',*,*,#14571,.F.);
#14571 = EDGE_CURVE('',#14548,#14564,#14572,.T.);
#14572 = LINE('',#14573,#14574);
#14573 = CARTESIAN_POINT('',(-32.175,-9.55,2.25));
#14574 = VECTOR('',#14575,1.);
#14575 = DIRECTION('',(0.,1.,0.));
#14576 = PLANE('',#14577);
#14577 = AXIS2_PLACEMENT_3D('',#14578,#14579,#14580);
#14578 = CARTESIAN_POINT('',(-32.175,-9.55,1.6));
#14579 = DIRECTION('',(1.,0.,0.));
#14580 = DIRECTION('',(0.,0.,1.));
#14581 = ADVANCED_FACE('',(#14582),#14616,.T.);
#14582 = FACE_BOUND('',#14583,.T.);
#14583 = EDGE_LOOP('',(#14584,#14594,#14602,#14610));
#14584 = ORIENTED_EDGE('',*,*,#14585,.F.);
#14585 = EDGE_CURVE('',#14586,#14588,#14590,.T.);
#14586 = VERTEX_POINT('',#14587);
#14587 = CARTESIAN_POINT('',(-30.825,-9.55,1.6));
#14588 = VERTEX_POINT('',#14589);
#14589 = CARTESIAN_POINT('',(-30.825,-9.55,2.25));
#14590 = LINE('',#14591,#14592);
#14591 = CARTESIAN_POINT('',(-30.825,-9.55,1.6));
#14592 = VECTOR('',#14593,1.);
#14593 = DIRECTION('',(0.,0.,1.));
#14594 = ORIENTED_EDGE('',*,*,#14595,.T.);
#14595 = EDGE_CURVE('',#14586,#14596,#14598,.T.);
#14596 = VERTEX_POINT('',#14597);
#14597 = CARTESIAN_POINT('',(-30.825,-7.45,1.6));
#14598 = LINE('',#14599,#14600);
#14599 = CARTESIAN_POINT('',(-30.825,-9.55,1.6));
#14600 = VECTOR('',#14601,1.);
#14601 = DIRECTION('',(0.,1.,0.));
#14602 = ORIENTED_EDGE('',*,*,#14603,.T.);
#14603 = EDGE_CURVE('',#14596,#14604,#14606,.T.);
#14604 = VERTEX_POINT('',#14605);
#14605 = CARTESIAN_POINT('',(-30.825,-7.45,2.25));
#14606 = LINE('',#14607,#14608);
#14607 = CARTESIAN_POINT('',(-30.825,-7.45,1.6));
#14608 = VECTOR('',#14609,1.);
#14609 = DIRECTION('',(0.,0.,1.));
#14610 = ORIENTED_EDGE('',*,*,#14611,.F.);
#14611 = EDGE_CURVE('',#14588,#14604,#14612,.T.);
#14612 = LINE('',#14613,#14614);
#14613 = CARTESIAN_POINT('',(-30.825,-9.55,2.25));
#14614 = VECTOR('',#14615,1.);
#14615 = DIRECTION('',(0.,1.,0.));
#14616 = PLANE('',#14617);
#14617 = AXIS2_PLACEMENT_3D('',#14618,#14619,#14620);
#14618 = CARTESIAN_POINT('',(-30.825,-9.55,1.6));
#14619 = DIRECTION('',(1.,0.,0.));
#14620 = DIRECTION('',(0.,0.,1.));
#14621 = ADVANCED_FACE('',(#14622),#14638,.F.);
#14622 = FACE_BOUND('',#14623,.F.);
#14623 = EDGE_LOOP('',(#14624,#14630,#14631,#14637));
#14624 = ORIENTED_EDGE('',*,*,#14625,.F.);
#14625 = EDGE_CURVE('',#14546,#14586,#14626,.T.);
#14626 = LINE('',#14627,#14628);
#14627 = CARTESIAN_POINT('',(-32.175,-9.55,1.6));
#14628 = VECTOR('',#14629,1.);
#14629 = DIRECTION('',(1.,0.,0.));
#14630 = ORIENTED_EDGE('',*,*,#14545,.T.);
#14631 = ORIENTED_EDGE('',*,*,#14632,.T.);
#14632 = EDGE_CURVE('',#14548,#14588,#14633,.T.);
#14633 = LINE('',#14634,#14635);
#14634 = CARTESIAN_POINT('',(-32.175,-9.55,2.25));
#14635 = VECTOR('',#14636,1.);
#14636 = DIRECTION('',(1.,0.,0.));
#14637 = ORIENTED_EDGE('',*,*,#14585,.F.);
#14638 = PLANE('',#14639);
#14639 = AXIS2_PLACEMENT_3D('',#14640,#14641,#14642);
#14640 = CARTESIAN_POINT('',(-32.175,-9.55,1.6));
#14641 = DIRECTION('',(0.,1.,0.));
#14642 = DIRECTION('',(0.,0.,1.));
#14643 = ADVANCED_FACE('',(#14644),#14660,.T.);
#14644 = FACE_BOUND('',#14645,.T.);
#14645 = EDGE_LOOP('',(#14646,#14652,#14653,#14659));
#14646 = ORIENTED_EDGE('',*,*,#14647,.F.);
#14647 = EDGE_CURVE('',#14556,#14596,#14648,.T.);
#14648 = LINE('',#14649,#14650);
#14649 = CARTESIAN_POINT('',(-32.175,-7.45,1.6));
#14650 = VECTOR('',#14651,1.);
#14651 = DIRECTION('',(1.,0.,0.));
#14652 = ORIENTED_EDGE('',*,*,#14563,.T.);
#14653 = ORIENTED_EDGE('',*,*,#14654,.T.);
#14654 = EDGE_CURVE('',#14564,#14604,#14655,.T.);
#14655 = LINE('',#14656,#14657);
#14656 = CARTESIAN_POINT('',(-32.175,-7.45,2.25));
#14657 = VECTOR('',#14658,1.);
#14658 = DIRECTION('',(1.,0.,0.));
#14659 = ORIENTED_EDGE('',*,*,#14603,.F.);
#14660 = PLANE('',#14661);
#14661 = AXIS2_PLACEMENT_3D('',#14662,#14663,#14664);
#14662 = CARTESIAN_POINT('',(-32.175,-7.45,1.6));
#14663 = DIRECTION('',(0.,1.,0.));
#14664 = DIRECTION('',(0.,0.,1.));
#14665 = ADVANCED_FACE('',(#14666),#14672,.F.);
#14666 = FACE_BOUND('',#14667,.F.);
#14667 = EDGE_LOOP('',(#14668,#14669,#14670,#14671));
#14668 = ORIENTED_EDGE('',*,*,#14555,.F.);
#14669 = ORIENTED_EDGE('',*,*,#14625,.T.);
#14670 = ORIENTED_EDGE('',*,*,#14595,.T.);
#14671 = ORIENTED_EDGE('',*,*,#14647,.F.);
#14672 = PLANE('',#14673);
#14673 = AXIS2_PLACEMENT_3D('',#14674,#14675,#14676);
#14674 = CARTESIAN_POINT('',(-32.175,-9.55,1.6));
#14675 = DIRECTION('',(0.,0.,1.));
#14676 = DIRECTION('',(1.,0.,0.));
#14677 = ADVANCED_FACE('',(#14678),#14684,.T.);
#14678 = FACE_BOUND('',#14679,.T.);
#14679 = EDGE_LOOP('',(#14680,#14681,#14682,#14683));
#14680 = ORIENTED_EDGE('',*,*,#14571,.F.);
#14681 = ORIENTED_EDGE('',*,*,#14632,.T.);
#14682 = ORIENTED_EDGE('',*,*,#14611,.T.);
#14683 = ORIENTED_EDGE('',*,*,#14654,.F.);
#14684 = PLANE('',#14685);
#14685 = AXIS2_PLACEMENT_3D('',#14686,#14687,#14688);
#14686 = CARTESIAN_POINT('',(-32.175,-9.55,2.25));
#14687 = DIRECTION('',(0.,0.,1.));
#14688 = DIRECTION('',(1.,0.,0.));
#14689 = MANIFOLD_SOLID_BREP('',#14690);
#14690 = CLOSED_SHELL('',(#14691,#14731,#14771,#14793,#14815,#14827));
#14691 = ADVANCED_FACE('',(#14692),#14726,.F.);
#14692 = FACE_BOUND('',#14693,.F.);
#14693 = EDGE_LOOP('',(#14694,#14704,#14712,#14720));
#14694 = ORIENTED_EDGE('',*,*,#14695,.F.);
#14695 = EDGE_CURVE('',#14696,#14698,#14700,.T.);
#14696 = VERTEX_POINT('',#14697);
#14697 = CARTESIAN_POINT('',(-16.05,-40.575,1.6));
#14698 = VERTEX_POINT('',#14699);
#14699 = CARTESIAN_POINT('',(-16.05,-40.575,2.25));
#14700 = LINE('',#14701,#14702);
#14701 = CARTESIAN_POINT('',(-16.05,-40.575,1.6));
#14702 = VECTOR('',#14703,1.);
#14703 = DIRECTION('',(0.,0.,1.));
#14704 = ORIENTED_EDGE('',*,*,#14705,.T.);
#14705 = EDGE_CURVE('',#14696,#14706,#14708,.T.);
#14706 = VERTEX_POINT('',#14707);
#14707 = CARTESIAN_POINT('',(-16.05,-39.225,1.6));
#14708 = LINE('',#14709,#14710);
#14709 = CARTESIAN_POINT('',(-16.05,-40.575,1.6));
#14710 = VECTOR('',#14711,1.);
#14711 = DIRECTION('',(0.,1.,0.));
#14712 = ORIENTED_EDGE('',*,*,#14713,.T.);
#14713 = EDGE_CURVE('',#14706,#14714,#14716,.T.);
#14714 = VERTEX_POINT('',#14715);
#14715 = CARTESIAN_POINT('',(-16.05,-39.225,2.25));
#14716 = LINE('',#14717,#14718);
#14717 = CARTESIAN_POINT('',(-16.05,-39.225,1.6));
#14718 = VECTOR('',#14719,1.);
#14719 = DIRECTION('',(0.,0.,1.));
#14720 = ORIENTED_EDGE('',*,*,#14721,.F.);
#14721 = EDGE_CURVE('',#14698,#14714,#14722,.T.);
#14722 = LINE('',#14723,#14724);
#14723 = CARTESIAN_POINT('',(-16.05,-40.575,2.25));
#14724 = VECTOR('',#14725,1.);
#14725 = DIRECTION('',(0.,1.,0.));
#14726 = PLANE('',#14727);
#14727 = AXIS2_PLACEMENT_3D('',#14728,#14729,#14730);
#14728 = CARTESIAN_POINT('',(-16.05,-40.575,1.6));
#14729 = DIRECTION('',(1.,0.,0.));
#14730 = DIRECTION('',(0.,0.,1.));
#14731 = ADVANCED_FACE('',(#14732),#14766,.T.);
#14732 = FACE_BOUND('',#14733,.T.);
#14733 = EDGE_LOOP('',(#14734,#14744,#14752,#14760));
#14734 = ORIENTED_EDGE('',*,*,#14735,.F.);
#14735 = EDGE_CURVE('',#14736,#14738,#14740,.T.);
#14736 = VERTEX_POINT('',#14737);
#14737 = CARTESIAN_POINT('',(-13.95,-40.575,1.6));
#14738 = VERTEX_POINT('',#14739);
#14739 = CARTESIAN_POINT('',(-13.95,-40.575,2.25));
#14740 = LINE('',#14741,#14742);
#14741 = CARTESIAN_POINT('',(-13.95,-40.575,1.6));
#14742 = VECTOR('',#14743,1.);
#14743 = DIRECTION('',(0.,0.,1.));
#14744 = ORIENTED_EDGE('',*,*,#14745,.T.);
#14745 = EDGE_CURVE('',#14736,#14746,#14748,.T.);
#14746 = VERTEX_POINT('',#14747);
#14747 = CARTESIAN_POINT('',(-13.95,-39.225,1.6));
#14748 = LINE('',#14749,#14750);
#14749 = CARTESIAN_POINT('',(-13.95,-40.575,1.6));
#14750 = VECTOR('',#14751,1.);
#14751 = DIRECTION('',(0.,1.,0.));
#14752 = ORIENTED_EDGE('',*,*,#14753,.T.);
#14753 = EDGE_CURVE('',#14746,#14754,#14756,.T.);
#14754 = VERTEX_POINT('',#14755);
#14755 = CARTESIAN_POINT('',(-13.95,-39.225,2.25));
#14756 = LINE('',#14757,#14758);
#14757 = CARTESIAN_POINT('',(-13.95,-39.225,1.6));
#14758 = VECTOR('',#14759,1.);
#14759 = DIRECTION('',(0.,0.,1.));
#14760 = ORIENTED_EDGE('',*,*,#14761,.F.);
#14761 = EDGE_CURVE('',#14738,#14754,#14762,.T.);
#14762 = LINE('',#14763,#14764);
#14763 = CARTESIAN_POINT('',(-13.95,-40.575,2.25));
#14764 = VECTOR('',#14765,1.);
#14765 = DIRECTION('',(0.,1.,0.));
#14766 = PLANE('',#14767);
#14767 = AXIS2_PLACEMENT_3D('',#14768,#14769,#14770);
#14768 = CARTESIAN_POINT('',(-13.95,-40.575,1.6));
#14769 = DIRECTION('',(1.,0.,0.));
#14770 = DIRECTION('',(0.,0.,1.));
#14771 = ADVANCED_FACE('',(#14772),#14788,.F.);
#14772 = FACE_BOUND('',#14773,.F.);
#14773 = EDGE_LOOP('',(#14774,#14780,#14781,#14787));
#14774 = ORIENTED_EDGE('',*,*,#14775,.F.);
#14775 = EDGE_CURVE('',#14696,#14736,#14776,.T.);
#14776 = LINE('',#14777,#14778);
#14777 = CARTESIAN_POINT('',(-16.05,-40.575,1.6));
#14778 = VECTOR('',#14779,1.);
#14779 = DIRECTION('',(1.,0.,0.));
#14780 = ORIENTED_EDGE('',*,*,#14695,.T.);
#14781 = ORIENTED_EDGE('',*,*,#14782,.T.);
#14782 = EDGE_CURVE('',#14698,#14738,#14783,.T.);
#14783 = LINE('',#14784,#14785);
#14784 = CARTESIAN_POINT('',(-16.05,-40.575,2.25));
#14785 = VECTOR('',#14786,1.);
#14786 = DIRECTION('',(1.,0.,0.));
#14787 = ORIENTED_EDGE('',*,*,#14735,.F.);
#14788 = PLANE('',#14789);
#14789 = AXIS2_PLACEMENT_3D('',#14790,#14791,#14792);
#14790 = CARTESIAN_POINT('',(-16.05,-40.575,1.6));
#14791 = DIRECTION('',(0.,1.,0.));
#14792 = DIRECTION('',(0.,0.,1.));
#14793 = ADVANCED_FACE('',(#14794),#14810,.T.);
#14794 = FACE_BOUND('',#14795,.T.);
#14795 = EDGE_LOOP('',(#14796,#14802,#14803,#14809));
#14796 = ORIENTED_EDGE('',*,*,#14797,.F.);
#14797 = EDGE_CURVE('',#14706,#14746,#14798,.T.);
#14798 = LINE('',#14799,#14800);
#14799 = CARTESIAN_POINT('',(-16.05,-39.225,1.6));
#14800 = VECTOR('',#14801,1.);
#14801 = DIRECTION('',(1.,0.,0.));
#14802 = ORIENTED_EDGE('',*,*,#14713,.T.);
#14803 = ORIENTED_EDGE('',*,*,#14804,.T.);
#14804 = EDGE_CURVE('',#14714,#14754,#14805,.T.);
#14805 = LINE('',#14806,#14807);
#14806 = CARTESIAN_POINT('',(-16.05,-39.225,2.25));
#14807 = VECTOR('',#14808,1.);
#14808 = DIRECTION('',(1.,0.,0.));
#14809 = ORIENTED_EDGE('',*,*,#14753,.F.);
#14810 = PLANE('',#14811);
#14811 = AXIS2_PLACEMENT_3D('',#14812,#14813,#14814);
#14812 = CARTESIAN_POINT('',(-16.05,-39.225,1.6));
#14813 = DIRECTION('',(0.,1.,0.));
#14814 = DIRECTION('',(0.,0.,1.));
#14815 = ADVANCED_FACE('',(#14816),#14822,.F.);
#14816 = FACE_BOUND('',#14817,.F.);
#14817 = EDGE_LOOP('',(#14818,#14819,#14820,#14821));
#14818 = ORIENTED_EDGE('',*,*,#14705,.F.);
#14819 = ORIENTED_EDGE('',*,*,#14775,.T.);
#14820 = ORIENTED_EDGE('',*,*,#14745,.T.);
#14821 = ORIENTED_EDGE('',*,*,#14797,.F.);
#14822 = PLANE('',#14823);
#14823 = AXIS2_PLACEMENT_3D('',#14824,#14825,#14826);
#14824 = CARTESIAN_POINT('',(-16.05,-40.575,1.6));
#14825 = DIRECTION('',(0.,0.,1.));
#14826 = DIRECTION('',(1.,0.,0.));
#14827 = ADVANCED_FACE('',(#14828),#14834,.T.);
#14828 = FACE_BOUND('',#14829,.T.);
#14829 = EDGE_LOOP('',(#14830,#14831,#14832,#14833));
#14830 = ORIENTED_EDGE('',*,*,#14721,.F.);
#14831 = ORIENTED_EDGE('',*,*,#14782,.T.);
#14832 = ORIENTED_EDGE('',*,*,#14761,.T.);
#14833 = ORIENTED_EDGE('',*,*,#14804,.F.);
#14834 = PLANE('',#14835);
#14835 = AXIS2_PLACEMENT_3D('',#14836,#14837,#14838);
#14836 = CARTESIAN_POINT('',(-16.05,-40.575,2.25));
#14837 = DIRECTION('',(0.,0.,1.));
#14838 = DIRECTION('',(1.,0.,0.));
#14839 = MANIFOLD_SOLID_BREP('',#14840);
#14840 = CLOSED_SHELL('',(#14841,#14881,#14921,#14943,#14965,#14977));
#14841 = ADVANCED_FACE('',(#14842),#14876,.F.);
#14842 = FACE_BOUND('',#14843,.F.);
#14843 = EDGE_LOOP('',(#14844,#14854,#14862,#14870));
#14844 = ORIENTED_EDGE('',*,*,#14845,.F.);
#14845 = EDGE_CURVE('',#14846,#14848,#14850,.T.);
#14846 = VERTEX_POINT('',#14847);
#14847 = CARTESIAN_POINT('',(-2.05,-33.175,1.6));
#14848 = VERTEX_POINT('',#14849);
#14849 = CARTESIAN_POINT('',(-2.05,-33.175,2.85));
#14850 = LINE('',#14851,#14852);
#14851 = CARTESIAN_POINT('',(-2.05,-33.175,1.6));
#14852 = VECTOR('',#14853,1.);
#14853 = DIRECTION('',(0.,0.,1.));
#14854 = ORIENTED_EDGE('',*,*,#14855,.T.);
#14855 = EDGE_CURVE('',#14846,#14856,#14858,.T.);
#14856 = VERTEX_POINT('',#14857);
#14857 = CARTESIAN_POINT('',(-2.05,-31.825,1.6));
#14858 = LINE('',#14859,#14860);
#14859 = CARTESIAN_POINT('',(-2.05,-33.175,1.6));
#14860 = VECTOR('',#14861,1.);
#14861 = DIRECTION('',(0.,1.,0.));
#14862 = ORIENTED_EDGE('',*,*,#14863,.T.);
#14863 = EDGE_CURVE('',#14856,#14864,#14866,.T.);
#14864 = VERTEX_POINT('',#14865);
#14865 = CARTESIAN_POINT('',(-2.05,-31.825,2.85));
#14866 = LINE('',#14867,#14868);
#14867 = CARTESIAN_POINT('',(-2.05,-31.825,1.6));
#14868 = VECTOR('',#14869,1.);
#14869 = DIRECTION('',(0.,0.,1.));
#14870 = ORIENTED_EDGE('',*,*,#14871,.F.);
#14871 = EDGE_CURVE('',#14848,#14864,#14872,.T.);
#14872 = LINE('',#14873,#14874);
#14873 = CARTESIAN_POINT('',(-2.05,-33.175,2.85));
#14874 = VECTOR('',#14875,1.);
#14875 = DIRECTION('',(0.,1.,0.));
#14876 = PLANE('',#14877);
#14877 = AXIS2_PLACEMENT_3D('',#14878,#14879,#14880);
#14878 = CARTESIAN_POINT('',(-2.05,-33.175,1.6));
#14879 = DIRECTION('',(1.,0.,0.));
#14880 = DIRECTION('',(0.,0.,1.));
#14881 = ADVANCED_FACE('',(#14882),#14916,.T.);
#14882 = FACE_BOUND('',#14883,.T.);
#14883 = EDGE_LOOP('',(#14884,#14894,#14902,#14910));
#14884 = ORIENTED_EDGE('',*,*,#14885,.F.);
#14885 = EDGE_CURVE('',#14886,#14888,#14890,.T.);
#14886 = VERTEX_POINT('',#14887);
#14887 = CARTESIAN_POINT('',(5.E-02,-33.175,1.6));
#14888 = VERTEX_POINT('',#14889);
#14889 = CARTESIAN_POINT('',(5.E-02,-33.175,2.85));
#14890 = LINE('',#14891,#14892);
#14891 = CARTESIAN_POINT('',(5.E-02,-33.175,1.6));
#14892 = VECTOR('',#14893,1.);
#14893 = DIRECTION('',(0.,0.,1.));
#14894 = ORIENTED_EDGE('',*,*,#14895,.T.);
#14895 = EDGE_CURVE('',#14886,#14896,#14898,.T.);
#14896 = VERTEX_POINT('',#14897);
#14897 = CARTESIAN_POINT('',(5.E-02,-31.825,1.6));
#14898 = LINE('',#14899,#14900);
#14899 = CARTESIAN_POINT('',(5.E-02,-33.175,1.6));
#14900 = VECTOR('',#14901,1.);
#14901 = DIRECTION('',(0.,1.,0.));
#14902 = ORIENTED_EDGE('',*,*,#14903,.T.);
#14903 = EDGE_CURVE('',#14896,#14904,#14906,.T.);
#14904 = VERTEX_POINT('',#14905);
#14905 = CARTESIAN_POINT('',(5.E-02,-31.825,2.85));
#14906 = LINE('',#14907,#14908);
#14907 = CARTESIAN_POINT('',(5.E-02,-31.825,1.6));
#14908 = VECTOR('',#14909,1.);
#14909 = DIRECTION('',(0.,0.,1.));
#14910 = ORIENTED_EDGE('',*,*,#14911,.F.);
#14911 = EDGE_CURVE('',#14888,#14904,#14912,.T.);
#14912 = LINE('',#14913,#14914);
#14913 = CARTESIAN_POINT('',(5.E-02,-33.175,2.85));
#14914 = VECTOR('',#14915,1.);
#14915 = DIRECTION('',(0.,1.,0.));
#14916 = PLANE('',#14917);
#14917 = AXIS2_PLACEMENT_3D('',#14918,#14919,#14920);
#14918 = CARTESIAN_POINT('',(5.E-02,-33.175,1.6));
#14919 = DIRECTION('',(1.,0.,0.));
#14920 = DIRECTION('',(0.,0.,1.));
#14921 = ADVANCED_FACE('',(#14922),#14938,.F.);
#14922 = FACE_BOUND('',#14923,.F.);
#14923 = EDGE_LOOP('',(#14924,#14930,#14931,#14937));
#14924 = ORIENTED_EDGE('',*,*,#14925,.F.);
#14925 = EDGE_CURVE('',#14846,#14886,#14926,.T.);
#14926 = LINE('',#14927,#14928);
#14927 = CARTESIAN_POINT('',(-2.05,-33.175,1.6));
#14928 = VECTOR('',#14929,1.);
#14929 = DIRECTION('',(1.,0.,0.));
#14930 = ORIENTED_EDGE('',*,*,#14845,.T.);
#14931 = ORIENTED_EDGE('',*,*,#14932,.T.);
#14932 = EDGE_CURVE('',#14848,#14888,#14933,.T.);
#14933 = LINE('',#14934,#14935);
#14934 = CARTESIAN_POINT('',(-2.05,-33.175,2.85));
#14935 = VECTOR('',#14936,1.);
#14936 = DIRECTION('',(1.,0.,0.));
#14937 = ORIENTED_EDGE('',*,*,#14885,.F.);
#14938 = PLANE('',#14939);
#14939 = AXIS2_PLACEMENT_3D('',#14940,#14941,#14942);
#14940 = CARTESIAN_POINT('',(-2.05,-33.175,1.6));
#14941 = DIRECTION('',(0.,1.,0.));
#14942 = DIRECTION('',(0.,0.,1.));
#14943 = ADVANCED_FACE('',(#14944),#14960,.T.);
#14944 = FACE_BOUND('',#14945,.T.);
#14945 = EDGE_LOOP('',(#14946,#14952,#14953,#14959));
#14946 = ORIENTED_EDGE('',*,*,#14947,.F.);
#14947 = EDGE_CURVE('',#14856,#14896,#14948,.T.);
#14948 = LINE('',#14949,#14950);
#14949 = CARTESIAN_POINT('',(-2.05,-31.825,1.6));
#14950 = VECTOR('',#14951,1.);
#14951 = DIRECTION('',(1.,0.,0.));
#14952 = ORIENTED_EDGE('',*,*,#14863,.T.);
#14953 = ORIENTED_EDGE('',*,*,#14954,.T.);
#14954 = EDGE_CURVE('',#14864,#14904,#14955,.T.);
#14955 = LINE('',#14956,#14957);
#14956 = CARTESIAN_POINT('',(-2.05,-31.825,2.85));
#14957 = VECTOR('',#14958,1.);
#14958 = DIRECTION('',(1.,0.,0.));
#14959 = ORIENTED_EDGE('',*,*,#14903,.F.);
#14960 = PLANE('',#14961);
#14961 = AXIS2_PLACEMENT_3D('',#14962,#14963,#14964);
#14962 = CARTESIAN_POINT('',(-2.05,-31.825,1.6));
#14963 = DIRECTION('',(0.,1.,0.));
#14964 = DIRECTION('',(0.,0.,1.));
#14965 = ADVANCED_FACE('',(#14966),#14972,.F.);
#14966 = FACE_BOUND('',#14967,.F.);
#14967 = EDGE_LOOP('',(#14968,#14969,#14970,#14971));
#14968 = ORIENTED_EDGE('',*,*,#14855,.F.);
#14969 = ORIENTED_EDGE('',*,*,#14925,.T.);
#14970 = ORIENTED_EDGE('',*,*,#14895,.T.);
#14971 = ORIENTED_EDGE('',*,*,#14947,.F.);
#14972 = PLANE('',#14973);
#14973 = AXIS2_PLACEMENT_3D('',#14974,#14975,#14976);
#14974 = CARTESIAN_POINT('',(-2.05,-33.175,1.6));
#14975 = DIRECTION('',(0.,0.,1.));
#14976 = DIRECTION('',(1.,0.,0.));
#14977 = ADVANCED_FACE('',(#14978),#14984,.T.);
#14978 = FACE_BOUND('',#14979,.T.);
#14979 = EDGE_LOOP('',(#14980,#14981,#14982,#14983));
#14980 = ORIENTED_EDGE('',*,*,#14871,.F.);
#14981 = ORIENTED_EDGE('',*,*,#14932,.T.);
#14982 = ORIENTED_EDGE('',*,*,#14911,.T.);
#14983 = ORIENTED_EDGE('',*,*,#14954,.F.);
#14984 = PLANE('',#14985);
#14985 = AXIS2_PLACEMENT_3D('',#14986,#14987,#14988);
#14986 = CARTESIAN_POINT('',(-2.05,-33.175,2.85));
#14987 = DIRECTION('',(0.,0.,1.));
#14988 = DIRECTION('',(1.,0.,0.));
#14989 = MANIFOLD_SOLID_BREP('',#14990);
#14990 = CLOSED_SHELL('',(#14991,#15031,#15071,#15093,#15115,#15127));
#14991 = ADVANCED_FACE('',(#14992),#15026,.F.);
#14992 = FACE_BOUND('',#14993,.F.);
#14993 = EDGE_LOOP('',(#14994,#15004,#15012,#15020));
#14994 = ORIENTED_EDGE('',*,*,#14995,.F.);
#14995 = EDGE_CURVE('',#14996,#14998,#15000,.T.);
#14996 = VERTEX_POINT('',#14997);
#14997 = CARTESIAN_POINT('',(30.8,-31.55,1.6));
#14998 = VERTEX_POINT('',#14999);
#14999 = CARTESIAN_POINT('',(30.8,-31.55,2.7));
#15000 = LINE('',#15001,#15002);
#15001 = CARTESIAN_POINT('',(30.8,-31.55,1.6));
#15002 = VECTOR('',#15003,1.);
#15003 = DIRECTION('',(0.,0.,1.));
#15004 = ORIENTED_EDGE('',*,*,#15005,.T.);
#15005 = EDGE_CURVE('',#14996,#15006,#15008,.T.);
#15006 = VERTEX_POINT('',#15007);
#15007 = CARTESIAN_POINT('',(30.8,-29.45,1.6));
#15008 = LINE('',#15009,#15010);
#15009 = CARTESIAN_POINT('',(30.8,-31.55,1.6));
#15010 = VECTOR('',#15011,1.);
#15011 = DIRECTION('',(0.,1.,0.));
#15012 = ORIENTED_EDGE('',*,*,#15013,.T.);
#15013 = EDGE_CURVE('',#15006,#15014,#15016,.T.);
#15014 = VERTEX_POINT('',#15015);
#15015 = CARTESIAN_POINT('',(30.8,-29.45,2.7));
#15016 = LINE('',#15017,#15018);
#15017 = CARTESIAN_POINT('',(30.8,-29.45,1.6));
#15018 = VECTOR('',#15019,1.);
#15019 = DIRECTION('',(0.,0.,1.));
#15020 = ORIENTED_EDGE('',*,*,#15021,.F.);
#15021 = EDGE_CURVE('',#14998,#15014,#15022,.T.);
#15022 = LINE('',#15023,#15024);
#15023 = CARTESIAN_POINT('',(30.8,-31.55,2.7));
#15024 = VECTOR('',#15025,1.);
#15025 = DIRECTION('',(0.,1.,0.));
#15026 = PLANE('',#15027);
#15027 = AXIS2_PLACEMENT_3D('',#15028,#15029,#15030);
#15028 = CARTESIAN_POINT('',(30.8,-31.55,1.6));
#15029 = DIRECTION('',(1.,0.,0.));
#15030 = DIRECTION('',(0.,0.,1.));
#15031 = ADVANCED_FACE('',(#15032),#15066,.T.);
#15032 = FACE_BOUND('',#15033,.T.);
#15033 = EDGE_LOOP('',(#15034,#15044,#15052,#15060));
#15034 = ORIENTED_EDGE('',*,*,#15035,.F.);
#15035 = EDGE_CURVE('',#15036,#15038,#15040,.T.);
#15036 = VERTEX_POINT('',#15037);
#15037 = CARTESIAN_POINT('',(33.2,-31.55,1.6));
#15038 = VERTEX_POINT('',#15039);
#15039 = CARTESIAN_POINT('',(33.2,-31.55,2.7));
#15040 = LINE('',#15041,#15042);
#15041 = CARTESIAN_POINT('',(33.2,-31.55,1.6));
#15042 = VECTOR('',#15043,1.);
#15043 = DIRECTION('',(0.,0.,1.));
#15044 = ORIENTED_EDGE('',*,*,#15045,.T.);
#15045 = EDGE_CURVE('',#15036,#15046,#15048,.T.);
#15046 = VERTEX_POINT('',#15047);
#15047 = CARTESIAN_POINT('',(33.2,-29.45,1.6));
#15048 = LINE('',#15049,#15050);
#15049 = CARTESIAN_POINT('',(33.2,-31.55,1.6));
#15050 = VECTOR('',#15051,1.);
#15051 = DIRECTION('',(0.,1.,0.));
#15052 = ORIENTED_EDGE('',*,*,#15053,.T.);
#15053 = EDGE_CURVE('',#15046,#15054,#15056,.T.);
#15054 = VERTEX_POINT('',#15055);
#15055 = CARTESIAN_POINT('',(33.2,-29.45,2.7));
#15056 = LINE('',#15057,#15058);
#15057 = CARTESIAN_POINT('',(33.2,-29.45,1.6));
#15058 = VECTOR('',#15059,1.);
#15059 = DIRECTION('',(0.,0.,1.));
#15060 = ORIENTED_EDGE('',*,*,#15061,.F.);
#15061 = EDGE_CURVE('',#15038,#15054,#15062,.T.);
#15062 = LINE('',#15063,#15064);
#15063 = CARTESIAN_POINT('',(33.2,-31.55,2.7));
#15064 = VECTOR('',#15065,1.);
#15065 = DIRECTION('',(0.,1.,0.));
#15066 = PLANE('',#15067);
#15067 = AXIS2_PLACEMENT_3D('',#15068,#15069,#15070);
#15068 = CARTESIAN_POINT('',(33.2,-31.55,1.6));
#15069 = DIRECTION('',(1.,0.,0.));
#15070 = DIRECTION('',(0.,0.,1.));
#15071 = ADVANCED_FACE('',(#15072),#15088,.F.);
#15072 = FACE_BOUND('',#15073,.F.);
#15073 = EDGE_LOOP('',(#15074,#15080,#15081,#15087));
#15074 = ORIENTED_EDGE('',*,*,#15075,.F.);
#15075 = EDGE_CURVE('',#14996,#15036,#15076,.T.);
#15076 = LINE('',#15077,#15078);
#15077 = CARTESIAN_POINT('',(30.8,-31.55,1.6));
#15078 = VECTOR('',#15079,1.);
#15079 = DIRECTION('',(1.,0.,0.));
#15080 = ORIENTED_EDGE('',*,*,#14995,.T.);
#15081 = ORIENTED_EDGE('',*,*,#15082,.T.);
#15082 = EDGE_CURVE('',#14998,#15038,#15083,.T.);
#15083 = LINE('',#15084,#15085);
#15084 = CARTESIAN_POINT('',(30.8,-31.55,2.7));
#15085 = VECTOR('',#15086,1.);
#15086 = DIRECTION('',(1.,0.,0.));
#15087 = ORIENTED_EDGE('',*,*,#15035,.F.);
#15088 = PLANE('',#15089);
#15089 = AXIS2_PLACEMENT_3D('',#15090,#15091,#15092);
#15090 = CARTESIAN_POINT('',(30.8,-31.55,1.6));
#15091 = DIRECTION('',(0.,1.,0.));
#15092 = DIRECTION('',(0.,0.,1.));
#15093 = ADVANCED_FACE('',(#15094),#15110,.T.);
#15094 = FACE_BOUND('',#15095,.T.);
#15095 = EDGE_LOOP('',(#15096,#15102,#15103,#15109));
#15096 = ORIENTED_EDGE('',*,*,#15097,.F.);
#15097 = EDGE_CURVE('',#15006,#15046,#15098,.T.);
#15098 = LINE('',#15099,#15100);
#15099 = CARTESIAN_POINT('',(30.8,-29.45,1.6));
#15100 = VECTOR('',#15101,1.);
#15101 = DIRECTION('',(1.,0.,0.));
#15102 = ORIENTED_EDGE('',*,*,#15013,.T.);
#15103 = ORIENTED_EDGE('',*,*,#15104,.T.);
#15104 = EDGE_CURVE('',#15014,#15054,#15105,.T.);
#15105 = LINE('',#15106,#15107);
#15106 = CARTESIAN_POINT('',(30.8,-29.45,2.7));
#15107 = VECTOR('',#15108,1.);
#15108 = DIRECTION('',(1.,0.,0.));
#15109 = ORIENTED_EDGE('',*,*,#15053,.F.);
#15110 = PLANE('',#15111);
#15111 = AXIS2_PLACEMENT_3D('',#15112,#15113,#15114);
#15112 = CARTESIAN_POINT('',(30.8,-29.45,1.6));
#15113 = DIRECTION('',(0.,1.,0.));
#15114 = DIRECTION('',(0.,0.,1.));
#15115 = ADVANCED_FACE('',(#15116),#15122,.F.);
#15116 = FACE_BOUND('',#15117,.F.);
#15117 = EDGE_LOOP('',(#15118,#15119,#15120,#15121));
#15118 = ORIENTED_EDGE('',*,*,#15005,.F.);
#15119 = ORIENTED_EDGE('',*,*,#15075,.T.);
#15120 = ORIENTED_EDGE('',*,*,#15045,.T.);
#15121 = ORIENTED_EDGE('',*,*,#15097,.F.);
#15122 = PLANE('',#15123);
#15123 = AXIS2_PLACEMENT_3D('',#15124,#15125,#15126);
#15124 = CARTESIAN_POINT('',(30.8,-31.55,1.6));
#15125 = DIRECTION('',(0.,0.,1.));
#15126 = DIRECTION('',(1.,0.,0.));
#15127 = ADVANCED_FACE('',(#15128),#15134,.T.);
#15128 = FACE_BOUND('',#15129,.T.);
#15129 = EDGE_LOOP('',(#15130,#15131,#15132,#15133));
#15130 = ORIENTED_EDGE('',*,*,#15021,.F.);
#15131 = ORIENTED_EDGE('',*,*,#15082,.T.);
#15132 = ORIENTED_EDGE('',*,*,#15061,.T.);
#15133 = ORIENTED_EDGE('',*,*,#15104,.F.);
#15134 = PLANE('',#15135);
#15135 = AXIS2_PLACEMENT_3D('',#15136,#15137,#15138);
#15136 = CARTESIAN_POINT('',(30.8,-31.55,2.7));
#15137 = DIRECTION('',(0.,0.,1.));
#15138 = DIRECTION('',(1.,0.,0.));
#15139 = MANIFOLD_SOLID_BREP('',#15140);
#15140 = CLOSED_SHELL('',(#15141,#15181,#15221,#15243,#15265,#15277));
#15141 = ADVANCED_FACE('',(#15142),#15176,.F.);
#15142 = FACE_BOUND('',#15143,.F.);
#15143 = EDGE_LOOP('',(#15144,#15154,#15162,#15170));
#15144 = ORIENTED_EDGE('',*,*,#15145,.F.);
#15145 = EDGE_CURVE('',#15146,#15148,#15150,.T.);
#15146 = VERTEX_POINT('',#15147);
#15147 = CARTESIAN_POINT('',(-4.175,-18.55,1.6));
#15148 = VERTEX_POINT('',#15149);
#15149 = CARTESIAN_POINT('',(-4.175,-18.55,2.85));
#15150 = LINE('',#15151,#15152);
#15151 = CARTESIAN_POINT('',(-4.175,-18.55,1.6));
#15152 = VECTOR('',#15153,1.);
#15153 = DIRECTION('',(0.,0.,1.));
#15154 = ORIENTED_EDGE('',*,*,#15155,.T.);
#15155 = EDGE_CURVE('',#15146,#15156,#15158,.T.);
#15156 = VERTEX_POINT('',#15157);
#15157 = CARTESIAN_POINT('',(-4.175,-16.45,1.6));
#15158 = LINE('',#15159,#15160);
#15159 = CARTESIAN_POINT('',(-4.175,-18.55,1.6));
#15160 = VECTOR('',#15161,1.);
#15161 = DIRECTION('',(0.,1.,0.));
#15162 = ORIENTED_EDGE('',*,*,#15163,.T.);
#15163 = EDGE_CURVE('',#15156,#15164,#15166,.T.);
#15164 = VERTEX_POINT('',#15165);
#15165 = CARTESIAN_POINT('',(-4.175,-16.45,2.85));
#15166 = LINE('',#15167,#15168);
#15167 = CARTESIAN_POINT('',(-4.175,-16.45,1.6));
#15168 = VECTOR('',#15169,1.);
#15169 = DIRECTION('',(0.,0.,1.));
#15170 = ORIENTED_EDGE('',*,*,#15171,.F.);
#15171 = EDGE_CURVE('',#15148,#15164,#15172,.T.);
#15172 = LINE('',#15173,#15174);
#15173 = CARTESIAN_POINT('',(-4.175,-18.55,2.85));
#15174 = VECTOR('',#15175,1.);
#15175 = DIRECTION('',(0.,1.,0.));
#15176 = PLANE('',#15177);
#15177 = AXIS2_PLACEMENT_3D('',#15178,#15179,#15180);
#15178 = CARTESIAN_POINT('',(-4.175,-18.55,1.6));
#15179 = DIRECTION('',(1.,0.,0.));
#15180 = DIRECTION('',(0.,0.,1.));
#15181 = ADVANCED_FACE('',(#15182),#15216,.T.);
#15182 = FACE_BOUND('',#15183,.T.);
#15183 = EDGE_LOOP('',(#15184,#15194,#15202,#15210));
#15184 = ORIENTED_EDGE('',*,*,#15185,.F.);
#15185 = EDGE_CURVE('',#15186,#15188,#15190,.T.);
#15186 = VERTEX_POINT('',#15187);
#15187 = CARTESIAN_POINT('',(-2.825,-18.55,1.6));
#15188 = VERTEX_POINT('',#15189);
#15189 = CARTESIAN_POINT('',(-2.825,-18.55,2.85));
#15190 = LINE('',#15191,#15192);
#15191 = CARTESIAN_POINT('',(-2.825,-18.55,1.6));
#15192 = VECTOR('',#15193,1.);
#15193 = DIRECTION('',(0.,0.,1.));
#15194 = ORIENTED_EDGE('',*,*,#15195,.T.);
#15195 = EDGE_CURVE('',#15186,#15196,#15198,.T.);
#15196 = VERTEX_POINT('',#15197);
#15197 = CARTESIAN_POINT('',(-2.825,-16.45,1.6));
#15198 = LINE('',#15199,#15200);
#15199 = CARTESIAN_POINT('',(-2.825,-18.55,1.6));
#15200 = VECTOR('',#15201,1.);
#15201 = DIRECTION('',(0.,1.,0.));
#15202 = ORIENTED_EDGE('',*,*,#15203,.T.);
#15203 = EDGE_CURVE('',#15196,#15204,#15206,.T.);
#15204 = VERTEX_POINT('',#15205);
#15205 = CARTESIAN_POINT('',(-2.825,-16.45,2.85));
#15206 = LINE('',#15207,#15208);
#15207 = CARTESIAN_POINT('',(-2.825,-16.45,1.6));
#15208 = VECTOR('',#15209,1.);
#15209 = DIRECTION('',(0.,0.,1.));
#15210 = ORIENTED_EDGE('',*,*,#15211,.F.);
#15211 = EDGE_CURVE('',#15188,#15204,#15212,.T.);
#15212 = LINE('',#15213,#15214);
#15213 = CARTESIAN_POINT('',(-2.825,-18.55,2.85));
#15214 = VECTOR('',#15215,1.);
#15215 = DIRECTION('',(0.,1.,0.));
#15216 = PLANE('',#15217);
#15217 = AXIS2_PLACEMENT_3D('',#15218,#15219,#15220);
#15218 = CARTESIAN_POINT('',(-2.825,-18.55,1.6));
#15219 = DIRECTION('',(1.,0.,0.));
#15220 = DIRECTION('',(0.,0.,1.));
#15221 = ADVANCED_FACE('',(#15222),#15238,.F.);
#15222 = FACE_BOUND('',#15223,.F.);
#15223 = EDGE_LOOP('',(#15224,#15230,#15231,#15237));
#15224 = ORIENTED_EDGE('',*,*,#15225,.F.);
#15225 = EDGE_CURVE('',#15146,#15186,#15226,.T.);
#15226 = LINE('',#15227,#15228);
#15227 = CARTESIAN_POINT('',(-4.175,-18.55,1.6));
#15228 = VECTOR('',#15229,1.);
#15229 = DIRECTION('',(1.,0.,0.));
#15230 = ORIENTED_EDGE('',*,*,#15145,.T.);
#15231 = ORIENTED_EDGE('',*,*,#15232,.T.);
#15232 = EDGE_CURVE('',#15148,#15188,#15233,.T.);
#15233 = LINE('',#15234,#15235);
#15234 = CARTESIAN_POINT('',(-4.175,-18.55,2.85));
#15235 = VECTOR('',#15236,1.);
#15236 = DIRECTION('',(1.,0.,0.));
#15237 = ORIENTED_EDGE('',*,*,#15185,.F.);
#15238 = PLANE('',#15239);
#15239 = AXIS2_PLACEMENT_3D('',#15240,#15241,#15242);
#15240 = CARTESIAN_POINT('',(-4.175,-18.55,1.6));
#15241 = DIRECTION('',(0.,1.,0.));
#15242 = DIRECTION('',(0.,0.,1.));
#15243 = ADVANCED_FACE('',(#15244),#15260,.T.);
#15244 = FACE_BOUND('',#15245,.T.);
#15245 = EDGE_LOOP('',(#15246,#15252,#15253,#15259));
#15246 = ORIENTED_EDGE('',*,*,#15247,.F.);
#15247 = EDGE_CURVE('',#15156,#15196,#15248,.T.);
#15248 = LINE('',#15249,#15250);
#15249 = CARTESIAN_POINT('',(-4.175,-16.45,1.6));
#15250 = VECTOR('',#15251,1.);
#15251 = DIRECTION('',(1.,0.,0.));
#15252 = ORIENTED_EDGE('',*,*,#15163,.T.);
#15253 = ORIENTED_EDGE('',*,*,#15254,.T.);
#15254 = EDGE_CURVE('',#15164,#15204,#15255,.T.);
#15255 = LINE('',#15256,#15257);
#15256 = CARTESIAN_POINT('',(-4.175,-16.45,2.85));
#15257 = VECTOR('',#15258,1.);
#15258 = DIRECTION('',(1.,0.,0.));
#15259 = ORIENTED_EDGE('',*,*,#15203,.F.);
#15260 = PLANE('',#15261);
#15261 = AXIS2_PLACEMENT_3D('',#15262,#15263,#15264);
#15262 = CARTESIAN_POINT('',(-4.175,-16.45,1.6));
#15263 = DIRECTION('',(0.,1.,0.));
#15264 = DIRECTION('',(0.,0.,1.));
#15265 = ADVANCED_FACE('',(#15266),#15272,.F.);
#15266 = FACE_BOUND('',#15267,.F.);
#15267 = EDGE_LOOP('',(#15268,#15269,#15270,#15271));
#15268 = ORIENTED_EDGE('',*,*,#15155,.F.);
#15269 = ORIENTED_EDGE('',*,*,#15225,.T.);
#15270 = ORIENTED_EDGE('',*,*,#15195,.T.);
#15271 = ORIENTED_EDGE('',*,*,#15247,.F.);
#15272 = PLANE('',#15273);
#15273 = AXIS2_PLACEMENT_3D('',#15274,#15275,#15276);
#15274 = CARTESIAN_POINT('',(-4.175,-18.55,1.6));
#15275 = DIRECTION('',(0.,0.,1.));
#15276 = DIRECTION('',(1.,0.,0.));
#15277 = ADVANCED_FACE('',(#15278),#15284,.T.);
#15278 = FACE_BOUND('',#15279,.T.);
#15279 = EDGE_LOOP('',(#15280,#15281,#15282,#15283));
#15280 = ORIENTED_EDGE('',*,*,#15171,.F.);
#15281 = ORIENTED_EDGE('',*,*,#15232,.T.);
#15282 = ORIENTED_EDGE('',*,*,#15211,.T.);
#15283 = ORIENTED_EDGE('',*,*,#15254,.F.);
#15284 = PLANE('',#15285);
#15285 = AXIS2_PLACEMENT_3D('',#15286,#15287,#15288);
#15286 = CARTESIAN_POINT('',(-4.175,-18.55,2.85));
#15287 = DIRECTION('',(0.,0.,1.));
#15288 = DIRECTION('',(1.,0.,0.));
#15289 = MANIFOLD_SOLID_BREP('',#15290);
#15290 = CLOSED_SHELL('',(#15291,#15331,#15371,#15393,#15415,#15427));
#15291 = ADVANCED_FACE('',(#15292),#15326,.F.);
#15292 = FACE_BOUND('',#15293,.F.);
#15293 = EDGE_LOOP('',(#15294,#15304,#15312,#15320));
#15294 = ORIENTED_EDGE('',*,*,#15295,.F.);
#15295 = EDGE_CURVE('',#15296,#15298,#15300,.T.);
#15296 = VERTEX_POINT('',#15297);
#15297 = CARTESIAN_POINT('',(39.15,-16.5,1.6));
#15298 = VERTEX_POINT('',#15299);
#15299 = CARTESIAN_POINT('',(39.15,-16.5,3.05));
#15300 = LINE('',#15301,#15302);
#15301 = CARTESIAN_POINT('',(39.15,-16.5,1.6));
#15302 = VECTOR('',#15303,1.);
#15303 = DIRECTION('',(0.,0.,1.));
#15304 = ORIENTED_EDGE('',*,*,#15305,.T.);
#15305 = EDGE_CURVE('',#15296,#15306,#15308,.T.);
#15306 = VERTEX_POINT('',#15307);
#15307 = CARTESIAN_POINT('',(39.15,-13.5,1.6));
#15308 = LINE('',#15309,#15310);
#15309 = CARTESIAN_POINT('',(39.15,-16.5,1.6));
#15310 = VECTOR('',#15311,1.);
#15311 = DIRECTION('',(0.,1.,0.));
#15312 = ORIENTED_EDGE('',*,*,#15313,.T.);
#15313 = EDGE_CURVE('',#15306,#15314,#15316,.T.);
#15314 = VERTEX_POINT('',#15315);
#15315 = CARTESIAN_POINT('',(39.15,-13.5,3.05));
#15316 = LINE('',#15317,#15318);
#15317 = CARTESIAN_POINT('',(39.15,-13.5,1.6));
#15318 = VECTOR('',#15319,1.);
#15319 = DIRECTION('',(0.,0.,1.));
#15320 = ORIENTED_EDGE('',*,*,#15321,.F.);
#15321 = EDGE_CURVE('',#15298,#15314,#15322,.T.);
#15322 = LINE('',#15323,#15324);
#15323 = CARTESIAN_POINT('',(39.15,-16.5,3.05));
#15324 = VECTOR('',#15325,1.);
#15325 = DIRECTION('',(0.,1.,0.));
#15326 = PLANE('',#15327);
#15327 = AXIS2_PLACEMENT_3D('',#15328,#15329,#15330);
#15328 = CARTESIAN_POINT('',(39.15,-16.5,1.6));
#15329 = DIRECTION('',(1.,0.,0.));
#15330 = DIRECTION('',(0.,0.,1.));
#15331 = ADVANCED_FACE('',(#15332),#15366,.T.);
#15332 = FACE_BOUND('',#15333,.T.);
#15333 = EDGE_LOOP('',(#15334,#15344,#15352,#15360));
#15334 = ORIENTED_EDGE('',*,*,#15335,.F.);
#15335 = EDGE_CURVE('',#15336,#15338,#15340,.T.);
#15336 = VERTEX_POINT('',#15337);
#15337 = CARTESIAN_POINT('',(40.85,-16.5,1.6));
#15338 = VERTEX_POINT('',#15339);
#15339 = CARTESIAN_POINT('',(40.85,-16.5,3.05));
#15340 = LINE('',#15341,#15342);
#15341 = CARTESIAN_POINT('',(40.85,-16.5,1.6));
#15342 = VECTOR('',#15343,1.);
#15343 = DIRECTION('',(0.,0.,1.));
#15344 = ORIENTED_EDGE('',*,*,#15345,.T.);
#15345 = EDGE_CURVE('',#15336,#15346,#15348,.T.);
#15346 = VERTEX_POINT('',#15347);
#15347 = CARTESIAN_POINT('',(40.85,-13.5,1.6));
#15348 = LINE('',#15349,#15350);
#15349 = CARTESIAN_POINT('',(40.85,-16.5,1.6));
#15350 = VECTOR('',#15351,1.);
#15351 = DIRECTION('',(0.,1.,0.));
#15352 = ORIENTED_EDGE('',*,*,#15353,.T.);
#15353 = EDGE_CURVE('',#15346,#15354,#15356,.T.);
#15354 = VERTEX_POINT('',#15355);
#15355 = CARTESIAN_POINT('',(40.85,-13.5,3.05));
#15356 = LINE('',#15357,#15358);
#15357 = CARTESIAN_POINT('',(40.85,-13.5,1.6));
#15358 = VECTOR('',#15359,1.);
#15359 = DIRECTION('',(0.,0.,1.));
#15360 = ORIENTED_EDGE('',*,*,#15361,.F.);
#15361 = EDGE_CURVE('',#15338,#15354,#15362,.T.);
#15362 = LINE('',#15363,#15364);
#15363 = CARTESIAN_POINT('',(40.85,-16.5,3.05));
#15364 = VECTOR('',#15365,1.);
#15365 = DIRECTION('',(0.,1.,0.));
#15366 = PLANE('',#15367);
#15367 = AXIS2_PLACEMENT_3D('',#15368,#15369,#15370);
#15368 = CARTESIAN_POINT('',(40.85,-16.5,1.6));
#15369 = DIRECTION('',(1.,0.,0.));
#15370 = DIRECTION('',(0.,0.,1.));
#15371 = ADVANCED_FACE('',(#15372),#15388,.F.);
#15372 = FACE_BOUND('',#15373,.F.);
#15373 = EDGE_LOOP('',(#15374,#15380,#15381,#15387));
#15374 = ORIENTED_EDGE('',*,*,#15375,.F.);
#15375 = EDGE_CURVE('',#15296,#15336,#15376,.T.);
#15376 = LINE('',#15377,#15378);
#15377 = CARTESIAN_POINT('',(39.15,-16.5,1.6));
#15378 = VECTOR('',#15379,1.);
#15379 = DIRECTION('',(1.,0.,0.));
#15380 = ORIENTED_EDGE('',*,*,#15295,.T.);
#15381 = ORIENTED_EDGE('',*,*,#15382,.T.);
#15382 = EDGE_CURVE('',#15298,#15338,#15383,.T.);
#15383 = LINE('',#15384,#15385);
#15384 = CARTESIAN_POINT('',(39.15,-16.5,3.05));
#15385 = VECTOR('',#15386,1.);
#15386 = DIRECTION('',(1.,0.,0.));
#15387 = ORIENTED_EDGE('',*,*,#15335,.F.);
#15388 = PLANE('',#15389);
#15389 = AXIS2_PLACEMENT_3D('',#15390,#15391,#15392);
#15390 = CARTESIAN_POINT('',(39.15,-16.5,1.6));
#15391 = DIRECTION('',(0.,1.,0.));
#15392 = DIRECTION('',(0.,0.,1.));
#15393 = ADVANCED_FACE('',(#15394),#15410,.T.);
#15394 = FACE_BOUND('',#15395,.T.);
#15395 = EDGE_LOOP('',(#15396,#15402,#15403,#15409));
#15396 = ORIENTED_EDGE('',*,*,#15397,.F.);
#15397 = EDGE_CURVE('',#15306,#15346,#15398,.T.);
#15398 = LINE('',#15399,#15400);
#15399 = CARTESIAN_POINT('',(39.15,-13.5,1.6));
#15400 = VECTOR('',#15401,1.);
#15401 = DIRECTION('',(1.,0.,0.));
#15402 = ORIENTED_EDGE('',*,*,#15313,.T.);
#15403 = ORIENTED_EDGE('',*,*,#15404,.T.);
#15404 = EDGE_CURVE('',#15314,#15354,#15405,.T.);
#15405 = LINE('',#15406,#15407);
#15406 = CARTESIAN_POINT('',(39.15,-13.5,3.05));
#15407 = VECTOR('',#15408,1.);
#15408 = DIRECTION('',(1.,0.,0.));
#15409 = ORIENTED_EDGE('',*,*,#15353,.F.);
#15410 = PLANE('',#15411);
#15411 = AXIS2_PLACEMENT_3D('',#15412,#15413,#15414);
#15412 = CARTESIAN_POINT('',(39.15,-13.5,1.6));
#15413 = DIRECTION('',(0.,1.,0.));
#15414 = DIRECTION('',(0.,0.,1.));
#15415 = ADVANCED_FACE('',(#15416),#15422,.F.);
#15416 = FACE_BOUND('',#15417,.F.);
#15417 = EDGE_LOOP('',(#15418,#15419,#15420,#15421));
#15418 = ORIENTED_EDGE('',*,*,#15305,.F.);
#15419 = ORIENTED_EDGE('',*,*,#15375,.T.);
#15420 = ORIENTED_EDGE('',*,*,#15345,.T.);
#15421 = ORIENTED_EDGE('',*,*,#15397,.F.);
#15422 = PLANE('',#15423);
#15423 = AXIS2_PLACEMENT_3D('',#15424,#15425,#15426);
#15424 = CARTESIAN_POINT('',(39.15,-16.5,1.6));
#15425 = DIRECTION('',(0.,0.,1.));
#15426 = DIRECTION('',(1.,0.,0.));
#15427 = ADVANCED_FACE('',(#15428),#15434,.T.);
#15428 = FACE_BOUND('',#15429,.T.);
#15429 = EDGE_LOOP('',(#15430,#15431,#15432,#15433));
#15430 = ORIENTED_EDGE('',*,*,#15321,.F.);
#15431 = ORIENTED_EDGE('',*,*,#15382,.T.);
#15432 = ORIENTED_EDGE('',*,*,#15361,.T.);
#15433 = ORIENTED_EDGE('',*,*,#15404,.F.);
#15434 = PLANE('',#15435);
#15435 = AXIS2_PLACEMENT_3D('',#15436,#15437,#15438);
#15436 = CARTESIAN_POINT('',(39.15,-16.5,3.05));
#15437 = DIRECTION('',(0.,0.,1.));
#15438 = DIRECTION('',(1.,0.,0.));
#15439 = MANIFOLD_SOLID_BREP('',#15440);
#15440 = CLOSED_SHELL('',(#15441,#15481,#15521,#15543,#15565,#15577));
#15441 = ADVANCED_FACE('',(#15442),#15476,.F.);
#15442 = FACE_BOUND('',#15443,.F.);
#15443 = EDGE_LOOP('',(#15444,#15454,#15462,#15470));
#15444 = ORIENTED_EDGE('',*,*,#15445,.F.);
#15445 = EDGE_CURVE('',#15446,#15448,#15450,.T.);
#15446 = VERTEX_POINT('',#15447);
#15447 = CARTESIAN_POINT('',(32.45,32.05,1.6));
#15448 = VERTEX_POINT('',#15449);
#15449 = CARTESIAN_POINT('',(32.45,32.05,6.9));
#15450 = LINE('',#15451,#15452);
#15451 = CARTESIAN_POINT('',(32.45,32.05,1.6));
#15452 = VECTOR('',#15453,1.);
#15453 = DIRECTION('',(0.,0.,1.));
#15454 = ORIENTED_EDGE('',*,*,#15455,.T.);
#15455 = EDGE_CURVE('',#15446,#15456,#15458,.T.);
#15456 = VERTEX_POINT('',#15457);
#15457 = CARTESIAN_POINT('',(32.45,35.95,1.6));
#15458 = LINE('',#15459,#15460);
#15459 = CARTESIAN_POINT('',(32.45,32.05,1.6));
#15460 = VECTOR('',#15461,1.);
#15461 = DIRECTION('',(0.,1.,0.));
#15462 = ORIENTED_EDGE('',*,*,#15463,.T.);
#15463 = EDGE_CURVE('',#15456,#15464,#15466,.T.);
#15464 = VERTEX_POINT('',#15465);
#15465 = CARTESIAN_POINT('',(32.45,35.95,6.9));
#15466 = LINE('',#15467,#15468);
#15467 = CARTESIAN_POINT('',(32.45,35.95,1.6));
#15468 = VECTOR('',#15469,1.);
#15469 = DIRECTION('',(0.,0.,1.));
#15470 = ORIENTED_EDGE('',*,*,#15471,.F.);
#15471 = EDGE_CURVE('',#15448,#15464,#15472,.T.);
#15472 = LINE('',#15473,#15474);
#15473 = CARTESIAN_POINT('',(32.45,32.05,6.9));
#15474 = VECTOR('',#15475,1.);
#15475 = DIRECTION('',(0.,1.,0.));
#15476 = PLANE('',#15477);
#15477 = AXIS2_PLACEMENT_3D('',#15478,#15479,#15480);
#15478 = CARTESIAN_POINT('',(32.45,32.05,1.6));
#15479 = DIRECTION('',(1.,0.,0.));
#15480 = DIRECTION('',(0.,0.,1.));
#15481 = ADVANCED_FACE('',(#15482),#15516,.T.);
#15482 = FACE_BOUND('',#15483,.T.);
#15483 = EDGE_LOOP('',(#15484,#15494,#15502,#15510));
#15484 = ORIENTED_EDGE('',*,*,#15485,.F.);
#15485 = EDGE_CURVE('',#15486,#15488,#15490,.T.);
#15486 = VERTEX_POINT('',#15487);
#15487 = CARTESIAN_POINT('',(35.95,32.05,1.6));
#15488 = VERTEX_POINT('',#15489);
#15489 = CARTESIAN_POINT('',(35.95,32.05,6.9));
#15490 = LINE('',#15491,#15492);
#15491 = CARTESIAN_POINT('',(35.95,32.05,1.6));
#15492 = VECTOR('',#15493,1.);
#15493 = DIRECTION('',(0.,0.,1.));
#15494 = ORIENTED_EDGE('',*,*,#15495,.T.);
#15495 = EDGE_CURVE('',#15486,#15496,#15498,.T.);
#15496 = VERTEX_POINT('',#15497);
#15497 = CARTESIAN_POINT('',(35.95,35.95,1.6));
#15498 = LINE('',#15499,#15500);
#15499 = CARTESIAN_POINT('',(35.95,32.05,1.6));
#15500 = VECTOR('',#15501,1.);
#15501 = DIRECTION('',(0.,1.,0.));
#15502 = ORIENTED_EDGE('',*,*,#15503,.T.);
#15503 = EDGE_CURVE('',#15496,#15504,#15506,.T.);
#15504 = VERTEX_POINT('',#15505);
#15505 = CARTESIAN_POINT('',(35.95,35.95,6.9));
#15506 = LINE('',#15507,#15508);
#15507 = CARTESIAN_POINT('',(35.95,35.95,1.6));
#15508 = VECTOR('',#15509,1.);
#15509 = DIRECTION('',(0.,0.,1.));
#15510 = ORIENTED_EDGE('',*,*,#15511,.F.);
#15511 = EDGE_CURVE('',#15488,#15504,#15512,.T.);
#15512 = LINE('',#15513,#15514);
#15513 = CARTESIAN_POINT('',(35.95,32.05,6.9));
#15514 = VECTOR('',#15515,1.);
#15515 = DIRECTION('',(0.,1.,0.));
#15516 = PLANE('',#15517);
#15517 = AXIS2_PLACEMENT_3D('',#15518,#15519,#15520);
#15518 = CARTESIAN_POINT('',(35.95,32.05,1.6));
#15519 = DIRECTION('',(1.,0.,0.));
#15520 = DIRECTION('',(0.,0.,1.));
#15521 = ADVANCED_FACE('',(#15522),#15538,.F.);
#15522 = FACE_BOUND('',#15523,.F.);
#15523 = EDGE_LOOP('',(#15524,#15530,#15531,#15537));
#15524 = ORIENTED_EDGE('',*,*,#15525,.F.);
#15525 = EDGE_CURVE('',#15446,#15486,#15526,.T.);
#15526 = LINE('',#15527,#15528);
#15527 = CARTESIAN_POINT('',(32.45,32.05,1.6));
#15528 = VECTOR('',#15529,1.);
#15529 = DIRECTION('',(1.,0.,0.));
#15530 = ORIENTED_EDGE('',*,*,#15445,.T.);
#15531 = ORIENTED_EDGE('',*,*,#15532,.T.);
#15532 = EDGE_CURVE('',#15448,#15488,#15533,.T.);
#15533 = LINE('',#15534,#15535);
#15534 = CARTESIAN_POINT('',(32.45,32.05,6.9));
#15535 = VECTOR('',#15536,1.);
#15536 = DIRECTION('',(1.,0.,0.));
#15537 = ORIENTED_EDGE('',*,*,#15485,.F.);
#15538 = PLANE('',#15539);
#15539 = AXIS2_PLACEMENT_3D('',#15540,#15541,#15542);
#15540 = CARTESIAN_POINT('',(32.45,32.05,1.6));
#15541 = DIRECTION('',(0.,1.,0.));
#15542 = DIRECTION('',(0.,0.,1.));
#15543 = ADVANCED_FACE('',(#15544),#15560,.T.);
#15544 = FACE_BOUND('',#15545,.T.);
#15545 = EDGE_LOOP('',(#15546,#15552,#15553,#15559));
#15546 = ORIENTED_EDGE('',*,*,#15547,.F.);
#15547 = EDGE_CURVE('',#15456,#15496,#15548,.T.);
#15548 = LINE('',#15549,#15550);
#15549 = CARTESIAN_POINT('',(32.45,35.95,1.6));
#15550 = VECTOR('',#15551,1.);
#15551 = DIRECTION('',(1.,0.,0.));
#15552 = ORIENTED_EDGE('',*,*,#15463,.T.);
#15553 = ORIENTED_EDGE('',*,*,#15554,.T.);
#15554 = EDGE_CURVE('',#15464,#15504,#15555,.T.);
#15555 = LINE('',#15556,#15557);
#15556 = CARTESIAN_POINT('',(32.45,35.95,6.9));
#15557 = VECTOR('',#15558,1.);
#15558 = DIRECTION('',(1.,0.,0.));
#15559 = ORIENTED_EDGE('',*,*,#15503,.F.);
#15560 = PLANE('',#15561);
#15561 = AXIS2_PLACEMENT_3D('',#15562,#15563,#15564);
#15562 = CARTESIAN_POINT('',(32.45,35.95,1.6));
#15563 = DIRECTION('',(0.,1.,0.));
#15564 = DIRECTION('',(0.,0.,1.));
#15565 = ADVANCED_FACE('',(#15566),#15572,.F.);
#15566 = FACE_BOUND('',#15567,.F.);
#15567 = EDGE_LOOP('',(#15568,#15569,#15570,#15571));
#15568 = ORIENTED_EDGE('',*,*,#15455,.F.);
#15569 = ORIENTED_EDGE('',*,*,#15525,.T.);
#15570 = ORIENTED_EDGE('',*,*,#15495,.T.);
#15571 = ORIENTED_EDGE('',*,*,#15547,.F.);
#15572 = PLANE('',#15573);
#15573 = AXIS2_PLACEMENT_3D('',#15574,#15575,#15576);
#15574 = CARTESIAN_POINT('',(32.45,32.05,1.6));
#15575 = DIRECTION('',(0.,0.,1.));
#15576 = DIRECTION('',(1.,0.,0.));
#15577 = ADVANCED_FACE('',(#15578),#15584,.T.);
#15578 = FACE_BOUND('',#15579,.T.);
#15579 = EDGE_LOOP('',(#15580,#15581,#15582,#15583));
#15580 = ORIENTED_EDGE('',*,*,#15471,.F.);
#15581 = ORIENTED_EDGE('',*,*,#15532,.T.);
#15582 = ORIENTED_EDGE('',*,*,#15511,.T.);
#15583 = ORIENTED_EDGE('',*,*,#15554,.F.);
#15584 = PLANE('',#15585);
#15585 = AXIS2_PLACEMENT_3D('',#15586,#15587,#15588);
#15586 = CARTESIAN_POINT('',(32.45,32.05,6.9));
#15587 = DIRECTION('',(0.,0.,1.));
#15588 = DIRECTION('',(1.,0.,0.));
#15589 = MANIFOLD_SOLID_BREP('',#15590);
#15590 = CLOSED_SHELL('',(#15591,#15624,#15633));
#15591 = ADVANCED_FACE('',(#15592),#15619,.T.);
#15592 = FACE_BOUND('',#15593,.T.);
#15593 = EDGE_LOOP('',(#15594,#15603,#15611,#15618));
#15594 = ORIENTED_EDGE('',*,*,#15595,.F.);
#15595 = EDGE_CURVE('',#15596,#15596,#15598,.T.);
#15596 = VERTEX_POINT('',#15597);
#15597 = CARTESIAN_POINT('',(33.08,34.,1.6));
#15598 = CIRCLE('',#15599,0.35);
#15599 = AXIS2_PLACEMENT_3D('',#15600,#15601,#15602);
#15600 = CARTESIAN_POINT('',(32.73,34.,1.6));
#15601 = DIRECTION('',(0.,0.,1.));
#15602 = DIRECTION('',(1.,0.,0.));
#15603 = ORIENTED_EDGE('',*,*,#15604,.F.);
#15604 = EDGE_CURVE('',#15605,#15596,#15607,.T.);
#15605 = VERTEX_POINT('',#15606);
#15606 = CARTESIAN_POINT('',(33.08,34.,-3.));
#15607 = LINE('',#15608,#15609);
#15608 = CARTESIAN_POINT('',(33.08,34.,-3.));
#15609 = VECTOR('',#15610,1.);
#15610 = DIRECTION('',(0.,0.,1.));
#15611 = ORIENTED_EDGE('',*,*,#15612,.T.);
#15612 = EDGE_CURVE('',#15605,#15605,#15613,.T.);
#15613 = CIRCLE('',#15614,0.35);
#15614 = AXIS2_PLACEMENT_3D('',#15615,#15616,#15617);
#15615 = CARTESIAN_POINT('',(32.73,34.,-3.));
#15616 = DIRECTION('',(0.,0.,1.));
#15617 = DIRECTION('',(1.,0.,0.));
#15618 = ORIENTED_EDGE('',*,*,#15604,.T.);
#15619 = CYLINDRICAL_SURFACE('',#15620,0.35);
#15620 = AXIS2_PLACEMENT_3D('',#15621,#15622,#15623);
#15621 = CARTESIAN_POINT('',(32.73,34.,-3.));
#15622 = DIRECTION('',(0.,0.,1.));
#15623 = DIRECTION('',(1.,0.,0.));
#15624 = ADVANCED_FACE('',(#15625),#15628,.T.);
#15625 = FACE_BOUND('',#15626,.T.);
#15626 = EDGE_LOOP('',(#15627));
#15627 = ORIENTED_EDGE('',*,*,#15595,.T.);
#15628 = PLANE('',#15629);
#15629 = AXIS2_PLACEMENT_3D('',#15630,#15631,#15632);
#15630 = CARTESIAN_POINT('',(32.73,34.,1.6));
#15631 = DIRECTION('',(0.,0.,1.));
#15632 = DIRECTION('',(1.,0.,0.));
#15633 = ADVANCED_FACE('',(#15634),#15637,.F.);
#15634 = FACE_BOUND('',#15635,.T.);
#15635 = EDGE_LOOP('',(#15636));
#15636 = ORIENTED_EDGE('',*,*,#15612,.F.);
#15637 = PLANE('',#15638);
#15638 = AXIS2_PLACEMENT_3D('',#15639,#15640,#15641);
#15639 = CARTESIAN_POINT('',(32.73,34.,-3.));
#15640 = DIRECTION('',(0.,0.,1.));
#15641 = DIRECTION('',(1.,0.,0.));
#15642 = MANIFOLD_SOLID_BREP('',#15643);
#15643 = CLOSED_SHELL('',(#15644,#15677,#15686));
#15644 = ADVANCED_FACE('',(#15645),#15672,.T.);
#15645 = FACE_BOUND('',#15646,.T.);
#15646 = EDGE_LOOP('',(#15647,#15656,#15664,#15671));
#15647 = ORIENTED_EDGE('',*,*,#15648,.F.);
#15648 = EDGE_CURVE('',#15649,#15649,#15651,.T.);
#15649 = VERTEX_POINT('',#15650);
#15650 = CARTESIAN_POINT('',(35.62,34.,1.6));
#15651 = CIRCLE('',#15652,0.35);
#15652 = AXIS2_PLACEMENT_3D('',#15653,#15654,#15655);
#15653 = CARTESIAN_POINT('',(35.27,34.,1.6));
#15654 = DIRECTION('',(0.,0.,1.));
#15655 = DIRECTION('',(1.,0.,0.));
#15656 = ORIENTED_EDGE('',*,*,#15657,.F.);
#15657 = EDGE_CURVE('',#15658,#15649,#15660,.T.);
#15658 = VERTEX_POINT('',#15659);
#15659 = CARTESIAN_POINT('',(35.62,34.,-3.));
#15660 = LINE('',#15661,#15662);
#15661 = CARTESIAN_POINT('',(35.62,34.,-3.));
#15662 = VECTOR('',#15663,1.);
#15663 = DIRECTION('',(0.,0.,1.));
#15664 = ORIENTED_EDGE('',*,*,#15665,.T.);
#15665 = EDGE_CURVE('',#15658,#15658,#15666,.T.);
#15666 = CIRCLE('',#15667,0.35);
#15667 = AXIS2_PLACEMENT_3D('',#15668,#15669,#15670);
#15668 = CARTESIAN_POINT('',(35.27,34.,-3.));
#15669 = DIRECTION('',(0.,0.,1.));
#15670 = DIRECTION('',(1.,0.,0.));
#15671 = ORIENTED_EDGE('',*,*,#15657,.T.);
#15672 = CYLINDRICAL_SURFACE('',#15673,0.35);
#15673 = AXIS2_PLACEMENT_3D('',#15674,#15675,#15676);
#15674 = CARTESIAN_POINT('',(35.27,34.,-3.));
#15675 = DIRECTION('',(0.,0.,1.));
#15676 = DIRECTION('',(1.,0.,0.));
#15677 = ADVANCED_FACE('',(#15678),#15681,.T.);
#15678 = FACE_BOUND('',#15679,.T.);
#15679 = EDGE_LOOP('',(#15680));
#15680 = ORIENTED_EDGE('',*,*,#15648,.T.);
#15681 = PLANE('',#15682);
#15682 = AXIS2_PLACEMENT_3D('',#15683,#15684,#15685);
#15683 = CARTESIAN_POINT('',(35.27,34.,1.6));
#15684 = DIRECTION('',(0.,0.,1.));
#15685 = DIRECTION('',(1.,0.,0.));
#15686 = ADVANCED_FACE('',(#15687),#15690,.F.);
#15687 = FACE_BOUND('',#15688,.T.);
#15688 = EDGE_LOOP('',(#15689));
#15689 = ORIENTED_EDGE('',*,*,#15665,.F.);
#15690 = PLANE('',#15691);
#15691 = AXIS2_PLACEMENT_3D('',#15692,#15693,#15694);
#15692 = CARTESIAN_POINT('',(35.27,34.,-3.));
#15693 = DIRECTION('',(0.,0.,1.));
#15694 = DIRECTION('',(1.,0.,0.));
#15695 = MANIFOLD_SOLID_BREP('',#15696);
#15696 = CLOSED_SHELL('',(#15697,#15737,#15777,#15799,#15821,#15833));
#15697 = ADVANCED_FACE('',(#15698),#15732,.F.);
#15698 = FACE_BOUND('',#15699,.F.);
#15699 = EDGE_LOOP('',(#15700,#15710,#15718,#15726));
#15700 = ORIENTED_EDGE('',*,*,#15701,.F.);
#15701 = EDGE_CURVE('',#15702,#15704,#15706,.T.);
#15702 = VERTEX_POINT('',#15703);
#15703 = CARTESIAN_POINT('',(27.15,-22.9625,1.6));
#15704 = VERTEX_POINT('',#15705);
#15705 = CARTESIAN_POINT('',(27.15,-22.9625,2.15));
#15706 = LINE('',#15707,#15708);
#15707 = CARTESIAN_POINT('',(27.15,-22.9625,1.6));
#15708 = VECTOR('',#15709,1.);
#15709 = DIRECTION('',(0.,0.,1.));
#15710 = ORIENTED_EDGE('',*,*,#15711,.T.);
#15711 = EDGE_CURVE('',#15702,#15712,#15714,.T.);
#15712 = VERTEX_POINT('',#15713);
#15713 = CARTESIAN_POINT('',(27.15,-22.0375,1.6));
#15714 = LINE('',#15715,#15716);
#15715 = CARTESIAN_POINT('',(27.15,-22.9625,1.6));
#15716 = VECTOR('',#15717,1.);
#15717 = DIRECTION('',(0.,1.,0.));
#15718 = ORIENTED_EDGE('',*,*,#15719,.T.);
#15719 = EDGE_CURVE('',#15712,#15720,#15722,.T.);
#15720 = VERTEX_POINT('',#15721);
#15721 = CARTESIAN_POINT('',(27.15,-22.0375,2.15));
#15722 = LINE('',#15723,#15724);
#15723 = CARTESIAN_POINT('',(27.15,-22.0375,1.6));
#15724 = VECTOR('',#15725,1.);
#15725 = DIRECTION('',(0.,0.,1.));
#15726 = ORIENTED_EDGE('',*,*,#15727,.F.);
#15727 = EDGE_CURVE('',#15704,#15720,#15728,.T.);
#15728 = LINE('',#15729,#15730);
#15729 = CARTESIAN_POINT('',(27.15,-22.9625,2.15));
#15730 = VECTOR('',#15731,1.);
#15731 = DIRECTION('',(0.,1.,0.));
#15732 = PLANE('',#15733);
#15733 = AXIS2_PLACEMENT_3D('',#15734,#15735,#15736);
#15734 = CARTESIAN_POINT('',(27.15,-22.9625,1.6));
#15735 = DIRECTION('',(1.,0.,0.));
#15736 = DIRECTION('',(0.,0.,1.));
#15737 = ADVANCED_FACE('',(#15738),#15772,.T.);
#15738 = FACE_BOUND('',#15739,.T.);
#15739 = EDGE_LOOP('',(#15740,#15750,#15758,#15766));
#15740 = ORIENTED_EDGE('',*,*,#15741,.F.);
#15741 = EDGE_CURVE('',#15742,#15744,#15746,.T.);
#15742 = VERTEX_POINT('',#15743);
#15743 = CARTESIAN_POINT('',(28.85,-22.9625,1.6));
#15744 = VERTEX_POINT('',#15745);
#15745 = CARTESIAN_POINT('',(28.85,-22.9625,2.15));
#15746 = LINE('',#15747,#15748);
#15747 = CARTESIAN_POINT('',(28.85,-22.9625,1.6));
#15748 = VECTOR('',#15749,1.);
#15749 = DIRECTION('',(0.,0.,1.));
#15750 = ORIENTED_EDGE('',*,*,#15751,.T.);
#15751 = EDGE_CURVE('',#15742,#15752,#15754,.T.);
#15752 = VERTEX_POINT('',#15753);
#15753 = CARTESIAN_POINT('',(28.85,-22.0375,1.6));
#15754 = LINE('',#15755,#15756);
#15755 = CARTESIAN_POINT('',(28.85,-22.9625,1.6));
#15756 = VECTOR('',#15757,1.);
#15757 = DIRECTION('',(0.,1.,0.));
#15758 = ORIENTED_EDGE('',*,*,#15759,.T.);
#15759 = EDGE_CURVE('',#15752,#15760,#15762,.T.);
#15760 = VERTEX_POINT('',#15761);
#15761 = CARTESIAN_POINT('',(28.85,-22.0375,2.15));
#15762 = LINE('',#15763,#15764);
#15763 = CARTESIAN_POINT('',(28.85,-22.0375,1.6));
#15764 = VECTOR('',#15765,1.);
#15765 = DIRECTION('',(0.,0.,1.));
#15766 = ORIENTED_EDGE('',*,*,#15767,.F.);
#15767 = EDGE_CURVE('',#15744,#15760,#15768,.T.);
#15768 = LINE('',#15769,#15770);
#15769 = CARTESIAN_POINT('',(28.85,-22.9625,2.15));
#15770 = VECTOR('',#15771,1.);
#15771 = DIRECTION('',(0.,1.,0.));
#15772 = PLANE('',#15773);
#15773 = AXIS2_PLACEMENT_3D('',#15774,#15775,#15776);
#15774 = CARTESIAN_POINT('',(28.85,-22.9625,1.6));
#15775 = DIRECTION('',(1.,0.,0.));
#15776 = DIRECTION('',(0.,0.,1.));
#15777 = ADVANCED_FACE('',(#15778),#15794,.F.);
#15778 = FACE_BOUND('',#15779,.F.);
#15779 = EDGE_LOOP('',(#15780,#15786,#15787,#15793));
#15780 = ORIENTED_EDGE('',*,*,#15781,.F.);
#15781 = EDGE_CURVE('',#15702,#15742,#15782,.T.);
#15782 = LINE('',#15783,#15784);
#15783 = CARTESIAN_POINT('',(27.15,-22.9625,1.6));
#15784 = VECTOR('',#15785,1.);
#15785 = DIRECTION('',(1.,0.,0.));
#15786 = ORIENTED_EDGE('',*,*,#15701,.T.);
#15787 = ORIENTED_EDGE('',*,*,#15788,.T.);
#15788 = EDGE_CURVE('',#15704,#15744,#15789,.T.);
#15789 = LINE('',#15790,#15791);
#15790 = CARTESIAN_POINT('',(27.15,-22.9625,2.15));
#15791 = VECTOR('',#15792,1.);
#15792 = DIRECTION('',(1.,0.,0.));
#15793 = ORIENTED_EDGE('',*,*,#15741,.F.);
#15794 = PLANE('',#15795);
#15795 = AXIS2_PLACEMENT_3D('',#15796,#15797,#15798);
#15796 = CARTESIAN_POINT('',(27.15,-22.9625,1.6));
#15797 = DIRECTION('',(0.,1.,0.));
#15798 = DIRECTION('',(0.,0.,1.));
#15799 = ADVANCED_FACE('',(#15800),#15816,.T.);
#15800 = FACE_BOUND('',#15801,.T.);
#15801 = EDGE_LOOP('',(#15802,#15808,#15809,#15815));
#15802 = ORIENTED_EDGE('',*,*,#15803,.F.);
#15803 = EDGE_CURVE('',#15712,#15752,#15804,.T.);
#15804 = LINE('',#15805,#15806);
#15805 = CARTESIAN_POINT('',(27.15,-22.0375,1.6));
#15806 = VECTOR('',#15807,1.);
#15807 = DIRECTION('',(1.,0.,0.));
#15808 = ORIENTED_EDGE('',*,*,#15719,.T.);
#15809 = ORIENTED_EDGE('',*,*,#15810,.T.);
#15810 = EDGE_CURVE('',#15720,#15760,#15811,.T.);
#15811 = LINE('',#15812,#15813);
#15812 = CARTESIAN_POINT('',(27.15,-22.0375,2.15));
#15813 = VECTOR('',#15814,1.);
#15814 = DIRECTION('',(1.,0.,0.));
#15815 = ORIENTED_EDGE('',*,*,#15759,.F.);
#15816 = PLANE('',#15817);
#15817 = AXIS2_PLACEMENT_3D('',#15818,#15819,#15820);
#15818 = CARTESIAN_POINT('',(27.15,-22.0375,1.6));
#15819 = DIRECTION('',(0.,1.,0.));
#15820 = DIRECTION('',(0.,0.,1.));
#15821 = ADVANCED_FACE('',(#15822),#15828,.F.);
#15822 = FACE_BOUND('',#15823,.F.);
#15823 = EDGE_LOOP('',(#15824,#15825,#15826,#15827));
#15824 = ORIENTED_EDGE('',*,*,#15711,.F.);
#15825 = ORIENTED_EDGE('',*,*,#15781,.T.);
#15826 = ORIENTED_EDGE('',*,*,#15751,.T.);
#15827 = ORIENTED_EDGE('',*,*,#15803,.F.);
#15828 = PLANE('',#15829);
#15829 = AXIS2_PLACEMENT_3D('',#15830,#15831,#15832);
#15830 = CARTESIAN_POINT('',(27.15,-22.9625,1.6));
#15831 = DIRECTION('',(0.,0.,1.));
#15832 = DIRECTION('',(1.,0.,0.));
#15833 = ADVANCED_FACE('',(#15834),#15840,.T.);
#15834 = FACE_BOUND('',#15835,.T.);
#15835 = EDGE_LOOP('',(#15836,#15837,#15838,#15839));
#15836 = ORIENTED_EDGE('',*,*,#15727,.F.);
#15837 = ORIENTED_EDGE('',*,*,#15788,.T.);
#15838 = ORIENTED_EDGE('',*,*,#15767,.T.);
#15839 = ORIENTED_EDGE('',*,*,#15810,.F.);
#15840 = PLANE('',#15841);
#15841 = AXIS2_PLACEMENT_3D('',#15842,#15843,#15844);
#15842 = CARTESIAN_POINT('',(27.15,-22.9625,2.15));
#15843 = DIRECTION('',(0.,0.,1.));
#15844 = DIRECTION('',(1.,0.,0.));
#15845 = MANIFOLD_SOLID_BREP('',#15846);
#15846 = CLOSED_SHELL('',(#15847,#15887,#15927,#15949,#15971,#15983));
#15847 = ADVANCED_FACE('',(#15848),#15882,.F.);
#15848 = FACE_BOUND('',#15849,.F.);
#15849 = EDGE_LOOP('',(#15850,#15860,#15868,#15876));
#15850 = ORIENTED_EDGE('',*,*,#15851,.F.);
#15851 = EDGE_CURVE('',#15852,#15854,#15856,.T.);
#15852 = VERTEX_POINT('',#15853);
#15853 = CARTESIAN_POINT('',(25.325,5.45,1.6));
#15854 = VERTEX_POINT('',#15855);
#15855 = CARTESIAN_POINT('',(25.325,5.45,2.85));
#15856 = LINE('',#15857,#15858);
#15857 = CARTESIAN_POINT('',(25.325,5.45,1.6));
#15858 = VECTOR('',#15859,1.);
#15859 = DIRECTION('',(0.,0.,1.));
#15860 = ORIENTED_EDGE('',*,*,#15861,.T.);
#15861 = EDGE_CURVE('',#15852,#15862,#15864,.T.);
#15862 = VERTEX_POINT('',#15863);
#15863 = CARTESIAN_POINT('',(25.325,7.55,1.6));
#15864 = LINE('',#15865,#15866);
#15865 = CARTESIAN_POINT('',(25.325,5.45,1.6));
#15866 = VECTOR('',#15867,1.);
#15867 = DIRECTION('',(0.,1.,0.));
#15868 = ORIENTED_EDGE('',*,*,#15869,.T.);
#15869 = EDGE_CURVE('',#15862,#15870,#15872,.T.);
#15870 = VERTEX_POINT('',#15871);
#15871 = CARTESIAN_POINT('',(25.325,7.55,2.85));
#15872 = LINE('',#15873,#15874);
#15873 = CARTESIAN_POINT('',(25.325,7.55,1.6));
#15874 = VECTOR('',#15875,1.);
#15875 = DIRECTION('',(0.,0.,1.));
#15876 = ORIENTED_EDGE('',*,*,#15877,.F.);
#15877 = EDGE_CURVE('',#15854,#15870,#15878,.T.);
#15878 = LINE('',#15879,#15880);
#15879 = CARTESIAN_POINT('',(25.325,5.45,2.85));
#15880 = VECTOR('',#15881,1.);
#15881 = DIRECTION('',(0.,1.,0.));
#15882 = PLANE('',#15883);
#15883 = AXIS2_PLACEMENT_3D('',#15884,#15885,#15886);
#15884 = CARTESIAN_POINT('',(25.325,5.45,1.6));
#15885 = DIRECTION('',(1.,0.,0.));
#15886 = DIRECTION('',(0.,0.,1.));
#15887 = ADVANCED_FACE('',(#15888),#15922,.T.);
#15888 = FACE_BOUND('',#15889,.T.);
#15889 = EDGE_LOOP('',(#15890,#15900,#15908,#15916));
#15890 = ORIENTED_EDGE('',*,*,#15891,.F.);
#15891 = EDGE_CURVE('',#15892,#15894,#15896,.T.);
#15892 = VERTEX_POINT('',#15893);
#15893 = CARTESIAN_POINT('',(26.675,5.45,1.6));
#15894 = VERTEX_POINT('',#15895);
#15895 = CARTESIAN_POINT('',(26.675,5.45,2.85));
#15896 = LINE('',#15897,#15898);
#15897 = CARTESIAN_POINT('',(26.675,5.45,1.6));
#15898 = VECTOR('',#15899,1.);
#15899 = DIRECTION('',(0.,0.,1.));
#15900 = ORIENTED_EDGE('',*,*,#15901,.T.);
#15901 = EDGE_CURVE('',#15892,#15902,#15904,.T.);
#15902 = VERTEX_POINT('',#15903);
#15903 = CARTESIAN_POINT('',(26.675,7.55,1.6));
#15904 = LINE('',#15905,#15906);
#15905 = CARTESIAN_POINT('',(26.675,5.45,1.6));
#15906 = VECTOR('',#15907,1.);
#15907 = DIRECTION('',(0.,1.,0.));
#15908 = ORIENTED_EDGE('',*,*,#15909,.T.);
#15909 = EDGE_CURVE('',#15902,#15910,#15912,.T.);
#15910 = VERTEX_POINT('',#15911);
#15911 = CARTESIAN_POINT('',(26.675,7.55,2.85));
#15912 = LINE('',#15913,#15914);
#15913 = CARTESIAN_POINT('',(26.675,7.55,1.6));
#15914 = VECTOR('',#15915,1.);
#15915 = DIRECTION('',(0.,0.,1.));
#15916 = ORIENTED_EDGE('',*,*,#15917,.F.);
#15917 = EDGE_CURVE('',#15894,#15910,#15918,.T.);
#15918 = LINE('',#15919,#15920);
#15919 = CARTESIAN_POINT('',(26.675,5.45,2.85));
#15920 = VECTOR('',#15921,1.);
#15921 = DIRECTION('',(0.,1.,0.));
#15922 = PLANE('',#15923);
#15923 = AXIS2_PLACEMENT_3D('',#15924,#15925,#15926);
#15924 = CARTESIAN_POINT('',(26.675,5.45,1.6));
#15925 = DIRECTION('',(1.,0.,0.));
#15926 = DIRECTION('',(0.,0.,1.));
#15927 = ADVANCED_FACE('',(#15928),#15944,.F.);
#15928 = FACE_BOUND('',#15929,.F.);
#15929 = EDGE_LOOP('',(#15930,#15936,#15937,#15943));
#15930 = ORIENTED_EDGE('',*,*,#15931,.F.);
#15931 = EDGE_CURVE('',#15852,#15892,#15932,.T.);
#15932 = LINE('',#15933,#15934);
#15933 = CARTESIAN_POINT('',(25.325,5.45,1.6));
#15934 = VECTOR('',#15935,1.);
#15935 = DIRECTION('',(1.,0.,0.));
#15936 = ORIENTED_EDGE('',*,*,#15851,.T.);
#15937 = ORIENTED_EDGE('',*,*,#15938,.T.);
#15938 = EDGE_CURVE('',#15854,#15894,#15939,.T.);
#15939 = LINE('',#15940,#15941);
#15940 = CARTESIAN_POINT('',(25.325,5.45,2.85));
#15941 = VECTOR('',#15942,1.);
#15942 = DIRECTION('',(1.,0.,0.));
#15943 = ORIENTED_EDGE('',*,*,#15891,.F.);
#15944 = PLANE('',#15945);
#15945 = AXIS2_PLACEMENT_3D('',#15946,#15947,#15948);
#15946 = CARTESIAN_POINT('',(25.325,5.45,1.6));
#15947 = DIRECTION('',(0.,1.,0.));
#15948 = DIRECTION('',(0.,0.,1.));
#15949 = ADVANCED_FACE('',(#15950),#15966,.T.);
#15950 = FACE_BOUND('',#15951,.T.);
#15951 = EDGE_LOOP('',(#15952,#15958,#15959,#15965));
#15952 = ORIENTED_EDGE('',*,*,#15953,.F.);
#15953 = EDGE_CURVE('',#15862,#15902,#15954,.T.);
#15954 = LINE('',#15955,#15956);
#15955 = CARTESIAN_POINT('',(25.325,7.55,1.6));
#15956 = VECTOR('',#15957,1.);
#15957 = DIRECTION('',(1.,0.,0.));
#15958 = ORIENTED_EDGE('',*,*,#15869,.T.);
#15959 = ORIENTED_EDGE('',*,*,#15960,.T.);
#15960 = EDGE_CURVE('',#15870,#15910,#15961,.T.);
#15961 = LINE('',#15962,#15963);
#15962 = CARTESIAN_POINT('',(25.325,7.55,2.85));
#15963 = VECTOR('',#15964,1.);
#15964 = DIRECTION('',(1.,0.,0.));
#15965 = ORIENTED_EDGE('',*,*,#15909,.F.);
#15966 = PLANE('',#15967);
#15967 = AXIS2_PLACEMENT_3D('',#15968,#15969,#15970);
#15968 = CARTESIAN_POINT('',(25.325,7.55,1.6));
#15969 = DIRECTION('',(0.,1.,0.));
#15970 = DIRECTION('',(0.,0.,1.));
#15971 = ADVANCED_FACE('',(#15972),#15978,.F.);
#15972 = FACE_BOUND('',#15973,.F.);
#15973 = EDGE_LOOP('',(#15974,#15975,#15976,#15977));
#15974 = ORIENTED_EDGE('',*,*,#15861,.F.);
#15975 = ORIENTED_EDGE('',*,*,#15931,.T.);
#15976 = ORIENTED_EDGE('',*,*,#15901,.T.);
#15977 = ORIENTED_EDGE('',*,*,#15953,.F.);
#15978 = PLANE('',#15979);
#15979 = AXIS2_PLACEMENT_3D('',#15980,#15981,#15982);
#15980 = CARTESIAN_POINT('',(25.325,5.45,1.6));
#15981 = DIRECTION('',(0.,0.,1.));
#15982 = DIRECTION('',(1.,0.,0.));
#15983 = ADVANCED_FACE('',(#15984),#15990,.T.);
#15984 = FACE_BOUND('',#15985,.T.);
#15985 = EDGE_LOOP('',(#15986,#15987,#15988,#15989));
#15986 = ORIENTED_EDGE('',*,*,#15877,.F.);
#15987 = ORIENTED_EDGE('',*,*,#15938,.T.);
#15988 = ORIENTED_EDGE('',*,*,#15917,.T.);
#15989 = ORIENTED_EDGE('',*,*,#15960,.F.);
#15990 = PLANE('',#15991);
#15991 = AXIS2_PLACEMENT_3D('',#15992,#15993,#15994);
#15992 = CARTESIAN_POINT('',(25.325,5.45,2.85));
#15993 = DIRECTION('',(0.,0.,1.));
#15994 = DIRECTION('',(1.,0.,0.));
#15995 = MANIFOLD_SOLID_BREP('',#15996);
#15996 = CLOSED_SHELL('',(#15997,#16037,#16077,#16099,#16121,#16133));
#15997 = ADVANCED_FACE('',(#15998),#16032,.F.);
#15998 = FACE_BOUND('',#15999,.F.);
#15999 = EDGE_LOOP('',(#16000,#16010,#16018,#16026));
#16000 = ORIENTED_EDGE('',*,*,#16001,.F.);
#16001 = EDGE_CURVE('',#16002,#16004,#16006,.T.);
#16002 = VERTEX_POINT('',#16003);
#16003 = CARTESIAN_POINT('',(29.3,-21.,1.6));
#16004 = VERTEX_POINT('',#16005);
#16005 = CARTESIAN_POINT('',(29.3,-21.,2.7));
#16006 = LINE('',#16007,#16008);
#16007 = CARTESIAN_POINT('',(29.3,-21.,1.6));
#16008 = VECTOR('',#16009,1.);
#16009 = DIRECTION('',(0.,0.,1.));
#16010 = ORIENTED_EDGE('',*,*,#16011,.T.);
#16011 = EDGE_CURVE('',#16002,#16012,#16014,.T.);
#16012 = VERTEX_POINT('',#16013);
#16013 = CARTESIAN_POINT('',(29.3,-18.,1.6));
#16014 = LINE('',#16015,#16016);
#16015 = CARTESIAN_POINT('',(29.3,-21.,1.6));
#16016 = VECTOR('',#16017,1.);
#16017 = DIRECTION('',(0.,1.,0.));
#16018 = ORIENTED_EDGE('',*,*,#16019,.T.);
#16019 = EDGE_CURVE('',#16012,#16020,#16022,.T.);
#16020 = VERTEX_POINT('',#16021);
#16021 = CARTESIAN_POINT('',(29.3,-18.,2.7));
#16022 = LINE('',#16023,#16024);
#16023 = CARTESIAN_POINT('',(29.3,-18.,1.6));
#16024 = VECTOR('',#16025,1.);
#16025 = DIRECTION('',(0.,0.,1.));
#16026 = ORIENTED_EDGE('',*,*,#16027,.F.);
#16027 = EDGE_CURVE('',#16004,#16020,#16028,.T.);
#16028 = LINE('',#16029,#16030);
#16029 = CARTESIAN_POINT('',(29.3,-21.,2.7));
#16030 = VECTOR('',#16031,1.);
#16031 = DIRECTION('',(0.,1.,0.));
#16032 = PLANE('',#16033);
#16033 = AXIS2_PLACEMENT_3D('',#16034,#16035,#16036);
#16034 = CARTESIAN_POINT('',(29.3,-21.,1.6));
#16035 = DIRECTION('',(1.,0.,0.));
#16036 = DIRECTION('',(0.,0.,1.));
#16037 = ADVANCED_FACE('',(#16038),#16072,.T.);
#16038 = FACE_BOUND('',#16039,.T.);
#16039 = EDGE_LOOP('',(#16040,#16050,#16058,#16066));
#16040 = ORIENTED_EDGE('',*,*,#16041,.F.);
#16041 = EDGE_CURVE('',#16042,#16044,#16046,.T.);
#16042 = VERTEX_POINT('',#16043);
#16043 = CARTESIAN_POINT('',(30.7,-21.,1.6));
#16044 = VERTEX_POINT('',#16045);
#16045 = CARTESIAN_POINT('',(30.7,-21.,2.7));
#16046 = LINE('',#16047,#16048);
#16047 = CARTESIAN_POINT('',(30.7,-21.,1.6));
#16048 = VECTOR('',#16049,1.);
#16049 = DIRECTION('',(0.,0.,1.));
#16050 = ORIENTED_EDGE('',*,*,#16051,.T.);
#16051 = EDGE_CURVE('',#16042,#16052,#16054,.T.);
#16052 = VERTEX_POINT('',#16053);
#16053 = CARTESIAN_POINT('',(30.7,-18.,1.6));
#16054 = LINE('',#16055,#16056);
#16055 = CARTESIAN_POINT('',(30.7,-21.,1.6));
#16056 = VECTOR('',#16057,1.);
#16057 = DIRECTION('',(0.,1.,0.));
#16058 = ORIENTED_EDGE('',*,*,#16059,.T.);
#16059 = EDGE_CURVE('',#16052,#16060,#16062,.T.);
#16060 = VERTEX_POINT('',#16061);
#16061 = CARTESIAN_POINT('',(30.7,-18.,2.7));
#16062 = LINE('',#16063,#16064);
#16063 = CARTESIAN_POINT('',(30.7,-18.,1.6));
#16064 = VECTOR('',#16065,1.);
#16065 = DIRECTION('',(0.,0.,1.));
#16066 = ORIENTED_EDGE('',*,*,#16067,.F.);
#16067 = EDGE_CURVE('',#16044,#16060,#16068,.T.);
#16068 = LINE('',#16069,#16070);
#16069 = CARTESIAN_POINT('',(30.7,-21.,2.7));
#16070 = VECTOR('',#16071,1.);
#16071 = DIRECTION('',(0.,1.,0.));
#16072 = PLANE('',#16073);
#16073 = AXIS2_PLACEMENT_3D('',#16074,#16075,#16076);
#16074 = CARTESIAN_POINT('',(30.7,-21.,1.6));
#16075 = DIRECTION('',(1.,0.,0.));
#16076 = DIRECTION('',(0.,0.,1.));
#16077 = ADVANCED_FACE('',(#16078),#16094,.F.);
#16078 = FACE_BOUND('',#16079,.F.);
#16079 = EDGE_LOOP('',(#16080,#16086,#16087,#16093));
#16080 = ORIENTED_EDGE('',*,*,#16081,.F.);
#16081 = EDGE_CURVE('',#16002,#16042,#16082,.T.);
#16082 = LINE('',#16083,#16084);
#16083 = CARTESIAN_POINT('',(29.3,-21.,1.6));
#16084 = VECTOR('',#16085,1.);
#16085 = DIRECTION('',(1.,0.,0.));
#16086 = ORIENTED_EDGE('',*,*,#16001,.T.);
#16087 = ORIENTED_EDGE('',*,*,#16088,.T.);
#16088 = EDGE_CURVE('',#16004,#16044,#16089,.T.);
#16089 = LINE('',#16090,#16091);
#16090 = CARTESIAN_POINT('',(29.3,-21.,2.7));
#16091 = VECTOR('',#16092,1.);
#16092 = DIRECTION('',(1.,0.,0.));
#16093 = ORIENTED_EDGE('',*,*,#16041,.F.);
#16094 = PLANE('',#16095);
#16095 = AXIS2_PLACEMENT_3D('',#16096,#16097,#16098);
#16096 = CARTESIAN_POINT('',(29.3,-21.,1.6));
#16097 = DIRECTION('',(0.,1.,0.));
#16098 = DIRECTION('',(0.,0.,1.));
#16099 = ADVANCED_FACE('',(#16100),#16116,.T.);
#16100 = FACE_BOUND('',#16101,.T.);
#16101 = EDGE_LOOP('',(#16102,#16108,#16109,#16115));
#16102 = ORIENTED_EDGE('',*,*,#16103,.F.);
#16103 = EDGE_CURVE('',#16012,#16052,#16104,.T.);
#16104 = LINE('',#16105,#16106);
#16105 = CARTESIAN_POINT('',(29.3,-18.,1.6));
#16106 = VECTOR('',#16107,1.);
#16107 = DIRECTION('',(1.,0.,0.));
#16108 = ORIENTED_EDGE('',*,*,#16019,.T.);
#16109 = ORIENTED_EDGE('',*,*,#16110,.T.);
#16110 = EDGE_CURVE('',#16020,#16060,#16111,.T.);
#16111 = LINE('',#16112,#16113);
#16112 = CARTESIAN_POINT('',(29.3,-18.,2.7));
#16113 = VECTOR('',#16114,1.);
#16114 = DIRECTION('',(1.,0.,0.));
#16115 = ORIENTED_EDGE('',*,*,#16059,.F.);
#16116 = PLANE('',#16117);
#16117 = AXIS2_PLACEMENT_3D('',#16118,#16119,#16120);
#16118 = CARTESIAN_POINT('',(29.3,-18.,1.6));
#16119 = DIRECTION('',(0.,1.,0.));
#16120 = DIRECTION('',(0.,0.,1.));
#16121 = ADVANCED_FACE('',(#16122),#16128,.F.);
#16122 = FACE_BOUND('',#16123,.F.);
#16123 = EDGE_LOOP('',(#16124,#16125,#16126,#16127));
#16124 = ORIENTED_EDGE('',*,*,#16011,.F.);
#16125 = ORIENTED_EDGE('',*,*,#16081,.T.);
#16126 = ORIENTED_EDGE('',*,*,#16051,.T.);
#16127 = ORIENTED_EDGE('',*,*,#16103,.F.);
#16128 = PLANE('',#16129);
#16129 = AXIS2_PLACEMENT_3D('',#16130,#16131,#16132);
#16130 = CARTESIAN_POINT('',(29.3,-21.,1.6));
#16131 = DIRECTION('',(0.,0.,1.));
#16132 = DIRECTION('',(1.,0.,0.));
#16133 = ADVANCED_FACE('',(#16134),#16140,.T.);
#16134 = FACE_BOUND('',#16135,.T.);
#16135 = EDGE_LOOP('',(#16136,#16137,#16138,#16139));
#16136 = ORIENTED_EDGE('',*,*,#16027,.F.);
#16137 = ORIENTED_EDGE('',*,*,#16088,.T.);
#16138 = ORIENTED_EDGE('',*,*,#16067,.T.);
#16139 = ORIENTED_EDGE('',*,*,#16110,.F.);
#16140 = PLANE('',#16141);
#16141 = AXIS2_PLACEMENT_3D('',#16142,#16143,#16144);
#16142 = CARTESIAN_POINT('',(29.3,-21.,2.7));
#16143 = DIRECTION('',(0.,0.,1.));
#16144 = DIRECTION('',(1.,0.,0.));
#16145 = MANIFOLD_SOLID_BREP('',#16146);
#16146 = CLOSED_SHELL('',(#16147,#16187,#16227,#16249,#16271,#16283));
#16147 = ADVANCED_FACE('',(#16148),#16182,.F.);
#16148 = FACE_BOUND('',#16149,.F.);
#16149 = EDGE_LOOP('',(#16150,#16160,#16168,#16176));
#16150 = ORIENTED_EDGE('',*,*,#16151,.F.);
#16151 = EDGE_CURVE('',#16152,#16154,#16156,.T.);
#16152 = VERTEX_POINT('',#16153);
#16153 = CARTESIAN_POINT('',(18.325,25.45,1.6));
#16154 = VERTEX_POINT('',#16155);
#16155 = CARTESIAN_POINT('',(18.325,25.45,2.85));
#16156 = LINE('',#16157,#16158);
#16157 = CARTESIAN_POINT('',(18.325,25.45,1.6));
#16158 = VECTOR('',#16159,1.);
#16159 = DIRECTION('',(0.,0.,1.));
#16160 = ORIENTED_EDGE('',*,*,#16161,.T.);
#16161 = EDGE_CURVE('',#16152,#16162,#16164,.T.);
#16162 = VERTEX_POINT('',#16163);
#16163 = CARTESIAN_POINT('',(18.325,27.55,1.6));
#16164 = LINE('',#16165,#16166);
#16165 = CARTESIAN_POINT('',(18.325,25.45,1.6));
#16166 = VECTOR('',#16167,1.);
#16167 = DIRECTION('',(0.,1.,0.));
#16168 = ORIENTED_EDGE('',*,*,#16169,.T.);
#16169 = EDGE_CURVE('',#16162,#16170,#16172,.T.);
#16170 = VERTEX_POINT('',#16171);
#16171 = CARTESIAN_POINT('',(18.325,27.55,2.85));
#16172 = LINE('',#16173,#16174);
#16173 = CARTESIAN_POINT('',(18.325,27.55,1.6));
#16174 = VECTOR('',#16175,1.);
#16175 = DIRECTION('',(0.,0.,1.));
#16176 = ORIENTED_EDGE('',*,*,#16177,.F.);
#16177 = EDGE_CURVE('',#16154,#16170,#16178,.T.);
#16178 = LINE('',#16179,#16180);
#16179 = CARTESIAN_POINT('',(18.325,25.45,2.85));
#16180 = VECTOR('',#16181,1.);
#16181 = DIRECTION('',(0.,1.,0.));
#16182 = PLANE('',#16183);
#16183 = AXIS2_PLACEMENT_3D('',#16184,#16185,#16186);
#16184 = CARTESIAN_POINT('',(18.325,25.45,1.6));
#16185 = DIRECTION('',(1.,0.,0.));
#16186 = DIRECTION('',(0.,0.,1.));
#16187 = ADVANCED_FACE('',(#16188),#16222,.T.);
#16188 = FACE_BOUND('',#16189,.T.);
#16189 = EDGE_LOOP('',(#16190,#16200,#16208,#16216));
#16190 = ORIENTED_EDGE('',*,*,#16191,.F.);
#16191 = EDGE_CURVE('',#16192,#16194,#16196,.T.);
#16192 = VERTEX_POINT('',#16193);
#16193 = CARTESIAN_POINT('',(19.675,25.45,1.6));
#16194 = VERTEX_POINT('',#16195);
#16195 = CARTESIAN_POINT('',(19.675,25.45,2.85));
#16196 = LINE('',#16197,#16198);
#16197 = CARTESIAN_POINT('',(19.675,25.45,1.6));
#16198 = VECTOR('',#16199,1.);
#16199 = DIRECTION('',(0.,0.,1.));
#16200 = ORIENTED_EDGE('',*,*,#16201,.T.);
#16201 = EDGE_CURVE('',#16192,#16202,#16204,.T.);
#16202 = VERTEX_POINT('',#16203);
#16203 = CARTESIAN_POINT('',(19.675,27.55,1.6));
#16204 = LINE('',#16205,#16206);
#16205 = CARTESIAN_POINT('',(19.675,25.45,1.6));
#16206 = VECTOR('',#16207,1.);
#16207 = DIRECTION('',(0.,1.,0.));
#16208 = ORIENTED_EDGE('',*,*,#16209,.T.);
#16209 = EDGE_CURVE('',#16202,#16210,#16212,.T.);
#16210 = VERTEX_POINT('',#16211);
#16211 = CARTESIAN_POINT('',(19.675,27.55,2.85));
#16212 = LINE('',#16213,#16214);
#16213 = CARTESIAN_POINT('',(19.675,27.55,1.6));
#16214 = VECTOR('',#16215,1.);
#16215 = DIRECTION('',(0.,0.,1.));
#16216 = ORIENTED_EDGE('',*,*,#16217,.F.);
#16217 = EDGE_CURVE('',#16194,#16210,#16218,.T.);
#16218 = LINE('',#16219,#16220);
#16219 = CARTESIAN_POINT('',(19.675,25.45,2.85));
#16220 = VECTOR('',#16221,1.);
#16221 = DIRECTION('',(0.,1.,0.));
#16222 = PLANE('',#16223);
#16223 = AXIS2_PLACEMENT_3D('',#16224,#16225,#16226);
#16224 = CARTESIAN_POINT('',(19.675,25.45,1.6));
#16225 = DIRECTION('',(1.,0.,0.));
#16226 = DIRECTION('',(0.,0.,1.));
#16227 = ADVANCED_FACE('',(#16228),#16244,.F.);
#16228 = FACE_BOUND('',#16229,.F.);
#16229 = EDGE_LOOP('',(#16230,#16236,#16237,#16243));
#16230 = ORIENTED_EDGE('',*,*,#16231,.F.);
#16231 = EDGE_CURVE('',#16152,#16192,#16232,.T.);
#16232 = LINE('',#16233,#16234);
#16233 = CARTESIAN_POINT('',(18.325,25.45,1.6));
#16234 = VECTOR('',#16235,1.);
#16235 = DIRECTION('',(1.,0.,0.));
#16236 = ORIENTED_EDGE('',*,*,#16151,.T.);
#16237 = ORIENTED_EDGE('',*,*,#16238,.T.);
#16238 = EDGE_CURVE('',#16154,#16194,#16239,.T.);
#16239 = LINE('',#16240,#16241);
#16240 = CARTESIAN_POINT('',(18.325,25.45,2.85));
#16241 = VECTOR('',#16242,1.);
#16242 = DIRECTION('',(1.,0.,0.));
#16243 = ORIENTED_EDGE('',*,*,#16191,.F.);
#16244 = PLANE('',#16245);
#16245 = AXIS2_PLACEMENT_3D('',#16246,#16247,#16248);
#16246 = CARTESIAN_POINT('',(18.325,25.45,1.6));
#16247 = DIRECTION('',(0.,1.,0.));
#16248 = DIRECTION('',(0.,0.,1.));
#16249 = ADVANCED_FACE('',(#16250),#16266,.T.);
#16250 = FACE_BOUND('',#16251,.T.);
#16251 = EDGE_LOOP('',(#16252,#16258,#16259,#16265));
#16252 = ORIENTED_EDGE('',*,*,#16253,.F.);
#16253 = EDGE_CURVE('',#16162,#16202,#16254,.T.);
#16254 = LINE('',#16255,#16256);
#16255 = CARTESIAN_POINT('',(18.325,27.55,1.6));
#16256 = VECTOR('',#16257,1.);
#16257 = DIRECTION('',(1.,0.,0.));
#16258 = ORIENTED_EDGE('',*,*,#16169,.T.);
#16259 = ORIENTED_EDGE('',*,*,#16260,.T.);
#16260 = EDGE_CURVE('',#16170,#16210,#16261,.T.);
#16261 = LINE('',#16262,#16263);
#16262 = CARTESIAN_POINT('',(18.325,27.55,2.85));
#16263 = VECTOR('',#16264,1.);
#16264 = DIRECTION('',(1.,0.,0.));
#16265 = ORIENTED_EDGE('',*,*,#16209,.F.);
#16266 = PLANE('',#16267);
#16267 = AXIS2_PLACEMENT_3D('',#16268,#16269,#16270);
#16268 = CARTESIAN_POINT('',(18.325,27.55,1.6));
#16269 = DIRECTION('',(0.,1.,0.));
#16270 = DIRECTION('',(0.,0.,1.));
#16271 = ADVANCED_FACE('',(#16272),#16278,.F.);
#16272 = FACE_BOUND('',#16273,.F.);
#16273 = EDGE_LOOP('',(#16274,#16275,#16276,#16277));
#16274 = ORIENTED_EDGE('',*,*,#16161,.F.);
#16275 = ORIENTED_EDGE('',*,*,#16231,.T.);
#16276 = ORIENTED_EDGE('',*,*,#16201,.T.);
#16277 = ORIENTED_EDGE('',*,*,#16253,.F.);
#16278 = PLANE('',#16279);
#16279 = AXIS2_PLACEMENT_3D('',#16280,#16281,#16282);
#16280 = CARTESIAN_POINT('',(18.325,25.45,1.6));
#16281 = DIRECTION('',(0.,0.,1.));
#16282 = DIRECTION('',(1.,0.,0.));
#16283 = ADVANCED_FACE('',(#16284),#16290,.T.);
#16284 = FACE_BOUND('',#16285,.T.);
#16285 = EDGE_LOOP('',(#16286,#16287,#16288,#16289));
#16286 = ORIENTED_EDGE('',*,*,#16177,.F.);
#16287 = ORIENTED_EDGE('',*,*,#16238,.T.);
#16288 = ORIENTED_EDGE('',*,*,#16217,.T.);
#16289 = ORIENTED_EDGE('',*,*,#16260,.F.);
#16290 = PLANE('',#16291);
#16291 = AXIS2_PLACEMENT_3D('',#16292,#16293,#16294);
#16292 = CARTESIAN_POINT('',(18.325,25.45,2.85));
#16293 = DIRECTION('',(0.,0.,1.));
#16294 = DIRECTION('',(1.,0.,0.));
#16295 = MANIFOLD_SOLID_BREP('',#16296);
#16296 = CLOSED_SHELL('',(#16297,#16337,#16377,#16399,#16421,#16433));
#16297 = ADVANCED_FACE('',(#16298),#16332,.F.);
#16298 = FACE_BOUND('',#16299,.F.);
#16299 = EDGE_LOOP('',(#16300,#16310,#16318,#16326));
#16300 = ORIENTED_EDGE('',*,*,#16301,.F.);
#16301 = EDGE_CURVE('',#16302,#16304,#16306,.T.);
#16302 = VERTEX_POINT('',#16303);
#16303 = CARTESIAN_POINT('',(-36.85,-7.15,1.6));
#16304 = VERTEX_POINT('',#16305);
#16305 = CARTESIAN_POINT('',(-36.85,-7.15,2.25));
#16306 = LINE('',#16307,#16308);
#16307 = CARTESIAN_POINT('',(-36.85,-7.15,1.6));
#16308 = VECTOR('',#16309,1.);
#16309 = DIRECTION('',(0.,0.,1.));
#16310 = ORIENTED_EDGE('',*,*,#16311,.T.);
#16311 = EDGE_CURVE('',#16302,#16312,#16314,.T.);
#16312 = VERTEX_POINT('',#16313);
#16313 = CARTESIAN_POINT('',(-36.85,-3.85,1.6));
#16314 = LINE('',#16315,#16316);
#16315 = CARTESIAN_POINT('',(-36.85,-7.15,1.6));
#16316 = VECTOR('',#16317,1.);
#16317 = DIRECTION('',(0.,1.,0.));
#16318 = ORIENTED_EDGE('',*,*,#16319,.T.);
#16319 = EDGE_CURVE('',#16312,#16320,#16322,.T.);
#16320 = VERTEX_POINT('',#16321);
#16321 = CARTESIAN_POINT('',(-36.85,-3.85,2.25));
#16322 = LINE('',#16323,#16324);
#16323 = CARTESIAN_POINT('',(-36.85,-3.85,1.6));
#16324 = VECTOR('',#16325,1.);
#16325 = DIRECTION('',(0.,0.,1.));
#16326 = ORIENTED_EDGE('',*,*,#16327,.F.);
#16327 = EDGE_CURVE('',#16304,#16320,#16328,.T.);
#16328 = LINE('',#16329,#16330);
#16329 = CARTESIAN_POINT('',(-36.85,-7.15,2.25));
#16330 = VECTOR('',#16331,1.);
#16331 = DIRECTION('',(0.,1.,0.));
#16332 = PLANE('',#16333);
#16333 = AXIS2_PLACEMENT_3D('',#16334,#16335,#16336);
#16334 = CARTESIAN_POINT('',(-36.85,-7.15,1.6));
#16335 = DIRECTION('',(1.,0.,0.));
#16336 = DIRECTION('',(0.,0.,1.));
#16337 = ADVANCED_FACE('',(#16338),#16372,.T.);
#16338 = FACE_BOUND('',#16339,.T.);
#16339 = EDGE_LOOP('',(#16340,#16350,#16358,#16366));
#16340 = ORIENTED_EDGE('',*,*,#16341,.F.);
#16341 = EDGE_CURVE('',#16342,#16344,#16346,.T.);
#16342 = VERTEX_POINT('',#16343);
#16343 = CARTESIAN_POINT('',(-35.15,-7.15,1.6));
#16344 = VERTEX_POINT('',#16345);
#16345 = CARTESIAN_POINT('',(-35.15,-7.15,2.25));
#16346 = LINE('',#16347,#16348);
#16347 = CARTESIAN_POINT('',(-35.15,-7.15,1.6));
#16348 = VECTOR('',#16349,1.);
#16349 = DIRECTION('',(0.,0.,1.));
#16350 = ORIENTED_EDGE('',*,*,#16351,.T.);
#16351 = EDGE_CURVE('',#16342,#16352,#16354,.T.);
#16352 = VERTEX_POINT('',#16353);
#16353 = CARTESIAN_POINT('',(-35.15,-3.85,1.6));
#16354 = LINE('',#16355,#16356);
#16355 = CARTESIAN_POINT('',(-35.15,-7.15,1.6));
#16356 = VECTOR('',#16357,1.);
#16357 = DIRECTION('',(0.,1.,0.));
#16358 = ORIENTED_EDGE('',*,*,#16359,.T.);
#16359 = EDGE_CURVE('',#16352,#16360,#16362,.T.);
#16360 = VERTEX_POINT('',#16361);
#16361 = CARTESIAN_POINT('',(-35.15,-3.85,2.25));
#16362 = LINE('',#16363,#16364);
#16363 = CARTESIAN_POINT('',(-35.15,-3.85,1.6));
#16364 = VECTOR('',#16365,1.);
#16365 = DIRECTION('',(0.,0.,1.));
#16366 = ORIENTED_EDGE('',*,*,#16367,.F.);
#16367 = EDGE_CURVE('',#16344,#16360,#16368,.T.);
#16368 = LINE('',#16369,#16370);
#16369 = CARTESIAN_POINT('',(-35.15,-7.15,2.25));
#16370 = VECTOR('',#16371,1.);
#16371 = DIRECTION('',(0.,1.,0.));
#16372 = PLANE('',#16373);
#16373 = AXIS2_PLACEMENT_3D('',#16374,#16375,#16376);
#16374 = CARTESIAN_POINT('',(-35.15,-7.15,1.6));
#16375 = DIRECTION('',(1.,0.,0.));
#16376 = DIRECTION('',(0.,0.,1.));
#16377 = ADVANCED_FACE('',(#16378),#16394,.F.);
#16378 = FACE_BOUND('',#16379,.F.);
#16379 = EDGE_LOOP('',(#16380,#16386,#16387,#16393));
#16380 = ORIENTED_EDGE('',*,*,#16381,.F.);
#16381 = EDGE_CURVE('',#16302,#16342,#16382,.T.);
#16382 = LINE('',#16383,#16384);
#16383 = CARTESIAN_POINT('',(-36.85,-7.15,1.6));
#16384 = VECTOR('',#16385,1.);
#16385 = DIRECTION('',(1.,0.,0.));
#16386 = ORIENTED_EDGE('',*,*,#16301,.T.);
#16387 = ORIENTED_EDGE('',*,*,#16388,.T.);
#16388 = EDGE_CURVE('',#16304,#16344,#16389,.T.);
#16389 = LINE('',#16390,#16391);
#16390 = CARTESIAN_POINT('',(-36.85,-7.15,2.25));
#16391 = VECTOR('',#16392,1.);
#16392 = DIRECTION('',(1.,0.,0.));
#16393 = ORIENTED_EDGE('',*,*,#16341,.F.);
#16394 = PLANE('',#16395);
#16395 = AXIS2_PLACEMENT_3D('',#16396,#16397,#16398);
#16396 = CARTESIAN_POINT('',(-36.85,-7.15,1.6));
#16397 = DIRECTION('',(0.,1.,0.));
#16398 = DIRECTION('',(0.,0.,1.));
#16399 = ADVANCED_FACE('',(#16400),#16416,.T.);
#16400 = FACE_BOUND('',#16401,.T.);
#16401 = EDGE_LOOP('',(#16402,#16408,#16409,#16415));
#16402 = ORIENTED_EDGE('',*,*,#16403,.F.);
#16403 = EDGE_CURVE('',#16312,#16352,#16404,.T.);
#16404 = LINE('',#16405,#16406);
#16405 = CARTESIAN_POINT('',(-36.85,-3.85,1.6));
#16406 = VECTOR('',#16407,1.);
#16407 = DIRECTION('',(1.,0.,0.));
#16408 = ORIENTED_EDGE('',*,*,#16319,.T.);
#16409 = ORIENTED_EDGE('',*,*,#16410,.T.);
#16410 = EDGE_CURVE('',#16320,#16360,#16411,.T.);
#16411 = LINE('',#16412,#16413);
#16412 = CARTESIAN_POINT('',(-36.85,-3.85,2.25));
#16413 = VECTOR('',#16414,1.);
#16414 = DIRECTION('',(1.,0.,0.));
#16415 = ORIENTED_EDGE('',*,*,#16359,.F.);
#16416 = PLANE('',#16417);
#16417 = AXIS2_PLACEMENT_3D('',#16418,#16419,#16420);
#16418 = CARTESIAN_POINT('',(-36.85,-3.85,1.6));
#16419 = DIRECTION('',(0.,1.,0.));
#16420 = DIRECTION('',(0.,0.,1.));
#16421 = ADVANCED_FACE('',(#16422),#16428,.F.);
#16422 = FACE_BOUND('',#16423,.F.);
#16423 = EDGE_LOOP('',(#16424,#16425,#16426,#16427));
#16424 = ORIENTED_EDGE('',*,*,#16311,.F.);
#16425 = ORIENTED_EDGE('',*,*,#16381,.T.);
#16426 = ORIENTED_EDGE('',*,*,#16351,.T.);
#16427 = ORIENTED_EDGE('',*,*,#16403,.F.);
#16428 = PLANE('',#16429);
#16429 = AXIS2_PLACEMENT_3D('',#16430,#16431,#16432);
#16430 = CARTESIAN_POINT('',(-36.85,-7.15,1.6));
#16431 = DIRECTION('',(0.,0.,1.));
#16432 = DIRECTION('',(1.,0.,0.));
#16433 = ADVANCED_FACE('',(#16434),#16440,.T.);
#16434 = FACE_BOUND('',#16435,.T.);
#16435 = EDGE_LOOP('',(#16436,#16437,#16438,#16439));
#16436 = ORIENTED_EDGE('',*,*,#16327,.F.);
#16437 = ORIENTED_EDGE('',*,*,#16388,.T.);
#16438 = ORIENTED_EDGE('',*,*,#16367,.T.);
#16439 = ORIENTED_EDGE('',*,*,#16410,.F.);
#16440 = PLANE('',#16441);
#16441 = AXIS2_PLACEMENT_3D('',#16442,#16443,#16444);
#16442 = CARTESIAN_POINT('',(-36.85,-7.15,2.25));
#16443 = DIRECTION('',(0.,0.,1.));
#16444 = DIRECTION('',(1.,0.,0.));
#16445 = MANIFOLD_SOLID_BREP('',#16446);
#16446 = CLOSED_SHELL('',(#16447,#16487,#16527,#16549,#16571,#16583));
#16447 = ADVANCED_FACE('',(#16448),#16482,.F.);
#16448 = FACE_BOUND('',#16449,.F.);
#16449 = EDGE_LOOP('',(#16450,#16460,#16468,#16476));
#16450 = ORIENTED_EDGE('',*,*,#16451,.F.);
#16451 = EDGE_CURVE('',#16452,#16454,#16456,.T.);
#16452 = VERTEX_POINT('',#16453);
#16453 = CARTESIAN_POINT('',(16.325,-26.55,1.6));
#16454 = VERTEX_POINT('',#16455);
#16455 = CARTESIAN_POINT('',(16.325,-26.55,2.25));
#16456 = LINE('',#16457,#16458);
#16457 = CARTESIAN_POINT('',(16.325,-26.55,1.6));
#16458 = VECTOR('',#16459,1.);
#16459 = DIRECTION('',(0.,0.,1.));
#16460 = ORIENTED_EDGE('',*,*,#16461,.T.);
#16461 = EDGE_CURVE('',#16452,#16462,#16464,.T.);
#16462 = VERTEX_POINT('',#16463);
#16463 = CARTESIAN_POINT('',(16.325,-24.45,1.6));
#16464 = LINE('',#16465,#16466);
#16465 = CARTESIAN_POINT('',(16.325,-26.55,1.6));
#16466 = VECTOR('',#16467,1.);
#16467 = DIRECTION('',(0.,1.,0.));
#16468 = ORIENTED_EDGE('',*,*,#16469,.T.);
#16469 = EDGE_CURVE('',#16462,#16470,#16472,.T.);
#16470 = VERTEX_POINT('',#16471);
#16471 = CARTESIAN_POINT('',(16.325,-24.45,2.25));
#16472 = LINE('',#16473,#16474);
#16473 = CARTESIAN_POINT('',(16.325,-24.45,1.6));
#16474 = VECTOR('',#16475,1.);
#16475 = DIRECTION('',(0.,0.,1.));
#16476 = ORIENTED_EDGE('',*,*,#16477,.F.);
#16477 = EDGE_CURVE('',#16454,#16470,#16478,.T.);
#16478 = LINE('',#16479,#16480);
#16479 = CARTESIAN_POINT('',(16.325,-26.55,2.25));
#16480 = VECTOR('',#16481,1.);
#16481 = DIRECTION('',(0.,1.,0.));
#16482 = PLANE('',#16483);
#16483 = AXIS2_PLACEMENT_3D('',#16484,#16485,#16486);
#16484 = CARTESIAN_POINT('',(16.325,-26.55,1.6));
#16485 = DIRECTION('',(1.,0.,0.));
#16486 = DIRECTION('',(0.,0.,1.));
#16487 = ADVANCED_FACE('',(#16488),#16522,.T.);
#16488 = FACE_BOUND('',#16489,.T.);
#16489 = EDGE_LOOP('',(#16490,#16500,#16508,#16516));
#16490 = ORIENTED_EDGE('',*,*,#16491,.F.);
#16491 = EDGE_CURVE('',#16492,#16494,#16496,.T.);
#16492 = VERTEX_POINT('',#16493);
#16493 = CARTESIAN_POINT('',(17.675,-26.55,1.6));
#16494 = VERTEX_POINT('',#16495);
#16495 = CARTESIAN_POINT('',(17.675,-26.55,2.25));
#16496 = LINE('',#16497,#16498);
#16497 = CARTESIAN_POINT('',(17.675,-26.55,1.6));
#16498 = VECTOR('',#16499,1.);
#16499 = DIRECTION('',(0.,0.,1.));
#16500 = ORIENTED_EDGE('',*,*,#16501,.T.);
#16501 = EDGE_CURVE('',#16492,#16502,#16504,.T.);
#16502 = VERTEX_POINT('',#16503);
#16503 = CARTESIAN_POINT('',(17.675,-24.45,1.6));
#16504 = LINE('',#16505,#16506);
#16505 = CARTESIAN_POINT('',(17.675,-26.55,1.6));
#16506 = VECTOR('',#16507,1.);
#16507 = DIRECTION('',(0.,1.,0.));
#16508 = ORIENTED_EDGE('',*,*,#16509,.T.);
#16509 = EDGE_CURVE('',#16502,#16510,#16512,.T.);
#16510 = VERTEX_POINT('',#16511);
#16511 = CARTESIAN_POINT('',(17.675,-24.45,2.25));
#16512 = LINE('',#16513,#16514);
#16513 = CARTESIAN_POINT('',(17.675,-24.45,1.6));
#16514 = VECTOR('',#16515,1.);
#16515 = DIRECTION('',(0.,0.,1.));
#16516 = ORIENTED_EDGE('',*,*,#16517,.F.);
#16517 = EDGE_CURVE('',#16494,#16510,#16518,.T.);
#16518 = LINE('',#16519,#16520);
#16519 = CARTESIAN_POINT('',(17.675,-26.55,2.25));
#16520 = VECTOR('',#16521,1.);
#16521 = DIRECTION('',(0.,1.,0.));
#16522 = PLANE('',#16523);
#16523 = AXIS2_PLACEMENT_3D('',#16524,#16525,#16526);
#16524 = CARTESIAN_POINT('',(17.675,-26.55,1.6));
#16525 = DIRECTION('',(1.,0.,0.));
#16526 = DIRECTION('',(0.,0.,1.));
#16527 = ADVANCED_FACE('',(#16528),#16544,.F.);
#16528 = FACE_BOUND('',#16529,.F.);
#16529 = EDGE_LOOP('',(#16530,#16536,#16537,#16543));
#16530 = ORIENTED_EDGE('',*,*,#16531,.F.);
#16531 = EDGE_CURVE('',#16452,#16492,#16532,.T.);
#16532 = LINE('',#16533,#16534);
#16533 = CARTESIAN_POINT('',(16.325,-26.55,1.6));
#16534 = VECTOR('',#16535,1.);
#16535 = DIRECTION('',(1.,0.,0.));
#16536 = ORIENTED_EDGE('',*,*,#16451,.T.);
#16537 = ORIENTED_EDGE('',*,*,#16538,.T.);
#16538 = EDGE_CURVE('',#16454,#16494,#16539,.T.);
#16539 = LINE('',#16540,#16541);
#16540 = CARTESIAN_POINT('',(16.325,-26.55,2.25));
#16541 = VECTOR('',#16542,1.);
#16542 = DIRECTION('',(1.,0.,0.));
#16543 = ORIENTED_EDGE('',*,*,#16491,.F.);
#16544 = PLANE('',#16545);
#16545 = AXIS2_PLACEMENT_3D('',#16546,#16547,#16548);
#16546 = CARTESIAN_POINT('',(16.325,-26.55,1.6));
#16547 = DIRECTION('',(0.,1.,0.));
#16548 = DIRECTION('',(0.,0.,1.));
#16549 = ADVANCED_FACE('',(#16550),#16566,.T.);
#16550 = FACE_BOUND('',#16551,.T.);
#16551 = EDGE_LOOP('',(#16552,#16558,#16559,#16565));
#16552 = ORIENTED_EDGE('',*,*,#16553,.F.);
#16553 = EDGE_CURVE('',#16462,#16502,#16554,.T.);
#16554 = LINE('',#16555,#16556);
#16555 = CARTESIAN_POINT('',(16.325,-24.45,1.6));
#16556 = VECTOR('',#16557,1.);
#16557 = DIRECTION('',(1.,0.,0.));
#16558 = ORIENTED_EDGE('',*,*,#16469,.T.);
#16559 = ORIENTED_EDGE('',*,*,#16560,.T.);
#16560 = EDGE_CURVE('',#16470,#16510,#16561,.T.);
#16561 = LINE('',#16562,#16563);
#16562 = CARTESIAN_POINT('',(16.325,-24.45,2.25));
#16563 = VECTOR('',#16564,1.);
#16564 = DIRECTION('',(1.,0.,0.));
#16565 = ORIENTED_EDGE('',*,*,#16509,.F.);
#16566 = PLANE('',#16567);
#16567 = AXIS2_PLACEMENT_3D('',#16568,#16569,#16570);
#16568 = CARTESIAN_POINT('',(16.325,-24.45,1.6));
#16569 = DIRECTION('',(0.,1.,0.));
#16570 = DIRECTION('',(0.,0.,1.));
#16571 = ADVANCED_FACE('',(#16572),#16578,.F.);
#16572 = FACE_BOUND('',#16573,.F.);
#16573 = EDGE_LOOP('',(#16574,#16575,#16576,#16577));
#16574 = ORIENTED_EDGE('',*,*,#16461,.F.);
#16575 = ORIENTED_EDGE('',*,*,#16531,.T.);
#16576 = ORIENTED_EDGE('',*,*,#16501,.T.);
#16577 = ORIENTED_EDGE('',*,*,#16553,.F.);
#16578 = PLANE('',#16579);
#16579 = AXIS2_PLACEMENT_3D('',#16580,#16581,#16582);
#16580 = CARTESIAN_POINT('',(16.325,-26.55,1.6));
#16581 = DIRECTION('',(0.,0.,1.));
#16582 = DIRECTION('',(1.,0.,0.));
#16583 = ADVANCED_FACE('',(#16584),#16590,.T.);
#16584 = FACE_BOUND('',#16585,.T.);
#16585 = EDGE_LOOP('',(#16586,#16587,#16588,#16589));
#16586 = ORIENTED_EDGE('',*,*,#16477,.F.);
#16587 = ORIENTED_EDGE('',*,*,#16538,.T.);
#16588 = ORIENTED_EDGE('',*,*,#16517,.T.);
#16589 = ORIENTED_EDGE('',*,*,#16560,.F.);
#16590 = PLANE('',#16591);
#16591 = AXIS2_PLACEMENT_3D('',#16592,#16593,#16594);
#16592 = CARTESIAN_POINT('',(16.325,-26.55,2.25));
#16593 = DIRECTION('',(0.,0.,1.));
#16594 = DIRECTION('',(1.,0.,0.));
#16595 = MANIFOLD_SOLID_BREP('',#16596);
#16596 = CLOSED_SHELL('',(#16597,#16637,#16677,#16699,#16721,#16733));
#16597 = ADVANCED_FACE('',(#16598),#16632,.F.);
#16598 = FACE_BOUND('',#16599,.F.);
#16599 = EDGE_LOOP('',(#16600,#16610,#16618,#16626));
#16600 = ORIENTED_EDGE('',*,*,#16601,.F.);
#16601 = EDGE_CURVE('',#16602,#16604,#16606,.T.);
#16602 = VERTEX_POINT('',#16603);
#16603 = CARTESIAN_POINT('',(18.95,4.45,1.6));
#16604 = VERTEX_POINT('',#16605);
#16605 = CARTESIAN_POINT('',(18.95,4.45,3.4));
#16606 = LINE('',#16607,#16608);
#16607 = CARTESIAN_POINT('',(18.95,4.45,1.6));
#16608 = VECTOR('',#16609,1.);
#16609 = DIRECTION('',(0.,0.,1.));
#16610 = ORIENTED_EDGE('',*,*,#16611,.T.);
#16611 = EDGE_CURVE('',#16602,#16612,#16614,.T.);
#16612 = VERTEX_POINT('',#16613);
#16613 = CARTESIAN_POINT('',(18.95,8.55,1.6));
#16614 = LINE('',#16615,#16616);
#16615 = CARTESIAN_POINT('',(18.95,4.45,1.6));
#16616 = VECTOR('',#16617,1.);
#16617 = DIRECTION('',(0.,1.,0.));
#16618 = ORIENTED_EDGE('',*,*,#16619,.T.);
#16619 = EDGE_CURVE('',#16612,#16620,#16622,.T.);
#16620 = VERTEX_POINT('',#16621);
#16621 = CARTESIAN_POINT('',(18.95,8.55,3.4));
#16622 = LINE('',#16623,#16624);
#16623 = CARTESIAN_POINT('',(18.95,8.55,1.6));
#16624 = VECTOR('',#16625,1.);
#16625 = DIRECTION('',(0.,0.,1.));
#16626 = ORIENTED_EDGE('',*,*,#16627,.F.);
#16627 = EDGE_CURVE('',#16604,#16620,#16628,.T.);
#16628 = LINE('',#16629,#16630);
#16629 = CARTESIAN_POINT('',(18.95,4.45,3.4));
#16630 = VECTOR('',#16631,1.);
#16631 = DIRECTION('',(0.,1.,0.));
#16632 = PLANE('',#16633);
#16633 = AXIS2_PLACEMENT_3D('',#16634,#16635,#16636);
#16634 = CARTESIAN_POINT('',(18.95,4.45,1.6));
#16635 = DIRECTION('',(1.,0.,0.));
#16636 = DIRECTION('',(0.,0.,1.));
#16637 = ADVANCED_FACE('',(#16638),#16672,.T.);
#16638 = FACE_BOUND('',#16639,.T.);
#16639 = EDGE_LOOP('',(#16640,#16650,#16658,#16666));
#16640 = ORIENTED_EDGE('',*,*,#16641,.F.);
#16641 = EDGE_CURVE('',#16642,#16644,#16646,.T.);
#16642 = VERTEX_POINT('',#16643);
#16643 = CARTESIAN_POINT('',(23.05,4.45,1.6));
#16644 = VERTEX_POINT('',#16645);
#16645 = CARTESIAN_POINT('',(23.05,4.45,3.4));
#16646 = LINE('',#16647,#16648);
#16647 = CARTESIAN_POINT('',(23.05,4.45,1.6));
#16648 = VECTOR('',#16649,1.);
#16649 = DIRECTION('',(0.,0.,1.));
#16650 = ORIENTED_EDGE('',*,*,#16651,.T.);
#16651 = EDGE_CURVE('',#16642,#16652,#16654,.T.);
#16652 = VERTEX_POINT('',#16653);
#16653 = CARTESIAN_POINT('',(23.05,8.55,1.6));
#16654 = LINE('',#16655,#16656);
#16655 = CARTESIAN_POINT('',(23.05,4.45,1.6));
#16656 = VECTOR('',#16657,1.);
#16657 = DIRECTION('',(0.,1.,0.));
#16658 = ORIENTED_EDGE('',*,*,#16659,.T.);
#16659 = EDGE_CURVE('',#16652,#16660,#16662,.T.);
#16660 = VERTEX_POINT('',#16661);
#16661 = CARTESIAN_POINT('',(23.05,8.55,3.4));
#16662 = LINE('',#16663,#16664);
#16663 = CARTESIAN_POINT('',(23.05,8.55,1.6));
#16664 = VECTOR('',#16665,1.);
#16665 = DIRECTION('',(0.,0.,1.));
#16666 = ORIENTED_EDGE('',*,*,#16667,.F.);
#16667 = EDGE_CURVE('',#16644,#16660,#16668,.T.);
#16668 = LINE('',#16669,#16670);
#16669 = CARTESIAN_POINT('',(23.05,4.45,3.4));
#16670 = VECTOR('',#16671,1.);
#16671 = DIRECTION('',(0.,1.,0.));
#16672 = PLANE('',#16673);
#16673 = AXIS2_PLACEMENT_3D('',#16674,#16675,#16676);
#16674 = CARTESIAN_POINT('',(23.05,4.45,1.6));
#16675 = DIRECTION('',(1.,0.,0.));
#16676 = DIRECTION('',(0.,0.,1.));
#16677 = ADVANCED_FACE('',(#16678),#16694,.F.);
#16678 = FACE_BOUND('',#16679,.F.);
#16679 = EDGE_LOOP('',(#16680,#16686,#16687,#16693));
#16680 = ORIENTED_EDGE('',*,*,#16681,.F.);
#16681 = EDGE_CURVE('',#16602,#16642,#16682,.T.);
#16682 = LINE('',#16683,#16684);
#16683 = CARTESIAN_POINT('',(18.95,4.45,1.6));
#16684 = VECTOR('',#16685,1.);
#16685 = DIRECTION('',(1.,0.,0.));
#16686 = ORIENTED_EDGE('',*,*,#16601,.T.);
#16687 = ORIENTED_EDGE('',*,*,#16688,.T.);
#16688 = EDGE_CURVE('',#16604,#16644,#16689,.T.);
#16689 = LINE('',#16690,#16691);
#16690 = CARTESIAN_POINT('',(18.95,4.45,3.4));
#16691 = VECTOR('',#16692,1.);
#16692 = DIRECTION('',(1.,0.,0.));
#16693 = ORIENTED_EDGE('',*,*,#16641,.F.);
#16694 = PLANE('',#16695);
#16695 = AXIS2_PLACEMENT_3D('',#16696,#16697,#16698);
#16696 = CARTESIAN_POINT('',(18.95,4.45,1.6));
#16697 = DIRECTION('',(0.,1.,0.));
#16698 = DIRECTION('',(0.,0.,1.));
#16699 = ADVANCED_FACE('',(#16700),#16716,.T.);
#16700 = FACE_BOUND('',#16701,.T.);
#16701 = EDGE_LOOP('',(#16702,#16708,#16709,#16715));
#16702 = ORIENTED_EDGE('',*,*,#16703,.F.);
#16703 = EDGE_CURVE('',#16612,#16652,#16704,.T.);
#16704 = LINE('',#16705,#16706);
#16705 = CARTESIAN_POINT('',(18.95,8.55,1.6));
#16706 = VECTOR('',#16707,1.);
#16707 = DIRECTION('',(1.,0.,0.));
#16708 = ORIENTED_EDGE('',*,*,#16619,.T.);
#16709 = ORIENTED_EDGE('',*,*,#16710,.T.);
#16710 = EDGE_CURVE('',#16620,#16660,#16711,.T.);
#16711 = LINE('',#16712,#16713);
#16712 = CARTESIAN_POINT('',(18.95,8.55,3.4));
#16713 = VECTOR('',#16714,1.);
#16714 = DIRECTION('',(1.,0.,0.));
#16715 = ORIENTED_EDGE('',*,*,#16659,.F.);
#16716 = PLANE('',#16717);
#16717 = AXIS2_PLACEMENT_3D('',#16718,#16719,#16720);
#16718 = CARTESIAN_POINT('',(18.95,8.55,1.6));
#16719 = DIRECTION('',(0.,1.,0.));
#16720 = DIRECTION('',(0.,0.,1.));
#16721 = ADVANCED_FACE('',(#16722),#16728,.F.);
#16722 = FACE_BOUND('',#16723,.F.);
#16723 = EDGE_LOOP('',(#16724,#16725,#16726,#16727));
#16724 = ORIENTED_EDGE('',*,*,#16611,.F.);
#16725 = ORIENTED_EDGE('',*,*,#16681,.T.);
#16726 = ORIENTED_EDGE('',*,*,#16651,.T.);
#16727 = ORIENTED_EDGE('',*,*,#16703,.F.);
#16728 = PLANE('',#16729);
#16729 = AXIS2_PLACEMENT_3D('',#16730,#16731,#16732);
#16730 = CARTESIAN_POINT('',(18.95,4.45,1.6));
#16731 = DIRECTION('',(0.,0.,1.));
#16732 = DIRECTION('',(1.,0.,0.));
#16733 = ADVANCED_FACE('',(#16734),#16740,.T.);
#16734 = FACE_BOUND('',#16735,.T.);
#16735 = EDGE_LOOP('',(#16736,#16737,#16738,#16739));
#16736 = ORIENTED_EDGE('',*,*,#16627,.F.);
#16737 = ORIENTED_EDGE('',*,*,#16688,.T.);
#16738 = ORIENTED_EDGE('',*,*,#16667,.T.);
#16739 = ORIENTED_EDGE('',*,*,#16710,.F.);
#16740 = PLANE('',#16741);
#16741 = AXIS2_PLACEMENT_3D('',#16742,#16743,#16744);
#16742 = CARTESIAN_POINT('',(18.95,4.45,3.4));
#16743 = DIRECTION('',(0.,0.,1.));
#16744 = DIRECTION('',(1.,0.,0.));
#16745 = MANIFOLD_SOLID_BREP('',#16746);
#16746 = CLOSED_SHELL('',(#16747,#16787,#16827,#16849,#16871,#16883));
#16747 = ADVANCED_FACE('',(#16748),#16782,.F.);
#16748 = FACE_BOUND('',#16749,.F.);
#16749 = EDGE_LOOP('',(#16750,#16760,#16768,#16776));
#16750 = ORIENTED_EDGE('',*,*,#16751,.F.);
#16751 = EDGE_CURVE('',#16752,#16754,#16756,.T.);
#16752 = VERTEX_POINT('',#16753);
#16753 = CARTESIAN_POINT('',(-15.675,-36.475,1.6));
#16754 = VERTEX_POINT('',#16755);
#16755 = CARTESIAN_POINT('',(-15.675,-36.475,3.6));
#16756 = LINE('',#16757,#16758);
#16757 = CARTESIAN_POINT('',(-15.675,-36.475,1.6));
#16758 = VECTOR('',#16759,1.);
#16759 = DIRECTION('',(0.,0.,1.));
#16760 = ORIENTED_EDGE('',*,*,#16761,.T.);
#16761 = EDGE_CURVE('',#16752,#16762,#16764,.T.);
#16762 = VERTEX_POINT('',#16763);
#16763 = CARTESIAN_POINT('',(-15.675,-31.025,1.6));
#16764 = LINE('',#16765,#16766);
#16765 = CARTESIAN_POINT('',(-15.675,-36.475,1.6));
#16766 = VECTOR('',#16767,1.);
#16767 = DIRECTION('',(0.,1.,0.));
#16768 = ORIENTED_EDGE('',*,*,#16769,.T.);
#16769 = EDGE_CURVE('',#16762,#16770,#16772,.T.);
#16770 = VERTEX_POINT('',#16771);
#16771 = CARTESIAN_POINT('',(-15.675,-31.025,3.6));
#16772 = LINE('',#16773,#16774);
#16773 = CARTESIAN_POINT('',(-15.675,-31.025,1.6));
#16774 = VECTOR('',#16775,1.);
#16775 = DIRECTION('',(0.,0.,1.));
#16776 = ORIENTED_EDGE('',*,*,#16777,.F.);
#16777 = EDGE_CURVE('',#16754,#16770,#16778,.T.);
#16778 = LINE('',#16779,#16780);
#16779 = CARTESIAN_POINT('',(-15.675,-36.475,3.6));
#16780 = VECTOR('',#16781,1.);
#16781 = DIRECTION('',(0.,1.,0.));
#16782 = PLANE('',#16783);
#16783 = AXIS2_PLACEMENT_3D('',#16784,#16785,#16786);
#16784 = CARTESIAN_POINT('',(-15.675,-36.475,1.6));
#16785 = DIRECTION('',(1.,0.,0.));
#16786 = DIRECTION('',(0.,0.,1.));
#16787 = ADVANCED_FACE('',(#16788),#16822,.T.);
#16788 = FACE_BOUND('',#16789,.T.);
#16789 = EDGE_LOOP('',(#16790,#16800,#16808,#16816));
#16790 = ORIENTED_EDGE('',*,*,#16791,.F.);
#16791 = EDGE_CURVE('',#16792,#16794,#16796,.T.);
#16792 = VERTEX_POINT('',#16793);
#16793 = CARTESIAN_POINT('',(-5.325,-36.475,1.6));
#16794 = VERTEX_POINT('',#16795);
#16795 = CARTESIAN_POINT('',(-5.325,-36.475,3.6));
#16796 = LINE('',#16797,#16798);
#16797 = CARTESIAN_POINT('',(-5.325,-36.475,1.6));
#16798 = VECTOR('',#16799,1.);
#16799 = DIRECTION('',(0.,0.,1.));
#16800 = ORIENTED_EDGE('',*,*,#16801,.T.);
#16801 = EDGE_CURVE('',#16792,#16802,#16804,.T.);
#16802 = VERTEX_POINT('',#16803);
#16803 = CARTESIAN_POINT('',(-5.325,-31.025,1.6));
#16804 = LINE('',#16805,#16806);
#16805 = CARTESIAN_POINT('',(-5.325,-36.475,1.6));
#16806 = VECTOR('',#16807,1.);
#16807 = DIRECTION('',(0.,1.,0.));
#16808 = ORIENTED_EDGE('',*,*,#16809,.T.);
#16809 = EDGE_CURVE('',#16802,#16810,#16812,.T.);
#16810 = VERTEX_POINT('',#16811);
#16811 = CARTESIAN_POINT('',(-5.325,-31.025,3.6));
#16812 = LINE('',#16813,#16814);
#16813 = CARTESIAN_POINT('',(-5.325,-31.025,1.6));
#16814 = VECTOR('',#16815,1.);
#16815 = DIRECTION('',(0.,0.,1.));
#16816 = ORIENTED_EDGE('',*,*,#16817,.F.);
#16817 = EDGE_CURVE('',#16794,#16810,#16818,.T.);
#16818 = LINE('',#16819,#16820);
#16819 = CARTESIAN_POINT('',(-5.325,-36.475,3.6));
#16820 = VECTOR('',#16821,1.);
#16821 = DIRECTION('',(0.,1.,0.));
#16822 = PLANE('',#16823);
#16823 = AXIS2_PLACEMENT_3D('',#16824,#16825,#16826);
#16824 = CARTESIAN_POINT('',(-5.325,-36.475,1.6));
#16825 = DIRECTION('',(1.,0.,0.));
#16826 = DIRECTION('',(0.,0.,1.));
#16827 = ADVANCED_FACE('',(#16828),#16844,.F.);
#16828 = FACE_BOUND('',#16829,.F.);
#16829 = EDGE_LOOP('',(#16830,#16836,#16837,#16843));
#16830 = ORIENTED_EDGE('',*,*,#16831,.F.);
#16831 = EDGE_CURVE('',#16752,#16792,#16832,.T.);
#16832 = LINE('',#16833,#16834);
#16833 = CARTESIAN_POINT('',(-15.675,-36.475,1.6));
#16834 = VECTOR('',#16835,1.);
#16835 = DIRECTION('',(1.,0.,0.));
#16836 = ORIENTED_EDGE('',*,*,#16751,.T.);
#16837 = ORIENTED_EDGE('',*,*,#16838,.T.);
#16838 = EDGE_CURVE('',#16754,#16794,#16839,.T.);
#16839 = LINE('',#16840,#16841);
#16840 = CARTESIAN_POINT('',(-15.675,-36.475,3.6));
#16841 = VECTOR('',#16842,1.);
#16842 = DIRECTION('',(1.,0.,0.));
#16843 = ORIENTED_EDGE('',*,*,#16791,.F.);
#16844 = PLANE('',#16845);
#16845 = AXIS2_PLACEMENT_3D('',#16846,#16847,#16848);
#16846 = CARTESIAN_POINT('',(-15.675,-36.475,1.6));
#16847 = DIRECTION('',(0.,1.,0.));
#16848 = DIRECTION('',(0.,0.,1.));
#16849 = ADVANCED_FACE('',(#16850),#16866,.T.);
#16850 = FACE_BOUND('',#16851,.T.);
#16851 = EDGE_LOOP('',(#16852,#16858,#16859,#16865));
#16852 = ORIENTED_EDGE('',*,*,#16853,.F.);
#16853 = EDGE_CURVE('',#16762,#16802,#16854,.T.);
#16854 = LINE('',#16855,#16856);
#16855 = CARTESIAN_POINT('',(-15.675,-31.025,1.6));
#16856 = VECTOR('',#16857,1.);
#16857 = DIRECTION('',(1.,0.,0.));
#16858 = ORIENTED_EDGE('',*,*,#16769,.T.);
#16859 = ORIENTED_EDGE('',*,*,#16860,.T.);
#16860 = EDGE_CURVE('',#16770,#16810,#16861,.T.);
#16861 = LINE('',#16862,#16863);
#16862 = CARTESIAN_POINT('',(-15.675,-31.025,3.6));
#16863 = VECTOR('',#16864,1.);
#16864 = DIRECTION('',(1.,0.,0.));
#16865 = ORIENTED_EDGE('',*,*,#16809,.F.);
#16866 = PLANE('',#16867);
#16867 = AXIS2_PLACEMENT_3D('',#16868,#16869,#16870);
#16868 = CARTESIAN_POINT('',(-15.675,-31.025,1.6));
#16869 = DIRECTION('',(0.,1.,0.));
#16870 = DIRECTION('',(0.,0.,1.));
#16871 = ADVANCED_FACE('',(#16872),#16878,.F.);
#16872 = FACE_BOUND('',#16873,.F.);
#16873 = EDGE_LOOP('',(#16874,#16875,#16876,#16877));
#16874 = ORIENTED_EDGE('',*,*,#16761,.F.);
#16875 = ORIENTED_EDGE('',*,*,#16831,.T.);
#16876 = ORIENTED_EDGE('',*,*,#16801,.T.);
#16877 = ORIENTED_EDGE('',*,*,#16853,.F.);
#16878 = PLANE('',#16879);
#16879 = AXIS2_PLACEMENT_3D('',#16880,#16881,#16882);
#16880 = CARTESIAN_POINT('',(-15.675,-36.475,1.6));
#16881 = DIRECTION('',(0.,0.,1.));
#16882 = DIRECTION('',(1.,0.,0.));
#16883 = ADVANCED_FACE('',(#16884),#16890,.T.);
#16884 = FACE_BOUND('',#16885,.T.);
#16885 = EDGE_LOOP('',(#16886,#16887,#16888,#16889));
#16886 = ORIENTED_EDGE('',*,*,#16777,.F.);
#16887 = ORIENTED_EDGE('',*,*,#16838,.T.);
#16888 = ORIENTED_EDGE('',*,*,#16817,.T.);
#16889 = ORIENTED_EDGE('',*,*,#16860,.F.);
#16890 = PLANE('',#16891);
#16891 = AXIS2_PLACEMENT_3D('',#16892,#16893,#16894);
#16892 = CARTESIAN_POINT('',(-15.675,-36.475,3.6));
#16893 = DIRECTION('',(0.,0.,1.));
#16894 = DIRECTION('',(1.,0.,0.));
#16895 = MANIFOLD_SOLID_BREP('',#16896);
#16896 = CLOSED_SHELL('',(#16897,#16937,#16977,#16999,#17021,#17033));
#16897 = ADVANCED_FACE('',(#16898),#16932,.F.);
#16898 = FACE_BOUND('',#16899,.F.);
#16899 = EDGE_LOOP('',(#16900,#16910,#16918,#16926));
#16900 = ORIENTED_EDGE('',*,*,#16901,.F.);
#16901 = EDGE_CURVE('',#16902,#16904,#16906,.T.);
#16902 = VERTEX_POINT('',#16903);
#16903 = CARTESIAN_POINT('',(29.65,-28.,1.6));
#16904 = VERTEX_POINT('',#16905);
#16905 = CARTESIAN_POINT('',(29.65,-28.,3.05));
#16906 = LINE('',#16907,#16908);
#16907 = CARTESIAN_POINT('',(29.65,-28.,1.6));
#16908 = VECTOR('',#16909,1.);
#16909 = DIRECTION('',(0.,0.,1.));
#16910 = ORIENTED_EDGE('',*,*,#16911,.T.);
#16911 = EDGE_CURVE('',#16902,#16912,#16914,.T.);
#16912 = VERTEX_POINT('',#16913);
#16913 = CARTESIAN_POINT('',(29.65,-25.,1.6));
#16914 = LINE('',#16915,#16916);
#16915 = CARTESIAN_POINT('',(29.65,-28.,1.6));
#16916 = VECTOR('',#16917,1.);
#16917 = DIRECTION('',(0.,1.,0.));
#16918 = ORIENTED_EDGE('',*,*,#16919,.T.);
#16919 = EDGE_CURVE('',#16912,#16920,#16922,.T.);
#16920 = VERTEX_POINT('',#16921);
#16921 = CARTESIAN_POINT('',(29.65,-25.,3.05));
#16922 = LINE('',#16923,#16924);
#16923 = CARTESIAN_POINT('',(29.65,-25.,1.6));
#16924 = VECTOR('',#16925,1.);
#16925 = DIRECTION('',(0.,0.,1.));
#16926 = ORIENTED_EDGE('',*,*,#16927,.F.);
#16927 = EDGE_CURVE('',#16904,#16920,#16928,.T.);
#16928 = LINE('',#16929,#16930);
#16929 = CARTESIAN_POINT('',(29.65,-28.,3.05));
#16930 = VECTOR('',#16931,1.);
#16931 = DIRECTION('',(0.,1.,0.));
#16932 = PLANE('',#16933);
#16933 = AXIS2_PLACEMENT_3D('',#16934,#16935,#16936);
#16934 = CARTESIAN_POINT('',(29.65,-28.,1.6));
#16935 = DIRECTION('',(1.,0.,0.));
#16936 = DIRECTION('',(0.,0.,1.));
#16937 = ADVANCED_FACE('',(#16938),#16972,.T.);
#16938 = FACE_BOUND('',#16939,.T.);
#16939 = EDGE_LOOP('',(#16940,#16950,#16958,#16966));
#16940 = ORIENTED_EDGE('',*,*,#16941,.F.);
#16941 = EDGE_CURVE('',#16942,#16944,#16946,.T.);
#16942 = VERTEX_POINT('',#16943);
#16943 = CARTESIAN_POINT('',(31.35,-28.,1.6));
#16944 = VERTEX_POINT('',#16945);
#16945 = CARTESIAN_POINT('',(31.35,-28.,3.05));
#16946 = LINE('',#16947,#16948);
#16947 = CARTESIAN_POINT('',(31.35,-28.,1.6));
#16948 = VECTOR('',#16949,1.);
#16949 = DIRECTION('',(0.,0.,1.));
#16950 = ORIENTED_EDGE('',*,*,#16951,.T.);
#16951 = EDGE_CURVE('',#16942,#16952,#16954,.T.);
#16952 = VERTEX_POINT('',#16953);
#16953 = CARTESIAN_POINT('',(31.35,-25.,1.6));
#16954 = LINE('',#16955,#16956);
#16955 = CARTESIAN_POINT('',(31.35,-28.,1.6));
#16956 = VECTOR('',#16957,1.);
#16957 = DIRECTION('',(0.,1.,0.));
#16958 = ORIENTED_EDGE('',*,*,#16959,.T.);
#16959 = EDGE_CURVE('',#16952,#16960,#16962,.T.);
#16960 = VERTEX_POINT('',#16961);
#16961 = CARTESIAN_POINT('',(31.35,-25.,3.05));
#16962 = LINE('',#16963,#16964);
#16963 = CARTESIAN_POINT('',(31.35,-25.,1.6));
#16964 = VECTOR('',#16965,1.);
#16965 = DIRECTION('',(0.,0.,1.));
#16966 = ORIENTED_EDGE('',*,*,#16967,.F.);
#16967 = EDGE_CURVE('',#16944,#16960,#16968,.T.);
#16968 = LINE('',#16969,#16970);
#16969 = CARTESIAN_POINT('',(31.35,-28.,3.05));
#16970 = VECTOR('',#16971,1.);
#16971 = DIRECTION('',(0.,1.,0.));
#16972 = PLANE('',#16973);
#16973 = AXIS2_PLACEMENT_3D('',#16974,#16975,#16976);
#16974 = CARTESIAN_POINT('',(31.35,-28.,1.6));
#16975 = DIRECTION('',(1.,0.,0.));
#16976 = DIRECTION('',(0.,0.,1.));
#16977 = ADVANCED_FACE('',(#16978),#16994,.F.);
#16978 = FACE_BOUND('',#16979,.F.);
#16979 = EDGE_LOOP('',(#16980,#16986,#16987,#16993));
#16980 = ORIENTED_EDGE('',*,*,#16981,.F.);
#16981 = EDGE_CURVE('',#16902,#16942,#16982,.T.);
#16982 = LINE('',#16983,#16984);
#16983 = CARTESIAN_POINT('',(29.65,-28.,1.6));
#16984 = VECTOR('',#16985,1.);
#16985 = DIRECTION('',(1.,0.,0.));
#16986 = ORIENTED_EDGE('',*,*,#16901,.T.);
#16987 = ORIENTED_EDGE('',*,*,#16988,.T.);
#16988 = EDGE_CURVE('',#16904,#16944,#16989,.T.);
#16989 = LINE('',#16990,#16991);
#16990 = CARTESIAN_POINT('',(29.65,-28.,3.05));
#16991 = VECTOR('',#16992,1.);
#16992 = DIRECTION('',(1.,0.,0.));
#16993 = ORIENTED_EDGE('',*,*,#16941,.F.);
#16994 = PLANE('',#16995);
#16995 = AXIS2_PLACEMENT_3D('',#16996,#16997,#16998);
#16996 = CARTESIAN_POINT('',(29.65,-28.,1.6));
#16997 = DIRECTION('',(0.,1.,0.));
#16998 = DIRECTION('',(0.,0.,1.));
#16999 = ADVANCED_FACE('',(#17000),#17016,.T.);
#17000 = FACE_BOUND('',#17001,.T.);
#17001 = EDGE_LOOP('',(#17002,#17008,#17009,#17015));
#17002 = ORIENTED_EDGE('',*,*,#17003,.F.);
#17003 = EDGE_CURVE('',#16912,#16952,#17004,.T.);
#17004 = LINE('',#17005,#17006);
#17005 = CARTESIAN_POINT('',(29.65,-25.,1.6));
#17006 = VECTOR('',#17007,1.);
#17007 = DIRECTION('',(1.,0.,0.));
#17008 = ORIENTED_EDGE('',*,*,#16919,.T.);
#17009 = ORIENTED_EDGE('',*,*,#17010,.T.);
#17010 = EDGE_CURVE('',#16920,#16960,#17011,.T.);
#17011 = LINE('',#17012,#17013);
#17012 = CARTESIAN_POINT('',(29.65,-25.,3.05));
#17013 = VECTOR('',#17014,1.);
#17014 = DIRECTION('',(1.,0.,0.));
#17015 = ORIENTED_EDGE('',*,*,#16959,.F.);
#17016 = PLANE('',#17017);
#17017 = AXIS2_PLACEMENT_3D('',#17018,#17019,#17020);
#17018 = CARTESIAN_POINT('',(29.65,-25.,1.6));
#17019 = DIRECTION('',(0.,1.,0.));
#17020 = DIRECTION('',(0.,0.,1.));
#17021 = ADVANCED_FACE('',(#17022),#17028,.F.);
#17022 = FACE_BOUND('',#17023,.F.);
#17023 = EDGE_LOOP('',(#17024,#17025,#17026,#17027));
#17024 = ORIENTED_EDGE('',*,*,#16911,.F.);
#17025 = ORIENTED_EDGE('',*,*,#16981,.T.);
#17026 = ORIENTED_EDGE('',*,*,#16951,.T.);
#17027 = ORIENTED_EDGE('',*,*,#17003,.F.);
#17028 = PLANE('',#17029);
#17029 = AXIS2_PLACEMENT_3D('',#17030,#17031,#17032);
#17030 = CARTESIAN_POINT('',(29.65,-28.,1.6));
#17031 = DIRECTION('',(0.,0.,1.));
#17032 = DIRECTION('',(1.,0.,0.));
#17033 = ADVANCED_FACE('',(#17034),#17040,.T.);
#17034 = FACE_BOUND('',#17035,.T.);
#17035 = EDGE_LOOP('',(#17036,#17037,#17038,#17039));
#17036 = ORIENTED_EDGE('',*,*,#16927,.F.);
#17037 = ORIENTED_EDGE('',*,*,#16988,.T.);
#17038 = ORIENTED_EDGE('',*,*,#16967,.T.);
#17039 = ORIENTED_EDGE('',*,*,#17010,.F.);
#17040 = PLANE('',#17041);
#17041 = AXIS2_PLACEMENT_3D('',#17042,#17043,#17044);
#17042 = CARTESIAN_POINT('',(29.65,-28.,3.05));
#17043 = DIRECTION('',(0.,0.,1.));
#17044 = DIRECTION('',(1.,0.,0.));
#17045 = MANIFOLD_SOLID_BREP('',#17046);
#17046 = CLOSED_SHELL('',(#17047,#17087,#17127,#17149,#17171,#17183));
#17047 = ADVANCED_FACE('',(#17048),#17082,.F.);
#17048 = FACE_BOUND('',#17049,.F.);
#17049 = EDGE_LOOP('',(#17050,#17060,#17068,#17076));
#17050 = ORIENTED_EDGE('',*,*,#17051,.F.);
#17051 = EDGE_CURVE('',#17052,#17054,#17056,.T.);
#17052 = VERTEX_POINT('',#17053);
#17053 = CARTESIAN_POINT('',(16.325,-38.55,1.6));
#17054 = VERTEX_POINT('',#17055);
#17055 = CARTESIAN_POINT('',(16.325,-38.55,2.85));
#17056 = LINE('',#17057,#17058);
#17057 = CARTESIAN_POINT('',(16.325,-38.55,1.6));
#17058 = VECTOR('',#17059,1.);
#17059 = DIRECTION('',(0.,0.,1.));
#17060 = ORIENTED_EDGE('',*,*,#17061,.T.);
#17061 = EDGE_CURVE('',#17052,#17062,#17064,.T.);
#17062 = VERTEX_POINT('',#17063);
#17063 = CARTESIAN_POINT('',(16.325,-36.45,1.6));
#17064 = LINE('',#17065,#17066);
#17065 = CARTESIAN_POINT('',(16.325,-38.55,1.6));
#17066 = VECTOR('',#17067,1.);
#17067 = DIRECTION('',(0.,1.,0.));
#17068 = ORIENTED_EDGE('',*,*,#17069,.T.);
#17069 = EDGE_CURVE('',#17062,#17070,#17072,.T.);
#17070 = VERTEX_POINT('',#17071);
#17071 = CARTESIAN_POINT('',(16.325,-36.45,2.85));
#17072 = LINE('',#17073,#17074);
#17073 = CARTESIAN_POINT('',(16.325,-36.45,1.6));
#17074 = VECTOR('',#17075,1.);
#17075 = DIRECTION('',(0.,0.,1.));
#17076 = ORIENTED_EDGE('',*,*,#17077,.F.);
#17077 = EDGE_CURVE('',#17054,#17070,#17078,.T.);
#17078 = LINE('',#17079,#17080);
#17079 = CARTESIAN_POINT('',(16.325,-38.55,2.85));
#17080 = VECTOR('',#17081,1.);
#17081 = DIRECTION('',(0.,1.,0.));
#17082 = PLANE('',#17083);
#17083 = AXIS2_PLACEMENT_3D('',#17084,#17085,#17086);
#17084 = CARTESIAN_POINT('',(16.325,-38.55,1.6));
#17085 = DIRECTION('',(1.,0.,0.));
#17086 = DIRECTION('',(0.,0.,1.));
#17087 = ADVANCED_FACE('',(#17088),#17122,.T.);
#17088 = FACE_BOUND('',#17089,.T.);
#17089 = EDGE_LOOP('',(#17090,#17100,#17108,#17116));
#17090 = ORIENTED_EDGE('',*,*,#17091,.F.);
#17091 = EDGE_CURVE('',#17092,#17094,#17096,.T.);
#17092 = VERTEX_POINT('',#17093);
#17093 = CARTESIAN_POINT('',(17.675,-38.55,1.6));
#17094 = VERTEX_POINT('',#17095);
#17095 = CARTESIAN_POINT('',(17.675,-38.55,2.85));
#17096 = LINE('',#17097,#17098);
#17097 = CARTESIAN_POINT('',(17.675,-38.55,1.6));
#17098 = VECTOR('',#17099,1.);
#17099 = DIRECTION('',(0.,0.,1.));
#17100 = ORIENTED_EDGE('',*,*,#17101,.T.);
#17101 = EDGE_CURVE('',#17092,#17102,#17104,.T.);
#17102 = VERTEX_POINT('',#17103);
#17103 = CARTESIAN_POINT('',(17.675,-36.45,1.6));
#17104 = LINE('',#17105,#17106);
#17105 = CARTESIAN_POINT('',(17.675,-38.55,1.6));
#17106 = VECTOR('',#17107,1.);
#17107 = DIRECTION('',(0.,1.,0.));
#17108 = ORIENTED_EDGE('',*,*,#17109,.T.);
#17109 = EDGE_CURVE('',#17102,#17110,#17112,.T.);
#17110 = VERTEX_POINT('',#17111);
#17111 = CARTESIAN_POINT('',(17.675,-36.45,2.85));
#17112 = LINE('',#17113,#17114);
#17113 = CARTESIAN_POINT('',(17.675,-36.45,1.6));
#17114 = VECTOR('',#17115,1.);
#17115 = DIRECTION('',(0.,0.,1.));
#17116 = ORIENTED_EDGE('',*,*,#17117,.F.);
#17117 = EDGE_CURVE('',#17094,#17110,#17118,.T.);
#17118 = LINE('',#17119,#17120);
#17119 = CARTESIAN_POINT('',(17.675,-38.55,2.85));
#17120 = VECTOR('',#17121,1.);
#17121 = DIRECTION('',(0.,1.,0.));
#17122 = PLANE('',#17123);
#17123 = AXIS2_PLACEMENT_3D('',#17124,#17125,#17126);
#17124 = CARTESIAN_POINT('',(17.675,-38.55,1.6));
#17125 = DIRECTION('',(1.,0.,0.));
#17126 = DIRECTION('',(0.,0.,1.));
#17127 = ADVANCED_FACE('',(#17128),#17144,.F.);
#17128 = FACE_BOUND('',#17129,.F.);
#17129 = EDGE_LOOP('',(#17130,#17136,#17137,#17143));
#17130 = ORIENTED_EDGE('',*,*,#17131,.F.);
#17131 = EDGE_CURVE('',#17052,#17092,#17132,.T.);
#17132 = LINE('',#17133,#17134);
#17133 = CARTESIAN_POINT('',(16.325,-38.55,1.6));
#17134 = VECTOR('',#17135,1.);
#17135 = DIRECTION('',(1.,0.,0.));
#17136 = ORIENTED_EDGE('',*,*,#17051,.T.);
#17137 = ORIENTED_EDGE('',*,*,#17138,.T.);
#17138 = EDGE_CURVE('',#17054,#17094,#17139,.T.);
#17139 = LINE('',#17140,#17141);
#17140 = CARTESIAN_POINT('',(16.325,-38.55,2.85));
#17141 = VECTOR('',#17142,1.);
#17142 = DIRECTION('',(1.,0.,0.));
#17143 = ORIENTED_EDGE('',*,*,#17091,.F.);
#17144 = PLANE('',#17145);
#17145 = AXIS2_PLACEMENT_3D('',#17146,#17147,#17148);
#17146 = CARTESIAN_POINT('',(16.325,-38.55,1.6));
#17147 = DIRECTION('',(0.,1.,0.));
#17148 = DIRECTION('',(0.,0.,1.));
#17149 = ADVANCED_FACE('',(#17150),#17166,.T.);
#17150 = FACE_BOUND('',#17151,.T.);
#17151 = EDGE_LOOP('',(#17152,#17158,#17159,#17165));
#17152 = ORIENTED_EDGE('',*,*,#17153,.F.);
#17153 = EDGE_CURVE('',#17062,#17102,#17154,.T.);
#17154 = LINE('',#17155,#17156);
#17155 = CARTESIAN_POINT('',(16.325,-36.45,1.6));
#17156 = VECTOR('',#17157,1.);
#17157 = DIRECTION('',(1.,0.,0.));
#17158 = ORIENTED_EDGE('',*,*,#17069,.T.);
#17159 = ORIENTED_EDGE('',*,*,#17160,.T.);
#17160 = EDGE_CURVE('',#17070,#17110,#17161,.T.);
#17161 = LINE('',#17162,#17163);
#17162 = CARTESIAN_POINT('',(16.325,-36.45,2.85));
#17163 = VECTOR('',#17164,1.);
#17164 = DIRECTION('',(1.,0.,0.));
#17165 = ORIENTED_EDGE('',*,*,#17109,.F.);
#17166 = PLANE('',#17167);
#17167 = AXIS2_PLACEMENT_3D('',#17168,#17169,#17170);
#17168 = CARTESIAN_POINT('',(16.325,-36.45,1.6));
#17169 = DIRECTION('',(0.,1.,0.));
#17170 = DIRECTION('',(0.,0.,1.));
#17171 = ADVANCED_FACE('',(#17172),#17178,.F.);
#17172 = FACE_BOUND('',#17173,.F.);
#17173 = EDGE_LOOP('',(#17174,#17175,#17176,#17177));
#17174 = ORIENTED_EDGE('',*,*,#17061,.F.);
#17175 = ORIENTED_EDGE('',*,*,#17131,.T.);
#17176 = ORIENTED_EDGE('',*,*,#17101,.T.);
#17177 = ORIENTED_EDGE('',*,*,#17153,.F.);
#17178 = PLANE('',#17179);
#17179 = AXIS2_PLACEMENT_3D('',#17180,#17181,#17182);
#17180 = CARTESIAN_POINT('',(16.325,-38.55,1.6));
#17181 = DIRECTION('',(0.,0.,1.));
#17182 = DIRECTION('',(1.,0.,0.));
#17183 = ADVANCED_FACE('',(#17184),#17190,.T.);
#17184 = FACE_BOUND('',#17185,.T.);
#17185 = EDGE_LOOP('',(#17186,#17187,#17188,#17189));
#17186 = ORIENTED_EDGE('',*,*,#17077,.F.);
#17187 = ORIENTED_EDGE('',*,*,#17138,.T.);
#17188 = ORIENTED_EDGE('',*,*,#17117,.T.);
#17189 = ORIENTED_EDGE('',*,*,#17160,.F.);
#17190 = PLANE('',#17191);
#17191 = AXIS2_PLACEMENT_3D('',#17192,#17193,#17194);
#17192 = CARTESIAN_POINT('',(16.325,-38.55,2.85));
#17193 = DIRECTION('',(0.,0.,1.));
#17194 = DIRECTION('',(1.,0.,0.));
#17195 = MANIFOLD_SOLID_BREP('',#17196);
#17196 = CLOSED_SHELL('',(#17197,#17237,#17277,#17299,#17321,#17333));
#17197 = ADVANCED_FACE('',(#17198),#17232,.F.);
#17198 = FACE_BOUND('',#17199,.F.);
#17199 = EDGE_LOOP('',(#17200,#17210,#17218,#17226));
#17200 = ORIENTED_EDGE('',*,*,#17201,.F.);
#17201 = EDGE_CURVE('',#17202,#17204,#17206,.T.);
#17202 = VERTEX_POINT('',#17203);
#17203 = CARTESIAN_POINT('',(43.15,-6.9625,1.6));
#17204 = VERTEX_POINT('',#17205);
#17205 = CARTESIAN_POINT('',(43.15,-6.9625,2.15));
#17206 = LINE('',#17207,#17208);
#17207 = CARTESIAN_POINT('',(43.15,-6.9625,1.6));
#17208 = VECTOR('',#17209,1.);
#17209 = DIRECTION('',(0.,0.,1.));
#17210 = ORIENTED_EDGE('',*,*,#17211,.T.);
#17211 = EDGE_CURVE('',#17202,#17212,#17214,.T.);
#17212 = VERTEX_POINT('',#17213);
#17213 = CARTESIAN_POINT('',(43.15,-6.0375,1.6));
#17214 = LINE('',#17215,#17216);
#17215 = CARTESIAN_POINT('',(43.15,-6.9625,1.6));
#17216 = VECTOR('',#17217,1.);
#17217 = DIRECTION('',(0.,1.,0.));
#17218 = ORIENTED_EDGE('',*,*,#17219,.T.);
#17219 = EDGE_CURVE('',#17212,#17220,#17222,.T.);
#17220 = VERTEX_POINT('',#17221);
#17221 = CARTESIAN_POINT('',(43.15,-6.0375,2.15));
#17222 = LINE('',#17223,#17224);
#17223 = CARTESIAN_POINT('',(43.15,-6.0375,1.6));
#17224 = VECTOR('',#17225,1.);
#17225 = DIRECTION('',(0.,0.,1.));
#17226 = ORIENTED_EDGE('',*,*,#17227,.F.);
#17227 = EDGE_CURVE('',#17204,#17220,#17228,.T.);
#17228 = LINE('',#17229,#17230);
#17229 = CARTESIAN_POINT('',(43.15,-6.9625,2.15));
#17230 = VECTOR('',#17231,1.);
#17231 = DIRECTION('',(0.,1.,0.));
#17232 = PLANE('',#17233);
#17233 = AXIS2_PLACEMENT_3D('',#17234,#17235,#17236);
#17234 = CARTESIAN_POINT('',(43.15,-6.9625,1.6));
#17235 = DIRECTION('',(1.,0.,0.));
#17236 = DIRECTION('',(0.,0.,1.));
#17237 = ADVANCED_FACE('',(#17238),#17272,.T.);
#17238 = FACE_BOUND('',#17239,.T.);
#17239 = EDGE_LOOP('',(#17240,#17250,#17258,#17266));
#17240 = ORIENTED_EDGE('',*,*,#17241,.F.);
#17241 = EDGE_CURVE('',#17242,#17244,#17246,.T.);
#17242 = VERTEX_POINT('',#17243);
#17243 = CARTESIAN_POINT('',(44.85,-6.9625,1.6));
#17244 = VERTEX_POINT('',#17245);
#17245 = CARTESIAN_POINT('',(44.85,-6.9625,2.15));
#17246 = LINE('',#17247,#17248);
#17247 = CARTESIAN_POINT('',(44.85,-6.9625,1.6));
#17248 = VECTOR('',#17249,1.);
#17249 = DIRECTION('',(0.,0.,1.));
#17250 = ORIENTED_EDGE('',*,*,#17251,.T.);
#17251 = EDGE_CURVE('',#17242,#17252,#17254,.T.);
#17252 = VERTEX_POINT('',#17253);
#17253 = CARTESIAN_POINT('',(44.85,-6.0375,1.6));
#17254 = LINE('',#17255,#17256);
#17255 = CARTESIAN_POINT('',(44.85,-6.9625,1.6));
#17256 = VECTOR('',#17257,1.);
#17257 = DIRECTION('',(0.,1.,0.));
#17258 = ORIENTED_EDGE('',*,*,#17259,.T.);
#17259 = EDGE_CURVE('',#17252,#17260,#17262,.T.);
#17260 = VERTEX_POINT('',#17261);
#17261 = CARTESIAN_POINT('',(44.85,-6.0375,2.15));
#17262 = LINE('',#17263,#17264);
#17263 = CARTESIAN_POINT('',(44.85,-6.0375,1.6));
#17264 = VECTOR('',#17265,1.);
#17265 = DIRECTION('',(0.,0.,1.));
#17266 = ORIENTED_EDGE('',*,*,#17267,.F.);
#17267 = EDGE_CURVE('',#17244,#17260,#17268,.T.);
#17268 = LINE('',#17269,#17270);
#17269 = CARTESIAN_POINT('',(44.85,-6.9625,2.15));
#17270 = VECTOR('',#17271,1.);
#17271 = DIRECTION('',(0.,1.,0.));
#17272 = PLANE('',#17273);
#17273 = AXIS2_PLACEMENT_3D('',#17274,#17275,#17276);
#17274 = CARTESIAN_POINT('',(44.85,-6.9625,1.6));
#17275 = DIRECTION('',(1.,0.,0.));
#17276 = DIRECTION('',(0.,0.,1.));
#17277 = ADVANCED_FACE('',(#17278),#17294,.F.);
#17278 = FACE_BOUND('',#17279,.F.);
#17279 = EDGE_LOOP('',(#17280,#17286,#17287,#17293));
#17280 = ORIENTED_EDGE('',*,*,#17281,.F.);
#17281 = EDGE_CURVE('',#17202,#17242,#17282,.T.);
#17282 = LINE('',#17283,#17284);
#17283 = CARTESIAN_POINT('',(43.15,-6.9625,1.6));
#17284 = VECTOR('',#17285,1.);
#17285 = DIRECTION('',(1.,0.,0.));
#17286 = ORIENTED_EDGE('',*,*,#17201,.T.);
#17287 = ORIENTED_EDGE('',*,*,#17288,.T.);
#17288 = EDGE_CURVE('',#17204,#17244,#17289,.T.);
#17289 = LINE('',#17290,#17291);
#17290 = CARTESIAN_POINT('',(43.15,-6.9625,2.15));
#17291 = VECTOR('',#17292,1.);
#17292 = DIRECTION('',(1.,0.,0.));
#17293 = ORIENTED_EDGE('',*,*,#17241,.F.);
#17294 = PLANE('',#17295);
#17295 = AXIS2_PLACEMENT_3D('',#17296,#17297,#17298);
#17296 = CARTESIAN_POINT('',(43.15,-6.9625,1.6));
#17297 = DIRECTION('',(0.,1.,0.));
#17298 = DIRECTION('',(0.,0.,1.));
#17299 = ADVANCED_FACE('',(#17300),#17316,.T.);
#17300 = FACE_BOUND('',#17301,.T.);
#17301 = EDGE_LOOP('',(#17302,#17308,#17309,#17315));
#17302 = ORIENTED_EDGE('',*,*,#17303,.F.);
#17303 = EDGE_CURVE('',#17212,#17252,#17304,.T.);
#17304 = LINE('',#17305,#17306);
#17305 = CARTESIAN_POINT('',(43.15,-6.0375,1.6));
#17306 = VECTOR('',#17307,1.);
#17307 = DIRECTION('',(1.,0.,0.));
#17308 = ORIENTED_EDGE('',*,*,#17219,.T.);
#17309 = ORIENTED_EDGE('',*,*,#17310,.T.);
#17310 = EDGE_CURVE('',#17220,#17260,#17311,.T.);
#17311 = LINE('',#17312,#17313);
#17312 = CARTESIAN_POINT('',(43.15,-6.0375,2.15));
#17313 = VECTOR('',#17314,1.);
#17314 = DIRECTION('',(1.,0.,0.));
#17315 = ORIENTED_EDGE('',*,*,#17259,.F.);
#17316 = PLANE('',#17317);
#17317 = AXIS2_PLACEMENT_3D('',#17318,#17319,#17320);
#17318 = CARTESIAN_POINT('',(43.15,-6.0375,1.6));
#17319 = DIRECTION('',(0.,1.,0.));
#17320 = DIRECTION('',(0.,0.,1.));
#17321 = ADVANCED_FACE('',(#17322),#17328,.F.);
#17322 = FACE_BOUND('',#17323,.F.);
#17323 = EDGE_LOOP('',(#17324,#17325,#17326,#17327));
#17324 = ORIENTED_EDGE('',*,*,#17211,.F.);
#17325 = ORIENTED_EDGE('',*,*,#17281,.T.);
#17326 = ORIENTED_EDGE('',*,*,#17251,.T.);
#17327 = ORIENTED_EDGE('',*,*,#17303,.F.);
#17328 = PLANE('',#17329);
#17329 = AXIS2_PLACEMENT_3D('',#17330,#17331,#17332);
#17330 = CARTESIAN_POINT('',(43.15,-6.9625,1.6));
#17331 = DIRECTION('',(0.,0.,1.));
#17332 = DIRECTION('',(1.,0.,0.));
#17333 = ADVANCED_FACE('',(#17334),#17340,.T.);
#17334 = FACE_BOUND('',#17335,.T.);
#17335 = EDGE_LOOP('',(#17336,#17337,#17338,#17339));
#17336 = ORIENTED_EDGE('',*,*,#17227,.F.);
#17337 = ORIENTED_EDGE('',*,*,#17288,.T.);
#17338 = ORIENTED_EDGE('',*,*,#17267,.T.);
#17339 = ORIENTED_EDGE('',*,*,#17310,.F.);
#17340 = PLANE('',#17341);
#17341 = AXIS2_PLACEMENT_3D('',#17342,#17343,#17344);
#17342 = CARTESIAN_POINT('',(43.15,-6.9625,2.15));
#17343 = DIRECTION('',(0.,0.,1.));
#17344 = DIRECTION('',(1.,0.,0.));
#17345 = MANIFOLD_SOLID_BREP('',#17346);
#17346 = CLOSED_SHELL('',(#17347,#17387,#17427,#17449,#17471,#17483));
#17347 = ADVANCED_FACE('',(#17348),#17382,.F.);
#17348 = FACE_BOUND('',#17349,.F.);
#17349 = EDGE_LOOP('',(#17350,#17360,#17368,#17376));
#17350 = ORIENTED_EDGE('',*,*,#17351,.F.);
#17351 = EDGE_CURVE('',#17352,#17354,#17356,.T.);
#17352 = VERTEX_POINT('',#17353);
#17353 = CARTESIAN_POINT('',(5.25,-27.15,1.6));
#17354 = VERTEX_POINT('',#17355);
#17355 = CARTESIAN_POINT('',(5.25,-27.15,4.25));
#17356 = LINE('',#17357,#17358);
#17357 = CARTESIAN_POINT('',(5.25,-27.15,1.6));
#17358 = VECTOR('',#17359,1.);
#17359 = DIRECTION('',(0.,0.,1.));
#17360 = ORIENTED_EDGE('',*,*,#17361,.T.);
#17361 = EDGE_CURVE('',#17352,#17362,#17364,.T.);
#17362 = VERTEX_POINT('',#17363);
#17363 = CARTESIAN_POINT('',(5.25,-16.85,1.6));
#17364 = LINE('',#17365,#17366);
#17365 = CARTESIAN_POINT('',(5.25,-27.15,1.6));
#17366 = VECTOR('',#17367,1.);
#17367 = DIRECTION('',(0.,1.,0.));
#17368 = ORIENTED_EDGE('',*,*,#17369,.T.);
#17369 = EDGE_CURVE('',#17362,#17370,#17372,.T.);
#17370 = VERTEX_POINT('',#17371);
#17371 = CARTESIAN_POINT('',(5.25,-16.85,4.25));
#17372 = LINE('',#17373,#17374);
#17373 = CARTESIAN_POINT('',(5.25,-16.85,1.6));
#17374 = VECTOR('',#17375,1.);
#17375 = DIRECTION('',(0.,0.,1.));
#17376 = ORIENTED_EDGE('',*,*,#17377,.F.);
#17377 = EDGE_CURVE('',#17354,#17370,#17378,.T.);
#17378 = LINE('',#17379,#17380);
#17379 = CARTESIAN_POINT('',(5.25,-27.15,4.25));
#17380 = VECTOR('',#17381,1.);
#17381 = DIRECTION('',(0.,1.,0.));
#17382 = PLANE('',#17383);
#17383 = AXIS2_PLACEMENT_3D('',#17384,#17385,#17386);
#17384 = CARTESIAN_POINT('',(5.25,-27.15,1.6));
#17385 = DIRECTION('',(1.,0.,0.));
#17386 = DIRECTION('',(0.,0.,1.));
#17387 = ADVANCED_FACE('',(#17388),#17422,.T.);
#17388 = FACE_BOUND('',#17389,.T.);
#17389 = EDGE_LOOP('',(#17390,#17400,#17408,#17416));
#17390 = ORIENTED_EDGE('',*,*,#17391,.F.);
#17391 = EDGE_CURVE('',#17392,#17394,#17396,.T.);
#17392 = VERTEX_POINT('',#17393);
#17393 = CARTESIAN_POINT('',(12.75,-27.15,1.6));
#17394 = VERTEX_POINT('',#17395);
#17395 = CARTESIAN_POINT('',(12.75,-27.15,4.25));
#17396 = LINE('',#17397,#17398);
#17397 = CARTESIAN_POINT('',(12.75,-27.15,1.6));
#17398 = VECTOR('',#17399,1.);
#17399 = DIRECTION('',(0.,0.,1.));
#17400 = ORIENTED_EDGE('',*,*,#17401,.T.);
#17401 = EDGE_CURVE('',#17392,#17402,#17404,.T.);
#17402 = VERTEX_POINT('',#17403);
#17403 = CARTESIAN_POINT('',(12.75,-16.85,1.6));
#17404 = LINE('',#17405,#17406);
#17405 = CARTESIAN_POINT('',(12.75,-27.15,1.6));
#17406 = VECTOR('',#17407,1.);
#17407 = DIRECTION('',(0.,1.,0.));
#17408 = ORIENTED_EDGE('',*,*,#17409,.T.);
#17409 = EDGE_CURVE('',#17402,#17410,#17412,.T.);
#17410 = VERTEX_POINT('',#17411);
#17411 = CARTESIAN_POINT('',(12.75,-16.85,4.25));
#17412 = LINE('',#17413,#17414);
#17413 = CARTESIAN_POINT('',(12.75,-16.85,1.6));
#17414 = VECTOR('',#17415,1.);
#17415 = DIRECTION('',(0.,0.,1.));
#17416 = ORIENTED_EDGE('',*,*,#17417,.F.);
#17417 = EDGE_CURVE('',#17394,#17410,#17418,.T.);
#17418 = LINE('',#17419,#17420);
#17419 = CARTESIAN_POINT('',(12.75,-27.15,4.25));
#17420 = VECTOR('',#17421,1.);
#17421 = DIRECTION('',(0.,1.,0.));
#17422 = PLANE('',#17423);
#17423 = AXIS2_PLACEMENT_3D('',#17424,#17425,#17426);
#17424 = CARTESIAN_POINT('',(12.75,-27.15,1.6));
#17425 = DIRECTION('',(1.,0.,0.));
#17426 = DIRECTION('',(0.,0.,1.));
#17427 = ADVANCED_FACE('',(#17428),#17444,.F.);
#17428 = FACE_BOUND('',#17429,.F.);
#17429 = EDGE_LOOP('',(#17430,#17436,#17437,#17443));
#17430 = ORIENTED_EDGE('',*,*,#17431,.F.);
#17431 = EDGE_CURVE('',#17352,#17392,#17432,.T.);
#17432 = LINE('',#17433,#17434);
#17433 = CARTESIAN_POINT('',(5.25,-27.15,1.6));
#17434 = VECTOR('',#17435,1.);
#17435 = DIRECTION('',(1.,0.,0.));
#17436 = ORIENTED_EDGE('',*,*,#17351,.T.);
#17437 = ORIENTED_EDGE('',*,*,#17438,.T.);
#17438 = EDGE_CURVE('',#17354,#17394,#17439,.T.);
#17439 = LINE('',#17440,#17441);
#17440 = CARTESIAN_POINT('',(5.25,-27.15,4.25));
#17441 = VECTOR('',#17442,1.);
#17442 = DIRECTION('',(1.,0.,0.));
#17443 = ORIENTED_EDGE('',*,*,#17391,.F.);
#17444 = PLANE('',#17445);
#17445 = AXIS2_PLACEMENT_3D('',#17446,#17447,#17448);
#17446 = CARTESIAN_POINT('',(5.25,-27.15,1.6));
#17447 = DIRECTION('',(0.,1.,0.));
#17448 = DIRECTION('',(0.,0.,1.));
#17449 = ADVANCED_FACE('',(#17450),#17466,.T.);
#17450 = FACE_BOUND('',#17451,.T.);
#17451 = EDGE_LOOP('',(#17452,#17458,#17459,#17465));
#17452 = ORIENTED_EDGE('',*,*,#17453,.F.);
#17453 = EDGE_CURVE('',#17362,#17402,#17454,.T.);
#17454 = LINE('',#17455,#17456);
#17455 = CARTESIAN_POINT('',(5.25,-16.85,1.6));
#17456 = VECTOR('',#17457,1.);
#17457 = DIRECTION('',(1.,0.,0.));
#17458 = ORIENTED_EDGE('',*,*,#17369,.T.);
#17459 = ORIENTED_EDGE('',*,*,#17460,.T.);
#17460 = EDGE_CURVE('',#17370,#17410,#17461,.T.);
#17461 = LINE('',#17462,#17463);
#17462 = CARTESIAN_POINT('',(5.25,-16.85,4.25));
#17463 = VECTOR('',#17464,1.);
#17464 = DIRECTION('',(1.,0.,0.));
#17465 = ORIENTED_EDGE('',*,*,#17409,.F.);
#17466 = PLANE('',#17467);
#17467 = AXIS2_PLACEMENT_3D('',#17468,#17469,#17470);
#17468 = CARTESIAN_POINT('',(5.25,-16.85,1.6));
#17469 = DIRECTION('',(0.,1.,0.));
#17470 = DIRECTION('',(0.,0.,1.));
#17471 = ADVANCED_FACE('',(#17472),#17478,.F.);
#17472 = FACE_BOUND('',#17473,.F.);
#17473 = EDGE_LOOP('',(#17474,#17475,#17476,#17477));
#17474 = ORIENTED_EDGE('',*,*,#17361,.F.);
#17475 = ORIENTED_EDGE('',*,*,#17431,.T.);
#17476 = ORIENTED_EDGE('',*,*,#17401,.T.);
#17477 = ORIENTED_EDGE('',*,*,#17453,.F.);
#17478 = PLANE('',#17479);
#17479 = AXIS2_PLACEMENT_3D('',#17480,#17481,#17482);
#17480 = CARTESIAN_POINT('',(5.25,-27.15,1.6));
#17481 = DIRECTION('',(0.,0.,1.));
#17482 = DIRECTION('',(1.,0.,0.));
#17483 = ADVANCED_FACE('',(#17484),#17490,.T.);
#17484 = FACE_BOUND('',#17485,.T.);
#17485 = EDGE_LOOP('',(#17486,#17487,#17488,#17489));
#17486 = ORIENTED_EDGE('',*,*,#17377,.F.);
#17487 = ORIENTED_EDGE('',*,*,#17438,.T.);
#17488 = ORIENTED_EDGE('',*,*,#17417,.T.);
#17489 = ORIENTED_EDGE('',*,*,#17460,.F.);
#17490 = PLANE('',#17491);
#17491 = AXIS2_PLACEMENT_3D('',#17492,#17493,#17494);
#17492 = CARTESIAN_POINT('',(5.25,-27.15,4.25));
#17493 = DIRECTION('',(0.,0.,1.));
#17494 = DIRECTION('',(1.,0.,0.));
#17495 = MANIFOLD_SOLID_BREP('',#17496);
#17496 = CLOSED_SHELL('',(#17497,#17537,#17577,#17599,#17621,#17633));
#17497 = ADVANCED_FACE('',(#17498),#17532,.F.);
#17498 = FACE_BOUND('',#17499,.F.);
#17499 = EDGE_LOOP('',(#17500,#17510,#17518,#17526));
#17500 = ORIENTED_EDGE('',*,*,#17501,.F.);
#17501 = EDGE_CURVE('',#17502,#17504,#17506,.T.);
#17502 = VERTEX_POINT('',#17503);
#17503 = CARTESIAN_POINT('',(20.95,-37.05,1.6));
#17504 = VERTEX_POINT('',#17505);
#17505 = CARTESIAN_POINT('',(20.95,-37.05,5.9));
#17506 = LINE('',#17507,#17508);
#17507 = CARTESIAN_POINT('',(20.95,-37.05,1.6));
#17508 = VECTOR('',#17509,1.);
#17509 = DIRECTION('',(0.,0.,1.));
#17510 = ORIENTED_EDGE('',*,*,#17511,.T.);
#17511 = EDGE_CURVE('',#17502,#17512,#17514,.T.);
#17512 = VERTEX_POINT('',#17513);
#17513 = CARTESIAN_POINT('',(20.95,-30.95,1.6));
#17514 = LINE('',#17515,#17516);
#17515 = CARTESIAN_POINT('',(20.95,-37.05,1.6));
#17516 = VECTOR('',#17517,1.);
#17517 = DIRECTION('',(0.,1.,0.));
#17518 = ORIENTED_EDGE('',*,*,#17519,.T.);
#17519 = EDGE_CURVE('',#17512,#17520,#17522,.T.);
#17520 = VERTEX_POINT('',#17521);
#17521 = CARTESIAN_POINT('',(20.95,-30.95,5.9));
#17522 = LINE('',#17523,#17524);
#17523 = CARTESIAN_POINT('',(20.95,-30.95,1.6));
#17524 = VECTOR('',#17525,1.);
#17525 = DIRECTION('',(0.,0.,1.));
#17526 = ORIENTED_EDGE('',*,*,#17527,.F.);
#17527 = EDGE_CURVE('',#17504,#17520,#17528,.T.);
#17528 = LINE('',#17529,#17530);
#17529 = CARTESIAN_POINT('',(20.95,-37.05,5.9));
#17530 = VECTOR('',#17531,1.);
#17531 = DIRECTION('',(0.,1.,0.));
#17532 = PLANE('',#17533);
#17533 = AXIS2_PLACEMENT_3D('',#17534,#17535,#17536);
#17534 = CARTESIAN_POINT('',(20.95,-37.05,1.6));
#17535 = DIRECTION('',(1.,0.,0.));
#17536 = DIRECTION('',(0.,0.,1.));
#17537 = ADVANCED_FACE('',(#17538),#17572,.T.);
#17538 = FACE_BOUND('',#17539,.T.);
#17539 = EDGE_LOOP('',(#17540,#17550,#17558,#17566));
#17540 = ORIENTED_EDGE('',*,*,#17541,.F.);
#17541 = EDGE_CURVE('',#17542,#17544,#17546,.T.);
#17542 = VERTEX_POINT('',#17543);
#17543 = CARTESIAN_POINT('',(27.05,-37.05,1.6));
#17544 = VERTEX_POINT('',#17545);
#17545 = CARTESIAN_POINT('',(27.05,-37.05,5.9));
#17546 = LINE('',#17547,#17548);
#17547 = CARTESIAN_POINT('',(27.05,-37.05,1.6));
#17548 = VECTOR('',#17549,1.);
#17549 = DIRECTION('',(0.,0.,1.));
#17550 = ORIENTED_EDGE('',*,*,#17551,.T.);
#17551 = EDGE_CURVE('',#17542,#17552,#17554,.T.);
#17552 = VERTEX_POINT('',#17553);
#17553 = CARTESIAN_POINT('',(27.05,-30.95,1.6));
#17554 = LINE('',#17555,#17556);
#17555 = CARTESIAN_POINT('',(27.05,-37.05,1.6));
#17556 = VECTOR('',#17557,1.);
#17557 = DIRECTION('',(0.,1.,0.));
#17558 = ORIENTED_EDGE('',*,*,#17559,.T.);
#17559 = EDGE_CURVE('',#17552,#17560,#17562,.T.);
#17560 = VERTEX_POINT('',#17561);
#17561 = CARTESIAN_POINT('',(27.05,-30.95,5.9));
#17562 = LINE('',#17563,#17564);
#17563 = CARTESIAN_POINT('',(27.05,-30.95,1.6));
#17564 = VECTOR('',#17565,1.);
#17565 = DIRECTION('',(0.,0.,1.));
#17566 = ORIENTED_EDGE('',*,*,#17567,.F.);
#17567 = EDGE_CURVE('',#17544,#17560,#17568,.T.);
#17568 = LINE('',#17569,#17570);
#17569 = CARTESIAN_POINT('',(27.05,-37.05,5.9));
#17570 = VECTOR('',#17571,1.);
#17571 = DIRECTION('',(0.,1.,0.));
#17572 = PLANE('',#17573);
#17573 = AXIS2_PLACEMENT_3D('',#17574,#17575,#17576);
#17574 = CARTESIAN_POINT('',(27.05,-37.05,1.6));
#17575 = DIRECTION('',(1.,0.,0.));
#17576 = DIRECTION('',(0.,0.,1.));
#17577 = ADVANCED_FACE('',(#17578),#17594,.F.);
#17578 = FACE_BOUND('',#17579,.F.);
#17579 = EDGE_LOOP('',(#17580,#17586,#17587,#17593));
#17580 = ORIENTED_EDGE('',*,*,#17581,.F.);
#17581 = EDGE_CURVE('',#17502,#17542,#17582,.T.);
#17582 = LINE('',#17583,#17584);
#17583 = CARTESIAN_POINT('',(20.95,-37.05,1.6));
#17584 = VECTOR('',#17585,1.);
#17585 = DIRECTION('',(1.,0.,0.));
#17586 = ORIENTED_EDGE('',*,*,#17501,.T.);
#17587 = ORIENTED_EDGE('',*,*,#17588,.T.);
#17588 = EDGE_CURVE('',#17504,#17544,#17589,.T.);
#17589 = LINE('',#17590,#17591);
#17590 = CARTESIAN_POINT('',(20.95,-37.05,5.9));
#17591 = VECTOR('',#17592,1.);
#17592 = DIRECTION('',(1.,0.,0.));
#17593 = ORIENTED_EDGE('',*,*,#17541,.F.);
#17594 = PLANE('',#17595);
#17595 = AXIS2_PLACEMENT_3D('',#17596,#17597,#17598);
#17596 = CARTESIAN_POINT('',(20.95,-37.05,1.6));
#17597 = DIRECTION('',(0.,1.,0.));
#17598 = DIRECTION('',(0.,0.,1.));
#17599 = ADVANCED_FACE('',(#17600),#17616,.T.);
#17600 = FACE_BOUND('',#17601,.T.);
#17601 = EDGE_LOOP('',(#17602,#17608,#17609,#17615));
#17602 = ORIENTED_EDGE('',*,*,#17603,.F.);
#17603 = EDGE_CURVE('',#17512,#17552,#17604,.T.);
#17604 = LINE('',#17605,#17606);
#17605 = CARTESIAN_POINT('',(20.95,-30.95,1.6));
#17606 = VECTOR('',#17607,1.);
#17607 = DIRECTION('',(1.,0.,0.));
#17608 = ORIENTED_EDGE('',*,*,#17519,.T.);
#17609 = ORIENTED_EDGE('',*,*,#17610,.T.);
#17610 = EDGE_CURVE('',#17520,#17560,#17611,.T.);
#17611 = LINE('',#17612,#17613);
#17612 = CARTESIAN_POINT('',(20.95,-30.95,5.9));
#17613 = VECTOR('',#17614,1.);
#17614 = DIRECTION('',(1.,0.,0.));
#17615 = ORIENTED_EDGE('',*,*,#17559,.F.);
#17616 = PLANE('',#17617);
#17617 = AXIS2_PLACEMENT_3D('',#17618,#17619,#17620);
#17618 = CARTESIAN_POINT('',(20.95,-30.95,1.6));
#17619 = DIRECTION('',(0.,1.,0.));
#17620 = DIRECTION('',(0.,0.,1.));
#17621 = ADVANCED_FACE('',(#17622),#17628,.F.);
#17622 = FACE_BOUND('',#17623,.F.);
#17623 = EDGE_LOOP('',(#17624,#17625,#17626,#17627));
#17624 = ORIENTED_EDGE('',*,*,#17511,.F.);
#17625 = ORIENTED_EDGE('',*,*,#17581,.T.);
#17626 = ORIENTED_EDGE('',*,*,#17551,.T.);
#17627 = ORIENTED_EDGE('',*,*,#17603,.F.);
#17628 = PLANE('',#17629);
#17629 = AXIS2_PLACEMENT_3D('',#17630,#17631,#17632);
#17630 = CARTESIAN_POINT('',(20.95,-37.05,1.6));
#17631 = DIRECTION('',(0.,0.,1.));
#17632 = DIRECTION('',(1.,0.,0.));
#17633 = ADVANCED_FACE('',(#17634),#17640,.T.);
#17634 = FACE_BOUND('',#17635,.T.);
#17635 = EDGE_LOOP('',(#17636,#17637,#17638,#17639));
#17636 = ORIENTED_EDGE('',*,*,#17527,.F.);
#17637 = ORIENTED_EDGE('',*,*,#17588,.T.);
#17638 = ORIENTED_EDGE('',*,*,#17567,.T.);
#17639 = ORIENTED_EDGE('',*,*,#17610,.F.);
#17640 = PLANE('',#17641);
#17641 = AXIS2_PLACEMENT_3D('',#17642,#17643,#17644);
#17642 = CARTESIAN_POINT('',(20.95,-37.05,5.9));
#17643 = DIRECTION('',(0.,0.,1.));
#17644 = DIRECTION('',(1.,0.,0.));
#17645 = MANIFOLD_SOLID_BREP('',#17646);
#17646 = CLOSED_SHELL('',(#17647,#17680,#17689));
#17647 = ADVANCED_FACE('',(#17648),#17675,.T.);
#17648 = FACE_BOUND('',#17649,.T.);
#17649 = EDGE_LOOP('',(#17650,#17659,#17667,#17674));
#17650 = ORIENTED_EDGE('',*,*,#17651,.F.);
#17651 = EDGE_CURVE('',#17652,#17652,#17654,.T.);
#17652 = VERTEX_POINT('',#17653);
#17653 = CARTESIAN_POINT('',(21.2,-31.75,1.6));
#17654 = CIRCLE('',#17655,0.45);
#17655 = AXIS2_PLACEMENT_3D('',#17656,#17657,#17658);
#17656 = CARTESIAN_POINT('',(20.75,-31.75,1.6));
#17657 = DIRECTION('',(0.,0.,1.));
#17658 = DIRECTION('',(1.,0.,0.));
#17659 = ORIENTED_EDGE('',*,*,#17660,.F.);
#17660 = EDGE_CURVE('',#17661,#17652,#17663,.T.);
#17661 = VERTEX_POINT('',#17662);
#17662 = CARTESIAN_POINT('',(21.2,-31.75,-3.));
#17663 = LINE('',#17664,#17665);
#17664 = CARTESIAN_POINT('',(21.2,-31.75,-3.));
#17665 = VECTOR('',#17666,1.);
#17666 = DIRECTION('',(0.,0.,1.));
#17667 = ORIENTED_EDGE('',*,*,#17668,.T.);
#17668 = EDGE_CURVE('',#17661,#17661,#17669,.T.);
#17669 = CIRCLE('',#17670,0.45);
#17670 = AXIS2_PLACEMENT_3D('',#17671,#17672,#17673);
#17671 = CARTESIAN_POINT('',(20.75,-31.75,-3.));
#17672 = DIRECTION('',(0.,0.,1.));
#17673 = DIRECTION('',(1.,0.,0.));
#17674 = ORIENTED_EDGE('',*,*,#17660,.T.);
#17675 = CYLINDRICAL_SURFACE('',#17676,0.45);
#17676 = AXIS2_PLACEMENT_3D('',#17677,#17678,#17679);
#17677 = CARTESIAN_POINT('',(20.75,-31.75,-3.));
#17678 = DIRECTION('',(0.,0.,1.));
#17679 = DIRECTION('',(1.,0.,0.));
#17680 = ADVANCED_FACE('',(#17681),#17684,.T.);
#17681 = FACE_BOUND('',#17682,.T.);
#17682 = EDGE_LOOP('',(#17683));
#17683 = ORIENTED_EDGE('',*,*,#17651,.T.);
#17684 = PLANE('',#17685);
#17685 = AXIS2_PLACEMENT_3D('',#17686,#17687,#17688);
#17686 = CARTESIAN_POINT('',(20.75,-31.75,1.6));
#17687 = DIRECTION('',(0.,0.,1.));
#17688 = DIRECTION('',(1.,0.,0.));
#17689 = ADVANCED_FACE('',(#17690),#17693,.F.);
#17690 = FACE_BOUND('',#17691,.T.);
#17691 = EDGE_LOOP('',(#17692));
#17692 = ORIENTED_EDGE('',*,*,#17668,.F.);
#17693 = PLANE('',#17694);
#17694 = AXIS2_PLACEMENT_3D('',#17695,#17696,#17697);
#17695 = CARTESIAN_POINT('',(20.75,-31.75,-3.));
#17696 = DIRECTION('',(0.,0.,1.));
#17697 = DIRECTION('',(1.,0.,0.));
#17698 = MANIFOLD_SOLID_BREP('',#17699);
#17699 = CLOSED_SHELL('',(#17700,#17733,#17742));
#17700 = ADVANCED_FACE('',(#17701),#17728,.T.);
#17701 = FACE_BOUND('',#17702,.T.);
#17702 = EDGE_LOOP('',(#17703,#17712,#17720,#17727));
#17703 = ORIENTED_EDGE('',*,*,#17704,.F.);
#17704 = EDGE_CURVE('',#17705,#17705,#17707,.T.);
#17705 = VERTEX_POINT('',#17706);
#17706 = CARTESIAN_POINT('',(27.7,-31.75,1.6));
#17707 = CIRCLE('',#17708,0.45);
#17708 = AXIS2_PLACEMENT_3D('',#17709,#17710,#17711);
#17709 = CARTESIAN_POINT('',(27.25,-31.75,1.6));
#17710 = DIRECTION('',(0.,0.,1.));
#17711 = DIRECTION('',(1.,0.,0.));
#17712 = ORIENTED_EDGE('',*,*,#17713,.F.);
#17713 = EDGE_CURVE('',#17714,#17705,#17716,.T.);
#17714 = VERTEX_POINT('',#17715);
#17715 = CARTESIAN_POINT('',(27.7,-31.75,-3.));
#17716 = LINE('',#17717,#17718);
#17717 = CARTESIAN_POINT('',(27.7,-31.75,-3.));
#17718 = VECTOR('',#17719,1.);
#17719 = DIRECTION('',(0.,0.,1.));
#17720 = ORIENTED_EDGE('',*,*,#17721,.T.);
#17721 = EDGE_CURVE('',#17714,#17714,#17722,.T.);
#17722 = CIRCLE('',#17723,0.45);
#17723 = AXIS2_PLACEMENT_3D('',#17724,#17725,#17726);
#17724 = CARTESIAN_POINT('',(27.25,-31.75,-3.));
#17725 = DIRECTION('',(0.,0.,1.));
#17726 = DIRECTION('',(1.,0.,0.));
#17727 = ORIENTED_EDGE('',*,*,#17713,.T.);
#17728 = CYLINDRICAL_SURFACE('',#17729,0.45);
#17729 = AXIS2_PLACEMENT_3D('',#17730,#17731,#17732);
#17730 = CARTESIAN_POINT('',(27.25,-31.75,-3.));
#17731 = DIRECTION('',(0.,0.,1.));
#17732 = DIRECTION('',(1.,0.,0.));
#17733 = ADVANCED_FACE('',(#17734),#17737,.T.);
#17734 = FACE_BOUND('',#17735,.T.);
#17735 = EDGE_LOOP('',(#17736));
#17736 = ORIENTED_EDGE('',*,*,#17704,.T.);
#17737 = PLANE('',#17738);
#17738 = AXIS2_PLACEMENT_3D('',#17739,#17740,#17741);
#17739 = CARTESIAN_POINT('',(27.25,-31.75,1.6));
#17740 = DIRECTION('',(0.,0.,1.));
#17741 = DIRECTION('',(1.,0.,0.));
#17742 = ADVANCED_FACE('',(#17743),#17746,.F.);
#17743 = FACE_BOUND('',#17744,.T.);
#17744 = EDGE_LOOP('',(#17745));
#17745 = ORIENTED_EDGE('',*,*,#17721,.F.);
#17746 = PLANE('',#17747);
#17747 = AXIS2_PLACEMENT_3D('',#17748,#17749,#17750);
#17748 = CARTESIAN_POINT('',(27.25,-31.75,-3.));
#17749 = DIRECTION('',(0.,0.,1.));
#17750 = DIRECTION('',(1.,0.,0.));
#17751 = MANIFOLD_SOLID_BREP('',#17752);
#17752 = CLOSED_SHELL('',(#17753,#17786,#17795));
#17753 = ADVANCED_FACE('',(#17754),#17781,.T.);
#17754 = FACE_BOUND('',#17755,.T.);
#17755 = EDGE_LOOP('',(#17756,#17765,#17773,#17780));
#17756 = ORIENTED_EDGE('',*,*,#17757,.F.);
#17757 = EDGE_CURVE('',#17758,#17758,#17760,.T.);
#17758 = VERTEX_POINT('',#17759);
#17759 = CARTESIAN_POINT('',(21.2,-36.25,1.6));
#17760 = CIRCLE('',#17761,0.45);
#17761 = AXIS2_PLACEMENT_3D('',#17762,#17763,#17764);
#17762 = CARTESIAN_POINT('',(20.75,-36.25,1.6));
#17763 = DIRECTION('',(0.,0.,1.));
#17764 = DIRECTION('',(1.,0.,0.));
#17765 = ORIENTED_EDGE('',*,*,#17766,.F.);
#17766 = EDGE_CURVE('',#17767,#17758,#17769,.T.);
#17767 = VERTEX_POINT('',#17768);
#17768 = CARTESIAN_POINT('',(21.2,-36.25,-3.));
#17769 = LINE('',#17770,#17771);
#17770 = CARTESIAN_POINT('',(21.2,-36.25,-3.));
#17771 = VECTOR('',#17772,1.);
#17772 = DIRECTION('',(0.,0.,1.));
#17773 = ORIENTED_EDGE('',*,*,#17774,.T.);
#17774 = EDGE_CURVE('',#17767,#17767,#17775,.T.);
#17775 = CIRCLE('',#17776,0.45);
#17776 = AXIS2_PLACEMENT_3D('',#17777,#17778,#17779);
#17777 = CARTESIAN_POINT('',(20.75,-36.25,-3.));
#17778 = DIRECTION('',(0.,0.,1.));
#17779 = DIRECTION('',(1.,0.,0.));
#17780 = ORIENTED_EDGE('',*,*,#17766,.T.);
#17781 = CYLINDRICAL_SURFACE('',#17782,0.45);
#17782 = AXIS2_PLACEMENT_3D('',#17783,#17784,#17785);
#17783 = CARTESIAN_POINT('',(20.75,-36.25,-3.));
#17784 = DIRECTION('',(0.,0.,1.));
#17785 = DIRECTION('',(1.,0.,0.));
#17786 = ADVANCED_FACE('',(#17787),#17790,.T.);
#17787 = FACE_BOUND('',#17788,.T.);
#17788 = EDGE_LOOP('',(#17789));
#17789 = ORIENTED_EDGE('',*,*,#17757,.T.);
#17790 = PLANE('',#17791);
#17791 = AXIS2_PLACEMENT_3D('',#17792,#17793,#17794);
#17792 = CARTESIAN_POINT('',(20.75,-36.25,1.6));
#17793 = DIRECTION('',(0.,0.,1.));
#17794 = DIRECTION('',(1.,0.,0.));
#17795 = ADVANCED_FACE('',(#17796),#17799,.F.);
#17796 = FACE_BOUND('',#17797,.T.);
#17797 = EDGE_LOOP('',(#17798));
#17798 = ORIENTED_EDGE('',*,*,#17774,.F.);
#17799 = PLANE('',#17800);
#17800 = AXIS2_PLACEMENT_3D('',#17801,#17802,#17803);
#17801 = CARTESIAN_POINT('',(20.75,-36.25,-3.));
#17802 = DIRECTION('',(0.,0.,1.));
#17803 = DIRECTION('',(1.,0.,0.));
#17804 = MANIFOLD_SOLID_BREP('',#17805);
#17805 = CLOSED_SHELL('',(#17806,#17839,#17848));
#17806 = ADVANCED_FACE('',(#17807),#17834,.T.);
#17807 = FACE_BOUND('',#17808,.T.);
#17808 = EDGE_LOOP('',(#17809,#17818,#17826,#17833));
#17809 = ORIENTED_EDGE('',*,*,#17810,.F.);
#17810 = EDGE_CURVE('',#17811,#17811,#17813,.T.);
#17811 = VERTEX_POINT('',#17812);
#17812 = CARTESIAN_POINT('',(27.7,-36.25,1.6));
#17813 = CIRCLE('',#17814,0.45);
#17814 = AXIS2_PLACEMENT_3D('',#17815,#17816,#17817);
#17815 = CARTESIAN_POINT('',(27.25,-36.25,1.6));
#17816 = DIRECTION('',(0.,0.,1.));
#17817 = DIRECTION('',(1.,0.,0.));
#17818 = ORIENTED_EDGE('',*,*,#17819,.F.);
#17819 = EDGE_CURVE('',#17820,#17811,#17822,.T.);
#17820 = VERTEX_POINT('',#17821);
#17821 = CARTESIAN_POINT('',(27.7,-36.25,-3.));
#17822 = LINE('',#17823,#17824);
#17823 = CARTESIAN_POINT('',(27.7,-36.25,-3.));
#17824 = VECTOR('',#17825,1.);
#17825 = DIRECTION('',(0.,0.,1.));
#17826 = ORIENTED_EDGE('',*,*,#17827,.T.);
#17827 = EDGE_CURVE('',#17820,#17820,#17828,.T.);
#17828 = CIRCLE('',#17829,0.45);
#17829 = AXIS2_PLACEMENT_3D('',#17830,#17831,#17832);
#17830 = CARTESIAN_POINT('',(27.25,-36.25,-3.));
#17831 = DIRECTION('',(0.,0.,1.));
#17832 = DIRECTION('',(1.,0.,0.));
#17833 = ORIENTED_EDGE('',*,*,#17819,.T.);
#17834 = CYLINDRICAL_SURFACE('',#17835,0.45);
#17835 = AXIS2_PLACEMENT_3D('',#17836,#17837,#17838);
#17836 = CARTESIAN_POINT('',(27.25,-36.25,-3.));
#17837 = DIRECTION('',(0.,0.,1.));
#17838 = DIRECTION('',(1.,0.,0.));
#17839 = ADVANCED_FACE('',(#17840),#17843,.T.);
#17840 = FACE_BOUND('',#17841,.T.);
#17841 = EDGE_LOOP('',(#17842));
#17842 = ORIENTED_EDGE('',*,*,#17810,.T.);
#17843 = PLANE('',#17844);
#17844 = AXIS2_PLACEMENT_3D('',#17845,#17846,#17847);
#17845 = CARTESIAN_POINT('',(27.25,-36.25,1.6));
#17846 = DIRECTION('',(0.,0.,1.));
#17847 = DIRECTION('',(1.,0.,0.));
#17848 = ADVANCED_FACE('',(#17849),#17852,.F.);
#17849 = FACE_BOUND('',#17850,.T.);
#17850 = EDGE_LOOP('',(#17851));
#17851 = ORIENTED_EDGE('',*,*,#17827,.F.);
#17852 = PLANE('',#17853);
#17853 = AXIS2_PLACEMENT_3D('',#17854,#17855,#17856);
#17854 = CARTESIAN_POINT('',(27.25,-36.25,-3.));
#17855 = DIRECTION('',(0.,0.,1.));
#17856 = DIRECTION('',(1.,0.,0.));
#17857 = MANIFOLD_SOLID_BREP('',#17858);
#17858 = CLOSED_SHELL('',(#17859,#17899,#17939,#17961,#17983,#17995));
#17859 = ADVANCED_FACE('',(#17860),#17894,.F.);
#17860 = FACE_BOUND('',#17861,.F.);
#17861 = EDGE_LOOP('',(#17862,#17872,#17880,#17888));
#17862 = ORIENTED_EDGE('',*,*,#17863,.F.);
#17863 = EDGE_CURVE('',#17864,#17866,#17868,.T.);
#17864 = VERTEX_POINT('',#17865);
#17865 = CARTESIAN_POINT('',(13.15,17.0375,1.6));
#17866 = VERTEX_POINT('',#17867);
#17867 = CARTESIAN_POINT('',(13.15,17.0375,2.1));
#17868 = LINE('',#17869,#17870);
#17869 = CARTESIAN_POINT('',(13.15,17.0375,1.6));
#17870 = VECTOR('',#17871,1.);
#17871 = DIRECTION('',(0.,0.,1.));
#17872 = ORIENTED_EDGE('',*,*,#17873,.T.);
#17873 = EDGE_CURVE('',#17864,#17874,#17876,.T.);
#17874 = VERTEX_POINT('',#17875);
#17875 = CARTESIAN_POINT('',(13.15,17.9625,1.6));
#17876 = LINE('',#17877,#17878);
#17877 = CARTESIAN_POINT('',(13.15,17.0375,1.6));
#17878 = VECTOR('',#17879,1.);
#17879 = DIRECTION('',(0.,1.,0.));
#17880 = ORIENTED_EDGE('',*,*,#17881,.T.);
#17881 = EDGE_CURVE('',#17874,#17882,#17884,.T.);
#17882 = VERTEX_POINT('',#17883);
#17883 = CARTESIAN_POINT('',(13.15,17.9625,2.1));
#17884 = LINE('',#17885,#17886);
#17885 = CARTESIAN_POINT('',(13.15,17.9625,1.6));
#17886 = VECTOR('',#17887,1.);
#17887 = DIRECTION('',(0.,0.,1.));
#17888 = ORIENTED_EDGE('',*,*,#17889,.F.);
#17889 = EDGE_CURVE('',#17866,#17882,#17890,.T.);
#17890 = LINE('',#17891,#17892);
#17891 = CARTESIAN_POINT('',(13.15,17.0375,2.1));
#17892 = VECTOR('',#17893,1.);
#17893 = DIRECTION('',(0.,1.,0.));
#17894 = PLANE('',#17895);
#17895 = AXIS2_PLACEMENT_3D('',#17896,#17897,#17898);
#17896 = CARTESIAN_POINT('',(13.15,17.0375,1.6));
#17897 = DIRECTION('',(1.,0.,0.));
#17898 = DIRECTION('',(0.,0.,1.));
#17899 = ADVANCED_FACE('',(#17900),#17934,.T.);
#17900 = FACE_BOUND('',#17901,.T.);
#17901 = EDGE_LOOP('',(#17902,#17912,#17920,#17928));
#17902 = ORIENTED_EDGE('',*,*,#17903,.F.);
#17903 = EDGE_CURVE('',#17904,#17906,#17908,.T.);
#17904 = VERTEX_POINT('',#17905);
#17905 = CARTESIAN_POINT('',(14.85,17.0375,1.6));
#17906 = VERTEX_POINT('',#17907);
#17907 = CARTESIAN_POINT('',(14.85,17.0375,2.1));
#17908 = LINE('',#17909,#17910);
#17909 = CARTESIAN_POINT('',(14.85,17.0375,1.6));
#17910 = VECTOR('',#17911,1.);
#17911 = DIRECTION('',(0.,0.,1.));
#17912 = ORIENTED_EDGE('',*,*,#17913,.T.);
#17913 = EDGE_CURVE('',#17904,#17914,#17916,.T.);
#17914 = VERTEX_POINT('',#17915);
#17915 = CARTESIAN_POINT('',(14.85,17.9625,1.6));
#17916 = LINE('',#17917,#17918);
#17917 = CARTESIAN_POINT('',(14.85,17.0375,1.6));
#17918 = VECTOR('',#17919,1.);
#17919 = DIRECTION('',(0.,1.,0.));
#17920 = ORIENTED_EDGE('',*,*,#17921,.T.);
#17921 = EDGE_CURVE('',#17914,#17922,#17924,.T.);
#17922 = VERTEX_POINT('',#17923);
#17923 = CARTESIAN_POINT('',(14.85,17.9625,2.1));
#17924 = LINE('',#17925,#17926);
#17925 = CARTESIAN_POINT('',(14.85,17.9625,1.6));
#17926 = VECTOR('',#17927,1.);
#17927 = DIRECTION('',(0.,0.,1.));
#17928 = ORIENTED_EDGE('',*,*,#17929,.F.);
#17929 = EDGE_CURVE('',#17906,#17922,#17930,.T.);
#17930 = LINE('',#17931,#17932);
#17931 = CARTESIAN_POINT('',(14.85,17.0375,2.1));
#17932 = VECTOR('',#17933,1.);
#17933 = DIRECTION('',(0.,1.,0.));
#17934 = PLANE('',#17935);
#17935 = AXIS2_PLACEMENT_3D('',#17936,#17937,#17938);
#17936 = CARTESIAN_POINT('',(14.85,17.0375,1.6));
#17937 = DIRECTION('',(1.,0.,0.));
#17938 = DIRECTION('',(0.,0.,1.));
#17939 = ADVANCED_FACE('',(#17940),#17956,.F.);
#17940 = FACE_BOUND('',#17941,.F.);
#17941 = EDGE_LOOP('',(#17942,#17948,#17949,#17955));
#17942 = ORIENTED_EDGE('',*,*,#17943,.F.);
#17943 = EDGE_CURVE('',#17864,#17904,#17944,.T.);
#17944 = LINE('',#17945,#17946);
#17945 = CARTESIAN_POINT('',(13.15,17.0375,1.6));
#17946 = VECTOR('',#17947,1.);
#17947 = DIRECTION('',(1.,0.,0.));
#17948 = ORIENTED_EDGE('',*,*,#17863,.T.);
#17949 = ORIENTED_EDGE('',*,*,#17950,.T.);
#17950 = EDGE_CURVE('',#17866,#17906,#17951,.T.);
#17951 = LINE('',#17952,#17953);
#17952 = CARTESIAN_POINT('',(13.15,17.0375,2.1));
#17953 = VECTOR('',#17954,1.);
#17954 = DIRECTION('',(1.,0.,0.));
#17955 = ORIENTED_EDGE('',*,*,#17903,.F.);
#17956 = PLANE('',#17957);
#17957 = AXIS2_PLACEMENT_3D('',#17958,#17959,#17960);
#17958 = CARTESIAN_POINT('',(13.15,17.0375,1.6));
#17959 = DIRECTION('',(0.,1.,0.));
#17960 = DIRECTION('',(0.,0.,1.));
#17961 = ADVANCED_FACE('',(#17962),#17978,.T.);
#17962 = FACE_BOUND('',#17963,.T.);
#17963 = EDGE_LOOP('',(#17964,#17970,#17971,#17977));
#17964 = ORIENTED_EDGE('',*,*,#17965,.F.);
#17965 = EDGE_CURVE('',#17874,#17914,#17966,.T.);
#17966 = LINE('',#17967,#17968);
#17967 = CARTESIAN_POINT('',(13.15,17.9625,1.6));
#17968 = VECTOR('',#17969,1.);
#17969 = DIRECTION('',(1.,0.,0.));
#17970 = ORIENTED_EDGE('',*,*,#17881,.T.);
#17971 = ORIENTED_EDGE('',*,*,#17972,.T.);
#17972 = EDGE_CURVE('',#17882,#17922,#17973,.T.);
#17973 = LINE('',#17974,#17975);
#17974 = CARTESIAN_POINT('',(13.15,17.9625,2.1));
#17975 = VECTOR('',#17976,1.);
#17976 = DIRECTION('',(1.,0.,0.));
#17977 = ORIENTED_EDGE('',*,*,#17921,.F.);
#17978 = PLANE('',#17979);
#17979 = AXIS2_PLACEMENT_3D('',#17980,#17981,#17982);
#17980 = CARTESIAN_POINT('',(13.15,17.9625,1.6));
#17981 = DIRECTION('',(0.,1.,0.));
#17982 = DIRECTION('',(0.,0.,1.));
#17983 = ADVANCED_FACE('',(#17984),#17990,.F.);
#17984 = FACE_BOUND('',#17985,.F.);
#17985 = EDGE_LOOP('',(#17986,#17987,#17988,#17989));
#17986 = ORIENTED_EDGE('',*,*,#17873,.F.);
#17987 = ORIENTED_EDGE('',*,*,#17943,.T.);
#17988 = ORIENTED_EDGE('',*,*,#17913,.T.);
#17989 = ORIENTED_EDGE('',*,*,#17965,.F.);
#17990 = PLANE('',#17991);
#17991 = AXIS2_PLACEMENT_3D('',#17992,#17993,#17994);
#17992 = CARTESIAN_POINT('',(13.15,17.0375,1.6));
#17993 = DIRECTION('',(0.,0.,1.));
#17994 = DIRECTION('',(1.,0.,0.));
#17995 = ADVANCED_FACE('',(#17996),#18002,.T.);
#17996 = FACE_BOUND('',#17997,.T.);
#17997 = EDGE_LOOP('',(#17998,#17999,#18000,#18001));
#17998 = ORIENTED_EDGE('',*,*,#17889,.F.);
#17999 = ORIENTED_EDGE('',*,*,#17950,.T.);
#18000 = ORIENTED_EDGE('',*,*,#17929,.T.);
#18001 = ORIENTED_EDGE('',*,*,#17972,.F.);
#18002 = PLANE('',#18003);
#18003 = AXIS2_PLACEMENT_3D('',#18004,#18005,#18006);
#18004 = CARTESIAN_POINT('',(13.15,17.0375,2.1));
#18005 = DIRECTION('',(0.,0.,1.));
#18006 = DIRECTION('',(1.,0.,0.));
#18007 = MANIFOLD_SOLID_BREP('',#18008);
#18008 = CLOSED_SHELL('',(#18009,#18049,#18089,#18111,#18133,#18145));
#18009 = ADVANCED_FACE('',(#18010),#18044,.F.);
#18010 = FACE_BOUND('',#18011,.F.);
#18011 = EDGE_LOOP('',(#18012,#18022,#18030,#18038));
#18012 = ORIENTED_EDGE('',*,*,#18013,.F.);
#18013 = EDGE_CURVE('',#18014,#18016,#18018,.T.);
#18014 = VERTEX_POINT('',#18015);
#18015 = CARTESIAN_POINT('',(19.15,9.0375,1.6));
#18016 = VERTEX_POINT('',#18017);
#18017 = CARTESIAN_POINT('',(19.15,9.0375,2.1));
#18018 = LINE('',#18019,#18020);
#18019 = CARTESIAN_POINT('',(19.15,9.0375,1.6));
#18020 = VECTOR('',#18021,1.);
#18021 = DIRECTION('',(0.,0.,1.));
#18022 = ORIENTED_EDGE('',*,*,#18023,.T.);
#18023 = EDGE_CURVE('',#18014,#18024,#18026,.T.);
#18024 = VERTEX_POINT('',#18025);
#18025 = CARTESIAN_POINT('',(19.15,9.9625,1.6));
#18026 = LINE('',#18027,#18028);
#18027 = CARTESIAN_POINT('',(19.15,9.0375,1.6));
#18028 = VECTOR('',#18029,1.);
#18029 = DIRECTION('',(0.,1.,0.));
#18030 = ORIENTED_EDGE('',*,*,#18031,.T.);
#18031 = EDGE_CURVE('',#18024,#18032,#18034,.T.);
#18032 = VERTEX_POINT('',#18033);
#18033 = CARTESIAN_POINT('',(19.15,9.9625,2.1));
#18034 = LINE('',#18035,#18036);
#18035 = CARTESIAN_POINT('',(19.15,9.9625,1.6));
#18036 = VECTOR('',#18037,1.);
#18037 = DIRECTION('',(0.,0.,1.));
#18038 = ORIENTED_EDGE('',*,*,#18039,.F.);
#18039 = EDGE_CURVE('',#18016,#18032,#18040,.T.);
#18040 = LINE('',#18041,#18042);
#18041 = CARTESIAN_POINT('',(19.15,9.0375,2.1));
#18042 = VECTOR('',#18043,1.);
#18043 = DIRECTION('',(0.,1.,0.));
#18044 = PLANE('',#18045);
#18045 = AXIS2_PLACEMENT_3D('',#18046,#18047,#18048);
#18046 = CARTESIAN_POINT('',(19.15,9.0375,1.6));
#18047 = DIRECTION('',(1.,0.,0.));
#18048 = DIRECTION('',(0.,0.,1.));
#18049 = ADVANCED_FACE('',(#18050),#18084,.T.);
#18050 = FACE_BOUND('',#18051,.T.);
#18051 = EDGE_LOOP('',(#18052,#18062,#18070,#18078));
#18052 = ORIENTED_EDGE('',*,*,#18053,.F.);
#18053 = EDGE_CURVE('',#18054,#18056,#18058,.T.);
#18054 = VERTEX_POINT('',#18055);
#18055 = CARTESIAN_POINT('',(20.85,9.0375,1.6));
#18056 = VERTEX_POINT('',#18057);
#18057 = CARTESIAN_POINT('',(20.85,9.0375,2.1));
#18058 = LINE('',#18059,#18060);
#18059 = CARTESIAN_POINT('',(20.85,9.0375,1.6));
#18060 = VECTOR('',#18061,1.);
#18061 = DIRECTION('',(0.,0.,1.));
#18062 = ORIENTED_EDGE('',*,*,#18063,.T.);
#18063 = EDGE_CURVE('',#18054,#18064,#18066,.T.);
#18064 = VERTEX_POINT('',#18065);
#18065 = CARTESIAN_POINT('',(20.85,9.9625,1.6));
#18066 = LINE('',#18067,#18068);
#18067 = CARTESIAN_POINT('',(20.85,9.0375,1.6));
#18068 = VECTOR('',#18069,1.);
#18069 = DIRECTION('',(0.,1.,0.));
#18070 = ORIENTED_EDGE('',*,*,#18071,.T.);
#18071 = EDGE_CURVE('',#18064,#18072,#18074,.T.);
#18072 = VERTEX_POINT('',#18073);
#18073 = CARTESIAN_POINT('',(20.85,9.9625,2.1));
#18074 = LINE('',#18075,#18076);
#18075 = CARTESIAN_POINT('',(20.85,9.9625,1.6));
#18076 = VECTOR('',#18077,1.);
#18077 = DIRECTION('',(0.,0.,1.));
#18078 = ORIENTED_EDGE('',*,*,#18079,.F.);
#18079 = EDGE_CURVE('',#18056,#18072,#18080,.T.);
#18080 = LINE('',#18081,#18082);
#18081 = CARTESIAN_POINT('',(20.85,9.0375,2.1));
#18082 = VECTOR('',#18083,1.);
#18083 = DIRECTION('',(0.,1.,0.));
#18084 = PLANE('',#18085);
#18085 = AXIS2_PLACEMENT_3D('',#18086,#18087,#18088);
#18086 = CARTESIAN_POINT('',(20.85,9.0375,1.6));
#18087 = DIRECTION('',(1.,0.,0.));
#18088 = DIRECTION('',(0.,0.,1.));
#18089 = ADVANCED_FACE('',(#18090),#18106,.F.);
#18090 = FACE_BOUND('',#18091,.F.);
#18091 = EDGE_LOOP('',(#18092,#18098,#18099,#18105));
#18092 = ORIENTED_EDGE('',*,*,#18093,.F.);
#18093 = EDGE_CURVE('',#18014,#18054,#18094,.T.);
#18094 = LINE('',#18095,#18096);
#18095 = CARTESIAN_POINT('',(19.15,9.0375,1.6));
#18096 = VECTOR('',#18097,1.);
#18097 = DIRECTION('',(1.,0.,0.));
#18098 = ORIENTED_EDGE('',*,*,#18013,.T.);
#18099 = ORIENTED_EDGE('',*,*,#18100,.T.);
#18100 = EDGE_CURVE('',#18016,#18056,#18101,.T.);
#18101 = LINE('',#18102,#18103);
#18102 = CARTESIAN_POINT('',(19.15,9.0375,2.1));
#18103 = VECTOR('',#18104,1.);
#18104 = DIRECTION('',(1.,0.,0.));
#18105 = ORIENTED_EDGE('',*,*,#18053,.F.);
#18106 = PLANE('',#18107);
#18107 = AXIS2_PLACEMENT_3D('',#18108,#18109,#18110);
#18108 = CARTESIAN_POINT('',(19.15,9.0375,1.6));
#18109 = DIRECTION('',(0.,1.,0.));
#18110 = DIRECTION('',(0.,0.,1.));
#18111 = ADVANCED_FACE('',(#18112),#18128,.T.);
#18112 = FACE_BOUND('',#18113,.T.);
#18113 = EDGE_LOOP('',(#18114,#18120,#18121,#18127));
#18114 = ORIENTED_EDGE('',*,*,#18115,.F.);
#18115 = EDGE_CURVE('',#18024,#18064,#18116,.T.);
#18116 = LINE('',#18117,#18118);
#18117 = CARTESIAN_POINT('',(19.15,9.9625,1.6));
#18118 = VECTOR('',#18119,1.);
#18119 = DIRECTION('',(1.,0.,0.));
#18120 = ORIENTED_EDGE('',*,*,#18031,.T.);
#18121 = ORIENTED_EDGE('',*,*,#18122,.T.);
#18122 = EDGE_CURVE('',#18032,#18072,#18123,.T.);
#18123 = LINE('',#18124,#18125);
#18124 = CARTESIAN_POINT('',(19.15,9.9625,2.1));
#18125 = VECTOR('',#18126,1.);
#18126 = DIRECTION('',(1.,0.,0.));
#18127 = ORIENTED_EDGE('',*,*,#18071,.F.);
#18128 = PLANE('',#18129);
#18129 = AXIS2_PLACEMENT_3D('',#18130,#18131,#18132);
#18130 = CARTESIAN_POINT('',(19.15,9.9625,1.6));
#18131 = DIRECTION('',(0.,1.,0.));
#18132 = DIRECTION('',(0.,0.,1.));
#18133 = ADVANCED_FACE('',(#18134),#18140,.F.);
#18134 = FACE_BOUND('',#18135,.F.);
#18135 = EDGE_LOOP('',(#18136,#18137,#18138,#18139));
#18136 = ORIENTED_EDGE('',*,*,#18023,.F.);
#18137 = ORIENTED_EDGE('',*,*,#18093,.T.);
#18138 = ORIENTED_EDGE('',*,*,#18063,.T.);
#18139 = ORIENTED_EDGE('',*,*,#18115,.F.);
#18140 = PLANE('',#18141);
#18141 = AXIS2_PLACEMENT_3D('',#18142,#18143,#18144);
#18142 = CARTESIAN_POINT('',(19.15,9.0375,1.6));
#18143 = DIRECTION('',(0.,0.,1.));
#18144 = DIRECTION('',(1.,0.,0.));
#18145 = ADVANCED_FACE('',(#18146),#18152,.T.);
#18146 = FACE_BOUND('',#18147,.T.);
#18147 = EDGE_LOOP('',(#18148,#18149,#18150,#18151));
#18148 = ORIENTED_EDGE('',*,*,#18039,.F.);
#18149 = ORIENTED_EDGE('',*,*,#18100,.T.);
#18150 = ORIENTED_EDGE('',*,*,#18079,.T.);
#18151 = ORIENTED_EDGE('',*,*,#18122,.F.);
#18152 = PLANE('',#18153);
#18153 = AXIS2_PLACEMENT_3D('',#18154,#18155,#18156);
#18154 = CARTESIAN_POINT('',(19.15,9.0375,2.1));
#18155 = DIRECTION('',(0.,0.,1.));
#18156 = DIRECTION('',(1.,0.,0.));
#18157 = MANIFOLD_SOLID_BREP('',#18158);
#18158 = CLOSED_SHELL('',(#18159,#18199,#18239,#18261,#18283,#18295));
#18159 = ADVANCED_FACE('',(#18160),#18194,.F.);
#18160 = FACE_BOUND('',#18161,.F.);
#18161 = EDGE_LOOP('',(#18162,#18172,#18180,#18188));
#18162 = ORIENTED_EDGE('',*,*,#18163,.F.);
#18163 = EDGE_CURVE('',#18164,#18166,#18168,.T.);
#18164 = VERTEX_POINT('',#18165);
#18165 = CARTESIAN_POINT('',(32.15,-39.,1.6));
#18166 = VERTEX_POINT('',#18167);
#18167 = CARTESIAN_POINT('',(32.15,-39.,3.05));
#18168 = LINE('',#18169,#18170);
#18169 = CARTESIAN_POINT('',(32.15,-39.,1.6));
#18170 = VECTOR('',#18171,1.);
#18171 = DIRECTION('',(0.,0.,1.));
#18172 = ORIENTED_EDGE('',*,*,#18173,.T.);
#18173 = EDGE_CURVE('',#18164,#18174,#18176,.T.);
#18174 = VERTEX_POINT('',#18175);
#18175 = CARTESIAN_POINT('',(32.15,-36.,1.6));
#18176 = LINE('',#18177,#18178);
#18177 = CARTESIAN_POINT('',(32.15,-39.,1.6));
#18178 = VECTOR('',#18179,1.);
#18179 = DIRECTION('',(0.,1.,0.));
#18180 = ORIENTED_EDGE('',*,*,#18181,.T.);
#18181 = EDGE_CURVE('',#18174,#18182,#18184,.T.);
#18182 = VERTEX_POINT('',#18183);
#18183 = CARTESIAN_POINT('',(32.15,-36.,3.05));
#18184 = LINE('',#18185,#18186);
#18185 = CARTESIAN_POINT('',(32.15,-36.,1.6));
#18186 = VECTOR('',#18187,1.);
#18187 = DIRECTION('',(0.,0.,1.));
#18188 = ORIENTED_EDGE('',*,*,#18189,.F.);
#18189 = EDGE_CURVE('',#18166,#18182,#18190,.T.);
#18190 = LINE('',#18191,#18192);
#18191 = CARTESIAN_POINT('',(32.15,-39.,3.05));
#18192 = VECTOR('',#18193,1.);
#18193 = DIRECTION('',(0.,1.,0.));
#18194 = PLANE('',#18195);
#18195 = AXIS2_PLACEMENT_3D('',#18196,#18197,#18198);
#18196 = CARTESIAN_POINT('',(32.15,-39.,1.6));
#18197 = DIRECTION('',(1.,0.,0.));
#18198 = DIRECTION('',(0.,0.,1.));
#18199 = ADVANCED_FACE('',(#18200),#18234,.T.);
#18200 = FACE_BOUND('',#18201,.T.);
#18201 = EDGE_LOOP('',(#18202,#18212,#18220,#18228));
#18202 = ORIENTED_EDGE('',*,*,#18203,.F.);
#18203 = EDGE_CURVE('',#18204,#18206,#18208,.T.);
#18204 = VERTEX_POINT('',#18205);
#18205 = CARTESIAN_POINT('',(33.85,-39.,1.6));
#18206 = VERTEX_POINT('',#18207);
#18207 = CARTESIAN_POINT('',(33.85,-39.,3.05));
#18208 = LINE('',#18209,#18210);
#18209 = CARTESIAN_POINT('',(33.85,-39.,1.6));
#18210 = VECTOR('',#18211,1.);
#18211 = DIRECTION('',(0.,0.,1.));
#18212 = ORIENTED_EDGE('',*,*,#18213,.T.);
#18213 = EDGE_CURVE('',#18204,#18214,#18216,.T.);
#18214 = VERTEX_POINT('',#18215);
#18215 = CARTESIAN_POINT('',(33.85,-36.,1.6));
#18216 = LINE('',#18217,#18218);
#18217 = CARTESIAN_POINT('',(33.85,-39.,1.6));
#18218 = VECTOR('',#18219,1.);
#18219 = DIRECTION('',(0.,1.,0.));
#18220 = ORIENTED_EDGE('',*,*,#18221,.T.);
#18221 = EDGE_CURVE('',#18214,#18222,#18224,.T.);
#18222 = VERTEX_POINT('',#18223);
#18223 = CARTESIAN_POINT('',(33.85,-36.,3.05));
#18224 = LINE('',#18225,#18226);
#18225 = CARTESIAN_POINT('',(33.85,-36.,1.6));
#18226 = VECTOR('',#18227,1.);
#18227 = DIRECTION('',(0.,0.,1.));
#18228 = ORIENTED_EDGE('',*,*,#18229,.F.);
#18229 = EDGE_CURVE('',#18206,#18222,#18230,.T.);
#18230 = LINE('',#18231,#18232);
#18231 = CARTESIAN_POINT('',(33.85,-39.,3.05));
#18232 = VECTOR('',#18233,1.);
#18233 = DIRECTION('',(0.,1.,0.));
#18234 = PLANE('',#18235);
#18235 = AXIS2_PLACEMENT_3D('',#18236,#18237,#18238);
#18236 = CARTESIAN_POINT('',(33.85,-39.,1.6));
#18237 = DIRECTION('',(1.,0.,0.));
#18238 = DIRECTION('',(0.,0.,1.));
#18239 = ADVANCED_FACE('',(#18240),#18256,.F.);
#18240 = FACE_BOUND('',#18241,.F.);
#18241 = EDGE_LOOP('',(#18242,#18248,#18249,#18255));
#18242 = ORIENTED_EDGE('',*,*,#18243,.F.);
#18243 = EDGE_CURVE('',#18164,#18204,#18244,.T.);
#18244 = LINE('',#18245,#18246);
#18245 = CARTESIAN_POINT('',(32.15,-39.,1.6));
#18246 = VECTOR('',#18247,1.);
#18247 = DIRECTION('',(1.,0.,0.));
#18248 = ORIENTED_EDGE('',*,*,#18163,.T.);
#18249 = ORIENTED_EDGE('',*,*,#18250,.T.);
#18250 = EDGE_CURVE('',#18166,#18206,#18251,.T.);
#18251 = LINE('',#18252,#18253);
#18252 = CARTESIAN_POINT('',(32.15,-39.,3.05));
#18253 = VECTOR('',#18254,1.);
#18254 = DIRECTION('',(1.,0.,0.));
#18255 = ORIENTED_EDGE('',*,*,#18203,.F.);
#18256 = PLANE('',#18257);
#18257 = AXIS2_PLACEMENT_3D('',#18258,#18259,#18260);
#18258 = CARTESIAN_POINT('',(32.15,-39.,1.6));
#18259 = DIRECTION('',(0.,1.,0.));
#18260 = DIRECTION('',(0.,0.,1.));
#18261 = ADVANCED_FACE('',(#18262),#18278,.T.);
#18262 = FACE_BOUND('',#18263,.T.);
#18263 = EDGE_LOOP('',(#18264,#18270,#18271,#18277));
#18264 = ORIENTED_EDGE('',*,*,#18265,.F.);
#18265 = EDGE_CURVE('',#18174,#18214,#18266,.T.);
#18266 = LINE('',#18267,#18268);
#18267 = CARTESIAN_POINT('',(32.15,-36.,1.6));
#18268 = VECTOR('',#18269,1.);
#18269 = DIRECTION('',(1.,0.,0.));
#18270 = ORIENTED_EDGE('',*,*,#18181,.T.);
#18271 = ORIENTED_EDGE('',*,*,#18272,.T.);
#18272 = EDGE_CURVE('',#18182,#18222,#18273,.T.);
#18273 = LINE('',#18274,#18275);
#18274 = CARTESIAN_POINT('',(32.15,-36.,3.05));
#18275 = VECTOR('',#18276,1.);
#18276 = DIRECTION('',(1.,0.,0.));
#18277 = ORIENTED_EDGE('',*,*,#18221,.F.);
#18278 = PLANE('',#18279);
#18279 = AXIS2_PLACEMENT_3D('',#18280,#18281,#18282);
#18280 = CARTESIAN_POINT('',(32.15,-36.,1.6));
#18281 = DIRECTION('',(0.,1.,0.));
#18282 = DIRECTION('',(0.,0.,1.));
#18283 = ADVANCED_FACE('',(#18284),#18290,.F.);
#18284 = FACE_BOUND('',#18285,.F.);
#18285 = EDGE_LOOP('',(#18286,#18287,#18288,#18289));
#18286 = ORIENTED_EDGE('',*,*,#18173,.F.);
#18287 = ORIENTED_EDGE('',*,*,#18243,.T.);
#18288 = ORIENTED_EDGE('',*,*,#18213,.T.);
#18289 = ORIENTED_EDGE('',*,*,#18265,.F.);
#18290 = PLANE('',#18291);
#18291 = AXIS2_PLACEMENT_3D('',#18292,#18293,#18294);
#18292 = CARTESIAN_POINT('',(32.15,-39.,1.6));
#18293 = DIRECTION('',(0.,0.,1.));
#18294 = DIRECTION('',(1.,0.,0.));
#18295 = ADVANCED_FACE('',(#18296),#18302,.T.);
#18296 = FACE_BOUND('',#18297,.T.);
#18297 = EDGE_LOOP('',(#18298,#18299,#18300,#18301));
#18298 = ORIENTED_EDGE('',*,*,#18189,.F.);
#18299 = ORIENTED_EDGE('',*,*,#18250,.T.);
#18300 = ORIENTED_EDGE('',*,*,#18229,.T.);
#18301 = ORIENTED_EDGE('',*,*,#18272,.F.);
#18302 = PLANE('',#18303);
#18303 = AXIS2_PLACEMENT_3D('',#18304,#18305,#18306);
#18304 = CARTESIAN_POINT('',(32.15,-39.,3.05));
#18305 = DIRECTION('',(0.,0.,1.));
#18306 = DIRECTION('',(1.,0.,0.));
#18307 = MANIFOLD_SOLID_BREP('',#18308);
#18308 = CLOSED_SHELL('',(#18309,#18349,#18389,#18411,#18433,#18445));
#18309 = ADVANCED_FACE('',(#18310),#18344,.F.);
#18310 = FACE_BOUND('',#18311,.F.);
#18311 = EDGE_LOOP('',(#18312,#18322,#18330,#18338));
#18312 = ORIENTED_EDGE('',*,*,#18313,.F.);
#18313 = EDGE_CURVE('',#18314,#18316,#18318,.T.);
#18314 = VERTEX_POINT('',#18315);
#18315 = CARTESIAN_POINT('',(-41.22,10.2,1.6));
#18316 = VERTEX_POINT('',#18317);
#18317 = CARTESIAN_POINT('',(-41.22,10.2,6.1));
#18318 = LINE('',#18319,#18320);
#18319 = CARTESIAN_POINT('',(-41.22,10.2,1.6));
#18320 = VECTOR('',#18321,1.);
#18321 = DIRECTION('',(0.,0.,1.));
#18322 = ORIENTED_EDGE('',*,*,#18323,.T.);
#18323 = EDGE_CURVE('',#18314,#18324,#18326,.T.);
#18324 = VERTEX_POINT('',#18325);
#18325 = CARTESIAN_POINT('',(-41.22,12.8,1.6));
#18326 = LINE('',#18327,#18328);
#18327 = CARTESIAN_POINT('',(-41.22,10.2,1.6));
#18328 = VECTOR('',#18329,1.);
#18329 = DIRECTION('',(0.,1.,0.));
#18330 = ORIENTED_EDGE('',*,*,#18331,.T.);
#18331 = EDGE_CURVE('',#18324,#18332,#18334,.T.);
#18332 = VERTEX_POINT('',#18333);
#18333 = CARTESIAN_POINT('',(-41.22,12.8,6.1));
#18334 = LINE('',#18335,#18336);
#18335 = CARTESIAN_POINT('',(-41.22,12.8,1.6));
#18336 = VECTOR('',#18337,1.);
#18337 = DIRECTION('',(0.,0.,1.));
#18338 = ORIENTED_EDGE('',*,*,#18339,.F.);
#18339 = EDGE_CURVE('',#18316,#18332,#18340,.T.);
#18340 = LINE('',#18341,#18342);
#18341 = CARTESIAN_POINT('',(-41.22,10.2,6.1));
#18342 = VECTOR('',#18343,1.);
#18343 = DIRECTION('',(0.,1.,0.));
#18344 = PLANE('',#18345);
#18345 = AXIS2_PLACEMENT_3D('',#18346,#18347,#18348);
#18346 = CARTESIAN_POINT('',(-41.22,10.2,1.6));
#18347 = DIRECTION('',(1.,0.,0.));
#18348 = DIRECTION('',(0.,0.,1.));
#18349 = ADVANCED_FACE('',(#18350),#18384,.T.);
#18350 = FACE_BOUND('',#18351,.T.);
#18351 = EDGE_LOOP('',(#18352,#18362,#18370,#18378));
#18352 = ORIENTED_EDGE('',*,*,#18353,.F.);
#18353 = EDGE_CURVE('',#18354,#18356,#18358,.T.);
#18354 = VERTEX_POINT('',#18355);
#18355 = CARTESIAN_POINT('',(-34.62,10.2,1.6));
#18356 = VERTEX_POINT('',#18357);
#18357 = CARTESIAN_POINT('',(-34.62,10.2,6.1));
#18358 = LINE('',#18359,#18360);
#18359 = CARTESIAN_POINT('',(-34.62,10.2,1.6));
#18360 = VECTOR('',#18361,1.);
#18361 = DIRECTION('',(0.,0.,1.));
#18362 = ORIENTED_EDGE('',*,*,#18363,.T.);
#18363 = EDGE_CURVE('',#18354,#18364,#18366,.T.);
#18364 = VERTEX_POINT('',#18365);
#18365 = CARTESIAN_POINT('',(-34.62,12.8,1.6));
#18366 = LINE('',#18367,#18368);
#18367 = CARTESIAN_POINT('',(-34.62,10.2,1.6));
#18368 = VECTOR('',#18369,1.);
#18369 = DIRECTION('',(0.,1.,0.));
#18370 = ORIENTED_EDGE('',*,*,#18371,.T.);
#18371 = EDGE_CURVE('',#18364,#18372,#18374,.T.);
#18372 = VERTEX_POINT('',#18373);
#18373 = CARTESIAN_POINT('',(-34.62,12.8,6.1));
#18374 = LINE('',#18375,#18376);
#18375 = CARTESIAN_POINT('',(-34.62,12.8,1.6));
#18376 = VECTOR('',#18377,1.);
#18377 = DIRECTION('',(0.,0.,1.));
#18378 = ORIENTED_EDGE('',*,*,#18379,.F.);
#18379 = EDGE_CURVE('',#18356,#18372,#18380,.T.);
#18380 = LINE('',#18381,#18382);
#18381 = CARTESIAN_POINT('',(-34.62,10.2,6.1));
#18382 = VECTOR('',#18383,1.);
#18383 = DIRECTION('',(0.,1.,0.));
#18384 = PLANE('',#18385);
#18385 = AXIS2_PLACEMENT_3D('',#18386,#18387,#18388);
#18386 = CARTESIAN_POINT('',(-34.62,10.2,1.6));
#18387 = DIRECTION('',(1.,0.,0.));
#18388 = DIRECTION('',(0.,0.,1.));
#18389 = ADVANCED_FACE('',(#18390),#18406,.F.);
#18390 = FACE_BOUND('',#18391,.F.);
#18391 = EDGE_LOOP('',(#18392,#18398,#18399,#18405));
#18392 = ORIENTED_EDGE('',*,*,#18393,.F.);
#18393 = EDGE_CURVE('',#18314,#18354,#18394,.T.);
#18394 = LINE('',#18395,#18396);
#18395 = CARTESIAN_POINT('',(-41.22,10.2,1.6));
#18396 = VECTOR('',#18397,1.);
#18397 = DIRECTION('',(1.,0.,0.));
#18398 = ORIENTED_EDGE('',*,*,#18313,.T.);
#18399 = ORIENTED_EDGE('',*,*,#18400,.T.);
#18400 = EDGE_CURVE('',#18316,#18356,#18401,.T.);
#18401 = LINE('',#18402,#18403);
#18402 = CARTESIAN_POINT('',(-41.22,10.2,6.1));
#18403 = VECTOR('',#18404,1.);
#18404 = DIRECTION('',(1.,0.,0.));
#18405 = ORIENTED_EDGE('',*,*,#18353,.F.);
#18406 = PLANE('',#18407);
#18407 = AXIS2_PLACEMENT_3D('',#18408,#18409,#18410);
#18408 = CARTESIAN_POINT('',(-41.22,10.2,1.6));
#18409 = DIRECTION('',(0.,1.,0.));
#18410 = DIRECTION('',(0.,0.,1.));
#18411 = ADVANCED_FACE('',(#18412),#18428,.T.);
#18412 = FACE_BOUND('',#18413,.T.);
#18413 = EDGE_LOOP('',(#18414,#18420,#18421,#18427));
#18414 = ORIENTED_EDGE('',*,*,#18415,.F.);
#18415 = EDGE_CURVE('',#18324,#18364,#18416,.T.);
#18416 = LINE('',#18417,#18418);
#18417 = CARTESIAN_POINT('',(-41.22,12.8,1.6));
#18418 = VECTOR('',#18419,1.);
#18419 = DIRECTION('',(1.,0.,0.));
#18420 = ORIENTED_EDGE('',*,*,#18331,.T.);
#18421 = ORIENTED_EDGE('',*,*,#18422,.T.);
#18422 = EDGE_CURVE('',#18332,#18372,#18423,.T.);
#18423 = LINE('',#18424,#18425);
#18424 = CARTESIAN_POINT('',(-41.22,12.8,6.1));
#18425 = VECTOR('',#18426,1.);
#18426 = DIRECTION('',(1.,0.,0.));
#18427 = ORIENTED_EDGE('',*,*,#18371,.F.);
#18428 = PLANE('',#18429);
#18429 = AXIS2_PLACEMENT_3D('',#18430,#18431,#18432);
#18430 = CARTESIAN_POINT('',(-41.22,12.8,1.6));
#18431 = DIRECTION('',(0.,1.,0.));
#18432 = DIRECTION('',(0.,0.,1.));
#18433 = ADVANCED_FACE('',(#18434),#18440,.F.);
#18434 = FACE_BOUND('',#18435,.F.);
#18435 = EDGE_LOOP('',(#18436,#18437,#18438,#18439));
#18436 = ORIENTED_EDGE('',*,*,#18323,.F.);
#18437 = ORIENTED_EDGE('',*,*,#18393,.T.);
#18438 = ORIENTED_EDGE('',*,*,#18363,.T.);
#18439 = ORIENTED_EDGE('',*,*,#18415,.F.);
#18440 = PLANE('',#18441);
#18441 = AXIS2_PLACEMENT_3D('',#18442,#18443,#18444);
#18442 = CARTESIAN_POINT('',(-41.22,10.2,1.6));
#18443 = DIRECTION('',(0.,0.,1.));
#18444 = DIRECTION('',(1.,0.,0.));
#18445 = ADVANCED_FACE('',(#18446),#18452,.T.);
#18446 = FACE_BOUND('',#18447,.T.);
#18447 = EDGE_LOOP('',(#18448,#18449,#18450,#18451));
#18448 = ORIENTED_EDGE('',*,*,#18339,.F.);
#18449 = ORIENTED_EDGE('',*,*,#18400,.T.);
#18450 = ORIENTED_EDGE('',*,*,#18379,.T.);
#18451 = ORIENTED_EDGE('',*,*,#18422,.F.);
#18452 = PLANE('',#18453);
#18453 = AXIS2_PLACEMENT_3D('',#18454,#18455,#18456);
#18454 = CARTESIAN_POINT('',(-41.22,10.2,6.1));
#18455 = DIRECTION('',(0.,0.,1.));
#18456 = DIRECTION('',(1.,0.,0.));
#18457 = MANIFOLD_SOLID_BREP('',#18458);
#18458 = CLOSED_SHELL('',(#18459,#18492,#18501));
#18459 = ADVANCED_FACE('',(#18460),#18487,.T.);
#18460 = FACE_BOUND('',#18461,.T.);
#18461 = EDGE_LOOP('',(#18462,#18471,#18479,#18486));
#18462 = ORIENTED_EDGE('',*,*,#18463,.F.);
#18463 = EDGE_CURVE('',#18464,#18464,#18466,.T.);
#18464 = VERTEX_POINT('',#18465);
#18465 = CARTESIAN_POINT('',(-42.7,11.5,1.6));
#18466 = CIRCLE('',#18467,0.3);
#18467 = AXIS2_PLACEMENT_3D('',#18468,#18469,#18470);
#18468 = CARTESIAN_POINT('',(-43.,11.5,1.6));
#18469 = DIRECTION('',(0.,0.,1.));
#18470 = DIRECTION('',(1.,0.,0.));
#18471 = ORIENTED_EDGE('',*,*,#18472,.F.);
#18472 = EDGE_CURVE('',#18473,#18464,#18475,.T.);
#18473 = VERTEX_POINT('',#18474);
#18474 = CARTESIAN_POINT('',(-42.7,11.5,-3.));
#18475 = LINE('',#18476,#18477);
#18476 = CARTESIAN_POINT('',(-42.7,11.5,-3.));
#18477 = VECTOR('',#18478,1.);
#18478 = DIRECTION('',(0.,0.,1.));
#18479 = ORIENTED_EDGE('',*,*,#18480,.T.);
#18480 = EDGE_CURVE('',#18473,#18473,#18481,.T.);
#18481 = CIRCLE('',#18482,0.3);
#18482 = AXIS2_PLACEMENT_3D('',#18483,#18484,#18485);
#18483 = CARTESIAN_POINT('',(-43.,11.5,-3.));
#18484 = DIRECTION('',(0.,0.,1.));
#18485 = DIRECTION('',(1.,0.,0.));
#18486 = ORIENTED_EDGE('',*,*,#18472,.T.);
#18487 = CYLINDRICAL_SURFACE('',#18488,0.3);
#18488 = AXIS2_PLACEMENT_3D('',#18489,#18490,#18491);
#18489 = CARTESIAN_POINT('',(-43.,11.5,-3.));
#18490 = DIRECTION('',(0.,0.,1.));
#18491 = DIRECTION('',(1.,0.,0.));
#18492 = ADVANCED_FACE('',(#18493),#18496,.T.);
#18493 = FACE_BOUND('',#18494,.T.);
#18494 = EDGE_LOOP('',(#18495));
#18495 = ORIENTED_EDGE('',*,*,#18463,.T.);
#18496 = PLANE('',#18497);
#18497 = AXIS2_PLACEMENT_3D('',#18498,#18499,#18500);
#18498 = CARTESIAN_POINT('',(-43.,11.5,1.6));
#18499 = DIRECTION('',(0.,0.,1.));
#18500 = DIRECTION('',(1.,0.,0.));
#18501 = ADVANCED_FACE('',(#18502),#18505,.F.);
#18502 = FACE_BOUND('',#18503,.T.);
#18503 = EDGE_LOOP('',(#18504));
#18504 = ORIENTED_EDGE('',*,*,#18480,.F.);
#18505 = PLANE('',#18506);
#18506 = AXIS2_PLACEMENT_3D('',#18507,#18508,#18509);
#18507 = CARTESIAN_POINT('',(-43.,11.5,-3.));
#18508 = DIRECTION('',(0.,0.,1.));
#18509 = DIRECTION('',(1.,0.,0.));
#18510 = MANIFOLD_SOLID_BREP('',#18511);
#18511 = CLOSED_SHELL('',(#18512,#18545,#18554));
#18512 = ADVANCED_FACE('',(#18513),#18540,.T.);
#18513 = FACE_BOUND('',#18514,.T.);
#18514 = EDGE_LOOP('',(#18515,#18524,#18532,#18539));
#18515 = ORIENTED_EDGE('',*,*,#18516,.F.);
#18516 = EDGE_CURVE('',#18517,#18517,#18519,.T.);
#18517 = VERTEX_POINT('',#18518);
#18518 = CARTESIAN_POINT('',(-32.54,11.5,1.6));
#18519 = CIRCLE('',#18520,0.3);
#18520 = AXIS2_PLACEMENT_3D('',#18521,#18522,#18523);
#18521 = CARTESIAN_POINT('',(-32.84,11.5,1.6));
#18522 = DIRECTION('',(0.,0.,1.));
#18523 = DIRECTION('',(1.,0.,0.));
#18524 = ORIENTED_EDGE('',*,*,#18525,.F.);
#18525 = EDGE_CURVE('',#18526,#18517,#18528,.T.);
#18526 = VERTEX_POINT('',#18527);
#18527 = CARTESIAN_POINT('',(-32.54,11.5,-3.));
#18528 = LINE('',#18529,#18530);
#18529 = CARTESIAN_POINT('',(-32.54,11.5,-3.));
#18530 = VECTOR('',#18531,1.);
#18531 = DIRECTION('',(0.,0.,1.));
#18532 = ORIENTED_EDGE('',*,*,#18533,.T.);
#18533 = EDGE_CURVE('',#18526,#18526,#18534,.T.);
#18534 = CIRCLE('',#18535,0.3);
#18535 = AXIS2_PLACEMENT_3D('',#18536,#18537,#18538);
#18536 = CARTESIAN_POINT('',(-32.84,11.5,-3.));
#18537 = DIRECTION('',(0.,0.,1.));
#18538 = DIRECTION('',(1.,0.,0.));
#18539 = ORIENTED_EDGE('',*,*,#18525,.T.);
#18540 = CYLINDRICAL_SURFACE('',#18541,0.3);
#18541 = AXIS2_PLACEMENT_3D('',#18542,#18543,#18544);
#18542 = CARTESIAN_POINT('',(-32.84,11.5,-3.));
#18543 = DIRECTION('',(0.,0.,1.));
#18544 = DIRECTION('',(1.,0.,0.));
#18545 = ADVANCED_FACE('',(#18546),#18549,.T.);
#18546 = FACE_BOUND('',#18547,.T.);
#18547 = EDGE_LOOP('',(#18548));
#18548 = ORIENTED_EDGE('',*,*,#18516,.T.);
#18549 = PLANE('',#18550);
#18550 = AXIS2_PLACEMENT_3D('',#18551,#18552,#18553);
#18551 = CARTESIAN_POINT('',(-32.84,11.5,1.6));
#18552 = DIRECTION('',(0.,0.,1.));
#18553 = DIRECTION('',(1.,0.,0.));
#18554 = ADVANCED_FACE('',(#18555),#18558,.F.);
#18555 = FACE_BOUND('',#18556,.T.);
#18556 = EDGE_LOOP('',(#18557));
#18557 = ORIENTED_EDGE('',*,*,#18533,.F.);
#18558 = PLANE('',#18559);
#18559 = AXIS2_PLACEMENT_3D('',#18560,#18561,#18562);
#18560 = CARTESIAN_POINT('',(-32.84,11.5,-3.));
#18561 = DIRECTION('',(0.,0.,1.));
#18562 = DIRECTION('',(1.,0.,0.));
#18563 = MANIFOLD_SOLID_BREP('',#18564);
#18564 = CLOSED_SHELL('',(#18565,#18605,#18645,#18667,#18689,#18701));
#18565 = ADVANCED_FACE('',(#18566),#18600,.F.);
#18566 = FACE_BOUND('',#18567,.F.);
#18567 = EDGE_LOOP('',(#18568,#18578,#18586,#18594));
#18568 = ORIENTED_EDGE('',*,*,#18569,.F.);
#18569 = EDGE_CURVE('',#18570,#18572,#18574,.T.);
#18570 = VERTEX_POINT('',#18571);
#18571 = CARTESIAN_POINT('',(16.325,-34.55,1.6));
#18572 = VERTEX_POINT('',#18573);
#18573 = CARTESIAN_POINT('',(16.325,-34.55,2.85));
#18574 = LINE('',#18575,#18576);
#18575 = CARTESIAN_POINT('',(16.325,-34.55,1.6));
#18576 = VECTOR('',#18577,1.);
#18577 = DIRECTION('',(0.,0.,1.));
#18578 = ORIENTED_EDGE('',*,*,#18579,.T.);
#18579 = EDGE_CURVE('',#18570,#18580,#18582,.T.);
#18580 = VERTEX_POINT('',#18581);
#18581 = CARTESIAN_POINT('',(16.325,-32.45,1.6));
#18582 = LINE('',#18583,#18584);
#18583 = CARTESIAN_POINT('',(16.325,-34.55,1.6));
#18584 = VECTOR('',#18585,1.);
#18585 = DIRECTION('',(0.,1.,0.));
#18586 = ORIENTED_EDGE('',*,*,#18587,.T.);
#18587 = EDGE_CURVE('',#18580,#18588,#18590,.T.);
#18588 = VERTEX_POINT('',#18589);
#18589 = CARTESIAN_POINT('',(16.325,-32.45,2.85));
#18590 = LINE('',#18591,#18592);
#18591 = CARTESIAN_POINT('',(16.325,-32.45,1.6));
#18592 = VECTOR('',#18593,1.);
#18593 = DIRECTION('',(0.,0.,1.));
#18594 = ORIENTED_EDGE('',*,*,#18595,.F.);
#18595 = EDGE_CURVE('',#18572,#18588,#18596,.T.);
#18596 = LINE('',#18597,#18598);
#18597 = CARTESIAN_POINT('',(16.325,-34.55,2.85));
#18598 = VECTOR('',#18599,1.);
#18599 = DIRECTION('',(0.,1.,0.));
#18600 = PLANE('',#18601);
#18601 = AXIS2_PLACEMENT_3D('',#18602,#18603,#18604);
#18602 = CARTESIAN_POINT('',(16.325,-34.55,1.6));
#18603 = DIRECTION('',(1.,0.,0.));
#18604 = DIRECTION('',(0.,0.,1.));
#18605 = ADVANCED_FACE('',(#18606),#18640,.T.);
#18606 = FACE_BOUND('',#18607,.T.);
#18607 = EDGE_LOOP('',(#18608,#18618,#18626,#18634));
#18608 = ORIENTED_EDGE('',*,*,#18609,.F.);
#18609 = EDGE_CURVE('',#18610,#18612,#18614,.T.);
#18610 = VERTEX_POINT('',#18611);
#18611 = CARTESIAN_POINT('',(17.675,-34.55,1.6));
#18612 = VERTEX_POINT('',#18613);
#18613 = CARTESIAN_POINT('',(17.675,-34.55,2.85));
#18614 = LINE('',#18615,#18616);
#18615 = CARTESIAN_POINT('',(17.675,-34.55,1.6));
#18616 = VECTOR('',#18617,1.);
#18617 = DIRECTION('',(0.,0.,1.));
#18618 = ORIENTED_EDGE('',*,*,#18619,.T.);
#18619 = EDGE_CURVE('',#18610,#18620,#18622,.T.);
#18620 = VERTEX_POINT('',#18621);
#18621 = CARTESIAN_POINT('',(17.675,-32.45,1.6));
#18622 = LINE('',#18623,#18624);
#18623 = CARTESIAN_POINT('',(17.675,-34.55,1.6));
#18624 = VECTOR('',#18625,1.);
#18625 = DIRECTION('',(0.,1.,0.));
#18626 = ORIENTED_EDGE('',*,*,#18627,.T.);
#18627 = EDGE_CURVE('',#18620,#18628,#18630,.T.);
#18628 = VERTEX_POINT('',#18629);
#18629 = CARTESIAN_POINT('',(17.675,-32.45,2.85));
#18630 = LINE('',#18631,#18632);
#18631 = CARTESIAN_POINT('',(17.675,-32.45,1.6));
#18632 = VECTOR('',#18633,1.);
#18633 = DIRECTION('',(0.,0.,1.));
#18634 = ORIENTED_EDGE('',*,*,#18635,.F.);
#18635 = EDGE_CURVE('',#18612,#18628,#18636,.T.);
#18636 = LINE('',#18637,#18638);
#18637 = CARTESIAN_POINT('',(17.675,-34.55,2.85));
#18638 = VECTOR('',#18639,1.);
#18639 = DIRECTION('',(0.,1.,0.));
#18640 = PLANE('',#18641);
#18641 = AXIS2_PLACEMENT_3D('',#18642,#18643,#18644);
#18642 = CARTESIAN_POINT('',(17.675,-34.55,1.6));
#18643 = DIRECTION('',(1.,0.,0.));
#18644 = DIRECTION('',(0.,0.,1.));
#18645 = ADVANCED_FACE('',(#18646),#18662,.F.);
#18646 = FACE_BOUND('',#18647,.F.);
#18647 = EDGE_LOOP('',(#18648,#18654,#18655,#18661));
#18648 = ORIENTED_EDGE('',*,*,#18649,.F.);
#18649 = EDGE_CURVE('',#18570,#18610,#18650,.T.);
#18650 = LINE('',#18651,#18652);
#18651 = CARTESIAN_POINT('',(16.325,-34.55,1.6));
#18652 = VECTOR('',#18653,1.);
#18653 = DIRECTION('',(1.,0.,0.));
#18654 = ORIENTED_EDGE('',*,*,#18569,.T.);
#18655 = ORIENTED_EDGE('',*,*,#18656,.T.);
#18656 = EDGE_CURVE('',#18572,#18612,#18657,.T.);
#18657 = LINE('',#18658,#18659);
#18658 = CARTESIAN_POINT('',(16.325,-34.55,2.85));
#18659 = VECTOR('',#18660,1.);
#18660 = DIRECTION('',(1.,0.,0.));
#18661 = ORIENTED_EDGE('',*,*,#18609,.F.);
#18662 = PLANE('',#18663);
#18663 = AXIS2_PLACEMENT_3D('',#18664,#18665,#18666);
#18664 = CARTESIAN_POINT('',(16.325,-34.55,1.6));
#18665 = DIRECTION('',(0.,1.,0.));
#18666 = DIRECTION('',(0.,0.,1.));
#18667 = ADVANCED_FACE('',(#18668),#18684,.T.);
#18668 = FACE_BOUND('',#18669,.T.);
#18669 = EDGE_LOOP('',(#18670,#18676,#18677,#18683));
#18670 = ORIENTED_EDGE('',*,*,#18671,.F.);
#18671 = EDGE_CURVE('',#18580,#18620,#18672,.T.);
#18672 = LINE('',#18673,#18674);
#18673 = CARTESIAN_POINT('',(16.325,-32.45,1.6));
#18674 = VECTOR('',#18675,1.);
#18675 = DIRECTION('',(1.,0.,0.));
#18676 = ORIENTED_EDGE('',*,*,#18587,.T.);
#18677 = ORIENTED_EDGE('',*,*,#18678,.T.);
#18678 = EDGE_CURVE('',#18588,#18628,#18679,.T.);
#18679 = LINE('',#18680,#18681);
#18680 = CARTESIAN_POINT('',(16.325,-32.45,2.85));
#18681 = VECTOR('',#18682,1.);
#18682 = DIRECTION('',(1.,0.,0.));
#18683 = ORIENTED_EDGE('',*,*,#18627,.F.);
#18684 = PLANE('',#18685);
#18685 = AXIS2_PLACEMENT_3D('',#18686,#18687,#18688);
#18686 = CARTESIAN_POINT('',(16.325,-32.45,1.6));
#18687 = DIRECTION('',(0.,1.,0.));
#18688 = DIRECTION('',(0.,0.,1.));
#18689 = ADVANCED_FACE('',(#18690),#18696,.F.);
#18690 = FACE_BOUND('',#18691,.F.);
#18691 = EDGE_LOOP('',(#18692,#18693,#18694,#18695));
#18692 = ORIENTED_EDGE('',*,*,#18579,.F.);
#18693 = ORIENTED_EDGE('',*,*,#18649,.T.);
#18694 = ORIENTED_EDGE('',*,*,#18619,.T.);
#18695 = ORIENTED_EDGE('',*,*,#18671,.F.);
#18696 = PLANE('',#18697);
#18697 = AXIS2_PLACEMENT_3D('',#18698,#18699,#18700);
#18698 = CARTESIAN_POINT('',(16.325,-34.55,1.6));
#18699 = DIRECTION('',(0.,0.,1.));
#18700 = DIRECTION('',(1.,0.,0.));
#18701 = ADVANCED_FACE('',(#18702),#18708,.T.);
#18702 = FACE_BOUND('',#18703,.T.);
#18703 = EDGE_LOOP('',(#18704,#18705,#18706,#18707));
#18704 = ORIENTED_EDGE('',*,*,#18595,.F.);
#18705 = ORIENTED_EDGE('',*,*,#18656,.T.);
#18706 = ORIENTED_EDGE('',*,*,#18635,.T.);
#18707 = ORIENTED_EDGE('',*,*,#18678,.F.);
#18708 = PLANE('',#18709);
#18709 = AXIS2_PLACEMENT_3D('',#18710,#18711,#18712);
#18710 = CARTESIAN_POINT('',(16.325,-34.55,2.85));
#18711 = DIRECTION('',(0.,0.,1.));
#18712 = DIRECTION('',(1.,0.,0.));
#18713 = MANIFOLD_SOLID_BREP('',#18714);
#18714 = CLOSED_SHELL('',(#18715,#18755,#18795,#18817,#18839,#18851));
#18715 = ADVANCED_FACE('',(#18716),#18750,.F.);
#18716 = FACE_BOUND('',#18717,.F.);
#18717 = EDGE_LOOP('',(#18718,#18728,#18736,#18744));
#18718 = ORIENTED_EDGE('',*,*,#18719,.F.);
#18719 = EDGE_CURVE('',#18720,#18722,#18724,.T.);
#18720 = VERTEX_POINT('',#18721);
#18721 = CARTESIAN_POINT('',(2.083,1.675,1.6));
#18722 = VERTEX_POINT('',#18723);
#18723 = CARTESIAN_POINT('',(2.083,1.675,4.907));
#18724 = LINE('',#18725,#18726);
#18725 = CARTESIAN_POINT('',(2.083,1.675,1.6));
#18726 = VECTOR('',#18727,1.);
#18727 = DIRECTION('',(0.,0.,1.));
#18728 = ORIENTED_EDGE('',*,*,#18729,.T.);
#18729 = EDGE_CURVE('',#18720,#18730,#18732,.T.);
#18730 = VERTEX_POINT('',#18731);
#18731 = CARTESIAN_POINT('',(2.083,8.125,1.6));
#18732 = LINE('',#18733,#18734);
#18733 = CARTESIAN_POINT('',(2.083,1.675,1.6));
#18734 = VECTOR('',#18735,1.);
#18735 = DIRECTION('',(0.,1.,0.));
#18736 = ORIENTED_EDGE('',*,*,#18737,.T.);
#18737 = EDGE_CURVE('',#18730,#18738,#18740,.T.);
#18738 = VERTEX_POINT('',#18739);
#18739 = CARTESIAN_POINT('',(2.083,8.125,4.907));
#18740 = LINE('',#18741,#18742);
#18741 = CARTESIAN_POINT('',(2.083,8.125,1.6));
#18742 = VECTOR('',#18743,1.);
#18743 = DIRECTION('',(0.,0.,1.));
#18744 = ORIENTED_EDGE('',*,*,#18745,.F.);
#18745 = EDGE_CURVE('',#18722,#18738,#18746,.T.);
#18746 = LINE('',#18747,#18748);
#18747 = CARTESIAN_POINT('',(2.083,1.675,4.907));
#18748 = VECTOR('',#18749,1.);
#18749 = DIRECTION('',(0.,1.,0.));
#18750 = PLANE('',#18751);
#18751 = AXIS2_PLACEMENT_3D('',#18752,#18753,#18754);
#18752 = CARTESIAN_POINT('',(2.083,1.675,1.6));
#18753 = DIRECTION('',(1.,0.,0.));
#18754 = DIRECTION('',(0.,0.,1.));
#18755 = ADVANCED_FACE('',(#18756),#18790,.T.);
#18756 = FACE_BOUND('',#18757,.T.);
#18757 = EDGE_LOOP('',(#18758,#18768,#18776,#18784));
#18758 = ORIENTED_EDGE('',*,*,#18759,.F.);
#18759 = EDGE_CURVE('',#18760,#18762,#18764,.T.);
#18760 = VERTEX_POINT('',#18761);
#18761 = CARTESIAN_POINT('',(9.117,1.675,1.6));
#18762 = VERTEX_POINT('',#18763);
#18763 = CARTESIAN_POINT('',(9.117,1.675,4.907));
#18764 = LINE('',#18765,#18766);
#18765 = CARTESIAN_POINT('',(9.117,1.675,1.6));
#18766 = VECTOR('',#18767,1.);
#18767 = DIRECTION('',(0.,0.,1.));
#18768 = ORIENTED_EDGE('',*,*,#18769,.T.);
#18769 = EDGE_CURVE('',#18760,#18770,#18772,.T.);
#18770 = VERTEX_POINT('',#18771);
#18771 = CARTESIAN_POINT('',(9.117,8.125,1.6));
#18772 = LINE('',#18773,#18774);
#18773 = CARTESIAN_POINT('',(9.117,1.675,1.6));
#18774 = VECTOR('',#18775,1.);
#18775 = DIRECTION('',(0.,1.,0.));
#18776 = ORIENTED_EDGE('',*,*,#18777,.T.);
#18777 = EDGE_CURVE('',#18770,#18778,#18780,.T.);
#18778 = VERTEX_POINT('',#18779);
#18779 = CARTESIAN_POINT('',(9.117,8.125,4.907));
#18780 = LINE('',#18781,#18782);
#18781 = CARTESIAN_POINT('',(9.117,8.125,1.6));
#18782 = VECTOR('',#18783,1.);
#18783 = DIRECTION('',(0.,0.,1.));
#18784 = ORIENTED_EDGE('',*,*,#18785,.F.);
#18785 = EDGE_CURVE('',#18762,#18778,#18786,.T.);
#18786 = LINE('',#18787,#18788);
#18787 = CARTESIAN_POINT('',(9.117,1.675,4.907));
#18788 = VECTOR('',#18789,1.);
#18789 = DIRECTION('',(0.,1.,0.));
#18790 = PLANE('',#18791);
#18791 = AXIS2_PLACEMENT_3D('',#18792,#18793,#18794);
#18792 = CARTESIAN_POINT('',(9.117,1.675,1.6));
#18793 = DIRECTION('',(1.,0.,0.));
#18794 = DIRECTION('',(0.,0.,1.));
#18795 = ADVANCED_FACE('',(#18796),#18812,.F.);
#18796 = FACE_BOUND('',#18797,.F.);
#18797 = EDGE_LOOP('',(#18798,#18804,#18805,#18811));
#18798 = ORIENTED_EDGE('',*,*,#18799,.F.);
#18799 = EDGE_CURVE('',#18720,#18760,#18800,.T.);
#18800 = LINE('',#18801,#18802);
#18801 = CARTESIAN_POINT('',(2.083,1.675,1.6));
#18802 = VECTOR('',#18803,1.);
#18803 = DIRECTION('',(1.,0.,0.));
#18804 = ORIENTED_EDGE('',*,*,#18719,.T.);
#18805 = ORIENTED_EDGE('',*,*,#18806,.T.);
#18806 = EDGE_CURVE('',#18722,#18762,#18807,.T.);
#18807 = LINE('',#18808,#18809);
#18808 = CARTESIAN_POINT('',(2.083,1.675,4.907));
#18809 = VECTOR('',#18810,1.);
#18810 = DIRECTION('',(1.,0.,0.));
#18811 = ORIENTED_EDGE('',*,*,#18759,.F.);
#18812 = PLANE('',#18813);
#18813 = AXIS2_PLACEMENT_3D('',#18814,#18815,#18816);
#18814 = CARTESIAN_POINT('',(2.083,1.675,1.6));
#18815 = DIRECTION('',(0.,1.,0.));
#18816 = DIRECTION('',(0.,0.,1.));
#18817 = ADVANCED_FACE('',(#18818),#18834,.T.);
#18818 = FACE_BOUND('',#18819,.T.);
#18819 = EDGE_LOOP('',(#18820,#18826,#18827,#18833));
#18820 = ORIENTED_EDGE('',*,*,#18821,.F.);
#18821 = EDGE_CURVE('',#18730,#18770,#18822,.T.);
#18822 = LINE('',#18823,#18824);
#18823 = CARTESIAN_POINT('',(2.083,8.125,1.6));
#18824 = VECTOR('',#18825,1.);
#18825 = DIRECTION('',(1.,0.,0.));
#18826 = ORIENTED_EDGE('',*,*,#18737,.T.);
#18827 = ORIENTED_EDGE('',*,*,#18828,.T.);
#18828 = EDGE_CURVE('',#18738,#18778,#18829,.T.);
#18829 = LINE('',#18830,#18831);
#18830 = CARTESIAN_POINT('',(2.083,8.125,4.907));
#18831 = VECTOR('',#18832,1.);
#18832 = DIRECTION('',(1.,0.,0.));
#18833 = ORIENTED_EDGE('',*,*,#18777,.F.);
#18834 = PLANE('',#18835);
#18835 = AXIS2_PLACEMENT_3D('',#18836,#18837,#18838);
#18836 = CARTESIAN_POINT('',(2.083,8.125,1.6));
#18837 = DIRECTION('',(0.,1.,0.));
#18838 = DIRECTION('',(0.,0.,1.));
#18839 = ADVANCED_FACE('',(#18840),#18846,.F.);
#18840 = FACE_BOUND('',#18841,.F.);
#18841 = EDGE_LOOP('',(#18842,#18843,#18844,#18845));
#18842 = ORIENTED_EDGE('',*,*,#18729,.F.);
#18843 = ORIENTED_EDGE('',*,*,#18799,.T.);
#18844 = ORIENTED_EDGE('',*,*,#18769,.T.);
#18845 = ORIENTED_EDGE('',*,*,#18821,.F.);
#18846 = PLANE('',#18847);
#18847 = AXIS2_PLACEMENT_3D('',#18848,#18849,#18850);
#18848 = CARTESIAN_POINT('',(2.083,1.675,1.6));
#18849 = DIRECTION('',(0.,0.,1.));
#18850 = DIRECTION('',(1.,0.,0.));
#18851 = ADVANCED_FACE('',(#18852),#18858,.T.);
#18852 = FACE_BOUND('',#18853,.T.);
#18853 = EDGE_LOOP('',(#18854,#18855,#18856,#18857));
#18854 = ORIENTED_EDGE('',*,*,#18745,.F.);
#18855 = ORIENTED_EDGE('',*,*,#18806,.T.);
#18856 = ORIENTED_EDGE('',*,*,#18785,.T.);
#18857 = ORIENTED_EDGE('',*,*,#18828,.F.);
#18858 = PLANE('',#18859);
#18859 = AXIS2_PLACEMENT_3D('',#18860,#18861,#18862);
#18860 = CARTESIAN_POINT('',(2.083,1.675,4.907));
#18861 = DIRECTION('',(0.,0.,1.));
#18862 = DIRECTION('',(1.,0.,0.));
#18863 = MANIFOLD_SOLID_BREP('',#18864);
#18864 = CLOSED_SHELL('',(#18865,#18905,#18945,#18967,#18989,#19001));
#18865 = ADVANCED_FACE('',(#18866),#18900,.F.);
#18866 = FACE_BOUND('',#18867,.F.);
#18867 = EDGE_LOOP('',(#18868,#18878,#18886,#18894));
#18868 = ORIENTED_EDGE('',*,*,#18869,.F.);
#18869 = EDGE_CURVE('',#18870,#18872,#18874,.T.);
#18870 = VERTEX_POINT('',#18871);
#18871 = CARTESIAN_POINT('',(-3.79,-41.55,1.6));
#18872 = VERTEX_POINT('',#18873);
#18873 = CARTESIAN_POINT('',(-3.79,-41.55,3.4));
#18874 = LINE('',#18875,#18876);
#18875 = CARTESIAN_POINT('',(-3.79,-41.55,1.6));
#18876 = VECTOR('',#18877,1.);
#18877 = DIRECTION('',(0.,0.,1.));
#18878 = ORIENTED_EDGE('',*,*,#18879,.T.);
#18879 = EDGE_CURVE('',#18870,#18880,#18882,.T.);
#18880 = VERTEX_POINT('',#18881);
#18881 = CARTESIAN_POINT('',(-3.79,-34.45,1.6));
#18882 = LINE('',#18883,#18884);
#18883 = CARTESIAN_POINT('',(-3.79,-41.55,1.6));
#18884 = VECTOR('',#18885,1.);
#18885 = DIRECTION('',(0.,1.,0.));
#18886 = ORIENTED_EDGE('',*,*,#18887,.T.);
#18887 = EDGE_CURVE('',#18880,#18888,#18890,.T.);
#18888 = VERTEX_POINT('',#18889);
#18889 = CARTESIAN_POINT('',(-3.79,-34.45,3.4));
#18890 = LINE('',#18891,#18892);
#18891 = CARTESIAN_POINT('',(-3.79,-34.45,1.6));
#18892 = VECTOR('',#18893,1.);
#18893 = DIRECTION('',(0.,0.,1.));
#18894 = ORIENTED_EDGE('',*,*,#18895,.F.);
#18895 = EDGE_CURVE('',#18872,#18888,#18896,.T.);
#18896 = LINE('',#18897,#18898);
#18897 = CARTESIAN_POINT('',(-3.79,-41.55,3.4));
#18898 = VECTOR('',#18899,1.);
#18899 = DIRECTION('',(0.,1.,0.));
#18900 = PLANE('',#18901);
#18901 = AXIS2_PLACEMENT_3D('',#18902,#18903,#18904);
#18902 = CARTESIAN_POINT('',(-3.79,-41.55,1.6));
#18903 = DIRECTION('',(1.,0.,0.));
#18904 = DIRECTION('',(0.,0.,1.));
#18905 = ADVANCED_FACE('',(#18906),#18940,.T.);
#18906 = FACE_BOUND('',#18907,.T.);
#18907 = EDGE_LOOP('',(#18908,#18918,#18926,#18934));
#18908 = ORIENTED_EDGE('',*,*,#18909,.F.);
#18909 = EDGE_CURVE('',#18910,#18912,#18914,.T.);
#18910 = VERTEX_POINT('',#18911);
#18911 = CARTESIAN_POINT('',(1.39,-41.55,1.6));
#18912 = VERTEX_POINT('',#18913);
#18913 = CARTESIAN_POINT('',(1.39,-41.55,3.4));
#18914 = LINE('',#18915,#18916);
#18915 = CARTESIAN_POINT('',(1.39,-41.55,1.6));
#18916 = VECTOR('',#18917,1.);
#18917 = DIRECTION('',(0.,0.,1.));
#18918 = ORIENTED_EDGE('',*,*,#18919,.T.);
#18919 = EDGE_CURVE('',#18910,#18920,#18922,.T.);
#18920 = VERTEX_POINT('',#18921);
#18921 = CARTESIAN_POINT('',(1.39,-34.45,1.6));
#18922 = LINE('',#18923,#18924);
#18923 = CARTESIAN_POINT('',(1.39,-41.55,1.6));
#18924 = VECTOR('',#18925,1.);
#18925 = DIRECTION('',(0.,1.,0.));
#18926 = ORIENTED_EDGE('',*,*,#18927,.T.);
#18927 = EDGE_CURVE('',#18920,#18928,#18930,.T.);
#18928 = VERTEX_POINT('',#18929);
#18929 = CARTESIAN_POINT('',(1.39,-34.45,3.4));
#18930 = LINE('',#18931,#18932);
#18931 = CARTESIAN_POINT('',(1.39,-34.45,1.6));
#18932 = VECTOR('',#18933,1.);
#18933 = DIRECTION('',(0.,0.,1.));
#18934 = ORIENTED_EDGE('',*,*,#18935,.F.);
#18935 = EDGE_CURVE('',#18912,#18928,#18936,.T.);
#18936 = LINE('',#18937,#18938);
#18937 = CARTESIAN_POINT('',(1.39,-41.55,3.4));
#18938 = VECTOR('',#18939,1.);
#18939 = DIRECTION('',(0.,1.,0.));
#18940 = PLANE('',#18941);
#18941 = AXIS2_PLACEMENT_3D('',#18942,#18943,#18944);
#18942 = CARTESIAN_POINT('',(1.39,-41.55,1.6));
#18943 = DIRECTION('',(1.,0.,0.));
#18944 = DIRECTION('',(0.,0.,1.));
#18945 = ADVANCED_FACE('',(#18946),#18962,.F.);
#18946 = FACE_BOUND('',#18947,.F.);
#18947 = EDGE_LOOP('',(#18948,#18954,#18955,#18961));
#18948 = ORIENTED_EDGE('',*,*,#18949,.F.);
#18949 = EDGE_CURVE('',#18870,#18910,#18950,.T.);
#18950 = LINE('',#18951,#18952);
#18951 = CARTESIAN_POINT('',(-3.79,-41.55,1.6));
#18952 = VECTOR('',#18953,1.);
#18953 = DIRECTION('',(1.,0.,0.));
#18954 = ORIENTED_EDGE('',*,*,#18869,.T.);
#18955 = ORIENTED_EDGE('',*,*,#18956,.T.);
#18956 = EDGE_CURVE('',#18872,#18912,#18957,.T.);
#18957 = LINE('',#18958,#18959);
#18958 = CARTESIAN_POINT('',(-3.79,-41.55,3.4));
#18959 = VECTOR('',#18960,1.);
#18960 = DIRECTION('',(1.,0.,0.));
#18961 = ORIENTED_EDGE('',*,*,#18909,.F.);
#18962 = PLANE('',#18963);
#18963 = AXIS2_PLACEMENT_3D('',#18964,#18965,#18966);
#18964 = CARTESIAN_POINT('',(-3.79,-41.55,1.6));
#18965 = DIRECTION('',(0.,1.,0.));
#18966 = DIRECTION('',(0.,0.,1.));
#18967 = ADVANCED_FACE('',(#18968),#18984,.T.);
#18968 = FACE_BOUND('',#18969,.T.);
#18969 = EDGE_LOOP('',(#18970,#18976,#18977,#18983));
#18970 = ORIENTED_EDGE('',*,*,#18971,.F.);
#18971 = EDGE_CURVE('',#18880,#18920,#18972,.T.);
#18972 = LINE('',#18973,#18974);
#18973 = CARTESIAN_POINT('',(-3.79,-34.45,1.6));
#18974 = VECTOR('',#18975,1.);
#18975 = DIRECTION('',(1.,0.,0.));
#18976 = ORIENTED_EDGE('',*,*,#18887,.T.);
#18977 = ORIENTED_EDGE('',*,*,#18978,.T.);
#18978 = EDGE_CURVE('',#18888,#18928,#18979,.T.);
#18979 = LINE('',#18980,#18981);
#18980 = CARTESIAN_POINT('',(-3.79,-34.45,3.4));
#18981 = VECTOR('',#18982,1.);
#18982 = DIRECTION('',(1.,0.,0.));
#18983 = ORIENTED_EDGE('',*,*,#18927,.F.);
#18984 = PLANE('',#18985);
#18985 = AXIS2_PLACEMENT_3D('',#18986,#18987,#18988);
#18986 = CARTESIAN_POINT('',(-3.79,-34.45,1.6));
#18987 = DIRECTION('',(0.,1.,0.));
#18988 = DIRECTION('',(0.,0.,1.));
#18989 = ADVANCED_FACE('',(#18990),#18996,.F.);
#18990 = FACE_BOUND('',#18991,.F.);
#18991 = EDGE_LOOP('',(#18992,#18993,#18994,#18995));
#18992 = ORIENTED_EDGE('',*,*,#18879,.F.);
#18993 = ORIENTED_EDGE('',*,*,#18949,.T.);
#18994 = ORIENTED_EDGE('',*,*,#18919,.T.);
#18995 = ORIENTED_EDGE('',*,*,#18971,.F.);
#18996 = PLANE('',#18997);
#18997 = AXIS2_PLACEMENT_3D('',#18998,#18999,#19000);
#18998 = CARTESIAN_POINT('',(-3.79,-41.55,1.6));
#18999 = DIRECTION('',(0.,0.,1.));
#19000 = DIRECTION('',(1.,0.,0.));
#19001 = ADVANCED_FACE('',(#19002),#19008,.T.);
#19002 = FACE_BOUND('',#19003,.T.);
#19003 = EDGE_LOOP('',(#19004,#19005,#19006,#19007));
#19004 = ORIENTED_EDGE('',*,*,#18895,.F.);
#19005 = ORIENTED_EDGE('',*,*,#18956,.T.);
#19006 = ORIENTED_EDGE('',*,*,#18935,.T.);
#19007 = ORIENTED_EDGE('',*,*,#18978,.F.);
#19008 = PLANE('',#19009);
#19009 = AXIS2_PLACEMENT_3D('',#19010,#19011,#19012);
#19010 = CARTESIAN_POINT('',(-3.79,-41.55,3.4));
#19011 = DIRECTION('',(0.,0.,1.));
#19012 = DIRECTION('',(1.,0.,0.));
#19013 = MANIFOLD_SOLID_BREP('',#19014);
#19014 = CLOSED_SHELL('',(#19015,#19055,#19095,#19117,#19139,#19151));
#19015 = ADVANCED_FACE('',(#19016),#19050,.F.);
#19016 = FACE_BOUND('',#19017,.F.);
#19017 = EDGE_LOOP('',(#19018,#19028,#19036,#19044));
#19018 = ORIENTED_EDGE('',*,*,#19019,.F.);
#19019 = EDGE_CURVE('',#19020,#19022,#19024,.T.);
#19020 = VERTEX_POINT('',#19021);
#19021 = CARTESIAN_POINT('',(29.3,-17.,1.6));
#19022 = VERTEX_POINT('',#19023);
#19023 = CARTESIAN_POINT('',(29.3,-17.,2.7));
#19024 = LINE('',#19025,#19026);
#19025 = CARTESIAN_POINT('',(29.3,-17.,1.6));
#19026 = VECTOR('',#19027,1.);
#19027 = DIRECTION('',(0.,0.,1.));
#19028 = ORIENTED_EDGE('',*,*,#19029,.T.);
#19029 = EDGE_CURVE('',#19020,#19030,#19032,.T.);
#19030 = VERTEX_POINT('',#19031);
#19031 = CARTESIAN_POINT('',(29.3,-14.,1.6));
#19032 = LINE('',#19033,#19034);
#19033 = CARTESIAN_POINT('',(29.3,-17.,1.6));
#19034 = VECTOR('',#19035,1.);
#19035 = DIRECTION('',(0.,1.,0.));
#19036 = ORIENTED_EDGE('',*,*,#19037,.T.);
#19037 = EDGE_CURVE('',#19030,#19038,#19040,.T.);
#19038 = VERTEX_POINT('',#19039);
#19039 = CARTESIAN_POINT('',(29.3,-14.,2.7));
#19040 = LINE('',#19041,#19042);
#19041 = CARTESIAN_POINT('',(29.3,-14.,1.6));
#19042 = VECTOR('',#19043,1.);
#19043 = DIRECTION('',(0.,0.,1.));
#19044 = ORIENTED_EDGE('',*,*,#19045,.F.);
#19045 = EDGE_CURVE('',#19022,#19038,#19046,.T.);
#19046 = LINE('',#19047,#19048);
#19047 = CARTESIAN_POINT('',(29.3,-17.,2.7));
#19048 = VECTOR('',#19049,1.);
#19049 = DIRECTION('',(0.,1.,0.));
#19050 = PLANE('',#19051);
#19051 = AXIS2_PLACEMENT_3D('',#19052,#19053,#19054);
#19052 = CARTESIAN_POINT('',(29.3,-17.,1.6));
#19053 = DIRECTION('',(1.,0.,0.));
#19054 = DIRECTION('',(0.,0.,1.));
#19055 = ADVANCED_FACE('',(#19056),#19090,.T.);
#19056 = FACE_BOUND('',#19057,.T.);
#19057 = EDGE_LOOP('',(#19058,#19068,#19076,#19084));
#19058 = ORIENTED_EDGE('',*,*,#19059,.F.);
#19059 = EDGE_CURVE('',#19060,#19062,#19064,.T.);
#19060 = VERTEX_POINT('',#19061);
#19061 = CARTESIAN_POINT('',(30.7,-17.,1.6));
#19062 = VERTEX_POINT('',#19063);
#19063 = CARTESIAN_POINT('',(30.7,-17.,2.7));
#19064 = LINE('',#19065,#19066);
#19065 = CARTESIAN_POINT('',(30.7,-17.,1.6));
#19066 = VECTOR('',#19067,1.);
#19067 = DIRECTION('',(0.,0.,1.));
#19068 = ORIENTED_EDGE('',*,*,#19069,.T.);
#19069 = EDGE_CURVE('',#19060,#19070,#19072,.T.);
#19070 = VERTEX_POINT('',#19071);
#19071 = CARTESIAN_POINT('',(30.7,-14.,1.6));
#19072 = LINE('',#19073,#19074);
#19073 = CARTESIAN_POINT('',(30.7,-17.,1.6));
#19074 = VECTOR('',#19075,1.);
#19075 = DIRECTION('',(0.,1.,0.));
#19076 = ORIENTED_EDGE('',*,*,#19077,.T.);
#19077 = EDGE_CURVE('',#19070,#19078,#19080,.T.);
#19078 = VERTEX_POINT('',#19079);
#19079 = CARTESIAN_POINT('',(30.7,-14.,2.7));
#19080 = LINE('',#19081,#19082);
#19081 = CARTESIAN_POINT('',(30.7,-14.,1.6));
#19082 = VECTOR('',#19083,1.);
#19083 = DIRECTION('',(0.,0.,1.));
#19084 = ORIENTED_EDGE('',*,*,#19085,.F.);
#19085 = EDGE_CURVE('',#19062,#19078,#19086,.T.);
#19086 = LINE('',#19087,#19088);
#19087 = CARTESIAN_POINT('',(30.7,-17.,2.7));
#19088 = VECTOR('',#19089,1.);
#19089 = DIRECTION('',(0.,1.,0.));
#19090 = PLANE('',#19091);
#19091 = AXIS2_PLACEMENT_3D('',#19092,#19093,#19094);
#19092 = CARTESIAN_POINT('',(30.7,-17.,1.6));
#19093 = DIRECTION('',(1.,0.,0.));
#19094 = DIRECTION('',(0.,0.,1.));
#19095 = ADVANCED_FACE('',(#19096),#19112,.F.);
#19096 = FACE_BOUND('',#19097,.F.);
#19097 = EDGE_LOOP('',(#19098,#19104,#19105,#19111));
#19098 = ORIENTED_EDGE('',*,*,#19099,.F.);
#19099 = EDGE_CURVE('',#19020,#19060,#19100,.T.);
#19100 = LINE('',#19101,#19102);
#19101 = CARTESIAN_POINT('',(29.3,-17.,1.6));
#19102 = VECTOR('',#19103,1.);
#19103 = DIRECTION('',(1.,0.,0.));
#19104 = ORIENTED_EDGE('',*,*,#19019,.T.);
#19105 = ORIENTED_EDGE('',*,*,#19106,.T.);
#19106 = EDGE_CURVE('',#19022,#19062,#19107,.T.);
#19107 = LINE('',#19108,#19109);
#19108 = CARTESIAN_POINT('',(29.3,-17.,2.7));
#19109 = VECTOR('',#19110,1.);
#19110 = DIRECTION('',(1.,0.,0.));
#19111 = ORIENTED_EDGE('',*,*,#19059,.F.);
#19112 = PLANE('',#19113);
#19113 = AXIS2_PLACEMENT_3D('',#19114,#19115,#19116);
#19114 = CARTESIAN_POINT('',(29.3,-17.,1.6));
#19115 = DIRECTION('',(0.,1.,0.));
#19116 = DIRECTION('',(0.,0.,1.));
#19117 = ADVANCED_FACE('',(#19118),#19134,.T.);
#19118 = FACE_BOUND('',#19119,.T.);
#19119 = EDGE_LOOP('',(#19120,#19126,#19127,#19133));
#19120 = ORIENTED_EDGE('',*,*,#19121,.F.);
#19121 = EDGE_CURVE('',#19030,#19070,#19122,.T.);
#19122 = LINE('',#19123,#19124);
#19123 = CARTESIAN_POINT('',(29.3,-14.,1.6));
#19124 = VECTOR('',#19125,1.);
#19125 = DIRECTION('',(1.,0.,0.));
#19126 = ORIENTED_EDGE('',*,*,#19037,.T.);
#19127 = ORIENTED_EDGE('',*,*,#19128,.T.);
#19128 = EDGE_CURVE('',#19038,#19078,#19129,.T.);
#19129 = LINE('',#19130,#19131);
#19130 = CARTESIAN_POINT('',(29.3,-14.,2.7));
#19131 = VECTOR('',#19132,1.);
#19132 = DIRECTION('',(1.,0.,0.));
#19133 = ORIENTED_EDGE('',*,*,#19077,.F.);
#19134 = PLANE('',#19135);
#19135 = AXIS2_PLACEMENT_3D('',#19136,#19137,#19138);
#19136 = CARTESIAN_POINT('',(29.3,-14.,1.6));
#19137 = DIRECTION('',(0.,1.,0.));
#19138 = DIRECTION('',(0.,0.,1.));
#19139 = ADVANCED_FACE('',(#19140),#19146,.F.);
#19140 = FACE_BOUND('',#19141,.F.);
#19141 = EDGE_LOOP('',(#19142,#19143,#19144,#19145));
#19142 = ORIENTED_EDGE('',*,*,#19029,.F.);
#19143 = ORIENTED_EDGE('',*,*,#19099,.T.);
#19144 = ORIENTED_EDGE('',*,*,#19069,.T.);
#19145 = ORIENTED_EDGE('',*,*,#19121,.F.);
#19146 = PLANE('',#19147);
#19147 = AXIS2_PLACEMENT_3D('',#19148,#19149,#19150);
#19148 = CARTESIAN_POINT('',(29.3,-17.,1.6));
#19149 = DIRECTION('',(0.,0.,1.));
#19150 = DIRECTION('',(1.,0.,0.));
#19151 = ADVANCED_FACE('',(#19152),#19158,.T.);
#19152 = FACE_BOUND('',#19153,.T.);
#19153 = EDGE_LOOP('',(#19154,#19155,#19156,#19157));
#19154 = ORIENTED_EDGE('',*,*,#19045,.F.);
#19155 = ORIENTED_EDGE('',*,*,#19106,.T.);
#19156 = ORIENTED_EDGE('',*,*,#19085,.T.);
#19157 = ORIENTED_EDGE('',*,*,#19128,.F.);
#19158 = PLANE('',#19159);
#19159 = AXIS2_PLACEMENT_3D('',#19160,#19161,#19162);
#19160 = CARTESIAN_POINT('',(29.3,-17.,2.7));
#19161 = DIRECTION('',(0.,0.,1.));
#19162 = DIRECTION('',(1.,0.,0.));
#19163 = MANIFOLD_SOLID_BREP('',#19164);
#19164 = CLOSED_SHELL('',(#19165,#19205,#19245,#19267,#19289,#19301));
#19165 = ADVANCED_FACE('',(#19166),#19200,.F.);
#19166 = FACE_BOUND('',#19167,.F.);
#19167 = EDGE_LOOP('',(#19168,#19178,#19186,#19194));
#19168 = ORIENTED_EDGE('',*,*,#19169,.F.);
#19169 = EDGE_CURVE('',#19170,#19172,#19174,.T.);
#19170 = VERTEX_POINT('',#19171);
#19171 = CARTESIAN_POINT('',(26.55,-26.35,1.6));
#19172 = VERTEX_POINT('',#19173);
#19173 = CARTESIAN_POINT('',(26.55,-26.35,2.5));
#19174 = LINE('',#19175,#19176);
#19175 = CARTESIAN_POINT('',(26.55,-26.35,1.6));
#19176 = VECTOR('',#19177,1.);
#19177 = DIRECTION('',(0.,0.,1.));
#19178 = ORIENTED_EDGE('',*,*,#19179,.T.);
#19179 = EDGE_CURVE('',#19170,#19180,#19182,.T.);
#19180 = VERTEX_POINT('',#19181);
#19181 = CARTESIAN_POINT('',(26.55,-24.65,1.6));
#19182 = LINE('',#19183,#19184);
#19183 = CARTESIAN_POINT('',(26.55,-26.35,1.6));
#19184 = VECTOR('',#19185,1.);
#19185 = DIRECTION('',(0.,1.,0.));
#19186 = ORIENTED_EDGE('',*,*,#19187,.T.);
#19187 = EDGE_CURVE('',#19180,#19188,#19190,.T.);
#19188 = VERTEX_POINT('',#19189);
#19189 = CARTESIAN_POINT('',(26.55,-24.65,2.5));
#19190 = LINE('',#19191,#19192);
#19191 = CARTESIAN_POINT('',(26.55,-24.65,1.6));
#19192 = VECTOR('',#19193,1.);
#19193 = DIRECTION('',(0.,0.,1.));
#19194 = ORIENTED_EDGE('',*,*,#19195,.F.);
#19195 = EDGE_CURVE('',#19172,#19188,#19196,.T.);
#19196 = LINE('',#19197,#19198);
#19197 = CARTESIAN_POINT('',(26.55,-26.35,2.5));
#19198 = VECTOR('',#19199,1.);
#19199 = DIRECTION('',(0.,1.,0.));
#19200 = PLANE('',#19201);
#19201 = AXIS2_PLACEMENT_3D('',#19202,#19203,#19204);
#19202 = CARTESIAN_POINT('',(26.55,-26.35,1.6));
#19203 = DIRECTION('',(1.,0.,0.));
#19204 = DIRECTION('',(0.,0.,1.));
#19205 = ADVANCED_FACE('',(#19206),#19240,.T.);
#19206 = FACE_BOUND('',#19207,.T.);
#19207 = EDGE_LOOP('',(#19208,#19218,#19226,#19234));
#19208 = ORIENTED_EDGE('',*,*,#19209,.F.);
#19209 = EDGE_CURVE('',#19210,#19212,#19214,.T.);
#19210 = VERTEX_POINT('',#19211);
#19211 = CARTESIAN_POINT('',(27.45,-26.35,1.6));
#19212 = VERTEX_POINT('',#19213);
#19213 = CARTESIAN_POINT('',(27.45,-26.35,2.5));
#19214 = LINE('',#19215,#19216);
#19215 = CARTESIAN_POINT('',(27.45,-26.35,1.6));
#19216 = VECTOR('',#19217,1.);
#19217 = DIRECTION('',(0.,0.,1.));
#19218 = ORIENTED_EDGE('',*,*,#19219,.T.);
#19219 = EDGE_CURVE('',#19210,#19220,#19222,.T.);
#19220 = VERTEX_POINT('',#19221);
#19221 = CARTESIAN_POINT('',(27.45,-24.65,1.6));
#19222 = LINE('',#19223,#19224);
#19223 = CARTESIAN_POINT('',(27.45,-26.35,1.6));
#19224 = VECTOR('',#19225,1.);
#19225 = DIRECTION('',(0.,1.,0.));
#19226 = ORIENTED_EDGE('',*,*,#19227,.T.);
#19227 = EDGE_CURVE('',#19220,#19228,#19230,.T.);
#19228 = VERTEX_POINT('',#19229);
#19229 = CARTESIAN_POINT('',(27.45,-24.65,2.5));
#19230 = LINE('',#19231,#19232);
#19231 = CARTESIAN_POINT('',(27.45,-24.65,1.6));
#19232 = VECTOR('',#19233,1.);
#19233 = DIRECTION('',(0.,0.,1.));
#19234 = ORIENTED_EDGE('',*,*,#19235,.F.);
#19235 = EDGE_CURVE('',#19212,#19228,#19236,.T.);
#19236 = LINE('',#19237,#19238);
#19237 = CARTESIAN_POINT('',(27.45,-26.35,2.5));
#19238 = VECTOR('',#19239,1.);
#19239 = DIRECTION('',(0.,1.,0.));
#19240 = PLANE('',#19241);
#19241 = AXIS2_PLACEMENT_3D('',#19242,#19243,#19244);
#19242 = CARTESIAN_POINT('',(27.45,-26.35,1.6));
#19243 = DIRECTION('',(1.,0.,0.));
#19244 = DIRECTION('',(0.,0.,1.));
#19245 = ADVANCED_FACE('',(#19246),#19262,.F.);
#19246 = FACE_BOUND('',#19247,.F.);
#19247 = EDGE_LOOP('',(#19248,#19254,#19255,#19261));
#19248 = ORIENTED_EDGE('',*,*,#19249,.F.);
#19249 = EDGE_CURVE('',#19170,#19210,#19250,.T.);
#19250 = LINE('',#19251,#19252);
#19251 = CARTESIAN_POINT('',(26.55,-26.35,1.6));
#19252 = VECTOR('',#19253,1.);
#19253 = DIRECTION('',(1.,0.,0.));
#19254 = ORIENTED_EDGE('',*,*,#19169,.T.);
#19255 = ORIENTED_EDGE('',*,*,#19256,.T.);
#19256 = EDGE_CURVE('',#19172,#19212,#19257,.T.);
#19257 = LINE('',#19258,#19259);
#19258 = CARTESIAN_POINT('',(26.55,-26.35,2.5));
#19259 = VECTOR('',#19260,1.);
#19260 = DIRECTION('',(1.,0.,0.));
#19261 = ORIENTED_EDGE('',*,*,#19209,.F.);
#19262 = PLANE('',#19263);
#19263 = AXIS2_PLACEMENT_3D('',#19264,#19265,#19266);
#19264 = CARTESIAN_POINT('',(26.55,-26.35,1.6));
#19265 = DIRECTION('',(0.,1.,0.));
#19266 = DIRECTION('',(0.,0.,1.));
#19267 = ADVANCED_FACE('',(#19268),#19284,.T.);
#19268 = FACE_BOUND('',#19269,.T.);
#19269 = EDGE_LOOP('',(#19270,#19276,#19277,#19283));
#19270 = ORIENTED_EDGE('',*,*,#19271,.F.);
#19271 = EDGE_CURVE('',#19180,#19220,#19272,.T.);
#19272 = LINE('',#19273,#19274);
#19273 = CARTESIAN_POINT('',(26.55,-24.65,1.6));
#19274 = VECTOR('',#19275,1.);
#19275 = DIRECTION('',(1.,0.,0.));
#19276 = ORIENTED_EDGE('',*,*,#19187,.T.);
#19277 = ORIENTED_EDGE('',*,*,#19278,.T.);
#19278 = EDGE_CURVE('',#19188,#19228,#19279,.T.);
#19279 = LINE('',#19280,#19281);
#19280 = CARTESIAN_POINT('',(26.55,-24.65,2.5));
#19281 = VECTOR('',#19282,1.);
#19282 = DIRECTION('',(1.,0.,0.));
#19283 = ORIENTED_EDGE('',*,*,#19227,.F.);
#19284 = PLANE('',#19285);
#19285 = AXIS2_PLACEMENT_3D('',#19286,#19287,#19288);
#19286 = CARTESIAN_POINT('',(26.55,-24.65,1.6));
#19287 = DIRECTION('',(0.,1.,0.));
#19288 = DIRECTION('',(0.,0.,1.));
#19289 = ADVANCED_FACE('',(#19290),#19296,.F.);
#19290 = FACE_BOUND('',#19291,.F.);
#19291 = EDGE_LOOP('',(#19292,#19293,#19294,#19295));
#19292 = ORIENTED_EDGE('',*,*,#19179,.F.);
#19293 = ORIENTED_EDGE('',*,*,#19249,.T.);
#19294 = ORIENTED_EDGE('',*,*,#19219,.T.);
#19295 = ORIENTED_EDGE('',*,*,#19271,.F.);
#19296 = PLANE('',#19297);
#19297 = AXIS2_PLACEMENT_3D('',#19298,#19299,#19300);
#19298 = CARTESIAN_POINT('',(26.55,-26.35,1.6));
#19299 = DIRECTION('',(0.,0.,1.));
#19300 = DIRECTION('',(1.,0.,0.));
#19301 = ADVANCED_FACE('',(#19302),#19308,.T.);
#19302 = FACE_BOUND('',#19303,.T.);
#19303 = EDGE_LOOP('',(#19304,#19305,#19306,#19307));
#19304 = ORIENTED_EDGE('',*,*,#19195,.F.);
#19305 = ORIENTED_EDGE('',*,*,#19256,.T.);
#19306 = ORIENTED_EDGE('',*,*,#19235,.T.);
#19307 = ORIENTED_EDGE('',*,*,#19278,.F.);
#19308 = PLANE('',#19309);
#19309 = AXIS2_PLACEMENT_3D('',#19310,#19311,#19312);
#19310 = CARTESIAN_POINT('',(26.55,-26.35,2.5));
#19311 = DIRECTION('',(0.,0.,1.));
#19312 = DIRECTION('',(1.,0.,0.));
#19313 = MANIFOLD_SOLID_BREP('',#19314);
#19314 = CLOSED_SHELL('',(#19315,#19355,#19395,#19417,#19439,#19451));
#19315 = ADVANCED_FACE('',(#19316),#19350,.F.);
#19316 = FACE_BOUND('',#19317,.F.);
#19317 = EDGE_LOOP('',(#19318,#19328,#19336,#19344));
#19318 = ORIENTED_EDGE('',*,*,#19319,.F.);
#19319 = EDGE_CURVE('',#19320,#19322,#19324,.T.);
#19320 = VERTEX_POINT('',#19321);
#19321 = CARTESIAN_POINT('',(-16.175,-26.75,1.6));
#19322 = VERTEX_POINT('',#19323);
#19323 = CARTESIAN_POINT('',(-16.175,-26.75,2.85));
#19324 = LINE('',#19325,#19326);
#19325 = CARTESIAN_POINT('',(-16.175,-26.75,1.6));
#19326 = VECTOR('',#19327,1.);
#19327 = DIRECTION('',(0.,0.,1.));
#19328 = ORIENTED_EDGE('',*,*,#19329,.T.);
#19329 = EDGE_CURVE('',#19320,#19330,#19332,.T.);
#19330 = VERTEX_POINT('',#19331);
#19331 = CARTESIAN_POINT('',(-16.175,-24.65,1.6));
#19332 = LINE('',#19333,#19334);
#19333 = CARTESIAN_POINT('',(-16.175,-26.75,1.6));
#19334 = VECTOR('',#19335,1.);
#19335 = DIRECTION('',(0.,1.,0.));
#19336 = ORIENTED_EDGE('',*,*,#19337,.T.);
#19337 = EDGE_CURVE('',#19330,#19338,#19340,.T.);
#19338 = VERTEX_POINT('',#19339);
#19339 = CARTESIAN_POINT('',(-16.175,-24.65,2.85));
#19340 = LINE('',#19341,#19342);
#19341 = CARTESIAN_POINT('',(-16.175,-24.65,1.6));
#19342 = VECTOR('',#19343,1.);
#19343 = DIRECTION('',(0.,0.,1.));
#19344 = ORIENTED_EDGE('',*,*,#19345,.F.);
#19345 = EDGE_CURVE('',#19322,#19338,#19346,.T.);
#19346 = LINE('',#19347,#19348);
#19347 = CARTESIAN_POINT('',(-16.175,-26.75,2.85));
#19348 = VECTOR('',#19349,1.);
#19349 = DIRECTION('',(0.,1.,0.));
#19350 = PLANE('',#19351);
#19351 = AXIS2_PLACEMENT_3D('',#19352,#19353,#19354);
#19352 = CARTESIAN_POINT('',(-16.175,-26.75,1.6));
#19353 = DIRECTION('',(1.,0.,0.));
#19354 = DIRECTION('',(0.,0.,1.));
#19355 = ADVANCED_FACE('',(#19356),#19390,.T.);
#19356 = FACE_BOUND('',#19357,.T.);
#19357 = EDGE_LOOP('',(#19358,#19368,#19376,#19384));
#19358 = ORIENTED_EDGE('',*,*,#19359,.F.);
#19359 = EDGE_CURVE('',#19360,#19362,#19364,.T.);
#19360 = VERTEX_POINT('',#19361);
#19361 = CARTESIAN_POINT('',(-14.825,-26.75,1.6));
#19362 = VERTEX_POINT('',#19363);
#19363 = CARTESIAN_POINT('',(-14.825,-26.75,2.85));
#19364 = LINE('',#19365,#19366);
#19365 = CARTESIAN_POINT('',(-14.825,-26.75,1.6));
#19366 = VECTOR('',#19367,1.);
#19367 = DIRECTION('',(0.,0.,1.));
#19368 = ORIENTED_EDGE('',*,*,#19369,.T.);
#19369 = EDGE_CURVE('',#19360,#19370,#19372,.T.);
#19370 = VERTEX_POINT('',#19371);
#19371 = CARTESIAN_POINT('',(-14.825,-24.65,1.6));
#19372 = LINE('',#19373,#19374);
#19373 = CARTESIAN_POINT('',(-14.825,-26.75,1.6));
#19374 = VECTOR('',#19375,1.);
#19375 = DIRECTION('',(0.,1.,0.));
#19376 = ORIENTED_EDGE('',*,*,#19377,.T.);
#19377 = EDGE_CURVE('',#19370,#19378,#19380,.T.);
#19378 = VERTEX_POINT('',#19379);
#19379 = CARTESIAN_POINT('',(-14.825,-24.65,2.85));
#19380 = LINE('',#19381,#19382);
#19381 = CARTESIAN_POINT('',(-14.825,-24.65,1.6));
#19382 = VECTOR('',#19383,1.);
#19383 = DIRECTION('',(0.,0.,1.));
#19384 = ORIENTED_EDGE('',*,*,#19385,.F.);
#19385 = EDGE_CURVE('',#19362,#19378,#19386,.T.);
#19386 = LINE('',#19387,#19388);
#19387 = CARTESIAN_POINT('',(-14.825,-26.75,2.85));
#19388 = VECTOR('',#19389,1.);
#19389 = DIRECTION('',(0.,1.,0.));
#19390 = PLANE('',#19391);
#19391 = AXIS2_PLACEMENT_3D('',#19392,#19393,#19394);
#19392 = CARTESIAN_POINT('',(-14.825,-26.75,1.6));
#19393 = DIRECTION('',(1.,0.,0.));
#19394 = DIRECTION('',(0.,0.,1.));
#19395 = ADVANCED_FACE('',(#19396),#19412,.F.);
#19396 = FACE_BOUND('',#19397,.F.);
#19397 = EDGE_LOOP('',(#19398,#19404,#19405,#19411));
#19398 = ORIENTED_EDGE('',*,*,#19399,.F.);
#19399 = EDGE_CURVE('',#19320,#19360,#19400,.T.);
#19400 = LINE('',#19401,#19402);
#19401 = CARTESIAN_POINT('',(-16.175,-26.75,1.6));
#19402 = VECTOR('',#19403,1.);
#19403 = DIRECTION('',(1.,0.,0.));
#19404 = ORIENTED_EDGE('',*,*,#19319,.T.);
#19405 = ORIENTED_EDGE('',*,*,#19406,.T.);
#19406 = EDGE_CURVE('',#19322,#19362,#19407,.T.);
#19407 = LINE('',#19408,#19409);
#19408 = CARTESIAN_POINT('',(-16.175,-26.75,2.85));
#19409 = VECTOR('',#19410,1.);
#19410 = DIRECTION('',(1.,0.,0.));
#19411 = ORIENTED_EDGE('',*,*,#19359,.F.);
#19412 = PLANE('',#19413);
#19413 = AXIS2_PLACEMENT_3D('',#19414,#19415,#19416);
#19414 = CARTESIAN_POINT('',(-16.175,-26.75,1.6));
#19415 = DIRECTION('',(0.,1.,0.));
#19416 = DIRECTION('',(0.,0.,1.));
#19417 = ADVANCED_FACE('',(#19418),#19434,.T.);
#19418 = FACE_BOUND('',#19419,.T.);
#19419 = EDGE_LOOP('',(#19420,#19426,#19427,#19433));
#19420 = ORIENTED_EDGE('',*,*,#19421,.F.);
#19421 = EDGE_CURVE('',#19330,#19370,#19422,.T.);
#19422 = LINE('',#19423,#19424);
#19423 = CARTESIAN_POINT('',(-16.175,-24.65,1.6));
#19424 = VECTOR('',#19425,1.);
#19425 = DIRECTION('',(1.,0.,0.));
#19426 = ORIENTED_EDGE('',*,*,#19337,.T.);
#19427 = ORIENTED_EDGE('',*,*,#19428,.T.);
#19428 = EDGE_CURVE('',#19338,#19378,#19429,.T.);
#19429 = LINE('',#19430,#19431);
#19430 = CARTESIAN_POINT('',(-16.175,-24.65,2.85));
#19431 = VECTOR('',#19432,1.);
#19432 = DIRECTION('',(1.,0.,0.));
#19433 = ORIENTED_EDGE('',*,*,#19377,.F.);
#19434 = PLANE('',#19435);
#19435 = AXIS2_PLACEMENT_3D('',#19436,#19437,#19438);
#19436 = CARTESIAN_POINT('',(-16.175,-24.65,1.6));
#19437 = DIRECTION('',(0.,1.,0.));
#19438 = DIRECTION('',(0.,0.,1.));
#19439 = ADVANCED_FACE('',(#19440),#19446,.F.);
#19440 = FACE_BOUND('',#19441,.F.);
#19441 = EDGE_LOOP('',(#19442,#19443,#19444,#19445));
#19442 = ORIENTED_EDGE('',*,*,#19329,.F.);
#19443 = ORIENTED_EDGE('',*,*,#19399,.T.);
#19444 = ORIENTED_EDGE('',*,*,#19369,.T.);
#19445 = ORIENTED_EDGE('',*,*,#19421,.F.);
#19446 = PLANE('',#19447);
#19447 = AXIS2_PLACEMENT_3D('',#19448,#19449,#19450);
#19448 = CARTESIAN_POINT('',(-16.175,-26.75,1.6));
#19449 = DIRECTION('',(0.,0.,1.));
#19450 = DIRECTION('',(1.,0.,0.));
#19451 = ADVANCED_FACE('',(#19452),#19458,.T.);
#19452 = FACE_BOUND('',#19453,.T.);
#19453 = EDGE_LOOP('',(#19454,#19455,#19456,#19457));
#19454 = ORIENTED_EDGE('',*,*,#19345,.F.);
#19455 = ORIENTED_EDGE('',*,*,#19406,.T.);
#19456 = ORIENTED_EDGE('',*,*,#19385,.T.);
#19457 = ORIENTED_EDGE('',*,*,#19428,.F.);
#19458 = PLANE('',#19459);
#19459 = AXIS2_PLACEMENT_3D('',#19460,#19461,#19462);
#19460 = CARTESIAN_POINT('',(-16.175,-26.75,2.85));
#19461 = DIRECTION('',(0.,0.,1.));
#19462 = DIRECTION('',(1.,0.,0.));
#19463 = MANIFOLD_SOLID_BREP('',#19464);
#19464 = CLOSED_SHELL('',(#19465,#19505,#19545,#19567,#19589,#19601));
#19465 = ADVANCED_FACE('',(#19466),#19500,.F.);
#19466 = FACE_BOUND('',#19467,.F.);
#19467 = EDGE_LOOP('',(#19468,#19478,#19486,#19494));
#19468 = ORIENTED_EDGE('',*,*,#19469,.F.);
#19469 = EDGE_CURVE('',#19470,#19472,#19474,.T.);
#19470 = VERTEX_POINT('',#19471);
#19471 = CARTESIAN_POINT('',(-18.675,-26.75,1.6));
#19472 = VERTEX_POINT('',#19473);
#19473 = CARTESIAN_POINT('',(-18.675,-26.75,2.85));
#19474 = LINE('',#19475,#19476);
#19475 = CARTESIAN_POINT('',(-18.675,-26.75,1.6));
#19476 = VECTOR('',#19477,1.);
#19477 = DIRECTION('',(0.,0.,1.));
#19478 = ORIENTED_EDGE('',*,*,#19479,.T.);
#19479 = EDGE_CURVE('',#19470,#19480,#19482,.T.);
#19480 = VERTEX_POINT('',#19481);
#19481 = CARTESIAN_POINT('',(-18.675,-24.65,1.6));
#19482 = LINE('',#19483,#19484);
#19483 = CARTESIAN_POINT('',(-18.675,-26.75,1.6));
#19484 = VECTOR('',#19485,1.);
#19485 = DIRECTION('',(0.,1.,0.));
#19486 = ORIENTED_EDGE('',*,*,#19487,.T.);
#19487 = EDGE_CURVE('',#19480,#19488,#19490,.T.);
#19488 = VERTEX_POINT('',#19489);
#19489 = CARTESIAN_POINT('',(-18.675,-24.65,2.85));
#19490 = LINE('',#19491,#19492);
#19491 = CARTESIAN_POINT('',(-18.675,-24.65,1.6));
#19492 = VECTOR('',#19493,1.);
#19493 = DIRECTION('',(0.,0.,1.));
#19494 = ORIENTED_EDGE('',*,*,#19495,.F.);
#19495 = EDGE_CURVE('',#19472,#19488,#19496,.T.);
#19496 = LINE('',#19497,#19498);
#19497 = CARTESIAN_POINT('',(-18.675,-26.75,2.85));
#19498 = VECTOR('',#19499,1.);
#19499 = DIRECTION('',(0.,1.,0.));
#19500 = PLANE('',#19501);
#19501 = AXIS2_PLACEMENT_3D('',#19502,#19503,#19504);
#19502 = CARTESIAN_POINT('',(-18.675,-26.75,1.6));
#19503 = DIRECTION('',(1.,0.,0.));
#19504 = DIRECTION('',(0.,0.,1.));
#19505 = ADVANCED_FACE('',(#19506),#19540,.T.);
#19506 = FACE_BOUND('',#19507,.T.);
#19507 = EDGE_LOOP('',(#19508,#19518,#19526,#19534));
#19508 = ORIENTED_EDGE('',*,*,#19509,.F.);
#19509 = EDGE_CURVE('',#19510,#19512,#19514,.T.);
#19510 = VERTEX_POINT('',#19511);
#19511 = CARTESIAN_POINT('',(-17.325,-26.75,1.6));
#19512 = VERTEX_POINT('',#19513);
#19513 = CARTESIAN_POINT('',(-17.325,-26.75,2.85));
#19514 = LINE('',#19515,#19516);
#19515 = CARTESIAN_POINT('',(-17.325,-26.75,1.6));
#19516 = VECTOR('',#19517,1.);
#19517 = DIRECTION('',(0.,0.,1.));
#19518 = ORIENTED_EDGE('',*,*,#19519,.T.);
#19519 = EDGE_CURVE('',#19510,#19520,#19522,.T.);
#19520 = VERTEX_POINT('',#19521);
#19521 = CARTESIAN_POINT('',(-17.325,-24.65,1.6));
#19522 = LINE('',#19523,#19524);
#19523 = CARTESIAN_POINT('',(-17.325,-26.75,1.6));
#19524 = VECTOR('',#19525,1.);
#19525 = DIRECTION('',(0.,1.,0.));
#19526 = ORIENTED_EDGE('',*,*,#19527,.T.);
#19527 = EDGE_CURVE('',#19520,#19528,#19530,.T.);
#19528 = VERTEX_POINT('',#19529);
#19529 = CARTESIAN_POINT('',(-17.325,-24.65,2.85));
#19530 = LINE('',#19531,#19532);
#19531 = CARTESIAN_POINT('',(-17.325,-24.65,1.6));
#19532 = VECTOR('',#19533,1.);
#19533 = DIRECTION('',(0.,0.,1.));
#19534 = ORIENTED_EDGE('',*,*,#19535,.F.);
#19535 = EDGE_CURVE('',#19512,#19528,#19536,.T.);
#19536 = LINE('',#19537,#19538);
#19537 = CARTESIAN_POINT('',(-17.325,-26.75,2.85));
#19538 = VECTOR('',#19539,1.);
#19539 = DIRECTION('',(0.,1.,0.));
#19540 = PLANE('',#19541);
#19541 = AXIS2_PLACEMENT_3D('',#19542,#19543,#19544);
#19542 = CARTESIAN_POINT('',(-17.325,-26.75,1.6));
#19543 = DIRECTION('',(1.,0.,0.));
#19544 = DIRECTION('',(0.,0.,1.));
#19545 = ADVANCED_FACE('',(#19546),#19562,.F.);
#19546 = FACE_BOUND('',#19547,.F.);
#19547 = EDGE_LOOP('',(#19548,#19554,#19555,#19561));
#19548 = ORIENTED_EDGE('',*,*,#19549,.F.);
#19549 = EDGE_CURVE('',#19470,#19510,#19550,.T.);
#19550 = LINE('',#19551,#19552);
#19551 = CARTESIAN_POINT('',(-18.675,-26.75,1.6));
#19552 = VECTOR('',#19553,1.);
#19553 = DIRECTION('',(1.,0.,0.));
#19554 = ORIENTED_EDGE('',*,*,#19469,.T.);
#19555 = ORIENTED_EDGE('',*,*,#19556,.T.);
#19556 = EDGE_CURVE('',#19472,#19512,#19557,.T.);
#19557 = LINE('',#19558,#19559);
#19558 = CARTESIAN_POINT('',(-18.675,-26.75,2.85));
#19559 = VECTOR('',#19560,1.);
#19560 = DIRECTION('',(1.,0.,0.));
#19561 = ORIENTED_EDGE('',*,*,#19509,.F.);
#19562 = PLANE('',#19563);
#19563 = AXIS2_PLACEMENT_3D('',#19564,#19565,#19566);
#19564 = CARTESIAN_POINT('',(-18.675,-26.75,1.6));
#19565 = DIRECTION('',(0.,1.,0.));
#19566 = DIRECTION('',(0.,0.,1.));
#19567 = ADVANCED_FACE('',(#19568),#19584,.T.);
#19568 = FACE_BOUND('',#19569,.T.);
#19569 = EDGE_LOOP('',(#19570,#19576,#19577,#19583));
#19570 = ORIENTED_EDGE('',*,*,#19571,.F.);
#19571 = EDGE_CURVE('',#19480,#19520,#19572,.T.);
#19572 = LINE('',#19573,#19574);
#19573 = CARTESIAN_POINT('',(-18.675,-24.65,1.6));
#19574 = VECTOR('',#19575,1.);
#19575 = DIRECTION('',(1.,0.,0.));
#19576 = ORIENTED_EDGE('',*,*,#19487,.T.);
#19577 = ORIENTED_EDGE('',*,*,#19578,.T.);
#19578 = EDGE_CURVE('',#19488,#19528,#19579,.T.);
#19579 = LINE('',#19580,#19581);
#19580 = CARTESIAN_POINT('',(-18.675,-24.65,2.85));
#19581 = VECTOR('',#19582,1.);
#19582 = DIRECTION('',(1.,0.,0.));
#19583 = ORIENTED_EDGE('',*,*,#19527,.F.);
#19584 = PLANE('',#19585);
#19585 = AXIS2_PLACEMENT_3D('',#19586,#19587,#19588);
#19586 = CARTESIAN_POINT('',(-18.675,-24.65,1.6));
#19587 = DIRECTION('',(0.,1.,0.));
#19588 = DIRECTION('',(0.,0.,1.));
#19589 = ADVANCED_FACE('',(#19590),#19596,.F.);
#19590 = FACE_BOUND('',#19591,.F.);
#19591 = EDGE_LOOP('',(#19592,#19593,#19594,#19595));
#19592 = ORIENTED_EDGE('',*,*,#19479,.F.);
#19593 = ORIENTED_EDGE('',*,*,#19549,.T.);
#19594 = ORIENTED_EDGE('',*,*,#19519,.T.);
#19595 = ORIENTED_EDGE('',*,*,#19571,.F.);
#19596 = PLANE('',#19597);
#19597 = AXIS2_PLACEMENT_3D('',#19598,#19599,#19600);
#19598 = CARTESIAN_POINT('',(-18.675,-26.75,1.6));
#19599 = DIRECTION('',(0.,0.,1.));
#19600 = DIRECTION('',(1.,0.,0.));
#19601 = ADVANCED_FACE('',(#19602),#19608,.T.);
#19602 = FACE_BOUND('',#19603,.T.);
#19603 = EDGE_LOOP('',(#19604,#19605,#19606,#19607));
#19604 = ORIENTED_EDGE('',*,*,#19495,.F.);
#19605 = ORIENTED_EDGE('',*,*,#19556,.T.);
#19606 = ORIENTED_EDGE('',*,*,#19535,.T.);
#19607 = ORIENTED_EDGE('',*,*,#19578,.F.);
#19608 = PLANE('',#19609);
#19609 = AXIS2_PLACEMENT_3D('',#19610,#19611,#19612);
#19610 = CARTESIAN_POINT('',(-18.675,-26.75,2.85));
#19611 = DIRECTION('',(0.,0.,1.));
#19612 = DIRECTION('',(1.,0.,0.));
#19613 = MANIFOLD_SOLID_BREP('',#19614);
#19614 = CLOSED_SHELL('',(#19615,#19655,#19695,#19717,#19739,#19751));
#19615 = ADVANCED_FACE('',(#19616),#19650,.F.);
#19616 = FACE_BOUND('',#19617,.F.);
#19617 = EDGE_LOOP('',(#19618,#19628,#19636,#19644));
#19618 = ORIENTED_EDGE('',*,*,#19619,.F.);
#19619 = EDGE_CURVE('',#19620,#19622,#19624,.T.);
#19620 = VERTEX_POINT('',#19621);
#19621 = CARTESIAN_POINT('',(-36.85,-13.15,1.6));
#19622 = VERTEX_POINT('',#19623);
#19623 = CARTESIAN_POINT('',(-36.85,-13.15,2.25));
#19624 = LINE('',#19625,#19626);
#19625 = CARTESIAN_POINT('',(-36.85,-13.15,1.6));
#19626 = VECTOR('',#19627,1.);
#19627 = DIRECTION('',(0.,0.,1.));
#19628 = ORIENTED_EDGE('',*,*,#19629,.T.);
#19629 = EDGE_CURVE('',#19620,#19630,#19632,.T.);
#19630 = VERTEX_POINT('',#19631);
#19631 = CARTESIAN_POINT('',(-36.85,-9.85,1.6));
#19632 = LINE('',#19633,#19634);
#19633 = CARTESIAN_POINT('',(-36.85,-13.15,1.6));
#19634 = VECTOR('',#19635,1.);
#19635 = DIRECTION('',(0.,1.,0.));
#19636 = ORIENTED_EDGE('',*,*,#19637,.T.);
#19637 = EDGE_CURVE('',#19630,#19638,#19640,.T.);
#19638 = VERTEX_POINT('',#19639);
#19639 = CARTESIAN_POINT('',(-36.85,-9.85,2.25));
#19640 = LINE('',#19641,#19642);
#19641 = CARTESIAN_POINT('',(-36.85,-9.85,1.6));
#19642 = VECTOR('',#19643,1.);
#19643 = DIRECTION('',(0.,0.,1.));
#19644 = ORIENTED_EDGE('',*,*,#19645,.F.);
#19645 = EDGE_CURVE('',#19622,#19638,#19646,.T.);
#19646 = LINE('',#19647,#19648);
#19647 = CARTESIAN_POINT('',(-36.85,-13.15,2.25));
#19648 = VECTOR('',#19649,1.);
#19649 = DIRECTION('',(0.,1.,0.));
#19650 = PLANE('',#19651);
#19651 = AXIS2_PLACEMENT_3D('',#19652,#19653,#19654);
#19652 = CARTESIAN_POINT('',(-36.85,-13.15,1.6));
#19653 = DIRECTION('',(1.,0.,0.));
#19654 = DIRECTION('',(0.,0.,1.));
#19655 = ADVANCED_FACE('',(#19656),#19690,.T.);
#19656 = FACE_BOUND('',#19657,.T.);
#19657 = EDGE_LOOP('',(#19658,#19668,#19676,#19684));
#19658 = ORIENTED_EDGE('',*,*,#19659,.F.);
#19659 = EDGE_CURVE('',#19660,#19662,#19664,.T.);
#19660 = VERTEX_POINT('',#19661);
#19661 = CARTESIAN_POINT('',(-35.15,-13.15,1.6));
#19662 = VERTEX_POINT('',#19663);
#19663 = CARTESIAN_POINT('',(-35.15,-13.15,2.25));
#19664 = LINE('',#19665,#19666);
#19665 = CARTESIAN_POINT('',(-35.15,-13.15,1.6));
#19666 = VECTOR('',#19667,1.);
#19667 = DIRECTION('',(0.,0.,1.));
#19668 = ORIENTED_EDGE('',*,*,#19669,.T.);
#19669 = EDGE_CURVE('',#19660,#19670,#19672,.T.);
#19670 = VERTEX_POINT('',#19671);
#19671 = CARTESIAN_POINT('',(-35.15,-9.85,1.6));
#19672 = LINE('',#19673,#19674);
#19673 = CARTESIAN_POINT('',(-35.15,-13.15,1.6));
#19674 = VECTOR('',#19675,1.);
#19675 = DIRECTION('',(0.,1.,0.));
#19676 = ORIENTED_EDGE('',*,*,#19677,.T.);
#19677 = EDGE_CURVE('',#19670,#19678,#19680,.T.);
#19678 = VERTEX_POINT('',#19679);
#19679 = CARTESIAN_POINT('',(-35.15,-9.85,2.25));
#19680 = LINE('',#19681,#19682);
#19681 = CARTESIAN_POINT('',(-35.15,-9.85,1.6));
#19682 = VECTOR('',#19683,1.);
#19683 = DIRECTION('',(0.,0.,1.));
#19684 = ORIENTED_EDGE('',*,*,#19685,.F.);
#19685 = EDGE_CURVE('',#19662,#19678,#19686,.T.);
#19686 = LINE('',#19687,#19688);
#19687 = CARTESIAN_POINT('',(-35.15,-13.15,2.25));
#19688 = VECTOR('',#19689,1.);
#19689 = DIRECTION('',(0.,1.,0.));
#19690 = PLANE('',#19691);
#19691 = AXIS2_PLACEMENT_3D('',#19692,#19693,#19694);
#19692 = CARTESIAN_POINT('',(-35.15,-13.15,1.6));
#19693 = DIRECTION('',(1.,0.,0.));
#19694 = DIRECTION('',(0.,0.,1.));
#19695 = ADVANCED_FACE('',(#19696),#19712,.F.);
#19696 = FACE_BOUND('',#19697,.F.);
#19697 = EDGE_LOOP('',(#19698,#19704,#19705,#19711));
#19698 = ORIENTED_EDGE('',*,*,#19699,.F.);
#19699 = EDGE_CURVE('',#19620,#19660,#19700,.T.);
#19700 = LINE('',#19701,#19702);
#19701 = CARTESIAN_POINT('',(-36.85,-13.15,1.6));
#19702 = VECTOR('',#19703,1.);
#19703 = DIRECTION('',(1.,0.,0.));
#19704 = ORIENTED_EDGE('',*,*,#19619,.T.);
#19705 = ORIENTED_EDGE('',*,*,#19706,.T.);
#19706 = EDGE_CURVE('',#19622,#19662,#19707,.T.);
#19707 = LINE('',#19708,#19709);
#19708 = CARTESIAN_POINT('',(-36.85,-13.15,2.25));
#19709 = VECTOR('',#19710,1.);
#19710 = DIRECTION('',(1.,0.,0.));
#19711 = ORIENTED_EDGE('',*,*,#19659,.F.);
#19712 = PLANE('',#19713);
#19713 = AXIS2_PLACEMENT_3D('',#19714,#19715,#19716);
#19714 = CARTESIAN_POINT('',(-36.85,-13.15,1.6));
#19715 = DIRECTION('',(0.,1.,0.));
#19716 = DIRECTION('',(0.,0.,1.));
#19717 = ADVANCED_FACE('',(#19718),#19734,.T.);
#19718 = FACE_BOUND('',#19719,.T.);
#19719 = EDGE_LOOP('',(#19720,#19726,#19727,#19733));
#19720 = ORIENTED_EDGE('',*,*,#19721,.F.);
#19721 = EDGE_CURVE('',#19630,#19670,#19722,.T.);
#19722 = LINE('',#19723,#19724);
#19723 = CARTESIAN_POINT('',(-36.85,-9.85,1.6));
#19724 = VECTOR('',#19725,1.);
#19725 = DIRECTION('',(1.,0.,0.));
#19726 = ORIENTED_EDGE('',*,*,#19637,.T.);
#19727 = ORIENTED_EDGE('',*,*,#19728,.T.);
#19728 = EDGE_CURVE('',#19638,#19678,#19729,.T.);
#19729 = LINE('',#19730,#19731);
#19730 = CARTESIAN_POINT('',(-36.85,-9.85,2.25));
#19731 = VECTOR('',#19732,1.);
#19732 = DIRECTION('',(1.,0.,0.));
#19733 = ORIENTED_EDGE('',*,*,#19677,.F.);
#19734 = PLANE('',#19735);
#19735 = AXIS2_PLACEMENT_3D('',#19736,#19737,#19738);
#19736 = CARTESIAN_POINT('',(-36.85,-9.85,1.6));
#19737 = DIRECTION('',(0.,1.,0.));
#19738 = DIRECTION('',(0.,0.,1.));
#19739 = ADVANCED_FACE('',(#19740),#19746,.F.);
#19740 = FACE_BOUND('',#19741,.F.);
#19741 = EDGE_LOOP('',(#19742,#19743,#19744,#19745));
#19742 = ORIENTED_EDGE('',*,*,#19629,.F.);
#19743 = ORIENTED_EDGE('',*,*,#19699,.T.);
#19744 = ORIENTED_EDGE('',*,*,#19669,.T.);
#19745 = ORIENTED_EDGE('',*,*,#19721,.F.);
#19746 = PLANE('',#19747);
#19747 = AXIS2_PLACEMENT_3D('',#19748,#19749,#19750);
#19748 = CARTESIAN_POINT('',(-36.85,-13.15,1.6));
#19749 = DIRECTION('',(0.,0.,1.));
#19750 = DIRECTION('',(1.,0.,0.));
#19751 = ADVANCED_FACE('',(#19752),#19758,.T.);
#19752 = FACE_BOUND('',#19753,.T.);
#19753 = EDGE_LOOP('',(#19754,#19755,#19756,#19757));
#19754 = ORIENTED_EDGE('',*,*,#19645,.F.);
#19755 = ORIENTED_EDGE('',*,*,#19706,.T.);
#19756 = ORIENTED_EDGE('',*,*,#19685,.T.);
#19757 = ORIENTED_EDGE('',*,*,#19728,.F.);
#19758 = PLANE('',#19759);
#19759 = AXIS2_PLACEMENT_3D('',#19760,#19761,#19762);
#19760 = CARTESIAN_POINT('',(-36.85,-13.15,2.25));
#19761 = DIRECTION('',(0.,0.,1.));
#19762 = DIRECTION('',(1.,0.,0.));
#19763 = MANIFOLD_SOLID_BREP('',#19764);
#19764 = CLOSED_SHELL('',(#19765,#19805,#19845,#19867,#19889,#19901));
#19765 = ADVANCED_FACE('',(#19766),#19800,.F.);
#19766 = FACE_BOUND('',#19767,.F.);
#19767 = EDGE_LOOP('',(#19768,#19778,#19786,#19794));
#19768 = ORIENTED_EDGE('',*,*,#19769,.F.);
#19769 = EDGE_CURVE('',#19770,#19772,#19774,.T.);
#19770 = VERTEX_POINT('',#19771);
#19771 = CARTESIAN_POINT('',(-16.9,-23.31,1.6));
#19772 = VERTEX_POINT('',#19773);
#19773 = CARTESIAN_POINT('',(-16.9,-23.31,23.1));
#19774 = LINE('',#19775,#19776);
#19775 = CARTESIAN_POINT('',(-16.9,-23.31,1.6));
#19776 = VECTOR('',#19777,1.);
#19777 = DIRECTION('',(0.,0.,1.));
#19778 = ORIENTED_EDGE('',*,*,#19779,.T.);
#19779 = EDGE_CURVE('',#19770,#19780,#19782,.T.);
#19780 = VERTEX_POINT('',#19781);
#19781 = CARTESIAN_POINT('',(-29.4,-23.31,1.6));
#19782 = LINE('',#19783,#19784);
#19783 = CARTESIAN_POINT('',(-16.9,-23.31,1.6));
#19784 = VECTOR('',#19785,1.);
#19785 = DIRECTION('',(-1.,2.22044604925E-16,0.));
#19786 = ORIENTED_EDGE('',*,*,#19787,.T.);
#19787 = EDGE_CURVE('',#19780,#19788,#19790,.T.);
#19788 = VERTEX_POINT('',#19789);
#19789 = CARTESIAN_POINT('',(-29.4,-23.31,23.1));
#19790 = LINE('',#19791,#19792);
#19791 = CARTESIAN_POINT('',(-29.4,-23.31,1.6));
#19792 = VECTOR('',#19793,1.);
#19793 = DIRECTION('',(0.,0.,1.));
#19794 = ORIENTED_EDGE('',*,*,#19795,.F.);
#19795 = EDGE_CURVE('',#19772,#19788,#19796,.T.);
#19796 = LINE('',#19797,#19798);
#19797 = CARTESIAN_POINT('',(-16.9,-23.31,23.1));
#19798 = VECTOR('',#19799,1.);
#19799 = DIRECTION('',(-1.,2.22044604925E-16,0.));
#19800 = PLANE('',#19801);
#19801 = AXIS2_PLACEMENT_3D('',#19802,#19803,#19804);
#19802 = CARTESIAN_POINT('',(-16.9,-23.31,1.6));
#19803 = DIRECTION('',(2.22044604925E-16,1.,0.));
#19804 = DIRECTION('',(0.,0.,1.));
#19805 = ADVANCED_FACE('',(#19806),#19840,.T.);
#19806 = FACE_BOUND('',#19807,.T.);
#19807 = EDGE_LOOP('',(#19808,#19818,#19826,#19834));
#19808 = ORIENTED_EDGE('',*,*,#19809,.F.);
#19809 = EDGE_CURVE('',#19810,#19812,#19814,.T.);
#19810 = VERTEX_POINT('',#19811);
#19811 = CARTESIAN_POINT('',(-16.9,-8.07,1.6));
#19812 = VERTEX_POINT('',#19813);
#19813 = CARTESIAN_POINT('',(-16.9,-8.07,23.1));
#19814 = LINE('',#19815,#19816);
#19815 = CARTESIAN_POINT('',(-16.9,-8.07,1.6));
#19816 = VECTOR('',#19817,1.);
#19817 = DIRECTION('',(0.,0.,1.));
#19818 = ORIENTED_EDGE('',*,*,#19819,.T.);
#19819 = EDGE_CURVE('',#19810,#19820,#19822,.T.);
#19820 = VERTEX_POINT('',#19821);
#19821 = CARTESIAN_POINT('',(-29.4,-8.07,1.6));
#19822 = LINE('',#19823,#19824);
#19823 = CARTESIAN_POINT('',(-16.9,-8.07,1.6));
#19824 = VECTOR('',#19825,1.);
#19825 = DIRECTION('',(-1.,2.22044604925E-16,0.));
#19826 = ORIENTED_EDGE('',*,*,#19827,.T.);
#19827 = EDGE_CURVE('',#19820,#19828,#19830,.T.);
#19828 = VERTEX_POINT('',#19829);
#19829 = CARTESIAN_POINT('',(-29.4,-8.07,23.1));
#19830 = LINE('',#19831,#19832);
#19831 = CARTESIAN_POINT('',(-29.4,-8.07,1.6));
#19832 = VECTOR('',#19833,1.);
#19833 = DIRECTION('',(0.,0.,1.));
#19834 = ORIENTED_EDGE('',*,*,#19835,.F.);
#19835 = EDGE_CURVE('',#19812,#19828,#19836,.T.);
#19836 = LINE('',#19837,#19838);
#19837 = CARTESIAN_POINT('',(-16.9,-8.07,23.1));
#19838 = VECTOR('',#19839,1.);
#19839 = DIRECTION('',(-1.,2.22044604925E-16,0.));
#19840 = PLANE('',#19841);
#19841 = AXIS2_PLACEMENT_3D('',#19842,#19843,#19844);
#19842 = CARTESIAN_POINT('',(-16.9,-8.07,1.6));
#19843 = DIRECTION('',(2.22044604925E-16,1.,0.));
#19844 = DIRECTION('',(0.,0.,1.));
#19845 = ADVANCED_FACE('',(#19846),#19862,.F.);
#19846 = FACE_BOUND('',#19847,.F.);
#19847 = EDGE_LOOP('',(#19848,#19854,#19855,#19861));
#19848 = ORIENTED_EDGE('',*,*,#19849,.F.);
#19849 = EDGE_CURVE('',#19770,#19810,#19850,.T.);
#19850 = LINE('',#19851,#19852);
#19851 = CARTESIAN_POINT('',(-16.9,-23.31,1.6));
#19852 = VECTOR('',#19853,1.);
#19853 = DIRECTION('',(2.22044604925E-16,1.,0.));
#19854 = ORIENTED_EDGE('',*,*,#19769,.T.);
#19855 = ORIENTED_EDGE('',*,*,#19856,.T.);
#19856 = EDGE_CURVE('',#19772,#19812,#19857,.T.);
#19857 = LINE('',#19858,#19859);
#19858 = CARTESIAN_POINT('',(-16.9,-23.31,23.1));
#19859 = VECTOR('',#19860,1.);
#19860 = DIRECTION('',(2.22044604925E-16,1.,0.));
#19861 = ORIENTED_EDGE('',*,*,#19809,.F.);
#19862 = PLANE('',#19863);
#19863 = AXIS2_PLACEMENT_3D('',#19864,#19865,#19866);
#19864 = CARTESIAN_POINT('',(-16.9,-23.31,1.6));
#19865 = DIRECTION('',(-1.,2.22044604925E-16,0.));
#19866 = DIRECTION('',(0.,0.,1.));
#19867 = ADVANCED_FACE('',(#19868),#19884,.T.);
#19868 = FACE_BOUND('',#19869,.T.);
#19869 = EDGE_LOOP('',(#19870,#19876,#19877,#19883));
#19870 = ORIENTED_EDGE('',*,*,#19871,.F.);
#19871 = EDGE_CURVE('',#19780,#19820,#19872,.T.);
#19872 = LINE('',#19873,#19874);
#19873 = CARTESIAN_POINT('',(-29.4,-23.31,1.6));
#19874 = VECTOR('',#19875,1.);
#19875 = DIRECTION('',(2.22044604925E-16,1.,0.));
#19876 = ORIENTED_EDGE('',*,*,#19787,.T.);
#19877 = ORIENTED_EDGE('',*,*,#19878,.T.);
#19878 = EDGE_CURVE('',#19788,#19828,#19879,.T.);
#19879 = LINE('',#19880,#19881);
#19880 = CARTESIAN_POINT('',(-29.4,-23.31,23.1));
#19881 = VECTOR('',#19882,1.);
#19882 = DIRECTION('',(2.22044604925E-16,1.,0.));
#19883 = ORIENTED_EDGE('',*,*,#19827,.F.);
#19884 = PLANE('',#19885);
#19885 = AXIS2_PLACEMENT_3D('',#19886,#19887,#19888);
#19886 = CARTESIAN_POINT('',(-29.4,-23.31,1.6));
#19887 = DIRECTION('',(-1.,2.22044604925E-16,0.));
#19888 = DIRECTION('',(0.,0.,1.));
#19889 = ADVANCED_FACE('',(#19890),#19896,.F.);
#19890 = FACE_BOUND('',#19891,.F.);
#19891 = EDGE_LOOP('',(#19892,#19893,#19894,#19895));
#19892 = ORIENTED_EDGE('',*,*,#19779,.F.);
#19893 = ORIENTED_EDGE('',*,*,#19849,.T.);
#19894 = ORIENTED_EDGE('',*,*,#19819,.T.);
#19895 = ORIENTED_EDGE('',*,*,#19871,.F.);
#19896 = PLANE('',#19897);
#19897 = AXIS2_PLACEMENT_3D('',#19898,#19899,#19900);
#19898 = CARTESIAN_POINT('',(-16.9,-23.31,1.6));
#19899 = DIRECTION('',(0.,0.,1.));
#19900 = DIRECTION('',(2.22044604925E-16,1.,0.));
#19901 = ADVANCED_FACE('',(#19902),#19908,.T.);
#19902 = FACE_BOUND('',#19903,.T.);
#19903 = EDGE_LOOP('',(#19904,#19905,#19906,#19907));
#19904 = ORIENTED_EDGE('',*,*,#19795,.F.);
#19905 = ORIENTED_EDGE('',*,*,#19856,.T.);
#19906 = ORIENTED_EDGE('',*,*,#19835,.T.);
#19907 = ORIENTED_EDGE('',*,*,#19878,.F.);
#19908 = PLANE('',#19909);
#19909 = AXIS2_PLACEMENT_3D('',#19910,#19911,#19912);
#19910 = CARTESIAN_POINT('',(-16.9,-23.31,23.1));
#19911 = DIRECTION('',(0.,0.,1.));
#19912 = DIRECTION('',(2.22044604925E-16,1.,0.));
#19913 = MANIFOLD_SOLID_BREP('',#19914);
#19914 = CLOSED_SHELL('',(#19915,#19955,#19995,#20017,#20039,#20051));
#19915 = ADVANCED_FACE('',(#19916),#19950,.F.);
#19916 = FACE_BOUND('',#19917,.F.);
#19917 = EDGE_LOOP('',(#19918,#19928,#19936,#19944));
#19918 = ORIENTED_EDGE('',*,*,#19919,.F.);
#19919 = EDGE_CURVE('',#19920,#19922,#19924,.T.);
#19920 = VERTEX_POINT('',#19921);
#19921 = CARTESIAN_POINT('',(-21.95,-19.95,-3.5));
#19922 = VERTEX_POINT('',#19923);
#19923 = CARTESIAN_POINT('',(-21.95,-19.95,1.6));
#19924 = LINE('',#19925,#19926);
#19925 = CARTESIAN_POINT('',(-21.95,-19.95,-3.5));
#19926 = VECTOR('',#19927,1.);
#19927 = DIRECTION('',(0.,0.,1.));
#19928 = ORIENTED_EDGE('',*,*,#19929,.T.);
#19929 = EDGE_CURVE('',#19920,#19930,#19932,.T.);
#19930 = VERTEX_POINT('',#19931);
#19931 = CARTESIAN_POINT('',(-21.95,-19.05,-3.5));
#19932 = LINE('',#19933,#19934);
#19933 = CARTESIAN_POINT('',(-21.95,-19.95,-3.5));
#19934 = VECTOR('',#19935,1.);
#19935 = DIRECTION('',(0.,1.,0.));
#19936 = ORIENTED_EDGE('',*,*,#19937,.T.);
#19937 = EDGE_CURVE('',#19930,#19938,#19940,.T.);
#19938 = VERTEX_POINT('',#19939);
#19939 = CARTESIAN_POINT('',(-21.95,-19.05,1.6));
#19940 = LINE('',#19941,#19942);
#19941 = CARTESIAN_POINT('',(-21.95,-19.05,-3.5));
#19942 = VECTOR('',#19943,1.);
#19943 = DIRECTION('',(0.,0.,1.));
#19944 = ORIENTED_EDGE('',*,*,#19945,.F.);
#19945 = EDGE_CURVE('',#19922,#19938,#19946,.T.);
#19946 = LINE('',#19947,#19948);
#19947 = CARTESIAN_POINT('',(-21.95,-19.95,1.6));
#19948 = VECTOR('',#19949,1.);
#19949 = DIRECTION('',(0.,1.,0.));
#19950 = PLANE('',#19951);
#19951 = AXIS2_PLACEMENT_3D('',#19952,#19953,#19954);
#19952 = CARTESIAN_POINT('',(-21.95,-19.95,-3.5));
#19953 = DIRECTION('',(1.,0.,0.));
#19954 = DIRECTION('',(0.,0.,1.));
#19955 = ADVANCED_FACE('',(#19956),#19990,.T.);
#19956 = FACE_BOUND('',#19957,.T.);
#19957 = EDGE_LOOP('',(#19958,#19968,#19976,#19984));
#19958 = ORIENTED_EDGE('',*,*,#19959,.F.);
#19959 = EDGE_CURVE('',#19960,#19962,#19964,.T.);
#19960 = VERTEX_POINT('',#19961);
#19961 = CARTESIAN_POINT('',(-21.05,-19.95,-3.5));
#19962 = VERTEX_POINT('',#19963);
#19963 = CARTESIAN_POINT('',(-21.05,-19.95,1.6));
#19964 = LINE('',#19965,#19966);
#19965 = CARTESIAN_POINT('',(-21.05,-19.95,-3.5));
#19966 = VECTOR('',#19967,1.);
#19967 = DIRECTION('',(0.,0.,1.));
#19968 = ORIENTED_EDGE('',*,*,#19969,.T.);
#19969 = EDGE_CURVE('',#19960,#19970,#19972,.T.);
#19970 = VERTEX_POINT('',#19971);
#19971 = CARTESIAN_POINT('',(-21.05,-19.05,-3.5));
#19972 = LINE('',#19973,#19974);
#19973 = CARTESIAN_POINT('',(-21.05,-19.95,-3.5));
#19974 = VECTOR('',#19975,1.);
#19975 = DIRECTION('',(0.,1.,0.));
#19976 = ORIENTED_EDGE('',*,*,#19977,.T.);
#19977 = EDGE_CURVE('',#19970,#19978,#19980,.T.);
#19978 = VERTEX_POINT('',#19979);
#19979 = CARTESIAN_POINT('',(-21.05,-19.05,1.6));
#19980 = LINE('',#19981,#19982);
#19981 = CARTESIAN_POINT('',(-21.05,-19.05,-3.5));
#19982 = VECTOR('',#19983,1.);
#19983 = DIRECTION('',(0.,0.,1.));
#19984 = ORIENTED_EDGE('',*,*,#19985,.F.);
#19985 = EDGE_CURVE('',#19962,#19978,#19986,.T.);
#19986 = LINE('',#19987,#19988);
#19987 = CARTESIAN_POINT('',(-21.05,-19.95,1.6));
#19988 = VECTOR('',#19989,1.);
#19989 = DIRECTION('',(0.,1.,0.));
#19990 = PLANE('',#19991);
#19991 = AXIS2_PLACEMENT_3D('',#19992,#19993,#19994);
#19992 = CARTESIAN_POINT('',(-21.05,-19.95,-3.5));
#19993 = DIRECTION('',(1.,0.,0.));
#19994 = DIRECTION('',(0.,0.,1.));
#19995 = ADVANCED_FACE('',(#19996),#20012,.F.);
#19996 = FACE_BOUND('',#19997,.F.);
#19997 = EDGE_LOOP('',(#19998,#20004,#20005,#20011));
#19998 = ORIENTED_EDGE('',*,*,#19999,.F.);
#19999 = EDGE_CURVE('',#19920,#19960,#20000,.T.);
#20000 = LINE('',#20001,#20002);
#20001 = CARTESIAN_POINT('',(-21.95,-19.95,-3.5));
#20002 = VECTOR('',#20003,1.);
#20003 = DIRECTION('',(1.,0.,0.));
#20004 = ORIENTED_EDGE('',*,*,#19919,.T.);
#20005 = ORIENTED_EDGE('',*,*,#20006,.T.);
#20006 = EDGE_CURVE('',#19922,#19962,#20007,.T.);
#20007 = LINE('',#20008,#20009);
#20008 = CARTESIAN_POINT('',(-21.95,-19.95,1.6));
#20009 = VECTOR('',#20010,1.);
#20010 = DIRECTION('',(1.,0.,0.));
#20011 = ORIENTED_EDGE('',*,*,#19959,.F.);
#20012 = PLANE('',#20013);
#20013 = AXIS2_PLACEMENT_3D('',#20014,#20015,#20016);
#20014 = CARTESIAN_POINT('',(-21.95,-19.95,-3.5));
#20015 = DIRECTION('',(0.,1.,0.));
#20016 = DIRECTION('',(0.,0.,1.));
#20017 = ADVANCED_FACE('',(#20018),#20034,.T.);
#20018 = FACE_BOUND('',#20019,.T.);
#20019 = EDGE_LOOP('',(#20020,#20026,#20027,#20033));
#20020 = ORIENTED_EDGE('',*,*,#20021,.F.);
#20021 = EDGE_CURVE('',#19930,#19970,#20022,.T.);
#20022 = LINE('',#20023,#20024);
#20023 = CARTESIAN_POINT('',(-21.95,-19.05,-3.5));
#20024 = VECTOR('',#20025,1.);
#20025 = DIRECTION('',(1.,0.,0.));
#20026 = ORIENTED_EDGE('',*,*,#19937,.T.);
#20027 = ORIENTED_EDGE('',*,*,#20028,.T.);
#20028 = EDGE_CURVE('',#19938,#19978,#20029,.T.);
#20029 = LINE('',#20030,#20031);
#20030 = CARTESIAN_POINT('',(-21.95,-19.05,1.6));
#20031 = VECTOR('',#20032,1.);
#20032 = DIRECTION('',(1.,0.,0.));
#20033 = ORIENTED_EDGE('',*,*,#19977,.F.);
#20034 = PLANE('',#20035);
#20035 = AXIS2_PLACEMENT_3D('',#20036,#20037,#20038);
#20036 = CARTESIAN_POINT('',(-21.95,-19.05,-3.5));
#20037 = DIRECTION('',(0.,1.,0.));
#20038 = DIRECTION('',(0.,0.,1.));
#20039 = ADVANCED_FACE('',(#20040),#20046,.F.);
#20040 = FACE_BOUND('',#20041,.F.);
#20041 = EDGE_LOOP('',(#20042,#20043,#20044,#20045));
#20042 = ORIENTED_EDGE('',*,*,#19929,.F.);
#20043 = ORIENTED_EDGE('',*,*,#19999,.T.);
#20044 = ORIENTED_EDGE('',*,*,#19969,.T.);
#20045 = ORIENTED_EDGE('',*,*,#20021,.F.);
#20046 = PLANE('',#20047);
#20047 = AXIS2_PLACEMENT_3D('',#20048,#20049,#20050);
#20048 = CARTESIAN_POINT('',(-21.95,-19.95,-3.5));
#20049 = DIRECTION('',(0.,0.,1.));
#20050 = DIRECTION('',(1.,0.,0.));
#20051 = ADVANCED_FACE('',(#20052),#20058,.T.);
#20052 = FACE_BOUND('',#20053,.T.);
#20053 = EDGE_LOOP('',(#20054,#20055,#20056,#20057));
#20054 = ORIENTED_EDGE('',*,*,#19945,.F.);
#20055 = ORIENTED_EDGE('',*,*,#20006,.T.);
#20056 = ORIENTED_EDGE('',*,*,#19985,.T.);
#20057 = ORIENTED_EDGE('',*,*,#20028,.F.);
#20058 = PLANE('',#20059);
#20059 = AXIS2_PLACEMENT_3D('',#20060,#20061,#20062);
#20060 = CARTESIAN_POINT('',(-21.95,-19.95,1.6));
#20061 = DIRECTION('',(0.,0.,1.));
#20062 = DIRECTION('',(1.,0.,0.));
#20063 = MANIFOLD_SOLID_BREP('',#20064);
#20064 = CLOSED_SHELL('',(#20065,#20105,#20145,#20167,#20189,#20201));
#20065 = ADVANCED_FACE('',(#20066),#20100,.F.);
#20066 = FACE_BOUND('',#20067,.F.);
#20067 = EDGE_LOOP('',(#20068,#20078,#20086,#20094));
#20068 = ORIENTED_EDGE('',*,*,#20069,.F.);
#20069 = EDGE_CURVE('',#20070,#20072,#20074,.T.);
#20070 = VERTEX_POINT('',#20071);
#20071 = CARTESIAN_POINT('',(-21.95,-12.33,-3.5));
#20072 = VERTEX_POINT('',#20073);
#20073 = CARTESIAN_POINT('',(-21.95,-12.33,1.6));
#20074 = LINE('',#20075,#20076);
#20075 = CARTESIAN_POINT('',(-21.95,-12.33,-3.5));
#20076 = VECTOR('',#20077,1.);
#20077 = DIRECTION('',(0.,0.,1.));
#20078 = ORIENTED_EDGE('',*,*,#20079,.T.);
#20079 = EDGE_CURVE('',#20070,#20080,#20082,.T.);
#20080 = VERTEX_POINT('',#20081);
#20081 = CARTESIAN_POINT('',(-21.95,-11.43,-3.5));
#20082 = LINE('',#20083,#20084);
#20083 = CARTESIAN_POINT('',(-21.95,-12.33,-3.5));
#20084 = VECTOR('',#20085,1.);
#20085 = DIRECTION('',(0.,1.,0.));
#20086 = ORIENTED_EDGE('',*,*,#20087,.T.);
#20087 = EDGE_CURVE('',#20080,#20088,#20090,.T.);
#20088 = VERTEX_POINT('',#20089);
#20089 = CARTESIAN_POINT('',(-21.95,-11.43,1.6));
#20090 = LINE('',#20091,#20092);
#20091 = CARTESIAN_POINT('',(-21.95,-11.43,-3.5));
#20092 = VECTOR('',#20093,1.);
#20093 = DIRECTION('',(0.,0.,1.));
#20094 = ORIENTED_EDGE('',*,*,#20095,.F.);
#20095 = EDGE_CURVE('',#20072,#20088,#20096,.T.);
#20096 = LINE('',#20097,#20098);
#20097 = CARTESIAN_POINT('',(-21.95,-12.33,1.6));
#20098 = VECTOR('',#20099,1.);
#20099 = DIRECTION('',(0.,1.,0.));
#20100 = PLANE('',#20101);
#20101 = AXIS2_PLACEMENT_3D('',#20102,#20103,#20104);
#20102 = CARTESIAN_POINT('',(-21.95,-12.33,-3.5));
#20103 = DIRECTION('',(1.,0.,0.));
#20104 = DIRECTION('',(0.,0.,1.));
#20105 = ADVANCED_FACE('',(#20106),#20140,.T.);
#20106 = FACE_BOUND('',#20107,.T.);
#20107 = EDGE_LOOP('',(#20108,#20118,#20126,#20134));
#20108 = ORIENTED_EDGE('',*,*,#20109,.F.);
#20109 = EDGE_CURVE('',#20110,#20112,#20114,.T.);
#20110 = VERTEX_POINT('',#20111);
#20111 = CARTESIAN_POINT('',(-21.05,-12.33,-3.5));
#20112 = VERTEX_POINT('',#20113);
#20113 = CARTESIAN_POINT('',(-21.05,-12.33,1.6));
#20114 = LINE('',#20115,#20116);
#20115 = CARTESIAN_POINT('',(-21.05,-12.33,-3.5));
#20116 = VECTOR('',#20117,1.);
#20117 = DIRECTION('',(0.,0.,1.));
#20118 = ORIENTED_EDGE('',*,*,#20119,.T.);
#20119 = EDGE_CURVE('',#20110,#20120,#20122,.T.);
#20120 = VERTEX_POINT('',#20121);
#20121 = CARTESIAN_POINT('',(-21.05,-11.43,-3.5));
#20122 = LINE('',#20123,#20124);
#20123 = CARTESIAN_POINT('',(-21.05,-12.33,-3.5));
#20124 = VECTOR('',#20125,1.);
#20125 = DIRECTION('',(0.,1.,0.));
#20126 = ORIENTED_EDGE('',*,*,#20127,.T.);
#20127 = EDGE_CURVE('',#20120,#20128,#20130,.T.);
#20128 = VERTEX_POINT('',#20129);
#20129 = CARTESIAN_POINT('',(-21.05,-11.43,1.6));
#20130 = LINE('',#20131,#20132);
#20131 = CARTESIAN_POINT('',(-21.05,-11.43,-3.5));
#20132 = VECTOR('',#20133,1.);
#20133 = DIRECTION('',(0.,0.,1.));
#20134 = ORIENTED_EDGE('',*,*,#20135,.F.);
#20135 = EDGE_CURVE('',#20112,#20128,#20136,.T.);
#20136 = LINE('',#20137,#20138);
#20137 = CARTESIAN_POINT('',(-21.05,-12.33,1.6));
#20138 = VECTOR('',#20139,1.);
#20139 = DIRECTION('',(0.,1.,0.));
#20140 = PLANE('',#20141);
#20141 = AXIS2_PLACEMENT_3D('',#20142,#20143,#20144);
#20142 = CARTESIAN_POINT('',(-21.05,-12.33,-3.5));
#20143 = DIRECTION('',(1.,0.,0.));
#20144 = DIRECTION('',(0.,0.,1.));
#20145 = ADVANCED_FACE('',(#20146),#20162,.F.);
#20146 = FACE_BOUND('',#20147,.F.);
#20147 = EDGE_LOOP('',(#20148,#20154,#20155,#20161));
#20148 = ORIENTED_EDGE('',*,*,#20149,.F.);
#20149 = EDGE_CURVE('',#20070,#20110,#20150,.T.);
#20150 = LINE('',#20151,#20152);
#20151 = CARTESIAN_POINT('',(-21.95,-12.33,-3.5));
#20152 = VECTOR('',#20153,1.);
#20153 = DIRECTION('',(1.,0.,0.));
#20154 = ORIENTED_EDGE('',*,*,#20069,.T.);
#20155 = ORIENTED_EDGE('',*,*,#20156,.T.);
#20156 = EDGE_CURVE('',#20072,#20112,#20157,.T.);
#20157 = LINE('',#20158,#20159);
#20158 = CARTESIAN_POINT('',(-21.95,-12.33,1.6));
#20159 = VECTOR('',#20160,1.);
#20160 = DIRECTION('',(1.,0.,0.));
#20161 = ORIENTED_EDGE('',*,*,#20109,.F.);
#20162 = PLANE('',#20163);
#20163 = AXIS2_PLACEMENT_3D('',#20164,#20165,#20166);
#20164 = CARTESIAN_POINT('',(-21.95,-12.33,-3.5));
#20165 = DIRECTION('',(0.,1.,0.));
#20166 = DIRECTION('',(0.,0.,1.));
#20167 = ADVANCED_FACE('',(#20168),#20184,.T.);
#20168 = FACE_BOUND('',#20169,.T.);
#20169 = EDGE_LOOP('',(#20170,#20176,#20177,#20183));
#20170 = ORIENTED_EDGE('',*,*,#20171,.F.);
#20171 = EDGE_CURVE('',#20080,#20120,#20172,.T.);
#20172 = LINE('',#20173,#20174);
#20173 = CARTESIAN_POINT('',(-21.95,-11.43,-3.5));
#20174 = VECTOR('',#20175,1.);
#20175 = DIRECTION('',(1.,0.,0.));
#20176 = ORIENTED_EDGE('',*,*,#20087,.T.);
#20177 = ORIENTED_EDGE('',*,*,#20178,.T.);
#20178 = EDGE_CURVE('',#20088,#20128,#20179,.T.);
#20179 = LINE('',#20180,#20181);
#20180 = CARTESIAN_POINT('',(-21.95,-11.43,1.6));
#20181 = VECTOR('',#20182,1.);
#20182 = DIRECTION('',(1.,0.,0.));
#20183 = ORIENTED_EDGE('',*,*,#20127,.F.);
#20184 = PLANE('',#20185);
#20185 = AXIS2_PLACEMENT_3D('',#20186,#20187,#20188);
#20186 = CARTESIAN_POINT('',(-21.95,-11.43,-3.5));
#20187 = DIRECTION('',(0.,1.,0.));
#20188 = DIRECTION('',(0.,0.,1.));
#20189 = ADVANCED_FACE('',(#20190),#20196,.F.);
#20190 = FACE_BOUND('',#20191,.F.);
#20191 = EDGE_LOOP('',(#20192,#20193,#20194,#20195));
#20192 = ORIENTED_EDGE('',*,*,#20079,.F.);
#20193 = ORIENTED_EDGE('',*,*,#20149,.T.);
#20194 = ORIENTED_EDGE('',*,*,#20119,.T.);
#20195 = ORIENTED_EDGE('',*,*,#20171,.F.);
#20196 = PLANE('',#20197);
#20197 = AXIS2_PLACEMENT_3D('',#20198,#20199,#20200);
#20198 = CARTESIAN_POINT('',(-21.95,-12.33,-3.5));
#20199 = DIRECTION('',(0.,0.,1.));
#20200 = DIRECTION('',(1.,0.,0.));
#20201 = ADVANCED_FACE('',(#20202),#20208,.T.);
#20202 = FACE_BOUND('',#20203,.T.);
#20203 = EDGE_LOOP('',(#20204,#20205,#20206,#20207));
#20204 = ORIENTED_EDGE('',*,*,#20095,.F.);
#20205 = ORIENTED_EDGE('',*,*,#20156,.T.);
#20206 = ORIENTED_EDGE('',*,*,#20135,.T.);
#20207 = ORIENTED_EDGE('',*,*,#20178,.F.);
#20208 = PLANE('',#20209);
#20209 = AXIS2_PLACEMENT_3D('',#20210,#20211,#20212);
#20210 = CARTESIAN_POINT('',(-21.95,-12.33,1.6));
#20211 = DIRECTION('',(0.,0.,1.));
#20212 = DIRECTION('',(1.,0.,0.));
#20213 = MANIFOLD_SOLID_BREP('',#20214);
#20214 = CLOSED_SHELL('',(#20215,#20255,#20295,#20317,#20339,#20351));
#20215 = ADVANCED_FACE('',(#20216),#20250,.F.);
#20216 = FACE_BOUND('',#20217,.F.);
#20217 = EDGE_LOOP('',(#20218,#20228,#20236,#20244));
#20218 = ORIENTED_EDGE('',*,*,#20219,.F.);
#20219 = EDGE_CURVE('',#20220,#20222,#20224,.T.);
#20220 = VERTEX_POINT('',#20221);
#20221 = CARTESIAN_POINT('',(29.325,5.45,1.6));
#20222 = VERTEX_POINT('',#20223);
#20223 = CARTESIAN_POINT('',(29.325,5.45,2.85));
#20224 = LINE('',#20225,#20226);
#20225 = CARTESIAN_POINT('',(29.325,5.45,1.6));
#20226 = VECTOR('',#20227,1.);
#20227 = DIRECTION('',(0.,0.,1.));
#20228 = ORIENTED_EDGE('',*,*,#20229,.T.);
#20229 = EDGE_CURVE('',#20220,#20230,#20232,.T.);
#20230 = VERTEX_POINT('',#20231);
#20231 = CARTESIAN_POINT('',(29.325,7.55,1.6));
#20232 = LINE('',#20233,#20234);
#20233 = CARTESIAN_POINT('',(29.325,5.45,1.6));
#20234 = VECTOR('',#20235,1.);
#20235 = DIRECTION('',(0.,1.,0.));
#20236 = ORIENTED_EDGE('',*,*,#20237,.T.);
#20237 = EDGE_CURVE('',#20230,#20238,#20240,.T.);
#20238 = VERTEX_POINT('',#20239);
#20239 = CARTESIAN_POINT('',(29.325,7.55,2.85));
#20240 = LINE('',#20241,#20242);
#20241 = CARTESIAN_POINT('',(29.325,7.55,1.6));
#20242 = VECTOR('',#20243,1.);
#20243 = DIRECTION('',(0.,0.,1.));
#20244 = ORIENTED_EDGE('',*,*,#20245,.F.);
#20245 = EDGE_CURVE('',#20222,#20238,#20246,.T.);
#20246 = LINE('',#20247,#20248);
#20247 = CARTESIAN_POINT('',(29.325,5.45,2.85));
#20248 = VECTOR('',#20249,1.);
#20249 = DIRECTION('',(0.,1.,0.));
#20250 = PLANE('',#20251);
#20251 = AXIS2_PLACEMENT_3D('',#20252,#20253,#20254);
#20252 = CARTESIAN_POINT('',(29.325,5.45,1.6));
#20253 = DIRECTION('',(1.,0.,0.));
#20254 = DIRECTION('',(0.,0.,1.));
#20255 = ADVANCED_FACE('',(#20256),#20290,.T.);
#20256 = FACE_BOUND('',#20257,.T.);
#20257 = EDGE_LOOP('',(#20258,#20268,#20276,#20284));
#20258 = ORIENTED_EDGE('',*,*,#20259,.F.);
#20259 = EDGE_CURVE('',#20260,#20262,#20264,.T.);
#20260 = VERTEX_POINT('',#20261);
#20261 = CARTESIAN_POINT('',(30.675,5.45,1.6));
#20262 = VERTEX_POINT('',#20263);
#20263 = CARTESIAN_POINT('',(30.675,5.45,2.85));
#20264 = LINE('',#20265,#20266);
#20265 = CARTESIAN_POINT('',(30.675,5.45,1.6));
#20266 = VECTOR('',#20267,1.);
#20267 = DIRECTION('',(0.,0.,1.));
#20268 = ORIENTED_EDGE('',*,*,#20269,.T.);
#20269 = EDGE_CURVE('',#20260,#20270,#20272,.T.);
#20270 = VERTEX_POINT('',#20271);
#20271 = CARTESIAN_POINT('',(30.675,7.55,1.6));
#20272 = LINE('',#20273,#20274);
#20273 = CARTESIAN_POINT('',(30.675,5.45,1.6));
#20274 = VECTOR('',#20275,1.);
#20275 = DIRECTION('',(0.,1.,0.));
#20276 = ORIENTED_EDGE('',*,*,#20277,.T.);
#20277 = EDGE_CURVE('',#20270,#20278,#20280,.T.);
#20278 = VERTEX_POINT('',#20279);
#20279 = CARTESIAN_POINT('',(30.675,7.55,2.85));
#20280 = LINE('',#20281,#20282);
#20281 = CARTESIAN_POINT('',(30.675,7.55,1.6));
#20282 = VECTOR('',#20283,1.);
#20283 = DIRECTION('',(0.,0.,1.));
#20284 = ORIENTED_EDGE('',*,*,#20285,.F.);
#20285 = EDGE_CURVE('',#20262,#20278,#20286,.T.);
#20286 = LINE('',#20287,#20288);
#20287 = CARTESIAN_POINT('',(30.675,5.45,2.85));
#20288 = VECTOR('',#20289,1.);
#20289 = DIRECTION('',(0.,1.,0.));
#20290 = PLANE('',#20291);
#20291 = AXIS2_PLACEMENT_3D('',#20292,#20293,#20294);
#20292 = CARTESIAN_POINT('',(30.675,5.45,1.6));
#20293 = DIRECTION('',(1.,0.,0.));
#20294 = DIRECTION('',(0.,0.,1.));
#20295 = ADVANCED_FACE('',(#20296),#20312,.F.);
#20296 = FACE_BOUND('',#20297,.F.);
#20297 = EDGE_LOOP('',(#20298,#20304,#20305,#20311));
#20298 = ORIENTED_EDGE('',*,*,#20299,.F.);
#20299 = EDGE_CURVE('',#20220,#20260,#20300,.T.);
#20300 = LINE('',#20301,#20302);
#20301 = CARTESIAN_POINT('',(29.325,5.45,1.6));
#20302 = VECTOR('',#20303,1.);
#20303 = DIRECTION('',(1.,0.,0.));
#20304 = ORIENTED_EDGE('',*,*,#20219,.T.);
#20305 = ORIENTED_EDGE('',*,*,#20306,.T.);
#20306 = EDGE_CURVE('',#20222,#20262,#20307,.T.);
#20307 = LINE('',#20308,#20309);
#20308 = CARTESIAN_POINT('',(29.325,5.45,2.85));
#20309 = VECTOR('',#20310,1.);
#20310 = DIRECTION('',(1.,0.,0.));
#20311 = ORIENTED_EDGE('',*,*,#20259,.F.);
#20312 = PLANE('',#20313);
#20313 = AXIS2_PLACEMENT_3D('',#20314,#20315,#20316);
#20314 = CARTESIAN_POINT('',(29.325,5.45,1.6));
#20315 = DIRECTION('',(0.,1.,0.));
#20316 = DIRECTION('',(0.,0.,1.));
#20317 = ADVANCED_FACE('',(#20318),#20334,.T.);
#20318 = FACE_BOUND('',#20319,.T.);
#20319 = EDGE_LOOP('',(#20320,#20326,#20327,#20333));
#20320 = ORIENTED_EDGE('',*,*,#20321,.F.);
#20321 = EDGE_CURVE('',#20230,#20270,#20322,.T.);
#20322 = LINE('',#20323,#20324);
#20323 = CARTESIAN_POINT('',(29.325,7.55,1.6));
#20324 = VECTOR('',#20325,1.);
#20325 = DIRECTION('',(1.,0.,0.));
#20326 = ORIENTED_EDGE('',*,*,#20237,.T.);
#20327 = ORIENTED_EDGE('',*,*,#20328,.T.);
#20328 = EDGE_CURVE('',#20238,#20278,#20329,.T.);
#20329 = LINE('',#20330,#20331);
#20330 = CARTESIAN_POINT('',(29.325,7.55,2.85));
#20331 = VECTOR('',#20332,1.);
#20332 = DIRECTION('',(1.,0.,0.));
#20333 = ORIENTED_EDGE('',*,*,#20277,.F.);
#20334 = PLANE('',#20335);
#20335 = AXIS2_PLACEMENT_3D('',#20336,#20337,#20338);
#20336 = CARTESIAN_POINT('',(29.325,7.55,1.6));
#20337 = DIRECTION('',(0.,1.,0.));
#20338 = DIRECTION('',(0.,0.,1.));
#20339 = ADVANCED_FACE('',(#20340),#20346,.F.);
#20340 = FACE_BOUND('',#20341,.F.);
#20341 = EDGE_LOOP('',(#20342,#20343,#20344,#20345));
#20342 = ORIENTED_EDGE('',*,*,#20229,.F.);
#20343 = ORIENTED_EDGE('',*,*,#20299,.T.);
#20344 = ORIENTED_EDGE('',*,*,#20269,.T.);
#20345 = ORIENTED_EDGE('',*,*,#20321,.F.);
#20346 = PLANE('',#20347);
#20347 = AXIS2_PLACEMENT_3D('',#20348,#20349,#20350);
#20348 = CARTESIAN_POINT('',(29.325,5.45,1.6));
#20349 = DIRECTION('',(0.,0.,1.));
#20350 = DIRECTION('',(1.,0.,0.));
#20351 = ADVANCED_FACE('',(#20352),#20358,.T.);
#20352 = FACE_BOUND('',#20353,.T.);
#20353 = EDGE_LOOP('',(#20354,#20355,#20356,#20357));
#20354 = ORIENTED_EDGE('',*,*,#20245,.F.);
#20355 = ORIENTED_EDGE('',*,*,#20306,.T.);
#20356 = ORIENTED_EDGE('',*,*,#20285,.T.);
#20357 = ORIENTED_EDGE('',*,*,#20328,.F.);
#20358 = PLANE('',#20359);
#20359 = AXIS2_PLACEMENT_3D('',#20360,#20361,#20362);
#20360 = CARTESIAN_POINT('',(29.325,5.45,2.85));
#20361 = DIRECTION('',(0.,0.,1.));
#20362 = DIRECTION('',(1.,0.,0.));
#20363 = MANIFOLD_SOLID_BREP('',#20364);
#20364 = CLOSED_SHELL('',(#20365,#20398,#20407));
#20365 = ADVANCED_FACE('',(#20366),#20393,.T.);
#20366 = FACE_BOUND('',#20367,.T.);
#20367 = EDGE_LOOP('',(#20368,#20377,#20385,#20392));
#20368 = ORIENTED_EDGE('',*,*,#20369,.F.);
#20369 = EDGE_CURVE('',#20370,#20370,#20372,.T.);
#20370 = VERTEX_POINT('',#20371);
#20371 = CARTESIAN_POINT('',(-33.1,-14.65,-1.5));
#20372 = CIRCLE('',#20373,2.9);
#20373 = AXIS2_PLACEMENT_3D('',#20374,#20375,#20376);
#20374 = CARTESIAN_POINT('',(-33.1,-14.65,-4.4));
#20375 = DIRECTION('',(0.,1.,0.));
#20376 = DIRECTION('',(0.,0.,1.));
#20377 = ORIENTED_EDGE('',*,*,#20378,.F.);
#20378 = EDGE_CURVE('',#20379,#20370,#20381,.T.);
#20379 = VERTEX_POINT('',#20380);
#20380 = CARTESIAN_POINT('',(-33.1,-37.15,-1.5));
#20381 = LINE('',#20382,#20383);
#20382 = CARTESIAN_POINT('',(-33.1,-37.15,-1.5));
#20383 = VECTOR('',#20384,1.);
#20384 = DIRECTION('',(0.,1.,0.));
#20385 = ORIENTED_EDGE('',*,*,#20386,.T.);
#20386 = EDGE_CURVE('',#20379,#20379,#20387,.T.);
#20387 = CIRCLE('',#20388,2.9);
#20388 = AXIS2_PLACEMENT_3D('',#20389,#20390,#20391);
#20389 = CARTESIAN_POINT('',(-33.1,-37.15,-4.4));
#20390 = DIRECTION('',(0.,1.,0.));
#20391 = DIRECTION('',(0.,0.,1.));
#20392 = ORIENTED_EDGE('',*,*,#20378,.T.);
#20393 = CYLINDRICAL_SURFACE('',#20394,2.9);
#20394 = AXIS2_PLACEMENT_3D('',#20395,#20396,#20397);
#20395 = CARTESIAN_POINT('',(-33.1,-37.15,-4.4));
#20396 = DIRECTION('',(0.,1.,0.));
#20397 = DIRECTION('',(0.,0.,1.));
#20398 = ADVANCED_FACE('',(#20399),#20402,.T.);
#20399 = FACE_BOUND('',#20400,.T.);
#20400 = EDGE_LOOP('',(#20401));
#20401 = ORIENTED_EDGE('',*,*,#20369,.T.);
#20402 = PLANE('',#20403);
#20403 = AXIS2_PLACEMENT_3D('',#20404,#20405,#20406);
#20404 = CARTESIAN_POINT('',(-33.1,-14.65,-4.4));
#20405 = DIRECTION('',(0.,1.,0.));
#20406 = DIRECTION('',(0.,0.,1.));
#20407 = ADVANCED_FACE('',(#20408),#20411,.F.);
#20408 = FACE_BOUND('',#20409,.T.);
#20409 = EDGE_LOOP('',(#20410));
#20410 = ORIENTED_EDGE('',*,*,#20386,.F.);
#20411 = PLANE('',#20412);
#20412 = AXIS2_PLACEMENT_3D('',#20413,#20414,#20415);
#20413 = CARTESIAN_POINT('',(-33.1,-37.15,-4.4));
#20414 = DIRECTION('',(0.,1.,0.));
#20415 = DIRECTION('',(0.,0.,1.));
#20416 = MANIFOLD_SOLID_BREP('',#20417);
#20417 = CLOSED_SHELL('',(#20418,#20451,#20477,#20502,#20511));
#20418 = ADVANCED_FACE('',(#20419),#20446,.T.);
#20419 = FACE_BOUND('',#20420,.T.);
#20420 = EDGE_LOOP('',(#20421,#20431,#20438,#20439));
#20421 = ORIENTED_EDGE('',*,*,#20422,.T.);
#20422 = EDGE_CURVE('',#20423,#20425,#20427,.T.);
#20423 = VERTEX_POINT('',#20424);
#20424 = CARTESIAN_POINT('',(-32.775,-37.15,-4.4));
#20425 = VERTEX_POINT('',#20426);
#20426 = CARTESIAN_POINT('',(-32.775,-38.65,-4.4));
#20427 = LINE('',#20428,#20429);
#20428 = CARTESIAN_POINT('',(-32.775,-37.15,-4.4));
#20429 = VECTOR('',#20430,1.);
#20430 = DIRECTION('',(0.,-1.,0.));
#20431 = ORIENTED_EDGE('',*,*,#20432,.F.);
#20432 = EDGE_CURVE('',#20425,#20425,#20433,.T.);
#20433 = CIRCLE('',#20434,0.325);
#20434 = AXIS2_PLACEMENT_3D('',#20435,#20436,#20437);
#20435 = CARTESIAN_POINT('',(-33.1,-38.65,-4.4));
#20436 = DIRECTION('',(0.,-1.,0.));
#20437 = DIRECTION('',(1.,0.,0.));
#20438 = ORIENTED_EDGE('',*,*,#20422,.F.);
#20439 = ORIENTED_EDGE('',*,*,#20440,.T.);
#20440 = EDGE_CURVE('',#20423,#20423,#20441,.T.);
#20441 = CIRCLE('',#20442,0.325);
#20442 = AXIS2_PLACEMENT_3D('',#20443,#20444,#20445);
#20443 = CARTESIAN_POINT('',(-33.1,-37.15,-4.4));
#20444 = DIRECTION('',(0.,-1.,0.));
#20445 = DIRECTION('',(1.,0.,0.));
#20446 = CYLINDRICAL_SURFACE('',#20447,0.325);
#20447 = AXIS2_PLACEMENT_3D('',#20448,#20449,#20450);
#20448 = CARTESIAN_POINT('',(-33.1,-37.15,-4.4));
#20449 = DIRECTION('',(0.,-1.,0.));
#20450 = DIRECTION('',(1.,0.,0.));
#20451 = ADVANCED_FACE('',(#20452),#20472,.T.);
#20452 = FACE_BOUND('',#20453,.T.);
#20453 = EDGE_LOOP('',(#20454,#20463,#20470,#20471));
#20454 = ORIENTED_EDGE('',*,*,#20455,.T.);
#20455 = EDGE_CURVE('',#20425,#20456,#20458,.T.);
#20456 = VERTEX_POINT('',#20457);
#20457 = CARTESIAN_POINT('',(-32.775,-40.9,-2.15));
#20458 = CIRCLE('',#20459,2.25);
#20459 = AXIS2_PLACEMENT_3D('',#20460,#20461,#20462);
#20460 = CARTESIAN_POINT('',(-32.775,-38.65,-2.15));
#20461 = DIRECTION('',(-1.,-0.,-0.));
#20462 = DIRECTION('',(0.,0.,-1.));
#20463 = ORIENTED_EDGE('',*,*,#20464,.T.);
#20464 = EDGE_CURVE('',#20456,#20456,#20465,.T.);
#20465 = CIRCLE('',#20466,0.325);
#20466 = AXIS2_PLACEMENT_3D('',#20467,#20468,#20469);
#20467 = CARTESIAN_POINT('',(-33.1,-40.9,-2.15));
#20468 = DIRECTION('',(0.,1.171455364583E-15,-1.));
#20469 = DIRECTION('',(0.,-1.,-1.171455364583E-15));
#20470 = ORIENTED_EDGE('',*,*,#20455,.F.);
#20471 = ORIENTED_EDGE('',*,*,#20432,.T.);
#20472 = TOROIDAL_SURFACE('',#20473,2.25,0.325);
#20473 = AXIS2_PLACEMENT_3D('',#20474,#20475,#20476);
#20474 = CARTESIAN_POINT('',(-33.1,-38.65,-2.15));
#20475 = DIRECTION('',(-1.,-0.,-0.));
#20476 = DIRECTION('',(0.,0.,-1.));
#20477 = ADVANCED_FACE('',(#20478),#20497,.T.);
#20478 = FACE_BOUND('',#20479,.T.);
#20479 = EDGE_LOOP('',(#20480,#20488,#20495,#20496));
#20480 = ORIENTED_EDGE('',*,*,#20481,.T.);
#20481 = EDGE_CURVE('',#20456,#20482,#20484,.T.);
#20482 = VERTEX_POINT('',#20483);
#20483 = CARTESIAN_POINT('',(-32.775,-40.9,2.2));
#20484 = LINE('',#20485,#20486);
#20485 = CARTESIAN_POINT('',(-32.775,-40.9,-2.15));
#20486 = VECTOR('',#20487,1.);
#20487 = DIRECTION('',(0.,0.,1.));
#20488 = ORIENTED_EDGE('',*,*,#20489,.F.);
#20489 = EDGE_CURVE('',#20482,#20482,#20490,.T.);
#20490 = CIRCLE('',#20491,0.325);
#20491 = AXIS2_PLACEMENT_3D('',#20492,#20493,#20494);
#20492 = CARTESIAN_POINT('',(-33.1,-40.9,2.2));
#20493 = DIRECTION('',(0.,0.,1.));
#20494 = DIRECTION('',(1.,0.,0.));
#20495 = ORIENTED_EDGE('',*,*,#20481,.F.);
#20496 = ORIENTED_EDGE('',*,*,#20464,.F.);
#20497 = CYLINDRICAL_SURFACE('',#20498,0.325);
#20498 = AXIS2_PLACEMENT_3D('',#20499,#20500,#20501);
#20499 = CARTESIAN_POINT('',(-33.1,-40.9,-2.15));
#20500 = DIRECTION('',(0.,0.,1.));
#20501 = DIRECTION('',(1.,0.,0.));
#20502 = ADVANCED_FACE('',(#20503),#20506,.F.);
#20503 = FACE_BOUND('',#20504,.F.);
#20504 = EDGE_LOOP('',(#20505));
#20505 = ORIENTED_EDGE('',*,*,#20440,.T.);
#20506 = PLANE('',#20507);
#20507 = AXIS2_PLACEMENT_3D('',#20508,#20509,#20510);
#20508 = CARTESIAN_POINT('',(-33.1,-37.15,-4.4));
#20509 = DIRECTION('',(-0.,-1.,-0.));
#20510 = DIRECTION('',(0.,0.,-1.));
#20511 = ADVANCED_FACE('',(#20512),#20515,.T.);
#20512 = FACE_BOUND('',#20513,.T.);
#20513 = EDGE_LOOP('',(#20514));
#20514 = ORIENTED_EDGE('',*,*,#20489,.T.);
#20515 = PLANE('',#20516);
#20516 = AXIS2_PLACEMENT_3D('',#20517,#20518,#20519);
#20517 = CARTESIAN_POINT('',(-33.1,-40.9,2.2));
#20518 = DIRECTION('',(0.,0.,1.));
#20519 = DIRECTION('',(1.,0.,0.));
#20520 = MANIFOLD_SOLID_BREP('',#20521);
#20521 = CLOSED_SHELL('',(#20522,#20555,#20581,#20606,#20615));
#20522 = ADVANCED_FACE('',(#20523),#20550,.T.);
#20523 = FACE_BOUND('',#20524,.T.);
#20524 = EDGE_LOOP('',(#20525,#20535,#20542,#20543));
#20525 = ORIENTED_EDGE('',*,*,#20526,.T.);
#20526 = EDGE_CURVE('',#20527,#20529,#20531,.T.);
#20527 = VERTEX_POINT('',#20528);
#20528 = CARTESIAN_POINT('',(-32.775,-14.65,-4.4));
#20529 = VERTEX_POINT('',#20530);
#20530 = CARTESIAN_POINT('',(-32.775,-13.15,-4.4));
#20531 = LINE('',#20532,#20533);
#20532 = CARTESIAN_POINT('',(-32.775,-14.65,-4.4));
#20533 = VECTOR('',#20534,1.);
#20534 = DIRECTION('',(0.,1.,0.));
#20535 = ORIENTED_EDGE('',*,*,#20536,.F.);
#20536 = EDGE_CURVE('',#20529,#20529,#20537,.T.);
#20537 = CIRCLE('',#20538,0.325);
#20538 = AXIS2_PLACEMENT_3D('',#20539,#20540,#20541);
#20539 = CARTESIAN_POINT('',(-33.1,-13.15,-4.4));
#20540 = DIRECTION('',(-0.,1.,0.));
#20541 = DIRECTION('',(1.,0.,0.));
#20542 = ORIENTED_EDGE('',*,*,#20526,.F.);
#20543 = ORIENTED_EDGE('',*,*,#20544,.T.);
#20544 = EDGE_CURVE('',#20527,#20527,#20545,.T.);
#20545 = CIRCLE('',#20546,0.325);
#20546 = AXIS2_PLACEMENT_3D('',#20547,#20548,#20549);
#20547 = CARTESIAN_POINT('',(-33.1,-14.65,-4.4));
#20548 = DIRECTION('',(-0.,1.,0.));
#20549 = DIRECTION('',(1.,0.,0.));
#20550 = CYLINDRICAL_SURFACE('',#20551,0.325);
#20551 = AXIS2_PLACEMENT_3D('',#20552,#20553,#20554);
#20552 = CARTESIAN_POINT('',(-33.1,-14.65,-4.4));
#20553 = DIRECTION('',(0.,1.,0.));
#20554 = DIRECTION('',(1.,0.,0.));
#20555 = ADVANCED_FACE('',(#20556),#20576,.T.);
#20556 = FACE_BOUND('',#20557,.T.);
#20557 = EDGE_LOOP('',(#20558,#20567,#20574,#20575));
#20558 = ORIENTED_EDGE('',*,*,#20559,.T.);
#20559 = EDGE_CURVE('',#20529,#20560,#20562,.T.);
#20560 = VERTEX_POINT('',#20561);
#20561 = CARTESIAN_POINT('',(-32.775,-10.9,-2.15));
#20562 = CIRCLE('',#20563,2.25);
#20563 = AXIS2_PLACEMENT_3D('',#20564,#20565,#20566);
#20564 = CARTESIAN_POINT('',(-32.775,-13.15,-2.15));
#20565 = DIRECTION('',(1.,-0.,0.));
#20566 = DIRECTION('',(0.,0.,-1.));
#20567 = ORIENTED_EDGE('',*,*,#20568,.T.);
#20568 = EDGE_CURVE('',#20560,#20560,#20569,.T.);
#20569 = CIRCLE('',#20570,0.325);
#20570 = AXIS2_PLACEMENT_3D('',#20571,#20572,#20573);
#20571 = CARTESIAN_POINT('',(-33.1,-10.9,-2.15));
#20572 = DIRECTION('',(0.,3.828568698927E-16,-1.));
#20573 = DIRECTION('',(0.,1.,3.828568698927E-16));
#20574 = ORIENTED_EDGE('',*,*,#20559,.F.);
#20575 = ORIENTED_EDGE('',*,*,#20536,.T.);
#20576 = TOROIDAL_SURFACE('',#20577,2.25,0.325);
#20577 = AXIS2_PLACEMENT_3D('',#20578,#20579,#20580);
#20578 = CARTESIAN_POINT('',(-33.1,-13.15,-2.15));
#20579 = DIRECTION('',(1.,0.,0.));
#20580 = DIRECTION('',(0.,0.,-1.));
#20581 = ADVANCED_FACE('',(#20582),#20601,.T.);
#20582 = FACE_BOUND('',#20583,.T.);
#20583 = EDGE_LOOP('',(#20584,#20592,#20599,#20600));
#20584 = ORIENTED_EDGE('',*,*,#20585,.T.);
#20585 = EDGE_CURVE('',#20560,#20586,#20588,.T.);
#20586 = VERTEX_POINT('',#20587);
#20587 = CARTESIAN_POINT('',(-32.775,-10.9,2.2));
#20588 = LINE('',#20589,#20590);
#20589 = CARTESIAN_POINT('',(-32.775,-10.9,-2.15));
#20590 = VECTOR('',#20591,1.);
#20591 = DIRECTION('',(0.,0.,1.));
#20592 = ORIENTED_EDGE('',*,*,#20593,.F.);
#20593 = EDGE_CURVE('',#20586,#20586,#20594,.T.);
#20594 = CIRCLE('',#20595,0.325);
#20595 = AXIS2_PLACEMENT_3D('',#20596,#20597,#20598);
#20596 = CARTESIAN_POINT('',(-33.1,-10.9,2.2));
#20597 = DIRECTION('',(0.,0.,1.));
#20598 = DIRECTION('',(1.,0.,0.));
#20599 = ORIENTED_EDGE('',*,*,#20585,.F.);
#20600 = ORIENTED_EDGE('',*,*,#20568,.F.);
#20601 = CYLINDRICAL_SURFACE('',#20602,0.325);
#20602 = AXIS2_PLACEMENT_3D('',#20603,#20604,#20605);
#20603 = CARTESIAN_POINT('',(-33.1,-10.9,-2.15));
#20604 = DIRECTION('',(0.,0.,1.));
#20605 = DIRECTION('',(1.,0.,0.));
#20606 = ADVANCED_FACE('',(#20607),#20610,.F.);
#20607 = FACE_BOUND('',#20608,.F.);
#20608 = EDGE_LOOP('',(#20609));
#20609 = ORIENTED_EDGE('',*,*,#20544,.T.);
#20610 = PLANE('',#20611);
#20611 = AXIS2_PLACEMENT_3D('',#20612,#20613,#20614);
#20612 = CARTESIAN_POINT('',(-33.1,-14.65,-4.4));
#20613 = DIRECTION('',(0.,1.,0.));
#20614 = DIRECTION('',(0.,0.,1.));
#20615 = ADVANCED_FACE('',(#20616),#20619,.T.);
#20616 = FACE_BOUND('',#20617,.T.);
#20617 = EDGE_LOOP('',(#20618));
#20618 = ORIENTED_EDGE('',*,*,#20593,.T.);
#20619 = PLANE('',#20620);
#20620 = AXIS2_PLACEMENT_3D('',#20621,#20622,#20623);
#20621 = CARTESIAN_POINT('',(-33.1,-10.9,2.2));
#20622 = DIRECTION('',(0.,0.,1.));
#20623 = DIRECTION('',(1.,0.,0.));
#20624 = ( GEOMETRIC_REPRESENTATION_CONTEXT(3) 
GLOBAL_UNCERTAINTY_ASSIGNED_CONTEXT((#20628)) 
GLOBAL_UNIT_ASSIGNED_CONTEXT((#20625,#20626,#20627)) 
REPRESENTATION_CONTEXT('Context #1',
  '3D Context with UNIT and UNCERTAINTY') );
#20625 = ( LENGTH_UNIT() NAMED_UNIT(*) SI_UNIT(.MILLI.,.METRE.) );
#20626 = ( NAMED_UNIT(*) PLANE_ANGLE_UNIT() SI_UNIT($,.RADIAN.) );
#20627 = ( NAMED_UNIT(*) SI_UNIT($,.STERADIAN.) SOLID_ANGLE_UNIT() );
#20628 = UNCERTAINTY_MEASURE_WITH_UNIT(LENGTH_MEASURE(1.E-07),#20625,
  'distance_accuracy_value','confusion accuracy');
#20629 = PRODUCT_RELATED_PRODUCT_CATEGORY('part',$,(#7));
ENDSEC;
END-ISO-10303-21;
